ISO-10303-21;
HEADER;
FILE_DESCRIPTION(('Open CASCADE Model'),'2;1');
FILE_NAME('Open CASCADE Shape Model','2026-08-25T11:48:28',('Author'),(
    'Open CASCADE'),'Open CASCADE STEP processor 7.9','build123d',
  'Unknown');
FILE_SCHEMA(('AUTOMOTIVE_DESIGN { 1 0 10303 214 1 1 1 1 }'));
ENDSEC;
DATA;
#1 = APPLICATION_PROTOCOL_DEFINITION('international standard',
  'automotive_design',2000,#2);
#2 = APPLICATION_CONTEXT(
  'core data for automotive mechanical design processes');
#3 = SHAPE_DEFINITION_REPRESENTATION(#4,#10);
#4 = PRODUCT_DEFINITION_SHAPE('','',#5);
#5 = PRODUCT_DEFINITION('design','',#6,#9);
#6 = PRODUCT_DEFINITION_FORMATION('','',#7);
#7 = PRODUCT('COMPOUND','COMPOUND','',(#8));
#8 = PRODUCT_CONTEXT('',#2,'mechanical');
#9 = PRODUCT_DEFINITION_CONTEXT('part definition',#2,'design');
#10 = ADVANCED_BREP_SHAPE_REPRESENTATION('',(#11,#15),#11518);
#11 = AXIS2_PLACEMENT_3D('',#12,#13,#14);
#12 = CARTESIAN_POINT('',(0.,0.,0.));
#13 = DIRECTION('',(0.,0.,1.));
#14 = DIRECTION('',(1.,0.,-0.));
#15 = MANIFOLD_SOLID_BREP('',#16);
#16 = CLOSED_SHELL('',(#17,#209,#287,#449,#1382,#1517,#1600,#1742,#1874,
    #1949,#2025,#2278,#2508,#2580,#2630,#2680,#2752,#2827,#2835,#2862,
    #3197,#3273,#3349,#3537,#5260,#5331,#5380,#5429,#5478,#5527,#5576,
    #5625,#5674,#5723,#5772,#5821,#5870,#5919,#5968,#6017,#6066,#6115,
    #6164,#6213,#6262,#6311,#6360,#6409,#6458,#6507,#6556,#6605,#6654,
    #6703,#6752,#6801,#6850,#6899,#6948,#6997,#7046,#7095,#7144,#7193,
    #7242,#7291,#7340,#7389,#7438,#7515,#7569,#7692,#7696,#7702,#7773,
    #7822,#7871,#7947,#7996,#8045,#8095,#8312,#8365,#8446,#8527,#8723,
    #8777,#8781,#8905,#8972,#9041,#9095,#9130,#9184,#9188,#9215,#9241,
    #9319,#9390,#9587,#9663,#9763,#9964,#9999,#10133,#10190,#10243,
    #10269,#10276,#10324,#10349,#10397,#10422,#10470,#10498,#10527,
    #10556,#10584,#10591,#10642,#10654,#10680,#10707,#10734,#10791,
    #10840,#10867,#10914,#11000,#11007,#11071,#11120,#11295,#11368,
    #11380,#11427,#11456,#11485,#11511));
#17 = ADVANCED_FACE('',(#18),#45,.T.);
#18 = FACE_BOUND('',#19,.T.);
#19 = EDGE_LOOP('',(#20,#125,#154,#182));
#20 = ORIENTED_EDGE('',*,*,#21,.F.);
#21 = EDGE_CURVE('',#22,#24,#26,.T.);
#22 = VERTEX_POINT('',#23);
#23 = CARTESIAN_POINT('',(-20.,-9.5,0.));
#24 = VERTEX_POINT('',#25);
#25 = CARTESIAN_POINT('',(-22.06926855054,-7.5,0.));
#26 = SURFACE_CURVE('',#27,(#44,#100),.PCURVE_S1.);
#27 = B_SPLINE_CURVE_WITH_KNOTS('',3,(#28,#29,#30,#31,#32,#33,#34,#35,
    #36,#37,#38,#39,#40,#41,#42,#43),.UNSPECIFIED.,.F.,.F.,(4,2,2,2,2,2,
    2,4),(0.,3.972465898111E-04,7.944931796222E-04,1.191739769433E-03,
    1.588986359244E-03,2.383479538867E-03,2.780726128678E-03,
    3.177972718489E-03),.UNSPECIFIED.);
#28 = CARTESIAN_POINT('',(-20.,-9.5,0.));
#29 = CARTESIAN_POINT('',(-20.,-9.365645778076,0.));
#30 = CARTESIAN_POINT('',(-20.0139072649,-9.233680057573,0.));
#31 = CARTESIAN_POINT('',(-20.06827257822,-8.974308577471,0.));
#32 = CARTESIAN_POINT('',(-20.10946631911,-8.845505640444,0.));
#33 = CARTESIAN_POINT('',(-20.21602247329,-8.601636498746,0.));
#34 = CARTESIAN_POINT('',(-20.28107102255,-8.486224572636,0.));
#35 = CARTESIAN_POINT('',(-20.43435181601,-8.268248038994,0.));
#36 = CARTESIAN_POINT('',(-20.52263518052,-8.166224745377,0.));
#37 = CARTESIAN_POINT('',(-20.81081490389,-7.89227151395,0.));
#38 = CARTESIAN_POINT('',(-21.04100675164,-7.746268321214,0.));
#39 = CARTESIAN_POINT('',(-21.41070045061,-7.600047491377,0.));
#40 = CARTESIAN_POINT('',(-21.54007355625,-7.56247443516,0.));
#41 = CARTESIAN_POINT('',(-21.80236131314,-7.51257478307,0.));
#42 = CARTESIAN_POINT('',(-21.9350367782,-7.5,0.));
#43 = CARTESIAN_POINT('',(-22.06926855054,-7.5,0.));
#44 = PCURVE('',#45,#50);
#45 = TOROIDAL_SURFACE('',#46,25.3385276,2.);
#46 = AXIS2_PLACEMENT_3D('',#47,#48,#49);
#47 = CARTESIAN_POINT('',(2.489163605449,-9.5,-6.238941380745));
#48 = DIRECTION('',(0.,1.,0.));
#49 = DIRECTION('',(0.,0.,1.));
#50 = DEFINITIONAL_REPRESENTATION('',(#51),#99);
#51 = B_SPLINE_CURVE_WITH_KNOTS('',3,(#52,#53,#54,#55,#56,#57,#58,#59,
    #60,#61,#62,#63,#64,#65,#66,#67,#68,#69,#70,#71,#72,#73,#74,#75,#76,
    #77,#78,#79,#80,#81,#82,#83,#84,#85,#86,#87,#88,#89,#90,#91,#92,#93,
    #94,#95,#96,#97,#98),.UNSPECIFIED.,.F.,.F.,(4,1,1,1,1,1,1,1,1,1,1,1,
    1,1,1,1,1,1,1,1,1,1,1,1,1,1,1,1,1,1,1,1,1,1,1,1,1,1,1,1,1,1,1,1,4),(
    0.,7.222665269293E-05,1.444533053859E-04,2.166799580788E-04,
    2.889066107717E-04,3.611332634646E-04,4.333599161576E-04,
    5.055865688505E-04,5.778132215434E-04,6.500398742364E-04,
    7.222665269293E-04,7.944931796222E-04,8.667198323152E-04,
    9.389464850081E-04,1.011173137701E-03,1.083399790394E-03,
    1.155626443087E-03,1.22785309578E-03,1.300079748473E-03,
    1.372306401166E-03,1.444533053859E-03,1.516759706552E-03,
    1.588986359244E-03,1.661213011937E-03,1.73343966463E-03,
    1.805666317323E-03,1.877892970016E-03,1.950119622709E-03,
    2.022346275402E-03,2.094572928095E-03,2.166799580788E-03,
    2.239026233481E-03,2.311252886174E-03,2.383479538867E-03,
    2.45570619156E-03,2.527932844253E-03,2.600159496945E-03,
    2.672386149638E-03,2.744612802331E-03,2.816839455024E-03,
    2.889066107717E-03,2.96129276041E-03,3.033519413103E-03,
    3.105746065796E-03,3.177972718489E-03),.UNSPECIFIED.);
#52 = CARTESIAN_POINT('',(4.983003552548,3.14159265359));
#53 = CARTESIAN_POINT('',(4.983003554286,3.129378649838));
#54 = CARTESIAN_POINT('',(4.982993019057,3.105029545936));
#55 = CARTESIAN_POINT('',(4.98294589565,3.068693088481));
#56 = CARTESIAN_POINT('',(4.982867735554,3.032493976285));
#57 = CARTESIAN_POINT('',(4.982758863505,2.996383548779));
#58 = CARTESIAN_POINT('',(4.982619574503,2.960311806902));
#59 = CARTESIAN_POINT('',(4.98245035967,2.924238302507));
#60 = CARTESIAN_POINT('',(4.982249887346,2.887994497817));
#61 = CARTESIAN_POINT('',(4.98201933307,2.851673373074));
#62 = CARTESIAN_POINT('',(4.981759562285,2.815333873683));
#63 = CARTESIAN_POINT('',(4.98147157774,2.7790436333));
#64 = CARTESIAN_POINT('',(4.981156218924,2.742871201611));
#65 = CARTESIAN_POINT('',(4.980814905676,2.706867679274));
#66 = CARTESIAN_POINT('',(4.980448348109,2.670973678812));
#67 = CARTESIAN_POINT('',(4.980056707677,2.635145957967));
#68 = CARTESIAN_POINT('',(4.979640297114,2.599335623904));
#69 = CARTESIAN_POINT('',(4.979199446865,2.563499994449));
#70 = CARTESIAN_POINT('',(4.978734336895,2.52757909286));
#71 = CARTESIAN_POINT('',(4.978245900578,2.491622425435));
#72 = CARTESIAN_POINT('',(4.977736082836,2.455680638617));
#73 = CARTESIAN_POINT('',(4.977206667633,2.419804306214));
#74 = CARTESIAN_POINT('',(4.976659261026,2.384033141536));
#75 = CARTESIAN_POINT('',(4.976096246556,2.348455288591));
#76 = CARTESIAN_POINT('',(4.975516967131,2.312975781626));
#77 = CARTESIAN_POINT('',(4.974920347226,2.277456336438));
#78 = CARTESIAN_POINT('',(4.974308322733,2.24194277561));
#79 = CARTESIAN_POINT('',(4.973682004243,2.206433538141));
#80 = CARTESIAN_POINT('',(4.973042703859,2.170941311377));
#81 = CARTESIAN_POINT('',(4.972391657104,2.135476011388));
#82 = CARTESIAN_POINT('',(4.971730101684,2.100049195052));
#83 = CARTESIAN_POINT('',(4.971059234519,2.064671360735));
#84 = CARTESIAN_POINT('',(4.970380299572,2.029356244699));
#85 = CARTESIAN_POINT('',(4.969694274988,1.994104246699));
#86 = CARTESIAN_POINT('',(4.969003032858,1.958962362554));
#87 = CARTESIAN_POINT('',(4.968305009891,1.923798996854));
#88 = CARTESIAN_POINT('',(4.967599296047,1.888510235729));
#89 = CARTESIAN_POINT('',(4.966888358106,1.853170356623));
#90 = CARTESIAN_POINT('',(4.966173722557,1.817806962759));
#91 = CARTESIAN_POINT('',(4.965457089927,1.782458129602));
#92 = CARTESIAN_POINT('',(4.964740192381,1.74716463972));
#93 = CARTESIAN_POINT('',(4.964024405689,1.711943635058));
#94 = CARTESIAN_POINT('',(4.963309522166,1.676741799875));
#95 = CARTESIAN_POINT('',(4.962595609181,1.641517627058));
#96 = CARTESIAN_POINT('',(4.961882660296,1.606225902085));
#97 = CARTESIAN_POINT('',(4.961408012653,1.582623561297));
#98 = CARTESIAN_POINT('',(4.961170853014,1.570796340837));
#99 = ( GEOMETRIC_REPRESENTATION_CONTEXT(2) 
PARAMETRIC_REPRESENTATION_CONTEXT() REPRESENTATION_CONTEXT('2D SPACE',''
  ) );
#100 = PCURVE('',#101,#106);
#101 = PLANE('',#102);
#102 = AXIS2_PLACEMENT_3D('',#103,#104,#105);
#103 = CARTESIAN_POINT('',(-40.,-20.,0.));
#104 = DIRECTION('',(0.,0.,1.));
#105 = DIRECTION('',(1.,0.,0.));
#106 = DEFINITIONAL_REPRESENTATION('',(#107),#124);
#107 = B_SPLINE_CURVE_WITH_KNOTS('',3,(#108,#109,#110,#111,#112,#113,
    #114,#115,#116,#117,#118,#119,#120,#121,#122,#123),.UNSPECIFIED.,.F.
  ,.F.,(4,2,2,2,2,2,2,4),(0.,3.972465898111E-04,7.944931796222E-04,
    1.191739769433E-03,1.588986359244E-03,2.383479538867E-03,
    2.780726128678E-03,3.177972718489E-03),.UNSPECIFIED.);
#108 = CARTESIAN_POINT('',(20.,10.5));
#109 = CARTESIAN_POINT('',(20.,10.634354221924));
#110 = CARTESIAN_POINT('',(19.9860927351,10.766319942427));
#111 = CARTESIAN_POINT('',(19.93172742178,11.025691422529));
#112 = CARTESIAN_POINT('',(19.89053368089,11.154494359556));
#113 = CARTESIAN_POINT('',(19.78397752671,11.398363501254));
#114 = CARTESIAN_POINT('',(19.71892897745,11.513775427364));
#115 = CARTESIAN_POINT('',(19.56564818399,11.731751961006));
#116 = CARTESIAN_POINT('',(19.47736481948,11.833775254623));
#117 = CARTESIAN_POINT('',(19.18918509611,12.10772848605));
#118 = CARTESIAN_POINT('',(18.95899324836,12.253731678786));
#119 = CARTESIAN_POINT('',(18.58929954939,12.399952508623));
#120 = CARTESIAN_POINT('',(18.45992644375,12.43752556484));
#121 = CARTESIAN_POINT('',(18.19763868686,12.48742521693));
#122 = CARTESIAN_POINT('',(18.0649632218,12.5));
#123 = CARTESIAN_POINT('',(17.93073144946,12.5));
#124 = ( GEOMETRIC_REPRESENTATION_CONTEXT(2) 
PARAMETRIC_REPRESENTATION_CONTEXT() REPRESENTATION_CONTEXT('2D SPACE',''
  ) );
#125 = ORIENTED_EDGE('',*,*,#126,.F.);
#126 = EDGE_CURVE('',#127,#22,#129,.T.);
#127 = VERTEX_POINT('',#128);
#128 = CARTESIAN_POINT('',(-13.62800264633,-9.5,-23.11862802586));
#129 = SURFACE_CURVE('',#130,(#135,#142),.PCURVE_S1.);
#130 = CIRCLE('',#131,23.3385276);
#131 = AXIS2_PLACEMENT_3D('',#132,#133,#134);
#132 = CARTESIAN_POINT('',(2.489163605449,-9.5,-6.238941380745));
#133 = DIRECTION('',(0.,1.,0.));
#134 = DIRECTION('',(0.,0.,1.));
#135 = PCURVE('',#45,#136);
#136 = DEFINITIONAL_REPRESENTATION('',(#137),#141);
#137 = LINE('',#138,#139);
#138 = CARTESIAN_POINT('',(0.,3.14159265359));
#139 = VECTOR('',#140,1.);
#140 = DIRECTION('',(1.,-4.115299839784E-16));
#141 = ( GEOMETRIC_REPRESENTATION_CONTEXT(2) 
PARAMETRIC_REPRESENTATION_CONTEXT() REPRESENTATION_CONTEXT('2D SPACE',''
  ) );
#142 = PCURVE('',#143,#148);
#143 = CYLINDRICAL_SURFACE('',#144,23.3385276);
#144 = AXIS2_PLACEMENT_3D('',#145,#146,#147);
#145 = CARTESIAN_POINT('',(2.489163605449,0.,-6.238941380745));
#146 = DIRECTION('',(0.,1.,0.));
#147 = DIRECTION('',(0.,0.,-1.));
#148 = DEFINITIONAL_REPRESENTATION('',(#149),#153);
#149 = LINE('',#150,#151);
#150 = CARTESIAN_POINT('',(-3.14159265359,-9.5));
#151 = VECTOR('',#152,1.);
#152 = DIRECTION('',(1.,0.));
#153 = ( GEOMETRIC_REPRESENTATION_CONTEXT(2) 
PARAMETRIC_REPRESENTATION_CONTEXT() REPRESENTATION_CONTEXT('2D SPACE',''
  ) );
#154 = ORIENTED_EDGE('',*,*,#155,.F.);
#155 = EDGE_CURVE('',#156,#127,#158,.T.);
#156 = VERTEX_POINT('',#157);
#157 = CARTESIAN_POINT('',(-15.00916657813,-7.5,-24.56513630219));
#158 = SURFACE_CURVE('',#159,(#164,#170),.PCURVE_S1.);
#159 = CIRCLE('',#160,2.);
#160 = AXIS2_PLACEMENT_3D('',#161,#162,#163);
#161 = CARTESIAN_POINT('',(-15.00916657813,-9.5,-24.56513630219));
#162 = DIRECTION('',(0.723254138167,0.,-0.690581965898));
#163 = DIRECTION('',(-0.690581965898,0.,-0.723254138167));
#164 = PCURVE('',#45,#165);
#165 = DEFINITIONAL_REPRESENTATION('',(#166),#169);
#166 = B_SPLINE_CURVE_WITH_KNOTS('',1,(#167,#168),.UNSPECIFIED.,.F.,.F.,
  (2,2),(1.570796326795,3.14159265359),.PIECEWISE_BEZIER_KNOTS.);
#167 = CARTESIAN_POINT('',(3.903886046803,1.570796340837));
#168 = CARTESIAN_POINT('',(3.903886046803,3.14159265359));
#169 = ( GEOMETRIC_REPRESENTATION_CONTEXT(2) 
PARAMETRIC_REPRESENTATION_CONTEXT() REPRESENTATION_CONTEXT('2D SPACE',''
  ) );
#170 = PCURVE('',#171,#176);
#171 = TOROIDAL_SURFACE('',#172,3.,2.);
#172 = AXIS2_PLACEMENT_3D('',#173,#174,#175);
#173 = CARTESIAN_POINT('',(-17.08091247583,-9.5,-26.73489871669));
#174 = DIRECTION('',(0.,1.,0.));
#175 = DIRECTION('',(0.,0.,1.));
#176 = DEFINITIONAL_REPRESENTATION('',(#177),#181);
#177 = LINE('',#178,#179);
#178 = CARTESIAN_POINT('',(0.762293393216,3.141592653589));
#179 = VECTOR('',#180,1.);
#180 = DIRECTION('',(-4.270424752315E-13,-1.));
#181 = ( GEOMETRIC_REPRESENTATION_CONTEXT(2) 
PARAMETRIC_REPRESENTATION_CONTEXT() REPRESENTATION_CONTEXT('2D SPACE',''
  ) );
#182 = ORIENTED_EDGE('',*,*,#183,.T.);
#183 = EDGE_CURVE('',#156,#24,#184,.T.);
#184 = SURFACE_CURVE('',#185,(#190,#197),.PCURVE_S1.);
#185 = CIRCLE('',#186,25.3385276);
#186 = AXIS2_PLACEMENT_3D('',#187,#188,#189);
#187 = CARTESIAN_POINT('',(2.489163605449,-7.5,-6.238941380745));
#188 = DIRECTION('',(0.,1.,0.));
#189 = DIRECTION('',(0.,0.,1.));
#190 = PCURVE('',#45,#191);
#191 = DEFINITIONAL_REPRESENTATION('',(#192),#196);
#192 = LINE('',#193,#194);
#193 = CARTESIAN_POINT('',(-4.440892098501E-16,1.570796326795));
#194 = VECTOR('',#195,1.);
#195 = DIRECTION('',(1.,-2.100139939785E-16));
#196 = ( GEOMETRIC_REPRESENTATION_CONTEXT(2) 
PARAMETRIC_REPRESENTATION_CONTEXT() REPRESENTATION_CONTEXT('2D SPACE',''
  ) );
#197 = PCURVE('',#198,#203);
#198 = PLANE('',#199);
#199 = AXIS2_PLACEMENT_3D('',#200,#201,#202);
#200 = CARTESIAN_POINT('',(-24.92735534906,-7.5,0.));
#201 = DIRECTION('',(0.,1.,0.));
#202 = DIRECTION('',(0.,0.,1.));
#203 = DEFINITIONAL_REPRESENTATION('',(#204),#208);
#204 = CIRCLE('',#205,25.3385276);
#205 = AXIS2_PLACEMENT_2D('',#206,#207);
#206 = CARTESIAN_POINT('',(-6.238941380745,27.416518954509));
#207 = DIRECTION('',(1.,0.));
#208 = ( GEOMETRIC_REPRESENTATION_CONTEXT(2) 
PARAMETRIC_REPRESENTATION_CONTEXT() REPRESENTATION_CONTEXT('2D SPACE',''
  ) );
#209 = ADVANCED_FACE('',(#210),#198,.T.);
#210 = FACE_BOUND('',#211,.T.);
#211 = EDGE_LOOP('',(#212,#236,#265,#286));
#212 = ORIENTED_EDGE('',*,*,#213,.T.);
#213 = EDGE_CURVE('',#156,#214,#216,.T.);
#214 = VERTEX_POINT('',#215);
#215 = CARTESIAN_POINT('',(-14.23262586188,-7.5,-27.67684529948));
#216 = SURFACE_CURVE('',#217,(#222,#229),.PCURVE_S1.);
#217 = CIRCLE('',#218,3.);
#218 = AXIS2_PLACEMENT_3D('',#219,#220,#221);
#219 = CARTESIAN_POINT('',(-17.08091247583,-7.5,-26.73489871669));
#220 = DIRECTION('',(0.,1.,0.));
#221 = DIRECTION('',(0.,0.,1.));
#222 = PCURVE('',#198,#223);
#223 = DEFINITIONAL_REPRESENTATION('',(#224),#228);
#224 = CIRCLE('',#225,3.);
#225 = AXIS2_PLACEMENT_2D('',#226,#227);
#226 = CARTESIAN_POINT('',(-26.73489871669,7.84644287323));
#227 = DIRECTION('',(1.,0.));
#228 = ( GEOMETRIC_REPRESENTATION_CONTEXT(2) 
PARAMETRIC_REPRESENTATION_CONTEXT() REPRESENTATION_CONTEXT('2D SPACE',''
  ) );
#229 = PCURVE('',#171,#230);
#230 = DEFINITIONAL_REPRESENTATION('',(#231),#235);
#231 = LINE('',#232,#233);
#232 = CARTESIAN_POINT('',(3.330669073875E-16,1.570796326795));
#233 = VECTOR('',#234,1.);
#234 = DIRECTION('',(1.,-7.874708385964E-16));
#235 = ( GEOMETRIC_REPRESENTATION_CONTEXT(2) 
PARAMETRIC_REPRESENTATION_CONTEXT() REPRESENTATION_CONTEXT('2D SPACE',''
  ) );
#236 = ORIENTED_EDGE('',*,*,#237,.T.);
#237 = EDGE_CURVE('',#214,#238,#240,.T.);
#238 = VERTEX_POINT('',#239);
#239 = CARTESIAN_POINT('',(-23.97359471387,-7.5,0.));
#240 = SURFACE_CURVE('',#241,(#246,#253),.PCURVE_S1.);
#241 = CIRCLE('',#242,27.1882689);
#242 = AXIS2_PLACEMENT_3D('',#243,#244,#245);
#243 = CARTESIAN_POINT('',(2.489163605449,-7.5,-6.238941380745));
#244 = DIRECTION('',(0.,1.,0.));
#245 = DIRECTION('',(0.,0.,1.));
#246 = PCURVE('',#198,#247);
#247 = DEFINITIONAL_REPRESENTATION('',(#248),#252);
#248 = CIRCLE('',#249,27.1882689);
#249 = AXIS2_PLACEMENT_2D('',#250,#251);
#250 = CARTESIAN_POINT('',(-6.238941380745,27.416518954509));
#251 = DIRECTION('',(1.,0.));
#252 = ( GEOMETRIC_REPRESENTATION_CONTEXT(2) 
PARAMETRIC_REPRESENTATION_CONTEXT() REPRESENTATION_CONTEXT('2D SPACE',''
  ) );
#253 = PCURVE('',#254,#259);
#254 = TOROIDAL_SURFACE('',#255,27.1882689,1.);
#255 = AXIS2_PLACEMENT_3D('',#256,#257,#258);
#256 = CARTESIAN_POINT('',(2.489163605449,-8.5,-6.238941380745));
#257 = DIRECTION('',(0.,1.,0.));
#258 = DIRECTION('',(0.,0.,1.));
#259 = DEFINITIONAL_REPRESENTATION('',(#260),#264);
#260 = LINE('',#261,#262);
#261 = CARTESIAN_POINT('',(0.,1.570796326795));
#262 = VECTOR('',#263,1.);
#263 = DIRECTION('',(1.,0.));
#264 = ( GEOMETRIC_REPRESENTATION_CONTEXT(2) 
PARAMETRIC_REPRESENTATION_CONTEXT() REPRESENTATION_CONTEXT('2D SPACE',''
  ) );
#265 = ORIENTED_EDGE('',*,*,#266,.T.);
#266 = EDGE_CURVE('',#238,#24,#267,.T.);
#267 = SURFACE_CURVE('',#268,(#272,#279),.PCURVE_S1.);
#268 = LINE('',#269,#270);
#269 = CARTESIAN_POINT('',(-24.92735534906,-7.5,0.));
#270 = VECTOR('',#271,1.);
#271 = DIRECTION('',(1.,0.,0.));
#272 = PCURVE('',#198,#273);
#273 = DEFINITIONAL_REPRESENTATION('',(#274),#278);
#274 = LINE('',#275,#276);
#275 = CARTESIAN_POINT('',(0.,0.));
#276 = VECTOR('',#277,1.);
#277 = DIRECTION('',(0.,1.));
#278 = ( GEOMETRIC_REPRESENTATION_CONTEXT(2) 
PARAMETRIC_REPRESENTATION_CONTEXT() REPRESENTATION_CONTEXT('2D SPACE',''
  ) );
#279 = PCURVE('',#101,#280);
#280 = DEFINITIONAL_REPRESENTATION('',(#281),#285);
#281 = LINE('',#282,#283);
#282 = CARTESIAN_POINT('',(15.07264465094,12.5));
#283 = VECTOR('',#284,1.);
#284 = DIRECTION('',(1.,0.));
#285 = ( GEOMETRIC_REPRESENTATION_CONTEXT(2) 
PARAMETRIC_REPRESENTATION_CONTEXT() REPRESENTATION_CONTEXT('2D SPACE',''
  ) );
#286 = ORIENTED_EDGE('',*,*,#183,.F.);
#287 = ADVANCED_FACE('',(#288),#254,.T.);
#288 = FACE_BOUND('',#289,.T.);
#289 = EDGE_LOOP('',(#290,#366,#395,#448));
#290 = ORIENTED_EDGE('',*,*,#291,.F.);
#291 = EDGE_CURVE('',#292,#214,#294,.T.);
#292 = VERTEX_POINT('',#293);
#293 = CARTESIAN_POINT('',(-14.84766279234,-8.5,-28.4653436027));
#294 = SURFACE_CURVE('',#295,(#300,#306),.PCURVE_S1.);
#295 = CIRCLE('',#296,1.);
#296 = AXIS2_PLACEMENT_3D('',#297,#298,#299);
#297 = CARTESIAN_POINT('',(-14.23262586188,-8.5,-27.67684529948));
#298 = DIRECTION('',(0.788498303213,0.,-0.61503693046));
#299 = DIRECTION('',(-0.61503693046,0.,-0.788498303213));
#300 = PCURVE('',#254,#301);
#301 = DEFINITIONAL_REPRESENTATION('',(#302),#305);
#302 = B_SPLINE_CURVE_WITH_KNOTS('',1,(#303,#304),.UNSPECIFIED.,.F.,.F.,
  (2,2),(0.,1.570796326795),.PIECEWISE_BEZIER_KNOTS.);
#303 = CARTESIAN_POINT('',(3.804025455685,0.));
#304 = CARTESIAN_POINT('',(3.804025455685,1.570796296626));
#305 = ( GEOMETRIC_REPRESENTATION_CONTEXT(2) 
PARAMETRIC_REPRESENTATION_CONTEXT() REPRESENTATION_CONTEXT('2D SPACE',''
  ) );
#306 = PCURVE('',#307,#338);
#307 = ( BOUNDED_SURFACE() B_SPLINE_SURFACE(3,2,(
    (#308,#309,#310)
    ,(#311,#312,#313)
    ,(#314,#315,#316)
    ,(#317,#318,#319)
    ,(#320,#321,#322)
    ,(#323,#324,#325)
    ,(#326,#327,#328)
    ,(#329,#330,#331)
    ,(#332,#333,#334)
    ,(#335,#336,#337
)),.UNSPECIFIED.,.F.,.F.,.F.) B_SPLINE_SURFACE_WITH_KNOTS((4,2,2,2,4),(3
    ,3),(1.409462824231E-18,8.985796821303E-05,1.797159364261E-04,
    2.695739046391E-04,3.594318728521E-04),(0.,1.),.UNSPECIFIED.) 
GEOMETRIC_REPRESENTATION_ITEM() RATIONAL_B_SPLINE_SURFACE((
    (1.,0.707106781187,1.)
    ,(1.,0.703707063228,1.)
    ,(1.,0.700426190256,1.)
    ,(1.,0.694088511357,1.)
    ,(1.,0.691031688579,1.)
    ,(1.,0.685129963937,1.)
    ,(1.,0.682285070692,1.)
    ,(1.,0.676796527829,1.)
    ,(1.,0.674152902289,1.)
,(1.,0.671605142651,1.))) REPRESENTATION_ITEM('') SURFACE() );
#308 = CARTESIAN_POINT('',(-14.23262586188,-7.5,-27.67684529948));
#309 = CARTESIAN_POINT('',(-14.84766279234,-7.5,-28.4653436027));
#310 = CARTESIAN_POINT('',(-14.84766279234,-8.5,-28.4653436027));
#311 = CARTESIAN_POINT('',(-14.18154694919,-7.5,-27.70449216637));
#312 = CARTESIAN_POINT('',(-14.80139546486,-7.490337688572,
    -28.50143260287));
#313 = CARTESIAN_POINT('',(-14.82284599703,-8.500000002491,
    -28.48470096282));
#314 = CARTESIAN_POINT('',(-14.13080234174,-7.502447718038,
    -27.73221358439));
#315 = CARTESIAN_POINT('',(-14.75481080202,-7.483325122706,
    -28.53758615172));
#316 = CARTESIAN_POINT('',(-14.79816168408,-8.501223859265,
    -28.50388814073));
#317 = CARTESIAN_POINT('',(-14.02997441198,-7.512164074338,
    -27.78773763223));
#318 = CARTESIAN_POINT('',(-14.66060699521,-7.474551729587,
    -28.61033161564));
#319 = CARTESIAN_POINT('',(-14.749056152,-8.506082036923,-28.54192883725
    ));
#320 = CARTESIAN_POINT('',(-13.97989095861,-7.519432809526,
    -27.81554039444));
#321 = CARTESIAN_POINT('',(-14.61300848992,-7.472841976893,
    -28.64690427542));
#322 = CARTESIAN_POINT('',(-14.72463483254,-8.509716404005,
    -28.56078242833));
#323 = CARTESIAN_POINT('',(-13.88038890779,-7.538813386377,
    -27.87116200801));
#324 = CARTESIAN_POINT('',(-14.51687450516,-7.47491376982,
    -28.72040479408));
#325 = CARTESIAN_POINT('',(-14.67605905408,-8.519406693946,
    -28.59815817083));
#326 = CARTESIAN_POINT('',(-13.83097026378,-7.550924984985,-27.89898094)
  );
#327 = CARTESIAN_POINT('',(-14.46836073582,-7.478741932818,
    -28.75731291461));
#328 = CARTESIAN_POINT('',(-14.65190457527,-8.525462490715,
    -28.61668033181));
#329 = CARTESIAN_POINT('',(-13.73281425492,-7.580111476914,
    -27.95456979835));
#330 = CARTESIAN_POINT('',(-14.37051303295,-7.492218795962,
    -28.83138914753));
#331 = CARTESIAN_POINT('',(-14.6038730996,-8.540055740235,
    -28.65339018365));
#332 = CARTESIAN_POINT('',(-13.68407646486,-7.59718586074,
    -27.98234001071));
#333 = CARTESIAN_POINT('',(-14.32120155738,-7.501910193584,
    -28.86853730154));
#334 = CARTESIAN_POINT('',(-14.57999594684,-8.548592915088,
    -28.67157798693));
#335 = CARTESIAN_POINT('',(-13.63569555555,-7.616857201442,
    -28.01005163761));
#336 = CARTESIAN_POINT('',(-14.2717374187,-7.514681609689,-28.9056201498
    ));
#337 = CARTESIAN_POINT('',(-14.55626686629,-8.558428600721,
    -28.68959405082));
#338 = DEFINITIONAL_REPRESENTATION('',(#339),#365);
#339 = B_SPLINE_CURVE_WITH_KNOTS('',3,(#340,#341,#342,#343,#344,#345,
    #346,#347,#348,#349,#350,#351,#352,#353,#354,#355,#356,#357,#358,
    #359,#360,#361,#362,#363,#364),.UNSPECIFIED.,.F.,.F.,(4,1,1,1,1,1,1,
    1,1,1,1,1,1,1,1,1,1,1,1,1,1,1,4),(0.,7.139983303613E-02,
    0.142799666072,0.214199499108,0.285599332145,0.356999165181,
    0.428398998217,0.499798831253,0.571198664289,0.642598497325,
    0.713998330361,0.785398163397,0.856797996434,0.92819782947,
    0.999597662506,1.070997495542,1.142397328578,1.213797161614,
    1.28519699465,1.356596827687,1.427996660723,1.499396493759,
    1.570796326795),.UNSPECIFIED.);
#340 = CARTESIAN_POINT('',(1.409462824231E-18,1.));
#341 = CARTESIAN_POINT('',(1.409462824231E-18,0.983172198663));
#342 = CARTESIAN_POINT('',(1.409462824231E-18,0.950009297011));
#343 = CARTESIAN_POINT('',(1.409462824231E-18,0.901574474096));
#344 = CARTESIAN_POINT('',(1.409462824231E-18,0.854275086925));
#345 = CARTESIAN_POINT('',(1.409462824231E-18,0.807956362777));
#346 = CARTESIAN_POINT('',(1.409462824231E-18,0.762473275577));
#347 = CARTESIAN_POINT('',(1.409462824231E-18,0.717690577461));
#348 = CARTESIAN_POINT('',(1.409462824231E-18,0.673480563786));
#349 = CARTESIAN_POINT('',(1.409462824231E-18,0.629721689409));
#350 = CARTESIAN_POINT('',(1.409462824231E-18,0.586297147708));
#351 = CARTESIAN_POINT('',(1.409462824231E-18,0.543093605115));
#352 = CARTESIAN_POINT('',(1.409462824231E-18,0.5));
#353 = CARTESIAN_POINT('',(1.409462824231E-18,0.456906394885));
#354 = CARTESIAN_POINT('',(1.409462824231E-18,0.413702852292));
#355 = CARTESIAN_POINT('',(1.409462824231E-18,0.370278310591));
#356 = CARTESIAN_POINT('',(1.409462824231E-18,0.326519436214));
#357 = CARTESIAN_POINT('',(1.409462824231E-18,0.282309422539));
#358 = CARTESIAN_POINT('',(1.409462824231E-18,0.237526724423));
#359 = CARTESIAN_POINT('',(1.409462824231E-18,0.192043637223));
#360 = CARTESIAN_POINT('',(1.409462824231E-18,0.145724913075));
#361 = CARTESIAN_POINT('',(1.409462824231E-18,9.84255259041E-02));
#362 = CARTESIAN_POINT('',(1.409462824231E-18,4.999070298887E-02));
#363 = CARTESIAN_POINT('',(1.409462824231E-18,1.682780133709E-02));
#364 = CARTESIAN_POINT('',(1.409462824231E-18,0.));
#365 = ( GEOMETRIC_REPRESENTATION_CONTEXT(2) 
PARAMETRIC_REPRESENTATION_CONTEXT() REPRESENTATION_CONTEXT('2D SPACE',''
  ) );
#366 = ORIENTED_EDGE('',*,*,#367,.T.);
#367 = EDGE_CURVE('',#292,#368,#370,.T.);
#368 = VERTEX_POINT('',#369);
#369 = CARTESIAN_POINT('',(-25.,-8.5,0.));
#370 = SURFACE_CURVE('',#371,(#376,#383),.PCURVE_S1.);
#371 = CIRCLE('',#372,28.1882689);
#372 = AXIS2_PLACEMENT_3D('',#373,#374,#375);
#373 = CARTESIAN_POINT('',(2.489163605449,-8.5,-6.238941380745));
#374 = DIRECTION('',(0.,1.,0.));
#375 = DIRECTION('',(0.,0.,1.));
#376 = PCURVE('',#254,#377);
#377 = DEFINITIONAL_REPRESENTATION('',(#378),#382);
#378 = LINE('',#379,#380);
#379 = CARTESIAN_POINT('',(-4.440892098501E-16,0.));
#380 = VECTOR('',#381,1.);
#381 = DIRECTION('',(1.,0.));
#382 = ( GEOMETRIC_REPRESENTATION_CONTEXT(2) 
PARAMETRIC_REPRESENTATION_CONTEXT() REPRESENTATION_CONTEXT('2D SPACE',''
  ) );
#383 = PCURVE('',#384,#389);
#384 = CYLINDRICAL_SURFACE('',#385,28.1882689);
#385 = AXIS2_PLACEMENT_3D('',#386,#387,#388);
#386 = CARTESIAN_POINT('',(2.489163605449,0.,-6.238941380745));
#387 = DIRECTION('',(0.,1.,0.));
#388 = DIRECTION('',(0.,0.,-1.));
#389 = DEFINITIONAL_REPRESENTATION('',(#390),#394);
#390 = LINE('',#391,#392);
#391 = CARTESIAN_POINT('',(-3.14159265359,-8.5));
#392 = VECTOR('',#393,1.);
#393 = DIRECTION('',(1.,0.));
#394 = ( GEOMETRIC_REPRESENTATION_CONTEXT(2) 
PARAMETRIC_REPRESENTATION_CONTEXT() REPRESENTATION_CONTEXT('2D SPACE',''
  ) );
#395 = ORIENTED_EDGE('',*,*,#396,.F.);
#396 = EDGE_CURVE('',#238,#368,#397,.T.);
#397 = SURFACE_CURVE('',#398,(#407,#436),.PCURVE_S1.);
#398 = B_SPLINE_CURVE_WITH_KNOTS('',3,(#399,#400,#401,#402,#403,#404,
    #405,#406),.UNSPECIFIED.,.F.,.F.,(4,2,2,4),(0.,3.957500836236E-04,
    7.915001672471E-04,1.583000334494E-03),.UNSPECIFIED.);
#399 = CARTESIAN_POINT('',(-23.97359471387,-7.5,0.));
#400 = CARTESIAN_POINT('',(-24.10738963956,-7.5,0.));
#401 = CARTESIAN_POINT('',(-24.23854400925,-7.525132894633,0.));
#402 = CARTESIAN_POINT('',(-24.4856009142,-7.623464616266,0.));
#403 = CARTESIAN_POINT('',(-24.59903260958,-7.696232724529,0.));
#404 = CARTESIAN_POINT('',(-24.88528460063,-7.971328950186,0.));
#405 = CARTESIAN_POINT('',(-25.,-8.232202601543,0.));
#406 = CARTESIAN_POINT('',(-25.,-8.5,0.));
#407 = PCURVE('',#254,#408);
#408 = DEFINITIONAL_REPRESENTATION('',(#409),#435);
#409 = B_SPLINE_CURVE_WITH_KNOTS('',3,(#410,#411,#412,#413,#414,#415,
    #416,#417,#418,#419,#420,#421,#422,#423,#424,#425,#426,#427,#428,
    #429,#430,#431,#432,#433,#434),.UNSPECIFIED.,.F.,.F.,(4,1,1,1,1,1,1,
    1,1,1,1,1,1,1,1,1,1,1,1,1,1,1,4),(0.,7.195456065882E-05,
    1.439091213176E-04,2.158636819765E-04,2.878182426353E-04,
    3.597728032941E-04,4.317273639529E-04,5.036819246117E-04,
    5.756364852705E-04,6.475910459294E-04,7.195456065882E-04,
    7.91500167247E-04,8.634547279058E-04,9.354092885646E-04,
    1.007363849223E-03,1.079318409882E-03,1.151272970541E-03,
    1.2232275312E-03,1.295182091859E-03,1.367136652518E-03,
    1.439091213176E-03,1.511045773835E-03,1.583000334494E-03),
  .UNSPECIFIED.);
#410 = CARTESIAN_POINT('',(4.943923961217,1.570796296628));
#411 = CARTESIAN_POINT('',(4.943718641928,1.547118952296));
#412 = CARTESIAN_POINT('',(4.94331055908,1.499931361585));
#413 = CARTESIAN_POINT('',(4.942707475766,1.429477101259));
#414 = CARTESIAN_POINT('',(4.942114832336,1.35917781408));
#415 = CARTESIAN_POINT('',(4.941533939681,1.288854293097));
#416 = CARTESIAN_POINT('',(4.940966271885,1.21835161023));
#417 = CARTESIAN_POINT('',(4.940412583547,1.147431910847));
#418 = CARTESIAN_POINT('',(4.939879317954,1.076552081321));
#419 = CARTESIAN_POINT('',(4.939368153614,1.005637413909));
#420 = CARTESIAN_POINT('',(4.938881204421,0.934671563197));
#421 = CARTESIAN_POINT('',(4.938420522862,0.863627563779));
#422 = CARTESIAN_POINT('',(4.937987829912,0.792460186187));
#423 = CARTESIAN_POINT('',(4.93758612085,0.721171518831));
#424 = CARTESIAN_POINT('',(4.937217480345,0.649756750294));
#425 = CARTESIAN_POINT('',(4.936882705504,0.578177810289));
#426 = CARTESIAN_POINT('',(4.93658295529,0.506432989734));
#427 = CARTESIAN_POINT('',(4.936319313062,0.434529559255));
#428 = CARTESIAN_POINT('',(4.936092908439,0.362481917679));
#429 = CARTESIAN_POINT('',(4.935904889615,0.290302536094));
#430 = CARTESIAN_POINT('',(4.935756435464,0.217995187811));
#431 = CARTESIAN_POINT('',(4.935648759079,0.145546518217));
#432 = CARTESIAN_POINT('',(4.935583106942,7.29235565396E-02));
#433 = CARTESIAN_POINT('',(4.93556822591,2.434244007463E-02));
#434 = CARTESIAN_POINT('',(4.935568222032,0.));
#435 = ( GEOMETRIC_REPRESENTATION_CONTEXT(2) 
PARAMETRIC_REPRESENTATION_CONTEXT() REPRESENTATION_CONTEXT('2D SPACE',''
  ) );
#436 = PCURVE('',#101,#437);
#437 = DEFINITIONAL_REPRESENTATION('',(#438),#447);
#438 = B_SPLINE_CURVE_WITH_KNOTS('',3,(#439,#440,#441,#442,#443,#444,
    #445,#446),.UNSPECIFIED.,.F.,.F.,(4,2,2,4),(0.,3.957500836236E-04,
    7.915001672471E-04,1.583000334494E-03),.UNSPECIFIED.);
#439 = CARTESIAN_POINT('',(16.02640528613,12.5));
#440 = CARTESIAN_POINT('',(15.89261036044,12.5));
#441 = CARTESIAN_POINT('',(15.76145599075,12.474867105367));
#442 = CARTESIAN_POINT('',(15.5143990858,12.376535383734));
#443 = CARTESIAN_POINT('',(15.40096739042,12.303767275471));
#444 = CARTESIAN_POINT('',(15.11471539937,12.028671049814));
#445 = CARTESIAN_POINT('',(15.,11.767797398457));
#446 = CARTESIAN_POINT('',(15.,11.5));
#447 = ( GEOMETRIC_REPRESENTATION_CONTEXT(2) 
PARAMETRIC_REPRESENTATION_CONTEXT() REPRESENTATION_CONTEXT('2D SPACE',''
  ) );
#448 = ORIENTED_EDGE('',*,*,#237,.F.);
#449 = ADVANCED_FACE('',(#450),#384,.T.);
#450 = FACE_BOUND('',#451,.T.);
#451 = EDGE_LOOP('',(#452,#475,#476,#547,#887,#915,#1253,#1355));
#452 = ORIENTED_EDGE('',*,*,#453,.F.);
#453 = EDGE_CURVE('',#368,#454,#456,.T.);
#454 = VERTEX_POINT('',#455);
#455 = CARTESIAN_POINT('',(-25.,-11.5,0.));
#456 = SURFACE_CURVE('',#457,(#461,#468),.PCURVE_S1.);
#457 = LINE('',#458,#459);
#458 = CARTESIAN_POINT('',(-25.,-10.64382424038,0.));
#459 = VECTOR('',#460,1.);
#460 = DIRECTION('',(-1.836970198721E-16,-1.,0.));
#461 = PCURVE('',#384,#462);
#462 = DEFINITIONAL_REPRESENTATION('',(#463),#467);
#463 = LINE('',#464,#465);
#464 = CARTESIAN_POINT('',(1.793975568442,-10.64382424038));
#465 = VECTOR('',#466,1.);
#466 = DIRECTION('',(0.,-1.));
#467 = ( GEOMETRIC_REPRESENTATION_CONTEXT(2) 
PARAMETRIC_REPRESENTATION_CONTEXT() REPRESENTATION_CONTEXT('2D SPACE',''
  ) );
#468 = PCURVE('',#101,#469);
#469 = DEFINITIONAL_REPRESENTATION('',(#470),#474);
#470 = LINE('',#471,#472);
#471 = CARTESIAN_POINT('',(15.,9.35617575962));
#472 = VECTOR('',#473,1.);
#473 = DIRECTION('',(-1.836970198721E-16,-1.));
#474 = ( GEOMETRIC_REPRESENTATION_CONTEXT(2) 
PARAMETRIC_REPRESENTATION_CONTEXT() REPRESENTATION_CONTEXT('2D SPACE',''
  ) );
#475 = ORIENTED_EDGE('',*,*,#367,.F.);
#476 = ORIENTED_EDGE('',*,*,#477,.T.);
#477 = EDGE_CURVE('',#292,#478,#480,.T.);
#478 = VERTEX_POINT('',#479);
#479 = CARTESIAN_POINT('',(-14.55626686629,-8.558428600721,
    -28.68959405082));
#480 = SURFACE_CURVE('',#481,(#489,#518),.PCURVE_S1.);
#481 = B_SPLINE_CURVE_WITH_KNOTS('',3,(#482,#483,#484,#485,#486,#487,
    #488),.UNSPECIFIED.,.F.,.F.,(4,1,1,1,4),(0.,9.30771691208E-05,
    1.861543382416E-04,2.792315073624E-04,3.723086764832E-04),
  .QUASI_UNIFORM_KNOTS.);
#482 = CARTESIAN_POINT('',(-14.84766279234,-8.5,-28.4653436027));
#483 = CARTESIAN_POINT('',(-14.82289159692,-8.5,-28.48466539443));
#484 = CARTESIAN_POINT('',(-14.77359072186,-8.50243872141,
    -28.52298739829));
#485 = CARTESIAN_POINT('',(-14.70035954403,-8.513321868553,
    -28.57952366752));
#486 = CARTESIAN_POINT('',(-14.62786199017,-8.531482401454,
    -28.63511709611));
#487 = CARTESIAN_POINT('',(-14.58004079869,-8.548574317755,
    -28.67154393362));
#488 = CARTESIAN_POINT('',(-14.55626686629,-8.558428600721,
    -28.68959405082));
#489 = PCURVE('',#384,#490);
#490 = DEFINITIONAL_REPRESENTATION('',(#491),#517);
#491 = B_SPLINE_CURVE_WITH_KNOTS('',3,(#492,#493,#494,#495,#496,#497,
    #498,#499,#500,#501,#502,#503,#504,#505,#506,#507,#508,#509,#510,
    #511,#512,#513,#514,#515,#516),.UNSPECIFIED.,.F.,.F.,(4,1,1,1,1,1,1,
    1,1,1,1,1,1,1,1,1,1,1,1,1,1,1,4),(0.,1.692312165833E-05,
    3.384624331665E-05,5.076936497498E-05,6.769248663331E-05,
    8.461560829163E-05,1.0153872995E-04,1.184618516083E-04,
    1.353849732666E-04,1.523080949249E-04,1.692312165833E-04,
    1.861543382416E-04,2.030774598999E-04,2.200005815583E-04,
    2.369237032166E-04,2.538468248749E-04,2.707699465332E-04,
    2.876930681916E-04,3.046161898499E-04,3.215393115082E-04,
    3.384624331665E-04,3.553855548249E-04,3.723086764832E-04),
  .UNSPECIFIED.);
#492 = CARTESIAN_POINT('',(0.662432802095,-8.5));
#493 = CARTESIAN_POINT('',(0.662230166794,-8.5));
#494 = CARTESIAN_POINT('',(0.661825351474,-8.500080618952));
#495 = CARTESIAN_POINT('',(0.661219491019,-8.500442856119));
#496 = CARTESIAN_POINT('',(0.660614989772,-8.501045856169));
#497 = CARTESIAN_POINT('',(0.66001184438,-8.50188906532));
#498 = CARTESIAN_POINT('',(0.659410051656,-8.502971959232));
#499 = CARTESIAN_POINT('',(0.658809607797,-8.504293903732));
#500 = CARTESIAN_POINT('',(0.658210511923,-8.505854782281));
#501 = CARTESIAN_POINT('',(0.657612766073,-8.507654995972));
#502 = CARTESIAN_POINT('',(0.657016371671,-8.509694836068));
#503 = CARTESIAN_POINT('',(0.656421330309,-8.511974623272));
#504 = CARTESIAN_POINT('',(0.655827643538,-8.514494670356));
#505 = CARTESIAN_POINT('',(0.655235312924,-8.517255292382));
#506 = CARTESIAN_POINT('',(0.654644345031,-8.520257690534));
#507 = CARTESIAN_POINT('',(0.654054746442,-8.523503068686));
#508 = CARTESIAN_POINT('',(0.653466523689,-8.526992621181));
#509 = CARTESIAN_POINT('',(0.652879683506,-8.5307275778));
#510 = CARTESIAN_POINT('',(0.652294231885,-8.534709036108));
#511 = CARTESIAN_POINT('',(0.651710178333,-8.538938716806));
#512 = CARTESIAN_POINT('',(0.651127535874,-8.543418963729));
#513 = CARTESIAN_POINT('',(0.650546316789,-8.548151988499));
#514 = CARTESIAN_POINT('',(0.649966533562,-8.553140038175));
#515 = CARTESIAN_POINT('',(0.649580976938,-8.556636912909));
#516 = CARTESIAN_POINT('',(0.649388442082,-8.558428600721));
#517 = ( GEOMETRIC_REPRESENTATION_CONTEXT(2) 
PARAMETRIC_REPRESENTATION_CONTEXT() REPRESENTATION_CONTEXT('2D SPACE',''
  ) );
#518 = PCURVE('',#307,#519);
#519 = DEFINITIONAL_REPRESENTATION('',(#520),#546);
#520 = B_SPLINE_CURVE_WITH_KNOTS('',3,(#521,#522,#523,#524,#525,#526,
    #527,#528,#529,#530,#531,#532,#533,#534,#535,#536,#537,#538,#539,
    #540,#541,#542,#543,#544,#545),.UNSPECIFIED.,.F.,.F.,(4,1,1,1,1,1,1,
    1,1,1,1,1,1,1,1,1,1,1,1,1,1,1,4),(0.,1.692312165833E-05,
    3.384624331665E-05,5.076936497498E-05,6.769248663331E-05,
    8.461560829164E-05,1.0153872995E-04,1.184618516083E-04,
    1.353849732666E-04,1.523080949249E-04,1.692312165833E-04,
    1.861543382416E-04,2.030774598999E-04,2.200005815583E-04,
    2.369237032166E-04,2.538468248749E-04,2.707699465332E-04,
    2.876930681916E-04,3.046161898499E-04,3.215393115082E-04,
    3.384624331665E-04,3.553855548249E-04,3.723086764832E-04),
  .UNSPECIFIED.);
#521 = CARTESIAN_POINT('',(1.409462824231E-18,1.));
#522 = CARTESIAN_POINT('',(5.43593077325E-06,0.999999999693));
#523 = CARTESIAN_POINT('',(1.630868914317E-05,0.999999999026));
#524 = CARTESIAN_POINT('',(3.262052437848E-05,0.999999998547));
#525 = CARTESIAN_POINT('',(4.893506440108E-05,0.9999999992));
#526 = CARTESIAN_POINT('',(6.52523166795E-05,1.000000001836));
#527 = CARTESIAN_POINT('',(8.157228759892E-05,1.000000007316));
#528 = CARTESIAN_POINT('',(9.789498787347E-05,1.000000017112));
#529 = CARTESIAN_POINT('',(1.142203940806E-04,1.000000030538));
#530 = CARTESIAN_POINT('',(1.305485125006E-04,1.000000045503));
#531 = CARTESIAN_POINT('',(1.468793462791E-04,1.000000059587));
#532 = CARTESIAN_POINT('',(1.632128991815E-04,1.000000071341));
#533 = CARTESIAN_POINT('',(1.795491745975E-04,1.00000007406));
#534 = CARTESIAN_POINT('',(1.958881755701E-04,1.000000079406));
#535 = CARTESIAN_POINT('',(2.122299162956E-04,1.0000000961));
#536 = CARTESIAN_POINT('',(2.285744105304E-04,1.000000111976));
#537 = CARTESIAN_POINT('',(2.449216711533E-04,1.000000118204));
#538 = CARTESIAN_POINT('',(2.612717102928E-04,1.000000105911));
#539 = CARTESIAN_POINT('',(2.776245383832E-04,1.000000055627));
#540 = CARTESIAN_POINT('',(2.9398015472E-04,1.000000020354));
#541 = CARTESIAN_POINT('',(3.103386064636E-04,0.999999999197));
#542 = CARTESIAN_POINT('',(3.266999332492E-04,0.999999992218));
#543 = CARTESIAN_POINT('',(3.43064176054E-04,0.999999995433));
#544 = CARTESIAN_POINT('',(3.539756412061E-04,0.999999999005));
#545 = CARTESIAN_POINT('',(3.594318728521E-04,1.));
#546 = ( GEOMETRIC_REPRESENTATION_CONTEXT(2) 
PARAMETRIC_REPRESENTATION_CONTEXT() REPRESENTATION_CONTEXT('2D SPACE',''
  ) );
#547 = ORIENTED_EDGE('',*,*,#548,.T.);
#548 = EDGE_CURVE('',#478,#549,#551,.T.);
#549 = VERTEX_POINT('',#550);
#550 = CARTESIAN_POINT('',(-13.98063719894,-9.5,-29.11522094589));
#551 = SURFACE_CURVE('',#552,(#588,#683),.PCURVE_S1.);
#552 = B_SPLINE_CURVE_WITH_KNOTS('',3,(#553,#554,#555,#556,#557,#558,
    #559,#560,#561,#562,#563,#564,#565,#566,#567,#568,#569,#570,#571,
    #572,#573,#574,#575,#576,#577,#578,#579,#580,#581,#582,#583,#584,
    #585,#586,#587),.UNSPECIFIED.,.F.,.F.,(4,2,2,2,2,2,2,2,2,2,1,2,2,1,2
    ,2,1,1,1,4),(0.,1.581398210756E-04,2.372097316135E-04,
    2.569772092479E-04,2.767446868824E-04,3.162796421513E-04,
    4.74419463227E-04,5.534893737648E-04,5.930243290337E-04,
    6.127918066682E-04,6.325592843026E-04,7.906991053783E-04,
    8.697690159161E-04,9.09303971185E-04,9.290714488195E-04,
    9.488389264539E-04,1.027908836992E-03,1.10697874753E-03,
    1.186048658067E-03,1.265118568605E-03),.UNSPECIFIED.);
#553 = CARTESIAN_POINT('',(-14.55626686629,-8.558428600721,
    -28.68959405082));
#554 = CARTESIAN_POINT('',(-14.51611817903,-8.575070211303,
    -28.72007653466));
#555 = CARTESIAN_POINT('',(-14.47714008225,-8.595074400974,
    -28.74950062163));
#556 = CARTESIAN_POINT('',(-14.42046539771,-8.630163116386,
    -28.79206778209));
#557 = CARTESIAN_POINT('',(-14.40187380497,-8.642709751983,
    -28.8059943839));
#558 = CARTESIAN_POINT('',(-14.37902299993,-8.659486724672,
    -28.82306895905));
#559 = CARTESIAN_POINT('',(-14.37447230144,-8.662896878472,
    -28.82646716917));
#560 = CARTESIAN_POINT('',(-14.36541028953,-8.669827783095,
    -28.83322995246));
#561 = CARTESIAN_POINT('',(-14.36089724354,-8.673350037762,
    -28.83659581337));
#562 = CARTESIAN_POINT('',(-14.347463428,-8.684047554277,-28.84660866824
    ));
#563 = CARTESIAN_POINT('',(-14.3386332769,-8.691364481347,-28.853181917)
  );
#564 = CARTESIAN_POINT('',(-14.2951088748,-8.72886970838,-28.88554344902
    ));
#565 = CARTESIAN_POINT('',(-14.26228300625,-8.7618043216,-28.90982586025
    ));
#566 = CARTESIAN_POINT('',(-14.21611848304,-8.815678588434,
    -28.94383999251));
#567 = CARTESIAN_POINT('',(-14.20124476388,-8.834385076079,
    -28.95477484626));
#568 = CARTESIAN_POINT('',(-14.17973703343,-8.863606751841,
    -28.97055671803));
#569 = CARTESIAN_POINT('',(-14.17270175297,-8.873541189619,
    -28.97571382437));
#570 = CARTESIAN_POINT('',(-14.16235520228,-8.888740766673,
    -28.98329111753));
#571 = CARTESIAN_POINT('',(-14.15893722226,-8.893862476997,
    -28.98579306516));
#572 = CARTESIAN_POINT('',(-14.15219593965,-8.904168250477,
    -28.99072538141));
#573 = CARTESIAN_POINT('',(-14.12227530669,-8.95084329455,-29.0126066109
    ));
#574 = CARTESIAN_POINT('',(-14.09603664093,-9.000168033275,
    -29.03170938098));
#575 = CARTESIAN_POINT('',(-14.06545191723,-9.06907949635,
    -29.05392261977));
#576 = CARTESIAN_POINT('',(-14.05599347704,-9.092576439842,
    -29.06078174859));
#577 = CARTESIAN_POINT('',(-14.04294502511,-9.128633860367,
    -29.07023390552));
#578 = CARTESIAN_POINT('',(-14.0367059299,-9.146865809393,
    -29.07475059918));
#579 = CARTESIAN_POINT('',(-14.03090421912,-9.165409121742,
    -29.07894728618));
#580 = CARTESIAN_POINT('',(-14.02713493038,-9.177841421164,
    -29.08167312115));
#581 = CARTESIAN_POINT('',(-14.0252994238,-9.184093639805,
    -29.08300014759));
#582 = CARTESIAN_POINT('',(-14.01641349824,-9.2153786548,-29.08942292247
    ));
#583 = CARTESIAN_POINT('',(-14.00398478141,-9.265828162902,
    -29.09839651731));
#584 = CARTESIAN_POINT('',(-13.99060574931,-9.342658391553,
    -29.10804200936));
#585 = CARTESIAN_POINT('',(-13.98248521003,-9.420641910604,
    -29.11389063054));
#586 = CARTESIAN_POINT('',(-13.98063719894,-9.473412341718,
    -29.11522094589));
#587 = CARTESIAN_POINT('',(-13.98063719894,-9.5,-29.11522094589));
#588 = PCURVE('',#384,#589);
#589 = DEFINITIONAL_REPRESENTATION('',(#590),#682);
#590 = B_SPLINE_CURVE_WITH_KNOTS('',3,(#591,#592,#593,#594,#595,#596,
    #597,#598,#599,#600,#601,#602,#603,#604,#605,#606,#607,#608,#609,
    #610,#611,#612,#613,#614,#615,#616,#617,#618,#619,#620,#621,#622,
    #623,#624,#625,#626,#627,#628,#629,#630,#631,#632,#633,#634,#635,
    #636,#637,#638,#639,#640,#641,#642,#643,#644,#645,#646,#647,#648,
    #649,#650,#651,#652,#653,#654,#655,#656,#657,#658,#659,#660,#661,
    #662,#663,#664,#665,#666,#667,#668,#669,#670,#671,#672,#673,#674,
    #675,#676,#677,#678,#679,#680,#681),.UNSPECIFIED.,.F.,.F.,(4,1,1,1,1
    ,1,1,1,1,1,1,1,1,1,1,1,1,1,1,1,1,1,1,1,1,1,1,1,1,1,1,1,1,1,1,1,1,1,1
    ,1,1,1,1,1,1,1,1,1,1,1,1,1,1,1,1,1,1,1,1,1,1,1,1,1,1,1,1,1,1,1,1,1,1
    ,1,1,1,1,1,1,1,1,1,1,1,1,1,1,1,4),(0.,1.437634737051E-05,
    2.875269474103E-05,4.312904211154E-05,5.750538948206E-05,
    7.188173685257E-05,8.625808422309E-05,1.006344315936E-04,
    1.150107789641E-04,1.293871263346E-04,1.437634737051E-04,
    1.581398210757E-04,1.725161684462E-04,1.868925158167E-04,
    2.012688631872E-04,2.156452105577E-04,2.300215579282E-04,
    2.443979052988E-04,2.587742526693E-04,2.731506000398E-04,
    2.875269474103E-04,3.019032947808E-04,3.162796421513E-04,
    3.306559895218E-04,3.450323368924E-04,3.594086842629E-04,
    3.737850316334E-04,3.881613790039E-04,4.025377263744E-04,
    4.169140737449E-04,4.312904211154E-04,4.45666768486E-04,
    4.600431158565E-04,4.74419463227E-04,4.887958105975E-04,
    5.03172157968E-04,5.175485053385E-04,5.319248527091E-04,
    5.463012000796E-04,5.606775474501E-04,5.750538948206E-04,
    5.894302421911E-04,6.038065895616E-04,6.181829369321E-04,
    6.325592843027E-04,6.469356316732E-04,6.613119790437E-04,
    6.756883264142E-04,6.900646737847E-04,7.044410211552E-04,
    7.188173685257E-04,7.331937158963E-04,7.475700632668E-04,
    7.619464106373E-04,7.763227580078E-04,7.906991053783E-04,
    8.050754527488E-04,8.194518001193E-04,8.338281474899E-04,
    8.482044948604E-04,8.625808422309E-04,8.769571896014E-04,
    8.913335369719E-04,9.057098843424E-04,9.20086231713E-04,
    9.344625790835E-04,9.48838926454E-04,9.632152738245E-04,
    9.77591621195E-04,9.919679685655E-04,1.006344315936E-03,
    1.020720663307E-03,1.035097010677E-03,1.049473358048E-03,
    1.063849705418E-03,1.078226052789E-03,1.092602400159E-03,
    1.10697874753E-03,1.1213550949E-03,1.135731442271E-03,
    1.150107789641E-03,1.164484137012E-03,1.178860484382E-03,
    1.193236831753E-03,1.207613179123E-03,1.221989526494E-03,
    1.236365873864E-03,1.250742221235E-03,1.265118568605E-03),
  .UNSPECIFIED.);
#591 = CARTESIAN_POINT('',(0.649388442082,-8.558428600721));
#592 = CARTESIAN_POINT('',(0.649225868606,-8.55994147441));
#593 = CARTESIAN_POINT('',(0.64890164363,-8.563022801608));
#594 = CARTESIAN_POINT('',(0.648418073894,-8.567811647755));
#595 = CARTESIAN_POINT('',(0.647937273678,-8.572767465137));
#596 = CARTESIAN_POINT('',(0.647459244783,-8.577890369656));
#597 = CARTESIAN_POINT('',(0.646983989009,-8.583180477159));
#598 = CARTESIAN_POINT('',(0.646511508164,-8.588637903692));
#599 = CARTESIAN_POINT('',(0.64604180405,-8.594262764566));
#600 = CARTESIAN_POINT('',(0.645574878515,-8.600055177826));
#601 = CARTESIAN_POINT('',(0.645110733243,-8.606015251318));
#602 = CARTESIAN_POINT('',(0.644649370552,-8.612143130951));
#603 = CARTESIAN_POINT('',(0.644190790408,-8.618438820584));
#604 = CARTESIAN_POINT('',(0.643735001581,-8.624902854206));
#605 = CARTESIAN_POINT('',(0.643282025563,-8.631536535331));
#606 = CARTESIAN_POINT('',(0.642831875194,-8.638340636424));
#607 = CARTESIAN_POINT('',(0.64238456517,-8.645316075215));
#608 = CARTESIAN_POINT('',(0.64194011144,-8.652463719431));
#609 = CARTESIAN_POINT('',(0.641498523101,-8.659784491534));
#610 = CARTESIAN_POINT('',(0.641059839147,-8.667279369341));
#611 = CARTESIAN_POINT('',(0.640624009841,-8.6749511463));
#612 = CARTESIAN_POINT('',(0.640192881142,-8.682767698117));
#613 = CARTESIAN_POINT('',(0.639766276397,-8.690731257067));
#614 = CARTESIAN_POINT('',(0.639344215152,-8.698841240773));
#615 = CARTESIAN_POINT('',(0.638926665261,-8.707096940361));
#616 = CARTESIAN_POINT('',(0.638513620566,-8.71549807253));
#617 = CARTESIAN_POINT('',(0.638105091664,-8.724045005452));
#618 = CARTESIAN_POINT('',(0.637701084665,-8.732737932751));
#619 = CARTESIAN_POINT('',(0.637301606888,-8.741577094776));
#620 = CARTESIAN_POINT('',(0.636906665336,-8.75056271952));
#621 = CARTESIAN_POINT('',(0.636516267086,-8.759695037672));
#622 = CARTESIAN_POINT('',(0.636130419269,-8.768974281497));
#623 = CARTESIAN_POINT('',(0.635749128743,-8.778400674264));
#624 = CARTESIAN_POINT('',(0.635372403434,-8.78797447364));
#625 = CARTESIAN_POINT('',(0.635000247295,-8.797695808702));
#626 = CARTESIAN_POINT('',(0.634632679127,-8.807565288491));
#627 = CARTESIAN_POINT('',(0.634269739916,-8.817584235844));
#628 = CARTESIAN_POINT('',(0.633911455715,-8.827753500312));
#629 = CARTESIAN_POINT('',(0.633557856885,-8.838074036644));
#630 = CARTESIAN_POINT('',(0.6332089715,-8.848546852081));
#631 = CARTESIAN_POINT('',(0.632864832504,-8.859172638709));
#632 = CARTESIAN_POINT('',(0.632525461376,-8.86995348121));
#633 = CARTESIAN_POINT('',(0.63219097844,-8.880888076269));
#634 = CARTESIAN_POINT('',(0.631861137075,-8.891987827341));
#635 = CARTESIAN_POINT('',(0.631536912994,-8.903222288018));
#636 = CARTESIAN_POINT('',(0.631219364301,-8.914555618307));
#637 = CARTESIAN_POINT('',(0.630908174933,-8.92599440739));
#638 = CARTESIAN_POINT('',(0.630603410668,-8.937536584299));
#639 = CARTESIAN_POINT('',(0.630305054954,-8.949182722107));
#640 = CARTESIAN_POINT('',(0.630013113301,-8.960932685428));
#641 = CARTESIAN_POINT('',(0.629727585312,-8.972786528672));
#642 = CARTESIAN_POINT('',(0.629448472184,-8.984744255518));
#643 = CARTESIAN_POINT('',(0.629175774661,-8.996805882777));
#644 = CARTESIAN_POINT('',(0.628909493719,-9.008971425467));
#645 = CARTESIAN_POINT('',(0.628649629879,-9.021240892639));
#646 = CARTESIAN_POINT('',(0.628396185272,-9.03361431901));
#647 = CARTESIAN_POINT('',(0.628149156056,-9.046091642597));
#648 = CARTESIAN_POINT('',(0.627908560694,-9.058673162552));
#649 = CARTESIAN_POINT('',(0.627674449885,-9.071359700293));
#650 = CARTESIAN_POINT('',(0.627446852106,-9.084151716378));
#651 = CARTESIAN_POINT('',(0.627225801526,-9.0970497671));
#652 = CARTESIAN_POINT('',(0.627011331783,-9.11005438667));
#653 = CARTESIAN_POINT('',(0.62680347296,-9.123166101897));
#654 = CARTESIAN_POINT('',(0.626602278007,-9.136385622648));
#655 = CARTESIAN_POINT('',(0.626407793863,-9.14971426014));
#656 = CARTESIAN_POINT('',(0.626220092383,-9.163151121381));
#657 = CARTESIAN_POINT('',(0.626039153555,-9.176703557802));
#658 = CARTESIAN_POINT('',(0.62586538443,-9.190346403058));
#659 = CARTESIAN_POINT('',(0.625699588964,-9.204014686788));
#660 = CARTESIAN_POINT('',(0.625541499354,-9.217725486534));
#661 = CARTESIAN_POINT('',(0.625391150168,-9.231474040011));
#662 = CARTESIAN_POINT('',(0.625248494731,-9.245261435784));
#663 = CARTESIAN_POINT('',(0.625113508967,-9.259087198841));
#664 = CARTESIAN_POINT('',(0.624986159654,-9.272951257629));
#665 = CARTESIAN_POINT('',(0.624866430832,-9.286853506726));
#666 = CARTESIAN_POINT('',(0.624754321831,-9.300793949596));
#667 = CARTESIAN_POINT('',(0.62464982876,-9.314772564915));
#668 = CARTESIAN_POINT('',(0.624552948592,-9.328789338004));
#669 = CARTESIAN_POINT('',(0.624463678069,-9.342844252397));
#670 = CARTESIAN_POINT('',(0.624382013998,-9.356937292128));
#671 = CARTESIAN_POINT('',(0.624307978952,-9.37106857032));
#672 = CARTESIAN_POINT('',(0.624241595575,-9.385238200476));
#673 = CARTESIAN_POINT('',(0.624182886252,-9.399446294788));
#674 = CARTESIAN_POINT('',(0.624131874338,-9.413692970313));
#675 = CARTESIAN_POINT('',(0.624088579568,-9.427978325962));
#676 = CARTESIAN_POINT('',(0.624053038738,-9.442302546157));
#677 = CARTESIAN_POINT('',(0.624025305702,-9.456665900826));
#678 = CARTESIAN_POINT('',(0.624005430694,-9.471068641755));
#679 = CARTESIAN_POINT('',(0.623993464919,-9.48551102559));
#680 = CARTESIAN_POINT('',(0.623990794521,-9.495165880312));
#681 = CARTESIAN_POINT('',(0.623990794521,-9.5));
#682 = ( GEOMETRIC_REPRESENTATION_CONTEXT(2) 
PARAMETRIC_REPRESENTATION_CONTEXT() REPRESENTATION_CONTEXT('2D SPACE',''
  ) );
#683 = PCURVE('',#684,#793);
#684 = ( BOUNDED_SURFACE() B_SPLINE_SURFACE(3,2,(
    (#685,#686,#687)
    ,(#688,#689,#690)
    ,(#691,#692,#693)
    ,(#694,#695,#696)
    ,(#697,#698,#699)
    ,(#700,#701,#702)
    ,(#703,#704,#705)
    ,(#706,#707,#708)
    ,(#709,#710,#711)
    ,(#712,#713,#714)
    ,(#715,#716,#717)
    ,(#718,#719,#720)
    ,(#721,#722,#723)
    ,(#724,#725,#726)
    ,(#727,#728,#729)
    ,(#730,#731,#732)
    ,(#733,#734,#735)
    ,(#736,#737,#738)
    ,(#739,#740,#741)
    ,(#742,#743,#744)
    ,(#745,#746,#747)
    ,(#748,#749,#750)
    ,(#751,#752,#753)
    ,(#754,#755,#756)
    ,(#757,#758,#759)
    ,(#760,#761,#762)
    ,(#763,#764,#765)
    ,(#766,#767,#768)
    ,(#769,#770,#771)
    ,(#772,#773,#774)
    ,(#775,#776,#777)
    ,(#778,#779,#780)
    ,(#781,#782,#783)
    ,(#784,#785,#786)
    ,(#787,#788,#789)
    ,(#790,#791,#792
)),.UNSPECIFIED.,.F.,.F.,.F.) B_SPLINE_SURFACE_WITH_KNOTS((4,2,2,2,2,2,2
    ,2,2,2,2,2,2,2,2,2,2,4),(3,3),(3.294563352516E-03,3.449608931531E-03
    ,3.604654510547E-03,3.624035207924E-03,3.643415905301E-03,
    3.682177300055E-03,3.759700089563E-03,3.914745668578E-03,
    3.934126365955E-03,3.953507063332E-03,3.992268458086E-03,
    4.069791247594E-03,4.22483682661E-03,4.263598221364E-03,
    4.282978918741E-03,4.302359616118E-03,4.379882405625E-03,
    4.534927984641E-03),(0.,1.),.UNSPECIFIED.) 
GEOMETRIC_REPRESENTATION_ITEM() RATIONAL_B_SPLINE_SURFACE((
    (1.,0.605701088585,1.)
    ,(1.,0.605702134516,1.)
    ,(1.,0.606089034268,1.)
    ,(1.,0.607610262737,1.)
    ,(1.,0.60874362581,1.)
    ,(1.,0.610456663614,1.)
    ,(1.,0.610653295737,1.)
    ,(1.,0.611058164818,1.)
    ,(1.,0.611266087429,1.)
    ,(1.,0.611906193469,1.)
    ,(1.,0.612354708603,1.)
    ,(1.,0.613764849278,1.)
    ,(1.,0.614790968217,1.)
    ,(1.,0.618125416035,1.)
    ,(1.,0.62068825654,1.)
    ,(1.,0.62396960874,1.)
    ,(1.,0.624339766453,1.)
    ,(1.,0.625091321562,1.)
    ,(1.,0.625473142259,1.)
    ,(1.,0.626631844805,1.)
    ,(1.,0.627421916149,1.)
    ,(1.,0.629844355536,1.)
    ,(1.,0.631528878187,1.)
    ,(1.,0.63678922131,1.)
    ,(1.,0.64057075724,1.)
    ,(1.,0.645651154395,1.)
    ,(1.,0.646684992171,1.)
    ,(1.,0.648262838251,1.)
    ,(1.,0.648793836721,1.)
    ,(1.,0.649862084384,1.)
    ,(1.,0.650399105209,1.)
    ,(1.,0.65309860768,1.)
    ,(1.,0.655304234517,1.)
    ,(1.,0.662057135919,1.)
    ,(1.,0.666740153392,1.)
,(1.,0.671605142652,1.))) REPRESENTATION_ITEM('') SURFACE() );
#685 = CARTESIAN_POINT('',(-13.98063719894,-9.5,-29.11522094589));
#686 = CARTESIAN_POINT('',(-12.91452288383,-9.5,-29.88277103438));
#687 = CARTESIAN_POINT('',(-12.45853425849,-9.5,-28.65077783441));
#688 = CARTESIAN_POINT('',(-13.98063720705,-9.447554623384,
    -29.11522094006));
#689 = CARTESIAN_POINT('',(-12.91452290535,-9.376075758719,
    -29.88277101948));
#690 = CARTESIAN_POINT('',(-12.4585342576,-9.395109246894,
    -28.65077783201));
#691 = CARTESIAN_POINT('',(-13.98421637584,-9.39583522856,-29.1126453136
    ));
#692 = CARTESIAN_POINT('',(-12.9240035184,-9.254031543308,
    -29.87620310439));
#693 = CARTESIAN_POINT('',(-12.46583142026,-9.291670456956,
    -28.64687046829));
#694 = CARTESIAN_POINT('',(-13.99820593577,-9.293793491338,
    -29.10256369277));
#695 = CARTESIAN_POINT('',(-12.96090775833,-9.014502452229,
    -29.85058267396));
#696 = CARTESIAN_POINT('',(-12.49435764612,-9.087586982839,
    -28.63158246221));
#697 = CARTESIAN_POINT('',(-14.00861718046,-9.243469589764,
    -29.09505717367));
#698 = CARTESIAN_POINT('',(-12.98824351276,-8.897298620516,
    -29.83159148224));
#699 = CARTESIAN_POINT('',(-12.51558844198,-8.986939181675,
    -28.62020097811));
#700 = CARTESIAN_POINT('',(-14.02427028202,-9.187661420398,
    -29.08374409664));
#701 = CARTESIAN_POINT('',(-13.02908642798,-8.768591392746,
    -29.8031159989));
#702 = CARTESIAN_POINT('',(-12.54751704183,-8.875322840527,
    -28.6030597784));
#703 = CARTESIAN_POINT('',(-14.02606611567,-9.181466645958,
    -29.08244587846));
#704 = CARTESIAN_POINT('',(-13.03375684733,-8.75436015805,
    -29.79985868843));
#705 = CARTESIAN_POINT('',(-12.55118021045,-8.862933291507,
    -28.60109289256));
#706 = CARTESIAN_POINT('',(-14.02976164299,-9.169123589327,
    -29.07977365794));
#707 = CARTESIAN_POINT('',(-13.04335667807,-8.726054614622,
    -29.79316084522));
#708 = CARTESIAN_POINT('',(-12.55871862638,-8.838247179062,
    -28.59704460708));
#709 = CARTESIAN_POINT('',(-14.03165846944,-9.162984529021,
    -29.07840172932));
#710 = CARTESIAN_POINT('',(-13.04827830356,-8.712001833372,
    -29.78972574908));
#711 = CARTESIAN_POINT('',(-12.56258802034,-8.825969057657,
    -28.59496635071));
#712 = CARTESIAN_POINT('',(-14.03749449105,-9.144663718854,
    -29.07417951179));
#713 = CARTESIAN_POINT('',(-13.06339710263,-8.670157099341,
    -29.77916915461));
#714 = CARTESIAN_POINT('',(-12.57449347306,-8.789327438477,
    -28.5885708561));
#715 = CARTESIAN_POINT('',(-14.04157917663,-9.132578304888,
    -29.07122283082));
#716 = CARTESIAN_POINT('',(-13.0739565438,-8.642651591891,
    -29.77179054553));
#717 = CARTESIAN_POINT('',(-12.58282667904,-8.765156609123,
    -28.58409295855));
#718 = CARTESIAN_POINT('',(-14.0544043629,-9.096700706383,-29.0619336388
    ));
#719 = CARTESIAN_POINT('',(-13.10699768461,-8.56139451613,
    -29.74868143529));
#720 = CARTESIAN_POINT('',(-12.6089932806,-8.693401414071,
    -28.57002694737));
#721 = CARTESIAN_POINT('',(-14.06371515641,-9.07328660159,
    -29.05518262111));
#722 = CARTESIAN_POINT('',(-13.13087286361,-8.50879165986,
    -29.73195645838));
#723 = CARTESIAN_POINT('',(-12.62799191556,-8.646573202531,
    -28.55980748338));
#724 = CARTESIAN_POINT('',(-14.09387515968,-9.004525254191,
    -29.03328164429));
#725 = CARTESIAN_POINT('',(-13.20759203148,-8.356088253284,
    -29.67809515293));
#726 = CARTESIAN_POINT('',(-12.68954356802,-8.509050509677,
    -28.52666868591));
#727 = CARTESIAN_POINT('',(-14.11693935336,-8.960650391385,
    -29.01649369847));
#728 = CARTESIAN_POINT('',(-13.26561298351,-8.26061707541,-29.6372180012
    ));
#729 = CARTESIAN_POINT('',(-12.73662628117,-8.421300785569,
    -28.50128366555));
#730 = CARTESIAN_POINT('',(-14.14622805881,-8.913527147868,
    -28.99508924682));
#731 = CARTESIAN_POINT('',(-13.33842514458,-8.160359947687,
    -29.58561709441));
#732 = CARTESIAN_POINT('',(-12.79644250567,-8.327054295387,
    -28.46895505331));
#733 = CARTESIAN_POINT('',(-14.14952903442,-8.908322467496,
    -28.99267579338));
#734 = CARTESIAN_POINT('',(-13.34658120433,-8.14937200245,
    -29.57983323524));
#735 = CARTESIAN_POINT('',(-12.8031844148,-8.316644935424,
    -28.46531030848));
#736 = CARTESIAN_POINT('',(-14.15622485206,-8.897975979442,
    -28.98777795723));
#737 = CARTESIAN_POINT('',(-13.36309084735,-8.127609777282,
    -29.56811734477));
#738 = CARTESIAN_POINT('',(-12.81686066455,-8.295951958452,
    -28.45791469173));
#739 = CARTESIAN_POINT('',(-14.15962345691,-8.892828657243,
    -28.98529081865));
#740 = CARTESIAN_POINT('',(-13.3714531523,-8.116824121243,
    -29.56217912326));
#741 = CARTESIAN_POINT('',(-12.82380269386,-8.285657313714,
    -28.45415965965));
#742 = CARTESIAN_POINT('',(-14.16992714373,-8.877531528791,
    -28.97774682802));
#743 = CARTESIAN_POINT('',(-13.39673581651,-8.084913980572,
    -29.54421272049));
#744 = CARTESIAN_POINT('',(-12.84485026709,-8.255063059125,
    -28.44277145023));
#745 = CARTESIAN_POINT('',(-14.1769396824,-8.867525877503,
    -28.97260771883));
#746 = CARTESIAN_POINT('',(-13.41387968622,-8.064194924285,
    -29.5320131859));
#747 = CARTESIAN_POINT('',(-12.85917643352,-8.235051753717,
    -28.4350156382));
#748 = CARTESIAN_POINT('',(-14.19839777131,-8.838074488109,
    -28.9568663597));
#749 = CARTESIAN_POINT('',(-13.46604050239,-8.003785011871,
    -29.49484049984));
#750 = CARTESIAN_POINT('',(-12.90301893471,-8.176148978796,
    -28.41126598375));
#751 = CARTESIAN_POINT('',(-14.2132631733,-8.819193484594,-28.945940548)
  );
#752 = CARTESIAN_POINT('',(-13.50189947124,-7.965680220631,
    -29.46921346498));
#753 = CARTESIAN_POINT('',(-12.93339797321,-8.138386967733,
    -28.39479063676));
#754 = CARTESIAN_POINT('',(-14.2594859149,-8.764749175933,
    -28.91189243108));
#755 = CARTESIAN_POINT('',(-13.61204568984,-7.85813098937,
    -29.39024005435));
#756 = CARTESIAN_POINT('',(-13.02788271727,-8.029498354773,
    -28.34348061779));
#757 = CARTESIAN_POINT('',(-14.29246087425,-8.731372509022,
    -28.88750642735));
#758 = CARTESIAN_POINT('',(-13.68933121417,-7.794775753769,
    -29.33450042789));
#759 = CARTESIAN_POINT('',(-13.09531767266,-7.962745020538,
    -28.30677232698));
#760 = CARTESIAN_POINT('',(-14.33634461182,-8.6932903608,-28.85488483017
    ));
#761 = CARTESIAN_POINT('',(-13.79050552307,-7.725700293088,
    -29.26097712283));
#762 = CARTESIAN_POINT('',(-13.18511427781,-7.886580720976,
    -28.25773840105));
#763 = CARTESIAN_POINT('',(-14.34525532539,-8.685856830947,
    -28.84825299795));
#764 = CARTESIAN_POINT('',(-13.81084223586,-7.712470852806,
    -29.24617231092));
#765 = CARTESIAN_POINT('',(-13.20335021625,-7.871713662909,
    -28.24777336004));
#766 = CARTESIAN_POINT('',(-14.35882386424,-8.67498362872,
    -28.83814170545));
#767 = CARTESIAN_POINT('',(-13.84166496471,-7.693393275457,
    -29.2236917841));
#768 = CARTESIAN_POINT('',(-13.2311225128,-7.849967256932,
    -28.23258548009));
#769 = CARTESIAN_POINT('',(-14.36338504216,-8.671401933602,
    -28.83474059329));
#770 = CARTESIAN_POINT('',(-13.85198934676,-7.687163244749,
    -29.21615478476));
#771 = CARTESIAN_POINT('',(-13.24045906751,-7.842803866197,
    -28.22747765979));
#772 = CARTESIAN_POINT('',(-14.37255065159,-8.664350350914,
    -28.82790174389));
#773 = CARTESIAN_POINT('',(-13.87267840893,-7.674996191199,
    -29.20103713024));
#774 = CARTESIAN_POINT('',(-13.25922208979,-7.828700702834,
    -28.21720885552));
#775 = CARTESIAN_POINT('',(-14.37715313645,-8.660881785849,
    -28.82446546424));
#776 = CARTESIAN_POINT('',(-13.88303845595,-7.669060998461,
    -29.19345990128));
#777 = CARTESIAN_POINT('',(-13.26864456826,-7.821763570783,
    -28.21205005923));
#778 = CARTESIAN_POINT('',(-14.40026270089,-8.643822003061,
    -28.80720043826));
#779 = CARTESIAN_POINT('',(-13.93478336468,-7.640188182103,
    -29.15557834111));
#780 = CARTESIAN_POINT('',(-13.31595932539,-7.787644009785,
    -28.18613519464));
#781 = CARTESIAN_POINT('',(-14.41906074033,-8.631078643883,
    -28.79312115059));
#782 = CARTESIAN_POINT('',(-13.97650693395,-7.619354363508,
    -29.12491922799));
#783 = CARTESIAN_POINT('',(-13.35445772523,-7.762157285573,-28.165017005
    ));
#784 = CARTESIAN_POINT('',(-14.47634957603,-8.595476275091,
    -28.75009748438));
#785 = CARTESIAN_POINT('',(-14.10179256779,-7.563691072892,
    -29.03249259502));
#786 = CARTESIAN_POINT('',(-13.47182164027,-7.690952554567,
    -28.10053226159));
#787 = CARTESIAN_POINT('',(-14.51573075398,-8.57523080089,-28.7203706832
    ));
#788 = CARTESIAN_POINT('',(-14.18623647661,-7.535134719078,
    -28.96972011046));
#789 = CARTESIAN_POINT('',(-13.55254639136,-7.65046181509,-28.0560408549
    ));
#790 = CARTESIAN_POINT('',(-14.55626686629,-8.55842860072,
    -28.68959405082));
#791 = CARTESIAN_POINT('',(-14.27173741871,-7.514681609688,
    -28.9056201498));
#792 = CARTESIAN_POINT('',(-13.63569555555,-7.616857201441,
    -28.01005163761));
#793 = DEFINITIONAL_REPRESENTATION('',(#794),#886);
#794 = B_SPLINE_CURVE_WITH_KNOTS('',3,(#795,#796,#797,#798,#799,#800,
    #801,#802,#803,#804,#805,#806,#807,#808,#809,#810,#811,#812,#813,
    #814,#815,#816,#817,#818,#819,#820,#821,#822,#823,#824,#825,#826,
    #827,#828,#829,#830,#831,#832,#833,#834,#835,#836,#837,#838,#839,
    #840,#841,#842,#843,#844,#845,#846,#847,#848,#849,#850,#851,#852,
    #853,#854,#855,#856,#857,#858,#859,#860,#861,#862,#863,#864,#865,
    #866,#867,#868,#869,#870,#871,#872,#873,#874,#875,#876,#877,#878,
    #879,#880,#881,#882,#883,#884,#885),.UNSPECIFIED.,.F.,.F.,(4,1,1,1,1
    ,1,1,1,1,1,1,1,1,1,1,1,1,1,1,1,1,1,1,1,1,1,1,1,1,1,1,1,1,1,1,1,1,1,1
    ,1,1,1,1,1,1,1,1,1,1,1,1,1,1,1,1,1,1,1,1,1,1,1,1,1,1,1,1,1,1,1,1,1,1
    ,1,1,1,1,1,1,1,1,1,1,1,1,1,1,1,4),(0.,1.437634737051E-05,
    2.875269474103E-05,4.312904211154E-05,5.750538948206E-05,
    7.188173685257E-05,8.625808422309E-05,1.006344315936E-04,
    1.150107789641E-04,1.293871263346E-04,1.437634737051E-04,
    1.581398210757E-04,1.725161684462E-04,1.868925158167E-04,
    2.012688631872E-04,2.156452105577E-04,2.300215579282E-04,
    2.443979052988E-04,2.587742526693E-04,2.731506000398E-04,
    2.875269474103E-04,3.019032947808E-04,3.162796421513E-04,
    3.306559895218E-04,3.450323368924E-04,3.594086842629E-04,
    3.737850316334E-04,3.881613790039E-04,4.025377263744E-04,
    4.169140737449E-04,4.312904211154E-04,4.45666768486E-04,
    4.600431158565E-04,4.74419463227E-04,4.887958105975E-04,
    5.03172157968E-04,5.175485053385E-04,5.319248527091E-04,
    5.463012000796E-04,5.606775474501E-04,5.750538948206E-04,
    5.894302421911E-04,6.038065895616E-04,6.181829369321E-04,
    6.325592843027E-04,6.469356316732E-04,6.613119790437E-04,
    6.756883264142E-04,6.900646737847E-04,7.044410211552E-04,
    7.188173685257E-04,7.331937158963E-04,7.475700632668E-04,
    7.619464106373E-04,7.763227580078E-04,7.906991053783E-04,
    8.050754527488E-04,8.194518001193E-04,8.338281474899E-04,
    8.482044948604E-04,8.625808422309E-04,8.769571896014E-04,
    8.913335369719E-04,9.057098843424E-04,9.20086231713E-04,
    9.344625790835E-04,9.48838926454E-04,9.632152738245E-04,
    9.77591621195E-04,9.919679685655E-04,1.006344315936E-03,
    1.020720663307E-03,1.035097010677E-03,1.049473358048E-03,
    1.063849705418E-03,1.078226052789E-03,1.092602400159E-03,
    1.10697874753E-03,1.1213550949E-03,1.135731442271E-03,
    1.150107789641E-03,1.164484137012E-03,1.178860484382E-03,
    1.193236831753E-03,1.207613179123E-03,1.221989526494E-03,
    1.236365873864E-03,1.250742221235E-03,1.265118568605E-03),
  .UNSPECIFIED.);
#795 = CARTESIAN_POINT('',(4.534927984641E-03,0.));
#796 = CARTESIAN_POINT('',(4.530274538461E-03,1.364211040386E-10));
#797 = CARTESIAN_POINT('',(4.520968436609E-03,-3.879136793096E-09));
#798 = CARTESIAN_POINT('',(4.507011645455E-03,-1.953906012883E-08));
#799 = CARTESIAN_POINT('',(4.493057205926E-03,-4.167609019419E-08));
#800 = CARTESIAN_POINT('',(4.479105108345E-03,-6.688877800058E-08));
#801 = CARTESIAN_POINT('',(4.465155343266E-03,-9.160134305409E-08));
#802 = CARTESIAN_POINT('',(4.451207901529E-03,-1.12133386837E-07));
#803 = CARTESIAN_POINT('',(4.43726277425E-03,-1.243855180317E-07));
#804 = CARTESIAN_POINT('',(4.423319952918E-03,-1.250619703995E-07));
#805 = CARTESIAN_POINT('',(4.409379429137E-03,-1.071319821973E-07));
#806 = CARTESIAN_POINT('',(4.395441195666E-03,-7.680188845455E-08));
#807 = CARTESIAN_POINT('',(4.381505242623E-03,9.791974803423E-09));
#808 = CARTESIAN_POINT('',(4.367571571737E-03,1.028198098331E-08));
#809 = CARTESIAN_POINT('',(4.35364023525E-03,1.329906692639E-09));
#810 = CARTESIAN_POINT('',(4.339711238177E-03,-1.564434920522E-08));
#811 = CARTESIAN_POINT('',(4.325784586542E-03,-2.63869294448E-08));
#812 = CARTESIAN_POINT('',(4.311860331564E-03,-1.912855043963E-08));
#813 = CARTESIAN_POINT('',(4.297938346936E-03,7.469930896692E-09));
#814 = CARTESIAN_POINT('',(4.284019158802E-03,-8.721018516839E-09));
#815 = CARTESIAN_POINT('',(4.270100594403E-03,1.491907366855E-08));
#816 = CARTESIAN_POINT('',(4.256177939414E-03,-2.26380404151E-09));
#817 = CARTESIAN_POINT('',(4.242246215579E-03,7.127463083326E-09));
#818 = CARTESIAN_POINT('',(4.228308247291E-03,-3.856341216124E-08));
#819 = CARTESIAN_POINT('',(4.214363271286E-03,1.402678552759E-07));
#820 = CARTESIAN_POINT('',(4.200411572184E-03,1.795731472232E-07));
#821 = CARTESIAN_POINT('',(4.186453056896E-03,1.645795520152E-07));
#822 = CARTESIAN_POINT('',(4.172487728308E-03,9.611559619476E-08));
#823 = CARTESIAN_POINT('',(4.158515565383E-03,-1.505023738314E-09));
#824 = CARTESIAN_POINT('',(4.144536555384E-03,-1.096270668687E-07));
#825 = CARTESIAN_POINT('',(4.130550685406E-03,-2.067355172717E-07));
#826 = CARTESIAN_POINT('',(4.116557944515E-03,-2.735708599787E-07));
#827 = CARTESIAN_POINT('',(4.102558324153E-03,-2.813840392518E-07));
#828 = CARTESIAN_POINT('',(4.088551814838E-03,-2.340117470583E-07));
#829 = CARTESIAN_POINT('',(4.074538419399E-03,-1.154144486133E-08));
#830 = CARTESIAN_POINT('',(4.060518103744E-03,4.619179243743E-08));
#831 = CARTESIAN_POINT('',(4.046490800748E-03,3.576303333504E-08));
#832 = CARTESIAN_POINT('',(4.032456469321E-03,1.559673351538E-09));
#833 = CARTESIAN_POINT('',(4.018415073643E-03,-3.455899399032E-08));
#834 = CARTESIAN_POINT('',(4.004366540405E-03,-4.407442989951E-08));
#835 = CARTESIAN_POINT('',(3.990310957399E-03,1.831295931113E-08));
#836 = CARTESIAN_POINT('',(3.976247792762E-03,-2.285947504465E-09));
#837 = CARTESIAN_POINT('',(3.962178656609E-03,-2.223210608923E-09));
#838 = CARTESIAN_POINT('',(3.948097282193E-03,-1.992067855045E-08));
#839 = CARTESIAN_POINT('',(3.934016420968E-03,2.678796511139E-08));
#840 = CARTESIAN_POINT('',(3.919924613643E-03,-3.177512689965E-07));
#841 = CARTESIAN_POINT('',(3.905827547595E-03,8.995332998885E-08));
#842 = CARTESIAN_POINT('',(3.89172390335E-03,2.00323713718E-07));
#843 = CARTESIAN_POINT('',(3.877614036068E-03,2.41523501099E-07));
#844 = CARTESIAN_POINT('',(3.863497834126E-03,1.889662195789E-07));
#845 = CARTESIAN_POINT('',(3.849375314124E-03,8.582298834715E-08));
#846 = CARTESIAN_POINT('',(3.835246461474E-03,-4.314922222114E-08));
#847 = CARTESIAN_POINT('',(3.821111273195E-03,-1.67753053678E-07));
#848 = CARTESIAN_POINT('',(3.806969746281E-03,-2.619263483496E-07));
#849 = CARTESIAN_POINT('',(3.792821881485E-03,-2.896260277708E-07));
#850 = CARTESIAN_POINT('',(3.778667679831E-03,-2.520498064516E-07));
#851 = CARTESIAN_POINT('',(3.764507152761E-03,-1.319783973888E-08));
#852 = CARTESIAN_POINT('',(3.75034028493E-03,4.926550190145E-08));
#853 = CARTESIAN_POINT('',(3.736167017086E-03,4.014331317094E-08));
#854 = CARTESIAN_POINT('',(3.721987320947E-03,7.45735605303E-09));
#855 = CARTESIAN_POINT('',(3.707801163374E-03,-2.835781931458E-08));
#856 = CARTESIAN_POINT('',(3.693608512971E-03,-3.792275380704E-08));
#857 = CARTESIAN_POINT('',(3.679409352569E-03,1.58096464841E-08));
#858 = CARTESIAN_POINT('',(3.665203595719E-03,-1.014373520257E-10));
#859 = CARTESIAN_POINT('',(3.65099126467E-03,-1.45729596858E-08));
#860 = CARTESIAN_POINT('',(3.636772068695E-03,5.994413884881E-09));
#861 = CARTESIAN_POINT('',(3.622546860337E-03,-3.036182118719E-08));
#862 = CARTESIAN_POINT('',(3.60831372806E-03,2.193588163923E-08));
#863 = CARTESIAN_POINT('',(3.594081367387E-03,-2.495431907034E-08));
#864 = CARTESIAN_POINT('',(3.579844817642E-03,-6.928203696098E-07));
#865 = CARTESIAN_POINT('',(3.565606056069E-03,-1.579957640437E-06));
#866 = CARTESIAN_POINT('',(3.551364484711E-03,-2.470108295081E-06));
#867 = CARTESIAN_POINT('',(3.537120226611E-03,-3.111020228468E-06));
#868 = CARTESIAN_POINT('',(3.522873236075E-03,-3.203946012021E-06));
#869 = CARTESIAN_POINT('',(3.508623568715E-03,-2.729150346388E-06));
#870 = CARTESIAN_POINT('',(3.49437128098E-03,-1.952610512221E-06));
#871 = CARTESIAN_POINT('',(3.480116404756E-03,-1.079830435178E-06));
#872 = CARTESIAN_POINT('',(3.465858955158E-03,-3.400145685848E-07));
#873 = CARTESIAN_POINT('',(3.451598916125E-03,6.602244454374E-08));
#874 = CARTESIAN_POINT('',(3.437336289144E-03,-1.555035377909E-07));
#875 = CARTESIAN_POINT('',(3.423071081648E-03,-8.743246922035E-07));
#876 = CARTESIAN_POINT('',(3.408803227032E-03,-1.805879060244E-06));
#877 = CARTESIAN_POINT('',(3.394532708173E-03,-2.699417239413E-06));
#878 = CARTESIAN_POINT('',(3.380259522664E-03,-3.309773794529E-06));
#879 = CARTESIAN_POINT('',(3.365983704515E-03,-3.329339834525E-06));
#880 = CARTESIAN_POINT('',(3.351705262433E-03,-2.75534282991E-06));
#881 = CARTESIAN_POINT('',(3.337424140131E-03,-1.888248713047E-06));
#882 = CARTESIAN_POINT('',(3.323140266901E-03,-9.598633227141E-07));
#883 = CARTESIAN_POINT('',(3.308853549515E-03,-2.158250827816E-07));
#884 = CARTESIAN_POINT('',(3.29932709375E-03,9.977993388552E-10));
#885 = CARTESIAN_POINT('',(3.294563352516E-03,0.));
#886 = ( GEOMETRIC_REPRESENTATION_CONTEXT(2) 
PARAMETRIC_REPRESENTATION_CONTEXT() REPRESENTATION_CONTEXT('2D SPACE',''
  ) );
#887 = ORIENTED_EDGE('',*,*,#888,.T.);
#888 = EDGE_CURVE('',#549,#889,#891,.T.);
#889 = VERTEX_POINT('',#890);
#890 = CARTESIAN_POINT('',(-13.98063719894,-10.5,-29.11522094589));
#891 = SURFACE_CURVE('',#892,(#896,#903),.PCURVE_S1.);
#892 = LINE('',#893,#894);
#893 = CARTESIAN_POINT('',(-13.98063719894,0.,-29.11522094589));
#894 = VECTOR('',#895,1.);
#895 = DIRECTION('',(0.,-1.,0.));
#896 = PCURVE('',#384,#897);
#897 = DEFINITIONAL_REPRESENTATION('',(#898),#902);
#898 = LINE('',#899,#900);
#899 = CARTESIAN_POINT('',(0.623990794521,0.));
#900 = VECTOR('',#901,1.);
#901 = DIRECTION('',(0.,-1.));
#902 = ( GEOMETRIC_REPRESENTATION_CONTEXT(2) 
PARAMETRIC_REPRESENTATION_CONTEXT() REPRESENTATION_CONTEXT('2D SPACE',''
  ) );
#903 = PCURVE('',#904,#909);
#904 = CYLINDRICAL_SURFACE('',#905,1.);
#905 = AXIS2_PLACEMENT_3D('',#906,#907,#908);
#906 = CARTESIAN_POINT('',(-13.39635865225,0.,-28.3036677561));
#907 = DIRECTION('',(0.,1.,0.));
#908 = DIRECTION('',(0.,0.,-1.));
#909 = DEFINITIONAL_REPRESENTATION('',(#910),#914);
#910 = LINE('',#911,#912);
#911 = CARTESIAN_POINT('',(6.9071761017,0.));
#912 = VECTOR('',#913,1.);
#913 = DIRECTION('',(0.,-1.));
#914 = ( GEOMETRIC_REPRESENTATION_CONTEXT(2) 
PARAMETRIC_REPRESENTATION_CONTEXT() REPRESENTATION_CONTEXT('2D SPACE',''
  ) );
#915 = ORIENTED_EDGE('',*,*,#916,.T.);
#916 = EDGE_CURVE('',#889,#917,#919,.T.);
#917 = VERTEX_POINT('',#918);
#918 = CARTESIAN_POINT('',(-14.55626686629,-11.44157139927,
    -28.68959405082));
#919 = SURFACE_CURVE('',#920,(#954,#1049),.PCURVE_S1.);
#920 = B_SPLINE_CURVE_WITH_KNOTS('',3,(#921,#922,#923,#924,#925,#926,
    #927,#928,#929,#930,#931,#932,#933,#934,#935,#936,#937,#938,#939,
    #940,#941,#942,#943,#944,#945,#946,#947,#948,#949,#950,#951,#952,
    #953),.UNSPECIFIED.,.F.,.F.,(4,1,1,1,2,2,1,1,2,2,2,2,1,2,2,2,2,1,2,4
    ),(0.,7.853116118996E-05,1.570623223799E-04,2.355934835699E-04,
    3.141246447599E-04,3.337574350573E-04,3.533902253548E-04,
    3.926558059498E-04,4.711869671398E-04,6.282492895197E-04,
    6.478820798171E-04,6.675148701146E-04,7.067804507096E-04,
    7.853116118995E-04,9.423739342794E-04,9.816395148743E-04,
    1.001272305172E-03,1.020905095469E-03,1.099436256659E-03,
    1.256498579039E-03),.UNSPECIFIED.);
#921 = CARTESIAN_POINT('',(-13.98063719894,-10.5,-29.11522094589));
#922 = CARTESIAN_POINT('',(-13.98063719894,-10.52658765828,
    -29.11522094589));
#923 = CARTESIAN_POINT('',(-13.98248505999,-10.57935812262,
    -29.11389074197));
#924 = CARTESIAN_POINT('',(-13.99060570766,-10.65734161731,
    -29.10804203689));
#925 = CARTESIAN_POINT('',(-14.00398483888,-10.73417182362,
    -29.0983964675));
#926 = CARTESIAN_POINT('',(-14.01641349824,-10.7846213452,
    -29.08942292247));
#927 = CARTESIAN_POINT('',(-14.0252994238,-10.81590636019,
    -29.08300014759));
#928 = CARTESIAN_POINT('',(-14.02713493038,-10.82215857883,
    -29.08167312115));
#929 = CARTESIAN_POINT('',(-14.03090421912,-10.83459087825,
    -29.07894728618));
#930 = CARTESIAN_POINT('',(-14.0367059299,-10.8531341906,-29.07475059918
    ));
#931 = CARTESIAN_POINT('',(-14.05126425694,-10.89567508841,
    -29.06421131299));
#932 = CARTESIAN_POINT('',(-14.06545191723,-10.93092050365,
    -29.05392261977));
#933 = CARTESIAN_POINT('',(-14.09603664093,-10.99983196672,
    -29.03170938098));
#934 = CARTESIAN_POINT('',(-14.11935989939,-11.04367617892,
    -29.01472914091));
#935 = CARTESIAN_POINT('',(-14.14887119194,-11.09064580328,
    -28.99315681124));
#936 = CARTESIAN_POINT('',(-14.15219593965,-11.09583174952,
    -28.99072538141));
#937 = CARTESIAN_POINT('',(-14.15893722226,-11.106137523,-28.98579306516
    ));
#938 = CARTESIAN_POINT('',(-14.16235520228,-11.11125923332,
    -28.98329111753));
#939 = CARTESIAN_POINT('',(-14.17270175297,-11.12645881038,
    -28.97571382437));
#940 = CARTESIAN_POINT('',(-14.1938079043,-11.15626168009,
    -28.96024227314));
#941 = CARTESIAN_POINT('',(-14.21611848304,-11.18432141156,
    -28.94383999251));
#942 = CARTESIAN_POINT('',(-14.26228300625,-11.2381956784,
    -28.90982586025));
#943 = CARTESIAN_POINT('',(-14.2951088748,-11.27113029162,
    -28.88554344902));
#944 = CARTESIAN_POINT('',(-14.3386332769,-11.30863551865,-28.853181917)
  );
#945 = CARTESIAN_POINT('',(-14.347463428,-11.31595244572,-28.84660866824
    ));
#946 = CARTESIAN_POINT('',(-14.36089724354,-11.32664996223,
    -28.83659581337));
#947 = CARTESIAN_POINT('',(-14.36541028953,-11.3301722169,
    -28.83322995246));
#948 = CARTESIAN_POINT('',(-14.37447230144,-11.33710312152,
    -28.82646716917));
#949 = CARTESIAN_POINT('',(-14.39722590679,-11.35415358911,
    -28.80947603435));
#950 = CARTESIAN_POINT('',(-14.42046539771,-11.36983688361,
    -28.79206778209));
#951 = CARTESIAN_POINT('',(-14.47714008225,-11.40492559902,
    -28.74950062163));
#952 = CARTESIAN_POINT('',(-14.51611817903,-11.42492978869,
    -28.72007653466));
#953 = CARTESIAN_POINT('',(-14.55626686629,-11.44157139927,
    -28.68959405082));
#954 = PCURVE('',#384,#955);
#955 = DEFINITIONAL_REPRESENTATION('',(#956),#1048);
#956 = B_SPLINE_CURVE_WITH_KNOTS('',3,(#957,#958,#959,#960,#961,#962,
    #963,#964,#965,#966,#967,#968,#969,#970,#971,#972,#973,#974,#975,
    #976,#977,#978,#979,#980,#981,#982,#983,#984,#985,#986,#987,#988,
    #989,#990,#991,#992,#993,#994,#995,#996,#997,#998,#999,#1000,#1001,
    #1002,#1003,#1004,#1005,#1006,#1007,#1008,#1009,#1010,#1011,#1012,
    #1013,#1014,#1015,#1016,#1017,#1018,#1019,#1020,#1021,#1022,#1023,
    #1024,#1025,#1026,#1027,#1028,#1029,#1030,#1031,#1032,#1033,#1034,
    #1035,#1036,#1037,#1038,#1039,#1040,#1041,#1042,#1043,#1044,#1045,
    #1046,#1047),.UNSPECIFIED.,.F.,.F.,(4,1,1,1,1,1,1,1,1,1,1,1,1,1,1,1,
    1,1,1,1,1,1,1,1,1,1,1,1,1,1,1,1,1,1,1,1,1,1,1,1,1,1,1,1,1,1,1,1,1,1,
    1,1,1,1,1,1,1,1,1,1,1,1,1,1,1,1,1,1,1,1,1,1,1,1,1,1,1,1,1,1,1,1,1,1,
    1,1,1,1,4),(0.,1.427839294363E-05,2.855678588725E-05,
    4.283517883088E-05,5.71135717745E-05,7.139196471813E-05,
    8.567035766175E-05,9.994875060538E-05,1.14227143549E-04,
    1.285055364926E-04,1.427839294363E-04,1.570623223799E-04,
    1.713407153235E-04,1.856191082671E-04,1.998975012108E-04,
    2.141758941544E-04,2.28454287098E-04,2.427326800416E-04,
    2.570110729853E-04,2.712894659289E-04,2.855678588725E-04,
    2.998462518161E-04,3.141246447598E-04,3.284030377034E-04,
    3.42681430647E-04,3.569598235906E-04,3.712382165343E-04,
    3.855166094779E-04,3.997950024215E-04,4.140733953651E-04,
    4.283517883088E-04,4.426301812524E-04,4.56908574196E-04,
    4.711869671396E-04,4.854653600833E-04,4.997437530269E-04,
    5.140221459705E-04,5.283005389141E-04,5.425789318578E-04,
    5.568573248014E-04,5.71135717745E-04,5.854141106886E-04,
    5.996925036323E-04,6.139708965759E-04,6.282492895195E-04,
    6.425276824631E-04,6.568060754068E-04,6.710844683504E-04,
    6.85362861294E-04,6.996412542376E-04,7.139196471813E-04,
    7.281980401249E-04,7.424764330685E-04,7.567548260121E-04,
    7.710332189558E-04,7.853116118994E-04,7.99590004843E-04,
    8.138683977866E-04,8.281467907303E-04,8.424251836739E-04,
    8.567035766175E-04,8.709819695611E-04,8.852603625048E-04,
    8.995387554484E-04,9.13817148392E-04,9.280955413356E-04,
    9.423739342793E-04,9.566523272229E-04,9.709307201665E-04,
    9.852091131101E-04,9.994875060538E-04,1.013765898997E-03,
    1.028044291941E-03,1.042322684885E-03,1.056601077828E-03,
    1.070879470772E-03,1.085157863716E-03,1.099436256659E-03,
    1.113714649603E-03,1.127993042546E-03,1.14227143549E-03,
    1.156549828434E-03,1.170828221377E-03,1.185106614321E-03,
    1.199385007265E-03,1.213663400208E-03,1.227941793152E-03,
    1.242220186095E-03,1.256498579039E-03),.UNSPECIFIED.);
#957 = CARTESIAN_POINT('',(0.623990794521,-10.5));
#958 = CARTESIAN_POINT('',(0.623990794521,-10.50483411968));
#959 = CARTESIAN_POINT('',(0.6239934647,-10.5144889755));
#960 = CARTESIAN_POINT('',(0.624005429697,-10.52893136324));
#961 = CARTESIAN_POINT('',(0.624025303687,-10.54333410927));
#962 = CARTESIAN_POINT('',(0.624053035674,-10.5576974692));
#963 = CARTESIAN_POINT('',(0.624088575626,-10.57202169379));
#964 = CARTESIAN_POINT('',(0.624131869926,-10.5863070518));
#965 = CARTESIAN_POINT('',(0.624182881838,-10.60055372733));
#966 = CARTESIAN_POINT('',(0.624241591505,-10.61476181992));
#967 = CARTESIAN_POINT('',(0.624307975488,-10.62893144704));
#968 = CARTESIAN_POINT('',(0.62438201131,-10.64306272134));
#969 = CARTESIAN_POINT('',(0.624463676234,-10.65715575679));
#970 = CARTESIAN_POINT('',(0.624552947598,-10.67121066698));
#971 = CARTESIAN_POINT('',(0.624649828544,-10.68522743616));
#972 = CARTESIAN_POINT('',(0.624754322283,-10.69920604813));
#973 = CARTESIAN_POINT('',(0.624866431792,-10.71314648846));
#974 = CARTESIAN_POINT('',(0.624986160917,-10.72704873603));
#975 = CARTESIAN_POINT('',(0.625113510267,-10.74091279464));
#976 = CARTESIAN_POINT('',(0.625248495824,-10.75473855874));
#977 = CARTESIAN_POINT('',(0.625391150925,-10.76852595619));
#978 = CARTESIAN_POINT('',(0.625541499744,-10.78227451152));
#979 = CARTESIAN_POINT('',(0.625699589049,-10.79598531274));
#980 = CARTESIAN_POINT('',(0.625865384396,-10.80965359723));
#981 = CARTESIAN_POINT('',(0.626039153603,-10.82329644148));
#982 = CARTESIAN_POINT('',(0.626220092225,-10.83684888116));
#983 = CARTESIAN_POINT('',(0.626407794971,-10.8502857219));
#984 = CARTESIAN_POINT('',(0.626602282861,-10.86361429874));
#985 = CARTESIAN_POINT('',(0.626803480283,-10.8768337795));
#986 = CARTESIAN_POINT('',(0.627011335738,-10.88994554927));
#987 = CARTESIAN_POINT('',(0.62722580356,-10.90295019996));
#988 = CARTESIAN_POINT('',(0.627446852906,-10.91584827065));
#989 = CARTESIAN_POINT('',(0.627674450088,-10.92864029642));
#990 = CARTESIAN_POINT('',(0.627908560694,-10.94132683745));
#991 = CARTESIAN_POINT('',(0.628149156056,-10.9539083574));
#992 = CARTESIAN_POINT('',(0.628396185272,-10.96638568099));
#993 = CARTESIAN_POINT('',(0.628649629837,-10.97875910804));
#994 = CARTESIAN_POINT('',(0.628909493551,-10.99102857725));
#995 = CARTESIAN_POINT('',(0.629175774241,-11.00319412402));
#996 = CARTESIAN_POINT('',(0.629448471342,-11.0152557581));
#997 = CARTESIAN_POINT('',(0.629727583846,-11.02721349506));
#998 = CARTESIAN_POINT('',(0.630013110932,-11.03906735294));
#999 = CARTESIAN_POINT('',(0.630305051489,-11.050817334));
#1000 = CARTESIAN_POINT('',(0.630603405391,-11.06246350116));
#1001 = CARTESIAN_POINT('',(0.630908168886,-11.07400569056));
#1002 = CARTESIAN_POINT('',(0.631219351759,-11.08544458468));
#1003 = CARTESIAN_POINT('',(0.631536913294,-11.09677770749));
#1004 = CARTESIAN_POINT('',(0.631861137074,-11.10801217129));
#1005 = CARTESIAN_POINT('',(0.632190978143,-11.11911193369));
#1006 = CARTESIAN_POINT('',(0.632525463198,-11.13004645988));
#1007 = CARTESIAN_POINT('',(0.632864836526,-11.14082723144));
#1008 = CARTESIAN_POINT('',(0.633208973657,-11.15145307826));
#1009 = CARTESIAN_POINT('',(0.633557857998,-11.16192592741));
#1010 = CARTESIAN_POINT('',(0.633911456152,-11.17224648557));
#1011 = CARTESIAN_POINT('',(0.634269740027,-11.18241576057));
#1012 = CARTESIAN_POINT('',(0.634632679126,-11.19243471151));
#1013 = CARTESIAN_POINT('',(0.635000247295,-11.20230419129));
#1014 = CARTESIAN_POINT('',(0.635372403434,-11.21202552636));
#1015 = CARTESIAN_POINT('',(0.635749128743,-11.22159932573));
#1016 = CARTESIAN_POINT('',(0.636130419269,-11.2310257185));
#1017 = CARTESIAN_POINT('',(0.636516267086,-11.24030496232));
#1018 = CARTESIAN_POINT('',(0.636906665336,-11.24943728048));
#1019 = CARTESIAN_POINT('',(0.637301606888,-11.25842290522));
#1020 = CARTESIAN_POINT('',(0.637701084665,-11.26726206724));
#1021 = CARTESIAN_POINT('',(0.638105091664,-11.27595499454));
#1022 = CARTESIAN_POINT('',(0.638513620566,-11.28450192747));
#1023 = CARTESIAN_POINT('',(0.638926665261,-11.29290305961));
#1024 = CARTESIAN_POINT('',(0.639344215151,-11.3011587593));
#1025 = CARTESIAN_POINT('',(0.639766276402,-11.30926874266));
#1026 = CARTESIAN_POINT('',(0.640192881125,-11.3172323029));
#1027 = CARTESIAN_POINT('',(0.640624009904,-11.3250488499));
#1028 = CARTESIAN_POINT('',(0.641059838912,-11.33272064483));
#1029 = CARTESIAN_POINT('',(0.641498523978,-11.34021545556));
#1030 = CARTESIAN_POINT('',(0.641940112052,-11.34753624365));
#1031 = CARTESIAN_POINT('',(0.642384565449,-11.35468390796));
#1032 = CARTESIAN_POINT('',(0.642831875312,-11.36165935646));
#1033 = CARTESIAN_POINT('',(0.643282025591,-11.36846346297));
#1034 = CARTESIAN_POINT('',(0.643735001581,-11.37509714578));
#1035 = CARTESIAN_POINT('',(0.644190790408,-11.38156117941));
#1036 = CARTESIAN_POINT('',(0.644649370552,-11.38785686904));
#1037 = CARTESIAN_POINT('',(0.645110733243,-11.39398474868));
#1038 = CARTESIAN_POINT('',(0.645574878515,-11.39994482217));
#1039 = CARTESIAN_POINT('',(0.64604180405,-11.40573723543));
#1040 = CARTESIAN_POINT('',(0.646511508164,-11.4113620963));
#1041 = CARTESIAN_POINT('',(0.646983989009,-11.41681952284));
#1042 = CARTESIAN_POINT('',(0.647459244783,-11.42210963034));
#1043 = CARTESIAN_POINT('',(0.647937273678,-11.42723253486));
#1044 = CARTESIAN_POINT('',(0.648418073894,-11.43218835224));
#1045 = CARTESIAN_POINT('',(0.64890164363,-11.43697719839));
#1046 = CARTESIAN_POINT('',(0.649225868606,-11.44005852559));
#1047 = CARTESIAN_POINT('',(0.649388442082,-11.44157139927));
#1048 = ( GEOMETRIC_REPRESENTATION_CONTEXT(2) 
PARAMETRIC_REPRESENTATION_CONTEXT() REPRESENTATION_CONTEXT('2D SPACE',''
  ) );
#1049 = PCURVE('',#1050,#1159);
#1050 = ( BOUNDED_SURFACE() B_SPLINE_SURFACE(3,2,(
    (#1051,#1052,#1053)
    ,(#1054,#1055,#1056)
    ,(#1057,#1058,#1059)
    ,(#1060,#1061,#1062)
    ,(#1063,#1064,#1065)
    ,(#1066,#1067,#1068)
    ,(#1069,#1070,#1071)
    ,(#1072,#1073,#1074)
    ,(#1075,#1076,#1077)
    ,(#1078,#1079,#1080)
    ,(#1081,#1082,#1083)
    ,(#1084,#1085,#1086)
    ,(#1087,#1088,#1089)
    ,(#1090,#1091,#1092)
    ,(#1093,#1094,#1095)
    ,(#1096,#1097,#1098)
    ,(#1099,#1100,#1101)
    ,(#1102,#1103,#1104)
    ,(#1105,#1106,#1107)
    ,(#1108,#1109,#1110)
    ,(#1111,#1112,#1113)
    ,(#1114,#1115,#1116)
    ,(#1117,#1118,#1119)
    ,(#1120,#1121,#1122)
    ,(#1123,#1124,#1125)
    ,(#1126,#1127,#1128)
    ,(#1129,#1130,#1131)
    ,(#1132,#1133,#1134)
    ,(#1135,#1136,#1137)
    ,(#1138,#1139,#1140)
    ,(#1141,#1142,#1143)
    ,(#1144,#1145,#1146)
    ,(#1147,#1148,#1149)
    ,(#1150,#1151,#1152)
    ,(#1153,#1154,#1155)
    ,(#1156,#1157,#1158
)),.UNSPECIFIED.,.F.,.F.,.F.) B_SPLINE_SURFACE_WITH_KNOTS((4,2,2,2,2,2,2
    ,2,2,2,2,2,2,2,2,2,2,4),(3,3),(3.294563352516E-03,3.449608931531E-03
    ,3.604654510547E-03,3.624035207924E-03,3.643415905301E-03,
    3.682177300055E-03,3.759700089563E-03,3.914745668578E-03,
    3.934126365955E-03,3.953507063332E-03,3.992268458086E-03,
    4.069791247594E-03,4.22483682661E-03,4.263598221364E-03,
    4.282978918741E-03,4.302359616118E-03,4.379882405625E-03,
    4.534927984641E-03),(0.,1.),.UNSPECIFIED.) 
GEOMETRIC_REPRESENTATION_ITEM() RATIONAL_B_SPLINE_SURFACE((
    (1.,0.605701088585,1.)
    ,(1.,0.605702134516,1.)
    ,(1.,0.606089034268,1.)
    ,(1.,0.607610262737,1.)
    ,(1.,0.60874362581,1.)
    ,(1.,0.610456663614,1.)
    ,(1.,0.610653295737,1.)
    ,(1.,0.611058164818,1.)
    ,(1.,0.611266087429,1.)
    ,(1.,0.611906193469,1.)
    ,(1.,0.612354708603,1.)
    ,(1.,0.613764849278,1.)
    ,(1.,0.614790968217,1.)
    ,(1.,0.618125416035,1.)
    ,(1.,0.62068825654,1.)
    ,(1.,0.62396960874,1.)
    ,(1.,0.624339766453,1.)
    ,(1.,0.625091321562,1.)
    ,(1.,0.625473142259,1.)
    ,(1.,0.626631844805,1.)
    ,(1.,0.627421916149,1.)
    ,(1.,0.629844355536,1.)
    ,(1.,0.631528878187,1.)
    ,(1.,0.63678922131,1.)
    ,(1.,0.64057075724,1.)
    ,(1.,0.645651154395,1.)
    ,(1.,0.646684992171,1.)
    ,(1.,0.648262838251,1.)
    ,(1.,0.648793836721,1.)
    ,(1.,0.649862084384,1.)
    ,(1.,0.650399105209,1.)
    ,(1.,0.65309860768,1.)
    ,(1.,0.655304234517,1.)
    ,(1.,0.662057135919,1.)
    ,(1.,0.666740153392,1.)
,(1.,0.671605142652,1.))) REPRESENTATION_ITEM('') SURFACE() );
#1051 = CARTESIAN_POINT('',(-12.45853425849,-10.5,-28.65077783441));
#1052 = CARTESIAN_POINT('',(-12.91452288383,-10.5,-29.88277103438));
#1053 = CARTESIAN_POINT('',(-13.98063719894,-10.5,-29.11522094589));
#1054 = CARTESIAN_POINT('',(-12.4585342576,-10.6048907531,
    -28.65077783201));
#1055 = CARTESIAN_POINT('',(-12.91452290535,-10.62392424128,
    -29.88277101948));
#1056 = CARTESIAN_POINT('',(-13.98063720705,-10.55244537661,
    -29.11522094006));
#1057 = CARTESIAN_POINT('',(-12.46583142026,-10.70832954304,
    -28.64687046829));
#1058 = CARTESIAN_POINT('',(-12.9240035184,-10.74596845669,
    -29.87620310439));
#1059 = CARTESIAN_POINT('',(-13.98421637584,-10.60416477144,
    -29.1126453136));
#1060 = CARTESIAN_POINT('',(-12.49435764612,-10.91241301716,
    -28.63158246221));
#1061 = CARTESIAN_POINT('',(-12.96090775832,-10.98549754777,
    -29.85058267396));
#1062 = CARTESIAN_POINT('',(-13.99820593577,-10.70620650866,
    -29.10256369277));
#1063 = CARTESIAN_POINT('',(-12.51558844198,-11.01306081832,
    -28.62020097811));
#1064 = CARTESIAN_POINT('',(-12.98824351276,-11.10270137948,
    -29.83159148224));
#1065 = CARTESIAN_POINT('',(-14.00861718046,-10.75653041023,
    -29.09505717367));
#1066 = CARTESIAN_POINT('',(-12.54751704183,-11.12467715947,
    -28.6030597784));
#1067 = CARTESIAN_POINT('',(-13.02908642798,-11.23140860725,
    -29.8031159989));
#1068 = CARTESIAN_POINT('',(-14.02427028202,-10.8123385796,
    -29.08374409664));
#1069 = CARTESIAN_POINT('',(-12.55118021045,-11.13706670849,
    -28.60109289256));
#1070 = CARTESIAN_POINT('',(-13.03375684733,-11.24563984194,
    -29.79985868843));
#1071 = CARTESIAN_POINT('',(-14.02606611567,-10.81853335404,
    -29.08244587846));
#1072 = CARTESIAN_POINT('',(-12.55871862638,-11.16175282093,
    -28.59704460708));
#1073 = CARTESIAN_POINT('',(-13.04335667807,-11.27394538537,
    -29.79316084522));
#1074 = CARTESIAN_POINT('',(-14.02976164299,-10.83087641067,
    -29.07977365794));
#1075 = CARTESIAN_POINT('',(-12.56258802034,-11.17403094234,
    -28.59496635071));
#1076 = CARTESIAN_POINT('',(-13.04827830356,-11.28799816662,
    -29.78972574908));
#1077 = CARTESIAN_POINT('',(-14.03165846944,-10.83701547097,
    -29.07840172932));
#1078 = CARTESIAN_POINT('',(-12.57449347306,-11.21067256152,
    -28.5885708561));
#1079 = CARTESIAN_POINT('',(-13.06339710263,-11.32984290065,
    -29.77916915461));
#1080 = CARTESIAN_POINT('',(-14.03749449105,-10.85533628114,
    -29.07417951179));
#1081 = CARTESIAN_POINT('',(-12.58282667904,-11.23484339087,
    -28.58409295855));
#1082 = CARTESIAN_POINT('',(-13.0739565438,-11.3573484081,
    -29.77179054553));
#1083 = CARTESIAN_POINT('',(-14.04157917663,-10.86742169511,
    -29.07122283082));
#1084 = CARTESIAN_POINT('',(-12.6089932806,-11.30659858592,
    -28.57002694737));
#1085 = CARTESIAN_POINT('',(-13.10699768461,-11.43860548387,
    -29.74868143529));
#1086 = CARTESIAN_POINT('',(-14.0544043629,-10.90329929361,
    -29.0619336388));
#1087 = CARTESIAN_POINT('',(-12.62799191556,-11.35342679746,
    -28.55980748338));
#1088 = CARTESIAN_POINT('',(-13.13087286361,-11.49120834014,
    -29.73195645838));
#1089 = CARTESIAN_POINT('',(-14.06371515641,-10.92671339841,
    -29.05518262111));
#1090 = CARTESIAN_POINT('',(-12.68954356802,-11.49094949032,
    -28.52666868591));
#1091 = CARTESIAN_POINT('',(-13.20759203148,-11.64391174671,
    -29.67809515293));
#1092 = CARTESIAN_POINT('',(-14.09387515968,-10.9954747458,
    -29.03328164429));
#1093 = CARTESIAN_POINT('',(-12.73662628117,-11.57869921443,
    -28.50128366555));
#1094 = CARTESIAN_POINT('',(-13.26561298351,-11.73938292459,
    -29.6372180012));
#1095 = CARTESIAN_POINT('',(-14.11693935336,-11.03934960861,
    -29.01649369847));
#1096 = CARTESIAN_POINT('',(-12.79644250567,-11.67294570461,
    -28.46895505331));
#1097 = CARTESIAN_POINT('',(-13.33842514458,-11.83964005231,
    -29.58561709441));
#1098 = CARTESIAN_POINT('',(-14.14622805881,-11.08647285213,
    -28.99508924682));
#1099 = CARTESIAN_POINT('',(-12.8031844148,-11.68335506457,
    -28.46531030848));
#1100 = CARTESIAN_POINT('',(-13.34658120433,-11.85062799755,
    -29.57983323524));
#1101 = CARTESIAN_POINT('',(-14.14952903442,-11.0916775325,
    -28.99267579338));
#1102 = CARTESIAN_POINT('',(-12.81686066455,-11.70404804154,
    -28.45791469173));
#1103 = CARTESIAN_POINT('',(-13.36309084735,-11.87239022271,
    -29.56811734477));
#1104 = CARTESIAN_POINT('',(-14.15622485206,-11.10202402055,
    -28.98777795723));
#1105 = CARTESIAN_POINT('',(-12.82380269386,-11.71434268628,
    -28.45415965965));
#1106 = CARTESIAN_POINT('',(-13.3714531523,-11.88317587875,
    -29.56217912326));
#1107 = CARTESIAN_POINT('',(-14.15962345691,-11.10717134275,
    -28.98529081865));
#1108 = CARTESIAN_POINT('',(-12.84485026709,-11.74493694087,
    -28.44277145023));
#1109 = CARTESIAN_POINT('',(-13.39673581651,-11.91508601942,
    -29.54421272049));
#1110 = CARTESIAN_POINT('',(-14.16992714373,-11.1224684712,
    -28.97774682802));
#1111 = CARTESIAN_POINT('',(-12.85917643352,-11.76494824628,
    -28.4350156382));
#1112 = CARTESIAN_POINT('',(-13.41387968622,-11.93580507571,
    -29.5320131859));
#1113 = CARTESIAN_POINT('',(-14.1769396824,-11.13247412249,
    -28.97260771883));
#1114 = CARTESIAN_POINT('',(-12.90301893471,-11.8238510212,
    -28.41126598375));
#1115 = CARTESIAN_POINT('',(-13.46604050239,-11.99621498812,
    -29.49484049984));
#1116 = CARTESIAN_POINT('',(-14.19839777131,-11.16192551189,
    -28.9568663597));
#1117 = CARTESIAN_POINT('',(-12.93339797321,-11.86161303226,
    -28.39479063676));
#1118 = CARTESIAN_POINT('',(-13.50189947124,-12.03431977936,
    -29.46921346498));
#1119 = CARTESIAN_POINT('',(-14.2132631733,-11.1808065154,-28.945940548)
  );
#1120 = CARTESIAN_POINT('',(-13.02788271727,-11.97050164522,
    -28.34348061779));
#1121 = CARTESIAN_POINT('',(-13.61204568984,-12.14186901063,
    -29.39024005435));
#1122 = CARTESIAN_POINT('',(-14.2594859149,-11.23525082406,
    -28.91189243108));
#1123 = CARTESIAN_POINT('',(-13.09531767266,-12.03725497946,
    -28.30677232698));
#1124 = CARTESIAN_POINT('',(-13.68933121417,-12.20522424623,
    -29.33450042789));
#1125 = CARTESIAN_POINT('',(-14.29246087425,-11.26862749097,
    -28.88750642735));
#1126 = CARTESIAN_POINT('',(-13.18511427781,-12.11341927902,
    -28.25773840105));
#1127 = CARTESIAN_POINT('',(-13.79050552307,-12.27429970691,
    -29.26097712283));
#1128 = CARTESIAN_POINT('',(-14.33634461182,-11.3067096392,
    -28.85488483017));
#1129 = CARTESIAN_POINT('',(-13.20335021625,-12.12828633709,
    -28.24777336004));
#1130 = CARTESIAN_POINT('',(-13.81084223586,-12.28752914719,
    -29.24617231092));
#1131 = CARTESIAN_POINT('',(-14.34525532539,-11.31414316905,
    -28.84825299795));
#1132 = CARTESIAN_POINT('',(-13.2311225128,-12.15003274306,
    -28.23258548009));
#1133 = CARTESIAN_POINT('',(-13.84166496471,-12.30660672454,
    -29.2236917841));
#1134 = CARTESIAN_POINT('',(-14.35882386424,-11.32501637128,
    -28.83814170545));
#1135 = CARTESIAN_POINT('',(-13.24045906751,-12.1571961338,
    -28.22747765979));
#1136 = CARTESIAN_POINT('',(-13.85198934676,-12.31283675525,
    -29.21615478476));
#1137 = CARTESIAN_POINT('',(-14.36338504216,-11.32859806639,
    -28.83474059329));
#1138 = CARTESIAN_POINT('',(-13.25922208979,-12.17129929716,
    -28.21720885552));
#1139 = CARTESIAN_POINT('',(-13.87267840893,-12.3250038088,
    -29.20103713024));
#1140 = CARTESIAN_POINT('',(-14.37255065159,-11.33564964908,
    -28.82790174389));
#1141 = CARTESIAN_POINT('',(-13.26864456826,-12.17823642921,
    -28.21205005923));
#1142 = CARTESIAN_POINT('',(-13.88303845595,-12.33093900153,
    -29.19345990128));
#1143 = CARTESIAN_POINT('',(-14.37715313645,-11.33911821415,
    -28.82446546424));
#1144 = CARTESIAN_POINT('',(-13.31595932539,-12.21235599021,
    -28.18613519464));
#1145 = CARTESIAN_POINT('',(-13.93478336468,-12.35981181789,
    -29.15557834111));
#1146 = CARTESIAN_POINT('',(-14.40026270089,-11.35617799693,
    -28.80720043826));
#1147 = CARTESIAN_POINT('',(-13.35445772523,-12.23784271442,
    -28.165017005));
#1148 = CARTESIAN_POINT('',(-13.97650693395,-12.38064563649,
    -29.12491922799));
#1149 = CARTESIAN_POINT('',(-14.41906074033,-11.36892135611,
    -28.79312115059));
#1150 = CARTESIAN_POINT('',(-13.47182164027,-12.30904744543,
    -28.10053226159));
#1151 = CARTESIAN_POINT('',(-14.10179256779,-12.4363089271,
    -29.03249259502));
#1152 = CARTESIAN_POINT('',(-14.47634957603,-11.4045237249,
    -28.75009748438));
#1153 = CARTESIAN_POINT('',(-13.55254639136,-12.34953818491,
    -28.0560408549));
#1154 = CARTESIAN_POINT('',(-14.18623647661,-12.46486528092,
    -28.96972011046));
#1155 = CARTESIAN_POINT('',(-14.51573075398,-11.42476919911,
    -28.7203706832));
#1156 = CARTESIAN_POINT('',(-13.63569555555,-12.38314279855,
    -28.01005163761));
#1157 = CARTESIAN_POINT('',(-14.27173741871,-12.48531839031,
    -28.9056201498));
#1158 = CARTESIAN_POINT('',(-14.55626686629,-11.44157139928,
    -28.68959405082));
#1159 = DEFINITIONAL_REPRESENTATION('',(#1160),#1252);
#1160 = B_SPLINE_CURVE_WITH_KNOTS('',3,(#1161,#1162,#1163,#1164,#1165,
    #1166,#1167,#1168,#1169,#1170,#1171,#1172,#1173,#1174,#1175,#1176,
    #1177,#1178,#1179,#1180,#1181,#1182,#1183,#1184,#1185,#1186,#1187,
    #1188,#1189,#1190,#1191,#1192,#1193,#1194,#1195,#1196,#1197,#1198,
    #1199,#1200,#1201,#1202,#1203,#1204,#1205,#1206,#1207,#1208,#1209,
    #1210,#1211,#1212,#1213,#1214,#1215,#1216,#1217,#1218,#1219,#1220,
    #1221,#1222,#1223,#1224,#1225,#1226,#1227,#1228,#1229,#1230,#1231,
    #1232,#1233,#1234,#1235,#1236,#1237,#1238,#1239,#1240,#1241,#1242,
    #1243,#1244,#1245,#1246,#1247,#1248,#1249,#1250,#1251),
  .UNSPECIFIED.,.F.,.F.,(4,1,1,1,1,1,1,1,1,1,1,1,1,1,1,1,1,1,1,1,1,1,1,1
    ,1,1,1,1,1,1,1,1,1,1,1,1,1,1,1,1,1,1,1,1,1,1,1,1,1,1,1,1,1,1,1,1,1,1
    ,1,1,1,1,1,1,1,1,1,1,1,1,1,1,1,1,1,1,1,1,1,1,1,1,1,1,1,1,1,1,4),(0.,
    1.427839294363E-05,2.855678588725E-05,4.283517883088E-05,
    5.71135717745E-05,7.139196471813E-05,8.567035766175E-05,
    9.994875060538E-05,1.14227143549E-04,1.285055364926E-04,
    1.427839294363E-04,1.570623223799E-04,1.713407153235E-04,
    1.856191082671E-04,1.998975012108E-04,2.141758941544E-04,
    2.28454287098E-04,2.427326800416E-04,2.570110729853E-04,
    2.712894659289E-04,2.855678588725E-04,2.998462518161E-04,
    3.141246447598E-04,3.284030377034E-04,3.42681430647E-04,
    3.569598235906E-04,3.712382165343E-04,3.855166094779E-04,
    3.997950024215E-04,4.140733953651E-04,4.283517883088E-04,
    4.426301812524E-04,4.56908574196E-04,4.711869671396E-04,
    4.854653600833E-04,4.997437530269E-04,5.140221459705E-04,
    5.283005389141E-04,5.425789318578E-04,5.568573248014E-04,
    5.71135717745E-04,5.854141106886E-04,5.996925036323E-04,
    6.139708965759E-04,6.282492895195E-04,6.425276824631E-04,
    6.568060754068E-04,6.710844683504E-04,6.85362861294E-04,
    6.996412542376E-04,7.139196471813E-04,7.281980401249E-04,
    7.424764330685E-04,7.567548260121E-04,7.710332189558E-04,
    7.853116118994E-04,7.99590004843E-04,8.138683977866E-04,
    8.281467907303E-04,8.424251836739E-04,8.567035766175E-04,
    8.709819695611E-04,8.852603625048E-04,8.995387554484E-04,
    9.13817148392E-04,9.280955413356E-04,9.423739342793E-04,
    9.566523272229E-04,9.709307201665E-04,9.852091131101E-04,
    9.994875060538E-04,1.013765898997E-03,1.028044291941E-03,
    1.042322684885E-03,1.056601077828E-03,1.070879470772E-03,
    1.085157863716E-03,1.099436256659E-03,1.113714649603E-03,
    1.127993042546E-03,1.14227143549E-03,1.156549828434E-03,
    1.170828221377E-03,1.185106614321E-03,1.199385007265E-03,
    1.213663400208E-03,1.227941793152E-03,1.242220186095E-03,
    1.256498579039E-03),.UNSPECIFIED.);
#1161 = CARTESIAN_POINT('',(3.294563352516E-03,1.));
#1162 = CARTESIAN_POINT('',(3.299327093778E-03,0.999999999006));
#1163 = CARTESIAN_POINT('',(3.308853550575E-03,1.00000021194));
#1164 = CARTESIAN_POINT('',(3.323140271142E-03,1.000000942131));
#1165 = CARTESIAN_POINT('',(3.337424147755E-03,1.000001852306));
#1166 = CARTESIAN_POINT('',(3.351705272669E-03,1.00000270058));
#1167 = CARTESIAN_POINT('',(3.365983715961E-03,1.000003258746));
#1168 = CARTESIAN_POINT('',(3.380259533549E-03,1.000003230646));
#1169 = CARTESIAN_POINT('',(3.394532717151E-03,1.000002620147));
#1170 = CARTESIAN_POINT('',(3.408803233553E-03,1.000001732704));
#1171 = CARTESIAN_POINT('',(3.423071085695E-03,1.000000811998));
#1172 = CARTESIAN_POINT('',(3.43733629111E-03,1.0000001071));
#1173 = CARTESIAN_POINT('',(3.451598916651E-03,0.99999990093));
#1174 = CARTESIAN_POINT('',(3.465858954974E-03,1.000000322101));
#1175 = CARTESIAN_POINT('',(3.480116404547E-03,1.00000107594));
#1176 = CARTESIAN_POINT('',(3.494371281308E-03,1.000001960754));
#1177 = CARTESIAN_POINT('',(3.508623569934E-03,1.000002746439));
#1178 = CARTESIAN_POINT('',(3.522873238261E-03,1.000003226685));
#1179 = CARTESIAN_POINT('',(3.537120229438E-03,1.000003134377));
#1180 = CARTESIAN_POINT('',(3.55136448757E-03,1.000002489722));
#1181 = CARTESIAN_POINT('',(3.565606058381E-03,1.000001593529));
#1182 = CARTESIAN_POINT('',(3.579844819024E-03,1.000000699796));
#1183 = CARTESIAN_POINT('',(3.594081367717E-03,1.000000026495));
#1184 = CARTESIAN_POINT('',(3.608313728025E-03,0.999999977439));
#1185 = CARTESIAN_POINT('',(3.622546860147E-03,1.00000003132));
#1186 = CARTESIAN_POINT('',(3.636772069488E-03,0.999999990798));
#1187 = CARTESIAN_POINT('',(3.650991258917E-03,1.000000037093));
#1188 = CARTESIAN_POINT('',(3.665203573879E-03,1.000000099058));
#1189 = CARTESIAN_POINT('',(3.679409324101E-03,1.000000133954));
#1190 = CARTESIAN_POINT('',(3.693608499881E-03,1.000000119009));
#1191 = CARTESIAN_POINT('',(3.707801157509E-03,1.000000070122));
#1192 = CARTESIAN_POINT('',(3.721987319084E-03,1.00000000901));
#1193 = CARTESIAN_POINT('',(3.736167016723E-03,0.999999964036));
#1194 = CARTESIAN_POINT('',(3.750340284942E-03,0.999999950727));
#1195 = CARTESIAN_POINT('',(3.764507152757E-03,1.0000000132));
#1196 = CARTESIAN_POINT('',(3.778667679834E-03,1.000000252049));
#1197 = CARTESIAN_POINT('',(3.792821881505E-03,1.000000288759));
#1198 = CARTESIAN_POINT('',(3.806969746264E-03,1.000000258451));
#1199 = CARTESIAN_POINT('',(3.821111272942E-03,1.000000159074));
#1200 = CARTESIAN_POINT('',(3.835246460553E-03,1.000000025752));
#1201 = CARTESIAN_POINT('',(3.849375311845E-03,0.999999883873));
#1202 = CARTESIAN_POINT('',(3.863497829282E-03,0.999999762063));
#1203 = CARTESIAN_POINT('',(3.877614027552E-03,0.999999686889));
#1204 = CARTESIAN_POINT('',(3.891723887515E-03,0.999999690744));
#1205 = CARTESIAN_POINT('',(3.905827527777E-03,0.99999978528));
#1206 = CARTESIAN_POINT('',(3.9199245643E-03,1.000000059484));
#1207 = CARTESIAN_POINT('',(3.934016421205E-03,0.999999979312));
#1208 = CARTESIAN_POINT('',(3.948097281609E-03,1.000000020455));
#1209 = CARTESIAN_POINT('',(3.962178658707E-03,0.999999993985));
#1210 = CARTESIAN_POINT('',(3.976247780575E-03,1.000000051921));
#1211 = CARTESIAN_POINT('',(3.990310934223E-03,1.000000091672));
#1212 = CARTESIAN_POINT('',(4.004366529599E-03,1.00000010326));
#1213 = CARTESIAN_POINT('',(4.018415068638E-03,1.000000065161));
#1214 = CARTESIAN_POINT('',(4.032456467664E-03,1.000000010491));
#1215 = CARTESIAN_POINT('',(4.046490800401E-03,0.999999967302));
#1216 = CARTESIAN_POINT('',(4.060518103752E-03,0.999999953802));
#1217 = CARTESIAN_POINT('',(4.074538419396E-03,1.000000011543));
#1218 = CARTESIAN_POINT('',(4.088551814839E-03,1.000000234011));
#1219 = CARTESIAN_POINT('',(4.102558324153E-03,1.000000281384));
#1220 = CARTESIAN_POINT('',(4.116557944515E-03,1.000000273571));
#1221 = CARTESIAN_POINT('',(4.130550685406E-03,1.000000206736));
#1222 = CARTESIAN_POINT('',(4.144536555384E-03,1.000000109627));
#1223 = CARTESIAN_POINT('',(4.158515565383E-03,1.000000001505));
#1224 = CARTESIAN_POINT('',(4.172487728308E-03,0.999999903884));
#1225 = CARTESIAN_POINT('',(4.186453056896E-03,0.999999835421));
#1226 = CARTESIAN_POINT('',(4.200411572184E-03,0.999999820423));
#1227 = CARTESIAN_POINT('',(4.214363271283E-03,0.999999859746));
#1228 = CARTESIAN_POINT('',(4.2283082473E-03,1.000000038511));
#1229 = CARTESIAN_POINT('',(4.242246215544E-03,0.99999999307));
#1230 = CARTESIAN_POINT('',(4.256177939544E-03,1.000000001528));
#1231 = CARTESIAN_POINT('',(4.270100593918E-03,0.999999987826));
#1232 = CARTESIAN_POINT('',(4.284019160611E-03,0.999999998477));
#1233 = CARTESIAN_POINT('',(4.297938340183E-03,1.000000030761));
#1234 = CARTESIAN_POINT('',(4.311860327656E-03,1.000000045916));
#1235 = CARTESIAN_POINT('',(4.325784584983E-03,1.000000038617));
#1236 = CARTESIAN_POINT('',(4.339711237629E-03,1.000000020827));
#1237 = CARTESIAN_POINT('',(4.35364023515E-03,0.999999999911));
#1238 = CARTESIAN_POINT('',(4.367571571739E-03,0.999999989726));
#1239 = CARTESIAN_POINT('',(4.381505242623E-03,0.999999990206));
#1240 = CARTESIAN_POINT('',(4.395441195666E-03,1.000000076802));
#1241 = CARTESIAN_POINT('',(4.409379429137E-03,1.000000107132));
#1242 = CARTESIAN_POINT('',(4.423319952918E-03,1.000000125062));
#1243 = CARTESIAN_POINT('',(4.43726277425E-03,1.000000124385));
#1244 = CARTESIAN_POINT('',(4.451207901529E-03,1.000000112133));
#1245 = CARTESIAN_POINT('',(4.465155343266E-03,1.000000091601));
#1246 = CARTESIAN_POINT('',(4.479105108345E-03,1.000000066889));
#1247 = CARTESIAN_POINT('',(4.493057205925E-03,1.000000041676));
#1248 = CARTESIAN_POINT('',(4.507011645455E-03,1.000000019539));
#1249 = CARTESIAN_POINT('',(4.520968436609E-03,1.000000003879));
#1250 = CARTESIAN_POINT('',(4.530274538461E-03,0.999999999864));
#1251 = CARTESIAN_POINT('',(4.534927984641E-03,1.));
#1252 = ( GEOMETRIC_REPRESENTATION_CONTEXT(2) 
PARAMETRIC_REPRESENTATION_CONTEXT() REPRESENTATION_CONTEXT('2D SPACE',''
  ) );
#1253 = ORIENTED_EDGE('',*,*,#1254,.T.);
#1254 = EDGE_CURVE('',#917,#1255,#1257,.T.);
#1255 = VERTEX_POINT('',#1256);
#1256 = CARTESIAN_POINT('',(-14.84766279234,-11.5,-28.4653436027));
#1257 = SURFACE_CURVE('',#1258,(#1266,#1295),.PCURVE_S1.);
#1258 = B_SPLINE_CURVE_WITH_KNOTS('',3,(#1259,#1260,#1261,#1262,#1263,
    #1264,#1265),.UNSPECIFIED.,.F.,.F.,(4,1,1,1,4),(0.,9.30771691208E-05
    ,1.861543382416E-04,2.792315073624E-04,3.723086764832E-04),
  .QUASI_UNIFORM_KNOTS.);
#1259 = CARTESIAN_POINT('',(-14.55626686629,-11.44157139927,
    -28.68959405082));
#1260 = CARTESIAN_POINT('',(-14.58004079869,-11.45142568224,
    -28.67154393362));
#1261 = CARTESIAN_POINT('',(-14.62786194298,-11.46851794973,
    -28.6351171263));
#1262 = CARTESIAN_POINT('',(-14.70035952324,-11.4866782761,
    -28.57952367819));
#1263 = CARTESIAN_POINT('',(-14.77359072259,-11.49756125224,
    -28.52298739237));
#1264 = CARTESIAN_POINT('',(-14.82289159692,-11.5,-28.48466539443));
#1265 = CARTESIAN_POINT('',(-14.84766279234,-11.5,-28.4653436027));
#1266 = PCURVE('',#384,#1267);
#1267 = DEFINITIONAL_REPRESENTATION('',(#1268),#1294);
#1268 = B_SPLINE_CURVE_WITH_KNOTS('',3,(#1269,#1270,#1271,#1272,#1273,
    #1274,#1275,#1276,#1277,#1278,#1279,#1280,#1281,#1282,#1283,#1284,
    #1285,#1286,#1287,#1288,#1289,#1290,#1291,#1292,#1293),
  .UNSPECIFIED.,.F.,.F.,(4,1,1,1,1,1,1,1,1,1,1,1,1,1,1,1,1,1,1,1,1,1,4),
  (0.,1.692312165833E-05,3.384624331665E-05,5.076936497498E-05,
    6.769248663331E-05,8.461560829163E-05,1.0153872995E-04,
    1.184618516083E-04,1.353849732666E-04,1.523080949249E-04,
    1.692312165833E-04,1.861543382416E-04,2.030774598999E-04,
    2.200005815582E-04,2.369237032166E-04,2.538468248749E-04,
    2.707699465332E-04,2.876930681916E-04,3.046161898499E-04,
    3.215393115082E-04,3.384624331665E-04,3.553855548249E-04,
    3.723086764832E-04),.UNSPECIFIED.);
#1269 = CARTESIAN_POINT('',(0.649388442082,-11.44157139927));
#1270 = CARTESIAN_POINT('',(0.649580976938,-11.44336308709));
#1271 = CARTESIAN_POINT('',(0.649966533496,-11.44685997343));
#1272 = CARTESIAN_POINT('',(0.65054631649,-11.4518480646));
#1273 = CARTESIAN_POINT('',(0.651127535265,-11.45658114424));
#1274 = CARTESIAN_POINT('',(0.651710177401,-11.46106144856));
#1275 = CARTESIAN_POINT('',(0.652294230673,-11.46529117884));
#1276 = CARTESIAN_POINT('',(0.652879682128,-11.46927266664));
#1277 = CARTESIAN_POINT('',(0.653466522275,-11.47300762961));
#1278 = CARTESIAN_POINT('',(0.654054745088,-11.47649717147));
#1279 = CARTESIAN_POINT('',(0.654644343809,-11.47974252621));
#1280 = CARTESIAN_POINT('',(0.655235311879,-11.4827448929));
#1281 = CARTESIAN_POINT('',(0.65582764269,-11.48550548002));
#1282 = CARTESIAN_POINT('',(0.656421329652,-11.48802549337));
#1283 = CARTESIAN_POINT('',(0.657016371191,-11.49030524907));
#1284 = CARTESIAN_POINT('',(0.657612765753,-11.49234506093));
#1285 = CARTESIAN_POINT('',(0.658210511737,-11.49414525073));
#1286 = CARTESIAN_POINT('',(0.658809607716,-11.49570611072));
#1287 = CARTESIAN_POINT('',(0.659410051642,-11.49702804331));
#1288 = CARTESIAN_POINT('',(0.660011844398,-11.49811093162));
#1289 = CARTESIAN_POINT('',(0.660614989797,-11.49895413946));
#1290 = CARTESIAN_POINT('',(0.661219491036,-11.49955714083));
#1291 = CARTESIAN_POINT('',(0.661825351479,-11.49991938017));
#1292 = CARTESIAN_POINT('',(0.662230166794,-11.5));
#1293 = CARTESIAN_POINT('',(0.662432802095,-11.5));
#1294 = ( GEOMETRIC_REPRESENTATION_CONTEXT(2) 
PARAMETRIC_REPRESENTATION_CONTEXT() REPRESENTATION_CONTEXT('2D SPACE',''
  ) );
#1295 = PCURVE('',#1296,#1327);
#1296 = ( BOUNDED_SURFACE() B_SPLINE_SURFACE(3,2,(
    (#1297,#1298,#1299)
    ,(#1300,#1301,#1302)
    ,(#1303,#1304,#1305)
    ,(#1306,#1307,#1308)
    ,(#1309,#1310,#1311)
    ,(#1312,#1313,#1314)
    ,(#1315,#1316,#1317)
    ,(#1318,#1319,#1320)
    ,(#1321,#1322,#1323)
    ,(#1324,#1325,#1326
)),.UNSPECIFIED.,.F.,.F.,.F.) B_SPLINE_SURFACE_WITH_KNOTS((4,2,2,2,4),(3
    ,3),(1.501620008892E-17,8.985796821303E-05,1.79715936426E-04,
    2.695739046391E-04,3.594318728521E-04),(0.,1.),.UNSPECIFIED.) 
GEOMETRIC_REPRESENTATION_ITEM() RATIONAL_B_SPLINE_SURFACE((
    (1.,0.671605142651,1.)
    ,(1.,0.674152902289,1.)
    ,(1.,0.676796527829,1.)
    ,(1.,0.682285070692,1.)
    ,(1.,0.685129963937,1.)
    ,(1.,0.691031688579,1.)
    ,(1.,0.694088511357,1.)
    ,(1.,0.700426190256,1.)
    ,(1.,0.703707063228,1.)
,(1.,0.707106781187,1.))) REPRESENTATION_ITEM('') SURFACE() );
#1297 = CARTESIAN_POINT('',(-13.63569555555,-12.38314279855,
    -28.01005163761));
#1298 = CARTESIAN_POINT('',(-14.2717374187,-12.48531839031,
    -28.9056201498));
#1299 = CARTESIAN_POINT('',(-14.55626686629,-11.44157139927,
    -28.68959405082));
#1300 = CARTESIAN_POINT('',(-13.68407646486,-12.40281413926,
    -27.98234001071));
#1301 = CARTESIAN_POINT('',(-14.32120155738,-12.49808980641,
    -28.86853730154));
#1302 = CARTESIAN_POINT('',(-14.57999594684,-11.45140708491,
    -28.67157798693));
#1303 = CARTESIAN_POINT('',(-13.73281425492,-12.41988852308,
    -27.95456979835));
#1304 = CARTESIAN_POINT('',(-14.37051303295,-12.50778120403,
    -28.83138914753));
#1305 = CARTESIAN_POINT('',(-14.6038730996,-11.45994425976,
    -28.65339018365));
#1306 = CARTESIAN_POINT('',(-13.83097026378,-12.44907501501,-27.89898094
    ));
#1307 = CARTESIAN_POINT('',(-14.46836073582,-12.52125806718,
    -28.75731291461));
#1308 = CARTESIAN_POINT('',(-14.65190457527,-11.47453750928,
    -28.61668033181));
#1309 = CARTESIAN_POINT('',(-13.88038890779,-12.46118661362,
    -27.87116200801));
#1310 = CARTESIAN_POINT('',(-14.51687450516,-12.52508623018,
    -28.72040479408));
#1311 = CARTESIAN_POINT('',(-14.67605905408,-11.48059330605,
    -28.59815817083));
#1312 = CARTESIAN_POINT('',(-13.97989095861,-12.48056719047,
    -27.81554039444));
#1313 = CARTESIAN_POINT('',(-14.61300848992,-12.5271580231,
    -28.64690427542));
#1314 = CARTESIAN_POINT('',(-14.72463483254,-11.49028359599,
    -28.56078242833));
#1315 = CARTESIAN_POINT('',(-14.02997441198,-12.48783592566,
    -27.78773763223));
#1316 = CARTESIAN_POINT('',(-14.66060699521,-12.52544827041,
    -28.61033161564));
#1317 = CARTESIAN_POINT('',(-14.749056152,-11.49391796307,
    -28.54192883725));
#1318 = CARTESIAN_POINT('',(-14.13080234174,-12.49755228196,
    -27.73221358439));
#1319 = CARTESIAN_POINT('',(-14.75481080202,-12.51667487729,
    -28.53758615172));
#1320 = CARTESIAN_POINT('',(-14.79816168408,-11.49877614073,
    -28.50388814073));
#1321 = CARTESIAN_POINT('',(-14.18154694919,-12.5,-27.70449216637));
#1322 = CARTESIAN_POINT('',(-14.80139546486,-12.50966231142,
    -28.50143260287));
#1323 = CARTESIAN_POINT('',(-14.82284599703,-11.4999999975,
    -28.48470096282));
#1324 = CARTESIAN_POINT('',(-14.23262586188,-12.5,-27.67684529948));
#1325 = CARTESIAN_POINT('',(-14.84766279234,-12.5,-28.4653436027));
#1326 = CARTESIAN_POINT('',(-14.84766279234,-11.5,-28.4653436027));
#1327 = DEFINITIONAL_REPRESENTATION('',(#1328),#1354);
#1328 = B_SPLINE_CURVE_WITH_KNOTS('',3,(#1329,#1330,#1331,#1332,#1333,
    #1334,#1335,#1336,#1337,#1338,#1339,#1340,#1341,#1342,#1343,#1344,
    #1345,#1346,#1347,#1348,#1349,#1350,#1351,#1352,#1353),
  .UNSPECIFIED.,.F.,.F.,(4,1,1,1,1,1,1,1,1,1,1,1,1,1,1,1,1,1,1,1,1,1,4),
  (0.,1.692312165833E-05,3.384624331665E-05,5.076936497498E-05,
    6.769248663331E-05,8.461560829164E-05,1.0153872995E-04,
    1.184618516083E-04,1.353849732666E-04,1.523080949249E-04,
    1.692312165833E-04,1.861543382416E-04,2.030774598999E-04,
    2.200005815583E-04,2.369237032166E-04,2.538468248749E-04,
    2.707699465332E-04,2.876930681916E-04,3.046161898499E-04,
    3.215393115082E-04,3.384624331665E-04,3.553855548249E-04,
    3.723086764832E-04),.UNSPECIFIED.);
#1329 = CARTESIAN_POINT('',(1.501620008892E-17,1.));
#1330 = CARTESIAN_POINT('',(5.456231697446E-06,0.999999999016));
#1331 = CARTESIAN_POINT('',(1.636769867881E-05,0.999999987593));
#1332 = CARTESIAN_POINT('',(3.273194710041E-05,0.999999956156));
#1333 = CARTESIAN_POINT('',(4.909327982783E-05,0.999999925565));
#1334 = CARTESIAN_POINT('',(6.545173613554E-05,0.999999907169));
#1335 = CARTESIAN_POINT('',(8.180735456525E-05,0.999999907998));
#1336 = CARTESIAN_POINT('',(9.816018168074E-05,0.99999993749));
#1337 = CARTESIAN_POINT('',(1.145102175308E-04,0.999999944899));
#1338 = CARTESIAN_POINT('',(1.308574738855E-04,0.999999945566));
#1339 = CARTESIAN_POINT('',(1.472019637558E-04,0.999999945528));
#1340 = CARTESIAN_POINT('',(1.635437006776E-04,0.999999950381));
#1341 = CARTESIAN_POINT('',(1.798826987819E-04,0.999999969115));
#1342 = CARTESIAN_POINT('',(1.962189723567E-04,0.999999989772));
#1343 = CARTESIAN_POINT('',(2.125525243529E-04,0.999999999939));
#1344 = CARTESIAN_POINT('',(2.288833580212E-04,1.000000005565));
#1345 = CARTESIAN_POINT('',(2.452114769209E-04,1.000000007327));
#1346 = CARTESIAN_POINT('',(2.615368839408E-04,1.000000006934));
#1347 = CARTESIAN_POINT('',(2.778595850166E-04,1.000000005518));
#1348 = CARTESIAN_POINT('',(2.94179556461E-04,1.000000003986));
#1349 = CARTESIAN_POINT('',(3.104968089389E-04,1.000000002277));
#1350 = CARTESIAN_POINT('',(3.268113488655E-04,1.000000000697));
#1351 = CARTESIAN_POINT('',(3.431231838354E-04,0.999999999639));
#1352 = CARTESIAN_POINT('',(3.539959420868E-04,0.999999999692));
#1353 = CARTESIAN_POINT('',(3.594318728521E-04,1.));
#1354 = ( GEOMETRIC_REPRESENTATION_CONTEXT(2) 
PARAMETRIC_REPRESENTATION_CONTEXT() REPRESENTATION_CONTEXT('2D SPACE',''
  ) );
#1355 = ORIENTED_EDGE('',*,*,#1356,.F.);
#1356 = EDGE_CURVE('',#454,#1255,#1357,.T.);
#1357 = SURFACE_CURVE('',#1358,(#1363,#1370),.PCURVE_S1.);
#1358 = CIRCLE('',#1359,28.1882689);
#1359 = AXIS2_PLACEMENT_3D('',#1360,#1361,#1362);
#1360 = CARTESIAN_POINT('',(2.489163605449,-11.5,-6.238941380745));
#1361 = DIRECTION('',(0.,-1.,0.));
#1362 = DIRECTION('',(0.,0.,-1.));
#1363 = PCURVE('',#384,#1364);
#1364 = DEFINITIONAL_REPRESENTATION('',(#1365),#1369);
#1365 = LINE('',#1366,#1367);
#1366 = CARTESIAN_POINT('',(6.28318530718,-11.5));
#1367 = VECTOR('',#1368,1.);
#1368 = DIRECTION('',(-1.,0.));
#1369 = ( GEOMETRIC_REPRESENTATION_CONTEXT(2) 
PARAMETRIC_REPRESENTATION_CONTEXT() REPRESENTATION_CONTEXT('2D SPACE',''
  ) );
#1370 = PCURVE('',#1371,#1376);
#1371 = TOROIDAL_SURFACE('',#1372,27.1882689,1.);
#1372 = AXIS2_PLACEMENT_3D('',#1373,#1374,#1375);
#1373 = CARTESIAN_POINT('',(2.489163605449,-11.5,-6.238941380745));
#1374 = DIRECTION('',(0.,-1.,0.));
#1375 = DIRECTION('',(0.,0.,-1.));
#1376 = DEFINITIONAL_REPRESENTATION('',(#1377),#1381);
#1377 = LINE('',#1378,#1379);
#1378 = CARTESIAN_POINT('',(0.,0.));
#1379 = VECTOR('',#1380,1.);
#1380 = DIRECTION('',(1.,0.));
#1381 = ( GEOMETRIC_REPRESENTATION_CONTEXT(2) 
PARAMETRIC_REPRESENTATION_CONTEXT() REPRESENTATION_CONTEXT('2D SPACE',''
  ) );
#1382 = ADVANCED_FACE('',(#1383),#1371,.T.);
#1383 = FACE_BOUND('',#1384,.T.);
#1384 = EDGE_LOOP('',(#1385,#1444,#1445,#1490));
#1385 = ORIENTED_EDGE('',*,*,#1386,.F.);
#1386 = EDGE_CURVE('',#454,#1387,#1389,.T.);
#1387 = VERTEX_POINT('',#1388);
#1388 = CARTESIAN_POINT('',(-23.97359471387,-12.5,0.));
#1389 = SURFACE_CURVE('',#1390,(#1401,#1430),.PCURVE_S1.);
#1390 = B_SPLINE_CURVE_WITH_KNOTS('',3,(#1391,#1392,#1393,#1394,#1395,
    #1396,#1397,#1398,#1399,#1400),.UNSPECIFIED.,.F.,.F.,(4,2,2,2,4),(0.
    ,3.95744904417E-04,7.91489808834E-04,1.187234713251E-03,
    1.582979617668E-03),.UNSPECIFIED.);
#1391 = CARTESIAN_POINT('',(-25.,-11.5,0.));
#1392 = CARTESIAN_POINT('',(-25.,-11.63383382101,0.));
#1393 = CARTESIAN_POINT('',(-24.97250757923,-11.76524623778,0.));
#1394 = CARTESIAN_POINT('',(-24.86763555323,-12.00885026967,0.));
#1395 = CARTESIAN_POINT('',(-24.79011761518,-12.11999673487,0.));
#1396 = CARTESIAN_POINT('',(-24.59983587177,-12.303127055,0.));
#1397 = CARTESIAN_POINT('',(-24.48549671346,-12.37645355095,0.));
#1398 = CARTESIAN_POINT('',(-24.24032248193,-12.47428171806,0.));
#1399 = CARTESIAN_POINT('',(-24.10733335929,-12.5,0.));
#1400 = CARTESIAN_POINT('',(-23.97359471387,-12.5,0.));
#1401 = PCURVE('',#1371,#1402);
#1402 = DEFINITIONAL_REPRESENTATION('',(#1403),#1429);
#1403 = B_SPLINE_CURVE_WITH_KNOTS('',3,(#1404,#1405,#1406,#1407,#1408,
    #1409,#1410,#1411,#1412,#1413,#1414,#1415,#1416,#1417,#1418,#1419,
    #1420,#1421,#1422,#1423,#1424,#1425,#1426,#1427,#1428),
  .UNSPECIFIED.,.F.,.F.,(4,1,1,1,1,1,1,1,1,1,1,1,1,1,1,1,1,1,1,1,1,1,4),
  (0.,7.195361898491E-05,1.439072379698E-04,2.158608569547E-04,
    2.878144759396E-04,3.597680949245E-04,4.317217139095E-04,
    5.036753328944E-04,5.756289518793E-04,6.475825708642E-04,
    7.195361898491E-04,7.91489808834E-04,8.634434278189E-04,
    9.353970468038E-04,1.007350665789E-03,1.079304284774E-03,
    1.151257903759E-03,1.223211522743E-03,1.295165141728E-03,
    1.367118760713E-03,1.439072379698E-03,1.511025998683E-03,
    1.582979617668E-03),.UNSPECIFIED.);
#1404 = CARTESIAN_POINT('',(4.489209738738,0.));
#1405 = CARTESIAN_POINT('',(4.489209734959,2.433268646554E-02));
#1406 = CARTESIAN_POINT('',(4.489195469679,7.284078078484E-02));
#1407 = CARTESIAN_POINT('',(4.489131945838,0.145243659336));
#1408 = CARTESIAN_POINT('',(4.489026963572,0.21740202055));
#1409 = CARTESIAN_POINT('',(4.488881119519,0.289423005624));
#1410 = CARTESIAN_POINT('',(4.488695013194,0.36139892753));
#1411 = CARTESIAN_POINT('',(4.48846905707,0.433459718643));
#1412 = CARTESIAN_POINT('',(4.48820418791,0.50543645088));
#1413 = CARTESIAN_POINT('',(4.487902429452,0.577310432717));
#1414 = CARTESIAN_POINT('',(4.487565619296,0.649024645954));
#1415 = CARTESIAN_POINT('',(4.487195497291,0.720541432941));
#1416 = CARTESIAN_POINT('',(4.486794325089,0.791736243356));
#1417 = CARTESIAN_POINT('',(4.486362354545,0.862825437155));
#1418 = CARTESIAN_POINT('',(4.485900834967,0.934006003982));
#1419 = CARTESIAN_POINT('',(4.485413046077,1.005123955423));
#1420 = CARTESIAN_POINT('',(4.484901801936,1.07609497663));
#1421 = CARTESIAN_POINT('',(4.484369948239,1.146831709652));
#1422 = CARTESIAN_POINT('',(4.483820909418,1.217184737063));
#1423 = CARTESIAN_POINT('',(4.483253354009,1.287688267184));
#1424 = CARTESIAN_POINT('',(4.482670289396,1.358295708153));
#1425 = CARTESIAN_POINT('',(4.482074314064,1.429014906038));
#1426 = CARTESIAN_POINT('',(4.481468197379,1.499838189049));
#1427 = CARTESIAN_POINT('',(4.481059234979,1.547130234526));
#1428 = CARTESIAN_POINT('',(4.480853999552,1.570796296628));
#1429 = ( GEOMETRIC_REPRESENTATION_CONTEXT(2) 
PARAMETRIC_REPRESENTATION_CONTEXT() REPRESENTATION_CONTEXT('2D SPACE',''
  ) );
#1430 = PCURVE('',#101,#1431);
#1431 = DEFINITIONAL_REPRESENTATION('',(#1432),#1443);
#1432 = B_SPLINE_CURVE_WITH_KNOTS('',3,(#1433,#1434,#1435,#1436,#1437,
    #1438,#1439,#1440,#1441,#1442),.UNSPECIFIED.,.F.,.F.,(4,2,2,2,4),(0.
    ,3.95744904417E-04,7.91489808834E-04,1.187234713251E-03,
    1.582979617668E-03),.UNSPECIFIED.);
#1433 = CARTESIAN_POINT('',(15.,8.5));
#1434 = CARTESIAN_POINT('',(15.,8.36616617899));
#1435 = CARTESIAN_POINT('',(15.02749242077,8.23475376222));
#1436 = CARTESIAN_POINT('',(15.13236444677,7.99114973033));
#1437 = CARTESIAN_POINT('',(15.20988238482,7.88000326513));
#1438 = CARTESIAN_POINT('',(15.40016412823,7.696872945));
#1439 = CARTESIAN_POINT('',(15.51450328654,7.62354644905));
#1440 = CARTESIAN_POINT('',(15.75967751807,7.52571828194));
#1441 = CARTESIAN_POINT('',(15.89266664071,7.5));
#1442 = CARTESIAN_POINT('',(16.02640528613,7.5));
#1443 = ( GEOMETRIC_REPRESENTATION_CONTEXT(2) 
PARAMETRIC_REPRESENTATION_CONTEXT() REPRESENTATION_CONTEXT('2D SPACE',''
  ) );
#1444 = ORIENTED_EDGE('',*,*,#1356,.T.);
#1445 = ORIENTED_EDGE('',*,*,#1446,.F.);
#1446 = EDGE_CURVE('',#1447,#1255,#1449,.T.);
#1447 = VERTEX_POINT('',#1448);
#1448 = CARTESIAN_POINT('',(-14.23262586188,-12.5,-27.67684529948));
#1449 = SURFACE_CURVE('',#1450,(#1455,#1461),.PCURVE_S1.);
#1450 = CIRCLE('',#1451,1.);
#1451 = AXIS2_PLACEMENT_3D('',#1452,#1453,#1454);
#1452 = CARTESIAN_POINT('',(-14.23262586188,-11.5,-27.67684529948));
#1453 = DIRECTION('',(0.788498303213,0.,-0.61503693046));
#1454 = DIRECTION('',(-0.61503693046,0.,-0.788498303213));
#1455 = PCURVE('',#1371,#1456);
#1456 = DEFINITIONAL_REPRESENTATION('',(#1457),#1460);
#1457 = B_SPLINE_CURVE_WITH_KNOTS('',1,(#1458,#1459),.UNSPECIFIED.,.F.,
  .F.,(2,2),(4.712388980385,6.28318530718),.PIECEWISE_BEZIER_KNOTS.);
#1458 = CARTESIAN_POINT('',(5.620752505085,1.570796296626));
#1459 = CARTESIAN_POINT('',(5.620752505085,0.));
#1460 = ( GEOMETRIC_REPRESENTATION_CONTEXT(2) 
PARAMETRIC_REPRESENTATION_CONTEXT() REPRESENTATION_CONTEXT('2D SPACE',''
  ) );
#1461 = PCURVE('',#1296,#1462);
#1462 = DEFINITIONAL_REPRESENTATION('',(#1463),#1489);
#1463 = B_SPLINE_CURVE_WITH_KNOTS('',3,(#1464,#1465,#1466,#1467,#1468,
    #1469,#1470,#1471,#1472,#1473,#1474,#1475,#1476,#1477,#1478,#1479,
    #1480,#1481,#1482,#1483,#1484,#1485,#1486,#1487,#1488),
  .UNSPECIFIED.,.F.,.F.,(4,1,1,1,1,1,1,1,1,1,1,1,1,1,1,1,1,1,1,1,1,1,4),
  (4.712388980385,4.783788813421,4.855188646457,4.926588479493,
    4.997988312529,5.069388145565,5.140787978601,5.212187811638,
    5.283587644674,5.35498747771,5.426387310746,5.497787143782,
    5.569186976818,5.640586809854,5.711986642891,5.783386475927,
    5.854786308963,5.926186141999,5.997585975035,6.068985808071,
    6.140385641107,6.211785474143,6.28318530718),.UNSPECIFIED.);
#1464 = CARTESIAN_POINT('',(3.594318728521E-04,0.));
#1465 = CARTESIAN_POINT('',(3.594318728521E-04,1.682780133709E-02));
#1466 = CARTESIAN_POINT('',(3.594318728521E-04,4.999070298887E-02));
#1467 = CARTESIAN_POINT('',(3.594318728521E-04,9.84255259041E-02));
#1468 = CARTESIAN_POINT('',(3.594318728521E-04,0.145724913075));
#1469 = CARTESIAN_POINT('',(3.594318728521E-04,0.192043637223));
#1470 = CARTESIAN_POINT('',(3.594318728521E-04,0.237526724423));
#1471 = CARTESIAN_POINT('',(3.594318728521E-04,0.282309422539));
#1472 = CARTESIAN_POINT('',(3.594318728521E-04,0.326519436214));
#1473 = CARTESIAN_POINT('',(3.594318728521E-04,0.370278310591));
#1474 = CARTESIAN_POINT('',(3.594318728521E-04,0.413702852292));
#1475 = CARTESIAN_POINT('',(3.594318728521E-04,0.456906394885));
#1476 = CARTESIAN_POINT('',(3.594318728521E-04,0.5));
#1477 = CARTESIAN_POINT('',(3.594318728521E-04,0.543093605115));
#1478 = CARTESIAN_POINT('',(3.594318728521E-04,0.586297147708));
#1479 = CARTESIAN_POINT('',(3.594318728521E-04,0.629721689409));
#1480 = CARTESIAN_POINT('',(3.594318728521E-04,0.673480563786));
#1481 = CARTESIAN_POINT('',(3.594318728521E-04,0.717690577461));
#1482 = CARTESIAN_POINT('',(3.594318728521E-04,0.762473275577));
#1483 = CARTESIAN_POINT('',(3.594318728521E-04,0.807956362777));
#1484 = CARTESIAN_POINT('',(3.594318728521E-04,0.854275086925));
#1485 = CARTESIAN_POINT('',(3.594318728521E-04,0.901574474096));
#1486 = CARTESIAN_POINT('',(3.594318728521E-04,0.950009297011));
#1487 = CARTESIAN_POINT('',(3.594318728521E-04,0.983172198663));
#1488 = CARTESIAN_POINT('',(3.594318728521E-04,1.));
#1489 = ( GEOMETRIC_REPRESENTATION_CONTEXT(2) 
PARAMETRIC_REPRESENTATION_CONTEXT() REPRESENTATION_CONTEXT('2D SPACE',''
  ) );
#1490 = ORIENTED_EDGE('',*,*,#1491,.F.);
#1491 = EDGE_CURVE('',#1387,#1447,#1492,.T.);
#1492 = SURFACE_CURVE('',#1493,(#1498,#1505),.PCURVE_S1.);
#1493 = CIRCLE('',#1494,27.1882689);
#1494 = AXIS2_PLACEMENT_3D('',#1495,#1496,#1497);
#1495 = CARTESIAN_POINT('',(2.489163605449,-12.5,-6.238941380745));
#1496 = DIRECTION('',(0.,-1.,0.));
#1497 = DIRECTION('',(0.,0.,-1.));
#1498 = PCURVE('',#1371,#1499);
#1499 = DEFINITIONAL_REPRESENTATION('',(#1500),#1504);
#1500 = LINE('',#1501,#1502);
#1501 = CARTESIAN_POINT('',(0.,1.570796326795));
#1502 = VECTOR('',#1503,1.);
#1503 = DIRECTION('',(1.,0.));
#1504 = ( GEOMETRIC_REPRESENTATION_CONTEXT(2) 
PARAMETRIC_REPRESENTATION_CONTEXT() REPRESENTATION_CONTEXT('2D SPACE',''
  ) );
#1505 = PCURVE('',#1506,#1511);
#1506 = PLANE('',#1507);
#1507 = AXIS2_PLACEMENT_3D('',#1508,#1509,#1510);
#1508 = CARTESIAN_POINT('',(-24.92735534906,-12.5,0.));
#1509 = DIRECTION('',(0.,-1.,0.));
#1510 = DIRECTION('',(0.,0.,-1.));
#1511 = DEFINITIONAL_REPRESENTATION('',(#1512),#1516);
#1512 = CIRCLE('',#1513,27.1882689);
#1513 = AXIS2_PLACEMENT_2D('',#1514,#1515);
#1514 = CARTESIAN_POINT('',(6.238941380745,27.416518954509));
#1515 = DIRECTION('',(1.,0.));
#1516 = ( GEOMETRIC_REPRESENTATION_CONTEXT(2) 
PARAMETRIC_REPRESENTATION_CONTEXT() REPRESENTATION_CONTEXT('2D SPACE',''
  ) );
#1517 = ADVANCED_FACE('',(#1518),#1506,.T.);
#1518 = FACE_BOUND('',#1519,.T.);
#1519 = EDGE_LOOP('',(#1520,#1543,#1544,#1573));
#1520 = ORIENTED_EDGE('',*,*,#1521,.F.);
#1521 = EDGE_CURVE('',#1387,#1522,#1524,.T.);
#1522 = VERTEX_POINT('',#1523);
#1523 = CARTESIAN_POINT('',(-22.06926855054,-12.5,0.));
#1524 = SURFACE_CURVE('',#1525,(#1529,#1536),.PCURVE_S1.);
#1525 = LINE('',#1526,#1527);
#1526 = CARTESIAN_POINT('',(-24.92735534906,-12.5,0.));
#1527 = VECTOR('',#1528,1.);
#1528 = DIRECTION('',(1.,0.,0.));
#1529 = PCURVE('',#1506,#1530);
#1530 = DEFINITIONAL_REPRESENTATION('',(#1531),#1535);
#1531 = LINE('',#1532,#1533);
#1532 = CARTESIAN_POINT('',(0.,0.));
#1533 = VECTOR('',#1534,1.);
#1534 = DIRECTION('',(0.,1.));
#1535 = ( GEOMETRIC_REPRESENTATION_CONTEXT(2) 
PARAMETRIC_REPRESENTATION_CONTEXT() REPRESENTATION_CONTEXT('2D SPACE',''
  ) );
#1536 = PCURVE('',#101,#1537);
#1537 = DEFINITIONAL_REPRESENTATION('',(#1538),#1542);
#1538 = LINE('',#1539,#1540);
#1539 = CARTESIAN_POINT('',(15.07264465094,7.5));
#1540 = VECTOR('',#1541,1.);
#1541 = DIRECTION('',(1.,0.));
#1542 = ( GEOMETRIC_REPRESENTATION_CONTEXT(2) 
PARAMETRIC_REPRESENTATION_CONTEXT() REPRESENTATION_CONTEXT('2D SPACE',''
  ) );
#1543 = ORIENTED_EDGE('',*,*,#1491,.T.);
#1544 = ORIENTED_EDGE('',*,*,#1545,.T.);
#1545 = EDGE_CURVE('',#1447,#1546,#1548,.T.);
#1546 = VERTEX_POINT('',#1547);
#1547 = CARTESIAN_POINT('',(-15.00916657813,-12.5,-24.56513630219));
#1548 = SURFACE_CURVE('',#1549,(#1554,#1561),.PCURVE_S1.);
#1549 = CIRCLE('',#1550,3.);
#1550 = AXIS2_PLACEMENT_3D('',#1551,#1552,#1553);
#1551 = CARTESIAN_POINT('',(-17.08091247583,-12.5,-26.73489871669));
#1552 = DIRECTION('',(0.,-1.,0.));
#1553 = DIRECTION('',(0.,0.,-1.));
#1554 = PCURVE('',#1506,#1555);
#1555 = DEFINITIONAL_REPRESENTATION('',(#1556),#1560);
#1556 = CIRCLE('',#1557,3.);
#1557 = AXIS2_PLACEMENT_2D('',#1558,#1559);
#1558 = CARTESIAN_POINT('',(26.73489871669,7.84644287323));
#1559 = DIRECTION('',(1.,0.));
#1560 = ( GEOMETRIC_REPRESENTATION_CONTEXT(2) 
PARAMETRIC_REPRESENTATION_CONTEXT() REPRESENTATION_CONTEXT('2D SPACE',''
  ) );
#1561 = PCURVE('',#1562,#1567);
#1562 = TOROIDAL_SURFACE('',#1563,3.,2.);
#1563 = AXIS2_PLACEMENT_3D('',#1564,#1565,#1566);
#1564 = CARTESIAN_POINT('',(-17.08091247583,-10.5,-26.73489871669));
#1565 = DIRECTION('',(0.,-1.,0.));
#1566 = DIRECTION('',(0.,0.,-1.));
#1567 = DEFINITIONAL_REPRESENTATION('',(#1568),#1572);
#1568 = LINE('',#1569,#1570);
#1569 = CARTESIAN_POINT('',(-2.22044604925E-16,1.570796326795));
#1570 = VECTOR('',#1571,1.);
#1571 = DIRECTION('',(1.,9.843385482456E-16));
#1572 = ( GEOMETRIC_REPRESENTATION_CONTEXT(2) 
PARAMETRIC_REPRESENTATION_CONTEXT() REPRESENTATION_CONTEXT('2D SPACE',''
  ) );
#1573 = ORIENTED_EDGE('',*,*,#1574,.F.);
#1574 = EDGE_CURVE('',#1522,#1546,#1575,.T.);
#1575 = SURFACE_CURVE('',#1576,(#1581,#1588),.PCURVE_S1.);
#1576 = CIRCLE('',#1577,25.3385276);
#1577 = AXIS2_PLACEMENT_3D('',#1578,#1579,#1580);
#1578 = CARTESIAN_POINT('',(2.489163605449,-12.5,-6.238941380745));
#1579 = DIRECTION('',(0.,-1.,0.));
#1580 = DIRECTION('',(0.,0.,-1.));
#1581 = PCURVE('',#1506,#1582);
#1582 = DEFINITIONAL_REPRESENTATION('',(#1583),#1587);
#1583 = CIRCLE('',#1584,25.3385276);
#1584 = AXIS2_PLACEMENT_2D('',#1585,#1586);
#1585 = CARTESIAN_POINT('',(6.238941380745,27.416518954509));
#1586 = DIRECTION('',(1.,0.));
#1587 = ( GEOMETRIC_REPRESENTATION_CONTEXT(2) 
PARAMETRIC_REPRESENTATION_CONTEXT() REPRESENTATION_CONTEXT('2D SPACE',''
  ) );
#1588 = PCURVE('',#1589,#1594);
#1589 = TOROIDAL_SURFACE('',#1590,25.3385276,2.);
#1590 = AXIS2_PLACEMENT_3D('',#1591,#1592,#1593);
#1591 = CARTESIAN_POINT('',(2.489163605449,-10.5,-6.238941380745));
#1592 = DIRECTION('',(0.,-1.,0.));
#1593 = DIRECTION('',(0.,0.,-1.));
#1594 = DEFINITIONAL_REPRESENTATION('',(#1595),#1599);
#1595 = LINE('',#1596,#1597);
#1596 = CARTESIAN_POINT('',(0.,1.570796326795));
#1597 = VECTOR('',#1598,1.);
#1598 = DIRECTION('',(1.,0.));
#1599 = ( GEOMETRIC_REPRESENTATION_CONTEXT(2) 
PARAMETRIC_REPRESENTATION_CONTEXT() REPRESENTATION_CONTEXT('2D SPACE',''
  ) );
#1600 = ADVANCED_FACE('',(#1601),#1589,.T.);
#1601 = FACE_BOUND('',#1602,.T.);
#1602 = EDGE_LOOP('',(#1603,#1626,#1650,#1741));
#1603 = ORIENTED_EDGE('',*,*,#1604,.F.);
#1604 = EDGE_CURVE('',#1605,#1546,#1607,.T.);
#1605 = VERTEX_POINT('',#1606);
#1606 = CARTESIAN_POINT('',(-13.62800264633,-10.5,-23.11862802586));
#1607 = SURFACE_CURVE('',#1608,(#1613,#1619),.PCURVE_S1.);
#1608 = CIRCLE('',#1609,2.);
#1609 = AXIS2_PLACEMENT_3D('',#1610,#1611,#1612);
#1610 = CARTESIAN_POINT('',(-15.00916657813,-10.5,-24.56513630219));
#1611 = DIRECTION('',(0.723254138167,5.706457820426E-16,-0.690581965898)
  );
#1612 = DIRECTION('',(-0.690581965898,-9.860761315263E-32,
    -0.723254138167));
#1613 = PCURVE('',#1589,#1614);
#1614 = DEFINITIONAL_REPRESENTATION('',(#1615),#1618);
#1615 = B_SPLINE_CURVE_WITH_KNOTS('',1,(#1616,#1617),.UNSPECIFIED.,.F.,
  .F.,(2,2),(3.14159265359,4.712388980385),.PIECEWISE_BEZIER_KNOTS.);
#1616 = CARTESIAN_POINT('',(5.520891913966,3.14159265359));
#1617 = CARTESIAN_POINT('',(5.520891913966,1.570796340837));
#1618 = ( GEOMETRIC_REPRESENTATION_CONTEXT(2) 
PARAMETRIC_REPRESENTATION_CONTEXT() REPRESENTATION_CONTEXT('2D SPACE',''
  ) );
#1619 = PCURVE('',#1562,#1620);
#1620 = DEFINITIONAL_REPRESENTATION('',(#1621),#1625);
#1621 = LINE('',#1622,#1623);
#1622 = CARTESIAN_POINT('',(2.379299260376,-3.14159265359));
#1623 = VECTOR('',#1624,1.);
#1624 = DIRECTION('',(-1.9790118018E-15,1.));
#1625 = ( GEOMETRIC_REPRESENTATION_CONTEXT(2) 
PARAMETRIC_REPRESENTATION_CONTEXT() REPRESENTATION_CONTEXT('2D SPACE',''
  ) );
#1626 = ORIENTED_EDGE('',*,*,#1627,.F.);
#1627 = EDGE_CURVE('',#1628,#1605,#1630,.T.);
#1628 = VERTEX_POINT('',#1629);
#1629 = CARTESIAN_POINT('',(-20.,-10.5,0.));
#1630 = SURFACE_CURVE('',#1631,(#1636,#1643),.PCURVE_S1.);
#1631 = CIRCLE('',#1632,23.3385276);
#1632 = AXIS2_PLACEMENT_3D('',#1633,#1634,#1635);
#1633 = CARTESIAN_POINT('',(2.489163605449,-10.5,-6.238941380745));
#1634 = DIRECTION('',(0.,-1.,0.));
#1635 = DIRECTION('',(0.,0.,-1.));
#1636 = PCURVE('',#1589,#1637);
#1637 = DEFINITIONAL_REPRESENTATION('',(#1638),#1642);
#1638 = LINE('',#1639,#1640);
#1639 = CARTESIAN_POINT('',(0.,3.14159265359));
#1640 = VECTOR('',#1641,1.);
#1641 = DIRECTION('',(1.,0.));
#1642 = ( GEOMETRIC_REPRESENTATION_CONTEXT(2) 
PARAMETRIC_REPRESENTATION_CONTEXT() REPRESENTATION_CONTEXT('2D SPACE',''
  ) );
#1643 = PCURVE('',#143,#1644);
#1644 = DEFINITIONAL_REPRESENTATION('',(#1645),#1649);
#1645 = LINE('',#1646,#1647);
#1646 = CARTESIAN_POINT('',(6.28318530718,-10.5));
#1647 = VECTOR('',#1648,1.);
#1648 = DIRECTION('',(-1.,0.));
#1649 = ( GEOMETRIC_REPRESENTATION_CONTEXT(2) 
PARAMETRIC_REPRESENTATION_CONTEXT() REPRESENTATION_CONTEXT('2D SPACE',''
  ) );
#1650 = ORIENTED_EDGE('',*,*,#1651,.F.);
#1651 = EDGE_CURVE('',#1522,#1628,#1652,.T.);
#1652 = SURFACE_CURVE('',#1653,(#1670,#1721),.PCURVE_S1.);
#1653 = B_SPLINE_CURVE_WITH_KNOTS('',3,(#1654,#1655,#1656,#1657,#1658,
    #1659,#1660,#1661,#1662,#1663,#1664,#1665,#1666,#1667,#1668,#1669),
  .UNSPECIFIED.,.F.,.F.,(4,2,2,2,2,2,2,4),(0.,3.972534489052E-04,
    7.945068978103E-04,1.191760346716E-03,1.589013795621E-03,
    1.986267244526E-03,2.383520693431E-03,3.178027591241E-03),
  .UNSPECIFIED.);
#1654 = CARTESIAN_POINT('',(-22.06926855054,-12.5,0.));
#1655 = CARTESIAN_POINT('',(-21.93495920178,-12.5,0.));
#1656 = CARTESIAN_POINT('',(-21.80278505507,-12.48741234374,0.));
#1657 = CARTESIAN_POINT('',(-21.54253341911,-12.43808600707,0.));
#1658 = CARTESIAN_POINT('',(-21.41330056543,-12.40086070241,0.));
#1659 = CARTESIAN_POINT('',(-21.16490537876,-12.30285455189,0.));
#1660 = CARTESIAN_POINT('',(-21.04684661173,-12.24279233001,0.));
#1661 = CARTESIAN_POINT('',(-20.8229257735,-12.10069543727,0.));
#1662 = CARTESIAN_POINT('',(-20.71608899284,-12.01755383094,0.));
#1663 = CARTESIAN_POINT('',(-20.52331140655,-11.83454185287,0.));
#1664 = CARTESIAN_POINT('',(-20.43662851774,-11.73454644403,0.));
#1665 = CARTESIAN_POINT('',(-20.2831492605,-11.51716157279,0.));
#1666 = CARTESIAN_POINT('',(-20.21657255813,-11.39933828428,0.));
#1667 = CARTESIAN_POINT('',(-20.05710214069,-11.03521435397,0.));
#1668 = CARTESIAN_POINT('',(-20.,-10.76888389518,0.));
#1669 = CARTESIAN_POINT('',(-20.,-10.5,0.));
#1670 = PCURVE('',#1589,#1671);
#1671 = DEFINITIONAL_REPRESENTATION('',(#1672),#1720);
#1672 = B_SPLINE_CURVE_WITH_KNOTS('',3,(#1673,#1674,#1675,#1676,#1677,
    #1678,#1679,#1680,#1681,#1682,#1683,#1684,#1685,#1686,#1687,#1688,
    #1689,#1690,#1691,#1692,#1693,#1694,#1695,#1696,#1697,#1698,#1699,
    #1700,#1701,#1702,#1703,#1704,#1705,#1706,#1707,#1708,#1709,#1710,
    #1711,#1712,#1713,#1714,#1715,#1716,#1717,#1718,#1719),
  .UNSPECIFIED.,.F.,.F.,(4,1,1,1,1,1,1,1,1,1,1,1,1,1,1,1,1,1,1,1,1,1,1,1
    ,1,1,1,1,1,1,1,1,1,1,1,1,1,1,1,1,1,1,1,1,4),(0.,7.222789980094E-05,
    1.444557996019E-04,2.166836994028E-04,2.889115992038E-04,
    3.611394990047E-04,4.333673988056E-04,5.055952986066E-04,
    5.778231984075E-04,6.500510982085E-04,7.222789980094E-04,
    7.945068978103E-04,8.667347976113E-04,9.389626974122E-04,
    1.011190597213E-03,1.083418497014E-03,1.155646396815E-03,
    1.227874296616E-03,1.300102196417E-03,1.372330096218E-03,
    1.444557996019E-03,1.51678589582E-03,1.589013795621E-03,
    1.661241695422E-03,1.733469595223E-03,1.805697495023E-03,
    1.877925394824E-03,1.950153294625E-03,2.022381194426E-03,
    2.094609094227E-03,2.166836994028E-03,2.239064893829E-03,
    2.31129279363E-03,2.383520693431E-03,2.455748593232E-03,
    2.527976493033E-03,2.600204392834E-03,2.672432292635E-03,
    2.744660192436E-03,2.816888092237E-03,2.889115992038E-03,
    2.961343891839E-03,3.033571791639E-03,3.10579969144E-03,
    3.178027591241E-03),.UNSPECIFIED.);
#1673 = CARTESIAN_POINT('',(4.463607107756,1.570796340837));
#1674 = CARTESIAN_POINT('',(4.463369811024,1.582630363665));
#1675 = CARTESIAN_POINT('',(4.462895259458,1.606227895393));
#1676 = CARTESIAN_POINT('',(4.462183564015,1.641457608468));
#1677 = CARTESIAN_POINT('',(4.461472003758,1.676566002054));
#1678 = CARTESIAN_POINT('',(4.460760592236,1.711597263999));
#1679 = CARTESIAN_POINT('',(4.460049303026,1.746597103525));
#1680 = CARTESIAN_POINT('',(4.459338257468,1.781601750094));
#1681 = CARTESIAN_POINT('',(4.458625488737,1.816757210333));
#1682 = CARTESIAN_POINT('',(4.457912947513,1.852012214665));
#1683 = CARTESIAN_POINT('',(4.457202055924,1.887343652856));
#1684 = CARTESIAN_POINT('',(4.456494541552,1.922714542332));
#1685 = CARTESIAN_POINT('',(4.455791640364,1.958117668165));
#1686 = CARTESIAN_POINT('',(4.45509645041,1.993446557157));
#1687 = CARTESIAN_POINT('',(4.454410561995,2.028665900362));
#1688 = CARTESIAN_POINT('',(4.453733745382,2.063841291835));
#1689 = CARTESIAN_POINT('',(4.453066259807,2.099011122628));
#1690 = CARTESIAN_POINT('',(4.452408221119,2.134222469626));
#1691 = CARTESIAN_POINT('',(4.451759821695,2.169513677352));
#1692 = CARTESIAN_POINT('',(4.45111979678,2.205036150357));
#1693 = CARTESIAN_POINT('',(4.450490795146,2.240693681903));
#1694 = CARTESIAN_POINT('',(4.449874967561,2.276422611334));
#1695 = CARTESIAN_POINT('',(4.449274557913,2.312153664229));
#1696 = CARTESIAN_POINT('',(4.448692147685,2.347808492913));
#1697 = CARTESIAN_POINT('',(4.448129073814,2.383358320472));
#1698 = CARTESIAN_POINT('',(4.447584662726,2.418885334936));
#1699 = CARTESIAN_POINT('',(4.447059526792,2.454424611972));
#1700 = CARTESIAN_POINT('',(4.446553911472,2.490025465587));
#1701 = CARTESIAN_POINT('',(4.446068209372,2.525731161694));
#1702 = CARTESIAN_POINT('',(4.445602554606,2.5615966383));
#1703 = CARTESIAN_POINT('',(4.445158444652,2.597639630494));
#1704 = CARTESIAN_POINT('',(4.444737472358,2.633779026658));
#1705 = CARTESIAN_POINT('',(4.444341191899,2.669946056354));
#1706 = CARTESIAN_POINT('',(4.443971038208,2.706081809137));
#1707 = CARTESIAN_POINT('',(4.443628979797,2.742074443267));
#1708 = CARTESIAN_POINT('',(4.44331497184,2.778019689833));
#1709 = CARTESIAN_POINT('',(4.443028017536,2.814077847619));
#1710 = CARTESIAN_POINT('',(4.442769120073,2.850202616356));
#1711 = CARTESIAN_POINT('',(4.442538729914,2.88640236361));
#1712 = CARTESIAN_POINT('',(4.442337427449,2.922670480642));
#1713 = CARTESIAN_POINT('',(4.44216573875,2.959004408183));
#1714 = CARTESIAN_POINT('',(4.442024183547,2.995400909314));
#1715 = CARTESIAN_POINT('',(4.441913261225,3.031857687138));
#1716 = CARTESIAN_POINT('',(4.441833452576,3.068373366115));
#1717 = CARTESIAN_POINT('',(4.44178522056,3.104947650865));
#1718 = CARTESIAN_POINT('',(4.441774406422,3.129370800878));
#1719 = CARTESIAN_POINT('',(4.441774408221,3.14159265359));
#1720 = ( GEOMETRIC_REPRESENTATION_CONTEXT(2) 
PARAMETRIC_REPRESENTATION_CONTEXT() REPRESENTATION_CONTEXT('2D SPACE',''
  ) );
#1721 = PCURVE('',#101,#1722);
#1722 = DEFINITIONAL_REPRESENTATION('',(#1723),#1740);
#1723 = B_SPLINE_CURVE_WITH_KNOTS('',3,(#1724,#1725,#1726,#1727,#1728,
    #1729,#1730,#1731,#1732,#1733,#1734,#1735,#1736,#1737,#1738,#1739),
  .UNSPECIFIED.,.F.,.F.,(4,2,2,2,2,2,2,4),(0.,3.972534489052E-04,
    7.945068978103E-04,1.191760346716E-03,1.589013795621E-03,
    1.986267244526E-03,2.383520693431E-03,3.178027591241E-03),
  .UNSPECIFIED.);
#1724 = CARTESIAN_POINT('',(17.93073144946,7.5));
#1725 = CARTESIAN_POINT('',(18.06504079822,7.5));
#1726 = CARTESIAN_POINT('',(18.19721494493,7.51258765626));
#1727 = CARTESIAN_POINT('',(18.45746658089,7.56191399293));
#1728 = CARTESIAN_POINT('',(18.58669943457,7.59913929759));
#1729 = CARTESIAN_POINT('',(18.83509462124,7.69714544811));
#1730 = CARTESIAN_POINT('',(18.95315338827,7.75720766999));
#1731 = CARTESIAN_POINT('',(19.1770742265,7.89930456273));
#1732 = CARTESIAN_POINT('',(19.28391100716,7.98244616906));
#1733 = CARTESIAN_POINT('',(19.47668859345,8.16545814713));
#1734 = CARTESIAN_POINT('',(19.56337148226,8.26545355597));
#1735 = CARTESIAN_POINT('',(19.7168507395,8.48283842721));
#1736 = CARTESIAN_POINT('',(19.78342744187,8.60066171572));
#1737 = CARTESIAN_POINT('',(19.94289785931,8.96478564603));
#1738 = CARTESIAN_POINT('',(20.,9.23111610482));
#1739 = CARTESIAN_POINT('',(20.,9.5));
#1740 = ( GEOMETRIC_REPRESENTATION_CONTEXT(2) 
PARAMETRIC_REPRESENTATION_CONTEXT() REPRESENTATION_CONTEXT('2D SPACE',''
  ) );
#1741 = ORIENTED_EDGE('',*,*,#1574,.T.);
#1742 = ADVANCED_FACE('',(#1743),#1562,.T.);
#1743 = FACE_BOUND('',#1744,.T.);
#1744 = EDGE_LOOP('',(#1745,#1746,#1817,#1846,#1873));
#1745 = ORIENTED_EDGE('',*,*,#1545,.F.);
#1746 = ORIENTED_EDGE('',*,*,#1747,.T.);
#1747 = EDGE_CURVE('',#1447,#1748,#1750,.T.);
#1748 = VERTEX_POINT('',#1749);
#1749 = CARTESIAN_POINT('',(-13.63569555555,-12.38314279855,
    -28.01005163761));
#1750 = SURFACE_CURVE('',#1751,(#1759,#1788),.PCURVE_S1.);
#1751 = B_SPLINE_CURVE_WITH_KNOTS('',3,(#1752,#1753,#1754,#1755,#1756,
    #1757,#1758),.UNSPECIFIED.,.F.,.F.,(4,1,1,1,4),(1.589900327696E-17,
    1.733868254652E-04,3.467736509305E-04,5.201604763957E-04,
    6.935473018609E-04),.UNSPECIFIED.);
#1752 = CARTESIAN_POINT('',(-14.23262586188,-12.5,-27.67684529948));
#1753 = CARTESIAN_POINT('',(-14.18105635809,-12.5,-27.70475769959));
#1754 = CARTESIAN_POINT('',(-14.07889033667,-12.49501208593,
    -27.7605762912));
#1755 = CARTESIAN_POINT('',(-13.92838857642,-12.47301940497,
    -27.84413682651));
#1756 = CARTESIAN_POINT('',(-13.78052775445,-12.43663542771,
    -27.92738142991));
#1757 = CARTESIAN_POINT('',(-13.68368322859,-12.4026542518,
    -27.98256525129));
#1758 = CARTESIAN_POINT('',(-13.63569555555,-12.38314279855,
    -28.01005163761));
#1759 = PCURVE('',#1562,#1760);
#1760 = DEFINITIONAL_REPRESENTATION('',(#1761),#1787);
#1761 = B_SPLINE_CURVE_WITH_KNOTS('',3,(#1762,#1763,#1764,#1765,#1766,
    #1767,#1768,#1769,#1770,#1771,#1772,#1773,#1774,#1775,#1776,#1777,
    #1778,#1779,#1780,#1781,#1782,#1783,#1784,#1785,#1786),
  .UNSPECIFIED.,.F.,.F.,(4,1,1,1,1,1,1,1,1,1,1,1,1,1,1,1,1,1,1,1,1,1,4),
  (1.589900327696E-17,3.152487735733E-05,6.304975471465E-05,
    9.457463207196E-05,1.260995094293E-04,1.576243867866E-04,
    1.891492641439E-04,2.206741415012E-04,2.521990188585E-04,
    2.837238962159E-04,3.152487735732E-04,3.467736509305E-04,
    3.782985282878E-04,4.098234056451E-04,4.413482830024E-04,
    4.728731603597E-04,5.043980377171E-04,5.359229150744E-04,
    5.674477924317E-04,5.98972669789E-04,6.304975471463E-04,
    6.620224245036E-04,6.935473018609E-04),.UNSPECIFIED.);
#1762 = CARTESIAN_POINT('',(1.25141188199,1.570796326795));
#1763 = CARTESIAN_POINT('',(1.250787100966,1.565548550211));
#1764 = CARTESIAN_POINT('',(1.24954734182,1.555066531608));
#1765 = CARTESIAN_POINT('',(1.247716470913,1.539380011673));
#1766 = CARTESIAN_POINT('',(1.245913714234,1.523725889891));
#1767 = CARTESIAN_POINT('',(1.24413846262,1.508100105775));
#1768 = CARTESIAN_POINT('',(1.242390132122,1.492498642846));
#1769 = CARTESIAN_POINT('',(1.240668173036,1.476917524175));
#1770 = CARTESIAN_POINT('',(1.238972037954,1.461352883584));
#1771 = CARTESIAN_POINT('',(1.237301181265,1.445800917414));
#1772 = CARTESIAN_POINT('',(1.235655087101,1.43025781249));
#1773 = CARTESIAN_POINT('',(1.234033261541,1.414719769355));
#1774 = CARTESIAN_POINT('',(1.232435233153,1.39918300188));
#1775 = CARTESIAN_POINT('',(1.230860551359,1.383643749153));
#1776 = CARTESIAN_POINT('',(1.22930875763,1.368098254695));
#1777 = CARTESIAN_POINT('',(1.227779412703,1.352542729498));
#1778 = CARTESIAN_POINT('',(1.226272095802,1.336973363738));
#1779 = CARTESIAN_POINT('',(1.224786403039,1.32138632702));
#1780 = CARTESIAN_POINT('',(1.223321949293,1.305777789309));
#1781 = CARTESIAN_POINT('',(1.221878355147,1.290143859413));
#1782 = CARTESIAN_POINT('',(1.220455246019,1.274480535761));
#1783 = CARTESIAN_POINT('',(1.219052264212,1.258783766616));
#1784 = CARTESIAN_POINT('',(1.217669063929,1.243049449086));
#1785 = CARTESIAN_POINT('',(1.216759899577,1.232532095856));
#1786 = CARTESIAN_POINT('',(1.216308504206,1.227265776106));
#1787 = ( GEOMETRIC_REPRESENTATION_CONTEXT(2) 
PARAMETRIC_REPRESENTATION_CONTEXT() REPRESENTATION_CONTEXT('2D SPACE',''
  ) );
#1788 = PCURVE('',#1296,#1789);
#1789 = DEFINITIONAL_REPRESENTATION('',(#1790),#1816);
#1790 = B_SPLINE_CURVE_WITH_KNOTS('',3,(#1791,#1792,#1793,#1794,#1795,
    #1796,#1797,#1798,#1799,#1800,#1801,#1802,#1803,#1804,#1805,#1806,
    #1807,#1808,#1809,#1810,#1811,#1812,#1813,#1814,#1815),
  .UNSPECIFIED.,.F.,.F.,(4,1,1,1,1,1,1,1,1,1,1,1,1,1,1,1,1,1,1,1,1,1,4),
  (1.589900327696E-17,3.152487735733E-05,6.304975471465E-05,
    9.457463207196E-05,1.260995094293E-04,1.576243867866E-04,
    1.891492641439E-04,2.206741415012E-04,2.521990188585E-04,
    2.837238962159E-04,3.152487735732E-04,3.467736509305E-04,
    3.782985282878E-04,4.098234056451E-04,4.413482830024E-04,
    4.728731603597E-04,5.043980377171E-04,5.359229150744E-04,
    5.674477924317E-04,5.98972669789E-04,6.304975471463E-04,
    6.620224245036E-04,6.935473018609E-04),.UNSPECIFIED.);
#1791 = CARTESIAN_POINT('',(3.594318728521E-04,0.));
#1792 = CARTESIAN_POINT('',(3.539336293869E-04,-1.124189925684E-09));
#1793 = CARTESIAN_POINT('',(3.429427983262E-04,-9.348725204465E-09));
#1794 = CARTESIAN_POINT('',(3.264731013536E-04,-2.802455927436E-08));
#1795 = CARTESIAN_POINT('',(3.100195370878E-04,-3.798966871922E-08));
#1796 = CARTESIAN_POINT('',(2.935816848407E-04,-3.630542002409E-08));
#1797 = CARTESIAN_POINT('',(2.77159128242E-04,-2.579120395778E-08));
#1798 = CARTESIAN_POINT('',(2.607514407931E-04,-1.943241394146E-08));
#1799 = CARTESIAN_POINT('',(2.443582765905E-04,-2.831867013013E-08));
#1800 = CARTESIAN_POINT('',(2.279793125506E-04,-3.57076987551E-08));
#1801 = CARTESIAN_POINT('',(2.116142184045E-04,-3.68434383316E-08));
#1802 = CARTESIAN_POINT('',(1.952626677164E-04,-3.126110903897E-08));
#1803 = CARTESIAN_POINT('',(1.789243343975E-04,-2.139442982266E-08));
#1804 = CARTESIAN_POINT('',(1.625989037612E-04,-2.262783751098E-08));
#1805 = CARTESIAN_POINT('',(1.462861148598E-04,-2.901860625114E-08));
#1806 = CARTESIAN_POINT('',(1.299857026809E-04,-3.221570251153E-08));
#1807 = CARTESIAN_POINT('',(1.136974053459E-04,-2.955643676825E-08));
#1808 = CARTESIAN_POINT('',(9.742096525838E-05,-2.117441857281E-08));
#1809 = CARTESIAN_POINT('',(8.115612190375E-05,-1.146357424506E-08));
#1810 = CARTESIAN_POINT('',(6.490268170355E-05,-1.010612334216E-08));
#1811 = CARTESIAN_POINT('',(4.866040754589E-05,-8.784521249146E-09));
#1812 = CARTESIAN_POINT('',(3.242906968878E-05,-5.885540695985E-09));
#1813 = CARTESIAN_POINT('',(1.620843900006E-05,-1.41491301431E-09));
#1814 = CARTESIAN_POINT('',(5.401673417833E-06,7.821756701019E-11));
#1815 = CARTESIAN_POINT('',(1.501620008892E-17,0.));
#1816 = ( GEOMETRIC_REPRESENTATION_CONTEXT(2) 
PARAMETRIC_REPRESENTATION_CONTEXT() REPRESENTATION_CONTEXT('2D SPACE',''
  ) );
#1817 = ORIENTED_EDGE('',*,*,#1818,.F.);
#1818 = EDGE_CURVE('',#1819,#1748,#1821,.T.);
#1819 = VERTEX_POINT('',#1820);
#1820 = CARTESIAN_POINT('',(-12.39179050702,-10.5,-28.47044910827));
#1821 = SURFACE_CURVE('',#1822,(#1827,#1834),.PCURVE_S1.);
#1822 = CIRCLE('',#1823,2.);
#1823 = AXIS2_PLACEMENT_3D('',#1824,#1825,#1826);
#1824 = CARTESIAN_POINT('',(-14.26743929454,-10.5,-27.77622895164));
#1825 = DIRECTION('',(-0.347110078315,0.,-0.93782439376));
#1826 = DIRECTION('',(-0.93782439376,0.,0.347110078315));
#1827 = PCURVE('',#1562,#1828);
#1828 = DEFINITIONAL_REPRESENTATION('',(#1829),#1833);
#1829 = LINE('',#1830,#1831);
#1830 = CARTESIAN_POINT('',(1.216308504206,-3.14159265359));
#1831 = VECTOR('',#1832,1.);
#1832 = DIRECTION('',(0.,1.));
#1833 = ( GEOMETRIC_REPRESENTATION_CONTEXT(2) 
PARAMETRIC_REPRESENTATION_CONTEXT() REPRESENTATION_CONTEXT('2D SPACE',''
  ) );
#1834 = PCURVE('',#1835,#1840);
#1835 = CYLINDRICAL_SURFACE('',#1836,2.);
#1836 = AXIS2_PLACEMENT_3D('',#1837,#1838,#1839);
#1837 = CARTESIAN_POINT('',(-23.45703428995,-10.5,-52.60473983011));
#1838 = DIRECTION('',(0.347110078315,0.,0.93782439376));
#1839 = DIRECTION('',(-0.93782439376,0.,0.347110078315));
#1840 = DEFINITIONAL_REPRESENTATION('',(#1841),#1845);
#1841 = LINE('',#1842,#1843);
#1842 = CARTESIAN_POINT('',(6.28318530718,26.474584201116));
#1843 = VECTOR('',#1844,1.);
#1844 = DIRECTION('',(-1.,0.));
#1845 = ( GEOMETRIC_REPRESENTATION_CONTEXT(2) 
PARAMETRIC_REPRESENTATION_CONTEXT() REPRESENTATION_CONTEXT('2D SPACE',''
  ) );
#1846 = ORIENTED_EDGE('',*,*,#1847,.T.);
#1847 = EDGE_CURVE('',#1819,#1605,#1848,.T.);
#1848 = SURFACE_CURVE('',#1849,(#1854,#1861),.PCURVE_S1.);
#1849 = CIRCLE('',#1850,5.);
#1850 = AXIS2_PLACEMENT_3D('',#1851,#1852,#1853);
#1851 = CARTESIAN_POINT('',(-17.08091247583,-10.5,-26.73489871669));
#1852 = DIRECTION('',(0.,-1.,0.));
#1853 = DIRECTION('',(0.,0.,-1.));
#1854 = PCURVE('',#1562,#1855);
#1855 = DEFINITIONAL_REPRESENTATION('',(#1856),#1860);
#1856 = LINE('',#1857,#1858);
#1857 = CARTESIAN_POINT('',(0.,0.));
#1858 = VECTOR('',#1859,1.);
#1859 = DIRECTION('',(1.,0.));
#1860 = ( GEOMETRIC_REPRESENTATION_CONTEXT(2) 
PARAMETRIC_REPRESENTATION_CONTEXT() REPRESENTATION_CONTEXT('2D SPACE',''
  ) );
#1861 = PCURVE('',#1862,#1867);
#1862 = CYLINDRICAL_SURFACE('',#1863,5.);
#1863 = AXIS2_PLACEMENT_3D('',#1864,#1865,#1866);
#1864 = CARTESIAN_POINT('',(-17.08091247583,0.,-26.73489871669));
#1865 = DIRECTION('',(0.,1.,0.));
#1866 = DIRECTION('',(0.,0.,-1.));
#1867 = DEFINITIONAL_REPRESENTATION('',(#1868),#1872);
#1868 = LINE('',#1869,#1870);
#1869 = CARTESIAN_POINT('',(6.28318530718,-10.5));
#1870 = VECTOR('',#1871,1.);
#1871 = DIRECTION('',(-1.,0.));
#1872 = ( GEOMETRIC_REPRESENTATION_CONTEXT(2) 
PARAMETRIC_REPRESENTATION_CONTEXT() REPRESENTATION_CONTEXT('2D SPACE',''
  ) );
#1873 = ORIENTED_EDGE('',*,*,#1604,.T.);
#1874 = ADVANCED_FACE('',(#1875),#1862,.T.);
#1875 = FACE_BOUND('',#1876,.T.);
#1876 = EDGE_LOOP('',(#1877,#1905,#1927,#1948));
#1877 = ORIENTED_EDGE('',*,*,#1878,.F.);
#1878 = EDGE_CURVE('',#1879,#1819,#1881,.T.);
#1879 = VERTEX_POINT('',#1880);
#1880 = CARTESIAN_POINT('',(-12.39179050702,-9.5,-28.47044910827));
#1881 = SURFACE_CURVE('',#1882,(#1886,#1893),.PCURVE_S1.);
#1882 = LINE('',#1883,#1884);
#1883 = CARTESIAN_POINT('',(-12.39179050702,-10.,-28.47044910827));
#1884 = VECTOR('',#1885,1.);
#1885 = DIRECTION('',(0.,-1.,0.));
#1886 = PCURVE('',#1862,#1887);
#1887 = DEFINITIONAL_REPRESENTATION('',(#1888),#1892);
#1888 = LINE('',#1889,#1890);
#1889 = CARTESIAN_POINT('',(5.066876802974,-10.));
#1890 = VECTOR('',#1891,1.);
#1891 = DIRECTION('',(0.,-1.));
#1892 = ( GEOMETRIC_REPRESENTATION_CONTEXT(2) 
PARAMETRIC_REPRESENTATION_CONTEXT() REPRESENTATION_CONTEXT('2D SPACE',''
  ) );
#1893 = PCURVE('',#1894,#1899);
#1894 = PLANE('',#1895);
#1895 = AXIS2_PLACEMENT_3D('',#1896,#1897,#1898);
#1896 = CARTESIAN_POINT('',(-21.58138550243,-10.,-53.29895998674));
#1897 = DIRECTION('',(0.93782439376,0.,-0.347110078315));
#1898 = DIRECTION('',(0.347110078315,0.,0.93782439376));
#1899 = DEFINITIONAL_REPRESENTATION('',(#1900),#1904);
#1900 = LINE('',#1901,#1902);
#1901 = CARTESIAN_POINT('',(26.474584201116,0.));
#1902 = VECTOR('',#1903,1.);
#1903 = DIRECTION('',(0.,1.));
#1904 = ( GEOMETRIC_REPRESENTATION_CONTEXT(2) 
PARAMETRIC_REPRESENTATION_CONTEXT() REPRESENTATION_CONTEXT('2D SPACE',''
  ) );
#1905 = ORIENTED_EDGE('',*,*,#1906,.F.);
#1906 = EDGE_CURVE('',#127,#1879,#1907,.T.);
#1907 = SURFACE_CURVE('',#1908,(#1913,#1920),.PCURVE_S1.);
#1908 = CIRCLE('',#1909,5.);
#1909 = AXIS2_PLACEMENT_3D('',#1910,#1911,#1912);
#1910 = CARTESIAN_POINT('',(-17.08091247583,-9.5,-26.73489871669));
#1911 = DIRECTION('',(0.,1.,0.));
#1912 = DIRECTION('',(0.,0.,1.));
#1913 = PCURVE('',#1862,#1914);
#1914 = DEFINITIONAL_REPRESENTATION('',(#1915),#1919);
#1915 = LINE('',#1916,#1917);
#1916 = CARTESIAN_POINT('',(3.14159265359,-9.5));
#1917 = VECTOR('',#1918,1.);
#1918 = DIRECTION('',(1.,0.));
#1919 = ( GEOMETRIC_REPRESENTATION_CONTEXT(2) 
PARAMETRIC_REPRESENTATION_CONTEXT() REPRESENTATION_CONTEXT('2D SPACE',''
  ) );
#1920 = PCURVE('',#171,#1921);
#1921 = DEFINITIONAL_REPRESENTATION('',(#1922),#1926);
#1922 = LINE('',#1923,#1924);
#1923 = CARTESIAN_POINT('',(0.,0.));
#1924 = VECTOR('',#1925,1.);
#1925 = DIRECTION('',(1.,0.));
#1926 = ( GEOMETRIC_REPRESENTATION_CONTEXT(2) 
PARAMETRIC_REPRESENTATION_CONTEXT() REPRESENTATION_CONTEXT('2D SPACE',''
  ) );
#1927 = ORIENTED_EDGE('',*,*,#1928,.T.);
#1928 = EDGE_CURVE('',#127,#1605,#1929,.T.);
#1929 = SURFACE_CURVE('',#1930,(#1934,#1941),.PCURVE_S1.);
#1930 = LINE('',#1931,#1932);
#1931 = CARTESIAN_POINT('',(-13.62800264633,0.,-23.11862802586));
#1932 = VECTOR('',#1933,1.);
#1933 = DIRECTION('',(0.,-1.,0.));
#1934 = PCURVE('',#1862,#1935);
#1935 = DEFINITIONAL_REPRESENTATION('',(#1936),#1940);
#1936 = LINE('',#1937,#1938);
#1937 = CARTESIAN_POINT('',(3.903886046803,0.));
#1938 = VECTOR('',#1939,1.);
#1939 = DIRECTION('',(0.,-1.));
#1940 = ( GEOMETRIC_REPRESENTATION_CONTEXT(2) 
PARAMETRIC_REPRESENTATION_CONTEXT() REPRESENTATION_CONTEXT('2D SPACE',''
  ) );
#1941 = PCURVE('',#143,#1942);
#1942 = DEFINITIONAL_REPRESENTATION('',(#1943),#1947);
#1943 = LINE('',#1944,#1945);
#1944 = CARTESIAN_POINT('',(0.762293393214,0.));
#1945 = VECTOR('',#1946,1.);
#1946 = DIRECTION('',(0.,-1.));
#1947 = ( GEOMETRIC_REPRESENTATION_CONTEXT(2) 
PARAMETRIC_REPRESENTATION_CONTEXT() REPRESENTATION_CONTEXT('2D SPACE',''
  ) );
#1948 = ORIENTED_EDGE('',*,*,#1847,.F.);
#1949 = ADVANCED_FACE('',(#1950),#1894,.T.);
#1950 = FACE_BOUND('',#1951,.T.);
#1951 = EDGE_LOOP('',(#1952,#1975,#1998,#2024));
#1952 = ORIENTED_EDGE('',*,*,#1953,.T.);
#1953 = EDGE_CURVE('',#1819,#1954,#1956,.T.);
#1954 = VERTEX_POINT('',#1955);
#1955 = CARTESIAN_POINT('',(-12.45853425849,-10.5,-28.65077783441));
#1956 = SURFACE_CURVE('',#1957,(#1961,#1968),.PCURVE_S1.);
#1957 = LINE('',#1958,#1959);
#1958 = CARTESIAN_POINT('',(-21.58138550243,-10.5,-53.29895998674));
#1959 = VECTOR('',#1960,1.);
#1960 = DIRECTION('',(-0.347110078315,0.,-0.93782439376));
#1961 = PCURVE('',#1894,#1962);
#1962 = DEFINITIONAL_REPRESENTATION('',(#1963),#1967);
#1963 = LINE('',#1964,#1965);
#1964 = CARTESIAN_POINT('',(0.,0.5));
#1965 = VECTOR('',#1966,1.);
#1966 = DIRECTION('',(-1.,-0.));
#1967 = ( GEOMETRIC_REPRESENTATION_CONTEXT(2) 
PARAMETRIC_REPRESENTATION_CONTEXT() REPRESENTATION_CONTEXT('2D SPACE',''
  ) );
#1968 = PCURVE('',#1835,#1969);
#1969 = DEFINITIONAL_REPRESENTATION('',(#1970),#1974);
#1970 = LINE('',#1971,#1972);
#1971 = CARTESIAN_POINT('',(3.14159265359,-7.815970093361E-14));
#1972 = VECTOR('',#1973,1.);
#1973 = DIRECTION('',(0.,-1.));
#1974 = ( GEOMETRIC_REPRESENTATION_CONTEXT(2) 
PARAMETRIC_REPRESENTATION_CONTEXT() REPRESENTATION_CONTEXT('2D SPACE',''
  ) );
#1975 = ORIENTED_EDGE('',*,*,#1976,.F.);
#1976 = EDGE_CURVE('',#1977,#1954,#1979,.T.);
#1977 = VERTEX_POINT('',#1978);
#1978 = CARTESIAN_POINT('',(-12.45853425849,-9.5,-28.65077783441));
#1979 = SURFACE_CURVE('',#1980,(#1984,#1991),.PCURVE_S1.);
#1980 = LINE('',#1981,#1982);
#1981 = CARTESIAN_POINT('',(-12.45853425849,-10.,-28.65077783441));
#1982 = VECTOR('',#1983,1.);
#1983 = DIRECTION('',(0.,-1.,0.));
#1984 = PCURVE('',#1894,#1985);
#1985 = DEFINITIONAL_REPRESENTATION('',(#1986),#1990);
#1986 = LINE('',#1987,#1988);
#1987 = CARTESIAN_POINT('',(26.282300094046,0.));
#1988 = VECTOR('',#1989,1.);
#1989 = DIRECTION('',(0.,1.));
#1990 = ( GEOMETRIC_REPRESENTATION_CONTEXT(2) 
PARAMETRIC_REPRESENTATION_CONTEXT() REPRESENTATION_CONTEXT('2D SPACE',''
  ) );
#1991 = PCURVE('',#904,#1992);
#1992 = DEFINITIONAL_REPRESENTATION('',(#1993),#1997);
#1993 = LINE('',#1994,#1995);
#1994 = CARTESIAN_POINT('',(5.066876802974,-10.));
#1995 = VECTOR('',#1996,1.);
#1996 = DIRECTION('',(0.,-1.));
#1997 = ( GEOMETRIC_REPRESENTATION_CONTEXT(2) 
PARAMETRIC_REPRESENTATION_CONTEXT() REPRESENTATION_CONTEXT('2D SPACE',''
  ) );
#1998 = ORIENTED_EDGE('',*,*,#1999,.T.);
#1999 = EDGE_CURVE('',#1977,#1879,#2000,.T.);
#2000 = SURFACE_CURVE('',#2001,(#2005,#2012),.PCURVE_S1.);
#2001 = LINE('',#2002,#2003);
#2002 = CARTESIAN_POINT('',(-21.58138550243,-9.5,-53.29895998674));
#2003 = VECTOR('',#2004,1.);
#2004 = DIRECTION('',(0.347110078315,0.,0.93782439376));
#2005 = PCURVE('',#1894,#2006);
#2006 = DEFINITIONAL_REPRESENTATION('',(#2007),#2011);
#2007 = LINE('',#2008,#2009);
#2008 = CARTESIAN_POINT('',(0.,-0.5));
#2009 = VECTOR('',#2010,1.);
#2010 = DIRECTION('',(1.,0.));
#2011 = ( GEOMETRIC_REPRESENTATION_CONTEXT(2) 
PARAMETRIC_REPRESENTATION_CONTEXT() REPRESENTATION_CONTEXT('2D SPACE',''
  ) );
#2012 = PCURVE('',#2013,#2018);
#2013 = CYLINDRICAL_SURFACE('',#2014,2.);
#2014 = AXIS2_PLACEMENT_3D('',#2015,#2016,#2017);
#2015 = CARTESIAN_POINT('',(-23.45703428995,-9.5,-52.60473983011));
#2016 = DIRECTION('',(-0.347110078315,-0.,-0.93782439376));
#2017 = DIRECTION('',(0.93782439376,0.,-0.347110078315));
#2018 = DEFINITIONAL_REPRESENTATION('',(#2019),#2023);
#2019 = LINE('',#2020,#2021);
#2020 = CARTESIAN_POINT('',(6.28318530718,7.815970093361E-14));
#2021 = VECTOR('',#2022,1.);
#2022 = DIRECTION('',(0.,-1.));
#2023 = ( GEOMETRIC_REPRESENTATION_CONTEXT(2) 
PARAMETRIC_REPRESENTATION_CONTEXT() REPRESENTATION_CONTEXT('2D SPACE',''
  ) );
#2024 = ORIENTED_EDGE('',*,*,#1878,.T.);
#2025 = ADVANCED_FACE('',(#2026),#2013,.T.);
#2026 = FACE_BOUND('',#2027,.T.);
#2027 = EDGE_LOOP('',(#2028,#2029,#2256));
#2028 = ORIENTED_EDGE('',*,*,#1999,.F.);
#2029 = ORIENTED_EDGE('',*,*,#2030,.T.);
#2030 = EDGE_CURVE('',#1977,#2031,#2033,.T.);
#2031 = VERTEX_POINT('',#2032);
#2032 = CARTESIAN_POINT('',(-13.63569555555,-7.616857201442,
    -28.01005163761));
#2033 = SURFACE_CURVE('',#2034,(#2066,#2161),.PCURVE_S1.);
#2034 = B_SPLINE_CURVE_WITH_KNOTS('',3,(#2035,#2036,#2037,#2038,#2039,
    #2040,#2041,#2042,#2043,#2044,#2045,#2046,#2047,#2048,#2049,#2050,
    #2051,#2052,#2053,#2054,#2055,#2056,#2057,#2058,#2059,#2060,#2061,
    #2062,#2063,#2064,#2065),.UNSPECIFIED.,.F.,.F.,(4,1,1,1,2,2,2,1,1,1,
    2,2,1,1,1,2,2,2,1,1,4),(0.,1.531813517766E-04,3.063627035531E-04,
    4.595440553297E-04,6.127254071062E-04,6.510207450504E-04,
    6.893160829945E-04,7.659067588828E-04,9.190881106594E-04,
    1.072269462436E-03,1.225450814212E-03,1.302041490101E-03,
    1.378632165989E-03,1.531813517766E-03,1.684994869542E-03,
    1.838176221319E-03,1.914766897207E-03,1.991357573095E-03,
    2.144538924872E-03,2.297720276648E-03,2.450901628425E-03),
  .UNSPECIFIED.);
#2035 = CARTESIAN_POINT('',(-12.45853425849,-9.5,-28.65077783441));
#2036 = CARTESIAN_POINT('',(-12.45853425849,-9.448233705266,
    -28.65077783441));
#2037 = CARTESIAN_POINT('',(-12.46210531252,-9.345377014603,
    -28.64886526431));
#2038 = CARTESIAN_POINT('',(-12.47786037086,-9.193060306644,
    -28.64042479542));
#2039 = CARTESIAN_POINT('',(-12.50389013361,-9.042689058536,
    -28.62647192016));
#2040 = CARTESIAN_POINT('',(-12.52813023905,-8.943746177034,
    -28.61346735874));
#2041 = CARTESIAN_POINT('',(-12.54548290443,-8.88232439246,
    -28.60415189747));
#2042 = CARTESIAN_POINT('',(-12.54906372654,-8.870060941826,
    -28.60222933496));
#2043 = CARTESIAN_POINT('',(-12.55644786583,-8.845576224402,
    -28.59826413566));
#2044 = CARTESIAN_POINT('',(-12.56024092469,-8.833389146309,
    -28.59622700719));
#2045 = CARTESIAN_POINT('',(-12.5719127873,-8.797016675107,
    -28.58995740835));
#2046 = CARTESIAN_POINT('',(-12.59643746661,-8.724994858482,
    -28.57677986267));
#2047 = CARTESIAN_POINT('',(-12.64311405539,-8.608512920138,
    -28.55167458642));
#2048 = CARTESIAN_POINT('',(-12.70824141537,-8.474324735499,
    -28.51658762511));
#2049 = CARTESIAN_POINT('',(-12.75773230451,-8.388594524168,
    -28.48987410465));
#2050 = CARTESIAN_POINT('',(-12.79716637338,-8.325720680683,
    -28.46856469988));
#2051 = CARTESIAN_POINT('',(-12.81070084483,-8.304995340411,
    -28.46124712186));
#2052 = CARTESIAN_POINT('',(-12.8385407294,-8.264047520749,
    -28.44618633999));
#2053 = CARTESIAN_POINT('',(-12.88121103121,-8.203742374597,
    -28.4230897616));
#2054 = CARTESIAN_POINT('',(-12.95678858996,-8.10870891184,
    -28.38210972844));
#2055 = CARTESIAN_POINT('',(-13.05444972311,-8.003238025654,
    -28.32901923938));
#2056 = CARTESIAN_POINT('',(-13.12417384758,-7.938612392743,
    -28.29101116201));
#2057 = CARTESIAN_POINT('',(-13.17821758458,-7.892304172513,
    -28.26150588433));
#2058 = CARTESIAN_POINT('',(-13.19652425718,-7.877228661263,
    -28.25150407241));
#2059 = CARTESIAN_POINT('',(-13.2337289904,-7.847808315758,
    -28.23116160415));
#2060 = CARTESIAN_POINT('',(-13.25265224417,-7.833446886585,
    -28.22080712753));
#2061 = CARTESIAN_POINT('',(-13.30991555116,-7.791765048914,
    -28.18944877523));
#2062 = CARTESIAN_POINT('',(-13.38779761506,-7.739741445091,
    -28.14673386323));
#2063 = CARTESIAN_POINT('',(-13.50912180319,-7.672176831138,
    -28.07997595218));
#2064 = CARTESIAN_POINT('',(-13.59299778138,-7.634113444773,
    -28.03366747641));
#2065 = CARTESIAN_POINT('',(-13.63569555555,-7.616857201442,
    -28.01005163761));
#2066 = PCURVE('',#2013,#2067);
#2067 = DEFINITIONAL_REPRESENTATION('',(#2068),#2160);
#2068 = B_SPLINE_CURVE_WITH_KNOTS('',3,(#2069,#2070,#2071,#2072,#2073,
    #2074,#2075,#2076,#2077,#2078,#2079,#2080,#2081,#2082,#2083,#2084,
    #2085,#2086,#2087,#2088,#2089,#2090,#2091,#2092,#2093,#2094,#2095,
    #2096,#2097,#2098,#2099,#2100,#2101,#2102,#2103,#2104,#2105,#2106,
    #2107,#2108,#2109,#2110,#2111,#2112,#2113,#2114,#2115,#2116,#2117,
    #2118,#2119,#2120,#2121,#2122,#2123,#2124,#2125,#2126,#2127,#2128,
    #2129,#2130,#2131,#2132,#2133,#2134,#2135,#2136,#2137,#2138,#2139,
    #2140,#2141,#2142,#2143,#2144,#2145,#2146,#2147,#2148,#2149,#2150,
    #2151,#2152,#2153,#2154,#2155,#2156,#2157,#2158,#2159),
  .UNSPECIFIED.,.F.,.F.,(4,1,1,1,1,1,1,1,1,1,1,1,1,1,1,1,1,1,1,1,1,1,1,1
    ,1,1,1,1,1,1,1,1,1,1,1,1,1,1,1,1,1,1,1,1,1,1,1,1,1,1,1,1,1,1,1,1,1,1
    ,1,1,1,1,1,1,1,1,1,1,1,1,1,1,1,1,1,1,1,1,1,1,1,1,1,1,1,1,1,1,4),(0.,
    2.785115486847E-05,5.570230973693E-05,8.35534646054E-05,
    1.114046194739E-04,1.392557743423E-04,1.671069292108E-04,
    1.949580840793E-04,2.228092389477E-04,2.506603938162E-04,
    2.785115486847E-04,3.063627035531E-04,3.342138584216E-04,
    3.620650132901E-04,3.899161681585E-04,4.17767323027E-04,
    4.456184778955E-04,4.734696327639E-04,5.013207876324E-04,
    5.291719425009E-04,5.570230973693E-04,5.848742522378E-04,
    6.127254071062E-04,6.405765619747E-04,6.684277168432E-04,
    6.962788717116E-04,7.241300265801E-04,7.519811814486E-04,
    7.79832336317E-04,8.076834911855E-04,8.35534646054E-04,
    8.633858009224E-04,8.912369557909E-04,9.190881106594E-04,
    9.469392655278E-04,9.747904203963E-04,1.002641575265E-03,
    1.030492730133E-03,1.058343885002E-03,1.08619503987E-03,
    1.114046194739E-03,1.141897349607E-03,1.169748504476E-03,
    1.197599659344E-03,1.225450814212E-03,1.253301969081E-03,
    1.281153123949E-03,1.309004278818E-03,1.336855433686E-03,
    1.364706588555E-03,1.392557743423E-03,1.420408898292E-03,
    1.44826005316E-03,1.476111208029E-03,1.503962362897E-03,
    1.531813517766E-03,1.559664672634E-03,1.587515827503E-03,
    1.615366982371E-03,1.643218137239E-03,1.671069292108E-03,
    1.698920446976E-03,1.726771601845E-03,1.754622756713E-03,
    1.782473911582E-03,1.81032506645E-03,1.838176221319E-03,
    1.866027376187E-03,1.893878531056E-03,1.921729685924E-03,
    1.949580840793E-03,1.977431995661E-03,2.00528315053E-03,
    2.033134305398E-03,2.060985460266E-03,2.088836615135E-03,
    2.116687770003E-03,2.144538924872E-03,2.17239007974E-03,
    2.200241234609E-03,2.228092389477E-03,2.255943544346E-03,
    2.283794699214E-03,2.311645854083E-03,2.339497008951E-03,
    2.36734816382E-03,2.395199318688E-03,2.423050473557E-03,
    2.450901628425E-03),.UNSPECIFIED.);
#2069 = CARTESIAN_POINT('',(6.28318530718,-26.28230009404));
#2070 = CARTESIAN_POINT('',(6.278479282405,-26.28230009404));
#2071 = CARTESIAN_POINT('',(6.269078397173,-26.28231841161));
#2072 = CARTESIAN_POINT('',(6.255007620822,-26.28240056082));
#2073 = CARTESIAN_POINT('',(6.240964444304,-26.28253710356));
#2074 = CARTESIAN_POINT('',(6.226945951688,-26.28272775862));
#2075 = CARTESIAN_POINT('',(6.21294925722,-26.2829722518));
#2076 = CARTESIAN_POINT('',(6.19897150302,-26.28327028283));
#2077 = CARTESIAN_POINT('',(6.185009901548,-26.28362167411));
#2078 = CARTESIAN_POINT('',(6.171061707826,-26.28402637064));
#2079 = CARTESIAN_POINT('',(6.15712417624,-26.28448429141));
#2080 = CARTESIAN_POINT('',(6.143194574272,-26.28499536238));
#2081 = CARTESIAN_POINT('',(6.129270182154,-26.28555950764));
#2082 = CARTESIAN_POINT('',(6.11534829969,-26.28617665181));
#2083 = CARTESIAN_POINT('',(6.101426237987,-26.28684691284));
#2084 = CARTESIAN_POINT('',(6.087501294633,-26.28757040921));
#2085 = CARTESIAN_POINT('',(6.073570760289,-26.28834725753));
#2086 = CARTESIAN_POINT('',(6.059631919061,-26.28917758134));
#2087 = CARTESIAN_POINT('',(6.045682059312,-26.29006147834));
#2088 = CARTESIAN_POINT('',(6.031718443423,-26.29099916809));
#2089 = CARTESIAN_POINT('',(6.017738282741,-26.29199099212));
#2090 = CARTESIAN_POINT('',(6.003738758581,-26.29303726588));
#2091 = CARTESIAN_POINT('',(5.989717052174,-26.29413831264));
#2092 = CARTESIAN_POINT('',(5.97567022843,-26.29529445037));
#2093 = CARTESIAN_POINT('',(5.961595691387,-26.29650601046));
#2094 = CARTESIAN_POINT('',(5.947489298986,-26.29777368955));
#2095 = CARTESIAN_POINT('',(5.933421836763,-26.29909090457));
#2096 = CARTESIAN_POINT('',(5.919383118646,-26.30045803718));
#2097 = CARTESIAN_POINT('',(5.905371237262,-26.30187482367));
#2098 = CARTESIAN_POINT('',(5.891383005957,-26.30334106636));
#2099 = CARTESIAN_POINT('',(5.877415669556,-26.30485664506));
#2100 = CARTESIAN_POINT('',(5.863466433819,-26.30642154682));
#2101 = CARTESIAN_POINT('',(5.849532533253,-26.30803573558));
#2102 = CARTESIAN_POINT('',(5.835611214803,-26.30969918147));
#2103 = CARTESIAN_POINT('',(5.821699745586,-26.31141185297));
#2104 = CARTESIAN_POINT('',(5.807795417612,-26.31317371902));
#2105 = CARTESIAN_POINT('',(5.793895555159,-26.31498492091));
#2106 = CARTESIAN_POINT('',(5.779997474462,-26.31684560041));
#2107 = CARTESIAN_POINT('',(5.766098490015,-26.31875589767));
#2108 = CARTESIAN_POINT('',(5.752195916066,-26.32071595883));
#2109 = CARTESIAN_POINT('',(5.738287072972,-26.32272590767));
#2110 = CARTESIAN_POINT('',(5.724369275361,-26.32478597351));
#2111 = CARTESIAN_POINT('',(5.710439784282,-26.32689649512));
#2112 = CARTESIAN_POINT('',(5.696495904307,-26.32905777695));
#2113 = CARTESIAN_POINT('',(5.682534687007,-26.3312701735));
#2114 = CARTESIAN_POINT('',(5.668554041663,-26.33353387332));
#2115 = CARTESIAN_POINT('',(5.654548608517,-26.33584967878));
#2116 = CARTESIAN_POINT('',(5.640520325461,-26.33821724801));
#2117 = CARTESIAN_POINT('',(5.626455720904,-26.3406388909));
#2118 = CARTESIAN_POINT('',(5.612416910694,-26.34310369831));
#2119 = CARTESIAN_POINT('',(5.598411030613,-26.34560973375));
#2120 = CARTESIAN_POINT('',(5.584432412671,-26.34815733837));
#2121 = CARTESIAN_POINT('',(5.570478922174,-26.35074631595));
#2122 = CARTESIAN_POINT('',(5.55654757045,-26.35337671233));
#2123 = CARTESIAN_POINT('',(5.542635622334,-26.35604851279));
#2124 = CARTESIAN_POINT('',(5.528740300868,-26.35876171885));
#2125 = CARTESIAN_POINT('',(5.514858869825,-26.36151632765));
#2126 = CARTESIAN_POINT('',(5.5009886184,-26.36431233756));
#2127 = CARTESIAN_POINT('',(5.487126886725,-26.36714987862));
#2128 = CARTESIAN_POINT('',(5.47327101121,-26.3700290813));
#2129 = CARTESIAN_POINT('',(5.459418331167,-26.37295007482));
#2130 = CARTESIAN_POINT('',(5.445566190309,-26.37591299295));
#2131 = CARTESIAN_POINT('',(5.431711942495,-26.37891795258));
#2132 = CARTESIAN_POINT('',(5.417852943648,-26.38196515003));
#2133 = CARTESIAN_POINT('',(5.403986526772,-26.38505486105));
#2134 = CARTESIAN_POINT('',(5.390110007546,-26.38818734442));
#2135 = CARTESIAN_POINT('',(5.376220695399,-26.39136286398));
#2136 = CARTESIAN_POINT('',(5.362315863006,-26.39458168023));
#2137 = CARTESIAN_POINT('',(5.348392876004,-26.39784406204));
#2138 = CARTESIAN_POINT('',(5.334448603219,-26.40115050026));
#2139 = CARTESIAN_POINT('',(5.320481490279,-26.40450102263));
#2140 = CARTESIAN_POINT('',(5.306482063203,-26.40789775879));
#2141 = CARTESIAN_POINT('',(5.292477677017,-26.41133352293));
#2142 = CARTESIAN_POINT('',(5.278500883999,-26.41479989211));
#2143 = CARTESIAN_POINT('',(5.26454637603,-26.41829737447));
#2144 = CARTESIAN_POINT('',(5.250610044634,-26.42182635215));
#2145 = CARTESIAN_POINT('',(5.236689491487,-26.42538678151));
#2146 = CARTESIAN_POINT('',(5.22278188036,-26.42897873299));
#2147 = CARTESIAN_POINT('',(5.208884516044,-26.43260224647));
#2148 = CARTESIAN_POINT('',(5.194994695947,-26.43625737002));
#2149 = CARTESIAN_POINT('',(5.18110975832,-26.43994423529));
#2150 = CARTESIAN_POINT('',(5.167227031549,-26.44366297475));
#2151 = CARTESIAN_POINT('',(5.153343843448,-26.44741371988));
#2152 = CARTESIAN_POINT('',(5.139457521551,-26.45119660527));
#2153 = CARTESIAN_POINT('',(5.125565401136,-26.45501175411));
#2154 = CARTESIAN_POINT('',(5.111664807813,-26.45885934321));
#2155 = CARTESIAN_POINT('',(5.097753031446,-26.46273960301));
#2156 = CARTESIAN_POINT('',(5.083827343193,-26.46665275258));
#2157 = CARTESIAN_POINT('',(5.069884997014,-26.47059901403));
#2158 = CARTESIAN_POINT('',(5.060577151073,-26.47325207712));
#2159 = CARTESIAN_POINT('',(5.055919531073,-26.47458420111));
#2160 = ( GEOMETRIC_REPRESENTATION_CONTEXT(2) 
PARAMETRIC_REPRESENTATION_CONTEXT() REPRESENTATION_CONTEXT('2D SPACE',''
  ) );
#2161 = PCURVE('',#684,#2162);
#2162 = DEFINITIONAL_REPRESENTATION('',(#2163),#2255);
#2163 = B_SPLINE_CURVE_WITH_KNOTS('',3,(#2164,#2165,#2166,#2167,#2168,
    #2169,#2170,#2171,#2172,#2173,#2174,#2175,#2176,#2177,#2178,#2179,
    #2180,#2181,#2182,#2183,#2184,#2185,#2186,#2187,#2188,#2189,#2190,
    #2191,#2192,#2193,#2194,#2195,#2196,#2197,#2198,#2199,#2200,#2201,
    #2202,#2203,#2204,#2205,#2206,#2207,#2208,#2209,#2210,#2211,#2212,
    #2213,#2214,#2215,#2216,#2217,#2218,#2219,#2220,#2221,#2222,#2223,
    #2224,#2225,#2226,#2227,#2228,#2229,#2230,#2231,#2232,#2233,#2234,
    #2235,#2236,#2237,#2238,#2239,#2240,#2241,#2242,#2243,#2244,#2245,
    #2246,#2247,#2248,#2249,#2250,#2251,#2252,#2253,#2254),
  .UNSPECIFIED.,.F.,.F.,(4,1,1,1,1,1,1,1,1,1,1,1,1,1,1,1,1,1,1,1,1,1,1,1
    ,1,1,1,1,1,1,1,1,1,1,1,1,1,1,1,1,1,1,1,1,1,1,1,1,1,1,1,1,1,1,1,1,1,1
    ,1,1,1,1,1,1,1,1,1,1,1,1,1,1,1,1,1,1,1,1,1,1,1,1,1,1,1,1,1,1,4),(0.,
    2.785115486847E-05,5.570230973693E-05,8.35534646054E-05,
    1.114046194739E-04,1.392557743423E-04,1.671069292108E-04,
    1.949580840793E-04,2.228092389477E-04,2.506603938162E-04,
    2.785115486847E-04,3.063627035531E-04,3.342138584216E-04,
    3.620650132901E-04,3.899161681585E-04,4.17767323027E-04,
    4.456184778955E-04,4.734696327639E-04,5.013207876324E-04,
    5.291719425009E-04,5.570230973693E-04,5.848742522378E-04,
    6.127254071062E-04,6.405765619747E-04,6.684277168432E-04,
    6.962788717116E-04,7.241300265801E-04,7.519811814486E-04,
    7.79832336317E-04,8.076834911855E-04,8.35534646054E-04,
    8.633858009224E-04,8.912369557909E-04,9.190881106594E-04,
    9.469392655278E-04,9.747904203963E-04,1.002641575265E-03,
    1.030492730133E-03,1.058343885002E-03,1.08619503987E-03,
    1.114046194739E-03,1.141897349607E-03,1.169748504476E-03,
    1.197599659344E-03,1.225450814212E-03,1.253301969081E-03,
    1.281153123949E-03,1.309004278818E-03,1.336855433686E-03,
    1.364706588555E-03,1.392557743423E-03,1.420408898292E-03,
    1.44826005316E-03,1.476111208029E-03,1.503962362897E-03,
    1.531813517766E-03,1.559664672634E-03,1.587515827503E-03,
    1.615366982371E-03,1.643218137239E-03,1.671069292108E-03,
    1.698920446976E-03,1.726771601845E-03,1.754622756713E-03,
    1.782473911582E-03,1.81032506645E-03,1.838176221319E-03,
    1.866027376187E-03,1.893878531056E-03,1.921729685924E-03,
    1.949580840793E-03,1.977431995661E-03,2.00528315053E-03,
    2.033134305398E-03,2.060985460266E-03,2.088836615135E-03,
    2.116687770003E-03,2.144538924872E-03,2.17239007974E-03,
    2.200241234609E-03,2.228092389477E-03,2.255943544346E-03,
    2.283794699214E-03,2.311645854083E-03,2.339497008951E-03,
    2.36734816382E-03,2.395199318688E-03,2.423050473557E-03,
    2.450901628425E-03),.UNSPECIFIED.);
#2164 = CARTESIAN_POINT('',(3.294563352516E-03,1.));
#2165 = CARTESIAN_POINT('',(3.29920086591E-03,0.999999999796));
#2166 = CARTESIAN_POINT('',(3.308476409998E-03,1.000000060128));
#2167 = CARTESIAN_POINT('',(3.322391358746E-03,1.00000026734));
#2168 = CARTESIAN_POINT('',(3.336308027997E-03,1.00000052633));
#2169 = CARTESIAN_POINT('',(3.350226480514E-03,1.000000770164));
#2170 = CARTESIAN_POINT('',(3.364146759945E-03,1.000000936063));
#2171 = CARTESIAN_POINT('',(3.378068896643E-03,1.000000944665));
#2172 = CARTESIAN_POINT('',(3.391992870149E-03,1.000000794278));
#2173 = CARTESIAN_POINT('',(3.405918641284E-03,1.000000561124));
#2174 = CARTESIAN_POINT('',(3.41984619799E-03,1.000000304633));
#2175 = CARTESIAN_POINT('',(3.433775542292E-03,1.000000089913));
#2176 = CARTESIAN_POINT('',(3.44770670484E-03,0.999999975199));
#2177 = CARTESIAN_POINT('',(3.46163969966E-03,1.00000003833));
#2178 = CARTESIAN_POINT('',(3.47557449842E-03,1.000000234171));
#2179 = CARTESIAN_POINT('',(3.48951114248E-03,1.000000488548));
#2180 = CARTESIAN_POINT('',(3.503449630009E-03,1.000000734192));
#2181 = CARTESIAN_POINT('',(3.517389947797E-03,1.000000906563));
#2182 = CARTESIAN_POINT('',(3.531332051633E-03,1.000000926339));
#2183 = CARTESIAN_POINT('',(3.545275919471E-03,1.000000790704));
#2184 = CARTESIAN_POINT('',(3.559221532327E-03,1.000000572113));
#2185 = CARTESIAN_POINT('',(3.573169031593E-03,1.000000326047));
#2186 = CARTESIAN_POINT('',(3.587118023224E-03,1.000000111066));
#2187 = CARTESIAN_POINT('',(3.601070196936E-03,0.999999983887));
#2188 = CARTESIAN_POINT('',(3.615019543188E-03,0.999999997898));
#2189 = CARTESIAN_POINT('',(3.628977396463E-03,1.000000002506));
#2190 = CARTESIAN_POINT('',(3.642937785515E-03,0.999999996955));
#2191 = CARTESIAN_POINT('',(3.656902814697E-03,1.000000012016));
#2192 = CARTESIAN_POINT('',(3.670872801459E-03,1.000000032277));
#2193 = CARTESIAN_POINT('',(3.684847670475E-03,1.000000009882));
#2194 = CARTESIAN_POINT('',(3.69882739163E-03,0.999999997105));
#2195 = CARTESIAN_POINT('',(3.712811958248E-03,0.999999999954));
#2196 = CARTESIAN_POINT('',(3.726801376963E-03,1.000000006665));
#2197 = CARTESIAN_POINT('',(3.740795646816E-03,1.000000012502));
#2198 = CARTESIAN_POINT('',(3.754794768893E-03,1.000000003708));
#2199 = CARTESIAN_POINT('',(3.768798729268E-03,0.999999996996));
#2200 = CARTESIAN_POINT('',(3.782807527481E-03,1.000000154825));
#2201 = CARTESIAN_POINT('',(3.796821224105E-03,1.000000369393));
#2202 = CARTESIAN_POINT('',(3.810839842286E-03,1.000000588456));
#2203 = CARTESIAN_POINT('',(3.824863390712E-03,1.000000749628));
#2204 = CARTESIAN_POINT('',(3.838891852188E-03,1.000000781767));
#2205 = CARTESIAN_POINT('',(3.852925210878E-03,1.000000680216));
#2206 = CARTESIAN_POINT('',(3.866963498669E-03,1.000000505953));
#2207 = CARTESIAN_POINT('',(3.88100671153E-03,1.000000302792));
#2208 = CARTESIAN_POINT('',(3.89505503823E-03,1.00000012097));
#2209 = CARTESIAN_POINT('',(3.9091080236E-03,0.999999990784));
#2210 = CARTESIAN_POINT('',(3.923167684737E-03,1.000000003534));
#2211 = CARTESIAN_POINT('',(3.937231603222E-03,0.999999997773));
#2212 = CARTESIAN_POINT('',(3.951298669199E-03,0.999999997433));
#2213 = CARTESIAN_POINT('',(3.965374148691E-03,1.000000009402));
#2214 = CARTESIAN_POINT('',(3.979455459954E-03,1.000000027579));
#2215 = CARTESIAN_POINT('',(3.9935433771E-03,1.000000008322));
#2216 = CARTESIAN_POINT('',(4.007637639247E-03,0.999999994836));
#2217 = CARTESIAN_POINT('',(4.02173829699E-03,0.999999998529));
#2218 = CARTESIAN_POINT('',(4.035845348797E-03,1.000000006026));
#2219 = CARTESIAN_POINT('',(4.049958802229E-03,1.000000012014));
#2220 = CARTESIAN_POINT('',(4.064078661428E-03,1.000000005867));
#2221 = CARTESIAN_POINT('',(4.078204916844E-03,0.99999999238));
#2222 = CARTESIAN_POINT('',(4.092337549391E-03,1.000000106616));
#2223 = CARTESIAN_POINT('',(4.106476636579E-03,1.000000265377));
#2224 = CARTESIAN_POINT('',(4.12062221419E-03,1.000000427544));
#2225 = CARTESIAN_POINT('',(4.134774305768E-03,1.000000545565));
#2226 = CARTESIAN_POINT('',(4.148932910219E-03,1.000000566136));
#2227 = CARTESIAN_POINT('',(4.163098024768E-03,1.000000487614));
#2228 = CARTESIAN_POINT('',(4.177269675398E-03,1.00000035746));
#2229 = CARTESIAN_POINT('',(4.191447895542E-03,1.000000209326));
#2230 = CARTESIAN_POINT('',(4.20563275174E-03,1.000000079336));
#2231 = CARTESIAN_POINT('',(4.21982425847E-03,0.999999992477));
#2232 = CARTESIAN_POINT('',(4.234022691419E-03,0.999999999936));
#2233 = CARTESIAN_POINT('',(4.248227417542E-03,1.000000002189));
#2234 = CARTESIAN_POINT('',(4.262440865342E-03,0.999999994441));
#2235 = CARTESIAN_POINT('',(4.276656239094E-03,1.000000040532));
#2236 = CARTESIAN_POINT('',(4.290884610333E-03,1.000000007078));
#2237 = CARTESIAN_POINT('',(4.305129800637E-03,0.999999995649));
#2238 = CARTESIAN_POINT('',(4.319386248587E-03,0.999999994193));
#2239 = CARTESIAN_POINT('',(4.333657448815E-03,0.99999999737));
#2240 = CARTESIAN_POINT('',(4.34794245388E-03,1.000000001416));
#2241 = CARTESIAN_POINT('',(4.362241500784E-03,1.00000000483));
#2242 = CARTESIAN_POINT('',(4.376554515152E-03,0.999999998675));
#2243 = CARTESIAN_POINT('',(4.390881470827E-03,1.000000004338));
#2244 = CARTESIAN_POINT('',(4.405222339376E-03,1.000000082941));
#2245 = CARTESIAN_POINT('',(4.419577220432E-03,1.000000180514));
#2246 = CARTESIAN_POINT('',(4.43394616125E-03,1.000000272556));
#2247 = CARTESIAN_POINT('',(4.448329202115E-03,1.000000331249));
#2248 = CARTESIAN_POINT('',(4.46272635791E-03,1.000000326249));
#2249 = CARTESIAN_POINT('',(4.477137650529E-03,1.000000262048));
#2250 = CARTESIAN_POINT('',(4.49156313755E-03,1.000000173514));
#2251 = CARTESIAN_POINT('',(4.506002889672E-03,1.000000084635));
#2252 = CARTESIAN_POINT('',(4.520456993556E-03,1.000000018009));
#2253 = CARTESIAN_POINT('',(4.53010270291E-03,0.999999999616));
#2254 = CARTESIAN_POINT('',(4.534927984641E-03,1.));
#2255 = ( GEOMETRIC_REPRESENTATION_CONTEXT(2) 
PARAMETRIC_REPRESENTATION_CONTEXT() REPRESENTATION_CONTEXT('2D SPACE',''
  ) );
#2256 = ORIENTED_EDGE('',*,*,#2257,.T.);
#2257 = EDGE_CURVE('',#2031,#1879,#2258,.T.);
#2258 = SURFACE_CURVE('',#2259,(#2264,#2271),.PCURVE_S1.);
#2259 = CIRCLE('',#2260,2.);
#2260 = AXIS2_PLACEMENT_3D('',#2261,#2262,#2263);
#2261 = CARTESIAN_POINT('',(-14.26743929454,-9.5,-27.77622895164));
#2262 = DIRECTION('',(-0.347110078315,0.,-0.93782439376));
#2263 = DIRECTION('',(-0.93782439376,0.,0.347110078315));
#2264 = PCURVE('',#2013,#2265);
#2265 = DEFINITIONAL_REPRESENTATION('',(#2266),#2270);
#2266 = LINE('',#2267,#2268);
#2267 = CARTESIAN_POINT('',(3.14159265359,-26.47458420111));
#2268 = VECTOR('',#2269,1.);
#2269 = DIRECTION('',(1.,0.));
#2270 = ( GEOMETRIC_REPRESENTATION_CONTEXT(2) 
PARAMETRIC_REPRESENTATION_CONTEXT() REPRESENTATION_CONTEXT('2D SPACE',''
  ) );
#2271 = PCURVE('',#171,#2272);
#2272 = DEFINITIONAL_REPRESENTATION('',(#2273),#2277);
#2273 = LINE('',#2274,#2275);
#2274 = CARTESIAN_POINT('',(1.925284149385,3.141592653585));
#2275 = VECTOR('',#2276,1.);
#2276 = DIRECTION('',(-7.164679832377E-14,-1.));
#2277 = ( GEOMETRIC_REPRESENTATION_CONTEXT(2) 
PARAMETRIC_REPRESENTATION_CONTEXT() REPRESENTATION_CONTEXT('2D SPACE',''
  ) );
#2278 = ADVANCED_FACE('',(#2279),#1835,.T.);
#2279 = FACE_BOUND('',#2280,.T.);
#2280 = EDGE_LOOP('',(#2281,#2282,#2507));
#2281 = ORIENTED_EDGE('',*,*,#1818,.T.);
#2282 = ORIENTED_EDGE('',*,*,#2283,.T.);
#2283 = EDGE_CURVE('',#1748,#1954,#2284,.T.);
#2284 = SURFACE_CURVE('',#2285,(#2317,#2412),.PCURVE_S1.);
#2285 = B_SPLINE_CURVE_WITH_KNOTS('',3,(#2286,#2287,#2288,#2289,#2290,
    #2291,#2292,#2293,#2294,#2295,#2296,#2297,#2298,#2299,#2300,#2301,
    #2302,#2303,#2304,#2305,#2306,#2307,#2308,#2309,#2310,#2311,#2312,
    #2313,#2314,#2315,#2316),.UNSPECIFIED.,.F.,.F.,(4,1,1,2,2,1,1,1,2,2,
    2,1,1,2,2,2,1,1,1,1,4),(0.,1.540740495546E-04,3.081480991092E-04,
    4.622221486638E-04,5.392591734411E-04,6.162961982184E-04,
    7.703702477731E-04,9.244442973277E-04,1.078518346882E-03,
    1.15555537166E-03,1.232592396437E-03,1.386666445992E-03,
    1.540740495546E-03,1.694814545101E-03,1.771851569878E-03,
    1.810370082267E-03,1.848888594655E-03,2.00296264421E-03,
    2.157036693765E-03,2.311110743319E-03,2.465184792874E-03),
  .UNSPECIFIED.);
#2286 = CARTESIAN_POINT('',(-13.63569555555,-12.38314279855,
    -28.01005163761));
#2287 = CARTESIAN_POINT('',(-13.59299778138,-12.36588655522,
    -28.03366747641));
#2288 = CARTESIAN_POINT('',(-13.50912180319,-12.32782316886,
    -28.07997595218));
#2289 = CARTESIAN_POINT('',(-13.38779765815,-12.26025846418,
    -28.1467338474));
#2290 = CARTESIAN_POINT('',(-13.30991555116,-12.20823495108,
    -28.18944877523));
#2291 = CARTESIAN_POINT('',(-13.25265224417,-12.16655311341,
    -28.22080712753));
#2292 = CARTESIAN_POINT('',(-13.2337289904,-12.15219168424,
    -28.23116160415));
#2293 = CARTESIAN_POINT('',(-13.19652425718,-12.12277133873,
    -28.25150407241));
#2294 = CARTESIAN_POINT('',(-13.1416048727,-12.07754402417,
    -28.28150914861));
#2295 = CARTESIAN_POINT('',(-13.05444972311,-11.99676197434,
    -28.32901923938));
#2296 = CARTESIAN_POINT('',(-12.95678849465,-11.89129119996,
    -28.38210977141));
#2297 = CARTESIAN_POINT('',(-12.89632654296,-11.81526431795,
    -28.41489375497));
#2298 = CARTESIAN_POINT('',(-12.85276394243,-11.75605446546,
    -28.43848760299));
#2299 = CARTESIAN_POINT('',(-12.8385407294,-11.73595247925,
    -28.44618633999));
#2300 = CARTESIAN_POINT('',(-12.81070084483,-11.69500465958,
    -28.46124712186));
#2301 = CARTESIAN_POINT('',(-12.79716637338,-11.67427931931,
    -28.46856469988));
#2302 = CARTESIAN_POINT('',(-12.75773230451,-11.61140547583,
    -28.48987410465));
#2303 = CARTESIAN_POINT('',(-12.7082413379,-11.52567531466,
    -28.51658767764));
#2304 = CARTESIAN_POINT('',(-12.64311413482,-11.39148703306,
    -28.5516745507));
#2305 = CARTESIAN_POINT('',(-12.60577280026,-11.29830151982,
    -28.57175880028));
#2306 = CARTESIAN_POINT('',(-12.580087397,-11.22699077189,
    -28.58556505126));
#2307 = CARTESIAN_POINT('',(-12.5719127873,-11.20298332489,
    -28.58995740835));
#2308 = CARTESIAN_POINT('',(-12.56024092469,-11.16661085369,
    -28.59622700719));
#2309 = CARTESIAN_POINT('',(-12.55644786583,-11.15442377559,
    -28.59826413566));
#2310 = CARTESIAN_POINT('',(-12.54906372654,-11.12993905817,
    -28.60222933496));
#2311 = CARTESIAN_POINT('',(-12.53116025223,-11.06862168315,
    -28.61184178856));
#2312 = CARTESIAN_POINT('',(-12.50388998449,-10.95731097028,
    -28.6264720076));
#2313 = CARTESIAN_POINT('',(-12.4778604023,-10.80693968761,
    -28.64042478123));
#2314 = CARTESIAN_POINT('',(-12.46210531252,-10.65462298539,
    -28.64886526431));
#2315 = CARTESIAN_POINT('',(-12.45853425849,-10.55176629473,
    -28.65077783441));
#2316 = CARTESIAN_POINT('',(-12.45853425849,-10.5,-28.65077783441));
#2317 = PCURVE('',#1835,#2318);
#2318 = DEFINITIONAL_REPRESENTATION('',(#2319),#2411);
#2319 = B_SPLINE_CURVE_WITH_KNOTS('',3,(#2320,#2321,#2322,#2323,#2324,
    #2325,#2326,#2327,#2328,#2329,#2330,#2331,#2332,#2333,#2334,#2335,
    #2336,#2337,#2338,#2339,#2340,#2341,#2342,#2343,#2344,#2345,#2346,
    #2347,#2348,#2349,#2350,#2351,#2352,#2353,#2354,#2355,#2356,#2357,
    #2358,#2359,#2360,#2361,#2362,#2363,#2364,#2365,#2366,#2367,#2368,
    #2369,#2370,#2371,#2372,#2373,#2374,#2375,#2376,#2377,#2378,#2379,
    #2380,#2381,#2382,#2383,#2384,#2385,#2386,#2387,#2388,#2389,#2390,
    #2391,#2392,#2393,#2394,#2395,#2396,#2397,#2398,#2399,#2400,#2401,
    #2402,#2403,#2404,#2405,#2406,#2407,#2408,#2409,#2410),
  .UNSPECIFIED.,.F.,.F.,(4,1,1,1,1,1,1,1,1,1,1,1,1,1,1,1,1,1,1,1,1,1,1,1
    ,1,1,1,1,1,1,1,1,1,1,1,1,1,1,1,1,1,1,1,1,1,1,1,1,1,1,1,1,1,1,1,1,1,1
    ,1,1,1,1,1,1,1,1,1,1,1,1,1,1,1,1,1,1,1,1,1,1,1,1,1,1,1,1,1,1,4),(0.,
    2.801346355538E-05,5.602692711077E-05,8.404039066615E-05,
    1.120538542215E-04,1.400673177769E-04,1.680807813323E-04,
    1.960942448877E-04,2.241077084431E-04,2.521211719985E-04,
    2.801346355538E-04,3.081480991092E-04,3.361615626646E-04,
    3.6417502622E-04,3.921884897754E-04,4.202019533308E-04,
    4.482154168861E-04,4.762288804415E-04,5.042423439969E-04,
    5.322558075523E-04,5.602692711077E-04,5.882827346631E-04,
    6.162961982184E-04,6.443096617738E-04,6.723231253292E-04,
    7.003365888846E-04,7.2835005244E-04,7.563635159954E-04,
    7.843769795507E-04,8.123904431061E-04,8.404039066615E-04,
    8.684173702169E-04,8.964308337723E-04,9.244442973277E-04,
    9.52457760883E-04,9.804712244384E-04,1.008484687994E-03,
    1.036498151549E-03,1.064511615105E-03,1.09252507866E-03,
    1.120538542215E-03,1.148552005771E-03,1.176565469326E-03,
    1.204578932882E-03,1.232592396437E-03,1.260605859992E-03,
    1.288619323548E-03,1.316632787103E-03,1.344646250658E-03,
    1.372659714214E-03,1.400673177769E-03,1.428686641325E-03,
    1.45670010488E-03,1.484713568435E-03,1.512727031991E-03,
    1.540740495546E-03,1.568753959101E-03,1.596767422657E-03,
    1.624780886212E-03,1.652794349768E-03,1.680807813323E-03,
    1.708821276878E-03,1.736834740434E-03,1.764848203989E-03,
    1.792861667545E-03,1.8208751311E-03,1.848888594655E-03,
    1.876902058211E-03,1.904915521766E-03,1.932928985321E-03,
    1.960942448877E-03,1.988955912432E-03,2.016969375988E-03,
    2.044982839543E-03,2.072996303098E-03,2.101009766654E-03,
    2.129023230209E-03,2.157036693765E-03,2.18505015732E-03,
    2.213063620875E-03,2.241077084431E-03,2.269090547986E-03,
    2.297104011541E-03,2.325117475097E-03,2.353130938652E-03,
    2.381144402208E-03,2.409157865763E-03,2.437171329318E-03,
    2.465184792874E-03),.UNSPECIFIED.);
#2320 = CARTESIAN_POINT('',(1.914326877483,26.474584201116));
#2321 = CARTESIAN_POINT('',(1.918984497485,26.473252077122));
#2322 = CARTESIAN_POINT('',(1.928292343423,26.470599014035));
#2323 = CARTESIAN_POINT('',(1.942234689572,26.46665275258));
#2324 = CARTESIAN_POINT('',(1.956160377749,26.462739603008));
#2325 = CARTESIAN_POINT('',(1.970072154,26.458859343203));
#2326 = CARTESIAN_POINT('',(1.983972747192,26.4550117541));
#2327 = CARTESIAN_POINT('',(1.997864867491,26.451196605255));
#2328 = CARTESIAN_POINT('',(2.011751189371,26.447413719851));
#2329 = CARTESIAN_POINT('',(2.025634377625,26.443662974702));
#2330 = CARTESIAN_POINT('',(2.039517104719,26.43994423523));
#2331 = CARTESIAN_POINT('',(2.053402042782,26.436257369952));
#2332 = CARTESIAN_POINT('',(2.067291863316,26.432602246406));
#2333 = CARTESIAN_POINT('',(2.081189227886,26.42897873294));
#2334 = CARTESIAN_POINT('',(2.095096838994,26.425386781473));
#2335 = CARTESIAN_POINT('',(2.109017391862,26.421826352132));
#2336 = CARTESIAN_POINT('',(2.122953722835,26.41829737446));
#2337 = CARTESIAN_POINT('',(2.136908230386,26.414799892135));
#2338 = CARTESIAN_POINT('',(2.150885023475,26.411333522868));
#2339 = CARTESIAN_POINT('',(2.164889409444,26.407897759056));
#2340 = CARTESIAN_POINT('',(2.178888837318,26.404501021674));
#2341 = CARTESIAN_POINT('',(2.192855947283,26.401150503864));
#2342 = CARTESIAN_POINT('',(2.206800208484,26.397844089774));
#2343 = CARTESIAN_POINT('',(2.220723197472,26.394581708334));
#2344 = CARTESIAN_POINT('',(2.234628037705,26.391362874784));
#2345 = CARTESIAN_POINT('',(2.248517352289,26.388187348907));
#2346 = CARTESIAN_POINT('',(2.262393872994,26.385054861113));
#2347 = CARTESIAN_POINT('',(2.27626029028,26.381965148546));
#2348 = CARTESIAN_POINT('',(2.29011928923,26.378917950778));
#2349 = CARTESIAN_POINT('',(2.303973537029,26.375912990939));
#2350 = CARTESIAN_POINT('',(2.317825677702,26.372950072202));
#2351 = CARTESIAN_POINT('',(2.331678357306,26.370029077983));
#2352 = CARTESIAN_POINT('',(2.345534232164,26.367149874671));
#2353 = CARTESIAN_POINT('',(2.359395963081,26.364312333222));
#2354 = CARTESIAN_POINT('',(2.373266213855,26.361516323345));
#2355 = CARTESIAN_POINT('',(2.387147644686,26.358761715167));
#2356 = CARTESIAN_POINT('',(2.401042966073,26.35604850917));
#2357 = CARTESIAN_POINT('',(2.414954913589,26.353376707096));
#2358 = CARTESIAN_POINT('',(2.428886262903,26.350746306065));
#2359 = CARTESIAN_POINT('',(2.442839748468,26.348157320421));
#2360 = CARTESIAN_POINT('',(2.45681835426,26.345609700238));
#2361 = CARTESIAN_POINT('',(2.470824245165,26.343103683084));
#2362 = CARTESIAN_POINT('',(2.484863069365,26.340638893565));
#2363 = CARTESIAN_POINT('',(2.498927671319,26.338217247318));
#2364 = CARTESIAN_POINT('',(2.512955955087,26.335849678928));
#2365 = CARTESIAN_POINT('',(2.526961387987,26.333533873455));
#2366 = CARTESIAN_POINT('',(2.540942033601,26.331270172829));
#2367 = CARTESIAN_POINT('',(2.554903251356,26.329057773643));
#2368 = CARTESIAN_POINT('',(2.568847131687,26.326896488617));
#2369 = CARTESIAN_POINT('',(2.582776622863,26.324785963889));
#2370 = CARTESIAN_POINT('',(2.596694420271,26.322725895802));
#2371 = CARTESIAN_POINT('',(2.61060326291,26.320715946465));
#2372 = CARTESIAN_POINT('',(2.624505836393,26.318755886682));
#2373 = CARTESIAN_POINT('',(2.638404820589,26.316845591932));
#2374 = CARTESIAN_POINT('',(2.652302901346,26.314984915529));
#2375 = CARTESIAN_POINT('',(2.666202764156,26.313173716732));
#2376 = CARTESIAN_POINT('',(2.680107092654,26.311411853196));
#2377 = CARTESIAN_POINT('',(2.694018562323,26.30969918304));
#2378 = CARTESIAN_POINT('',(2.70793988073,26.308035736372));
#2379 = CARTESIAN_POINT('',(2.721873780217,26.306421543863));
#2380 = CARTESIAN_POINT('',(2.735823012925,26.304856634186));
#2381 = CARTESIAN_POINT('',(2.749790344064,26.303341043449));
#2382 = CARTESIAN_POINT('',(2.763778564459,26.301874780008));
#2383 = CARTESIAN_POINT('',(2.777790454676,26.300458017276));
#2384 = CARTESIAN_POINT('',(2.791829184938,26.299090908046));
#2385 = CARTESIAN_POINT('',(2.805896644963,26.297773688688));
#2386 = CARTESIAN_POINT('',(2.820003037766,26.296506010452));
#2387 = CARTESIAN_POINT('',(2.834077563398,26.295294475995));
#2388 = CARTESIAN_POINT('',(2.84812439694,26.294138317291));
#2389 = CARTESIAN_POINT('',(2.862146105401,26.293037264156));
#2390 = CARTESIAN_POINT('',(2.876145631896,26.291990982425));
#2391 = CARTESIAN_POINT('',(2.890125793331,26.29099915336));
#2392 = CARTESIAN_POINT('',(2.904089409204,26.290061460495));
#2393 = CARTESIAN_POINT('',(2.918039268269,26.289177562845));
#2394 = CARTESIAN_POINT('',(2.931978108535,26.28834724051));
#2395 = CARTESIAN_POINT('',(2.945908641964,26.287570395097));
#2396 = CARTESIAN_POINT('',(2.95983358465,26.286846902428));
#2397 = CARTESIAN_POINT('',(2.973755646022,26.286176645236));
#2398 = CARTESIAN_POINT('',(2.98767752847,26.285559504392));
#2399 = CARTESIAN_POINT('',(3.00160192074,26.284995361302));
#2400 = CARTESIAN_POINT('',(3.015531522887,26.284484291567));
#2401 = CARTESIAN_POINT('',(3.029469054595,26.284026371328));
#2402 = CARTESIAN_POINT('',(3.04341724834,26.283621674847));
#2403 = CARTESIAN_POINT('',(3.05737884974,26.283270283353));
#2404 = CARTESIAN_POINT('',(3.071356603834,26.282972252087));
#2405 = CARTESIAN_POINT('',(3.085353298216,26.282727758774));
#2406 = CARTESIAN_POINT('',(3.099371790768,26.282537103618));
#2407 = CARTESIAN_POINT('',(3.113414967248,26.282400560838));
#2408 = CARTESIAN_POINT('',(3.127485743584,26.282318411616));
#2409 = CARTESIAN_POINT('',(3.136886628815,26.282300094046));
#2410 = CARTESIAN_POINT('',(3.14159265359,26.282300094046));
#2411 = ( GEOMETRIC_REPRESENTATION_CONTEXT(2) 
PARAMETRIC_REPRESENTATION_CONTEXT() REPRESENTATION_CONTEXT('2D SPACE',''
  ) );
#2412 = PCURVE('',#1050,#2413);
#2413 = DEFINITIONAL_REPRESENTATION('',(#2414),#2506);
#2414 = B_SPLINE_CURVE_WITH_KNOTS('',3,(#2415,#2416,#2417,#2418,#2419,
    #2420,#2421,#2422,#2423,#2424,#2425,#2426,#2427,#2428,#2429,#2430,
    #2431,#2432,#2433,#2434,#2435,#2436,#2437,#2438,#2439,#2440,#2441,
    #2442,#2443,#2444,#2445,#2446,#2447,#2448,#2449,#2450,#2451,#2452,
    #2453,#2454,#2455,#2456,#2457,#2458,#2459,#2460,#2461,#2462,#2463,
    #2464,#2465,#2466,#2467,#2468,#2469,#2470,#2471,#2472,#2473,#2474,
    #2475,#2476,#2477,#2478,#2479,#2480,#2481,#2482,#2483,#2484,#2485,
    #2486,#2487,#2488,#2489,#2490,#2491,#2492,#2493,#2494,#2495,#2496,
    #2497,#2498,#2499,#2500,#2501,#2502,#2503,#2504,#2505),
  .UNSPECIFIED.,.F.,.F.,(4,1,1,1,1,1,1,1,1,1,1,1,1,1,1,1,1,1,1,1,1,1,1,1
    ,1,1,1,1,1,1,1,1,1,1,1,1,1,1,1,1,1,1,1,1,1,1,1,1,1,1,1,1,1,1,1,1,1,1
    ,1,1,1,1,1,1,1,1,1,1,1,1,1,1,1,1,1,1,1,1,1,1,1,1,1,1,1,1,1,1,4),(0.,
    2.801346355538E-05,5.602692711077E-05,8.404039066615E-05,
    1.120538542215E-04,1.400673177769E-04,1.680807813323E-04,
    1.960942448877E-04,2.241077084431E-04,2.521211719985E-04,
    2.801346355538E-04,3.081480991092E-04,3.361615626646E-04,
    3.6417502622E-04,3.921884897754E-04,4.202019533308E-04,
    4.482154168861E-04,4.762288804415E-04,5.042423439969E-04,
    5.322558075523E-04,5.602692711077E-04,5.882827346631E-04,
    6.162961982184E-04,6.443096617738E-04,6.723231253292E-04,
    7.003365888846E-04,7.2835005244E-04,7.563635159954E-04,
    7.843769795507E-04,8.123904431061E-04,8.404039066615E-04,
    8.684173702169E-04,8.964308337723E-04,9.244442973277E-04,
    9.52457760883E-04,9.804712244384E-04,1.008484687994E-03,
    1.036498151549E-03,1.064511615105E-03,1.09252507866E-03,
    1.120538542215E-03,1.148552005771E-03,1.176565469326E-03,
    1.204578932882E-03,1.232592396437E-03,1.260605859992E-03,
    1.288619323548E-03,1.316632787103E-03,1.344646250658E-03,
    1.372659714214E-03,1.400673177769E-03,1.428686641325E-03,
    1.45670010488E-03,1.484713568435E-03,1.512727031991E-03,
    1.540740495546E-03,1.568753959101E-03,1.596767422657E-03,
    1.624780886212E-03,1.652794349768E-03,1.680807813323E-03,
    1.708821276878E-03,1.736834740434E-03,1.764848203989E-03,
    1.792861667545E-03,1.8208751311E-03,1.848888594655E-03,
    1.876902058211E-03,1.904915521766E-03,1.932928985321E-03,
    1.960942448877E-03,1.988955912432E-03,2.016969375988E-03,
    2.044982839543E-03,2.072996303098E-03,2.101009766654E-03,
    2.129023230209E-03,2.157036693765E-03,2.18505015732E-03,
    2.213063620875E-03,2.241077084431E-03,2.269090547986E-03,
    2.297104011541E-03,2.325117475097E-03,2.353130938652E-03,
    2.381144402208E-03,2.409157865763E-03,2.437171329318E-03,
    2.465184792874E-03),.UNSPECIFIED.);
#2415 = CARTESIAN_POINT('',(4.534927984641E-03,0.));
#2416 = CARTESIAN_POINT('',(4.530102702909E-03,3.837107472581E-10));
#2417 = CARTESIAN_POINT('',(4.520456993558E-03,-1.800852286326E-08));
#2418 = CARTESIAN_POINT('',(4.506002889704E-03,-8.46283325717E-08));
#2419 = CARTESIAN_POINT('',(4.491563137657E-03,-1.734916858042E-07));
#2420 = CARTESIAN_POINT('',(4.477137650751E-03,-2.620021009037E-07));
#2421 = CARTESIAN_POINT('',(4.462726358262E-03,-3.261743414529E-07));
#2422 = CARTESIAN_POINT('',(4.448329202582E-03,-3.311470216336E-07));
#2423 = CARTESIAN_POINT('',(4.43394616173E-03,-2.72443068316E-07));
#2424 = CARTESIAN_POINT('',(4.419577220758E-03,-1.804197174116E-07));
#2425 = CARTESIAN_POINT('',(4.405222339377E-03,-8.289718924428E-08));
#2426 = CARTESIAN_POINT('',(4.390881470392E-03,-4.366619774599E-09));
#2427 = CARTESIAN_POINT('',(4.376554514284E-03,1.220402549951E-09));
#2428 = CARTESIAN_POINT('',(4.362241499666E-03,-4.983294885618E-09));
#2429 = CARTESIAN_POINT('',(4.347942452783E-03,-1.573783046609E-09));
#2430 = CARTESIAN_POINT('',(4.333657448001E-03,2.508499321875E-09));
#2431 = CARTESIAN_POINT('',(4.319386248194E-03,5.751049384767E-09));
#2432 = CARTESIAN_POINT('',(4.305129800662E-03,4.34241359917E-09));
#2433 = CARTESIAN_POINT('',(4.290884610277E-03,-7.040303809774E-09));
#2434 = CARTESIAN_POINT('',(4.276656239293E-03,-4.067490556064E-08));
#2435 = CARTESIAN_POINT('',(4.262440864605E-03,6.092164232221E-09));
#2436 = CARTESIAN_POINT('',(4.248227420291E-03,-4.179253848558E-09));
#2437 = CARTESIAN_POINT('',(4.234022708477E-03,-1.592892944387E-08));
#2438 = CARTESIAN_POINT('',(4.219824273585E-03,-9.021722198496E-09));
#2439 = CARTESIAN_POINT('',(4.20563275706E-03,-8.576771192802E-08));
#2440 = CARTESIAN_POINT('',(4.191447897711E-03,-2.120036993457E-07));
#2441 = CARTESIAN_POINT('',(4.177269675592E-03,-3.57469669748E-07));
#2442 = CARTESIAN_POINT('',(4.163098024382E-03,-4.866799707436E-07));
#2443 = CARTESIAN_POINT('',(4.148932909697E-03,-5.650064316883E-07));
#2444 = CARTESIAN_POINT('',(4.134774305242E-03,-5.442984510154E-07));
#2445 = CARTESIAN_POINT('',(4.120622213788E-03,-4.258577788088E-07));
#2446 = CARTESIAN_POINT('',(4.106476636548E-03,-2.631851111732E-07));
#2447 = CARTESIAN_POINT('',(4.092337549958E-03,-1.039289619892E-07));
#2448 = CARTESIAN_POINT('',(4.078204918132E-03,1.065315128941E-08));
#2449 = CARTESIAN_POINT('',(4.064078663372E-03,-2.775112457633E-09));
#2450 = CARTESIAN_POINT('',(4.049958804453E-03,-9.30867249774E-09));
#2451 = CARTESIAN_POINT('',(4.035845351108E-03,-3.355700387651E-09));
#2452 = CARTESIAN_POINT('',(4.021738299748E-03,5.247174658114E-09));
#2453 = CARTESIAN_POINT('',(4.007637643972E-03,1.221335092049E-08));
#2454 = CARTESIAN_POINT('',(3.99354338599E-03,4.481090937166E-09));
#2455 = CARTESIAN_POINT('',(3.979455479504E-03,-3.418033590979E-09));
#2456 = CARTESIAN_POINT('',(3.965374159162E-03,1.706029870349E-09));
#2457 = CARTESIAN_POINT('',(3.951298667404E-03,6.268011753152E-10));
#2458 = CARTESIAN_POINT('',(3.937231603707E-03,2.739666008215E-09));
#2459 = CARTESIAN_POINT('',(3.923167684592E-03,-3.64358455519E-09));
#2460 = CARTESIAN_POINT('',(3.909108023696E-03,9.140383310798E-09));
#2461 = CARTESIAN_POINT('',(3.895055037993E-03,-1.205572692532E-07));
#2462 = CARTESIAN_POINT('',(3.881006710634E-03,-3.007437958742E-07));
#2463 = CARTESIAN_POINT('',(3.866963497179E-03,-5.018979791567E-07));
#2464 = CARTESIAN_POINT('',(3.852925209069E-03,-6.74185754284E-07));
#2465 = CARTESIAN_POINT('',(3.838891850434E-03,-7.742846762627E-07));
#2466 = CARTESIAN_POINT('',(3.824863389398E-03,-7.41795060439E-07));
#2467 = CARTESIAN_POINT('',(3.810839841556E-03,-5.814579289844E-07));
#2468 = CARTESIAN_POINT('',(3.796821223815E-03,-3.639739707321E-07));
#2469 = CARTESIAN_POINT('',(3.782807527349E-03,-1.513837955485E-07));
#2470 = CARTESIAN_POINT('',(3.768798728988E-03,4.447096510723E-09));
#2471 = CARTESIAN_POINT('',(3.754794768252E-03,-3.900338553768E-09));
#2472 = CARTESIAN_POINT('',(3.740795645802E-03,-1.357853576107E-08));
#2473 = CARTESIAN_POINT('',(3.726801375944E-03,-7.245554856988E-09));
#2474 = CARTESIAN_POINT('',(3.712811958089E-03,1.923423549859E-09));
#2475 = CARTESIAN_POINT('',(3.698827394058E-03,9.997160233443E-09));
#2476 = CARTESIAN_POINT('',(3.684847677507E-03,5.188557773269E-09));
#2477 = CARTESIAN_POINT('',(3.670872818303E-03,-3.404216124087E-09));
#2478 = CARTESIAN_POINT('',(3.656902824017E-03,1.203551767253E-09));
#2479 = CARTESIAN_POINT('',(3.642937783935E-03,7.439484250906E-10));
#2480 = CARTESIAN_POINT('',(3.62897739685E-03,-1.933721895226E-09));
#2481 = CARTESIAN_POINT('',(3.615019543223E-03,2.113468643144E-09));
#2482 = CARTESIAN_POINT('',(3.601070209319E-03,5.540308868298E-10));
#2483 = CARTESIAN_POINT('',(3.587118025035E-03,-1.139182471794E-07));
#2484 = CARTESIAN_POINT('',(3.573169031117E-03,-3.249766217559E-07));
#2485 = CARTESIAN_POINT('',(3.55922152924E-03,-5.661236079589E-07));
#2486 = CARTESIAN_POINT('',(3.545275915477E-03,-7.815726470228E-07));
#2487 = CARTESIAN_POINT('',(3.53133204758E-03,-9.152371602063E-07));
#2488 = CARTESIAN_POINT('',(3.517389944439E-03,-8.950174125206E-07));
#2489 = CARTESIAN_POINT('',(3.503449627688E-03,-7.235400005678E-07));
#2490 = CARTESIAN_POINT('',(3.489511141185E-03,-4.796926183274E-07));
#2491 = CARTESIAN_POINT('',(3.475574497911E-03,-2.276220141264E-07));
#2492 = CARTESIAN_POINT('',(3.461639699589E-03,-3.418695210541E-08));
#2493 = CARTESIAN_POINT('',(3.447706704866E-03,2.684954032042E-08));
#2494 = CARTESIAN_POINT('',(3.433775542214E-03,-8.923364839463E-08));
#2495 = CARTESIAN_POINT('',(3.419846197756E-03,-3.047362938555E-07));
#2496 = CARTESIAN_POINT('',(3.405918640937E-03,-5.615611174481E-07));
#2497 = CARTESIAN_POINT('',(3.391992869778E-03,-7.947446834673E-07));
#2498 = CARTESIAN_POINT('',(3.37806889634E-03,-9.449937447467E-07));
#2499 = CARTESIAN_POINT('',(3.364146759744E-03,-9.362443482779E-07));
#2500 = CARTESIAN_POINT('',(3.350226480398E-03,-7.702563724973E-07));
#2501 = CARTESIAN_POINT('',(3.336308027945E-03,-5.263665612463E-07));
#2502 = CARTESIAN_POINT('',(3.322391358731E-03,-2.673495969314E-07));
#2503 = CARTESIAN_POINT('',(3.308476409998E-03,-6.012817137831E-08));
#2504 = CARTESIAN_POINT('',(3.29920086591E-03,2.040260830324E-10));
#2505 = CARTESIAN_POINT('',(3.294563352516E-03,0.));
#2506 = ( GEOMETRIC_REPRESENTATION_CONTEXT(2) 
PARAMETRIC_REPRESENTATION_CONTEXT() REPRESENTATION_CONTEXT('2D SPACE',''
  ) );
#2507 = ORIENTED_EDGE('',*,*,#1953,.F.);
#2508 = ADVANCED_FACE('',(#2509),#1296,.T.);
#2509 = FACE_BOUND('',#2510,.T.);
#2510 = EDGE_LOOP('',(#2511,#2512,#2513,#2579));
#2511 = ORIENTED_EDGE('',*,*,#1446,.T.);
#2512 = ORIENTED_EDGE('',*,*,#1254,.F.);
#2513 = ORIENTED_EDGE('',*,*,#2514,.F.);
#2514 = EDGE_CURVE('',#1748,#917,#2515,.T.);
#2515 = SURFACE_CURVE('',#2516,(#2521,#2550),.PCURVE_S1.);
#2516 = CIRCLE('',#2517,1.);
#2517 = AXIS2_PLACEMENT_3D('',#2518,#2519,#2520);
#2518 = CARTESIAN_POINT('',(-13.95156742505,-11.44157139927,
    -27.89314029462));
#2519 = DIRECTION('',(0.753537363421,0.323828930747,-0.572115605048));
#2520 = DIRECTION('',(-0.604699441246,3.200217868482E-14,-0.796453756195
    ));
#2521 = PCURVE('',#1296,#2522);
#2522 = DEFINITIONAL_REPRESENTATION('',(#2523),#2549);
#2523 = B_SPLINE_CURVE_WITH_KNOTS('',3,(#2524,#2525,#2526,#2527,#2528,
    #2529,#2530,#2531,#2532,#2533,#2534,#2535,#2536,#2537,#2538,#2539,
    #2540,#2541,#2542,#2543,#2544,#2545,#2546,#2547,#2548),
  .UNSPECIFIED.,.F.,.F.,(4,1,1,1,1,1,1,1,1,1,1,1,1,1,1,1,1,1,1,1,1,1,4),
  (4.614338885145,4.690195540692,4.766052196239,4.841908851786,
    4.917765507333,4.99362216288,5.069478818427,5.145335473974,
    5.221192129521,5.297048785068,5.372905440615,5.448762096162,
    5.524618751709,5.600475407256,5.676332062803,5.75218871835,
    5.828045373897,5.903902029444,5.979758684991,6.055615340538,
    6.131471996086,6.207328651633,6.28318530718),.UNSPECIFIED.);
#2524 = CARTESIAN_POINT('',(1.501620008892E-17,0.));
#2525 = CARTESIAN_POINT('',(1.501620008892E-17,1.706214294136E-02));
#2526 = CARTESIAN_POINT('',(1.501620008892E-17,5.061935417187E-02));
#2527 = CARTESIAN_POINT('',(1.501620008892E-17,9.945301892054E-02));
#2528 = CARTESIAN_POINT('',(1.501620008892E-17,0.146990873831));
#2529 = CARTESIAN_POINT('',(1.501620008892E-17,0.193413814765));
#2530 = CARTESIAN_POINT('',(1.501620008892E-17,0.23889006419));
#2531 = CARTESIAN_POINT('',(1.501620008892E-17,0.283575176344));
#2532 = CARTESIAN_POINT('',(1.501620008892E-17,0.327615005986));
#2533 = CARTESIAN_POINT('',(1.501620008892E-17,0.371147523699));
#2534 = CARTESIAN_POINT('',(1.501620008892E-17,0.414304661606));
#2535 = CARTESIAN_POINT('',(1.501620008892E-17,0.45721394001));
#2536 = CARTESIAN_POINT('',(1.501620008892E-17,0.5));
#2537 = CARTESIAN_POINT('',(1.501620008892E-17,0.54278605999));
#2538 = CARTESIAN_POINT('',(1.501620008892E-17,0.585695338394));
#2539 = CARTESIAN_POINT('',(1.501620008892E-17,0.628852476301));
#2540 = CARTESIAN_POINT('',(1.501620008892E-17,0.672384994014));
#2541 = CARTESIAN_POINT('',(1.501620008892E-17,0.716424823656));
#2542 = CARTESIAN_POINT('',(1.501620008892E-17,0.76110993581));
#2543 = CARTESIAN_POINT('',(1.501620008892E-17,0.806586185235));
#2544 = CARTESIAN_POINT('',(1.501620008892E-17,0.853009126169));
#2545 = CARTESIAN_POINT('',(1.501620008892E-17,0.900546981079));
#2546 = CARTESIAN_POINT('',(1.501620008892E-17,0.949380645828));
#2547 = CARTESIAN_POINT('',(1.501620008892E-17,0.982937857059));
#2548 = CARTESIAN_POINT('',(1.501620008892E-17,1.));
#2549 = ( GEOMETRIC_REPRESENTATION_CONTEXT(2) 
PARAMETRIC_REPRESENTATION_CONTEXT() REPRESENTATION_CONTEXT('2D SPACE',''
  ) );
#2550 = PCURVE('',#1050,#2551);
#2551 = DEFINITIONAL_REPRESENTATION('',(#2552),#2578);
#2552 = B_SPLINE_CURVE_WITH_KNOTS('',3,(#2553,#2554,#2555,#2556,#2557,
    #2558,#2559,#2560,#2561,#2562,#2563,#2564,#2565,#2566,#2567,#2568,
    #2569,#2570,#2571,#2572,#2573,#2574,#2575,#2576,#2577),
  .UNSPECIFIED.,.F.,.F.,(4,1,1,1,1,1,1,1,1,1,1,1,1,1,1,1,1,1,1,1,1,1,4),
  (4.614338885145,4.690195540692,4.766052196239,4.841908851786,
    4.917765507333,4.99362216288,5.069478818427,5.145335473974,
    5.221192129521,5.297048785068,5.372905440615,5.448762096162,
    5.524618751709,5.600475407256,5.676332062803,5.75218871835,
    5.828045373897,5.903902029444,5.979758684991,6.055615340538,
    6.131471996086,6.207328651633,6.28318530718),.UNSPECIFIED.);
#2553 = CARTESIAN_POINT('',(4.534927984641E-03,0.));
#2554 = CARTESIAN_POINT('',(4.534927984641E-03,1.706214294118E-02));
#2555 = CARTESIAN_POINT('',(4.534927984641E-03,5.061935417153E-02));
#2556 = CARTESIAN_POINT('',(4.534927984641E-03,9.945301892029E-02));
#2557 = CARTESIAN_POINT('',(4.534927984641E-03,0.146990873831));
#2558 = CARTESIAN_POINT('',(4.534927984641E-03,0.193413814764));
#2559 = CARTESIAN_POINT('',(4.534927984641E-03,0.23889006419));
#2560 = CARTESIAN_POINT('',(4.534927984641E-03,0.283575176344));
#2561 = CARTESIAN_POINT('',(4.534927984641E-03,0.327615005986));
#2562 = CARTESIAN_POINT('',(4.534927984641E-03,0.371147523699));
#2563 = CARTESIAN_POINT('',(4.534927984641E-03,0.414304661605));
#2564 = CARTESIAN_POINT('',(4.534927984641E-03,0.45721394001));
#2565 = CARTESIAN_POINT('',(4.534927984641E-03,0.5));
#2566 = CARTESIAN_POINT('',(4.534927984641E-03,0.54278605999));
#2567 = CARTESIAN_POINT('',(4.534927984641E-03,0.585695338394));
#2568 = CARTESIAN_POINT('',(4.534927984641E-03,0.628852476301));
#2569 = CARTESIAN_POINT('',(4.534927984641E-03,0.672384994014));
#2570 = CARTESIAN_POINT('',(4.534927984641E-03,0.716424823656));
#2571 = CARTESIAN_POINT('',(4.534927984641E-03,0.76110993581));
#2572 = CARTESIAN_POINT('',(4.534927984641E-03,0.806586185235));
#2573 = CARTESIAN_POINT('',(4.534927984641E-03,0.853009126169));
#2574 = CARTESIAN_POINT('',(4.534927984641E-03,0.900546981079));
#2575 = CARTESIAN_POINT('',(4.534927984641E-03,0.949380645828));
#2576 = CARTESIAN_POINT('',(4.534927984641E-03,0.982937857059));
#2577 = CARTESIAN_POINT('',(4.534927984641E-03,1.));
#2578 = ( GEOMETRIC_REPRESENTATION_CONTEXT(2) 
PARAMETRIC_REPRESENTATION_CONTEXT() REPRESENTATION_CONTEXT('2D SPACE',''
  ) );
#2579 = ORIENTED_EDGE('',*,*,#1747,.F.);
#2580 = ADVANCED_FACE('',(#2581),#1050,.T.);
#2581 = FACE_BOUND('',#2582,.T.);
#2582 = EDGE_LOOP('',(#2583,#2584,#2585,#2629));
#2583 = ORIENTED_EDGE('',*,*,#2514,.T.);
#2584 = ORIENTED_EDGE('',*,*,#916,.F.);
#2585 = ORIENTED_EDGE('',*,*,#2586,.F.);
#2586 = EDGE_CURVE('',#1954,#889,#2587,.T.);
#2587 = SURFACE_CURVE('',#2588,(#2593,#2622),.PCURVE_S1.);
#2588 = CIRCLE('',#2589,1.);
#2589 = AXIS2_PLACEMENT_3D('',#2590,#2591,#2592);
#2590 = CARTESIAN_POINT('',(-13.39635865225,-10.5,-28.3036677561));
#2591 = DIRECTION('',(0.,1.,0.));
#2592 = DIRECTION('',(0.,0.,1.));
#2593 = PCURVE('',#1050,#2594);
#2594 = DEFINITIONAL_REPRESENTATION('',(#2595),#2621);
#2595 = B_SPLINE_CURVE_WITH_KNOTS('',3,(#2596,#2597,#2598,#2599,#2600,
    #2601,#2602,#2603,#2604,#2605,#2606,#2607,#2608,#2609,#2610,#2611,
    #2612,#2613,#2614,#2615,#2616,#2617,#2618,#2619,#2620),
  .UNSPECIFIED.,.F.,.F.,(4,1,1,1,1,1,1,1,1,1,1,1,1,1,1,1,1,1,1,1,1,1,4),
  (1.925284149384,2.008934117508,2.092584085632,2.176234053756,
    2.25988402188,2.343533990004,2.427183958128,2.510833926252,
    2.594483894376,2.6781338625,2.761783830623,2.845433798747,
    2.929083766871,3.012733734995,3.096383703119,3.180033671243,
    3.263683639367,3.347333607491,3.430983575615,3.514633543739,
    3.598283511863,3.681933479986,3.76558344811),.UNSPECIFIED.);
#2596 = CARTESIAN_POINT('',(3.294563352516E-03,0.));
#2597 = CARTESIAN_POINT('',(3.294563352516E-03,1.751868243884E-02));
#2598 = CARTESIAN_POINT('',(3.294563352516E-03,5.184034703005E-02));
#2599 = CARTESIAN_POINT('',(3.294563352516E-03,0.101439055373));
#2600 = CARTESIAN_POINT('',(3.294563352516E-03,0.149428736632));
#2601 = CARTESIAN_POINT('',(3.294563352516E-03,0.196044080262));
#2602 = CARTESIAN_POINT('',(3.294563352516E-03,0.241500302357));
#2603 = CARTESIAN_POINT('',(3.294563352516E-03,0.28599328384));
#2604 = CARTESIAN_POINT('',(3.294563352516E-03,0.329704313014));
#2605 = CARTESIAN_POINT('',(3.294563352516E-03,0.372802918143));
#2606 = CARTESIAN_POINT('',(3.294563352516E-03,0.415449696234));
#2607 = CARTESIAN_POINT('',(3.294563352516E-03,0.457798757991));
#2608 = CARTESIAN_POINT('',(3.294563352516E-03,0.5));
#2609 = CARTESIAN_POINT('',(3.294563352516E-03,0.542201242009));
#2610 = CARTESIAN_POINT('',(3.294563352516E-03,0.584550303766));
#2611 = CARTESIAN_POINT('',(3.294563352516E-03,0.627197081857));
#2612 = CARTESIAN_POINT('',(3.294563352516E-03,0.670295686987));
#2613 = CARTESIAN_POINT('',(3.294563352516E-03,0.71400671616));
#2614 = CARTESIAN_POINT('',(3.294563352516E-03,0.758499697643));
#2615 = CARTESIAN_POINT('',(3.294563352516E-03,0.803955919738));
#2616 = CARTESIAN_POINT('',(3.294563352516E-03,0.850571263368));
#2617 = CARTESIAN_POINT('',(3.294563352516E-03,0.898560944627));
#2618 = CARTESIAN_POINT('',(3.294563352516E-03,0.94815965297));
#2619 = CARTESIAN_POINT('',(3.294563352516E-03,0.982481317561));
#2620 = CARTESIAN_POINT('',(3.294563352516E-03,1.));
#2621 = ( GEOMETRIC_REPRESENTATION_CONTEXT(2) 
PARAMETRIC_REPRESENTATION_CONTEXT() REPRESENTATION_CONTEXT('2D SPACE',''
  ) );
#2622 = PCURVE('',#904,#2623);
#2623 = DEFINITIONAL_REPRESENTATION('',(#2624),#2628);
#2624 = LINE('',#2625,#2626);
#2625 = CARTESIAN_POINT('',(3.14159265359,-10.5));
#2626 = VECTOR('',#2627,1.);
#2627 = DIRECTION('',(1.,0.));
#2628 = ( GEOMETRIC_REPRESENTATION_CONTEXT(2) 
PARAMETRIC_REPRESENTATION_CONTEXT() REPRESENTATION_CONTEXT('2D SPACE',''
  ) );
#2629 = ORIENTED_EDGE('',*,*,#2283,.F.);
#2630 = ADVANCED_FACE('',(#2631),#904,.T.);
#2631 = FACE_BOUND('',#2632,.T.);
#2632 = EDGE_LOOP('',(#2633,#2634,#2635,#2679));
#2633 = ORIENTED_EDGE('',*,*,#2586,.T.);
#2634 = ORIENTED_EDGE('',*,*,#888,.F.);
#2635 = ORIENTED_EDGE('',*,*,#2636,.F.);
#2636 = EDGE_CURVE('',#1977,#549,#2637,.T.);
#2637 = SURFACE_CURVE('',#2638,(#2643,#2650),.PCURVE_S1.);
#2638 = CIRCLE('',#2639,1.);
#2639 = AXIS2_PLACEMENT_3D('',#2640,#2641,#2642);
#2640 = CARTESIAN_POINT('',(-13.39635865225,-9.5,-28.3036677561));
#2641 = DIRECTION('',(0.,1.,0.));
#2642 = DIRECTION('',(0.,0.,1.));
#2643 = PCURVE('',#904,#2644);
#2644 = DEFINITIONAL_REPRESENTATION('',(#2645),#2649);
#2645 = LINE('',#2646,#2647);
#2646 = CARTESIAN_POINT('',(3.14159265359,-9.5));
#2647 = VECTOR('',#2648,1.);
#2648 = DIRECTION('',(1.,0.));
#2649 = ( GEOMETRIC_REPRESENTATION_CONTEXT(2) 
PARAMETRIC_REPRESENTATION_CONTEXT() REPRESENTATION_CONTEXT('2D SPACE',''
  ) );
#2650 = PCURVE('',#684,#2651);
#2651 = DEFINITIONAL_REPRESENTATION('',(#2652),#2678);
#2652 = B_SPLINE_CURVE_WITH_KNOTS('',3,(#2653,#2654,#2655,#2656,#2657,
    #2658,#2659,#2660,#2661,#2662,#2663,#2664,#2665,#2666,#2667,#2668,
    #2669,#2670,#2671,#2672,#2673,#2674,#2675,#2676,#2677),
  .UNSPECIFIED.,.F.,.F.,(4,1,1,1,1,1,1,1,1,1,1,1,1,1,1,1,1,1,1,1,1,1,4),
  (1.925284149384,2.008934117508,2.092584085632,2.176234053756,
    2.25988402188,2.343533990004,2.427183958128,2.510833926252,
    2.594483894376,2.6781338625,2.761783830623,2.845433798747,
    2.929083766871,3.012733734995,3.096383703119,3.180033671243,
    3.263683639367,3.347333607491,3.430983575615,3.514633543739,
    3.598283511863,3.681933479986,3.76558344811),.UNSPECIFIED.);
#2653 = CARTESIAN_POINT('',(3.294563352516E-03,1.));
#2654 = CARTESIAN_POINT('',(3.294563352516E-03,0.982481317561));
#2655 = CARTESIAN_POINT('',(3.294563352516E-03,0.94815965297));
#2656 = CARTESIAN_POINT('',(3.294563352516E-03,0.898560944627));
#2657 = CARTESIAN_POINT('',(3.294563352516E-03,0.850571263368));
#2658 = CARTESIAN_POINT('',(3.294563352516E-03,0.803955919738));
#2659 = CARTESIAN_POINT('',(3.294563352516E-03,0.758499697643));
#2660 = CARTESIAN_POINT('',(3.294563352516E-03,0.71400671616));
#2661 = CARTESIAN_POINT('',(3.294563352516E-03,0.670295686986));
#2662 = CARTESIAN_POINT('',(3.294563352516E-03,0.627197081857));
#2663 = CARTESIAN_POINT('',(3.294563352516E-03,0.584550303766));
#2664 = CARTESIAN_POINT('',(3.294563352516E-03,0.542201242009));
#2665 = CARTESIAN_POINT('',(3.294563352516E-03,0.5));
#2666 = CARTESIAN_POINT('',(3.294563352516E-03,0.457798757991));
#2667 = CARTESIAN_POINT('',(3.294563352516E-03,0.415449696234));
#2668 = CARTESIAN_POINT('',(3.294563352516E-03,0.372802918143));
#2669 = CARTESIAN_POINT('',(3.294563352516E-03,0.329704313013));
#2670 = CARTESIAN_POINT('',(3.294563352516E-03,0.28599328384));
#2671 = CARTESIAN_POINT('',(3.294563352516E-03,0.241500302357));
#2672 = CARTESIAN_POINT('',(3.294563352516E-03,0.196044080262));
#2673 = CARTESIAN_POINT('',(3.294563352516E-03,0.149428736632));
#2674 = CARTESIAN_POINT('',(3.294563352516E-03,0.101439055373));
#2675 = CARTESIAN_POINT('',(3.294563352516E-03,5.184034703005E-02));
#2676 = CARTESIAN_POINT('',(3.294563352516E-03,1.751868243884E-02));
#2677 = CARTESIAN_POINT('',(3.294563352516E-03,0.));
#2678 = ( GEOMETRIC_REPRESENTATION_CONTEXT(2) 
PARAMETRIC_REPRESENTATION_CONTEXT() REPRESENTATION_CONTEXT('2D SPACE',''
  ) );
#2679 = ORIENTED_EDGE('',*,*,#1976,.T.);
#2680 = ADVANCED_FACE('',(#2681),#684,.T.);
#2681 = FACE_BOUND('',#2682,.T.);
#2682 = EDGE_LOOP('',(#2683,#2749,#2750,#2751));
#2683 = ORIENTED_EDGE('',*,*,#2684,.T.);
#2684 = EDGE_CURVE('',#478,#2031,#2685,.T.);
#2685 = SURFACE_CURVE('',#2686,(#2691,#2720),.PCURVE_S1.);
#2686 = CIRCLE('',#2687,1.);
#2687 = AXIS2_PLACEMENT_3D('',#2688,#2689,#2690);
#2688 = CARTESIAN_POINT('',(-13.95156742505,-8.558428600721,
    -27.89314029462));
#2689 = DIRECTION('',(0.753537363421,-0.323828930747,-0.572115605048));
#2690 = DIRECTION('',(-0.604699441246,-3.211320098728E-14,
    -0.796453756195));
#2691 = PCURVE('',#684,#2692);
#2692 = DEFINITIONAL_REPRESENTATION('',(#2693),#2719);
#2693 = B_SPLINE_CURVE_WITH_KNOTS('',3,(#2694,#2695,#2696,#2697,#2698,
    #2699,#2700,#2701,#2702,#2703,#2704,#2705,#2706,#2707,#2708,#2709,
    #2710,#2711,#2712,#2713,#2714,#2715,#2716,#2717,#2718),
  .UNSPECIFIED.,.F.,.F.,(4,1,1,1,1,1,1,1,1,1,1,1,1,1,1,1,1,1,1,1,1,1,4),
  (0.,7.585665554703E-02,0.151713311094,0.227569966641,0.303426622188,
    0.379283277735,0.455139933282,0.530996588829,0.606853244376,
    0.682709899923,0.75856655547,0.834423211017,0.910279866564,
    0.986136522111,1.061993177658,1.137849833205,1.213706488752,
    1.2895631443,1.365419799847,1.441276455394,1.517133110941,
    1.592989766488,1.668846422035),.UNSPECIFIED.);
#2694 = CARTESIAN_POINT('',(4.534927984641E-03,0.));
#2695 = CARTESIAN_POINT('',(4.534927984641E-03,1.706214294137E-02));
#2696 = CARTESIAN_POINT('',(4.534927984641E-03,5.061935417188E-02));
#2697 = CARTESIAN_POINT('',(4.534927984641E-03,9.945301892056E-02));
#2698 = CARTESIAN_POINT('',(4.534927984641E-03,0.146990873831));
#2699 = CARTESIAN_POINT('',(4.534927984641E-03,0.193413814765));
#2700 = CARTESIAN_POINT('',(4.534927984641E-03,0.23889006419));
#2701 = CARTESIAN_POINT('',(4.534927984641E-03,0.283575176344));
#2702 = CARTESIAN_POINT('',(4.534927984641E-03,0.327615005986));
#2703 = CARTESIAN_POINT('',(4.534927984641E-03,0.371147523699));
#2704 = CARTESIAN_POINT('',(4.534927984641E-03,0.414304661606));
#2705 = CARTESIAN_POINT('',(4.534927984641E-03,0.45721394001));
#2706 = CARTESIAN_POINT('',(4.534927984641E-03,0.5));
#2707 = CARTESIAN_POINT('',(4.534927984641E-03,0.54278605999));
#2708 = CARTESIAN_POINT('',(4.534927984641E-03,0.585695338395));
#2709 = CARTESIAN_POINT('',(4.534927984641E-03,0.628852476301));
#2710 = CARTESIAN_POINT('',(4.534927984641E-03,0.672384994014));
#2711 = CARTESIAN_POINT('',(4.534927984641E-03,0.716424823656));
#2712 = CARTESIAN_POINT('',(4.534927984641E-03,0.76110993581));
#2713 = CARTESIAN_POINT('',(4.534927984641E-03,0.806586185236));
#2714 = CARTESIAN_POINT('',(4.534927984641E-03,0.853009126169));
#2715 = CARTESIAN_POINT('',(4.534927984641E-03,0.90054698108));
#2716 = CARTESIAN_POINT('',(4.534927984641E-03,0.949380645828));
#2717 = CARTESIAN_POINT('',(4.534927984641E-03,0.982937857059));
#2718 = CARTESIAN_POINT('',(4.534927984641E-03,1.));
#2719 = ( GEOMETRIC_REPRESENTATION_CONTEXT(2) 
PARAMETRIC_REPRESENTATION_CONTEXT() REPRESENTATION_CONTEXT('2D SPACE',''
  ) );
#2720 = PCURVE('',#307,#2721);
#2721 = DEFINITIONAL_REPRESENTATION('',(#2722),#2748);
#2722 = B_SPLINE_CURVE_WITH_KNOTS('',3,(#2723,#2724,#2725,#2726,#2727,
    #2728,#2729,#2730,#2731,#2732,#2733,#2734,#2735,#2736,#2737,#2738,
    #2739,#2740,#2741,#2742,#2743,#2744,#2745,#2746,#2747),
  .UNSPECIFIED.,.F.,.F.,(4,1,1,1,1,1,1,1,1,1,1,1,1,1,1,1,1,1,1,1,1,1,4),
  (0.,7.585665554703E-02,0.151713311094,0.227569966641,0.303426622188,
    0.379283277735,0.455139933282,0.530996588829,0.606853244376,
    0.682709899923,0.75856655547,0.834423211017,0.910279866564,
    0.986136522111,1.061993177658,1.137849833205,1.213706488752,
    1.2895631443,1.365419799847,1.441276455394,1.517133110941,
    1.592989766488,1.668846422035),.UNSPECIFIED.);
#2723 = CARTESIAN_POINT('',(3.594318728521E-04,1.));
#2724 = CARTESIAN_POINT('',(3.594318728521E-04,0.982937857059));
#2725 = CARTESIAN_POINT('',(3.594318728521E-04,0.949380645828));
#2726 = CARTESIAN_POINT('',(3.594318728521E-04,0.900546981079));
#2727 = CARTESIAN_POINT('',(3.594318728521E-04,0.853009126169));
#2728 = CARTESIAN_POINT('',(3.594318728521E-04,0.806586185235));
#2729 = CARTESIAN_POINT('',(3.594318728521E-04,0.76110993581));
#2730 = CARTESIAN_POINT('',(3.594318728521E-04,0.716424823656));
#2731 = CARTESIAN_POINT('',(3.594318728521E-04,0.672384994014));
#2732 = CARTESIAN_POINT('',(3.594318728521E-04,0.628852476301));
#2733 = CARTESIAN_POINT('',(3.594318728521E-04,0.585695338394));
#2734 = CARTESIAN_POINT('',(3.594318728521E-04,0.54278605999));
#2735 = CARTESIAN_POINT('',(3.594318728521E-04,0.5));
#2736 = CARTESIAN_POINT('',(3.594318728521E-04,0.45721394001));
#2737 = CARTESIAN_POINT('',(3.594318728521E-04,0.414304661606));
#2738 = CARTESIAN_POINT('',(3.594318728521E-04,0.371147523699));
#2739 = CARTESIAN_POINT('',(3.594318728521E-04,0.327615005986));
#2740 = CARTESIAN_POINT('',(3.594318728521E-04,0.283575176344));
#2741 = CARTESIAN_POINT('',(3.594318728521E-04,0.23889006419));
#2742 = CARTESIAN_POINT('',(3.594318728521E-04,0.193413814765));
#2743 = CARTESIAN_POINT('',(3.594318728521E-04,0.146990873831));
#2744 = CARTESIAN_POINT('',(3.594318728521E-04,9.945301892054E-02));
#2745 = CARTESIAN_POINT('',(3.594318728521E-04,5.061935417187E-02));
#2746 = CARTESIAN_POINT('',(3.594318728521E-04,1.706214294136E-02));
#2747 = CARTESIAN_POINT('',(3.594318728521E-04,0.));
#2748 = ( GEOMETRIC_REPRESENTATION_CONTEXT(2) 
PARAMETRIC_REPRESENTATION_CONTEXT() REPRESENTATION_CONTEXT('2D SPACE',''
  ) );
#2749 = ORIENTED_EDGE('',*,*,#2030,.F.);
#2750 = ORIENTED_EDGE('',*,*,#2636,.T.);
#2751 = ORIENTED_EDGE('',*,*,#548,.F.);
#2752 = ADVANCED_FACE('',(#2753),#307,.T.);
#2753 = FACE_BOUND('',#2754,.T.);
#2754 = EDGE_LOOP('',(#2755,#2756,#2825,#2826));
#2755 = ORIENTED_EDGE('',*,*,#291,.T.);
#2756 = ORIENTED_EDGE('',*,*,#2757,.F.);
#2757 = EDGE_CURVE('',#2031,#214,#2758,.T.);
#2758 = SURFACE_CURVE('',#2759,(#2767,#2796),.PCURVE_S1.);
#2759 = B_SPLINE_CURVE_WITH_KNOTS('',3,(#2760,#2761,#2762,#2763,#2764,
    #2765,#2766),.UNSPECIFIED.,.F.,.F.,(4,1,1,1,4),(0.,
    1.733868254652E-04,3.467736509305E-04,5.201604763957E-04,
    6.935473018609E-04),.UNSPECIFIED.);
#2760 = CARTESIAN_POINT('',(-13.63569555555,-7.616857201442,
    -28.01005163761));
#2761 = CARTESIAN_POINT('',(-13.68368322859,-7.597345748195,
    -27.98256525129));
#2762 = CARTESIAN_POINT('',(-13.78052771459,-7.563364133553,
    -27.92738151236));
#2763 = CARTESIAN_POINT('',(-13.92838860578,-7.52698057303,
    -27.84413688683));
#2764 = CARTESIAN_POINT('',(-14.07889043866,-7.504988304552,
    -27.76057633697));
#2765 = CARTESIAN_POINT('',(-14.18105635808,-7.5,-27.70475769959));
#2766 = CARTESIAN_POINT('',(-14.23262586188,-7.5,-27.67684529948));
#2767 = PCURVE('',#307,#2768);
#2768 = DEFINITIONAL_REPRESENTATION('',(#2769),#2795);
#2769 = B_SPLINE_CURVE_WITH_KNOTS('',3,(#2770,#2771,#2772,#2773,#2774,
    #2775,#2776,#2777,#2778,#2779,#2780,#2781,#2782,#2783,#2784,#2785,
    #2786,#2787,#2788,#2789,#2790,#2791,#2792,#2793,#2794),
  .UNSPECIFIED.,.F.,.F.,(4,1,1,1,1,1,1,1,1,1,1,1,1,1,1,1,1,1,1,1,1,1,4),
  (0.,3.152487735732E-05,6.304975471463E-05,9.457463207195E-05,
    1.260995094293E-04,1.576243867866E-04,1.891492641439E-04,
    2.206741415012E-04,2.521990188585E-04,2.837238962158E-04,
    3.152487735732E-04,3.467736509305E-04,3.782985282878E-04,
    4.098234056451E-04,4.413482830024E-04,4.728731603597E-04,
    5.043980377171E-04,5.359229150744E-04,5.674477924317E-04,
    5.98972669789E-04,6.304975471463E-04,6.620224245036E-04,
    6.935473018609E-04),.UNSPECIFIED.);
#2770 = CARTESIAN_POINT('',(3.594318728521E-04,0.));
#2771 = CARTESIAN_POINT('',(3.540301993979E-04,8.374963123219E-11));
#2772 = CARTESIAN_POINT('',(3.432234327862E-04,2.905089908283E-10));
#2773 = CARTESIAN_POINT('',(3.270027991045E-04,1.958552739121E-09));
#2774 = CARTESIAN_POINT('',(3.107714583991E-04,7.288123648414E-09));
#2775 = CARTESIAN_POINT('',(2.945291825286E-04,1.486060104972E-08));
#2776 = CARTESIAN_POINT('',(2.782757423111E-04,2.176536610235E-08));
#2777 = CARTESIAN_POINT('',(2.620109008074E-04,1.823462723392E-08));
#2778 = CARTESIAN_POINT('',(2.457344637793E-04,1.366728469195E-08));
#2779 = CARTESIAN_POINT('',(2.294461697534E-04,1.324379441164E-08));
#2780 = CARTESIAN_POINT('',(2.131457604806E-04,1.761839649635E-08));
#2781 = CARTESIAN_POINT('',(1.968329736081E-04,2.467781937819E-08));
#2782 = CARTESIAN_POINT('',(1.805075438649E-04,2.656795988638E-08));
#2783 = CARTESIAN_POINT('',(1.641692102538E-04,1.7811336841E-08));
#2784 = CARTESIAN_POINT('',(1.478176581234E-04,1.32048221867E-08));
#2785 = CARTESIAN_POINT('',(1.314525616065E-04,1.455314445707E-08));
#2786 = CARTESIAN_POINT('',(1.150735946852E-04,2.069291111264E-08));
#2787 = CARTESIAN_POINT('',(9.868042767348E-05,2.619831959692E-08));
#2788 = CARTESIAN_POINT('',(8.227273834083E-05,1.331089787413E-08));
#2789 = CARTESIAN_POINT('',(6.585018141087E-05,-6.561151555457E-09));
#2790 = CARTESIAN_POINT('',(4.941233030439E-05,-1.863933921152E-08));
#2791 = CARTESIAN_POINT('',(3.295876821824E-05,-1.848824765614E-08));
#2792 = CARTESIAN_POINT('',(1.648907364818E-05,-7.25168816258E-09));
#2793 = CARTESIAN_POINT('',(5.498243432439E-06,-1.11434768124E-09));
#2794 = CARTESIAN_POINT('',(1.409462824231E-18,0.));
#2795 = ( GEOMETRIC_REPRESENTATION_CONTEXT(2) 
PARAMETRIC_REPRESENTATION_CONTEXT() REPRESENTATION_CONTEXT('2D SPACE',''
  ) );
#2796 = PCURVE('',#171,#2797);
#2797 = DEFINITIONAL_REPRESENTATION('',(#2798),#2824);
#2798 = B_SPLINE_CURVE_WITH_KNOTS('',3,(#2799,#2800,#2801,#2802,#2803,
    #2804,#2805,#2806,#2807,#2808,#2809,#2810,#2811,#2812,#2813,#2814,
    #2815,#2816,#2817,#2818,#2819,#2820,#2821,#2822,#2823),
  .UNSPECIFIED.,.F.,.F.,(4,1,1,1,1,1,1,1,1,1,1,1,1,1,1,1,1,1,1,1,1,1,4),
  (0.,3.152487735732E-05,6.304975471463E-05,9.457463207195E-05,
    1.260995094293E-04,1.576243867866E-04,1.891492641439E-04,
    2.206741415012E-04,2.521990188585E-04,2.837238962158E-04,
    3.152487735732E-04,3.467736509305E-04,3.782985282878E-04,
    4.098234056451E-04,4.413482830024E-04,4.728731603597E-04,
    5.043980377171E-04,5.359229150744E-04,5.674477924317E-04,
    5.98972669789E-04,6.304975471463E-04,6.620224245036E-04,
    6.935473018609E-04),.UNSPECIFIED.);
#2799 = CARTESIAN_POINT('',(1.925284149384,1.227265776106));
#2800 = CARTESIAN_POINT('',(1.924832754012,1.232532095893));
#2801 = CARTESIAN_POINT('',(1.923923590233,1.243049450471));
#2802 = CARTESIAN_POINT('',(1.922540392101,1.258783772174));
#2803 = CARTESIAN_POINT('',(1.921137413302,1.274480545797));
#2804 = CARTESIAN_POINT('',(1.919714307577,1.290143872992));
#2805 = CARTESIAN_POINT('',(1.918270716771,1.305777804694));
#2806 = CARTESIAN_POINT('',(1.916806265739,1.321386341998));
#2807 = CARTESIAN_POINT('',(1.915320574881,1.336973376674));
#2808 = CARTESIAN_POINT('',(1.913813259295,1.352542739832));
#2809 = CARTESIAN_POINT('',(1.912283915233,1.368098262596));
#2810 = CARTESIAN_POINT('',(1.910732122092,1.383643755349));
#2811 = CARTESIAN_POINT('',(1.909157440781,1.399183007452));
#2812 = CARTESIAN_POINT('',(1.907559412956,1.414719775534));
#2813 = CARTESIAN_POINT('',(1.905937587795,1.430257820337));
#2814 = CARTESIAN_POINT('',(1.904291493619,1.445800927635));
#2815 = CARTESIAN_POINT('',(1.902620636243,1.461352896324));
#2816 = CARTESIAN_POINT('',(1.900924499561,1.476917538869));
#2817 = CARTESIAN_POINT('',(1.899202537596,1.492498657879));
#2818 = CARTESIAN_POINT('',(1.897454203122,1.508100118993));
#2819 = CARTESIAN_POINT('',(1.895678947187,1.523725899626));
#2820 = CARTESIAN_POINT('',(1.893876186498,1.539380017047));
#2821 = CARTESIAN_POINT('',(1.8920453126,1.555066532943));
#2822 = CARTESIAN_POINT('',(1.890805552626,1.565548550246));
#2823 = CARTESIAN_POINT('',(1.8901807716,1.570796326795));
#2824 = ( GEOMETRIC_REPRESENTATION_CONTEXT(2) 
PARAMETRIC_REPRESENTATION_CONTEXT() REPRESENTATION_CONTEXT('2D SPACE',''
  ) );
#2825 = ORIENTED_EDGE('',*,*,#2684,.F.);
#2826 = ORIENTED_EDGE('',*,*,#477,.F.);
#2827 = ADVANCED_FACE('',(#2828),#171,.T.);
#2828 = FACE_BOUND('',#2829,.T.);
#2829 = EDGE_LOOP('',(#2830,#2831,#2832,#2833,#2834));
#2830 = ORIENTED_EDGE('',*,*,#2257,.F.);
#2831 = ORIENTED_EDGE('',*,*,#2757,.T.);
#2832 = ORIENTED_EDGE('',*,*,#213,.F.);
#2833 = ORIENTED_EDGE('',*,*,#155,.T.);
#2834 = ORIENTED_EDGE('',*,*,#1906,.T.);
#2835 = ADVANCED_FACE('',(#2836),#143,.F.);
#2836 = FACE_BOUND('',#2837,.F.);
#2837 = EDGE_LOOP('',(#2838,#2839,#2860,#2861));
#2838 = ORIENTED_EDGE('',*,*,#1627,.F.);
#2839 = ORIENTED_EDGE('',*,*,#2840,.F.);
#2840 = EDGE_CURVE('',#22,#1628,#2841,.T.);
#2841 = SURFACE_CURVE('',#2842,(#2846,#2853),.PCURVE_S1.);
#2842 = LINE('',#2843,#2844);
#2843 = CARTESIAN_POINT('',(-20.,-10.64382424038,0.));
#2844 = VECTOR('',#2845,1.);
#2845 = DIRECTION('',(-1.836970198721E-16,-1.,0.));
#2846 = PCURVE('',#143,#2847);
#2847 = DEFINITIONAL_REPRESENTATION('',(#2848),#2852);
#2848 = LINE('',#2849,#2850);
#2849 = CARTESIAN_POINT('',(1.841410898959,-10.64382424038));
#2850 = VECTOR('',#2851,1.);
#2851 = DIRECTION('',(0.,-1.));
#2852 = ( GEOMETRIC_REPRESENTATION_CONTEXT(2) 
PARAMETRIC_REPRESENTATION_CONTEXT() REPRESENTATION_CONTEXT('2D SPACE',''
  ) );
#2853 = PCURVE('',#101,#2854);
#2854 = DEFINITIONAL_REPRESENTATION('',(#2855),#2859);
#2855 = LINE('',#2856,#2857);
#2856 = CARTESIAN_POINT('',(20.,9.35617575962));
#2857 = VECTOR('',#2858,1.);
#2858 = DIRECTION('',(-1.836970198721E-16,-1.));
#2859 = ( GEOMETRIC_REPRESENTATION_CONTEXT(2) 
PARAMETRIC_REPRESENTATION_CONTEXT() REPRESENTATION_CONTEXT('2D SPACE',''
  ) );
#2860 = ORIENTED_EDGE('',*,*,#126,.F.);
#2861 = ORIENTED_EDGE('',*,*,#1928,.T.);
#2862 = ADVANCED_FACE('',(#2863,#3073,#3083),#101,.F.);
#2863 = FACE_BOUND('',#2864,.T.);
#2864 = EDGE_LOOP('',(#2865,#2895,#2923,#2983,#3047));
#2865 = ORIENTED_EDGE('',*,*,#2866,.T.);
#2866 = EDGE_CURVE('',#2867,#2869,#2871,.T.);
#2867 = VERTEX_POINT('',#2868);
#2868 = CARTESIAN_POINT('',(-38.559331724,-12.5,2.168404344971E-15));
#2869 = VERTEX_POINT('',#2870);
#2870 = CARTESIAN_POINT('',(-38.559331724,-7.5,0.));
#2871 = SURFACE_CURVE('',#2872,(#2876,#2883),.PCURVE_S1.);
#2872 = LINE('',#2873,#2874);
#2873 = CARTESIAN_POINT('',(-38.559331724,-20.,0.));
#2874 = VECTOR('',#2875,1.);
#2875 = DIRECTION('',(-1.723191837022E-16,1.,0.));
#2876 = PCURVE('',#101,#2877);
#2877 = DEFINITIONAL_REPRESENTATION('',(#2878),#2882);
#2878 = LINE('',#2879,#2880);
#2879 = CARTESIAN_POINT('',(1.440668276,0.));
#2880 = VECTOR('',#2881,1.);
#2881 = DIRECTION('',(-1.723191837022E-16,1.));
#2882 = ( GEOMETRIC_REPRESENTATION_CONTEXT(2) 
PARAMETRIC_REPRESENTATION_CONTEXT() REPRESENTATION_CONTEXT('2D SPACE',''
  ) );
#2883 = PCURVE('',#2884,#2889);
#2884 = PLANE('',#2885);
#2885 = AXIS2_PLACEMENT_3D('',#2886,#2887,#2888);
#2886 = CARTESIAN_POINT('',(-39.50135480402,-9.546803672759,
    -1.469449475955));
#2887 = DIRECTION('',(0.841861363754,1.450688629928E-16,-0.539693843042)
  );
#2888 = DIRECTION('',(-0.539693843042,-4.930380657631E-32,
    -0.841861363754));
#2889 = DEFINITIONAL_REPRESENTATION('',(#2890),#2894);
#2890 = LINE('',#2891,#2892);
#2891 = CARTESIAN_POINT('',(-1.745476796086,-10.45319632724));
#2892 = VECTOR('',#2893,1.);
#2893 = DIRECTION('',(9.299960248214E-17,1.));
#2894 = ( GEOMETRIC_REPRESENTATION_CONTEXT(2) 
PARAMETRIC_REPRESENTATION_CONTEXT() REPRESENTATION_CONTEXT('2D SPACE',''
  ) );
#2895 = ORIENTED_EDGE('',*,*,#2896,.T.);
#2896 = EDGE_CURVE('',#2869,#2897,#2899,.T.);
#2897 = VERTEX_POINT('',#2898);
#2898 = CARTESIAN_POINT('',(-38.56605509315,-7.5,0.));
#2899 = SURFACE_CURVE('',#2900,(#2904,#2911),.PCURVE_S1.);
#2900 = LINE('',#2901,#2902);
#2901 = CARTESIAN_POINT('',(-40.,-7.5,0.));
#2902 = VECTOR('',#2903,1.);
#2903 = DIRECTION('',(-1.,0.,0.));
#2904 = PCURVE('',#101,#2905);
#2905 = DEFINITIONAL_REPRESENTATION('',(#2906),#2910);
#2906 = LINE('',#2907,#2908);
#2907 = CARTESIAN_POINT('',(0.,12.5));
#2908 = VECTOR('',#2909,1.);
#2909 = DIRECTION('',(-1.,0.));
#2910 = ( GEOMETRIC_REPRESENTATION_CONTEXT(2) 
PARAMETRIC_REPRESENTATION_CONTEXT() REPRESENTATION_CONTEXT('2D SPACE',''
  ) );
#2911 = PCURVE('',#2912,#2917);
#2912 = PLANE('',#2913);
#2913 = AXIS2_PLACEMENT_3D('',#2914,#2915,#2916);
#2914 = CARTESIAN_POINT('',(0.,-7.5,-36.19241528213));
#2915 = DIRECTION('',(0.,1.,0.));
#2916 = DIRECTION('',(0.,0.,1.));
#2917 = DEFINITIONAL_REPRESENTATION('',(#2918),#2922);
#2918 = LINE('',#2919,#2920);
#2919 = CARTESIAN_POINT('',(36.19241528213,-40.));
#2920 = VECTOR('',#2921,1.);
#2921 = DIRECTION('',(0.,-1.));
#2922 = ( GEOMETRIC_REPRESENTATION_CONTEXT(2) 
PARAMETRIC_REPRESENTATION_CONTEXT() REPRESENTATION_CONTEXT('2D SPACE',''
  ) );
#2923 = ORIENTED_EDGE('',*,*,#2924,.T.);
#2924 = EDGE_CURVE('',#2897,#2925,#2927,.T.);
#2925 = VERTEX_POINT('',#2926);
#2926 = CARTESIAN_POINT('',(-40.64594181495,-10.00000000001,0.));
#2927 = SURFACE_CURVE('',#2928,(#2937,#2949),.PCURVE_S1.);
#2928 = B_SPLINE_CURVE_WITH_KNOTS('',3,(#2929,#2930,#2931,#2932,#2933,
    #2934,#2935,#2936),.UNSPECIFIED.,.F.,.F.,(4,2,2,4),(0.,
    1.650966196636E-03,2.476449294954E-03,3.301932393272E-03),
  .UNSPECIFIED.);
#2929 = CARTESIAN_POINT('',(-38.56605509315,-7.5,0.));
#2930 = CARTESIAN_POINT('',(-39.03727071821,-7.7974030534,0.));
#2931 = CARTESIAN_POINT('',(-39.45684297316,-8.153628690736,0.));
#2932 = CARTESIAN_POINT('',(-39.99555754825,-8.791211821789,0.));
#2933 = CARTESIAN_POINT('',(-40.15632482781,-9.017618774063,0.));
#2934 = CARTESIAN_POINT('',(-40.43368465732,-9.491112549347,0.));
#2935 = CARTESIAN_POINT('',(-40.55128855532,-9.739317610264,0.));
#2936 = CARTESIAN_POINT('',(-40.64594181496,-10.,0.));
#2937 = PCURVE('',#101,#2938);
#2938 = DEFINITIONAL_REPRESENTATION('',(#2939),#2948);
#2939 = B_SPLINE_CURVE_WITH_KNOTS('',3,(#2940,#2941,#2942,#2943,#2944,
    #2945,#2946,#2947),.UNSPECIFIED.,.F.,.F.,(4,2,2,4),(0.,
    1.650966196636E-03,2.476449294954E-03,3.301932393272E-03),
  .UNSPECIFIED.);
#2940 = CARTESIAN_POINT('',(1.43394490685,12.5));
#2941 = CARTESIAN_POINT('',(0.96272928179,12.2025969466));
#2942 = CARTESIAN_POINT('',(0.54315702684,11.846371309264));
#2943 = CARTESIAN_POINT('',(4.442451750002E-03,11.208788178211));
#2944 = CARTESIAN_POINT('',(-0.15632482781,10.982381225937));
#2945 = CARTESIAN_POINT('',(-0.43368465732,10.508887450653));
#2946 = CARTESIAN_POINT('',(-0.55128855532,10.260682389736));
#2947 = CARTESIAN_POINT('',(-0.64594181496,10.));
#2948 = ( GEOMETRIC_REPRESENTATION_CONTEXT(2) 
PARAMETRIC_REPRESENTATION_CONTEXT() REPRESENTATION_CONTEXT('2D SPACE',''
  ) );
#2949 = PCURVE('',#2950,#2955);
#2950 = TOROIDAL_SURFACE('',#2951,23.2491612,5.);
#2951 = AXIS2_PLACEMENT_3D('',#2952,#2953,#2954);
#2952 = CARTESIAN_POINT('',(-16.87042206108,-11.4718245144,
    -14.84158068366));
#2953 = DIRECTION('',(0.,1.,0.));
#2954 = DIRECTION('',(0.,0.,1.));
#2955 = DEFINITIONAL_REPRESENTATION('',(#2956),#2982);
#2956 = B_SPLINE_CURVE_WITH_KNOTS('',3,(#2957,#2958,#2959,#2960,#2961,
    #2962,#2963,#2964,#2965,#2966,#2967,#2968,#2969,#2970,#2971,#2972,
    #2973,#2974,#2975,#2976,#2977,#2978,#2979,#2980,#2981),
  .UNSPECIFIED.,.F.,.F.,(4,1,1,1,1,1,1,1,1,1,1,1,1,1,1,1,1,1,1,1,1,1,4),
  (0.,1.500878360578E-04,3.001756721156E-04,4.502635081734E-04,
    6.003513442312E-04,7.504391802891E-04,9.005270163469E-04,
    1.050614852405E-03,1.200702688462E-03,1.35079052452E-03,
    1.500878360578E-03,1.650966196636E-03,1.801054032694E-03,
    1.951141868752E-03,2.101229704809E-03,2.251317540867E-03,
    2.401405376925E-03,2.551493212983E-03,2.701581049041E-03,
    2.851668885098E-03,3.001756721156E-03,3.151844557214E-03,
    3.301932393272E-03),.UNSPECIFIED.);
#2957 = CARTESIAN_POINT('',(5.312351288703,0.91796134026));
#2958 = CARTESIAN_POINT('',(5.31143116772,0.909059428339));
#2959 = CARTESIAN_POINT('',(5.309616677171,0.891239165693));
#2960 = CARTESIAN_POINT('',(5.306971533057,0.864441971217));
#2961 = CARTESIAN_POINT('',(5.304402306627,0.837560914227));
#2962 = CARTESIAN_POINT('',(5.301908364028,0.810577455388));
#2963 = CARTESIAN_POINT('',(5.29948909667,0.783472167699));
#2964 = CARTESIAN_POINT('',(5.297143930624,0.756224745143));
#2965 = CARTESIAN_POINT('',(5.294872305357,0.728813878334));
#2966 = CARTESIAN_POINT('',(5.292673750812,0.701218281331));
#2967 = CARTESIAN_POINT('',(5.290547601829,0.673413292328));
#2968 = CARTESIAN_POINT('',(5.288494064878,0.645384081785));
#2969 = CARTESIAN_POINT('',(5.286510238266,0.617076920765));
#2970 = CARTESIAN_POINT('',(5.284604966226,0.588581675539));
#2971 = CARTESIAN_POINT('',(5.282788423404,0.560022291254));
#2972 = CARTESIAN_POINT('',(5.281059075415,0.531378553746));
#2973 = CARTESIAN_POINT('',(5.279418600879,0.502669403095));
#2974 = CARTESIAN_POINT('',(5.277867681768,0.473899770371));
#2975 = CARTESIAN_POINT('',(5.276407945969,0.445088981879));
#2976 = CARTESIAN_POINT('',(5.275035413679,0.416164233959));
#2977 = CARTESIAN_POINT('',(5.27375064497,0.38710343534));
#2978 = CARTESIAN_POINT('',(5.272553799647,0.357879377439));
#2979 = CARTESIAN_POINT('',(5.27144520942,0.328465028427));
#2980 = CARTESIAN_POINT('',(5.270765238337,0.308709689233));
#2981 = CARTESIAN_POINT('',(5.27044008592,0.298790911887));
#2982 = ( GEOMETRIC_REPRESENTATION_CONTEXT(2) 
PARAMETRIC_REPRESENTATION_CONTEXT() REPRESENTATION_CONTEXT('2D SPACE',''
  ) );
#2983 = ORIENTED_EDGE('',*,*,#2984,.T.);
#2984 = EDGE_CURVE('',#2925,#2985,#2987,.T.);
#2985 = VERTEX_POINT('',#2986);
#2986 = CARTESIAN_POINT('',(-38.56605509315,-12.5,0.));
#2987 = SURFACE_CURVE('',#2988,(#2999,#3013),.PCURVE_S1.);
#2988 = B_SPLINE_CURVE_WITH_KNOTS('',3,(#2989,#2990,#2991,#2992,#2993,
    #2994,#2995,#2996,#2997,#2998),.UNSPECIFIED.,.F.,.F.,(4,2,2,2,4),(
    1.494746397505E-03,2.317393266645E-03,3.140040135784E-03,
    3.962687004923E-03,4.785333874063E-03),.UNSPECIFIED.);
#2989 = CARTESIAN_POINT('',(-40.64594181495,-10.00000000001,0.));
#2990 = CARTESIAN_POINT('',(-40.550978419,-10.26153652914,0.));
#2991 = CARTESIAN_POINT('',(-40.43302338078,-10.51022574414,0.));
#2992 = CARTESIAN_POINT('',(-40.15515891946,-10.98416082217,0.));
#2993 = CARTESIAN_POINT('',(-39.99382966281,-11.21094372673,0.));
#2994 = CARTESIAN_POINT('',(-39.63647233112,-11.63366408433,0.));
#2995 = CARTESIAN_POINT('',(-39.44210191336,-11.82827421671,0.));
#2996 = CARTESIAN_POINT('',(-39.02484048219,-12.18705037915,0.));
#2997 = CARTESIAN_POINT('',(-38.80094621992,-12.35175080238,0.));
#2998 = CARTESIAN_POINT('',(-38.56605509315,-12.5,0.));
#2999 = PCURVE('',#101,#3000);
#3000 = DEFINITIONAL_REPRESENTATION('',(#3001),#3012);
#3001 = B_SPLINE_CURVE_WITH_KNOTS('',3,(#3002,#3003,#3004,#3005,#3006,
    #3007,#3008,#3009,#3010,#3011),.UNSPECIFIED.,.F.,.F.,(4,2,2,2,4),(
    1.494746397505E-03,2.317393266645E-03,3.140040135784E-03,
    3.962687004923E-03,4.785333874063E-03),.UNSPECIFIED.);
#3002 = CARTESIAN_POINT('',(-0.64594181495,9.99999999999));
#3003 = CARTESIAN_POINT('',(-0.550978419,9.73846347086));
#3004 = CARTESIAN_POINT('',(-0.43302338078,9.48977425586));
#3005 = CARTESIAN_POINT('',(-0.15515891946,9.01583917783));
#3006 = CARTESIAN_POINT('',(6.170337189999E-03,8.78905627327));
#3007 = CARTESIAN_POINT('',(0.36352766888,8.36633591567));
#3008 = CARTESIAN_POINT('',(0.55789808664,8.17172578329));
#3009 = CARTESIAN_POINT('',(0.97515951781,7.81294962085));
#3010 = CARTESIAN_POINT('',(1.19905378008,7.64824919762));
#3011 = CARTESIAN_POINT('',(1.43394490685,7.5));
#3012 = ( GEOMETRIC_REPRESENTATION_CONTEXT(2) 
PARAMETRIC_REPRESENTATION_CONTEXT() REPRESENTATION_CONTEXT('2D SPACE',''
  ) );
#3013 = PCURVE('',#3014,#3019);
#3014 = TOROIDAL_SURFACE('',#3015,23.2491612,5.);
#3015 = AXIS2_PLACEMENT_3D('',#3016,#3017,#3018);
#3016 = CARTESIAN_POINT('',(-16.87042206108,-8.528175485596,
    -14.84158068366));
#3017 = DIRECTION('',(0.,-1.,0.));
#3018 = DIRECTION('',(0.,0.,-1.));
#3019 = DEFINITIONAL_REPRESENTATION('',(#3020),#3046);
#3020 = B_SPLINE_CURVE_WITH_KNOTS('',3,(#3021,#3022,#3023,#3024,#3025,
    #3026,#3027,#3028,#3029,#3030,#3031,#3032,#3033,#3034,#3035,#3036,
    #3037,#3038,#3039,#3040,#3041,#3042,#3043,#3044,#3045),
  .UNSPECIFIED.,.F.,.F.,(4,1,1,1,1,1,1,1,1,1,1,1,1,1,1,1,1,1,1,1,1,1,4),
  (1.494746397505E-03,1.64431855553E-03,1.793890713556E-03,
    1.943462871581E-03,2.093035029606E-03,2.242607187632E-03,
    2.392179345657E-03,2.541751503683E-03,2.691323661708E-03,
    2.840895819733E-03,2.990467977759E-03,3.140040135784E-03,
    3.289612293809E-03,3.439184451835E-03,3.58875660986E-03,
    3.738328767885E-03,3.887900925911E-03,4.037473083936E-03,
    4.187045241962E-03,4.336617399987E-03,4.486189558012E-03,
    4.635761716038E-03,4.785333874063E-03),.UNSPECIFIED.);
#3021 = CARTESIAN_POINT('',(4.15433787485,0.298790911892));
#3022 = CARTESIAN_POINT('',(4.154011657175,0.308742184083));
#3023 = CARTESIAN_POINT('',(4.153329497246,0.328557987682));
#3024 = CARTESIAN_POINT('',(4.152217542146,0.358050084137));
#3025 = CARTESIAN_POINT('',(4.151017341404,0.387339612281));
#3026 = CARTESIAN_POINT('',(4.149729325953,0.416454117448));
#3027 = CARTESIAN_POINT('',(4.148353733355,0.445421543311));
#3028 = CARTESIAN_POINT('',(4.146891289632,0.47426359417));
#3029 = CARTESIAN_POINT('',(4.145336827643,0.503070299969));
#3030 = CARTESIAN_POINT('',(4.143693473446,0.531802931635));
#3031 = CARTESIAN_POINT('',(4.141963186362,0.560440305676));
#3032 = CARTESIAN_POINT('',(4.140148587515,0.58895170914));
#3033 = CARTESIAN_POINT('',(4.138250822166,0.617323497267));
#3034 = CARTESIAN_POINT('',(4.136276328199,0.645481560977));
#3035 = CARTESIAN_POINT('',(4.134229061952,0.673403057751));
#3036 = CARTESIAN_POINT('',(4.132107690156,0.701124633911));
#3037 = CARTESIAN_POINT('',(4.129912285186,0.728665865858));
#3038 = CARTESIAN_POINT('',(4.127642423305,0.756050264954));
#3039 = CARTESIAN_POINT('',(4.125298101297,0.783297116334));
#3040 = CARTESIAN_POINT('',(4.122875155017,0.810457678686));
#3041 = CARTESIAN_POINT('',(4.120375993735,0.837515605128));
#3042 = CARTESIAN_POINT('',(4.117802204747,0.864463187759));
#3043 = CARTESIAN_POINT('',(4.1151556449,0.89128977908));
#3044 = CARTESIAN_POINT('',(4.113344001133,0.909086581597));
#3045 = CARTESIAN_POINT('',(4.112426672066,0.917961340261));
#3046 = ( GEOMETRIC_REPRESENTATION_CONTEXT(2) 
PARAMETRIC_REPRESENTATION_CONTEXT() REPRESENTATION_CONTEXT('2D SPACE',''
  ) );
#3047 = ORIENTED_EDGE('',*,*,#3048,.T.);
#3048 = EDGE_CURVE('',#2985,#2867,#3049,.T.);
#3049 = SURFACE_CURVE('',#3050,(#3054,#3061),.PCURVE_S1.);
#3050 = LINE('',#3051,#3052);
#3051 = CARTESIAN_POINT('',(-40.,-12.5,0.));
#3052 = VECTOR('',#3053,1.);
#3053 = DIRECTION('',(1.,0.,0.));
#3054 = PCURVE('',#101,#3055);
#3055 = DEFINITIONAL_REPRESENTATION('',(#3056),#3060);
#3056 = LINE('',#3057,#3058);
#3057 = CARTESIAN_POINT('',(0.,7.5));
#3058 = VECTOR('',#3059,1.);
#3059 = DIRECTION('',(1.,0.));
#3060 = ( GEOMETRIC_REPRESENTATION_CONTEXT(2) 
PARAMETRIC_REPRESENTATION_CONTEXT() REPRESENTATION_CONTEXT('2D SPACE',''
  ) );
#3061 = PCURVE('',#3062,#3067);
#3062 = PLANE('',#3063);
#3063 = AXIS2_PLACEMENT_3D('',#3064,#3065,#3066);
#3064 = CARTESIAN_POINT('',(0.,-12.5,-35.85365800433));
#3065 = DIRECTION('',(0.,-1.,0.));
#3066 = DIRECTION('',(0.,0.,-1.));
#3067 = DEFINITIONAL_REPRESENTATION('',(#3068),#3072);
#3068 = LINE('',#3069,#3070);
#3069 = CARTESIAN_POINT('',(-35.85365800433,-40.));
#3070 = VECTOR('',#3071,1.);
#3071 = DIRECTION('',(0.,1.));
#3072 = ( GEOMETRIC_REPRESENTATION_CONTEXT(2) 
PARAMETRIC_REPRESENTATION_CONTEXT() REPRESENTATION_CONTEXT('2D SPACE',''
  ) );
#3073 = FACE_BOUND('',#3074,.T.);
#3074 = EDGE_LOOP('',(#3075,#3076,#3077,#3078,#3079,#3080,#3081,#3082));
#3075 = ORIENTED_EDGE('',*,*,#453,.T.);
#3076 = ORIENTED_EDGE('',*,*,#1386,.T.);
#3077 = ORIENTED_EDGE('',*,*,#1521,.T.);
#3078 = ORIENTED_EDGE('',*,*,#1651,.T.);
#3079 = ORIENTED_EDGE('',*,*,#2840,.F.);
#3080 = ORIENTED_EDGE('',*,*,#21,.T.);
#3081 = ORIENTED_EDGE('',*,*,#266,.F.);
#3082 = ORIENTED_EDGE('',*,*,#396,.T.);
#3083 = FACE_BOUND('',#3084,.T.);
#3084 = EDGE_LOOP('',(#3085,#3115,#3143,#3171));
#3085 = ORIENTED_EDGE('',*,*,#3086,.T.);
#3086 = EDGE_CURVE('',#3087,#3089,#3091,.T.);
#3087 = VERTEX_POINT('',#3088);
#3088 = CARTESIAN_POINT('',(-100.,0.,0.));
#3089 = VERTEX_POINT('',#3090);
#3090 = CARTESIAN_POINT('',(0.,0.,0.));
#3091 = SURFACE_CURVE('',#3092,(#3096,#3103),.PCURVE_S1.);
#3092 = LINE('',#3093,#3094);
#3093 = CARTESIAN_POINT('',(-40.,0.,0.));
#3094 = VECTOR('',#3095,1.);
#3095 = DIRECTION('',(1.,0.,0.));
#3096 = PCURVE('',#101,#3097);
#3097 = DEFINITIONAL_REPRESENTATION('',(#3098),#3102);
#3098 = LINE('',#3099,#3100);
#3099 = CARTESIAN_POINT('',(0.,20.));
#3100 = VECTOR('',#3101,1.);
#3101 = DIRECTION('',(1.,0.));
#3102 = ( GEOMETRIC_REPRESENTATION_CONTEXT(2) 
PARAMETRIC_REPRESENTATION_CONTEXT() REPRESENTATION_CONTEXT('2D SPACE',''
  ) );
#3103 = PCURVE('',#3104,#3109);
#3104 = PLANE('',#3105);
#3105 = AXIS2_PLACEMENT_3D('',#3106,#3107,#3108);
#3106 = CARTESIAN_POINT('',(-50.,0.,37.5));
#3107 = DIRECTION('',(0.,-1.,0.));
#3108 = DIRECTION('',(1.,0.,0.));
#3109 = DEFINITIONAL_REPRESENTATION('',(#3110),#3114);
#3110 = LINE('',#3111,#3112);
#3111 = CARTESIAN_POINT('',(10.,-37.5));
#3112 = VECTOR('',#3113,1.);
#3113 = DIRECTION('',(1.,0.));
#3114 = ( GEOMETRIC_REPRESENTATION_CONTEXT(2) 
PARAMETRIC_REPRESENTATION_CONTEXT() REPRESENTATION_CONTEXT('2D SPACE',''
  ) );
#3115 = ORIENTED_EDGE('',*,*,#3116,.F.);
#3116 = EDGE_CURVE('',#3117,#3089,#3119,.T.);
#3117 = VERTEX_POINT('',#3118);
#3118 = CARTESIAN_POINT('',(0.,-20.,0.));
#3119 = SURFACE_CURVE('',#3120,(#3124,#3131),.PCURVE_S1.);
#3120 = LINE('',#3121,#3122);
#3121 = CARTESIAN_POINT('',(0.,-20.,0.));
#3122 = VECTOR('',#3123,1.);
#3123 = DIRECTION('',(0.,1.,0.));
#3124 = PCURVE('',#101,#3125);
#3125 = DEFINITIONAL_REPRESENTATION('',(#3126),#3130);
#3126 = LINE('',#3127,#3128);
#3127 = CARTESIAN_POINT('',(40.,0.));
#3128 = VECTOR('',#3129,1.);
#3129 = DIRECTION('',(0.,1.));
#3130 = ( GEOMETRIC_REPRESENTATION_CONTEXT(2) 
PARAMETRIC_REPRESENTATION_CONTEXT() REPRESENTATION_CONTEXT('2D SPACE',''
  ) );
#3131 = PCURVE('',#3132,#3137);
#3132 = PLANE('',#3133);
#3133 = AXIS2_PLACEMENT_3D('',#3134,#3135,#3136);
#3134 = CARTESIAN_POINT('',(0.,-10.,0.));
#3135 = DIRECTION('',(1.,0.,0.));
#3136 = DIRECTION('',(0.,1.,0.));
#3137 = DEFINITIONAL_REPRESENTATION('',(#3138),#3142);
#3138 = LINE('',#3139,#3140);
#3139 = CARTESIAN_POINT('',(-10.,0.));
#3140 = VECTOR('',#3141,1.);
#3141 = DIRECTION('',(1.,0.));
#3142 = ( GEOMETRIC_REPRESENTATION_CONTEXT(2) 
PARAMETRIC_REPRESENTATION_CONTEXT() REPRESENTATION_CONTEXT('2D SPACE',''
  ) );
#3143 = ORIENTED_EDGE('',*,*,#3144,.F.);
#3144 = EDGE_CURVE('',#3145,#3117,#3147,.T.);
#3145 = VERTEX_POINT('',#3146);
#3146 = CARTESIAN_POINT('',(-100.,-20.,0.));
#3147 = SURFACE_CURVE('',#3148,(#3152,#3159),.PCURVE_S1.);
#3148 = LINE('',#3149,#3150);
#3149 = CARTESIAN_POINT('',(-40.,-20.,0.));
#3150 = VECTOR('',#3151,1.);
#3151 = DIRECTION('',(1.,0.,0.));
#3152 = PCURVE('',#101,#3153);
#3153 = DEFINITIONAL_REPRESENTATION('',(#3154),#3158);
#3154 = LINE('',#3155,#3156);
#3155 = CARTESIAN_POINT('',(0.,0.));
#3156 = VECTOR('',#3157,1.);
#3157 = DIRECTION('',(1.,0.));
#3158 = ( GEOMETRIC_REPRESENTATION_CONTEXT(2) 
PARAMETRIC_REPRESENTATION_CONTEXT() REPRESENTATION_CONTEXT('2D SPACE',''
  ) );
#3159 = PCURVE('',#3160,#3165);
#3160 = PLANE('',#3161);
#3161 = AXIS2_PLACEMENT_3D('',#3162,#3163,#3164);
#3162 = CARTESIAN_POINT('',(-50.,-20.,37.5));
#3163 = DIRECTION('',(0.,-1.,0.));
#3164 = DIRECTION('',(1.,0.,0.));
#3165 = DEFINITIONAL_REPRESENTATION('',(#3166),#3170);
#3166 = LINE('',#3167,#3168);
#3167 = CARTESIAN_POINT('',(10.,-37.5));
#3168 = VECTOR('',#3169,1.);
#3169 = DIRECTION('',(1.,0.));
#3170 = ( GEOMETRIC_REPRESENTATION_CONTEXT(2) 
PARAMETRIC_REPRESENTATION_CONTEXT() REPRESENTATION_CONTEXT('2D SPACE',''
  ) );
#3171 = ORIENTED_EDGE('',*,*,#3172,.T.);
#3172 = EDGE_CURVE('',#3145,#3087,#3173,.T.);
#3173 = SURFACE_CURVE('',#3174,(#3178,#3185),.PCURVE_S1.);
#3174 = LINE('',#3175,#3176);
#3175 = CARTESIAN_POINT('',(-100.,-20.,0.));
#3176 = VECTOR('',#3177,1.);
#3177 = DIRECTION('',(0.,1.,0.));
#3178 = PCURVE('',#101,#3179);
#3179 = DEFINITIONAL_REPRESENTATION('',(#3180),#3184);
#3180 = LINE('',#3181,#3182);
#3181 = CARTESIAN_POINT('',(-60.,0.));
#3182 = VECTOR('',#3183,1.);
#3183 = DIRECTION('',(0.,1.));
#3184 = ( GEOMETRIC_REPRESENTATION_CONTEXT(2) 
PARAMETRIC_REPRESENTATION_CONTEXT() REPRESENTATION_CONTEXT('2D SPACE',''
  ) );
#3185 = PCURVE('',#3186,#3191);
#3186 = PLANE('',#3187);
#3187 = AXIS2_PLACEMENT_3D('',#3188,#3189,#3190);
#3188 = CARTESIAN_POINT('',(-100.,-20.,10.));
#3189 = DIRECTION('',(1.,0.,1.224646799147E-16));
#3190 = DIRECTION('',(1.224646799147E-16,0.,-1.));
#3191 = DEFINITIONAL_REPRESENTATION('',(#3192),#3196);
#3192 = LINE('',#3193,#3194);
#3193 = CARTESIAN_POINT('',(10.,0.));
#3194 = VECTOR('',#3195,1.);
#3195 = DIRECTION('',(0.,1.));
#3196 = ( GEOMETRIC_REPRESENTATION_CONTEXT(2) 
PARAMETRIC_REPRESENTATION_CONTEXT() REPRESENTATION_CONTEXT('2D SPACE',''
  ) );
#3197 = ADVANCED_FACE('',(#3198),#3186,.F.);
#3198 = FACE_BOUND('',#3199,.T.);
#3199 = EDGE_LOOP('',(#3200,#3223,#3224,#3247));
#3200 = ORIENTED_EDGE('',*,*,#3201,.T.);
#3201 = EDGE_CURVE('',#3202,#3087,#3204,.T.);
#3202 = VERTEX_POINT('',#3203);
#3203 = CARTESIAN_POINT('',(-100.,0.,20.));
#3204 = SURFACE_CURVE('',#3205,(#3209,#3216),.PCURVE_S1.);
#3205 = LINE('',#3206,#3207);
#3206 = CARTESIAN_POINT('',(-100.,0.,10.));
#3207 = VECTOR('',#3208,1.);
#3208 = DIRECTION('',(1.224646799147E-16,0.,-1.));
#3209 = PCURVE('',#3186,#3210);
#3210 = DEFINITIONAL_REPRESENTATION('',(#3211),#3215);
#3211 = LINE('',#3212,#3213);
#3212 = CARTESIAN_POINT('',(0.,20.));
#3213 = VECTOR('',#3214,1.);
#3214 = DIRECTION('',(1.,0.));
#3215 = ( GEOMETRIC_REPRESENTATION_CONTEXT(2) 
PARAMETRIC_REPRESENTATION_CONTEXT() REPRESENTATION_CONTEXT('2D SPACE',''
  ) );
#3216 = PCURVE('',#3104,#3217);
#3217 = DEFINITIONAL_REPRESENTATION('',(#3218),#3222);
#3218 = LINE('',#3219,#3220);
#3219 = CARTESIAN_POINT('',(-50.,-27.5));
#3220 = VECTOR('',#3221,1.);
#3221 = DIRECTION('',(1.224646799147E-16,-1.));
#3222 = ( GEOMETRIC_REPRESENTATION_CONTEXT(2) 
PARAMETRIC_REPRESENTATION_CONTEXT() REPRESENTATION_CONTEXT('2D SPACE',''
  ) );
#3223 = ORIENTED_EDGE('',*,*,#3172,.F.);
#3224 = ORIENTED_EDGE('',*,*,#3225,.F.);
#3225 = EDGE_CURVE('',#3226,#3145,#3228,.T.);
#3226 = VERTEX_POINT('',#3227);
#3227 = CARTESIAN_POINT('',(-100.,-20.,20.));
#3228 = SURFACE_CURVE('',#3229,(#3233,#3240),.PCURVE_S1.);
#3229 = LINE('',#3230,#3231);
#3230 = CARTESIAN_POINT('',(-100.,-20.,10.));
#3231 = VECTOR('',#3232,1.);
#3232 = DIRECTION('',(1.224646799147E-16,0.,-1.));
#3233 = PCURVE('',#3186,#3234);
#3234 = DEFINITIONAL_REPRESENTATION('',(#3235),#3239);
#3235 = LINE('',#3236,#3237);
#3236 = CARTESIAN_POINT('',(0.,0.));
#3237 = VECTOR('',#3238,1.);
#3238 = DIRECTION('',(1.,0.));
#3239 = ( GEOMETRIC_REPRESENTATION_CONTEXT(2) 
PARAMETRIC_REPRESENTATION_CONTEXT() REPRESENTATION_CONTEXT('2D SPACE',''
  ) );
#3240 = PCURVE('',#3160,#3241);
#3241 = DEFINITIONAL_REPRESENTATION('',(#3242),#3246);
#3242 = LINE('',#3243,#3244);
#3243 = CARTESIAN_POINT('',(-50.,-27.5));
#3244 = VECTOR('',#3245,1.);
#3245 = DIRECTION('',(1.224646799147E-16,-1.));
#3246 = ( GEOMETRIC_REPRESENTATION_CONTEXT(2) 
PARAMETRIC_REPRESENTATION_CONTEXT() REPRESENTATION_CONTEXT('2D SPACE',''
  ) );
#3247 = ORIENTED_EDGE('',*,*,#3248,.T.);
#3248 = EDGE_CURVE('',#3226,#3202,#3249,.T.);
#3249 = SURFACE_CURVE('',#3250,(#3254,#3261),.PCURVE_S1.);
#3250 = LINE('',#3251,#3252);
#3251 = CARTESIAN_POINT('',(-100.,-20.,20.));
#3252 = VECTOR('',#3253,1.);
#3253 = DIRECTION('',(0.,1.,0.));
#3254 = PCURVE('',#3186,#3255);
#3255 = DEFINITIONAL_REPRESENTATION('',(#3256),#3260);
#3256 = LINE('',#3257,#3258);
#3257 = CARTESIAN_POINT('',(-10.,0.));
#3258 = VECTOR('',#3259,1.);
#3259 = DIRECTION('',(0.,1.));
#3260 = ( GEOMETRIC_REPRESENTATION_CONTEXT(2) 
PARAMETRIC_REPRESENTATION_CONTEXT() REPRESENTATION_CONTEXT('2D SPACE',''
  ) );
#3261 = PCURVE('',#3262,#3267);
#3262 = PLANE('',#3263);
#3263 = AXIS2_PLACEMENT_3D('',#3264,#3265,#3266);
#3264 = CARTESIAN_POINT('',(-59.43279849262,-20.,47.889951036324));
#3265 = DIRECTION('',(0.566528822887,0.,-0.824041924199));
#3266 = DIRECTION('',(-0.824041924199,0.,-0.566528822887));
#3267 = DEFINITIONAL_REPRESENTATION('',(#3268),#3272);
#3268 = LINE('',#3269,#3270);
#3269 = CARTESIAN_POINT('',(49.229535920511,0.));
#3270 = VECTOR('',#3271,1.);
#3271 = DIRECTION('',(0.,1.));
#3272 = ( GEOMETRIC_REPRESENTATION_CONTEXT(2) 
PARAMETRIC_REPRESENTATION_CONTEXT() REPRESENTATION_CONTEXT('2D SPACE',''
  ) );
#3273 = ADVANCED_FACE('',(#3274),#3262,.F.);
#3274 = FACE_BOUND('',#3275,.T.);
#3275 = EDGE_LOOP('',(#3276,#3299,#3300,#3323));
#3276 = ORIENTED_EDGE('',*,*,#3277,.T.);
#3277 = EDGE_CURVE('',#3278,#3202,#3280,.T.);
#3278 = VERTEX_POINT('',#3279);
#3279 = CARTESIAN_POINT('',(-20.,0.,75.));
#3280 = SURFACE_CURVE('',#3281,(#3285,#3292),.PCURVE_S1.);
#3281 = LINE('',#3282,#3283);
#3282 = CARTESIAN_POINT('',(-59.43279849262,0.,47.889951036324));
#3283 = VECTOR('',#3284,1.);
#3284 = DIRECTION('',(-0.824041924199,0.,-0.566528822887));
#3285 = PCURVE('',#3262,#3286);
#3286 = DEFINITIONAL_REPRESENTATION('',(#3287),#3291);
#3287 = LINE('',#3288,#3289);
#3288 = CARTESIAN_POINT('',(0.,20.));
#3289 = VECTOR('',#3290,1.);
#3290 = DIRECTION('',(1.,0.));
#3291 = ( GEOMETRIC_REPRESENTATION_CONTEXT(2) 
PARAMETRIC_REPRESENTATION_CONTEXT() REPRESENTATION_CONTEXT('2D SPACE',''
  ) );
#3292 = PCURVE('',#3104,#3293);
#3293 = DEFINITIONAL_REPRESENTATION('',(#3294),#3298);
#3294 = LINE('',#3295,#3296);
#3295 = CARTESIAN_POINT('',(-9.43279849262,10.389951036324));
#3296 = VECTOR('',#3297,1.);
#3297 = DIRECTION('',(-0.824041924199,-0.566528822887));
#3298 = ( GEOMETRIC_REPRESENTATION_CONTEXT(2) 
PARAMETRIC_REPRESENTATION_CONTEXT() REPRESENTATION_CONTEXT('2D SPACE',''
  ) );
#3299 = ORIENTED_EDGE('',*,*,#3248,.F.);
#3300 = ORIENTED_EDGE('',*,*,#3301,.F.);
#3301 = EDGE_CURVE('',#3302,#3226,#3304,.T.);
#3302 = VERTEX_POINT('',#3303);
#3303 = CARTESIAN_POINT('',(-20.,-20.,75.));
#3304 = SURFACE_CURVE('',#3305,(#3309,#3316),.PCURVE_S1.);
#3305 = LINE('',#3306,#3307);
#3306 = CARTESIAN_POINT('',(-59.43279849262,-20.,47.889951036324));
#3307 = VECTOR('',#3308,1.);
#3308 = DIRECTION('',(-0.824041924199,0.,-0.566528822887));
#3309 = PCURVE('',#3262,#3310);
#3310 = DEFINITIONAL_REPRESENTATION('',(#3311),#3315);
#3311 = LINE('',#3312,#3313);
#3312 = CARTESIAN_POINT('',(0.,0.));
#3313 = VECTOR('',#3314,1.);
#3314 = DIRECTION('',(1.,0.));
#3315 = ( GEOMETRIC_REPRESENTATION_CONTEXT(2) 
PARAMETRIC_REPRESENTATION_CONTEXT() REPRESENTATION_CONTEXT('2D SPACE',''
  ) );
#3316 = PCURVE('',#3160,#3317);
#3317 = DEFINITIONAL_REPRESENTATION('',(#3318),#3322);
#3318 = LINE('',#3319,#3320);
#3319 = CARTESIAN_POINT('',(-9.43279849262,10.389951036324));
#3320 = VECTOR('',#3321,1.);
#3321 = DIRECTION('',(-0.824041924199,-0.566528822887));
#3322 = ( GEOMETRIC_REPRESENTATION_CONTEXT(2) 
PARAMETRIC_REPRESENTATION_CONTEXT() REPRESENTATION_CONTEXT('2D SPACE',''
  ) );
#3323 = ORIENTED_EDGE('',*,*,#3324,.T.);
#3324 = EDGE_CURVE('',#3302,#3278,#3325,.T.);
#3325 = SURFACE_CURVE('',#3326,(#3330,#3337),.PCURVE_S1.);
#3326 = LINE('',#3327,#3328);
#3327 = CARTESIAN_POINT('',(-20.,-20.,75.));
#3328 = VECTOR('',#3329,1.);
#3329 = DIRECTION('',(0.,1.,0.));
#3330 = PCURVE('',#3262,#3331);
#3331 = DEFINITIONAL_REPRESENTATION('',(#3332),#3336);
#3332 = LINE('',#3333,#3334);
#3333 = CARTESIAN_POINT('',(-47.85290327422,0.));
#3334 = VECTOR('',#3335,1.);
#3335 = DIRECTION('',(0.,1.));
#3336 = ( GEOMETRIC_REPRESENTATION_CONTEXT(2) 
PARAMETRIC_REPRESENTATION_CONTEXT() REPRESENTATION_CONTEXT('2D SPACE',''
  ) );
#3337 = PCURVE('',#3338,#3343);
#3338 = PLANE('',#3339);
#3339 = AXIS2_PLACEMENT_3D('',#3340,#3341,#3342);
#3340 = CARTESIAN_POINT('',(-10.84967277874,-20.,75.));
#3341 = DIRECTION('',(1.224646799147E-16,0.,-1.));
#3342 = DIRECTION('',(-1.,0.,-1.224646799147E-16));
#3343 = DEFINITIONAL_REPRESENTATION('',(#3344),#3348);
#3344 = LINE('',#3345,#3346);
#3345 = CARTESIAN_POINT('',(9.15032722126,0.));
#3346 = VECTOR('',#3347,1.);
#3347 = DIRECTION('',(0.,1.));
#3348 = ( GEOMETRIC_REPRESENTATION_CONTEXT(2) 
PARAMETRIC_REPRESENTATION_CONTEXT() REPRESENTATION_CONTEXT('2D SPACE',''
  ) );
#3349 = ADVANCED_FACE('',(#3350),#3338,.F.);
#3350 = FACE_BOUND('',#3351,.T.);
#3351 = EDGE_LOOP('',(#3352,#3382,#3410,#3438,#3459,#3460,#3483,#3511));
#3352 = ORIENTED_EDGE('',*,*,#3353,.T.);
#3353 = EDGE_CURVE('',#3354,#3356,#3358,.T.);
#3354 = VERTEX_POINT('',#3355);
#3355 = CARTESIAN_POINT('',(-15.,-17.5,75.));
#3356 = VERTEX_POINT('',#3357);
#3357 = CARTESIAN_POINT('',(-15.,-2.5,75.));
#3358 = SURFACE_CURVE('',#3359,(#3363,#3370),.PCURVE_S1.);
#3359 = LINE('',#3360,#3361);
#3360 = CARTESIAN_POINT('',(-15.,-20.,75.));
#3361 = VECTOR('',#3362,1.);
#3362 = DIRECTION('',(-3.061616997868E-16,1.,-3.749399456655E-32));
#3363 = PCURVE('',#3338,#3364);
#3364 = DEFINITIONAL_REPRESENTATION('',(#3365),#3369);
#3365 = LINE('',#3366,#3367);
#3366 = CARTESIAN_POINT('',(4.15032722126,0.));
#3367 = VECTOR('',#3368,1.);
#3368 = DIRECTION('',(3.061616997868E-16,1.));
#3369 = ( GEOMETRIC_REPRESENTATION_CONTEXT(2) 
PARAMETRIC_REPRESENTATION_CONTEXT() REPRESENTATION_CONTEXT('2D SPACE',''
  ) );
#3370 = PCURVE('',#3371,#3376);
#3371 = PLANE('',#3372);
#3372 = AXIS2_PLACEMENT_3D('',#3373,#3374,#3375);
#3373 = CARTESIAN_POINT('',(-15.,-13.06635951968,79.330343736593));
#3374 = DIRECTION('',(-1.,-3.061616997868E-16,0.));
#3375 = DIRECTION('',(3.061616997868E-16,-1.,0.));
#3376 = DEFINITIONAL_REPRESENTATION('',(#3377),#3381);
#3377 = LINE('',#3378,#3379);
#3378 = CARTESIAN_POINT('',(6.93364048032,-4.330343736593));
#3379 = VECTOR('',#3380,1.);
#3380 = DIRECTION('',(-1.,-3.749399456655E-32));
#3381 = ( GEOMETRIC_REPRESENTATION_CONTEXT(2) 
PARAMETRIC_REPRESENTATION_CONTEXT() REPRESENTATION_CONTEXT('2D SPACE',''
  ) );
#3382 = ORIENTED_EDGE('',*,*,#3383,.T.);
#3383 = EDGE_CURVE('',#3356,#3384,#3386,.T.);
#3384 = VERTEX_POINT('',#3385);
#3385 = CARTESIAN_POINT('',(0.,-2.5,75.));
#3386 = SURFACE_CURVE('',#3387,(#3391,#3398),.PCURVE_S1.);
#3387 = LINE('',#3388,#3389);
#3388 = CARTESIAN_POINT('',(-10.84967277874,-2.5,75.));
#3389 = VECTOR('',#3390,1.);
#3390 = DIRECTION('',(1.,1.224646799147E-16,1.224646799147E-16));
#3391 = PCURVE('',#3338,#3392);
#3392 = DEFINITIONAL_REPRESENTATION('',(#3393),#3397);
#3393 = LINE('',#3394,#3395);
#3394 = CARTESIAN_POINT('',(0.,17.5));
#3395 = VECTOR('',#3396,1.);
#3396 = DIRECTION('',(-1.,1.224646799147E-16));
#3397 = ( GEOMETRIC_REPRESENTATION_CONTEXT(2) 
PARAMETRIC_REPRESENTATION_CONTEXT() REPRESENTATION_CONTEXT('2D SPACE',''
  ) );
#3398 = PCURVE('',#3399,#3404);
#3399 = PLANE('',#3400);
#3400 = AXIS2_PLACEMENT_3D('',#3401,#3402,#3403);
#3401 = CARTESIAN_POINT('',(64.378033392131,-2.5,79.330343736593));
#3402 = DIRECTION('',(-1.224646799147E-16,1.,0.));
#3403 = DIRECTION('',(-1.,-1.224646799147E-16,0.));
#3404 = DEFINITIONAL_REPRESENTATION('',(#3405),#3409);
#3405 = LINE('',#3406,#3407);
#3406 = CARTESIAN_POINT('',(75.227706170871,-4.330343736593));
#3407 = VECTOR('',#3408,1.);
#3408 = DIRECTION('',(-1.,1.224646799147E-16));
#3409 = ( GEOMETRIC_REPRESENTATION_CONTEXT(2) 
PARAMETRIC_REPRESENTATION_CONTEXT() REPRESENTATION_CONTEXT('2D SPACE',''
  ) );
#3410 = ORIENTED_EDGE('',*,*,#3411,.T.);
#3411 = EDGE_CURVE('',#3384,#3412,#3414,.T.);
#3412 = VERTEX_POINT('',#3413);
#3413 = CARTESIAN_POINT('',(0.,0.,75.));
#3414 = SURFACE_CURVE('',#3415,(#3419,#3426),.PCURVE_S1.);
#3415 = LINE('',#3416,#3417);
#3416 = CARTESIAN_POINT('',(0.,-20.,75.));
#3417 = VECTOR('',#3418,1.);
#3418 = DIRECTION('',(0.,1.,0.));
#3419 = PCURVE('',#3338,#3420);
#3420 = DEFINITIONAL_REPRESENTATION('',(#3421),#3425);
#3421 = LINE('',#3422,#3423);
#3422 = CARTESIAN_POINT('',(-10.84967277874,0.));
#3423 = VECTOR('',#3424,1.);
#3424 = DIRECTION('',(0.,1.));
#3425 = ( GEOMETRIC_REPRESENTATION_CONTEXT(2) 
PARAMETRIC_REPRESENTATION_CONTEXT() REPRESENTATION_CONTEXT('2D SPACE',''
  ) );
#3426 = PCURVE('',#3427,#3432);
#3427 = PLANE('',#3428);
#3428 = AXIS2_PLACEMENT_3D('',#3429,#3430,#3431);
#3429 = CARTESIAN_POINT('',(0.,-20.,23.594770945124));
#3430 = DIRECTION('',(-1.,0.,0.));
#3431 = DIRECTION('',(0.,0.,1.));
#3432 = DEFINITIONAL_REPRESENTATION('',(#3433),#3437);
#3433 = LINE('',#3434,#3435);
#3434 = CARTESIAN_POINT('',(51.405229054876,0.));
#3435 = VECTOR('',#3436,1.);
#3436 = DIRECTION('',(0.,1.));
#3437 = ( GEOMETRIC_REPRESENTATION_CONTEXT(2) 
PARAMETRIC_REPRESENTATION_CONTEXT() REPRESENTATION_CONTEXT('2D SPACE',''
  ) );
#3438 = ORIENTED_EDGE('',*,*,#3439,.T.);
#3439 = EDGE_CURVE('',#3412,#3278,#3440,.T.);
#3440 = SURFACE_CURVE('',#3441,(#3445,#3452),.PCURVE_S1.);
#3441 = LINE('',#3442,#3443);
#3442 = CARTESIAN_POINT('',(-10.84967277874,0.,75.));
#3443 = VECTOR('',#3444,1.);
#3444 = DIRECTION('',(-1.,0.,-1.224646799147E-16));
#3445 = PCURVE('',#3338,#3446);
#3446 = DEFINITIONAL_REPRESENTATION('',(#3447),#3451);
#3447 = LINE('',#3448,#3449);
#3448 = CARTESIAN_POINT('',(0.,20.));
#3449 = VECTOR('',#3450,1.);
#3450 = DIRECTION('',(1.,0.));
#3451 = ( GEOMETRIC_REPRESENTATION_CONTEXT(2) 
PARAMETRIC_REPRESENTATION_CONTEXT() REPRESENTATION_CONTEXT('2D SPACE',''
  ) );
#3452 = PCURVE('',#3104,#3453);
#3453 = DEFINITIONAL_REPRESENTATION('',(#3454),#3458);
#3454 = LINE('',#3455,#3456);
#3455 = CARTESIAN_POINT('',(39.15032722126,37.5));
#3456 = VECTOR('',#3457,1.);
#3457 = DIRECTION('',(-1.,-1.224646799147E-16));
#3458 = ( GEOMETRIC_REPRESENTATION_CONTEXT(2) 
PARAMETRIC_REPRESENTATION_CONTEXT() REPRESENTATION_CONTEXT('2D SPACE',''
  ) );
#3459 = ORIENTED_EDGE('',*,*,#3324,.F.);
#3460 = ORIENTED_EDGE('',*,*,#3461,.F.);
#3461 = EDGE_CURVE('',#3462,#3302,#3464,.T.);
#3462 = VERTEX_POINT('',#3463);
#3463 = CARTESIAN_POINT('',(0.,-20.,75.));
#3464 = SURFACE_CURVE('',#3465,(#3469,#3476),.PCURVE_S1.);
#3465 = LINE('',#3466,#3467);
#3466 = CARTESIAN_POINT('',(-10.84967277874,-20.,75.));
#3467 = VECTOR('',#3468,1.);
#3468 = DIRECTION('',(-1.,0.,-1.224646799147E-16));
#3469 = PCURVE('',#3338,#3470);
#3470 = DEFINITIONAL_REPRESENTATION('',(#3471),#3475);
#3471 = LINE('',#3472,#3473);
#3472 = CARTESIAN_POINT('',(0.,0.));
#3473 = VECTOR('',#3474,1.);
#3474 = DIRECTION('',(1.,0.));
#3475 = ( GEOMETRIC_REPRESENTATION_CONTEXT(2) 
PARAMETRIC_REPRESENTATION_CONTEXT() REPRESENTATION_CONTEXT('2D SPACE',''
  ) );
#3476 = PCURVE('',#3160,#3477);
#3477 = DEFINITIONAL_REPRESENTATION('',(#3478),#3482);
#3478 = LINE('',#3479,#3480);
#3479 = CARTESIAN_POINT('',(39.15032722126,37.5));
#3480 = VECTOR('',#3481,1.);
#3481 = DIRECTION('',(-1.,-1.224646799147E-16));
#3482 = ( GEOMETRIC_REPRESENTATION_CONTEXT(2) 
PARAMETRIC_REPRESENTATION_CONTEXT() REPRESENTATION_CONTEXT('2D SPACE',''
  ) );
#3483 = ORIENTED_EDGE('',*,*,#3484,.T.);
#3484 = EDGE_CURVE('',#3462,#3485,#3487,.T.);
#3485 = VERTEX_POINT('',#3486);
#3486 = CARTESIAN_POINT('',(0.,-17.5,75.));
#3487 = SURFACE_CURVE('',#3488,(#3492,#3499),.PCURVE_S1.);
#3488 = LINE('',#3489,#3490);
#3489 = CARTESIAN_POINT('',(0.,-20.,75.));
#3490 = VECTOR('',#3491,1.);
#3491 = DIRECTION('',(0.,1.,0.));
#3492 = PCURVE('',#3338,#3493);
#3493 = DEFINITIONAL_REPRESENTATION('',(#3494),#3498);
#3494 = LINE('',#3495,#3496);
#3495 = CARTESIAN_POINT('',(-10.84967277874,0.));
#3496 = VECTOR('',#3497,1.);
#3497 = DIRECTION('',(0.,1.));
#3498 = ( GEOMETRIC_REPRESENTATION_CONTEXT(2) 
PARAMETRIC_REPRESENTATION_CONTEXT() REPRESENTATION_CONTEXT('2D SPACE',''
  ) );
#3499 = PCURVE('',#3500,#3505);
#3500 = PLANE('',#3501);
#3501 = AXIS2_PLACEMENT_3D('',#3502,#3503,#3504);
#3502 = CARTESIAN_POINT('',(0.,-20.,23.594770945124));
#3503 = DIRECTION('',(-1.,0.,0.));
#3504 = DIRECTION('',(0.,0.,1.));
#3505 = DEFINITIONAL_REPRESENTATION('',(#3506),#3510);
#3506 = LINE('',#3507,#3508);
#3507 = CARTESIAN_POINT('',(51.405229054876,0.));
#3508 = VECTOR('',#3509,1.);
#3509 = DIRECTION('',(0.,1.));
#3510 = ( GEOMETRIC_REPRESENTATION_CONTEXT(2) 
PARAMETRIC_REPRESENTATION_CONTEXT() REPRESENTATION_CONTEXT('2D SPACE',''
  ) );
#3511 = ORIENTED_EDGE('',*,*,#3512,.F.);
#3512 = EDGE_CURVE('',#3354,#3485,#3513,.T.);
#3513 = SURFACE_CURVE('',#3514,(#3518,#3525),.PCURVE_S1.);
#3514 = LINE('',#3515,#3516);
#3515 = CARTESIAN_POINT('',(-10.84967277874,-17.5,75.));
#3516 = VECTOR('',#3517,1.);
#3517 = DIRECTION('',(1.,1.224646799147E-16,1.224646799147E-16));
#3518 = PCURVE('',#3338,#3519);
#3519 = DEFINITIONAL_REPRESENTATION('',(#3520),#3524);
#3520 = LINE('',#3521,#3522);
#3521 = CARTESIAN_POINT('',(0.,2.5));
#3522 = VECTOR('',#3523,1.);
#3523 = DIRECTION('',(-1.,1.224646799147E-16));
#3524 = ( GEOMETRIC_REPRESENTATION_CONTEXT(2) 
PARAMETRIC_REPRESENTATION_CONTEXT() REPRESENTATION_CONTEXT('2D SPACE',''
  ) );
#3525 = PCURVE('',#3526,#3531);
#3526 = PLANE('',#3527);
#3527 = AXIS2_PLACEMENT_3D('',#3528,#3529,#3530);
#3528 = CARTESIAN_POINT('',(64.378033392131,-17.5,79.330343736593));
#3529 = DIRECTION('',(-1.224646799147E-16,1.,0.));
#3530 = DIRECTION('',(-1.,-1.224646799147E-16,0.));
#3531 = DEFINITIONAL_REPRESENTATION('',(#3532),#3536);
#3532 = LINE('',#3533,#3534);
#3533 = CARTESIAN_POINT('',(75.227706170871,-4.330343736593));
#3534 = VECTOR('',#3535,1.);
#3535 = DIRECTION('',(-1.,1.224646799147E-16));
#3536 = ( GEOMETRIC_REPRESENTATION_CONTEXT(2) 
PARAMETRIC_REPRESENTATION_CONTEXT() REPRESENTATION_CONTEXT('2D SPACE',''
  ) );
#3537 = ADVANCED_FACE('',(#3538),#3526,.F.);
#3538 = FACE_BOUND('',#3539,.T.);
#3539 = EDGE_LOOP('',(#3540,#3570,#3591,#3592,#3615,#3643,#3671,#3699,
    #3727,#3755,#3783,#3811,#3839,#3867,#3895,#3923,#3951,#3974,#4002,
    #4030,#4058,#4086,#4114,#4142,#4170,#4198,#4226,#4254,#4282,#4310,
    #4338,#4366,#4394,#4422,#4450,#4478,#4506,#4534,#4562,#4590,#4618,
    #4646,#4674,#4702,#4730,#4758,#4786,#4814,#4842,#4870,#4898,#4926,
    #4954,#4982,#5010,#5038,#5066,#5094,#5122,#5150,#5178,#5206,#5234));
#3540 = ORIENTED_EDGE('',*,*,#3541,.F.);
#3541 = EDGE_CURVE('',#3542,#3544,#3546,.T.);
#3542 = VERTEX_POINT('',#3543);
#3543 = CARTESIAN_POINT('',(-15.,-17.5,77.330343736593));
#3544 = VERTEX_POINT('',#3545);
#3545 = CARTESIAN_POINT('',(-10.,-17.5,77.330343736593));
#3546 = SURFACE_CURVE('',#3547,(#3551,#3558),.PCURVE_S1.);
#3547 = LINE('',#3548,#3549);
#3548 = CARTESIAN_POINT('',(64.378033392131,-17.5,77.330343736593));
#3549 = VECTOR('',#3550,1.);
#3550 = DIRECTION('',(1.,1.224646799147E-16,0.));
#3551 = PCURVE('',#3526,#3552);
#3552 = DEFINITIONAL_REPRESENTATION('',(#3553),#3557);
#3553 = LINE('',#3554,#3555);
#3554 = CARTESIAN_POINT('',(-0.,-2.));
#3555 = VECTOR('',#3556,1.);
#3556 = DIRECTION('',(-1.,0.));
#3557 = ( GEOMETRIC_REPRESENTATION_CONTEXT(2) 
PARAMETRIC_REPRESENTATION_CONTEXT() REPRESENTATION_CONTEXT('2D SPACE',''
  ) );
#3558 = PCURVE('',#3559,#3564);
#3559 = PLANE('',#3560);
#3560 = AXIS2_PLACEMENT_3D('',#3561,#3562,#3563);
#3561 = CARTESIAN_POINT('',(52.5,-10.,77.330343736593));
#3562 = DIRECTION('',(0.,0.,1.));
#3563 = DIRECTION('',(1.,0.,0.));
#3564 = DEFINITIONAL_REPRESENTATION('',(#3565),#3569);
#3565 = LINE('',#3566,#3567);
#3566 = CARTESIAN_POINT('',(11.878033392131,-7.5));
#3567 = VECTOR('',#3568,1.);
#3568 = DIRECTION('',(1.,1.224646799147E-16));
#3569 = ( GEOMETRIC_REPRESENTATION_CONTEXT(2) 
PARAMETRIC_REPRESENTATION_CONTEXT() REPRESENTATION_CONTEXT('2D SPACE',''
  ) );
#3570 = ORIENTED_EDGE('',*,*,#3571,.T.);
#3571 = EDGE_CURVE('',#3542,#3354,#3572,.T.);
#3572 = SURFACE_CURVE('',#3573,(#3577,#3584),.PCURVE_S1.);
#3573 = LINE('',#3574,#3575);
#3574 = CARTESIAN_POINT('',(-15.,-17.5,79.330343736593));
#3575 = VECTOR('',#3576,1.);
#3576 = DIRECTION('',(0.,0.,-1.));
#3577 = PCURVE('',#3526,#3578);
#3578 = DEFINITIONAL_REPRESENTATION('',(#3579),#3583);
#3579 = LINE('',#3580,#3581);
#3580 = CARTESIAN_POINT('',(79.378033392131,0.));
#3581 = VECTOR('',#3582,1.);
#3582 = DIRECTION('',(-0.,-1.));
#3583 = ( GEOMETRIC_REPRESENTATION_CONTEXT(2) 
PARAMETRIC_REPRESENTATION_CONTEXT() REPRESENTATION_CONTEXT('2D SPACE',''
  ) );
#3584 = PCURVE('',#3371,#3585);
#3585 = DEFINITIONAL_REPRESENTATION('',(#3586),#3590);
#3586 = LINE('',#3587,#3588);
#3587 = CARTESIAN_POINT('',(4.43364048032,0.));
#3588 = VECTOR('',#3589,1.);
#3589 = DIRECTION('',(0.,-1.));
#3590 = ( GEOMETRIC_REPRESENTATION_CONTEXT(2) 
PARAMETRIC_REPRESENTATION_CONTEXT() REPRESENTATION_CONTEXT('2D SPACE',''
  ) );
#3591 = ORIENTED_EDGE('',*,*,#3512,.T.);
#3592 = ORIENTED_EDGE('',*,*,#3593,.T.);
#3593 = EDGE_CURVE('',#3485,#3594,#3596,.T.);
#3594 = VERTEX_POINT('',#3595);
#3595 = CARTESIAN_POINT('',(0.,-17.5,74.624057782996));
#3596 = SURFACE_CURVE('',#3597,(#3601,#3608),.PCURVE_S1.);
#3597 = LINE('',#3598,#3599);
#3598 = CARTESIAN_POINT('',(0.,-17.5,23.594770945124));
#3599 = VECTOR('',#3600,1.);
#3600 = DIRECTION('',(0.,0.,-1.));
#3601 = PCURVE('',#3526,#3602);
#3602 = DEFINITIONAL_REPRESENTATION('',(#3603),#3607);
#3603 = LINE('',#3604,#3605);
#3604 = CARTESIAN_POINT('',(64.378033392131,-55.73557279146));
#3605 = VECTOR('',#3606,1.);
#3606 = DIRECTION('',(-0.,-1.));
#3607 = ( GEOMETRIC_REPRESENTATION_CONTEXT(2) 
PARAMETRIC_REPRESENTATION_CONTEXT() REPRESENTATION_CONTEXT('2D SPACE',''
  ) );
#3608 = PCURVE('',#3500,#3609);
#3609 = DEFINITIONAL_REPRESENTATION('',(#3610),#3614);
#3610 = LINE('',#3611,#3612);
#3611 = CARTESIAN_POINT('',(0.,2.5));
#3612 = VECTOR('',#3613,1.);
#3613 = DIRECTION('',(-1.,0.));
#3614 = ( GEOMETRIC_REPRESENTATION_CONTEXT(2) 
PARAMETRIC_REPRESENTATION_CONTEXT() REPRESENTATION_CONTEXT('2D SPACE',''
  ) );
#3615 = ORIENTED_EDGE('',*,*,#3616,.F.);
#3616 = EDGE_CURVE('',#3617,#3594,#3619,.T.);
#3617 = VERTEX_POINT('',#3618);
#3618 = CARTESIAN_POINT('',(10.,-17.5,74.624057782996));
#3619 = SURFACE_CURVE('',#3620,(#3624,#3631),.PCURVE_S1.);
#3620 = LINE('',#3621,#3622);
#3621 = CARTESIAN_POINT('',(10.,-17.5,74.624057782996));
#3622 = VECTOR('',#3623,1.);
#3623 = DIRECTION('',(-1.,0.,0.));
#3624 = PCURVE('',#3526,#3625);
#3625 = DEFINITIONAL_REPRESENTATION('',(#3626),#3630);
#3626 = LINE('',#3627,#3628);
#3627 = CARTESIAN_POINT('',(54.378033392131,-4.706285953597));
#3628 = VECTOR('',#3629,1.);
#3629 = DIRECTION('',(1.,0.));
#3630 = ( GEOMETRIC_REPRESENTATION_CONTEXT(2) 
PARAMETRIC_REPRESENTATION_CONTEXT() REPRESENTATION_CONTEXT('2D SPACE',''
  ) );
#3631 = PCURVE('',#3632,#3637);
#3632 = CYLINDRICAL_SURFACE('',#3633,75.);
#3633 = AXIS2_PLACEMENT_3D('',#3634,#3635,#3636);
#3634 = CARTESIAN_POINT('',(10.,-10.,0.));
#3635 = DIRECTION('',(1.,0.,0.));
#3636 = DIRECTION('',(0.,0.,1.));
#3637 = DEFINITIONAL_REPRESENTATION('',(#3638),#3642);
#3638 = LINE('',#3639,#3640);
#3639 = CARTESIAN_POINT('',(0.100167421162,0.));
#3640 = VECTOR('',#3641,1.);
#3641 = DIRECTION('',(0.,-1.));
#3642 = ( GEOMETRIC_REPRESENTATION_CONTEXT(2) 
PARAMETRIC_REPRESENTATION_CONTEXT() REPRESENTATION_CONTEXT('2D SPACE',''
  ) );
#3643 = ORIENTED_EDGE('',*,*,#3644,.F.);
#3644 = EDGE_CURVE('',#3645,#3617,#3647,.T.);
#3645 = VERTEX_POINT('',#3646);
#3646 = CARTESIAN_POINT('',(10.,-17.5,74.330343736592));
#3647 = SURFACE_CURVE('',#3648,(#3652,#3659),.PCURVE_S1.);
#3648 = LINE('',#3649,#3650);
#3649 = CARTESIAN_POINT('',(10.,-17.5,0.));
#3650 = VECTOR('',#3651,1.);
#3651 = DIRECTION('',(0.,0.,1.));
#3652 = PCURVE('',#3526,#3653);
#3653 = DEFINITIONAL_REPRESENTATION('',(#3654),#3658);
#3654 = LINE('',#3655,#3656);
#3655 = CARTESIAN_POINT('',(54.378033392131,-79.33034373659));
#3656 = VECTOR('',#3657,1.);
#3657 = DIRECTION('',(0.,1.));
#3658 = ( GEOMETRIC_REPRESENTATION_CONTEXT(2) 
PARAMETRIC_REPRESENTATION_CONTEXT() REPRESENTATION_CONTEXT('2D SPACE',''
  ) );
#3659 = PCURVE('',#3660,#3665);
#3660 = PLANE('',#3661);
#3661 = AXIS2_PLACEMENT_3D('',#3662,#3663,#3664);
#3662 = CARTESIAN_POINT('',(10.,-10.,0.));
#3663 = DIRECTION('',(1.,0.,0.));
#3664 = DIRECTION('',(0.,1.,0.));
#3665 = DEFINITIONAL_REPRESENTATION('',(#3666),#3670);
#3666 = LINE('',#3667,#3668);
#3667 = CARTESIAN_POINT('',(-7.5,0.));
#3668 = VECTOR('',#3669,1.);
#3669 = DIRECTION('',(0.,1.));
#3670 = ( GEOMETRIC_REPRESENTATION_CONTEXT(2) 
PARAMETRIC_REPRESENTATION_CONTEXT() REPRESENTATION_CONTEXT('2D SPACE',''
  ) );
#3671 = ORIENTED_EDGE('',*,*,#3672,.T.);
#3672 = EDGE_CURVE('',#3645,#3673,#3675,.T.);
#3673 = VERTEX_POINT('',#3674);
#3674 = CARTESIAN_POINT('',(115.,-17.5,74.330343736592));
#3675 = SURFACE_CURVE('',#3676,(#3680,#3687),.PCURVE_S1.);
#3676 = LINE('',#3677,#3678);
#3677 = CARTESIAN_POINT('',(125.,-17.5,74.330343736592));
#3678 = VECTOR('',#3679,1.);
#3679 = DIRECTION('',(1.,1.224646799147E-16,0.));
#3680 = PCURVE('',#3526,#3681);
#3681 = DEFINITIONAL_REPRESENTATION('',(#3682),#3686);
#3682 = LINE('',#3683,#3684);
#3683 = CARTESIAN_POINT('',(-60.62196660786,-5.000000000001));
#3684 = VECTOR('',#3685,1.);
#3685 = DIRECTION('',(-1.,0.));
#3686 = ( GEOMETRIC_REPRESENTATION_CONTEXT(2) 
PARAMETRIC_REPRESENTATION_CONTEXT() REPRESENTATION_CONTEXT('2D SPACE',''
  ) );
#3687 = PCURVE('',#3688,#3693);
#3688 = PLANE('',#3689);
#3689 = AXIS2_PLACEMENT_3D('',#3690,#3691,#3692);
#3690 = CARTESIAN_POINT('',(125.,-10.34917403012,74.330343736592));
#3691 = DIRECTION('',(0.,0.,-1.));
#3692 = DIRECTION('',(-1.,0.,0.));
#3693 = DEFINITIONAL_REPRESENTATION('',(#3694),#3698);
#3694 = LINE('',#3695,#3696);
#3695 = CARTESIAN_POINT('',(0.,-7.15082596988));
#3696 = VECTOR('',#3697,1.);
#3697 = DIRECTION('',(-1.,1.224646799147E-16));
#3698 = ( GEOMETRIC_REPRESENTATION_CONTEXT(2) 
PARAMETRIC_REPRESENTATION_CONTEXT() REPRESENTATION_CONTEXT('2D SPACE',''
  ) );
#3699 = ORIENTED_EDGE('',*,*,#3700,.T.);
#3700 = EDGE_CURVE('',#3673,#3701,#3703,.T.);
#3701 = VERTEX_POINT('',#3702);
#3702 = CARTESIAN_POINT('',(115.,-17.5,74.624057782996));
#3703 = SURFACE_CURVE('',#3704,(#3708,#3715),.PCURVE_S1.);
#3704 = LINE('',#3705,#3706);
#3705 = CARTESIAN_POINT('',(115.,-17.5,0.));
#3706 = VECTOR('',#3707,1.);
#3707 = DIRECTION('',(0.,0.,1.));
#3708 = PCURVE('',#3526,#3709);
#3709 = DEFINITIONAL_REPRESENTATION('',(#3710),#3714);
#3710 = LINE('',#3711,#3712);
#3711 = CARTESIAN_POINT('',(-50.62196660786,-79.33034373659));
#3712 = VECTOR('',#3713,1.);
#3713 = DIRECTION('',(0.,1.));
#3714 = ( GEOMETRIC_REPRESENTATION_CONTEXT(2) 
PARAMETRIC_REPRESENTATION_CONTEXT() REPRESENTATION_CONTEXT('2D SPACE',''
  ) );
#3715 = PCURVE('',#3716,#3721);
#3716 = PLANE('',#3717);
#3717 = AXIS2_PLACEMENT_3D('',#3718,#3719,#3720);
#3718 = CARTESIAN_POINT('',(115.,-10.,0.));
#3719 = DIRECTION('',(1.,0.,0.));
#3720 = DIRECTION('',(0.,1.,0.));
#3721 = DEFINITIONAL_REPRESENTATION('',(#3722),#3726);
#3722 = LINE('',#3723,#3724);
#3723 = CARTESIAN_POINT('',(-7.5,0.));
#3724 = VECTOR('',#3725,1.);
#3725 = DIRECTION('',(0.,1.));
#3726 = ( GEOMETRIC_REPRESENTATION_CONTEXT(2) 
PARAMETRIC_REPRESENTATION_CONTEXT() REPRESENTATION_CONTEXT('2D SPACE',''
  ) );
#3727 = ORIENTED_EDGE('',*,*,#3728,.T.);
#3728 = EDGE_CURVE('',#3701,#3729,#3731,.T.);
#3729 = VERTEX_POINT('',#3730);
#3730 = CARTESIAN_POINT('',(120.,-17.5,74.624057782996));
#3731 = SURFACE_CURVE('',#3732,(#3736,#3743),.PCURVE_S1.);
#3732 = LINE('',#3733,#3734);
#3733 = CARTESIAN_POINT('',(115.,-17.5,74.624057782996));
#3734 = VECTOR('',#3735,1.);
#3735 = DIRECTION('',(1.,0.,0.));
#3736 = PCURVE('',#3526,#3737);
#3737 = DEFINITIONAL_REPRESENTATION('',(#3738),#3742);
#3738 = LINE('',#3739,#3740);
#3739 = CARTESIAN_POINT('',(-50.62196660786,-4.706285953597));
#3740 = VECTOR('',#3741,1.);
#3741 = DIRECTION('',(-1.,0.));
#3742 = ( GEOMETRIC_REPRESENTATION_CONTEXT(2) 
PARAMETRIC_REPRESENTATION_CONTEXT() REPRESENTATION_CONTEXT('2D SPACE',''
  ) );
#3743 = PCURVE('',#3744,#3749);
#3744 = CYLINDRICAL_SURFACE('',#3745,75.);
#3745 = AXIS2_PLACEMENT_3D('',#3746,#3747,#3748);
#3746 = CARTESIAN_POINT('',(115.,-10.,0.));
#3747 = DIRECTION('',(-1.,-0.,-0.));
#3748 = DIRECTION('',(0.,0.,-1.));
#3749 = DEFINITIONAL_REPRESENTATION('',(#3750),#3754);
#3750 = LINE('',#3751,#3752);
#3751 = CARTESIAN_POINT('',(3.041425232428,0.));
#3752 = VECTOR('',#3753,1.);
#3753 = DIRECTION('',(0.,-1.));
#3754 = ( GEOMETRIC_REPRESENTATION_CONTEXT(2) 
PARAMETRIC_REPRESENTATION_CONTEXT() REPRESENTATION_CONTEXT('2D SPACE',''
  ) );
#3755 = ORIENTED_EDGE('',*,*,#3756,.F.);
#3756 = EDGE_CURVE('',#3757,#3729,#3759,.T.);
#3757 = VERTEX_POINT('',#3758);
#3758 = CARTESIAN_POINT('',(120.,-17.5,77.330343736593));
#3759 = SURFACE_CURVE('',#3760,(#3764,#3771),.PCURVE_S1.);
#3760 = LINE('',#3761,#3762);
#3761 = CARTESIAN_POINT('',(120.,-17.5,79.330343736593));
#3762 = VECTOR('',#3763,1.);
#3763 = DIRECTION('',(0.,0.,-1.));
#3764 = PCURVE('',#3526,#3765);
#3765 = DEFINITIONAL_REPRESENTATION('',(#3766),#3770);
#3766 = LINE('',#3767,#3768);
#3767 = CARTESIAN_POINT('',(-55.62196660786,0.));
#3768 = VECTOR('',#3769,1.);
#3769 = DIRECTION('',(-0.,-1.));
#3770 = ( GEOMETRIC_REPRESENTATION_CONTEXT(2) 
PARAMETRIC_REPRESENTATION_CONTEXT() REPRESENTATION_CONTEXT('2D SPACE',''
  ) );
#3771 = PCURVE('',#3772,#3777);
#3772 = PLANE('',#3773);
#3773 = AXIS2_PLACEMENT_3D('',#3774,#3775,#3776);
#3774 = CARTESIAN_POINT('',(120.,-13.06635951968,79.330343736593));
#3775 = DIRECTION('',(-1.,-3.061616997868E-16,0.));
#3776 = DIRECTION('',(3.061616997868E-16,-1.,0.));
#3777 = DEFINITIONAL_REPRESENTATION('',(#3778),#3782);
#3778 = LINE('',#3779,#3780);
#3779 = CARTESIAN_POINT('',(4.43364048032,0.));
#3780 = VECTOR('',#3781,1.);
#3781 = DIRECTION('',(0.,-1.));
#3782 = ( GEOMETRIC_REPRESENTATION_CONTEXT(2) 
PARAMETRIC_REPRESENTATION_CONTEXT() REPRESENTATION_CONTEXT('2D SPACE',''
  ) );
#3783 = ORIENTED_EDGE('',*,*,#3784,.F.);
#3784 = EDGE_CURVE('',#3785,#3757,#3787,.T.);
#3785 = VERTEX_POINT('',#3786);
#3786 = CARTESIAN_POINT('',(115.,-17.5,77.330343736593));
#3787 = SURFACE_CURVE('',#3788,(#3792,#3799),.PCURVE_S1.);
#3788 = LINE('',#3789,#3790);
#3789 = CARTESIAN_POINT('',(64.378033392131,-17.5,77.330343736593));
#3790 = VECTOR('',#3791,1.);
#3791 = DIRECTION('',(1.,1.224646799147E-16,0.));
#3792 = PCURVE('',#3526,#3793);
#3793 = DEFINITIONAL_REPRESENTATION('',(#3794),#3798);
#3794 = LINE('',#3795,#3796);
#3795 = CARTESIAN_POINT('',(-0.,-2.));
#3796 = VECTOR('',#3797,1.);
#3797 = DIRECTION('',(-1.,0.));
#3798 = ( GEOMETRIC_REPRESENTATION_CONTEXT(2) 
PARAMETRIC_REPRESENTATION_CONTEXT() REPRESENTATION_CONTEXT('2D SPACE',''
  ) );
#3799 = PCURVE('',#3800,#3805);
#3800 = PLANE('',#3801);
#3801 = AXIS2_PLACEMENT_3D('',#3802,#3803,#3804);
#3802 = CARTESIAN_POINT('',(52.5,-10.,77.330343736593));
#3803 = DIRECTION('',(0.,0.,1.));
#3804 = DIRECTION('',(1.,0.,0.));
#3805 = DEFINITIONAL_REPRESENTATION('',(#3806),#3810);
#3806 = LINE('',#3807,#3808);
#3807 = CARTESIAN_POINT('',(11.878033392131,-7.5));
#3808 = VECTOR('',#3809,1.);
#3809 = DIRECTION('',(1.,1.224646799147E-16));
#3810 = ( GEOMETRIC_REPRESENTATION_CONTEXT(2) 
PARAMETRIC_REPRESENTATION_CONTEXT() REPRESENTATION_CONTEXT('2D SPACE',''
  ) );
#3811 = ORIENTED_EDGE('',*,*,#3812,.T.);
#3812 = EDGE_CURVE('',#3785,#3813,#3815,.T.);
#3813 = VERTEX_POINT('',#3814);
#3814 = CARTESIAN_POINT('',(115.,-17.5,79.330343736593));
#3815 = SURFACE_CURVE('',#3816,(#3820,#3827),.PCURVE_S1.);
#3816 = LINE('',#3817,#3818);
#3817 = CARTESIAN_POINT('',(115.,-17.5,77.330343736593));
#3818 = VECTOR('',#3819,1.);
#3819 = DIRECTION('',(0.,0.,1.));
#3820 = PCURVE('',#3526,#3821);
#3821 = DEFINITIONAL_REPRESENTATION('',(#3822),#3826);
#3822 = LINE('',#3823,#3824);
#3823 = CARTESIAN_POINT('',(-50.62196660786,-2.));
#3824 = VECTOR('',#3825,1.);
#3825 = DIRECTION('',(0.,1.));
#3826 = ( GEOMETRIC_REPRESENTATION_CONTEXT(2) 
PARAMETRIC_REPRESENTATION_CONTEXT() REPRESENTATION_CONTEXT('2D SPACE',''
  ) );
#3827 = PCURVE('',#3828,#3833);
#3828 = PLANE('',#3829);
#3829 = AXIS2_PLACEMENT_3D('',#3830,#3831,#3832);
#3830 = CARTESIAN_POINT('',(115.,-10.,77.330343736593));
#3831 = DIRECTION('',(1.,1.836970198721E-16,0.));
#3832 = DIRECTION('',(-1.836970198721E-16,1.,0.));
#3833 = DEFINITIONAL_REPRESENTATION('',(#3834),#3838);
#3834 = LINE('',#3835,#3836);
#3835 = CARTESIAN_POINT('',(-7.5,0.));
#3836 = VECTOR('',#3837,1.);
#3837 = DIRECTION('',(0.,1.));
#3838 = ( GEOMETRIC_REPRESENTATION_CONTEXT(2) 
PARAMETRIC_REPRESENTATION_CONTEXT() REPRESENTATION_CONTEXT('2D SPACE',''
  ) );
#3839 = ORIENTED_EDGE('',*,*,#3840,.F.);
#3840 = EDGE_CURVE('',#3841,#3813,#3843,.T.);
#3841 = VERTEX_POINT('',#3842);
#3842 = CARTESIAN_POINT('',(110.,-17.5,79.330343736593));
#3843 = SURFACE_CURVE('',#3844,(#3848,#3855),.PCURVE_S1.);
#3844 = LINE('',#3845,#3846);
#3845 = CARTESIAN_POINT('',(64.378033392131,-17.5,79.330343736593));
#3846 = VECTOR('',#3847,1.);
#3847 = DIRECTION('',(1.,1.224646799147E-16,0.));
#3848 = PCURVE('',#3526,#3849);
#3849 = DEFINITIONAL_REPRESENTATION('',(#3850),#3854);
#3850 = LINE('',#3851,#3852);
#3851 = CARTESIAN_POINT('',(0.,0.));
#3852 = VECTOR('',#3853,1.);
#3853 = DIRECTION('',(-1.,0.));
#3854 = ( GEOMETRIC_REPRESENTATION_CONTEXT(2) 
PARAMETRIC_REPRESENTATION_CONTEXT() REPRESENTATION_CONTEXT('2D SPACE',''
  ) );
#3855 = PCURVE('',#3856,#3861);
#3856 = PLANE('',#3857);
#3857 = AXIS2_PLACEMENT_3D('',#3858,#3859,#3860);
#3858 = CARTESIAN_POINT('',(125.,-10.,79.330343736593));
#3859 = DIRECTION('',(0.,0.,1.));
#3860 = DIRECTION('',(1.,0.,0.));
#3861 = DEFINITIONAL_REPRESENTATION('',(#3862),#3866);
#3862 = LINE('',#3863,#3864);
#3863 = CARTESIAN_POINT('',(-60.62196660786,-7.5));
#3864 = VECTOR('',#3865,1.);
#3865 = DIRECTION('',(1.,1.224646799147E-16));
#3866 = ( GEOMETRIC_REPRESENTATION_CONTEXT(2) 
PARAMETRIC_REPRESENTATION_CONTEXT() REPRESENTATION_CONTEXT('2D SPACE',''
  ) );
#3867 = ORIENTED_EDGE('',*,*,#3868,.F.);
#3868 = EDGE_CURVE('',#3869,#3841,#3871,.T.);
#3869 = VERTEX_POINT('',#3870);
#3870 = CARTESIAN_POINT('',(110.,-17.5,77.330343736593));
#3871 = SURFACE_CURVE('',#3872,(#3876,#3883),.PCURVE_S1.);
#3872 = LINE('',#3873,#3874);
#3873 = CARTESIAN_POINT('',(110.,-17.5,77.330343736593));
#3874 = VECTOR('',#3875,1.);
#3875 = DIRECTION('',(0.,0.,1.));
#3876 = PCURVE('',#3526,#3877);
#3877 = DEFINITIONAL_REPRESENTATION('',(#3878),#3882);
#3878 = LINE('',#3879,#3880);
#3879 = CARTESIAN_POINT('',(-45.62196660786,-2.));
#3880 = VECTOR('',#3881,1.);
#3881 = DIRECTION('',(0.,1.));
#3882 = ( GEOMETRIC_REPRESENTATION_CONTEXT(2) 
PARAMETRIC_REPRESENTATION_CONTEXT() REPRESENTATION_CONTEXT('2D SPACE',''
  ) );
#3883 = PCURVE('',#3884,#3889);
#3884 = PLANE('',#3885);
#3885 = AXIS2_PLACEMENT_3D('',#3886,#3887,#3888);
#3886 = CARTESIAN_POINT('',(110.,-10.,77.330343736593));
#3887 = DIRECTION('',(1.,1.836970198721E-16,0.));
#3888 = DIRECTION('',(-1.836970198721E-16,1.,0.));
#3889 = DEFINITIONAL_REPRESENTATION('',(#3890),#3894);
#3890 = LINE('',#3891,#3892);
#3891 = CARTESIAN_POINT('',(-7.5,0.));
#3892 = VECTOR('',#3893,1.);
#3893 = DIRECTION('',(0.,1.));
#3894 = ( GEOMETRIC_REPRESENTATION_CONTEXT(2) 
PARAMETRIC_REPRESENTATION_CONTEXT() REPRESENTATION_CONTEXT('2D SPACE',''
  ) );
#3895 = ORIENTED_EDGE('',*,*,#3896,.F.);
#3896 = EDGE_CURVE('',#3897,#3869,#3899,.T.);
#3897 = VERTEX_POINT('',#3898);
#3898 = CARTESIAN_POINT('',(105.,-17.5,77.330343736593));
#3899 = SURFACE_CURVE('',#3900,(#3904,#3911),.PCURVE_S1.);
#3900 = LINE('',#3901,#3902);
#3901 = CARTESIAN_POINT('',(64.378033392131,-17.5,77.330343736593));
#3902 = VECTOR('',#3903,1.);
#3903 = DIRECTION('',(1.,1.224646799147E-16,0.));
#3904 = PCURVE('',#3526,#3905);
#3905 = DEFINITIONAL_REPRESENTATION('',(#3906),#3910);
#3906 = LINE('',#3907,#3908);
#3907 = CARTESIAN_POINT('',(-0.,-2.));
#3908 = VECTOR('',#3909,1.);
#3909 = DIRECTION('',(-1.,0.));
#3910 = ( GEOMETRIC_REPRESENTATION_CONTEXT(2) 
PARAMETRIC_REPRESENTATION_CONTEXT() REPRESENTATION_CONTEXT('2D SPACE',''
  ) );
#3911 = PCURVE('',#3912,#3917);
#3912 = PLANE('',#3913);
#3913 = AXIS2_PLACEMENT_3D('',#3914,#3915,#3916);
#3914 = CARTESIAN_POINT('',(52.5,-10.,77.330343736593));
#3915 = DIRECTION('',(0.,0.,1.));
#3916 = DIRECTION('',(1.,0.,0.));
#3917 = DEFINITIONAL_REPRESENTATION('',(#3918),#3922);
#3918 = LINE('',#3919,#3920);
#3919 = CARTESIAN_POINT('',(11.878033392131,-7.5));
#3920 = VECTOR('',#3921,1.);
#3921 = DIRECTION('',(1.,1.224646799147E-16));
#3922 = ( GEOMETRIC_REPRESENTATION_CONTEXT(2) 
PARAMETRIC_REPRESENTATION_CONTEXT() REPRESENTATION_CONTEXT('2D SPACE',''
  ) );
#3923 = ORIENTED_EDGE('',*,*,#3924,.T.);
#3924 = EDGE_CURVE('',#3897,#3925,#3927,.T.);
#3925 = VERTEX_POINT('',#3926);
#3926 = CARTESIAN_POINT('',(105.,-17.5,79.330343736593));
#3927 = SURFACE_CURVE('',#3928,(#3932,#3939),.PCURVE_S1.);
#3928 = LINE('',#3929,#3930);
#3929 = CARTESIAN_POINT('',(105.,-17.5,77.330343736593));
#3930 = VECTOR('',#3931,1.);
#3931 = DIRECTION('',(0.,0.,1.));
#3932 = PCURVE('',#3526,#3933);
#3933 = DEFINITIONAL_REPRESENTATION('',(#3934),#3938);
#3934 = LINE('',#3935,#3936);
#3935 = CARTESIAN_POINT('',(-40.62196660786,-2.));
#3936 = VECTOR('',#3937,1.);
#3937 = DIRECTION('',(0.,1.));
#3938 = ( GEOMETRIC_REPRESENTATION_CONTEXT(2) 
PARAMETRIC_REPRESENTATION_CONTEXT() REPRESENTATION_CONTEXT('2D SPACE',''
  ) );
#3939 = PCURVE('',#3940,#3945);
#3940 = PLANE('',#3941);
#3941 = AXIS2_PLACEMENT_3D('',#3942,#3943,#3944);
#3942 = CARTESIAN_POINT('',(105.,-10.,77.330343736593));
#3943 = DIRECTION('',(1.,1.836970198721E-16,0.));
#3944 = DIRECTION('',(-1.836970198721E-16,1.,0.));
#3945 = DEFINITIONAL_REPRESENTATION('',(#3946),#3950);
#3946 = LINE('',#3947,#3948);
#3947 = CARTESIAN_POINT('',(-7.5,0.));
#3948 = VECTOR('',#3949,1.);
#3949 = DIRECTION('',(0.,1.));
#3950 = ( GEOMETRIC_REPRESENTATION_CONTEXT(2) 
PARAMETRIC_REPRESENTATION_CONTEXT() REPRESENTATION_CONTEXT('2D SPACE',''
  ) );
#3951 = ORIENTED_EDGE('',*,*,#3952,.F.);
#3952 = EDGE_CURVE('',#3953,#3925,#3955,.T.);
#3953 = VERTEX_POINT('',#3954);
#3954 = CARTESIAN_POINT('',(101.15151996457,-17.5,79.330343736593));
#3955 = SURFACE_CURVE('',#3956,(#3960,#3967),.PCURVE_S1.);
#3956 = LINE('',#3957,#3958);
#3957 = CARTESIAN_POINT('',(64.378033392131,-17.5,79.330343736593));
#3958 = VECTOR('',#3959,1.);
#3959 = DIRECTION('',(1.,1.224646799147E-16,0.));
#3960 = PCURVE('',#3526,#3961);
#3961 = DEFINITIONAL_REPRESENTATION('',(#3962),#3966);
#3962 = LINE('',#3963,#3964);
#3963 = CARTESIAN_POINT('',(0.,0.));
#3964 = VECTOR('',#3965,1.);
#3965 = DIRECTION('',(-1.,0.));
#3966 = ( GEOMETRIC_REPRESENTATION_CONTEXT(2) 
PARAMETRIC_REPRESENTATION_CONTEXT() REPRESENTATION_CONTEXT('2D SPACE',''
  ) );
#3967 = PCURVE('',#3856,#3968);
#3968 = DEFINITIONAL_REPRESENTATION('',(#3969),#3973);
#3969 = LINE('',#3970,#3971);
#3970 = CARTESIAN_POINT('',(-60.62196660786,-7.5));
#3971 = VECTOR('',#3972,1.);
#3972 = DIRECTION('',(1.,1.224646799147E-16));
#3973 = ( GEOMETRIC_REPRESENTATION_CONTEXT(2) 
PARAMETRIC_REPRESENTATION_CONTEXT() REPRESENTATION_CONTEXT('2D SPACE',''
  ) );
#3974 = ORIENTED_EDGE('',*,*,#3975,.F.);
#3975 = EDGE_CURVE('',#3976,#3953,#3978,.T.);
#3976 = VERTEX_POINT('',#3977);
#3977 = CARTESIAN_POINT('',(100.,-17.5,79.330343736593));
#3978 = SURFACE_CURVE('',#3979,(#3983,#3990),.PCURVE_S1.);
#3979 = LINE('',#3980,#3981);
#3980 = CARTESIAN_POINT('',(64.378033392131,-17.5,79.330343736593));
#3981 = VECTOR('',#3982,1.);
#3982 = DIRECTION('',(1.,1.224646799147E-16,0.));
#3983 = PCURVE('',#3526,#3984);
#3984 = DEFINITIONAL_REPRESENTATION('',(#3985),#3989);
#3985 = LINE('',#3986,#3987);
#3986 = CARTESIAN_POINT('',(0.,0.));
#3987 = VECTOR('',#3988,1.);
#3988 = DIRECTION('',(-1.,0.));
#3989 = ( GEOMETRIC_REPRESENTATION_CONTEXT(2) 
PARAMETRIC_REPRESENTATION_CONTEXT() REPRESENTATION_CONTEXT('2D SPACE',''
  ) );
#3990 = PCURVE('',#3991,#3996);
#3991 = PLANE('',#3992);
#3992 = AXIS2_PLACEMENT_3D('',#3993,#3994,#3995);
#3993 = CARTESIAN_POINT('',(52.5,-10.,79.330343736593));
#3994 = DIRECTION('',(0.,0.,1.));
#3995 = DIRECTION('',(1.,0.,0.));
#3996 = DEFINITIONAL_REPRESENTATION('',(#3997),#4001);
#3997 = LINE('',#3998,#3999);
#3998 = CARTESIAN_POINT('',(11.878033392131,-7.5));
#3999 = VECTOR('',#4000,1.);
#4000 = DIRECTION('',(1.,1.224646799147E-16));
#4001 = ( GEOMETRIC_REPRESENTATION_CONTEXT(2) 
PARAMETRIC_REPRESENTATION_CONTEXT() REPRESENTATION_CONTEXT('2D SPACE',''
  ) );
#4002 = ORIENTED_EDGE('',*,*,#4003,.F.);
#4003 = EDGE_CURVE('',#4004,#3976,#4006,.T.);
#4004 = VERTEX_POINT('',#4005);
#4005 = CARTESIAN_POINT('',(100.,-17.5,77.330343736593));
#4006 = SURFACE_CURVE('',#4007,(#4011,#4018),.PCURVE_S1.);
#4007 = LINE('',#4008,#4009);
#4008 = CARTESIAN_POINT('',(100.,-17.5,77.330343736593));
#4009 = VECTOR('',#4010,1.);
#4010 = DIRECTION('',(0.,0.,1.));
#4011 = PCURVE('',#3526,#4012);
#4012 = DEFINITIONAL_REPRESENTATION('',(#4013),#4017);
#4013 = LINE('',#4014,#4015);
#4014 = CARTESIAN_POINT('',(-35.62196660786,-2.));
#4015 = VECTOR('',#4016,1.);
#4016 = DIRECTION('',(0.,1.));
#4017 = ( GEOMETRIC_REPRESENTATION_CONTEXT(2) 
PARAMETRIC_REPRESENTATION_CONTEXT() REPRESENTATION_CONTEXT('2D SPACE',''
  ) );
#4018 = PCURVE('',#4019,#4024);
#4019 = PLANE('',#4020);
#4020 = AXIS2_PLACEMENT_3D('',#4021,#4022,#4023);
#4021 = CARTESIAN_POINT('',(100.,-10.,77.330343736593));
#4022 = DIRECTION('',(-1.,-3.061616997868E-16,0.));
#4023 = DIRECTION('',(3.061616997868E-16,-1.,0.));
#4024 = DEFINITIONAL_REPRESENTATION('',(#4025),#4029);
#4025 = LINE('',#4026,#4027);
#4026 = CARTESIAN_POINT('',(7.5,0.));
#4027 = VECTOR('',#4028,1.);
#4028 = DIRECTION('',(0.,1.));
#4029 = ( GEOMETRIC_REPRESENTATION_CONTEXT(2) 
PARAMETRIC_REPRESENTATION_CONTEXT() REPRESENTATION_CONTEXT('2D SPACE',''
  ) );
#4030 = ORIENTED_EDGE('',*,*,#4031,.F.);
#4031 = EDGE_CURVE('',#4032,#4004,#4034,.T.);
#4032 = VERTEX_POINT('',#4033);
#4033 = CARTESIAN_POINT('',(95.,-17.5,77.330343736593));
#4034 = SURFACE_CURVE('',#4035,(#4039,#4046),.PCURVE_S1.);
#4035 = LINE('',#4036,#4037);
#4036 = CARTESIAN_POINT('',(64.378033392131,-17.5,77.330343736593));
#4037 = VECTOR('',#4038,1.);
#4038 = DIRECTION('',(1.,1.224646799147E-16,0.));
#4039 = PCURVE('',#3526,#4040);
#4040 = DEFINITIONAL_REPRESENTATION('',(#4041),#4045);
#4041 = LINE('',#4042,#4043);
#4042 = CARTESIAN_POINT('',(-0.,-2.));
#4043 = VECTOR('',#4044,1.);
#4044 = DIRECTION('',(-1.,0.));
#4045 = ( GEOMETRIC_REPRESENTATION_CONTEXT(2) 
PARAMETRIC_REPRESENTATION_CONTEXT() REPRESENTATION_CONTEXT('2D SPACE',''
  ) );
#4046 = PCURVE('',#4047,#4052);
#4047 = PLANE('',#4048);
#4048 = AXIS2_PLACEMENT_3D('',#4049,#4050,#4051);
#4049 = CARTESIAN_POINT('',(52.5,-10.,77.330343736593));
#4050 = DIRECTION('',(0.,0.,1.));
#4051 = DIRECTION('',(1.,0.,0.));
#4052 = DEFINITIONAL_REPRESENTATION('',(#4053),#4057);
#4053 = LINE('',#4054,#4055);
#4054 = CARTESIAN_POINT('',(11.878033392131,-7.5));
#4055 = VECTOR('',#4056,1.);
#4056 = DIRECTION('',(1.,1.224646799147E-16));
#4057 = ( GEOMETRIC_REPRESENTATION_CONTEXT(2) 
PARAMETRIC_REPRESENTATION_CONTEXT() REPRESENTATION_CONTEXT('2D SPACE',''
  ) );
#4058 = ORIENTED_EDGE('',*,*,#4059,.T.);
#4059 = EDGE_CURVE('',#4032,#4060,#4062,.T.);
#4060 = VERTEX_POINT('',#4061);
#4061 = CARTESIAN_POINT('',(95.,-17.5,79.330343736593));
#4062 = SURFACE_CURVE('',#4063,(#4067,#4074),.PCURVE_S1.);
#4063 = LINE('',#4064,#4065);
#4064 = CARTESIAN_POINT('',(95.,-17.5,77.330343736593));
#4065 = VECTOR('',#4066,1.);
#4066 = DIRECTION('',(0.,0.,1.));
#4067 = PCURVE('',#3526,#4068);
#4068 = DEFINITIONAL_REPRESENTATION('',(#4069),#4073);
#4069 = LINE('',#4070,#4071);
#4070 = CARTESIAN_POINT('',(-30.62196660786,-2.));
#4071 = VECTOR('',#4072,1.);
#4072 = DIRECTION('',(0.,1.));
#4073 = ( GEOMETRIC_REPRESENTATION_CONTEXT(2) 
PARAMETRIC_REPRESENTATION_CONTEXT() REPRESENTATION_CONTEXT('2D SPACE',''
  ) );
#4074 = PCURVE('',#4075,#4080);
#4075 = PLANE('',#4076);
#4076 = AXIS2_PLACEMENT_3D('',#4077,#4078,#4079);
#4077 = CARTESIAN_POINT('',(95.,-10.,77.330343736593));
#4078 = DIRECTION('',(-1.,-3.061616997868E-16,0.));
#4079 = DIRECTION('',(3.061616997868E-16,-1.,0.));
#4080 = DEFINITIONAL_REPRESENTATION('',(#4081),#4085);
#4081 = LINE('',#4082,#4083);
#4082 = CARTESIAN_POINT('',(7.5,0.));
#4083 = VECTOR('',#4084,1.);
#4084 = DIRECTION('',(0.,1.));
#4085 = ( GEOMETRIC_REPRESENTATION_CONTEXT(2) 
PARAMETRIC_REPRESENTATION_CONTEXT() REPRESENTATION_CONTEXT('2D SPACE',''
  ) );
#4086 = ORIENTED_EDGE('',*,*,#4087,.F.);
#4087 = EDGE_CURVE('',#4088,#4060,#4090,.T.);
#4088 = VERTEX_POINT('',#4089);
#4089 = CARTESIAN_POINT('',(90.,-17.5,79.330343736593));
#4090 = SURFACE_CURVE('',#4091,(#4095,#4102),.PCURVE_S1.);
#4091 = LINE('',#4092,#4093);
#4092 = CARTESIAN_POINT('',(64.378033392131,-17.5,79.330343736593));
#4093 = VECTOR('',#4094,1.);
#4094 = DIRECTION('',(1.,1.224646799147E-16,0.));
#4095 = PCURVE('',#3526,#4096);
#4096 = DEFINITIONAL_REPRESENTATION('',(#4097),#4101);
#4097 = LINE('',#4098,#4099);
#4098 = CARTESIAN_POINT('',(0.,0.));
#4099 = VECTOR('',#4100,1.);
#4100 = DIRECTION('',(-1.,0.));
#4101 = ( GEOMETRIC_REPRESENTATION_CONTEXT(2) 
PARAMETRIC_REPRESENTATION_CONTEXT() REPRESENTATION_CONTEXT('2D SPACE',''
  ) );
#4102 = PCURVE('',#4103,#4108);
#4103 = PLANE('',#4104);
#4104 = AXIS2_PLACEMENT_3D('',#4105,#4106,#4107);
#4105 = CARTESIAN_POINT('',(52.5,-10.,79.330343736593));
#4106 = DIRECTION('',(0.,0.,1.));
#4107 = DIRECTION('',(1.,0.,0.));
#4108 = DEFINITIONAL_REPRESENTATION('',(#4109),#4113);
#4109 = LINE('',#4110,#4111);
#4110 = CARTESIAN_POINT('',(11.878033392131,-7.5));
#4111 = VECTOR('',#4112,1.);
#4112 = DIRECTION('',(1.,1.224646799147E-16));
#4113 = ( GEOMETRIC_REPRESENTATION_CONTEXT(2) 
PARAMETRIC_REPRESENTATION_CONTEXT() REPRESENTATION_CONTEXT('2D SPACE',''
  ) );
#4114 = ORIENTED_EDGE('',*,*,#4115,.F.);
#4115 = EDGE_CURVE('',#4116,#4088,#4118,.T.);
#4116 = VERTEX_POINT('',#4117);
#4117 = CARTESIAN_POINT('',(90.,-17.5,77.330343736593));
#4118 = SURFACE_CURVE('',#4119,(#4123,#4130),.PCURVE_S1.);
#4119 = LINE('',#4120,#4121);
#4120 = CARTESIAN_POINT('',(90.,-17.5,77.330343736593));
#4121 = VECTOR('',#4122,1.);
#4122 = DIRECTION('',(0.,0.,1.));
#4123 = PCURVE('',#3526,#4124);
#4124 = DEFINITIONAL_REPRESENTATION('',(#4125),#4129);
#4125 = LINE('',#4126,#4127);
#4126 = CARTESIAN_POINT('',(-25.62196660786,-2.));
#4127 = VECTOR('',#4128,1.);
#4128 = DIRECTION('',(0.,1.));
#4129 = ( GEOMETRIC_REPRESENTATION_CONTEXT(2) 
PARAMETRIC_REPRESENTATION_CONTEXT() REPRESENTATION_CONTEXT('2D SPACE',''
  ) );
#4130 = PCURVE('',#4131,#4136);
#4131 = PLANE('',#4132);
#4132 = AXIS2_PLACEMENT_3D('',#4133,#4134,#4135);
#4133 = CARTESIAN_POINT('',(90.,-10.,77.330343736593));
#4134 = DIRECTION('',(1.,1.836970198721E-16,0.));
#4135 = DIRECTION('',(-1.836970198721E-16,1.,0.));
#4136 = DEFINITIONAL_REPRESENTATION('',(#4137),#4141);
#4137 = LINE('',#4138,#4139);
#4138 = CARTESIAN_POINT('',(-7.5,0.));
#4139 = VECTOR('',#4140,1.);
#4140 = DIRECTION('',(0.,1.));
#4141 = ( GEOMETRIC_REPRESENTATION_CONTEXT(2) 
PARAMETRIC_REPRESENTATION_CONTEXT() REPRESENTATION_CONTEXT('2D SPACE',''
  ) );
#4142 = ORIENTED_EDGE('',*,*,#4143,.F.);
#4143 = EDGE_CURVE('',#4144,#4116,#4146,.T.);
#4144 = VERTEX_POINT('',#4145);
#4145 = CARTESIAN_POINT('',(85.,-17.5,77.330343736593));
#4146 = SURFACE_CURVE('',#4147,(#4151,#4158),.PCURVE_S1.);
#4147 = LINE('',#4148,#4149);
#4148 = CARTESIAN_POINT('',(64.378033392131,-17.5,77.330343736593));
#4149 = VECTOR('',#4150,1.);
#4150 = DIRECTION('',(1.,1.224646799147E-16,0.));
#4151 = PCURVE('',#3526,#4152);
#4152 = DEFINITIONAL_REPRESENTATION('',(#4153),#4157);
#4153 = LINE('',#4154,#4155);
#4154 = CARTESIAN_POINT('',(-0.,-2.));
#4155 = VECTOR('',#4156,1.);
#4156 = DIRECTION('',(-1.,0.));
#4157 = ( GEOMETRIC_REPRESENTATION_CONTEXT(2) 
PARAMETRIC_REPRESENTATION_CONTEXT() REPRESENTATION_CONTEXT('2D SPACE',''
  ) );
#4158 = PCURVE('',#4159,#4164);
#4159 = PLANE('',#4160);
#4160 = AXIS2_PLACEMENT_3D('',#4161,#4162,#4163);
#4161 = CARTESIAN_POINT('',(52.5,-10.,77.330343736593));
#4162 = DIRECTION('',(0.,0.,1.));
#4163 = DIRECTION('',(1.,0.,0.));
#4164 = DEFINITIONAL_REPRESENTATION('',(#4165),#4169);
#4165 = LINE('',#4166,#4167);
#4166 = CARTESIAN_POINT('',(11.878033392131,-7.5));
#4167 = VECTOR('',#4168,1.);
#4168 = DIRECTION('',(1.,1.224646799147E-16));
#4169 = ( GEOMETRIC_REPRESENTATION_CONTEXT(2) 
PARAMETRIC_REPRESENTATION_CONTEXT() REPRESENTATION_CONTEXT('2D SPACE',''
  ) );
#4170 = ORIENTED_EDGE('',*,*,#4171,.T.);
#4171 = EDGE_CURVE('',#4144,#4172,#4174,.T.);
#4172 = VERTEX_POINT('',#4173);
#4173 = CARTESIAN_POINT('',(85.,-17.5,79.330343736593));
#4174 = SURFACE_CURVE('',#4175,(#4179,#4186),.PCURVE_S1.);
#4175 = LINE('',#4176,#4177);
#4176 = CARTESIAN_POINT('',(85.,-17.5,77.330343736593));
#4177 = VECTOR('',#4178,1.);
#4178 = DIRECTION('',(0.,0.,1.));
#4179 = PCURVE('',#3526,#4180);
#4180 = DEFINITIONAL_REPRESENTATION('',(#4181),#4185);
#4181 = LINE('',#4182,#4183);
#4182 = CARTESIAN_POINT('',(-20.62196660786,-2.));
#4183 = VECTOR('',#4184,1.);
#4184 = DIRECTION('',(0.,1.));
#4185 = ( GEOMETRIC_REPRESENTATION_CONTEXT(2) 
PARAMETRIC_REPRESENTATION_CONTEXT() REPRESENTATION_CONTEXT('2D SPACE',''
  ) );
#4186 = PCURVE('',#4187,#4192);
#4187 = PLANE('',#4188);
#4188 = AXIS2_PLACEMENT_3D('',#4189,#4190,#4191);
#4189 = CARTESIAN_POINT('',(85.,-10.,77.330343736593));
#4190 = DIRECTION('',(1.,1.836970198721E-16,0.));
#4191 = DIRECTION('',(-1.836970198721E-16,1.,0.));
#4192 = DEFINITIONAL_REPRESENTATION('',(#4193),#4197);
#4193 = LINE('',#4194,#4195);
#4194 = CARTESIAN_POINT('',(-7.5,0.));
#4195 = VECTOR('',#4196,1.);
#4196 = DIRECTION('',(0.,1.));
#4197 = ( GEOMETRIC_REPRESENTATION_CONTEXT(2) 
PARAMETRIC_REPRESENTATION_CONTEXT() REPRESENTATION_CONTEXT('2D SPACE',''
  ) );
#4198 = ORIENTED_EDGE('',*,*,#4199,.F.);
#4199 = EDGE_CURVE('',#4200,#4172,#4202,.T.);
#4200 = VERTEX_POINT('',#4201);
#4201 = CARTESIAN_POINT('',(80.,-17.5,79.330343736593));
#4202 = SURFACE_CURVE('',#4203,(#4207,#4214),.PCURVE_S1.);
#4203 = LINE('',#4204,#4205);
#4204 = CARTESIAN_POINT('',(64.378033392131,-17.5,79.330343736593));
#4205 = VECTOR('',#4206,1.);
#4206 = DIRECTION('',(1.,1.224646799147E-16,0.));
#4207 = PCURVE('',#3526,#4208);
#4208 = DEFINITIONAL_REPRESENTATION('',(#4209),#4213);
#4209 = LINE('',#4210,#4211);
#4210 = CARTESIAN_POINT('',(0.,0.));
#4211 = VECTOR('',#4212,1.);
#4212 = DIRECTION('',(-1.,0.));
#4213 = ( GEOMETRIC_REPRESENTATION_CONTEXT(2) 
PARAMETRIC_REPRESENTATION_CONTEXT() REPRESENTATION_CONTEXT('2D SPACE',''
  ) );
#4214 = PCURVE('',#4215,#4220);
#4215 = PLANE('',#4216);
#4216 = AXIS2_PLACEMENT_3D('',#4217,#4218,#4219);
#4217 = CARTESIAN_POINT('',(52.5,-10.,79.330343736593));
#4218 = DIRECTION('',(0.,0.,1.));
#4219 = DIRECTION('',(1.,0.,0.));
#4220 = DEFINITIONAL_REPRESENTATION('',(#4221),#4225);
#4221 = LINE('',#4222,#4223);
#4222 = CARTESIAN_POINT('',(11.878033392131,-7.5));
#4223 = VECTOR('',#4224,1.);
#4224 = DIRECTION('',(1.,1.224646799147E-16));
#4225 = ( GEOMETRIC_REPRESENTATION_CONTEXT(2) 
PARAMETRIC_REPRESENTATION_CONTEXT() REPRESENTATION_CONTEXT('2D SPACE',''
  ) );
#4226 = ORIENTED_EDGE('',*,*,#4227,.F.);
#4227 = EDGE_CURVE('',#4228,#4200,#4230,.T.);
#4228 = VERTEX_POINT('',#4229);
#4229 = CARTESIAN_POINT('',(80.,-17.5,77.330343736593));
#4230 = SURFACE_CURVE('',#4231,(#4235,#4242),.PCURVE_S1.);
#4231 = LINE('',#4232,#4233);
#4232 = CARTESIAN_POINT('',(80.,-17.5,77.330343736593));
#4233 = VECTOR('',#4234,1.);
#4234 = DIRECTION('',(0.,0.,1.));
#4235 = PCURVE('',#3526,#4236);
#4236 = DEFINITIONAL_REPRESENTATION('',(#4237),#4241);
#4237 = LINE('',#4238,#4239);
#4238 = CARTESIAN_POINT('',(-15.62196660786,-2.));
#4239 = VECTOR('',#4240,1.);
#4240 = DIRECTION('',(0.,1.));
#4241 = ( GEOMETRIC_REPRESENTATION_CONTEXT(2) 
PARAMETRIC_REPRESENTATION_CONTEXT() REPRESENTATION_CONTEXT('2D SPACE',''
  ) );
#4242 = PCURVE('',#4243,#4248);
#4243 = PLANE('',#4244);
#4244 = AXIS2_PLACEMENT_3D('',#4245,#4246,#4247);
#4245 = CARTESIAN_POINT('',(80.,-10.,77.330343736593));
#4246 = DIRECTION('',(-1.,-3.061616997868E-16,0.));
#4247 = DIRECTION('',(3.061616997868E-16,-1.,0.));
#4248 = DEFINITIONAL_REPRESENTATION('',(#4249),#4253);
#4249 = LINE('',#4250,#4251);
#4250 = CARTESIAN_POINT('',(7.5,0.));
#4251 = VECTOR('',#4252,1.);
#4252 = DIRECTION('',(0.,1.));
#4253 = ( GEOMETRIC_REPRESENTATION_CONTEXT(2) 
PARAMETRIC_REPRESENTATION_CONTEXT() REPRESENTATION_CONTEXT('2D SPACE',''
  ) );
#4254 = ORIENTED_EDGE('',*,*,#4255,.F.);
#4255 = EDGE_CURVE('',#4256,#4228,#4258,.T.);
#4256 = VERTEX_POINT('',#4257);
#4257 = CARTESIAN_POINT('',(75.,-17.5,77.330343736593));
#4258 = SURFACE_CURVE('',#4259,(#4263,#4270),.PCURVE_S1.);
#4259 = LINE('',#4260,#4261);
#4260 = CARTESIAN_POINT('',(64.378033392131,-17.5,77.330343736593));
#4261 = VECTOR('',#4262,1.);
#4262 = DIRECTION('',(1.,1.224646799147E-16,0.));
#4263 = PCURVE('',#3526,#4264);
#4264 = DEFINITIONAL_REPRESENTATION('',(#4265),#4269);
#4265 = LINE('',#4266,#4267);
#4266 = CARTESIAN_POINT('',(-0.,-2.));
#4267 = VECTOR('',#4268,1.);
#4268 = DIRECTION('',(-1.,0.));
#4269 = ( GEOMETRIC_REPRESENTATION_CONTEXT(2) 
PARAMETRIC_REPRESENTATION_CONTEXT() REPRESENTATION_CONTEXT('2D SPACE',''
  ) );
#4270 = PCURVE('',#4271,#4276);
#4271 = PLANE('',#4272);
#4272 = AXIS2_PLACEMENT_3D('',#4273,#4274,#4275);
#4273 = CARTESIAN_POINT('',(52.5,-10.,77.330343736593));
#4274 = DIRECTION('',(0.,0.,1.));
#4275 = DIRECTION('',(1.,0.,0.));
#4276 = DEFINITIONAL_REPRESENTATION('',(#4277),#4281);
#4277 = LINE('',#4278,#4279);
#4278 = CARTESIAN_POINT('',(11.878033392131,-7.5));
#4279 = VECTOR('',#4280,1.);
#4280 = DIRECTION('',(1.,1.224646799147E-16));
#4281 = ( GEOMETRIC_REPRESENTATION_CONTEXT(2) 
PARAMETRIC_REPRESENTATION_CONTEXT() REPRESENTATION_CONTEXT('2D SPACE',''
  ) );
#4282 = ORIENTED_EDGE('',*,*,#4283,.T.);
#4283 = EDGE_CURVE('',#4256,#4284,#4286,.T.);
#4284 = VERTEX_POINT('',#4285);
#4285 = CARTESIAN_POINT('',(75.,-17.5,79.330343736593));
#4286 = SURFACE_CURVE('',#4287,(#4291,#4298),.PCURVE_S1.);
#4287 = LINE('',#4288,#4289);
#4288 = CARTESIAN_POINT('',(75.,-17.5,77.330343736593));
#4289 = VECTOR('',#4290,1.);
#4290 = DIRECTION('',(0.,0.,1.));
#4291 = PCURVE('',#3526,#4292);
#4292 = DEFINITIONAL_REPRESENTATION('',(#4293),#4297);
#4293 = LINE('',#4294,#4295);
#4294 = CARTESIAN_POINT('',(-10.62196660786,-2.));
#4295 = VECTOR('',#4296,1.);
#4296 = DIRECTION('',(0.,1.));
#4297 = ( GEOMETRIC_REPRESENTATION_CONTEXT(2) 
PARAMETRIC_REPRESENTATION_CONTEXT() REPRESENTATION_CONTEXT('2D SPACE',''
  ) );
#4298 = PCURVE('',#4299,#4304);
#4299 = PLANE('',#4300);
#4300 = AXIS2_PLACEMENT_3D('',#4301,#4302,#4303);
#4301 = CARTESIAN_POINT('',(75.,-10.,77.330343736593));
#4302 = DIRECTION('',(-1.,-3.061616997868E-16,0.));
#4303 = DIRECTION('',(3.061616997868E-16,-1.,0.));
#4304 = DEFINITIONAL_REPRESENTATION('',(#4305),#4309);
#4305 = LINE('',#4306,#4307);
#4306 = CARTESIAN_POINT('',(7.5,0.));
#4307 = VECTOR('',#4308,1.);
#4308 = DIRECTION('',(0.,1.));
#4309 = ( GEOMETRIC_REPRESENTATION_CONTEXT(2) 
PARAMETRIC_REPRESENTATION_CONTEXT() REPRESENTATION_CONTEXT('2D SPACE',''
  ) );
#4310 = ORIENTED_EDGE('',*,*,#4311,.F.);
#4311 = EDGE_CURVE('',#4312,#4284,#4314,.T.);
#4312 = VERTEX_POINT('',#4313);
#4313 = CARTESIAN_POINT('',(70.,-17.5,79.330343736593));
#4314 = SURFACE_CURVE('',#4315,(#4319,#4326),.PCURVE_S1.);
#4315 = LINE('',#4316,#4317);
#4316 = CARTESIAN_POINT('',(64.378033392131,-17.5,79.330343736593));
#4317 = VECTOR('',#4318,1.);
#4318 = DIRECTION('',(1.,1.224646799147E-16,0.));
#4319 = PCURVE('',#3526,#4320);
#4320 = DEFINITIONAL_REPRESENTATION('',(#4321),#4325);
#4321 = LINE('',#4322,#4323);
#4322 = CARTESIAN_POINT('',(0.,0.));
#4323 = VECTOR('',#4324,1.);
#4324 = DIRECTION('',(-1.,0.));
#4325 = ( GEOMETRIC_REPRESENTATION_CONTEXT(2) 
PARAMETRIC_REPRESENTATION_CONTEXT() REPRESENTATION_CONTEXT('2D SPACE',''
  ) );
#4326 = PCURVE('',#4327,#4332);
#4327 = PLANE('',#4328);
#4328 = AXIS2_PLACEMENT_3D('',#4329,#4330,#4331);
#4329 = CARTESIAN_POINT('',(52.5,-10.,79.330343736593));
#4330 = DIRECTION('',(0.,0.,1.));
#4331 = DIRECTION('',(1.,0.,0.));
#4332 = DEFINITIONAL_REPRESENTATION('',(#4333),#4337);
#4333 = LINE('',#4334,#4335);
#4334 = CARTESIAN_POINT('',(11.878033392131,-7.5));
#4335 = VECTOR('',#4336,1.);
#4336 = DIRECTION('',(1.,1.224646799147E-16));
#4337 = ( GEOMETRIC_REPRESENTATION_CONTEXT(2) 
PARAMETRIC_REPRESENTATION_CONTEXT() REPRESENTATION_CONTEXT('2D SPACE',''
  ) );
#4338 = ORIENTED_EDGE('',*,*,#4339,.F.);
#4339 = EDGE_CURVE('',#4340,#4312,#4342,.T.);
#4340 = VERTEX_POINT('',#4341);
#4341 = CARTESIAN_POINT('',(70.,-17.5,77.330343736593));
#4342 = SURFACE_CURVE('',#4343,(#4347,#4354),.PCURVE_S1.);
#4343 = LINE('',#4344,#4345);
#4344 = CARTESIAN_POINT('',(70.,-17.5,77.330343736593));
#4345 = VECTOR('',#4346,1.);
#4346 = DIRECTION('',(0.,0.,1.));
#4347 = PCURVE('',#3526,#4348);
#4348 = DEFINITIONAL_REPRESENTATION('',(#4349),#4353);
#4349 = LINE('',#4350,#4351);
#4350 = CARTESIAN_POINT('',(-5.621966607869,-2.));
#4351 = VECTOR('',#4352,1.);
#4352 = DIRECTION('',(0.,1.));
#4353 = ( GEOMETRIC_REPRESENTATION_CONTEXT(2) 
PARAMETRIC_REPRESENTATION_CONTEXT() REPRESENTATION_CONTEXT('2D SPACE',''
  ) );
#4354 = PCURVE('',#4355,#4360);
#4355 = PLANE('',#4356);
#4356 = AXIS2_PLACEMENT_3D('',#4357,#4358,#4359);
#4357 = CARTESIAN_POINT('',(70.,-10.,77.330343736593));
#4358 = DIRECTION('',(1.,1.836970198721E-16,0.));
#4359 = DIRECTION('',(-1.836970198721E-16,1.,0.));
#4360 = DEFINITIONAL_REPRESENTATION('',(#4361),#4365);
#4361 = LINE('',#4362,#4363);
#4362 = CARTESIAN_POINT('',(-7.5,0.));
#4363 = VECTOR('',#4364,1.);
#4364 = DIRECTION('',(0.,1.));
#4365 = ( GEOMETRIC_REPRESENTATION_CONTEXT(2) 
PARAMETRIC_REPRESENTATION_CONTEXT() REPRESENTATION_CONTEXT('2D SPACE',''
  ) );
#4366 = ORIENTED_EDGE('',*,*,#4367,.F.);
#4367 = EDGE_CURVE('',#4368,#4340,#4370,.T.);
#4368 = VERTEX_POINT('',#4369);
#4369 = CARTESIAN_POINT('',(65.,-17.5,77.330343736593));
#4370 = SURFACE_CURVE('',#4371,(#4375,#4382),.PCURVE_S1.);
#4371 = LINE('',#4372,#4373);
#4372 = CARTESIAN_POINT('',(64.378033392131,-17.5,77.330343736593));
#4373 = VECTOR('',#4374,1.);
#4374 = DIRECTION('',(1.,1.224646799147E-16,0.));
#4375 = PCURVE('',#3526,#4376);
#4376 = DEFINITIONAL_REPRESENTATION('',(#4377),#4381);
#4377 = LINE('',#4378,#4379);
#4378 = CARTESIAN_POINT('',(-0.,-2.));
#4379 = VECTOR('',#4380,1.);
#4380 = DIRECTION('',(-1.,0.));
#4381 = ( GEOMETRIC_REPRESENTATION_CONTEXT(2) 
PARAMETRIC_REPRESENTATION_CONTEXT() REPRESENTATION_CONTEXT('2D SPACE',''
  ) );
#4382 = PCURVE('',#4383,#4388);
#4383 = PLANE('',#4384);
#4384 = AXIS2_PLACEMENT_3D('',#4385,#4386,#4387);
#4385 = CARTESIAN_POINT('',(52.5,-10.,77.330343736593));
#4386 = DIRECTION('',(0.,0.,1.));
#4387 = DIRECTION('',(1.,0.,0.));
#4388 = DEFINITIONAL_REPRESENTATION('',(#4389),#4393);
#4389 = LINE('',#4390,#4391);
#4390 = CARTESIAN_POINT('',(11.878033392131,-7.5));
#4391 = VECTOR('',#4392,1.);
#4392 = DIRECTION('',(1.,1.224646799147E-16));
#4393 = ( GEOMETRIC_REPRESENTATION_CONTEXT(2) 
PARAMETRIC_REPRESENTATION_CONTEXT() REPRESENTATION_CONTEXT('2D SPACE',''
  ) );
#4394 = ORIENTED_EDGE('',*,*,#4395,.T.);
#4395 = EDGE_CURVE('',#4368,#4396,#4398,.T.);
#4396 = VERTEX_POINT('',#4397);
#4397 = CARTESIAN_POINT('',(65.,-17.5,79.330343736593));
#4398 = SURFACE_CURVE('',#4399,(#4403,#4410),.PCURVE_S1.);
#4399 = LINE('',#4400,#4401);
#4400 = CARTESIAN_POINT('',(65.,-17.5,77.330343736593));
#4401 = VECTOR('',#4402,1.);
#4402 = DIRECTION('',(0.,0.,1.));
#4403 = PCURVE('',#3526,#4404);
#4404 = DEFINITIONAL_REPRESENTATION('',(#4405),#4409);
#4405 = LINE('',#4406,#4407);
#4406 = CARTESIAN_POINT('',(-0.621966607869,-2.));
#4407 = VECTOR('',#4408,1.);
#4408 = DIRECTION('',(0.,1.));
#4409 = ( GEOMETRIC_REPRESENTATION_CONTEXT(2) 
PARAMETRIC_REPRESENTATION_CONTEXT() REPRESENTATION_CONTEXT('2D SPACE',''
  ) );
#4410 = PCURVE('',#4411,#4416);
#4411 = PLANE('',#4412);
#4412 = AXIS2_PLACEMENT_3D('',#4413,#4414,#4415);
#4413 = CARTESIAN_POINT('',(65.,-10.,77.330343736593));
#4414 = DIRECTION('',(1.,1.836970198721E-16,0.));
#4415 = DIRECTION('',(-1.836970198721E-16,1.,0.));
#4416 = DEFINITIONAL_REPRESENTATION('',(#4417),#4421);
#4417 = LINE('',#4418,#4419);
#4418 = CARTESIAN_POINT('',(-7.5,0.));
#4419 = VECTOR('',#4420,1.);
#4420 = DIRECTION('',(0.,1.));
#4421 = ( GEOMETRIC_REPRESENTATION_CONTEXT(2) 
PARAMETRIC_REPRESENTATION_CONTEXT() REPRESENTATION_CONTEXT('2D SPACE',''
  ) );
#4422 = ORIENTED_EDGE('',*,*,#4423,.F.);
#4423 = EDGE_CURVE('',#4424,#4396,#4426,.T.);
#4424 = VERTEX_POINT('',#4425);
#4425 = CARTESIAN_POINT('',(60.,-17.5,79.330343736593));
#4426 = SURFACE_CURVE('',#4427,(#4431,#4438),.PCURVE_S1.);
#4427 = LINE('',#4428,#4429);
#4428 = CARTESIAN_POINT('',(64.378033392131,-17.5,79.330343736593));
#4429 = VECTOR('',#4430,1.);
#4430 = DIRECTION('',(1.,1.224646799147E-16,0.));
#4431 = PCURVE('',#3526,#4432);
#4432 = DEFINITIONAL_REPRESENTATION('',(#4433),#4437);
#4433 = LINE('',#4434,#4435);
#4434 = CARTESIAN_POINT('',(0.,0.));
#4435 = VECTOR('',#4436,1.);
#4436 = DIRECTION('',(-1.,0.));
#4437 = ( GEOMETRIC_REPRESENTATION_CONTEXT(2) 
PARAMETRIC_REPRESENTATION_CONTEXT() REPRESENTATION_CONTEXT('2D SPACE',''
  ) );
#4438 = PCURVE('',#4439,#4444);
#4439 = PLANE('',#4440);
#4440 = AXIS2_PLACEMENT_3D('',#4441,#4442,#4443);
#4441 = CARTESIAN_POINT('',(52.5,-10.,79.330343736593));
#4442 = DIRECTION('',(0.,0.,1.));
#4443 = DIRECTION('',(1.,0.,0.));
#4444 = DEFINITIONAL_REPRESENTATION('',(#4445),#4449);
#4445 = LINE('',#4446,#4447);
#4446 = CARTESIAN_POINT('',(11.878033392131,-7.5));
#4447 = VECTOR('',#4448,1.);
#4448 = DIRECTION('',(1.,1.224646799147E-16));
#4449 = ( GEOMETRIC_REPRESENTATION_CONTEXT(2) 
PARAMETRIC_REPRESENTATION_CONTEXT() REPRESENTATION_CONTEXT('2D SPACE',''
  ) );
#4450 = ORIENTED_EDGE('',*,*,#4451,.F.);
#4451 = EDGE_CURVE('',#4452,#4424,#4454,.T.);
#4452 = VERTEX_POINT('',#4453);
#4453 = CARTESIAN_POINT('',(60.,-17.5,77.330343736593));
#4454 = SURFACE_CURVE('',#4455,(#4459,#4466),.PCURVE_S1.);
#4455 = LINE('',#4456,#4457);
#4456 = CARTESIAN_POINT('',(60.,-17.5,77.330343736593));
#4457 = VECTOR('',#4458,1.);
#4458 = DIRECTION('',(0.,0.,1.));
#4459 = PCURVE('',#3526,#4460);
#4460 = DEFINITIONAL_REPRESENTATION('',(#4461),#4465);
#4461 = LINE('',#4462,#4463);
#4462 = CARTESIAN_POINT('',(4.378033392131,-2.));
#4463 = VECTOR('',#4464,1.);
#4464 = DIRECTION('',(0.,1.));
#4465 = ( GEOMETRIC_REPRESENTATION_CONTEXT(2) 
PARAMETRIC_REPRESENTATION_CONTEXT() REPRESENTATION_CONTEXT('2D SPACE',''
  ) );
#4466 = PCURVE('',#4467,#4472);
#4467 = PLANE('',#4468);
#4468 = AXIS2_PLACEMENT_3D('',#4469,#4470,#4471);
#4469 = CARTESIAN_POINT('',(60.,-10.,77.330343736593));
#4470 = DIRECTION('',(-1.,-3.061616997868E-16,0.));
#4471 = DIRECTION('',(3.061616997868E-16,-1.,0.));
#4472 = DEFINITIONAL_REPRESENTATION('',(#4473),#4477);
#4473 = LINE('',#4474,#4475);
#4474 = CARTESIAN_POINT('',(7.5,0.));
#4475 = VECTOR('',#4476,1.);
#4476 = DIRECTION('',(0.,1.));
#4477 = ( GEOMETRIC_REPRESENTATION_CONTEXT(2) 
PARAMETRIC_REPRESENTATION_CONTEXT() REPRESENTATION_CONTEXT('2D SPACE',''
  ) );
#4478 = ORIENTED_EDGE('',*,*,#4479,.F.);
#4479 = EDGE_CURVE('',#4480,#4452,#4482,.T.);
#4480 = VERTEX_POINT('',#4481);
#4481 = CARTESIAN_POINT('',(55.,-17.5,77.330343736593));
#4482 = SURFACE_CURVE('',#4483,(#4487,#4494),.PCURVE_S1.);
#4483 = LINE('',#4484,#4485);
#4484 = CARTESIAN_POINT('',(64.378033392131,-17.5,77.330343736593));
#4485 = VECTOR('',#4486,1.);
#4486 = DIRECTION('',(1.,1.224646799147E-16,0.));
#4487 = PCURVE('',#3526,#4488);
#4488 = DEFINITIONAL_REPRESENTATION('',(#4489),#4493);
#4489 = LINE('',#4490,#4491);
#4490 = CARTESIAN_POINT('',(-0.,-2.));
#4491 = VECTOR('',#4492,1.);
#4492 = DIRECTION('',(-1.,0.));
#4493 = ( GEOMETRIC_REPRESENTATION_CONTEXT(2) 
PARAMETRIC_REPRESENTATION_CONTEXT() REPRESENTATION_CONTEXT('2D SPACE',''
  ) );
#4494 = PCURVE('',#4495,#4500);
#4495 = PLANE('',#4496);
#4496 = AXIS2_PLACEMENT_3D('',#4497,#4498,#4499);
#4497 = CARTESIAN_POINT('',(52.5,-10.,77.330343736593));
#4498 = DIRECTION('',(0.,0.,1.));
#4499 = DIRECTION('',(1.,0.,0.));
#4500 = DEFINITIONAL_REPRESENTATION('',(#4501),#4505);
#4501 = LINE('',#4502,#4503);
#4502 = CARTESIAN_POINT('',(11.878033392131,-7.5));
#4503 = VECTOR('',#4504,1.);
#4504 = DIRECTION('',(1.,1.224646799147E-16));
#4505 = ( GEOMETRIC_REPRESENTATION_CONTEXT(2) 
PARAMETRIC_REPRESENTATION_CONTEXT() REPRESENTATION_CONTEXT('2D SPACE',''
  ) );
#4506 = ORIENTED_EDGE('',*,*,#4507,.T.);
#4507 = EDGE_CURVE('',#4480,#4508,#4510,.T.);
#4508 = VERTEX_POINT('',#4509);
#4509 = CARTESIAN_POINT('',(55.,-17.5,79.330343736593));
#4510 = SURFACE_CURVE('',#4511,(#4515,#4522),.PCURVE_S1.);
#4511 = LINE('',#4512,#4513);
#4512 = CARTESIAN_POINT('',(55.,-17.5,77.330343736593));
#4513 = VECTOR('',#4514,1.);
#4514 = DIRECTION('',(0.,0.,1.));
#4515 = PCURVE('',#3526,#4516);
#4516 = DEFINITIONAL_REPRESENTATION('',(#4517),#4521);
#4517 = LINE('',#4518,#4519);
#4518 = CARTESIAN_POINT('',(9.378033392131,-2.));
#4519 = VECTOR('',#4520,1.);
#4520 = DIRECTION('',(0.,1.));
#4521 = ( GEOMETRIC_REPRESENTATION_CONTEXT(2) 
PARAMETRIC_REPRESENTATION_CONTEXT() REPRESENTATION_CONTEXT('2D SPACE',''
  ) );
#4522 = PCURVE('',#4523,#4528);
#4523 = PLANE('',#4524);
#4524 = AXIS2_PLACEMENT_3D('',#4525,#4526,#4527);
#4525 = CARTESIAN_POINT('',(55.,-10.,77.330343736593));
#4526 = DIRECTION('',(-1.,-3.061616997868E-16,0.));
#4527 = DIRECTION('',(3.061616997868E-16,-1.,0.));
#4528 = DEFINITIONAL_REPRESENTATION('',(#4529),#4533);
#4529 = LINE('',#4530,#4531);
#4530 = CARTESIAN_POINT('',(7.5,0.));
#4531 = VECTOR('',#4532,1.);
#4532 = DIRECTION('',(0.,1.));
#4533 = ( GEOMETRIC_REPRESENTATION_CONTEXT(2) 
PARAMETRIC_REPRESENTATION_CONTEXT() REPRESENTATION_CONTEXT('2D SPACE',''
  ) );
#4534 = ORIENTED_EDGE('',*,*,#4535,.F.);
#4535 = EDGE_CURVE('',#4536,#4508,#4538,.T.);
#4536 = VERTEX_POINT('',#4537);
#4537 = CARTESIAN_POINT('',(50.,-17.5,79.330343736593));
#4538 = SURFACE_CURVE('',#4539,(#4543,#4550),.PCURVE_S1.);
#4539 = LINE('',#4540,#4541);
#4540 = CARTESIAN_POINT('',(64.378033392131,-17.5,79.330343736593));
#4541 = VECTOR('',#4542,1.);
#4542 = DIRECTION('',(1.,1.224646799147E-16,0.));
#4543 = PCURVE('',#3526,#4544);
#4544 = DEFINITIONAL_REPRESENTATION('',(#4545),#4549);
#4545 = LINE('',#4546,#4547);
#4546 = CARTESIAN_POINT('',(0.,0.));
#4547 = VECTOR('',#4548,1.);
#4548 = DIRECTION('',(-1.,0.));
#4549 = ( GEOMETRIC_REPRESENTATION_CONTEXT(2) 
PARAMETRIC_REPRESENTATION_CONTEXT() REPRESENTATION_CONTEXT('2D SPACE',''
  ) );
#4550 = PCURVE('',#4551,#4556);
#4551 = PLANE('',#4552);
#4552 = AXIS2_PLACEMENT_3D('',#4553,#4554,#4555);
#4553 = CARTESIAN_POINT('',(52.5,-10.,79.330343736593));
#4554 = DIRECTION('',(0.,0.,1.));
#4555 = DIRECTION('',(1.,0.,0.));
#4556 = DEFINITIONAL_REPRESENTATION('',(#4557),#4561);
#4557 = LINE('',#4558,#4559);
#4558 = CARTESIAN_POINT('',(11.878033392131,-7.5));
#4559 = VECTOR('',#4560,1.);
#4560 = DIRECTION('',(1.,1.224646799147E-16));
#4561 = ( GEOMETRIC_REPRESENTATION_CONTEXT(2) 
PARAMETRIC_REPRESENTATION_CONTEXT() REPRESENTATION_CONTEXT('2D SPACE',''
  ) );
#4562 = ORIENTED_EDGE('',*,*,#4563,.F.);
#4563 = EDGE_CURVE('',#4564,#4536,#4566,.T.);
#4564 = VERTEX_POINT('',#4565);
#4565 = CARTESIAN_POINT('',(50.,-17.5,77.330343736593));
#4566 = SURFACE_CURVE('',#4567,(#4571,#4578),.PCURVE_S1.);
#4567 = LINE('',#4568,#4569);
#4568 = CARTESIAN_POINT('',(50.,-17.5,77.330343736593));
#4569 = VECTOR('',#4570,1.);
#4570 = DIRECTION('',(0.,0.,1.));
#4571 = PCURVE('',#3526,#4572);
#4572 = DEFINITIONAL_REPRESENTATION('',(#4573),#4577);
#4573 = LINE('',#4574,#4575);
#4574 = CARTESIAN_POINT('',(14.378033392131,-2.));
#4575 = VECTOR('',#4576,1.);
#4576 = DIRECTION('',(0.,1.));
#4577 = ( GEOMETRIC_REPRESENTATION_CONTEXT(2) 
PARAMETRIC_REPRESENTATION_CONTEXT() REPRESENTATION_CONTEXT('2D SPACE',''
  ) );
#4578 = PCURVE('',#4579,#4584);
#4579 = PLANE('',#4580);
#4580 = AXIS2_PLACEMENT_3D('',#4581,#4582,#4583);
#4581 = CARTESIAN_POINT('',(50.,-10.,77.330343736593));
#4582 = DIRECTION('',(1.,4.286263797016E-16,0.));
#4583 = DIRECTION('',(-4.286263797016E-16,1.,0.));
#4584 = DEFINITIONAL_REPRESENTATION('',(#4585),#4589);
#4585 = LINE('',#4586,#4587);
#4586 = CARTESIAN_POINT('',(-7.5,0.));
#4587 = VECTOR('',#4588,1.);
#4588 = DIRECTION('',(0.,1.));
#4589 = ( GEOMETRIC_REPRESENTATION_CONTEXT(2) 
PARAMETRIC_REPRESENTATION_CONTEXT() REPRESENTATION_CONTEXT('2D SPACE',''
  ) );
#4590 = ORIENTED_EDGE('',*,*,#4591,.F.);
#4591 = EDGE_CURVE('',#4592,#4564,#4594,.T.);
#4592 = VERTEX_POINT('',#4593);
#4593 = CARTESIAN_POINT('',(45.,-17.5,77.330343736593));
#4594 = SURFACE_CURVE('',#4595,(#4599,#4606),.PCURVE_S1.);
#4595 = LINE('',#4596,#4597);
#4596 = CARTESIAN_POINT('',(64.378033392131,-17.5,77.330343736593));
#4597 = VECTOR('',#4598,1.);
#4598 = DIRECTION('',(1.,1.224646799147E-16,0.));
#4599 = PCURVE('',#3526,#4600);
#4600 = DEFINITIONAL_REPRESENTATION('',(#4601),#4605);
#4601 = LINE('',#4602,#4603);
#4602 = CARTESIAN_POINT('',(-0.,-2.));
#4603 = VECTOR('',#4604,1.);
#4604 = DIRECTION('',(-1.,0.));
#4605 = ( GEOMETRIC_REPRESENTATION_CONTEXT(2) 
PARAMETRIC_REPRESENTATION_CONTEXT() REPRESENTATION_CONTEXT('2D SPACE',''
  ) );
#4606 = PCURVE('',#4607,#4612);
#4607 = PLANE('',#4608);
#4608 = AXIS2_PLACEMENT_3D('',#4609,#4610,#4611);
#4609 = CARTESIAN_POINT('',(52.5,-10.,77.330343736593));
#4610 = DIRECTION('',(0.,0.,1.));
#4611 = DIRECTION('',(1.,0.,0.));
#4612 = DEFINITIONAL_REPRESENTATION('',(#4613),#4617);
#4613 = LINE('',#4614,#4615);
#4614 = CARTESIAN_POINT('',(11.878033392131,-7.5));
#4615 = VECTOR('',#4616,1.);
#4616 = DIRECTION('',(1.,1.224646799147E-16));
#4617 = ( GEOMETRIC_REPRESENTATION_CONTEXT(2) 
PARAMETRIC_REPRESENTATION_CONTEXT() REPRESENTATION_CONTEXT('2D SPACE',''
  ) );
#4618 = ORIENTED_EDGE('',*,*,#4619,.T.);
#4619 = EDGE_CURVE('',#4592,#4620,#4622,.T.);
#4620 = VERTEX_POINT('',#4621);
#4621 = CARTESIAN_POINT('',(45.,-17.5,79.330343736593));
#4622 = SURFACE_CURVE('',#4623,(#4627,#4634),.PCURVE_S1.);
#4623 = LINE('',#4624,#4625);
#4624 = CARTESIAN_POINT('',(45.,-17.5,77.330343736593));
#4625 = VECTOR('',#4626,1.);
#4626 = DIRECTION('',(0.,0.,1.));
#4627 = PCURVE('',#3526,#4628);
#4628 = DEFINITIONAL_REPRESENTATION('',(#4629),#4633);
#4629 = LINE('',#4630,#4631);
#4630 = CARTESIAN_POINT('',(19.378033392131,-2.));
#4631 = VECTOR('',#4632,1.);
#4632 = DIRECTION('',(0.,1.));
#4633 = ( GEOMETRIC_REPRESENTATION_CONTEXT(2) 
PARAMETRIC_REPRESENTATION_CONTEXT() REPRESENTATION_CONTEXT('2D SPACE',''
  ) );
#4634 = PCURVE('',#4635,#4640);
#4635 = PLANE('',#4636);
#4636 = AXIS2_PLACEMENT_3D('',#4637,#4638,#4639);
#4637 = CARTESIAN_POINT('',(45.,-10.,77.330343736593));
#4638 = DIRECTION('',(1.,4.286263797016E-16,0.));
#4639 = DIRECTION('',(-4.286263797016E-16,1.,0.));
#4640 = DEFINITIONAL_REPRESENTATION('',(#4641),#4645);
#4641 = LINE('',#4642,#4643);
#4642 = CARTESIAN_POINT('',(-7.5,0.));
#4643 = VECTOR('',#4644,1.);
#4644 = DIRECTION('',(0.,1.));
#4645 = ( GEOMETRIC_REPRESENTATION_CONTEXT(2) 
PARAMETRIC_REPRESENTATION_CONTEXT() REPRESENTATION_CONTEXT('2D SPACE',''
  ) );
#4646 = ORIENTED_EDGE('',*,*,#4647,.F.);
#4647 = EDGE_CURVE('',#4648,#4620,#4650,.T.);
#4648 = VERTEX_POINT('',#4649);
#4649 = CARTESIAN_POINT('',(40.,-17.5,79.330343736593));
#4650 = SURFACE_CURVE('',#4651,(#4655,#4662),.PCURVE_S1.);
#4651 = LINE('',#4652,#4653);
#4652 = CARTESIAN_POINT('',(64.378033392131,-17.5,79.330343736593));
#4653 = VECTOR('',#4654,1.);
#4654 = DIRECTION('',(1.,1.224646799147E-16,0.));
#4655 = PCURVE('',#3526,#4656);
#4656 = DEFINITIONAL_REPRESENTATION('',(#4657),#4661);
#4657 = LINE('',#4658,#4659);
#4658 = CARTESIAN_POINT('',(0.,0.));
#4659 = VECTOR('',#4660,1.);
#4660 = DIRECTION('',(-1.,0.));
#4661 = ( GEOMETRIC_REPRESENTATION_CONTEXT(2) 
PARAMETRIC_REPRESENTATION_CONTEXT() REPRESENTATION_CONTEXT('2D SPACE',''
  ) );
#4662 = PCURVE('',#4663,#4668);
#4663 = PLANE('',#4664);
#4664 = AXIS2_PLACEMENT_3D('',#4665,#4666,#4667);
#4665 = CARTESIAN_POINT('',(52.5,-10.,79.330343736593));
#4666 = DIRECTION('',(0.,0.,1.));
#4667 = DIRECTION('',(1.,0.,0.));
#4668 = DEFINITIONAL_REPRESENTATION('',(#4669),#4673);
#4669 = LINE('',#4670,#4671);
#4670 = CARTESIAN_POINT('',(11.878033392131,-7.5));
#4671 = VECTOR('',#4672,1.);
#4672 = DIRECTION('',(1.,1.224646799147E-16));
#4673 = ( GEOMETRIC_REPRESENTATION_CONTEXT(2) 
PARAMETRIC_REPRESENTATION_CONTEXT() REPRESENTATION_CONTEXT('2D SPACE',''
  ) );
#4674 = ORIENTED_EDGE('',*,*,#4675,.F.);
#4675 = EDGE_CURVE('',#4676,#4648,#4678,.T.);
#4676 = VERTEX_POINT('',#4677);
#4677 = CARTESIAN_POINT('',(40.,-17.5,77.330343736593));
#4678 = SURFACE_CURVE('',#4679,(#4683,#4690),.PCURVE_S1.);
#4679 = LINE('',#4680,#4681);
#4680 = CARTESIAN_POINT('',(40.,-17.5,77.330343736593));
#4681 = VECTOR('',#4682,1.);
#4682 = DIRECTION('',(0.,0.,1.));
#4683 = PCURVE('',#3526,#4684);
#4684 = DEFINITIONAL_REPRESENTATION('',(#4685),#4689);
#4685 = LINE('',#4686,#4687);
#4686 = CARTESIAN_POINT('',(24.378033392131,-2.));
#4687 = VECTOR('',#4688,1.);
#4688 = DIRECTION('',(0.,1.));
#4689 = ( GEOMETRIC_REPRESENTATION_CONTEXT(2) 
PARAMETRIC_REPRESENTATION_CONTEXT() REPRESENTATION_CONTEXT('2D SPACE',''
  ) );
#4690 = PCURVE('',#4691,#4696);
#4691 = PLANE('',#4692);
#4692 = AXIS2_PLACEMENT_3D('',#4693,#4694,#4695);
#4693 = CARTESIAN_POINT('',(40.,-10.,77.330343736593));
#4694 = DIRECTION('',(-1.,-5.510910596163E-16,0.));
#4695 = DIRECTION('',(5.510910596163E-16,-1.,0.));
#4696 = DEFINITIONAL_REPRESENTATION('',(#4697),#4701);
#4697 = LINE('',#4698,#4699);
#4698 = CARTESIAN_POINT('',(7.5,0.));
#4699 = VECTOR('',#4700,1.);
#4700 = DIRECTION('',(0.,1.));
#4701 = ( GEOMETRIC_REPRESENTATION_CONTEXT(2) 
PARAMETRIC_REPRESENTATION_CONTEXT() REPRESENTATION_CONTEXT('2D SPACE',''
  ) );
#4702 = ORIENTED_EDGE('',*,*,#4703,.F.);
#4703 = EDGE_CURVE('',#4704,#4676,#4706,.T.);
#4704 = VERTEX_POINT('',#4705);
#4705 = CARTESIAN_POINT('',(35.,-17.5,77.330343736593));
#4706 = SURFACE_CURVE('',#4707,(#4711,#4718),.PCURVE_S1.);
#4707 = LINE('',#4708,#4709);
#4708 = CARTESIAN_POINT('',(64.378033392131,-17.5,77.330343736593));
#4709 = VECTOR('',#4710,1.);
#4710 = DIRECTION('',(1.,1.224646799147E-16,0.));
#4711 = PCURVE('',#3526,#4712);
#4712 = DEFINITIONAL_REPRESENTATION('',(#4713),#4717);
#4713 = LINE('',#4714,#4715);
#4714 = CARTESIAN_POINT('',(-0.,-2.));
#4715 = VECTOR('',#4716,1.);
#4716 = DIRECTION('',(-1.,0.));
#4717 = ( GEOMETRIC_REPRESENTATION_CONTEXT(2) 
PARAMETRIC_REPRESENTATION_CONTEXT() REPRESENTATION_CONTEXT('2D SPACE',''
  ) );
#4718 = PCURVE('',#4719,#4724);
#4719 = PLANE('',#4720);
#4720 = AXIS2_PLACEMENT_3D('',#4721,#4722,#4723);
#4721 = CARTESIAN_POINT('',(52.5,-10.,77.330343736593));
#4722 = DIRECTION('',(0.,0.,1.));
#4723 = DIRECTION('',(1.,0.,0.));
#4724 = DEFINITIONAL_REPRESENTATION('',(#4725),#4729);
#4725 = LINE('',#4726,#4727);
#4726 = CARTESIAN_POINT('',(11.878033392131,-7.5));
#4727 = VECTOR('',#4728,1.);
#4728 = DIRECTION('',(1.,1.224646799147E-16));
#4729 = ( GEOMETRIC_REPRESENTATION_CONTEXT(2) 
PARAMETRIC_REPRESENTATION_CONTEXT() REPRESENTATION_CONTEXT('2D SPACE',''
  ) );
#4730 = ORIENTED_EDGE('',*,*,#4731,.T.);
#4731 = EDGE_CURVE('',#4704,#4732,#4734,.T.);
#4732 = VERTEX_POINT('',#4733);
#4733 = CARTESIAN_POINT('',(35.,-17.5,79.330343736593));
#4734 = SURFACE_CURVE('',#4735,(#4739,#4746),.PCURVE_S1.);
#4735 = LINE('',#4736,#4737);
#4736 = CARTESIAN_POINT('',(35.,-17.5,77.330343736593));
#4737 = VECTOR('',#4738,1.);
#4738 = DIRECTION('',(0.,0.,1.));
#4739 = PCURVE('',#3526,#4740);
#4740 = DEFINITIONAL_REPRESENTATION('',(#4741),#4745);
#4741 = LINE('',#4742,#4743);
#4742 = CARTESIAN_POINT('',(29.378033392131,-2.));
#4743 = VECTOR('',#4744,1.);
#4744 = DIRECTION('',(0.,1.));
#4745 = ( GEOMETRIC_REPRESENTATION_CONTEXT(2) 
PARAMETRIC_REPRESENTATION_CONTEXT() REPRESENTATION_CONTEXT('2D SPACE',''
  ) );
#4746 = PCURVE('',#4747,#4752);
#4747 = PLANE('',#4748);
#4748 = AXIS2_PLACEMENT_3D('',#4749,#4750,#4751);
#4749 = CARTESIAN_POINT('',(35.,-10.,77.330343736593));
#4750 = DIRECTION('',(-1.,-5.510910596163E-16,0.));
#4751 = DIRECTION('',(5.510910596163E-16,-1.,0.));
#4752 = DEFINITIONAL_REPRESENTATION('',(#4753),#4757);
#4753 = LINE('',#4754,#4755);
#4754 = CARTESIAN_POINT('',(7.5,0.));
#4755 = VECTOR('',#4756,1.);
#4756 = DIRECTION('',(0.,1.));
#4757 = ( GEOMETRIC_REPRESENTATION_CONTEXT(2) 
PARAMETRIC_REPRESENTATION_CONTEXT() REPRESENTATION_CONTEXT('2D SPACE',''
  ) );
#4758 = ORIENTED_EDGE('',*,*,#4759,.F.);
#4759 = EDGE_CURVE('',#4760,#4732,#4762,.T.);
#4760 = VERTEX_POINT('',#4761);
#4761 = CARTESIAN_POINT('',(30.,-17.5,79.330343736593));
#4762 = SURFACE_CURVE('',#4763,(#4767,#4774),.PCURVE_S1.);
#4763 = LINE('',#4764,#4765);
#4764 = CARTESIAN_POINT('',(64.378033392131,-17.5,79.330343736593));
#4765 = VECTOR('',#4766,1.);
#4766 = DIRECTION('',(1.,1.224646799147E-16,0.));
#4767 = PCURVE('',#3526,#4768);
#4768 = DEFINITIONAL_REPRESENTATION('',(#4769),#4773);
#4769 = LINE('',#4770,#4771);
#4770 = CARTESIAN_POINT('',(0.,0.));
#4771 = VECTOR('',#4772,1.);
#4772 = DIRECTION('',(-1.,0.));
#4773 = ( GEOMETRIC_REPRESENTATION_CONTEXT(2) 
PARAMETRIC_REPRESENTATION_CONTEXT() REPRESENTATION_CONTEXT('2D SPACE',''
  ) );
#4774 = PCURVE('',#4775,#4780);
#4775 = PLANE('',#4776);
#4776 = AXIS2_PLACEMENT_3D('',#4777,#4778,#4779);
#4777 = CARTESIAN_POINT('',(52.5,-10.,79.330343736593));
#4778 = DIRECTION('',(0.,0.,1.));
#4779 = DIRECTION('',(1.,0.,0.));
#4780 = DEFINITIONAL_REPRESENTATION('',(#4781),#4785);
#4781 = LINE('',#4782,#4783);
#4782 = CARTESIAN_POINT('',(11.878033392131,-7.5));
#4783 = VECTOR('',#4784,1.);
#4784 = DIRECTION('',(1.,1.224646799147E-16));
#4785 = ( GEOMETRIC_REPRESENTATION_CONTEXT(2) 
PARAMETRIC_REPRESENTATION_CONTEXT() REPRESENTATION_CONTEXT('2D SPACE',''
  ) );
#4786 = ORIENTED_EDGE('',*,*,#4787,.F.);
#4787 = EDGE_CURVE('',#4788,#4760,#4790,.T.);
#4788 = VERTEX_POINT('',#4789);
#4789 = CARTESIAN_POINT('',(30.,-17.5,77.330343736593));
#4790 = SURFACE_CURVE('',#4791,(#4795,#4802),.PCURVE_S1.);
#4791 = LINE('',#4792,#4793);
#4792 = CARTESIAN_POINT('',(30.,-17.5,77.330343736593));
#4793 = VECTOR('',#4794,1.);
#4794 = DIRECTION('',(0.,0.,1.));
#4795 = PCURVE('',#3526,#4796);
#4796 = DEFINITIONAL_REPRESENTATION('',(#4797),#4801);
#4797 = LINE('',#4798,#4799);
#4798 = CARTESIAN_POINT('',(34.378033392131,-2.));
#4799 = VECTOR('',#4800,1.);
#4800 = DIRECTION('',(0.,1.));
#4801 = ( GEOMETRIC_REPRESENTATION_CONTEXT(2) 
PARAMETRIC_REPRESENTATION_CONTEXT() REPRESENTATION_CONTEXT('2D SPACE',''
  ) );
#4802 = PCURVE('',#4803,#4808);
#4803 = PLANE('',#4804);
#4804 = AXIS2_PLACEMENT_3D('',#4805,#4806,#4807);
#4805 = CARTESIAN_POINT('',(30.,-10.,77.330343736593));
#4806 = DIRECTION('',(1.,6.73555739531E-16,0.));
#4807 = DIRECTION('',(-6.73555739531E-16,1.,0.));
#4808 = DEFINITIONAL_REPRESENTATION('',(#4809),#4813);
#4809 = LINE('',#4810,#4811);
#4810 = CARTESIAN_POINT('',(-7.5,0.));
#4811 = VECTOR('',#4812,1.);
#4812 = DIRECTION('',(0.,1.));
#4813 = ( GEOMETRIC_REPRESENTATION_CONTEXT(2) 
PARAMETRIC_REPRESENTATION_CONTEXT() REPRESENTATION_CONTEXT('2D SPACE',''
  ) );
#4814 = ORIENTED_EDGE('',*,*,#4815,.F.);
#4815 = EDGE_CURVE('',#4816,#4788,#4818,.T.);
#4816 = VERTEX_POINT('',#4817);
#4817 = CARTESIAN_POINT('',(25.,-17.5,77.330343736593));
#4818 = SURFACE_CURVE('',#4819,(#4823,#4830),.PCURVE_S1.);
#4819 = LINE('',#4820,#4821);
#4820 = CARTESIAN_POINT('',(64.378033392131,-17.5,77.330343736593));
#4821 = VECTOR('',#4822,1.);
#4822 = DIRECTION('',(1.,1.224646799147E-16,0.));
#4823 = PCURVE('',#3526,#4824);
#4824 = DEFINITIONAL_REPRESENTATION('',(#4825),#4829);
#4825 = LINE('',#4826,#4827);
#4826 = CARTESIAN_POINT('',(-0.,-2.));
#4827 = VECTOR('',#4828,1.);
#4828 = DIRECTION('',(-1.,0.));
#4829 = ( GEOMETRIC_REPRESENTATION_CONTEXT(2) 
PARAMETRIC_REPRESENTATION_CONTEXT() REPRESENTATION_CONTEXT('2D SPACE',''
  ) );
#4830 = PCURVE('',#4831,#4836);
#4831 = PLANE('',#4832);
#4832 = AXIS2_PLACEMENT_3D('',#4833,#4834,#4835);
#4833 = CARTESIAN_POINT('',(52.5,-10.,77.330343736593));
#4834 = DIRECTION('',(0.,0.,1.));
#4835 = DIRECTION('',(1.,0.,0.));
#4836 = DEFINITIONAL_REPRESENTATION('',(#4837),#4841);
#4837 = LINE('',#4838,#4839);
#4838 = CARTESIAN_POINT('',(11.878033392131,-7.5));
#4839 = VECTOR('',#4840,1.);
#4840 = DIRECTION('',(1.,1.224646799147E-16));
#4841 = ( GEOMETRIC_REPRESENTATION_CONTEXT(2) 
PARAMETRIC_REPRESENTATION_CONTEXT() REPRESENTATION_CONTEXT('2D SPACE',''
  ) );
#4842 = ORIENTED_EDGE('',*,*,#4843,.T.);
#4843 = EDGE_CURVE('',#4816,#4844,#4846,.T.);
#4844 = VERTEX_POINT('',#4845);
#4845 = CARTESIAN_POINT('',(25.,-17.5,79.330343736593));
#4846 = SURFACE_CURVE('',#4847,(#4851,#4858),.PCURVE_S1.);
#4847 = LINE('',#4848,#4849);
#4848 = CARTESIAN_POINT('',(25.,-17.5,77.330343736593));
#4849 = VECTOR('',#4850,1.);
#4850 = DIRECTION('',(0.,0.,1.));
#4851 = PCURVE('',#3526,#4852);
#4852 = DEFINITIONAL_REPRESENTATION('',(#4853),#4857);
#4853 = LINE('',#4854,#4855);
#4854 = CARTESIAN_POINT('',(39.378033392131,-2.));
#4855 = VECTOR('',#4856,1.);
#4856 = DIRECTION('',(0.,1.));
#4857 = ( GEOMETRIC_REPRESENTATION_CONTEXT(2) 
PARAMETRIC_REPRESENTATION_CONTEXT() REPRESENTATION_CONTEXT('2D SPACE',''
  ) );
#4858 = PCURVE('',#4859,#4864);
#4859 = PLANE('',#4860);
#4860 = AXIS2_PLACEMENT_3D('',#4861,#4862,#4863);
#4861 = CARTESIAN_POINT('',(25.,-10.,77.330343736593));
#4862 = DIRECTION('',(1.,6.73555739531E-16,0.));
#4863 = DIRECTION('',(-6.73555739531E-16,1.,0.));
#4864 = DEFINITIONAL_REPRESENTATION('',(#4865),#4869);
#4865 = LINE('',#4866,#4867);
#4866 = CARTESIAN_POINT('',(-7.5,0.));
#4867 = VECTOR('',#4868,1.);
#4868 = DIRECTION('',(0.,1.));
#4869 = ( GEOMETRIC_REPRESENTATION_CONTEXT(2) 
PARAMETRIC_REPRESENTATION_CONTEXT() REPRESENTATION_CONTEXT('2D SPACE',''
  ) );
#4870 = ORIENTED_EDGE('',*,*,#4871,.F.);
#4871 = EDGE_CURVE('',#4872,#4844,#4874,.T.);
#4872 = VERTEX_POINT('',#4873);
#4873 = CARTESIAN_POINT('',(20.,-17.5,79.330343736593));
#4874 = SURFACE_CURVE('',#4875,(#4879,#4886),.PCURVE_S1.);
#4875 = LINE('',#4876,#4877);
#4876 = CARTESIAN_POINT('',(64.378033392131,-17.5,79.330343736593));
#4877 = VECTOR('',#4878,1.);
#4878 = DIRECTION('',(1.,1.224646799147E-16,0.));
#4879 = PCURVE('',#3526,#4880);
#4880 = DEFINITIONAL_REPRESENTATION('',(#4881),#4885);
#4881 = LINE('',#4882,#4883);
#4882 = CARTESIAN_POINT('',(0.,0.));
#4883 = VECTOR('',#4884,1.);
#4884 = DIRECTION('',(-1.,0.));
#4885 = ( GEOMETRIC_REPRESENTATION_CONTEXT(2) 
PARAMETRIC_REPRESENTATION_CONTEXT() REPRESENTATION_CONTEXT('2D SPACE',''
  ) );
#4886 = PCURVE('',#4887,#4892);
#4887 = PLANE('',#4888);
#4888 = AXIS2_PLACEMENT_3D('',#4889,#4890,#4891);
#4889 = CARTESIAN_POINT('',(52.5,-10.,79.330343736593));
#4890 = DIRECTION('',(0.,0.,1.));
#4891 = DIRECTION('',(1.,0.,0.));
#4892 = DEFINITIONAL_REPRESENTATION('',(#4893),#4897);
#4893 = LINE('',#4894,#4895);
#4894 = CARTESIAN_POINT('',(11.878033392131,-7.5));
#4895 = VECTOR('',#4896,1.);
#4896 = DIRECTION('',(1.,1.224646799147E-16));
#4897 = ( GEOMETRIC_REPRESENTATION_CONTEXT(2) 
PARAMETRIC_REPRESENTATION_CONTEXT() REPRESENTATION_CONTEXT('2D SPACE',''
  ) );
#4898 = ORIENTED_EDGE('',*,*,#4899,.F.);
#4899 = EDGE_CURVE('',#4900,#4872,#4902,.T.);
#4900 = VERTEX_POINT('',#4901);
#4901 = CARTESIAN_POINT('',(20.,-17.5,77.330343736593));
#4902 = SURFACE_CURVE('',#4903,(#4907,#4914),.PCURVE_S1.);
#4903 = LINE('',#4904,#4905);
#4904 = CARTESIAN_POINT('',(20.,-17.5,77.330343736593));
#4905 = VECTOR('',#4906,1.);
#4906 = DIRECTION('',(0.,0.,1.));
#4907 = PCURVE('',#3526,#4908);
#4908 = DEFINITIONAL_REPRESENTATION('',(#4909),#4913);
#4909 = LINE('',#4910,#4911);
#4910 = CARTESIAN_POINT('',(44.378033392131,-2.));
#4911 = VECTOR('',#4912,1.);
#4912 = DIRECTION('',(0.,1.));
#4913 = ( GEOMETRIC_REPRESENTATION_CONTEXT(2) 
PARAMETRIC_REPRESENTATION_CONTEXT() REPRESENTATION_CONTEXT('2D SPACE',''
  ) );
#4914 = PCURVE('',#4915,#4920);
#4915 = PLANE('',#4916);
#4916 = AXIS2_PLACEMENT_3D('',#4917,#4918,#4919);
#4917 = CARTESIAN_POINT('',(20.,-10.,77.330343736593));
#4918 = DIRECTION('',(-1.,-7.960204194458E-16,0.));
#4919 = DIRECTION('',(7.960204194458E-16,-1.,0.));
#4920 = DEFINITIONAL_REPRESENTATION('',(#4921),#4925);
#4921 = LINE('',#4922,#4923);
#4922 = CARTESIAN_POINT('',(7.5,0.));
#4923 = VECTOR('',#4924,1.);
#4924 = DIRECTION('',(0.,1.));
#4925 = ( GEOMETRIC_REPRESENTATION_CONTEXT(2) 
PARAMETRIC_REPRESENTATION_CONTEXT() REPRESENTATION_CONTEXT('2D SPACE',''
  ) );
#4926 = ORIENTED_EDGE('',*,*,#4927,.F.);
#4927 = EDGE_CURVE('',#4928,#4900,#4930,.T.);
#4928 = VERTEX_POINT('',#4929);
#4929 = CARTESIAN_POINT('',(15.,-17.5,77.330343736593));
#4930 = SURFACE_CURVE('',#4931,(#4935,#4942),.PCURVE_S1.);
#4931 = LINE('',#4932,#4933);
#4932 = CARTESIAN_POINT('',(64.378033392131,-17.5,77.330343736593));
#4933 = VECTOR('',#4934,1.);
#4934 = DIRECTION('',(1.,1.224646799147E-16,0.));
#4935 = PCURVE('',#3526,#4936);
#4936 = DEFINITIONAL_REPRESENTATION('',(#4937),#4941);
#4937 = LINE('',#4938,#4939);
#4938 = CARTESIAN_POINT('',(-0.,-2.));
#4939 = VECTOR('',#4940,1.);
#4940 = DIRECTION('',(-1.,0.));
#4941 = ( GEOMETRIC_REPRESENTATION_CONTEXT(2) 
PARAMETRIC_REPRESENTATION_CONTEXT() REPRESENTATION_CONTEXT('2D SPACE',''
  ) );
#4942 = PCURVE('',#4943,#4948);
#4943 = PLANE('',#4944);
#4944 = AXIS2_PLACEMENT_3D('',#4945,#4946,#4947);
#4945 = CARTESIAN_POINT('',(52.5,-10.,77.330343736593));
#4946 = DIRECTION('',(0.,0.,1.));
#4947 = DIRECTION('',(1.,0.,0.));
#4948 = DEFINITIONAL_REPRESENTATION('',(#4949),#4953);
#4949 = LINE('',#4950,#4951);
#4950 = CARTESIAN_POINT('',(11.878033392131,-7.5));
#4951 = VECTOR('',#4952,1.);
#4952 = DIRECTION('',(1.,1.224646799147E-16));
#4953 = ( GEOMETRIC_REPRESENTATION_CONTEXT(2) 
PARAMETRIC_REPRESENTATION_CONTEXT() REPRESENTATION_CONTEXT('2D SPACE',''
  ) );
#4954 = ORIENTED_EDGE('',*,*,#4955,.T.);
#4955 = EDGE_CURVE('',#4928,#4956,#4958,.T.);
#4956 = VERTEX_POINT('',#4957);
#4957 = CARTESIAN_POINT('',(15.,-17.5,79.330343736593));
#4958 = SURFACE_CURVE('',#4959,(#4963,#4970),.PCURVE_S1.);
#4959 = LINE('',#4960,#4961);
#4960 = CARTESIAN_POINT('',(15.,-17.5,77.330343736593));
#4961 = VECTOR('',#4962,1.);
#4962 = DIRECTION('',(0.,0.,1.));
#4963 = PCURVE('',#3526,#4964);
#4964 = DEFINITIONAL_REPRESENTATION('',(#4965),#4969);
#4965 = LINE('',#4966,#4967);
#4966 = CARTESIAN_POINT('',(49.378033392131,-2.));
#4967 = VECTOR('',#4968,1.);
#4968 = DIRECTION('',(0.,1.));
#4969 = ( GEOMETRIC_REPRESENTATION_CONTEXT(2) 
PARAMETRIC_REPRESENTATION_CONTEXT() REPRESENTATION_CONTEXT('2D SPACE',''
  ) );
#4970 = PCURVE('',#4971,#4976);
#4971 = PLANE('',#4972);
#4972 = AXIS2_PLACEMENT_3D('',#4973,#4974,#4975);
#4973 = CARTESIAN_POINT('',(15.,-10.,77.330343736593));
#4974 = DIRECTION('',(-1.,-3.061616997868E-16,0.));
#4975 = DIRECTION('',(3.061616997868E-16,-1.,0.));
#4976 = DEFINITIONAL_REPRESENTATION('',(#4977),#4981);
#4977 = LINE('',#4978,#4979);
#4978 = CARTESIAN_POINT('',(7.5,0.));
#4979 = VECTOR('',#4980,1.);
#4980 = DIRECTION('',(0.,1.));
#4981 = ( GEOMETRIC_REPRESENTATION_CONTEXT(2) 
PARAMETRIC_REPRESENTATION_CONTEXT() REPRESENTATION_CONTEXT('2D SPACE',''
  ) );
#4982 = ORIENTED_EDGE('',*,*,#4983,.F.);
#4983 = EDGE_CURVE('',#4984,#4956,#4986,.T.);
#4984 = VERTEX_POINT('',#4985);
#4985 = CARTESIAN_POINT('',(10.,-17.5,79.330343736593));
#4986 = SURFACE_CURVE('',#4987,(#4991,#4998),.PCURVE_S1.);
#4987 = LINE('',#4988,#4989);
#4988 = CARTESIAN_POINT('',(64.378033392131,-17.5,79.330343736593));
#4989 = VECTOR('',#4990,1.);
#4990 = DIRECTION('',(1.,1.224646799147E-16,0.));
#4991 = PCURVE('',#3526,#4992);
#4992 = DEFINITIONAL_REPRESENTATION('',(#4993),#4997);
#4993 = LINE('',#4994,#4995);
#4994 = CARTESIAN_POINT('',(0.,0.));
#4995 = VECTOR('',#4996,1.);
#4996 = DIRECTION('',(-1.,0.));
#4997 = ( GEOMETRIC_REPRESENTATION_CONTEXT(2) 
PARAMETRIC_REPRESENTATION_CONTEXT() REPRESENTATION_CONTEXT('2D SPACE',''
  ) );
#4998 = PCURVE('',#4999,#5004);
#4999 = PLANE('',#5000);
#5000 = AXIS2_PLACEMENT_3D('',#5001,#5002,#5003);
#5001 = CARTESIAN_POINT('',(52.5,-10.,79.330343736593));
#5002 = DIRECTION('',(0.,0.,1.));
#5003 = DIRECTION('',(1.,0.,0.));
#5004 = DEFINITIONAL_REPRESENTATION('',(#5005),#5009);
#5005 = LINE('',#5006,#5007);
#5006 = CARTESIAN_POINT('',(11.878033392131,-7.5));
#5007 = VECTOR('',#5008,1.);
#5008 = DIRECTION('',(1.,1.224646799147E-16));
#5009 = ( GEOMETRIC_REPRESENTATION_CONTEXT(2) 
PARAMETRIC_REPRESENTATION_CONTEXT() REPRESENTATION_CONTEXT('2D SPACE',''
  ) );
#5010 = ORIENTED_EDGE('',*,*,#5011,.F.);
#5011 = EDGE_CURVE('',#5012,#4984,#5014,.T.);
#5012 = VERTEX_POINT('',#5013);
#5013 = CARTESIAN_POINT('',(10.,-17.5,77.330343736593));
#5014 = SURFACE_CURVE('',#5015,(#5019,#5026),.PCURVE_S1.);
#5015 = LINE('',#5016,#5017);
#5016 = CARTESIAN_POINT('',(10.,-17.5,77.330343736593));
#5017 = VECTOR('',#5018,1.);
#5018 = DIRECTION('',(0.,0.,1.));
#5019 = PCURVE('',#3526,#5020);
#5020 = DEFINITIONAL_REPRESENTATION('',(#5021),#5025);
#5021 = LINE('',#5022,#5023);
#5022 = CARTESIAN_POINT('',(54.378033392131,-2.));
#5023 = VECTOR('',#5024,1.);
#5024 = DIRECTION('',(0.,1.));
#5025 = ( GEOMETRIC_REPRESENTATION_CONTEXT(2) 
PARAMETRIC_REPRESENTATION_CONTEXT() REPRESENTATION_CONTEXT('2D SPACE',''
  ) );
#5026 = PCURVE('',#5027,#5032);
#5027 = PLANE('',#5028);
#5028 = AXIS2_PLACEMENT_3D('',#5029,#5030,#5031);
#5029 = CARTESIAN_POINT('',(10.,-10.,77.330343736593));
#5030 = DIRECTION('',(1.,1.836970198721E-16,0.));
#5031 = DIRECTION('',(-1.836970198721E-16,1.,0.));
#5032 = DEFINITIONAL_REPRESENTATION('',(#5033),#5037);
#5033 = LINE('',#5034,#5035);
#5034 = CARTESIAN_POINT('',(-7.5,0.));
#5035 = VECTOR('',#5036,1.);
#5036 = DIRECTION('',(0.,1.));
#5037 = ( GEOMETRIC_REPRESENTATION_CONTEXT(2) 
PARAMETRIC_REPRESENTATION_CONTEXT() REPRESENTATION_CONTEXT('2D SPACE',''
  ) );
#5038 = ORIENTED_EDGE('',*,*,#5039,.F.);
#5039 = EDGE_CURVE('',#5040,#5012,#5042,.T.);
#5040 = VERTEX_POINT('',#5041);
#5041 = CARTESIAN_POINT('',(5.,-17.5,77.330343736593));
#5042 = SURFACE_CURVE('',#5043,(#5047,#5054),.PCURVE_S1.);
#5043 = LINE('',#5044,#5045);
#5044 = CARTESIAN_POINT('',(64.378033392131,-17.5,77.330343736593));
#5045 = VECTOR('',#5046,1.);
#5046 = DIRECTION('',(1.,1.224646799147E-16,0.));
#5047 = PCURVE('',#3526,#5048);
#5048 = DEFINITIONAL_REPRESENTATION('',(#5049),#5053);
#5049 = LINE('',#5050,#5051);
#5050 = CARTESIAN_POINT('',(-0.,-2.));
#5051 = VECTOR('',#5052,1.);
#5052 = DIRECTION('',(-1.,0.));
#5053 = ( GEOMETRIC_REPRESENTATION_CONTEXT(2) 
PARAMETRIC_REPRESENTATION_CONTEXT() REPRESENTATION_CONTEXT('2D SPACE',''
  ) );
#5054 = PCURVE('',#5055,#5060);
#5055 = PLANE('',#5056);
#5056 = AXIS2_PLACEMENT_3D('',#5057,#5058,#5059);
#5057 = CARTESIAN_POINT('',(52.5,-10.,77.330343736593));
#5058 = DIRECTION('',(0.,0.,1.));
#5059 = DIRECTION('',(1.,0.,0.));
#5060 = DEFINITIONAL_REPRESENTATION('',(#5061),#5065);
#5061 = LINE('',#5062,#5063);
#5062 = CARTESIAN_POINT('',(11.878033392131,-7.5));
#5063 = VECTOR('',#5064,1.);
#5064 = DIRECTION('',(1.,1.224646799147E-16));
#5065 = ( GEOMETRIC_REPRESENTATION_CONTEXT(2) 
PARAMETRIC_REPRESENTATION_CONTEXT() REPRESENTATION_CONTEXT('2D SPACE',''
  ) );
#5066 = ORIENTED_EDGE('',*,*,#5067,.T.);
#5067 = EDGE_CURVE('',#5040,#5068,#5070,.T.);
#5068 = VERTEX_POINT('',#5069);
#5069 = CARTESIAN_POINT('',(5.,-17.5,79.330343736593));
#5070 = SURFACE_CURVE('',#5071,(#5075,#5082),.PCURVE_S1.);
#5071 = LINE('',#5072,#5073);
#5072 = CARTESIAN_POINT('',(5.,-17.5,77.330343736593));
#5073 = VECTOR('',#5074,1.);
#5074 = DIRECTION('',(0.,0.,1.));
#5075 = PCURVE('',#3526,#5076);
#5076 = DEFINITIONAL_REPRESENTATION('',(#5077),#5081);
#5077 = LINE('',#5078,#5079);
#5078 = CARTESIAN_POINT('',(59.378033392131,-2.));
#5079 = VECTOR('',#5080,1.);
#5080 = DIRECTION('',(0.,1.));
#5081 = ( GEOMETRIC_REPRESENTATION_CONTEXT(2) 
PARAMETRIC_REPRESENTATION_CONTEXT() REPRESENTATION_CONTEXT('2D SPACE',''
  ) );
#5082 = PCURVE('',#5083,#5088);
#5083 = PLANE('',#5084);
#5084 = AXIS2_PLACEMENT_3D('',#5085,#5086,#5087);
#5085 = CARTESIAN_POINT('',(5.,-10.,77.330343736593));
#5086 = DIRECTION('',(1.,1.836970198721E-16,0.));
#5087 = DIRECTION('',(-1.836970198721E-16,1.,0.));
#5088 = DEFINITIONAL_REPRESENTATION('',(#5089),#5093);
#5089 = LINE('',#5090,#5091);
#5090 = CARTESIAN_POINT('',(-7.5,0.));
#5091 = VECTOR('',#5092,1.);
#5092 = DIRECTION('',(0.,1.));
#5093 = ( GEOMETRIC_REPRESENTATION_CONTEXT(2) 
PARAMETRIC_REPRESENTATION_CONTEXT() REPRESENTATION_CONTEXT('2D SPACE',''
  ) );
#5094 = ORIENTED_EDGE('',*,*,#5095,.F.);
#5095 = EDGE_CURVE('',#5096,#5068,#5098,.T.);
#5096 = VERTEX_POINT('',#5097);
#5097 = CARTESIAN_POINT('',(4.163336342344E-14,-17.5,79.330343736593));
#5098 = SURFACE_CURVE('',#5099,(#5103,#5110),.PCURVE_S1.);
#5099 = LINE('',#5100,#5101);
#5100 = CARTESIAN_POINT('',(64.378033392131,-17.5,79.330343736593));
#5101 = VECTOR('',#5102,1.);
#5102 = DIRECTION('',(1.,1.224646799147E-16,0.));
#5103 = PCURVE('',#3526,#5104);
#5104 = DEFINITIONAL_REPRESENTATION('',(#5105),#5109);
#5105 = LINE('',#5106,#5107);
#5106 = CARTESIAN_POINT('',(0.,0.));
#5107 = VECTOR('',#5108,1.);
#5108 = DIRECTION('',(-1.,0.));
#5109 = ( GEOMETRIC_REPRESENTATION_CONTEXT(2) 
PARAMETRIC_REPRESENTATION_CONTEXT() REPRESENTATION_CONTEXT('2D SPACE',''
  ) );
#5110 = PCURVE('',#5111,#5116);
#5111 = PLANE('',#5112);
#5112 = AXIS2_PLACEMENT_3D('',#5113,#5114,#5115);
#5113 = CARTESIAN_POINT('',(52.5,-10.,79.330343736593));
#5114 = DIRECTION('',(0.,0.,1.));
#5115 = DIRECTION('',(1.,0.,0.));
#5116 = DEFINITIONAL_REPRESENTATION('',(#5117),#5121);
#5117 = LINE('',#5118,#5119);
#5118 = CARTESIAN_POINT('',(11.878033392131,-7.5));
#5119 = VECTOR('',#5120,1.);
#5120 = DIRECTION('',(1.,1.224646799147E-16));
#5121 = ( GEOMETRIC_REPRESENTATION_CONTEXT(2) 
PARAMETRIC_REPRESENTATION_CONTEXT() REPRESENTATION_CONTEXT('2D SPACE',''
  ) );
#5122 = ORIENTED_EDGE('',*,*,#5123,.F.);
#5123 = EDGE_CURVE('',#5124,#5096,#5126,.T.);
#5124 = VERTEX_POINT('',#5125);
#5125 = CARTESIAN_POINT('',(4.163336342344E-14,-17.5,77.330343736593));
#5126 = SURFACE_CURVE('',#5127,(#5131,#5138),.PCURVE_S1.);
#5127 = LINE('',#5128,#5129);
#5128 = CARTESIAN_POINT('',(4.163336342344E-14,-17.5,77.330343736593));
#5129 = VECTOR('',#5130,1.);
#5130 = DIRECTION('',(0.,0.,1.));
#5131 = PCURVE('',#3526,#5132);
#5132 = DEFINITIONAL_REPRESENTATION('',(#5133),#5137);
#5133 = LINE('',#5134,#5135);
#5134 = CARTESIAN_POINT('',(64.378033392131,-2.));
#5135 = VECTOR('',#5136,1.);
#5136 = DIRECTION('',(0.,1.));
#5137 = ( GEOMETRIC_REPRESENTATION_CONTEXT(2) 
PARAMETRIC_REPRESENTATION_CONTEXT() REPRESENTATION_CONTEXT('2D SPACE',''
  ) );
#5138 = PCURVE('',#5139,#5144);
#5139 = PLANE('',#5140);
#5140 = AXIS2_PLACEMENT_3D('',#5141,#5142,#5143);
#5141 = CARTESIAN_POINT('',(4.683753385137E-14,-10.,77.330343736593));
#5142 = DIRECTION('',(1.,1.836970198721E-16,0.));
#5143 = DIRECTION('',(-1.836970198721E-16,1.,0.));
#5144 = DEFINITIONAL_REPRESENTATION('',(#5145),#5149);
#5145 = LINE('',#5146,#5147);
#5146 = CARTESIAN_POINT('',(-7.5,0.));
#5147 = VECTOR('',#5148,1.);
#5148 = DIRECTION('',(0.,1.));
#5149 = ( GEOMETRIC_REPRESENTATION_CONTEXT(2) 
PARAMETRIC_REPRESENTATION_CONTEXT() REPRESENTATION_CONTEXT('2D SPACE',''
  ) );
#5150 = ORIENTED_EDGE('',*,*,#5151,.F.);
#5151 = EDGE_CURVE('',#5152,#5124,#5154,.T.);
#5152 = VERTEX_POINT('',#5153);
#5153 = CARTESIAN_POINT('',(-5.,-17.5,77.330343736593));
#5154 = SURFACE_CURVE('',#5155,(#5159,#5166),.PCURVE_S1.);
#5155 = LINE('',#5156,#5157);
#5156 = CARTESIAN_POINT('',(64.378033392131,-17.5,77.330343736593));
#5157 = VECTOR('',#5158,1.);
#5158 = DIRECTION('',(1.,1.224646799147E-16,0.));
#5159 = PCURVE('',#3526,#5160);
#5160 = DEFINITIONAL_REPRESENTATION('',(#5161),#5165);
#5161 = LINE('',#5162,#5163);
#5162 = CARTESIAN_POINT('',(-0.,-2.));
#5163 = VECTOR('',#5164,1.);
#5164 = DIRECTION('',(-1.,0.));
#5165 = ( GEOMETRIC_REPRESENTATION_CONTEXT(2) 
PARAMETRIC_REPRESENTATION_CONTEXT() REPRESENTATION_CONTEXT('2D SPACE',''
  ) );
#5166 = PCURVE('',#5167,#5172);
#5167 = PLANE('',#5168);
#5168 = AXIS2_PLACEMENT_3D('',#5169,#5170,#5171);
#5169 = CARTESIAN_POINT('',(52.5,-10.,77.330343736593));
#5170 = DIRECTION('',(0.,0.,1.));
#5171 = DIRECTION('',(1.,0.,0.));
#5172 = DEFINITIONAL_REPRESENTATION('',(#5173),#5177);
#5173 = LINE('',#5174,#5175);
#5174 = CARTESIAN_POINT('',(11.878033392131,-7.5));
#5175 = VECTOR('',#5176,1.);
#5176 = DIRECTION('',(1.,1.224646799147E-16));
#5177 = ( GEOMETRIC_REPRESENTATION_CONTEXT(2) 
PARAMETRIC_REPRESENTATION_CONTEXT() REPRESENTATION_CONTEXT('2D SPACE',''
  ) );
#5178 = ORIENTED_EDGE('',*,*,#5179,.T.);
#5179 = EDGE_CURVE('',#5152,#5180,#5182,.T.);
#5180 = VERTEX_POINT('',#5181);
#5181 = CARTESIAN_POINT('',(-5.,-17.5,79.330343736593));
#5182 = SURFACE_CURVE('',#5183,(#5187,#5194),.PCURVE_S1.);
#5183 = LINE('',#5184,#5185);
#5184 = CARTESIAN_POINT('',(-5.,-17.5,77.330343736593));
#5185 = VECTOR('',#5186,1.);
#5186 = DIRECTION('',(0.,0.,1.));
#5187 = PCURVE('',#3526,#5188);
#5188 = DEFINITIONAL_REPRESENTATION('',(#5189),#5193);
#5189 = LINE('',#5190,#5191);
#5190 = CARTESIAN_POINT('',(69.378033392131,-2.));
#5191 = VECTOR('',#5192,1.);
#5192 = DIRECTION('',(0.,1.));
#5193 = ( GEOMETRIC_REPRESENTATION_CONTEXT(2) 
PARAMETRIC_REPRESENTATION_CONTEXT() REPRESENTATION_CONTEXT('2D SPACE',''
  ) );
#5194 = PCURVE('',#5195,#5200);
#5195 = PLANE('',#5196);
#5196 = AXIS2_PLACEMENT_3D('',#5197,#5198,#5199);
#5197 = CARTESIAN_POINT('',(-5.,-10.,77.330343736593));
#5198 = DIRECTION('',(1.,1.836970198721E-16,0.));
#5199 = DIRECTION('',(-1.836970198721E-16,1.,0.));
#5200 = DEFINITIONAL_REPRESENTATION('',(#5201),#5205);
#5201 = LINE('',#5202,#5203);
#5202 = CARTESIAN_POINT('',(-7.5,0.));
#5203 = VECTOR('',#5204,1.);
#5204 = DIRECTION('',(0.,1.));
#5205 = ( GEOMETRIC_REPRESENTATION_CONTEXT(2) 
PARAMETRIC_REPRESENTATION_CONTEXT() REPRESENTATION_CONTEXT('2D SPACE',''
  ) );
#5206 = ORIENTED_EDGE('',*,*,#5207,.F.);
#5207 = EDGE_CURVE('',#5208,#5180,#5210,.T.);
#5208 = VERTEX_POINT('',#5209);
#5209 = CARTESIAN_POINT('',(-10.,-17.5,79.330343736593));
#5210 = SURFACE_CURVE('',#5211,(#5215,#5222),.PCURVE_S1.);
#5211 = LINE('',#5212,#5213);
#5212 = CARTESIAN_POINT('',(64.378033392131,-17.5,79.330343736593));
#5213 = VECTOR('',#5214,1.);
#5214 = DIRECTION('',(1.,1.224646799147E-16,0.));
#5215 = PCURVE('',#3526,#5216);
#5216 = DEFINITIONAL_REPRESENTATION('',(#5217),#5221);
#5217 = LINE('',#5218,#5219);
#5218 = CARTESIAN_POINT('',(0.,0.));
#5219 = VECTOR('',#5220,1.);
#5220 = DIRECTION('',(-1.,0.));
#5221 = ( GEOMETRIC_REPRESENTATION_CONTEXT(2) 
PARAMETRIC_REPRESENTATION_CONTEXT() REPRESENTATION_CONTEXT('2D SPACE',''
  ) );
#5222 = PCURVE('',#5223,#5228);
#5223 = PLANE('',#5224);
#5224 = AXIS2_PLACEMENT_3D('',#5225,#5226,#5227);
#5225 = CARTESIAN_POINT('',(52.5,-10.,79.330343736593));
#5226 = DIRECTION('',(0.,0.,1.));
#5227 = DIRECTION('',(1.,0.,0.));
#5228 = DEFINITIONAL_REPRESENTATION('',(#5229),#5233);
#5229 = LINE('',#5230,#5231);
#5230 = CARTESIAN_POINT('',(11.878033392131,-7.5));
#5231 = VECTOR('',#5232,1.);
#5232 = DIRECTION('',(1.,1.224646799147E-16));
#5233 = ( GEOMETRIC_REPRESENTATION_CONTEXT(2) 
PARAMETRIC_REPRESENTATION_CONTEXT() REPRESENTATION_CONTEXT('2D SPACE',''
  ) );
#5234 = ORIENTED_EDGE('',*,*,#5235,.F.);
#5235 = EDGE_CURVE('',#3544,#5208,#5236,.T.);
#5236 = SURFACE_CURVE('',#5237,(#5241,#5248),.PCURVE_S1.);
#5237 = LINE('',#5238,#5239);
#5238 = CARTESIAN_POINT('',(-10.,-17.5,77.330343736593));
#5239 = VECTOR('',#5240,1.);
#5240 = DIRECTION('',(0.,0.,1.));
#5241 = PCURVE('',#3526,#5242);
#5242 = DEFINITIONAL_REPRESENTATION('',(#5243),#5247);
#5243 = LINE('',#5244,#5245);
#5244 = CARTESIAN_POINT('',(74.378033392131,-2.));
#5245 = VECTOR('',#5246,1.);
#5246 = DIRECTION('',(0.,1.));
#5247 = ( GEOMETRIC_REPRESENTATION_CONTEXT(2) 
PARAMETRIC_REPRESENTATION_CONTEXT() REPRESENTATION_CONTEXT('2D SPACE',''
  ) );
#5248 = PCURVE('',#5249,#5254);
#5249 = PLANE('',#5250);
#5250 = AXIS2_PLACEMENT_3D('',#5251,#5252,#5253);
#5251 = CARTESIAN_POINT('',(-10.,-10.,77.330343736593));
#5252 = DIRECTION('',(-1.,-6.123233995737E-17,0.));
#5253 = DIRECTION('',(6.123233995737E-17,-1.,0.));
#5254 = DEFINITIONAL_REPRESENTATION('',(#5255),#5259);
#5255 = LINE('',#5256,#5257);
#5256 = CARTESIAN_POINT('',(7.5,0.));
#5257 = VECTOR('',#5258,1.);
#5258 = DIRECTION('',(0.,1.));
#5259 = ( GEOMETRIC_REPRESENTATION_CONTEXT(2) 
PARAMETRIC_REPRESENTATION_CONTEXT() REPRESENTATION_CONTEXT('2D SPACE',''
  ) );
#5260 = ADVANCED_FACE('',(#5261),#5249,.T.);
#5261 = FACE_BOUND('',#5262,.T.);
#5262 = EDGE_LOOP('',(#5263,#5286,#5309,#5330));
#5263 = ORIENTED_EDGE('',*,*,#5264,.F.);
#5264 = EDGE_CURVE('',#5265,#5208,#5267,.T.);
#5265 = VERTEX_POINT('',#5266);
#5266 = CARTESIAN_POINT('',(-10.,-2.5,79.330343736593));
#5267 = SURFACE_CURVE('',#5268,(#5272,#5279),.PCURVE_S1.);
#5268 = LINE('',#5269,#5270);
#5269 = CARTESIAN_POINT('',(-10.,-10.,79.330343736593));
#5270 = VECTOR('',#5271,1.);
#5271 = DIRECTION('',(6.123233995737E-17,-1.,0.));
#5272 = PCURVE('',#5249,#5273);
#5273 = DEFINITIONAL_REPRESENTATION('',(#5274),#5278);
#5274 = LINE('',#5275,#5276);
#5275 = CARTESIAN_POINT('',(0.,2.));
#5276 = VECTOR('',#5277,1.);
#5277 = DIRECTION('',(1.,0.));
#5278 = ( GEOMETRIC_REPRESENTATION_CONTEXT(2) 
PARAMETRIC_REPRESENTATION_CONTEXT() REPRESENTATION_CONTEXT('2D SPACE',''
  ) );
#5279 = PCURVE('',#5223,#5280);
#5280 = DEFINITIONAL_REPRESENTATION('',(#5281),#5285);
#5281 = LINE('',#5282,#5283);
#5282 = CARTESIAN_POINT('',(-62.5,0.));
#5283 = VECTOR('',#5284,1.);
#5284 = DIRECTION('',(6.123233995737E-17,-1.));
#5285 = ( GEOMETRIC_REPRESENTATION_CONTEXT(2) 
PARAMETRIC_REPRESENTATION_CONTEXT() REPRESENTATION_CONTEXT('2D SPACE',''
  ) );
#5286 = ORIENTED_EDGE('',*,*,#5287,.F.);
#5287 = EDGE_CURVE('',#5288,#5265,#5290,.T.);
#5288 = VERTEX_POINT('',#5289);
#5289 = CARTESIAN_POINT('',(-10.,-2.5,77.330343736593));
#5290 = SURFACE_CURVE('',#5291,(#5295,#5302),.PCURVE_S1.);
#5291 = LINE('',#5292,#5293);
#5292 = CARTESIAN_POINT('',(-10.,-2.5,77.330343736593));
#5293 = VECTOR('',#5294,1.);
#5294 = DIRECTION('',(0.,0.,1.));
#5295 = PCURVE('',#5249,#5296);
#5296 = DEFINITIONAL_REPRESENTATION('',(#5297),#5301);
#5297 = LINE('',#5298,#5299);
#5298 = CARTESIAN_POINT('',(-7.5,0.));
#5299 = VECTOR('',#5300,1.);
#5300 = DIRECTION('',(0.,1.));
#5301 = ( GEOMETRIC_REPRESENTATION_CONTEXT(2) 
PARAMETRIC_REPRESENTATION_CONTEXT() REPRESENTATION_CONTEXT('2D SPACE',''
  ) );
#5302 = PCURVE('',#3399,#5303);
#5303 = DEFINITIONAL_REPRESENTATION('',(#5304),#5308);
#5304 = LINE('',#5305,#5306);
#5305 = CARTESIAN_POINT('',(74.378033392131,-2.));
#5306 = VECTOR('',#5307,1.);
#5307 = DIRECTION('',(0.,1.));
#5308 = ( GEOMETRIC_REPRESENTATION_CONTEXT(2) 
PARAMETRIC_REPRESENTATION_CONTEXT() REPRESENTATION_CONTEXT('2D SPACE',''
  ) );
#5309 = ORIENTED_EDGE('',*,*,#5310,.T.);
#5310 = EDGE_CURVE('',#5288,#3544,#5311,.T.);
#5311 = SURFACE_CURVE('',#5312,(#5316,#5323),.PCURVE_S1.);
#5312 = LINE('',#5313,#5314);
#5313 = CARTESIAN_POINT('',(-10.,-10.,77.330343736593));
#5314 = VECTOR('',#5315,1.);
#5315 = DIRECTION('',(6.123233995737E-17,-1.,0.));
#5316 = PCURVE('',#5249,#5317);
#5317 = DEFINITIONAL_REPRESENTATION('',(#5318),#5322);
#5318 = LINE('',#5319,#5320);
#5319 = CARTESIAN_POINT('',(0.,0.));
#5320 = VECTOR('',#5321,1.);
#5321 = DIRECTION('',(1.,0.));
#5322 = ( GEOMETRIC_REPRESENTATION_CONTEXT(2) 
PARAMETRIC_REPRESENTATION_CONTEXT() REPRESENTATION_CONTEXT('2D SPACE',''
  ) );
#5323 = PCURVE('',#3559,#5324);
#5324 = DEFINITIONAL_REPRESENTATION('',(#5325),#5329);
#5325 = LINE('',#5326,#5327);
#5326 = CARTESIAN_POINT('',(-62.5,0.));
#5327 = VECTOR('',#5328,1.);
#5328 = DIRECTION('',(6.123233995737E-17,-1.));
#5329 = ( GEOMETRIC_REPRESENTATION_CONTEXT(2) 
PARAMETRIC_REPRESENTATION_CONTEXT() REPRESENTATION_CONTEXT('2D SPACE',''
  ) );
#5330 = ORIENTED_EDGE('',*,*,#5235,.T.);
#5331 = ADVANCED_FACE('',(#5332),#5223,.T.);
#5332 = FACE_BOUND('',#5333,.T.);
#5333 = EDGE_LOOP('',(#5334,#5357,#5358,#5359));
#5334 = ORIENTED_EDGE('',*,*,#5335,.F.);
#5335 = EDGE_CURVE('',#5265,#5336,#5338,.T.);
#5336 = VERTEX_POINT('',#5337);
#5337 = CARTESIAN_POINT('',(-5.,-2.5,79.330343736593));
#5338 = SURFACE_CURVE('',#5339,(#5343,#5350),.PCURVE_S1.);
#5339 = LINE('',#5340,#5341);
#5340 = CARTESIAN_POINT('',(64.378033392131,-2.5,79.330343736593));
#5341 = VECTOR('',#5342,1.);
#5342 = DIRECTION('',(1.,1.224646799147E-16,0.));
#5343 = PCURVE('',#5223,#5344);
#5344 = DEFINITIONAL_REPRESENTATION('',(#5345),#5349);
#5345 = LINE('',#5346,#5347);
#5346 = CARTESIAN_POINT('',(11.878033392131,7.5));
#5347 = VECTOR('',#5348,1.);
#5348 = DIRECTION('',(1.,1.224646799147E-16));
#5349 = ( GEOMETRIC_REPRESENTATION_CONTEXT(2) 
PARAMETRIC_REPRESENTATION_CONTEXT() REPRESENTATION_CONTEXT('2D SPACE',''
  ) );
#5350 = PCURVE('',#3399,#5351);
#5351 = DEFINITIONAL_REPRESENTATION('',(#5352),#5356);
#5352 = LINE('',#5353,#5354);
#5353 = CARTESIAN_POINT('',(0.,0.));
#5354 = VECTOR('',#5355,1.);
#5355 = DIRECTION('',(-1.,0.));
#5356 = ( GEOMETRIC_REPRESENTATION_CONTEXT(2) 
PARAMETRIC_REPRESENTATION_CONTEXT() REPRESENTATION_CONTEXT('2D SPACE',''
  ) );
#5357 = ORIENTED_EDGE('',*,*,#5264,.T.);
#5358 = ORIENTED_EDGE('',*,*,#5207,.T.);
#5359 = ORIENTED_EDGE('',*,*,#5360,.T.);
#5360 = EDGE_CURVE('',#5180,#5336,#5361,.T.);
#5361 = SURFACE_CURVE('',#5362,(#5366,#5373),.PCURVE_S1.);
#5362 = LINE('',#5363,#5364);
#5363 = CARTESIAN_POINT('',(-5.,-10.,79.330343736593));
#5364 = VECTOR('',#5365,1.);
#5365 = DIRECTION('',(-1.836970198721E-16,1.,0.));
#5366 = PCURVE('',#5223,#5367);
#5367 = DEFINITIONAL_REPRESENTATION('',(#5368),#5372);
#5368 = LINE('',#5369,#5370);
#5369 = CARTESIAN_POINT('',(-57.5,0.));
#5370 = VECTOR('',#5371,1.);
#5371 = DIRECTION('',(-1.836970198721E-16,1.));
#5372 = ( GEOMETRIC_REPRESENTATION_CONTEXT(2) 
PARAMETRIC_REPRESENTATION_CONTEXT() REPRESENTATION_CONTEXT('2D SPACE',''
  ) );
#5373 = PCURVE('',#5195,#5374);
#5374 = DEFINITIONAL_REPRESENTATION('',(#5375),#5379);
#5375 = LINE('',#5376,#5377);
#5376 = CARTESIAN_POINT('',(0.,2.));
#5377 = VECTOR('',#5378,1.);
#5378 = DIRECTION('',(1.,0.));
#5379 = ( GEOMETRIC_REPRESENTATION_CONTEXT(2) 
PARAMETRIC_REPRESENTATION_CONTEXT() REPRESENTATION_CONTEXT('2D SPACE',''
  ) );
#5380 = ADVANCED_FACE('',(#5381),#5195,.T.);
#5381 = FACE_BOUND('',#5382,.T.);
#5382 = EDGE_LOOP('',(#5383,#5384,#5385,#5408));
#5383 = ORIENTED_EDGE('',*,*,#5360,.F.);
#5384 = ORIENTED_EDGE('',*,*,#5179,.F.);
#5385 = ORIENTED_EDGE('',*,*,#5386,.T.);
#5386 = EDGE_CURVE('',#5152,#5387,#5389,.T.);
#5387 = VERTEX_POINT('',#5388);
#5388 = CARTESIAN_POINT('',(-5.,-2.5,77.330343736593));
#5389 = SURFACE_CURVE('',#5390,(#5394,#5401),.PCURVE_S1.);
#5390 = LINE('',#5391,#5392);
#5391 = CARTESIAN_POINT('',(-5.,-10.,77.330343736593));
#5392 = VECTOR('',#5393,1.);
#5393 = DIRECTION('',(-1.836970198721E-16,1.,0.));
#5394 = PCURVE('',#5195,#5395);
#5395 = DEFINITIONAL_REPRESENTATION('',(#5396),#5400);
#5396 = LINE('',#5397,#5398);
#5397 = CARTESIAN_POINT('',(0.,0.));
#5398 = VECTOR('',#5399,1.);
#5399 = DIRECTION('',(1.,0.));
#5400 = ( GEOMETRIC_REPRESENTATION_CONTEXT(2) 
PARAMETRIC_REPRESENTATION_CONTEXT() REPRESENTATION_CONTEXT('2D SPACE',''
  ) );
#5401 = PCURVE('',#5167,#5402);
#5402 = DEFINITIONAL_REPRESENTATION('',(#5403),#5407);
#5403 = LINE('',#5404,#5405);
#5404 = CARTESIAN_POINT('',(-57.5,0.));
#5405 = VECTOR('',#5406,1.);
#5406 = DIRECTION('',(-1.836970198721E-16,1.));
#5407 = ( GEOMETRIC_REPRESENTATION_CONTEXT(2) 
PARAMETRIC_REPRESENTATION_CONTEXT() REPRESENTATION_CONTEXT('2D SPACE',''
  ) );
#5408 = ORIENTED_EDGE('',*,*,#5409,.T.);
#5409 = EDGE_CURVE('',#5387,#5336,#5410,.T.);
#5410 = SURFACE_CURVE('',#5411,(#5415,#5422),.PCURVE_S1.);
#5411 = LINE('',#5412,#5413);
#5412 = CARTESIAN_POINT('',(-5.,-2.5,77.330343736593));
#5413 = VECTOR('',#5414,1.);
#5414 = DIRECTION('',(0.,0.,1.));
#5415 = PCURVE('',#5195,#5416);
#5416 = DEFINITIONAL_REPRESENTATION('',(#5417),#5421);
#5417 = LINE('',#5418,#5419);
#5418 = CARTESIAN_POINT('',(7.5,0.));
#5419 = VECTOR('',#5420,1.);
#5420 = DIRECTION('',(0.,1.));
#5421 = ( GEOMETRIC_REPRESENTATION_CONTEXT(2) 
PARAMETRIC_REPRESENTATION_CONTEXT() REPRESENTATION_CONTEXT('2D SPACE',''
  ) );
#5422 = PCURVE('',#3399,#5423);
#5423 = DEFINITIONAL_REPRESENTATION('',(#5424),#5428);
#5424 = LINE('',#5425,#5426);
#5425 = CARTESIAN_POINT('',(69.378033392131,-2.));
#5426 = VECTOR('',#5427,1.);
#5427 = DIRECTION('',(0.,1.));
#5428 = ( GEOMETRIC_REPRESENTATION_CONTEXT(2) 
PARAMETRIC_REPRESENTATION_CONTEXT() REPRESENTATION_CONTEXT('2D SPACE',''
  ) );
#5429 = ADVANCED_FACE('',(#5430),#5167,.T.);
#5430 = FACE_BOUND('',#5431,.T.);
#5431 = EDGE_LOOP('',(#5432,#5433,#5434,#5457));
#5432 = ORIENTED_EDGE('',*,*,#5386,.F.);
#5433 = ORIENTED_EDGE('',*,*,#5151,.T.);
#5434 = ORIENTED_EDGE('',*,*,#5435,.T.);
#5435 = EDGE_CURVE('',#5124,#5436,#5438,.T.);
#5436 = VERTEX_POINT('',#5437);
#5437 = CARTESIAN_POINT('',(4.163336342344E-14,-2.5,77.330343736593));
#5438 = SURFACE_CURVE('',#5439,(#5443,#5450),.PCURVE_S1.);
#5439 = LINE('',#5440,#5441);
#5440 = CARTESIAN_POINT('',(4.683753385137E-14,-10.,77.330343736593));
#5441 = VECTOR('',#5442,1.);
#5442 = DIRECTION('',(-1.836970198721E-16,1.,0.));
#5443 = PCURVE('',#5167,#5444);
#5444 = DEFINITIONAL_REPRESENTATION('',(#5445),#5449);
#5445 = LINE('',#5446,#5447);
#5446 = CARTESIAN_POINT('',(-52.5,0.));
#5447 = VECTOR('',#5448,1.);
#5448 = DIRECTION('',(-1.836970198721E-16,1.));
#5449 = ( GEOMETRIC_REPRESENTATION_CONTEXT(2) 
PARAMETRIC_REPRESENTATION_CONTEXT() REPRESENTATION_CONTEXT('2D SPACE',''
  ) );
#5450 = PCURVE('',#5139,#5451);
#5451 = DEFINITIONAL_REPRESENTATION('',(#5452),#5456);
#5452 = LINE('',#5453,#5454);
#5453 = CARTESIAN_POINT('',(0.,0.));
#5454 = VECTOR('',#5455,1.);
#5455 = DIRECTION('',(1.,0.));
#5456 = ( GEOMETRIC_REPRESENTATION_CONTEXT(2) 
PARAMETRIC_REPRESENTATION_CONTEXT() REPRESENTATION_CONTEXT('2D SPACE',''
  ) );
#5457 = ORIENTED_EDGE('',*,*,#5458,.F.);
#5458 = EDGE_CURVE('',#5387,#5436,#5459,.T.);
#5459 = SURFACE_CURVE('',#5460,(#5464,#5471),.PCURVE_S1.);
#5460 = LINE('',#5461,#5462);
#5461 = CARTESIAN_POINT('',(64.378033392131,-2.5,77.330343736593));
#5462 = VECTOR('',#5463,1.);
#5463 = DIRECTION('',(1.,1.224646799147E-16,0.));
#5464 = PCURVE('',#5167,#5465);
#5465 = DEFINITIONAL_REPRESENTATION('',(#5466),#5470);
#5466 = LINE('',#5467,#5468);
#5467 = CARTESIAN_POINT('',(11.878033392131,7.5));
#5468 = VECTOR('',#5469,1.);
#5469 = DIRECTION('',(1.,1.224646799147E-16));
#5470 = ( GEOMETRIC_REPRESENTATION_CONTEXT(2) 
PARAMETRIC_REPRESENTATION_CONTEXT() REPRESENTATION_CONTEXT('2D SPACE',''
  ) );
#5471 = PCURVE('',#3399,#5472);
#5472 = DEFINITIONAL_REPRESENTATION('',(#5473),#5477);
#5473 = LINE('',#5474,#5475);
#5474 = CARTESIAN_POINT('',(-0.,-2.));
#5475 = VECTOR('',#5476,1.);
#5476 = DIRECTION('',(-1.,0.));
#5477 = ( GEOMETRIC_REPRESENTATION_CONTEXT(2) 
PARAMETRIC_REPRESENTATION_CONTEXT() REPRESENTATION_CONTEXT('2D SPACE',''
  ) );
#5478 = ADVANCED_FACE('',(#5479),#5139,.F.);
#5479 = FACE_BOUND('',#5480,.T.);
#5480 = EDGE_LOOP('',(#5481,#5504,#5525,#5526));
#5481 = ORIENTED_EDGE('',*,*,#5482,.T.);
#5482 = EDGE_CURVE('',#5096,#5483,#5485,.T.);
#5483 = VERTEX_POINT('',#5484);
#5484 = CARTESIAN_POINT('',(4.163336342344E-14,-2.5,79.330343736593));
#5485 = SURFACE_CURVE('',#5486,(#5490,#5497),.PCURVE_S1.);
#5486 = LINE('',#5487,#5488);
#5487 = CARTESIAN_POINT('',(4.683753385137E-14,-10.,79.330343736593));
#5488 = VECTOR('',#5489,1.);
#5489 = DIRECTION('',(-1.836970198721E-16,1.,0.));
#5490 = PCURVE('',#5139,#5491);
#5491 = DEFINITIONAL_REPRESENTATION('',(#5492),#5496);
#5492 = LINE('',#5493,#5494);
#5493 = CARTESIAN_POINT('',(0.,2.));
#5494 = VECTOR('',#5495,1.);
#5495 = DIRECTION('',(1.,0.));
#5496 = ( GEOMETRIC_REPRESENTATION_CONTEXT(2) 
PARAMETRIC_REPRESENTATION_CONTEXT() REPRESENTATION_CONTEXT('2D SPACE',''
  ) );
#5497 = PCURVE('',#5111,#5498);
#5498 = DEFINITIONAL_REPRESENTATION('',(#5499),#5503);
#5499 = LINE('',#5500,#5501);
#5500 = CARTESIAN_POINT('',(-52.5,0.));
#5501 = VECTOR('',#5502,1.);
#5502 = DIRECTION('',(-1.836970198721E-16,1.));
#5503 = ( GEOMETRIC_REPRESENTATION_CONTEXT(2) 
PARAMETRIC_REPRESENTATION_CONTEXT() REPRESENTATION_CONTEXT('2D SPACE',''
  ) );
#5504 = ORIENTED_EDGE('',*,*,#5505,.F.);
#5505 = EDGE_CURVE('',#5436,#5483,#5506,.T.);
#5506 = SURFACE_CURVE('',#5507,(#5511,#5518),.PCURVE_S1.);
#5507 = LINE('',#5508,#5509);
#5508 = CARTESIAN_POINT('',(4.163336342344E-14,-2.5,77.330343736593));
#5509 = VECTOR('',#5510,1.);
#5510 = DIRECTION('',(0.,0.,1.));
#5511 = PCURVE('',#5139,#5512);
#5512 = DEFINITIONAL_REPRESENTATION('',(#5513),#5517);
#5513 = LINE('',#5514,#5515);
#5514 = CARTESIAN_POINT('',(7.5,0.));
#5515 = VECTOR('',#5516,1.);
#5516 = DIRECTION('',(0.,1.));
#5517 = ( GEOMETRIC_REPRESENTATION_CONTEXT(2) 
PARAMETRIC_REPRESENTATION_CONTEXT() REPRESENTATION_CONTEXT('2D SPACE',''
  ) );
#5518 = PCURVE('',#3399,#5519);
#5519 = DEFINITIONAL_REPRESENTATION('',(#5520),#5524);
#5520 = LINE('',#5521,#5522);
#5521 = CARTESIAN_POINT('',(64.378033392131,-2.));
#5522 = VECTOR('',#5523,1.);
#5523 = DIRECTION('',(0.,1.));
#5524 = ( GEOMETRIC_REPRESENTATION_CONTEXT(2) 
PARAMETRIC_REPRESENTATION_CONTEXT() REPRESENTATION_CONTEXT('2D SPACE',''
  ) );
#5525 = ORIENTED_EDGE('',*,*,#5435,.F.);
#5526 = ORIENTED_EDGE('',*,*,#5123,.T.);
#5527 = ADVANCED_FACE('',(#5528),#5111,.T.);
#5528 = FACE_BOUND('',#5529,.T.);
#5529 = EDGE_LOOP('',(#5530,#5531,#5554,#5575));
#5530 = ORIENTED_EDGE('',*,*,#5095,.T.);
#5531 = ORIENTED_EDGE('',*,*,#5532,.T.);
#5532 = EDGE_CURVE('',#5068,#5533,#5535,.T.);
#5533 = VERTEX_POINT('',#5534);
#5534 = CARTESIAN_POINT('',(5.,-2.5,79.330343736593));
#5535 = SURFACE_CURVE('',#5536,(#5540,#5547),.PCURVE_S1.);
#5536 = LINE('',#5537,#5538);
#5537 = CARTESIAN_POINT('',(5.,-10.,79.330343736593));
#5538 = VECTOR('',#5539,1.);
#5539 = DIRECTION('',(-1.836970198721E-16,1.,0.));
#5540 = PCURVE('',#5111,#5541);
#5541 = DEFINITIONAL_REPRESENTATION('',(#5542),#5546);
#5542 = LINE('',#5543,#5544);
#5543 = CARTESIAN_POINT('',(-47.5,0.));
#5544 = VECTOR('',#5545,1.);
#5545 = DIRECTION('',(-1.836970198721E-16,1.));
#5546 = ( GEOMETRIC_REPRESENTATION_CONTEXT(2) 
PARAMETRIC_REPRESENTATION_CONTEXT() REPRESENTATION_CONTEXT('2D SPACE',''
  ) );
#5547 = PCURVE('',#5083,#5548);
#5548 = DEFINITIONAL_REPRESENTATION('',(#5549),#5553);
#5549 = LINE('',#5550,#5551);
#5550 = CARTESIAN_POINT('',(0.,2.));
#5551 = VECTOR('',#5552,1.);
#5552 = DIRECTION('',(1.,0.));
#5553 = ( GEOMETRIC_REPRESENTATION_CONTEXT(2) 
PARAMETRIC_REPRESENTATION_CONTEXT() REPRESENTATION_CONTEXT('2D SPACE',''
  ) );
#5554 = ORIENTED_EDGE('',*,*,#5555,.F.);
#5555 = EDGE_CURVE('',#5483,#5533,#5556,.T.);
#5556 = SURFACE_CURVE('',#5557,(#5561,#5568),.PCURVE_S1.);
#5557 = LINE('',#5558,#5559);
#5558 = CARTESIAN_POINT('',(64.378033392131,-2.5,79.330343736593));
#5559 = VECTOR('',#5560,1.);
#5560 = DIRECTION('',(1.,1.224646799147E-16,0.));
#5561 = PCURVE('',#5111,#5562);
#5562 = DEFINITIONAL_REPRESENTATION('',(#5563),#5567);
#5563 = LINE('',#5564,#5565);
#5564 = CARTESIAN_POINT('',(11.878033392131,7.5));
#5565 = VECTOR('',#5566,1.);
#5566 = DIRECTION('',(1.,1.224646799147E-16));
#5567 = ( GEOMETRIC_REPRESENTATION_CONTEXT(2) 
PARAMETRIC_REPRESENTATION_CONTEXT() REPRESENTATION_CONTEXT('2D SPACE',''
  ) );
#5568 = PCURVE('',#3399,#5569);
#5569 = DEFINITIONAL_REPRESENTATION('',(#5570),#5574);
#5570 = LINE('',#5571,#5572);
#5571 = CARTESIAN_POINT('',(0.,0.));
#5572 = VECTOR('',#5573,1.);
#5573 = DIRECTION('',(-1.,0.));
#5574 = ( GEOMETRIC_REPRESENTATION_CONTEXT(2) 
PARAMETRIC_REPRESENTATION_CONTEXT() REPRESENTATION_CONTEXT('2D SPACE',''
  ) );
#5575 = ORIENTED_EDGE('',*,*,#5482,.F.);
#5576 = ADVANCED_FACE('',(#5577),#5083,.T.);
#5577 = FACE_BOUND('',#5578,.T.);
#5578 = EDGE_LOOP('',(#5579,#5580,#5581,#5604));
#5579 = ORIENTED_EDGE('',*,*,#5532,.F.);
#5580 = ORIENTED_EDGE('',*,*,#5067,.F.);
#5581 = ORIENTED_EDGE('',*,*,#5582,.T.);
#5582 = EDGE_CURVE('',#5040,#5583,#5585,.T.);
#5583 = VERTEX_POINT('',#5584);
#5584 = CARTESIAN_POINT('',(5.,-2.5,77.330343736593));
#5585 = SURFACE_CURVE('',#5586,(#5590,#5597),.PCURVE_S1.);
#5586 = LINE('',#5587,#5588);
#5587 = CARTESIAN_POINT('',(5.,-10.,77.330343736593));
#5588 = VECTOR('',#5589,1.);
#5589 = DIRECTION('',(-1.836970198721E-16,1.,0.));
#5590 = PCURVE('',#5083,#5591);
#5591 = DEFINITIONAL_REPRESENTATION('',(#5592),#5596);
#5592 = LINE('',#5593,#5594);
#5593 = CARTESIAN_POINT('',(0.,0.));
#5594 = VECTOR('',#5595,1.);
#5595 = DIRECTION('',(1.,0.));
#5596 = ( GEOMETRIC_REPRESENTATION_CONTEXT(2) 
PARAMETRIC_REPRESENTATION_CONTEXT() REPRESENTATION_CONTEXT('2D SPACE',''
  ) );
#5597 = PCURVE('',#5055,#5598);
#5598 = DEFINITIONAL_REPRESENTATION('',(#5599),#5603);
#5599 = LINE('',#5600,#5601);
#5600 = CARTESIAN_POINT('',(-47.5,0.));
#5601 = VECTOR('',#5602,1.);
#5602 = DIRECTION('',(-1.836970198721E-16,1.));
#5603 = ( GEOMETRIC_REPRESENTATION_CONTEXT(2) 
PARAMETRIC_REPRESENTATION_CONTEXT() REPRESENTATION_CONTEXT('2D SPACE',''
  ) );
#5604 = ORIENTED_EDGE('',*,*,#5605,.T.);
#5605 = EDGE_CURVE('',#5583,#5533,#5606,.T.);
#5606 = SURFACE_CURVE('',#5607,(#5611,#5618),.PCURVE_S1.);
#5607 = LINE('',#5608,#5609);
#5608 = CARTESIAN_POINT('',(5.,-2.5,77.330343736593));
#5609 = VECTOR('',#5610,1.);
#5610 = DIRECTION('',(0.,0.,1.));
#5611 = PCURVE('',#5083,#5612);
#5612 = DEFINITIONAL_REPRESENTATION('',(#5613),#5617);
#5613 = LINE('',#5614,#5615);
#5614 = CARTESIAN_POINT('',(7.5,0.));
#5615 = VECTOR('',#5616,1.);
#5616 = DIRECTION('',(0.,1.));
#5617 = ( GEOMETRIC_REPRESENTATION_CONTEXT(2) 
PARAMETRIC_REPRESENTATION_CONTEXT() REPRESENTATION_CONTEXT('2D SPACE',''
  ) );
#5618 = PCURVE('',#3399,#5619);
#5619 = DEFINITIONAL_REPRESENTATION('',(#5620),#5624);
#5620 = LINE('',#5621,#5622);
#5621 = CARTESIAN_POINT('',(59.378033392131,-2.));
#5622 = VECTOR('',#5623,1.);
#5623 = DIRECTION('',(0.,1.));
#5624 = ( GEOMETRIC_REPRESENTATION_CONTEXT(2) 
PARAMETRIC_REPRESENTATION_CONTEXT() REPRESENTATION_CONTEXT('2D SPACE',''
  ) );
#5625 = ADVANCED_FACE('',(#5626),#5055,.T.);
#5626 = FACE_BOUND('',#5627,.T.);
#5627 = EDGE_LOOP('',(#5628,#5629,#5652,#5673));
#5628 = ORIENTED_EDGE('',*,*,#5039,.T.);
#5629 = ORIENTED_EDGE('',*,*,#5630,.T.);
#5630 = EDGE_CURVE('',#5012,#5631,#5633,.T.);
#5631 = VERTEX_POINT('',#5632);
#5632 = CARTESIAN_POINT('',(10.,-2.5,77.330343736593));
#5633 = SURFACE_CURVE('',#5634,(#5638,#5645),.PCURVE_S1.);
#5634 = LINE('',#5635,#5636);
#5635 = CARTESIAN_POINT('',(10.,-10.,77.330343736593));
#5636 = VECTOR('',#5637,1.);
#5637 = DIRECTION('',(-1.836970198721E-16,1.,0.));
#5638 = PCURVE('',#5055,#5639);
#5639 = DEFINITIONAL_REPRESENTATION('',(#5640),#5644);
#5640 = LINE('',#5641,#5642);
#5641 = CARTESIAN_POINT('',(-42.5,0.));
#5642 = VECTOR('',#5643,1.);
#5643 = DIRECTION('',(-1.836970198721E-16,1.));
#5644 = ( GEOMETRIC_REPRESENTATION_CONTEXT(2) 
PARAMETRIC_REPRESENTATION_CONTEXT() REPRESENTATION_CONTEXT('2D SPACE',''
  ) );
#5645 = PCURVE('',#5027,#5646);
#5646 = DEFINITIONAL_REPRESENTATION('',(#5647),#5651);
#5647 = LINE('',#5648,#5649);
#5648 = CARTESIAN_POINT('',(0.,0.));
#5649 = VECTOR('',#5650,1.);
#5650 = DIRECTION('',(1.,0.));
#5651 = ( GEOMETRIC_REPRESENTATION_CONTEXT(2) 
PARAMETRIC_REPRESENTATION_CONTEXT() REPRESENTATION_CONTEXT('2D SPACE',''
  ) );
#5652 = ORIENTED_EDGE('',*,*,#5653,.F.);
#5653 = EDGE_CURVE('',#5583,#5631,#5654,.T.);
#5654 = SURFACE_CURVE('',#5655,(#5659,#5666),.PCURVE_S1.);
#5655 = LINE('',#5656,#5657);
#5656 = CARTESIAN_POINT('',(64.378033392131,-2.5,77.330343736593));
#5657 = VECTOR('',#5658,1.);
#5658 = DIRECTION('',(1.,1.224646799147E-16,0.));
#5659 = PCURVE('',#5055,#5660);
#5660 = DEFINITIONAL_REPRESENTATION('',(#5661),#5665);
#5661 = LINE('',#5662,#5663);
#5662 = CARTESIAN_POINT('',(11.878033392131,7.5));
#5663 = VECTOR('',#5664,1.);
#5664 = DIRECTION('',(1.,1.224646799147E-16));
#5665 = ( GEOMETRIC_REPRESENTATION_CONTEXT(2) 
PARAMETRIC_REPRESENTATION_CONTEXT() REPRESENTATION_CONTEXT('2D SPACE',''
  ) );
#5666 = PCURVE('',#3399,#5667);
#5667 = DEFINITIONAL_REPRESENTATION('',(#5668),#5672);
#5668 = LINE('',#5669,#5670);
#5669 = CARTESIAN_POINT('',(-0.,-2.));
#5670 = VECTOR('',#5671,1.);
#5671 = DIRECTION('',(-1.,0.));
#5672 = ( GEOMETRIC_REPRESENTATION_CONTEXT(2) 
PARAMETRIC_REPRESENTATION_CONTEXT() REPRESENTATION_CONTEXT('2D SPACE',''
  ) );
#5673 = ORIENTED_EDGE('',*,*,#5582,.F.);
#5674 = ADVANCED_FACE('',(#5675),#5027,.F.);
#5675 = FACE_BOUND('',#5676,.T.);
#5676 = EDGE_LOOP('',(#5677,#5700,#5721,#5722));
#5677 = ORIENTED_EDGE('',*,*,#5678,.T.);
#5678 = EDGE_CURVE('',#4984,#5679,#5681,.T.);
#5679 = VERTEX_POINT('',#5680);
#5680 = CARTESIAN_POINT('',(10.,-2.5,79.330343736593));
#5681 = SURFACE_CURVE('',#5682,(#5686,#5693),.PCURVE_S1.);
#5682 = LINE('',#5683,#5684);
#5683 = CARTESIAN_POINT('',(10.,-10.,79.330343736593));
#5684 = VECTOR('',#5685,1.);
#5685 = DIRECTION('',(-1.836970198721E-16,1.,0.));
#5686 = PCURVE('',#5027,#5687);
#5687 = DEFINITIONAL_REPRESENTATION('',(#5688),#5692);
#5688 = LINE('',#5689,#5690);
#5689 = CARTESIAN_POINT('',(0.,2.));
#5690 = VECTOR('',#5691,1.);
#5691 = DIRECTION('',(1.,0.));
#5692 = ( GEOMETRIC_REPRESENTATION_CONTEXT(2) 
PARAMETRIC_REPRESENTATION_CONTEXT() REPRESENTATION_CONTEXT('2D SPACE',''
  ) );
#5693 = PCURVE('',#4999,#5694);
#5694 = DEFINITIONAL_REPRESENTATION('',(#5695),#5699);
#5695 = LINE('',#5696,#5697);
#5696 = CARTESIAN_POINT('',(-42.5,0.));
#5697 = VECTOR('',#5698,1.);
#5698 = DIRECTION('',(-1.836970198721E-16,1.));
#5699 = ( GEOMETRIC_REPRESENTATION_CONTEXT(2) 
PARAMETRIC_REPRESENTATION_CONTEXT() REPRESENTATION_CONTEXT('2D SPACE',''
  ) );
#5700 = ORIENTED_EDGE('',*,*,#5701,.F.);
#5701 = EDGE_CURVE('',#5631,#5679,#5702,.T.);
#5702 = SURFACE_CURVE('',#5703,(#5707,#5714),.PCURVE_S1.);
#5703 = LINE('',#5704,#5705);
#5704 = CARTESIAN_POINT('',(10.,-2.5,77.330343736593));
#5705 = VECTOR('',#5706,1.);
#5706 = DIRECTION('',(0.,0.,1.));
#5707 = PCURVE('',#5027,#5708);
#5708 = DEFINITIONAL_REPRESENTATION('',(#5709),#5713);
#5709 = LINE('',#5710,#5711);
#5710 = CARTESIAN_POINT('',(7.5,0.));
#5711 = VECTOR('',#5712,1.);
#5712 = DIRECTION('',(0.,1.));
#5713 = ( GEOMETRIC_REPRESENTATION_CONTEXT(2) 
PARAMETRIC_REPRESENTATION_CONTEXT() REPRESENTATION_CONTEXT('2D SPACE',''
  ) );
#5714 = PCURVE('',#3399,#5715);
#5715 = DEFINITIONAL_REPRESENTATION('',(#5716),#5720);
#5716 = LINE('',#5717,#5718);
#5717 = CARTESIAN_POINT('',(54.378033392131,-2.));
#5718 = VECTOR('',#5719,1.);
#5719 = DIRECTION('',(0.,1.));
#5720 = ( GEOMETRIC_REPRESENTATION_CONTEXT(2) 
PARAMETRIC_REPRESENTATION_CONTEXT() REPRESENTATION_CONTEXT('2D SPACE',''
  ) );
#5721 = ORIENTED_EDGE('',*,*,#5630,.F.);
#5722 = ORIENTED_EDGE('',*,*,#5011,.T.);
#5723 = ADVANCED_FACE('',(#5724),#4999,.T.);
#5724 = FACE_BOUND('',#5725,.T.);
#5725 = EDGE_LOOP('',(#5726,#5749,#5770,#5771));
#5726 = ORIENTED_EDGE('',*,*,#5727,.F.);
#5727 = EDGE_CURVE('',#5728,#4956,#5730,.T.);
#5728 = VERTEX_POINT('',#5729);
#5729 = CARTESIAN_POINT('',(15.,-2.5,79.330343736593));
#5730 = SURFACE_CURVE('',#5731,(#5735,#5742),.PCURVE_S1.);
#5731 = LINE('',#5732,#5733);
#5732 = CARTESIAN_POINT('',(15.,-10.,79.330343736593));
#5733 = VECTOR('',#5734,1.);
#5734 = DIRECTION('',(3.061616997868E-16,-1.,0.));
#5735 = PCURVE('',#4999,#5736);
#5736 = DEFINITIONAL_REPRESENTATION('',(#5737),#5741);
#5737 = LINE('',#5738,#5739);
#5738 = CARTESIAN_POINT('',(-37.5,0.));
#5739 = VECTOR('',#5740,1.);
#5740 = DIRECTION('',(3.061616997868E-16,-1.));
#5741 = ( GEOMETRIC_REPRESENTATION_CONTEXT(2) 
PARAMETRIC_REPRESENTATION_CONTEXT() REPRESENTATION_CONTEXT('2D SPACE',''
  ) );
#5742 = PCURVE('',#4971,#5743);
#5743 = DEFINITIONAL_REPRESENTATION('',(#5744),#5748);
#5744 = LINE('',#5745,#5746);
#5745 = CARTESIAN_POINT('',(0.,2.));
#5746 = VECTOR('',#5747,1.);
#5747 = DIRECTION('',(1.,0.));
#5748 = ( GEOMETRIC_REPRESENTATION_CONTEXT(2) 
PARAMETRIC_REPRESENTATION_CONTEXT() REPRESENTATION_CONTEXT('2D SPACE',''
  ) );
#5749 = ORIENTED_EDGE('',*,*,#5750,.F.);
#5750 = EDGE_CURVE('',#5679,#5728,#5751,.T.);
#5751 = SURFACE_CURVE('',#5752,(#5756,#5763),.PCURVE_S1.);
#5752 = LINE('',#5753,#5754);
#5753 = CARTESIAN_POINT('',(64.378033392131,-2.5,79.330343736593));
#5754 = VECTOR('',#5755,1.);
#5755 = DIRECTION('',(1.,1.224646799147E-16,0.));
#5756 = PCURVE('',#4999,#5757);
#5757 = DEFINITIONAL_REPRESENTATION('',(#5758),#5762);
#5758 = LINE('',#5759,#5760);
#5759 = CARTESIAN_POINT('',(11.878033392131,7.5));
#5760 = VECTOR('',#5761,1.);
#5761 = DIRECTION('',(1.,1.224646799147E-16));
#5762 = ( GEOMETRIC_REPRESENTATION_CONTEXT(2) 
PARAMETRIC_REPRESENTATION_CONTEXT() REPRESENTATION_CONTEXT('2D SPACE',''
  ) );
#5763 = PCURVE('',#3399,#5764);
#5764 = DEFINITIONAL_REPRESENTATION('',(#5765),#5769);
#5765 = LINE('',#5766,#5767);
#5766 = CARTESIAN_POINT('',(0.,0.));
#5767 = VECTOR('',#5768,1.);
#5768 = DIRECTION('',(-1.,0.));
#5769 = ( GEOMETRIC_REPRESENTATION_CONTEXT(2) 
PARAMETRIC_REPRESENTATION_CONTEXT() REPRESENTATION_CONTEXT('2D SPACE',''
  ) );
#5770 = ORIENTED_EDGE('',*,*,#5678,.F.);
#5771 = ORIENTED_EDGE('',*,*,#4983,.T.);
#5772 = ADVANCED_FACE('',(#5773),#4971,.F.);
#5773 = FACE_BOUND('',#5774,.T.);
#5774 = EDGE_LOOP('',(#5775,#5776,#5777,#5800));
#5775 = ORIENTED_EDGE('',*,*,#5727,.T.);
#5776 = ORIENTED_EDGE('',*,*,#4955,.F.);
#5777 = ORIENTED_EDGE('',*,*,#5778,.F.);
#5778 = EDGE_CURVE('',#5779,#4928,#5781,.T.);
#5779 = VERTEX_POINT('',#5780);
#5780 = CARTESIAN_POINT('',(15.,-2.5,77.330343736593));
#5781 = SURFACE_CURVE('',#5782,(#5786,#5793),.PCURVE_S1.);
#5782 = LINE('',#5783,#5784);
#5783 = CARTESIAN_POINT('',(15.,-10.,77.330343736593));
#5784 = VECTOR('',#5785,1.);
#5785 = DIRECTION('',(3.061616997868E-16,-1.,0.));
#5786 = PCURVE('',#4971,#5787);
#5787 = DEFINITIONAL_REPRESENTATION('',(#5788),#5792);
#5788 = LINE('',#5789,#5790);
#5789 = CARTESIAN_POINT('',(0.,0.));
#5790 = VECTOR('',#5791,1.);
#5791 = DIRECTION('',(1.,0.));
#5792 = ( GEOMETRIC_REPRESENTATION_CONTEXT(2) 
PARAMETRIC_REPRESENTATION_CONTEXT() REPRESENTATION_CONTEXT('2D SPACE',''
  ) );
#5793 = PCURVE('',#4943,#5794);
#5794 = DEFINITIONAL_REPRESENTATION('',(#5795),#5799);
#5795 = LINE('',#5796,#5797);
#5796 = CARTESIAN_POINT('',(-37.5,0.));
#5797 = VECTOR('',#5798,1.);
#5798 = DIRECTION('',(3.061616997868E-16,-1.));
#5799 = ( GEOMETRIC_REPRESENTATION_CONTEXT(2) 
PARAMETRIC_REPRESENTATION_CONTEXT() REPRESENTATION_CONTEXT('2D SPACE',''
  ) );
#5800 = ORIENTED_EDGE('',*,*,#5801,.T.);
#5801 = EDGE_CURVE('',#5779,#5728,#5802,.T.);
#5802 = SURFACE_CURVE('',#5803,(#5807,#5814),.PCURVE_S1.);
#5803 = LINE('',#5804,#5805);
#5804 = CARTESIAN_POINT('',(15.,-2.5,77.330343736593));
#5805 = VECTOR('',#5806,1.);
#5806 = DIRECTION('',(0.,0.,1.));
#5807 = PCURVE('',#4971,#5808);
#5808 = DEFINITIONAL_REPRESENTATION('',(#5809),#5813);
#5809 = LINE('',#5810,#5811);
#5810 = CARTESIAN_POINT('',(-7.5,0.));
#5811 = VECTOR('',#5812,1.);
#5812 = DIRECTION('',(0.,1.));
#5813 = ( GEOMETRIC_REPRESENTATION_CONTEXT(2) 
PARAMETRIC_REPRESENTATION_CONTEXT() REPRESENTATION_CONTEXT('2D SPACE',''
  ) );
#5814 = PCURVE('',#3399,#5815);
#5815 = DEFINITIONAL_REPRESENTATION('',(#5816),#5820);
#5816 = LINE('',#5817,#5818);
#5817 = CARTESIAN_POINT('',(49.378033392131,-2.));
#5818 = VECTOR('',#5819,1.);
#5819 = DIRECTION('',(0.,1.));
#5820 = ( GEOMETRIC_REPRESENTATION_CONTEXT(2) 
PARAMETRIC_REPRESENTATION_CONTEXT() REPRESENTATION_CONTEXT('2D SPACE',''
  ) );
#5821 = ADVANCED_FACE('',(#5822),#4943,.T.);
#5822 = FACE_BOUND('',#5823,.T.);
#5823 = EDGE_LOOP('',(#5824,#5847,#5848,#5849));
#5824 = ORIENTED_EDGE('',*,*,#5825,.F.);
#5825 = EDGE_CURVE('',#5779,#5826,#5828,.T.);
#5826 = VERTEX_POINT('',#5827);
#5827 = CARTESIAN_POINT('',(20.,-2.5,77.330343736593));
#5828 = SURFACE_CURVE('',#5829,(#5833,#5840),.PCURVE_S1.);
#5829 = LINE('',#5830,#5831);
#5830 = CARTESIAN_POINT('',(64.378033392131,-2.5,77.330343736593));
#5831 = VECTOR('',#5832,1.);
#5832 = DIRECTION('',(1.,1.224646799147E-16,0.));
#5833 = PCURVE('',#4943,#5834);
#5834 = DEFINITIONAL_REPRESENTATION('',(#5835),#5839);
#5835 = LINE('',#5836,#5837);
#5836 = CARTESIAN_POINT('',(11.878033392131,7.5));
#5837 = VECTOR('',#5838,1.);
#5838 = DIRECTION('',(1.,1.224646799147E-16));
#5839 = ( GEOMETRIC_REPRESENTATION_CONTEXT(2) 
PARAMETRIC_REPRESENTATION_CONTEXT() REPRESENTATION_CONTEXT('2D SPACE',''
  ) );
#5840 = PCURVE('',#3399,#5841);
#5841 = DEFINITIONAL_REPRESENTATION('',(#5842),#5846);
#5842 = LINE('',#5843,#5844);
#5843 = CARTESIAN_POINT('',(-0.,-2.));
#5844 = VECTOR('',#5845,1.);
#5845 = DIRECTION('',(-1.,0.));
#5846 = ( GEOMETRIC_REPRESENTATION_CONTEXT(2) 
PARAMETRIC_REPRESENTATION_CONTEXT() REPRESENTATION_CONTEXT('2D SPACE',''
  ) );
#5847 = ORIENTED_EDGE('',*,*,#5778,.T.);
#5848 = ORIENTED_EDGE('',*,*,#4927,.T.);
#5849 = ORIENTED_EDGE('',*,*,#5850,.F.);
#5850 = EDGE_CURVE('',#5826,#4900,#5851,.T.);
#5851 = SURFACE_CURVE('',#5852,(#5856,#5863),.PCURVE_S1.);
#5852 = LINE('',#5853,#5854);
#5853 = CARTESIAN_POINT('',(20.,-10.,77.330343736593));
#5854 = VECTOR('',#5855,1.);
#5855 = DIRECTION('',(7.960204194458E-16,-1.,0.));
#5856 = PCURVE('',#4943,#5857);
#5857 = DEFINITIONAL_REPRESENTATION('',(#5858),#5862);
#5858 = LINE('',#5859,#5860);
#5859 = CARTESIAN_POINT('',(-32.5,0.));
#5860 = VECTOR('',#5861,1.);
#5861 = DIRECTION('',(7.960204194458E-16,-1.));
#5862 = ( GEOMETRIC_REPRESENTATION_CONTEXT(2) 
PARAMETRIC_REPRESENTATION_CONTEXT() REPRESENTATION_CONTEXT('2D SPACE',''
  ) );
#5863 = PCURVE('',#4915,#5864);
#5864 = DEFINITIONAL_REPRESENTATION('',(#5865),#5869);
#5865 = LINE('',#5866,#5867);
#5866 = CARTESIAN_POINT('',(0.,0.));
#5867 = VECTOR('',#5868,1.);
#5868 = DIRECTION('',(1.,0.));
#5869 = ( GEOMETRIC_REPRESENTATION_CONTEXT(2) 
PARAMETRIC_REPRESENTATION_CONTEXT() REPRESENTATION_CONTEXT('2D SPACE',''
  ) );
#5870 = ADVANCED_FACE('',(#5871),#4915,.T.);
#5871 = FACE_BOUND('',#5872,.T.);
#5872 = EDGE_LOOP('',(#5873,#5896,#5917,#5918));
#5873 = ORIENTED_EDGE('',*,*,#5874,.F.);
#5874 = EDGE_CURVE('',#5875,#4872,#5877,.T.);
#5875 = VERTEX_POINT('',#5876);
#5876 = CARTESIAN_POINT('',(20.,-2.5,79.330343736593));
#5877 = SURFACE_CURVE('',#5878,(#5882,#5889),.PCURVE_S1.);
#5878 = LINE('',#5879,#5880);
#5879 = CARTESIAN_POINT('',(20.,-10.,79.330343736593));
#5880 = VECTOR('',#5881,1.);
#5881 = DIRECTION('',(7.960204194458E-16,-1.,0.));
#5882 = PCURVE('',#4915,#5883);
#5883 = DEFINITIONAL_REPRESENTATION('',(#5884),#5888);
#5884 = LINE('',#5885,#5886);
#5885 = CARTESIAN_POINT('',(0.,2.));
#5886 = VECTOR('',#5887,1.);
#5887 = DIRECTION('',(1.,0.));
#5888 = ( GEOMETRIC_REPRESENTATION_CONTEXT(2) 
PARAMETRIC_REPRESENTATION_CONTEXT() REPRESENTATION_CONTEXT('2D SPACE',''
  ) );
#5889 = PCURVE('',#4887,#5890);
#5890 = DEFINITIONAL_REPRESENTATION('',(#5891),#5895);
#5891 = LINE('',#5892,#5893);
#5892 = CARTESIAN_POINT('',(-32.5,0.));
#5893 = VECTOR('',#5894,1.);
#5894 = DIRECTION('',(7.960204194458E-16,-1.));
#5895 = ( GEOMETRIC_REPRESENTATION_CONTEXT(2) 
PARAMETRIC_REPRESENTATION_CONTEXT() REPRESENTATION_CONTEXT('2D SPACE',''
  ) );
#5896 = ORIENTED_EDGE('',*,*,#5897,.F.);
#5897 = EDGE_CURVE('',#5826,#5875,#5898,.T.);
#5898 = SURFACE_CURVE('',#5899,(#5903,#5910),.PCURVE_S1.);
#5899 = LINE('',#5900,#5901);
#5900 = CARTESIAN_POINT('',(20.,-2.5,77.330343736593));
#5901 = VECTOR('',#5902,1.);
#5902 = DIRECTION('',(0.,0.,1.));
#5903 = PCURVE('',#4915,#5904);
#5904 = DEFINITIONAL_REPRESENTATION('',(#5905),#5909);
#5905 = LINE('',#5906,#5907);
#5906 = CARTESIAN_POINT('',(-7.5,0.));
#5907 = VECTOR('',#5908,1.);
#5908 = DIRECTION('',(0.,1.));
#5909 = ( GEOMETRIC_REPRESENTATION_CONTEXT(2) 
PARAMETRIC_REPRESENTATION_CONTEXT() REPRESENTATION_CONTEXT('2D SPACE',''
  ) );
#5910 = PCURVE('',#3399,#5911);
#5911 = DEFINITIONAL_REPRESENTATION('',(#5912),#5916);
#5912 = LINE('',#5913,#5914);
#5913 = CARTESIAN_POINT('',(44.378033392131,-2.));
#5914 = VECTOR('',#5915,1.);
#5915 = DIRECTION('',(0.,1.));
#5916 = ( GEOMETRIC_REPRESENTATION_CONTEXT(2) 
PARAMETRIC_REPRESENTATION_CONTEXT() REPRESENTATION_CONTEXT('2D SPACE',''
  ) );
#5917 = ORIENTED_EDGE('',*,*,#5850,.T.);
#5918 = ORIENTED_EDGE('',*,*,#4899,.T.);
#5919 = ADVANCED_FACE('',(#5920),#4887,.T.);
#5920 = FACE_BOUND('',#5921,.T.);
#5921 = EDGE_LOOP('',(#5922,#5945,#5946,#5947));
#5922 = ORIENTED_EDGE('',*,*,#5923,.F.);
#5923 = EDGE_CURVE('',#5875,#5924,#5926,.T.);
#5924 = VERTEX_POINT('',#5925);
#5925 = CARTESIAN_POINT('',(25.,-2.5,79.330343736593));
#5926 = SURFACE_CURVE('',#5927,(#5931,#5938),.PCURVE_S1.);
#5927 = LINE('',#5928,#5929);
#5928 = CARTESIAN_POINT('',(64.378033392131,-2.5,79.330343736593));
#5929 = VECTOR('',#5930,1.);
#5930 = DIRECTION('',(1.,1.224646799147E-16,0.));
#5931 = PCURVE('',#4887,#5932);
#5932 = DEFINITIONAL_REPRESENTATION('',(#5933),#5937);
#5933 = LINE('',#5934,#5935);
#5934 = CARTESIAN_POINT('',(11.878033392131,7.5));
#5935 = VECTOR('',#5936,1.);
#5936 = DIRECTION('',(1.,1.224646799147E-16));
#5937 = ( GEOMETRIC_REPRESENTATION_CONTEXT(2) 
PARAMETRIC_REPRESENTATION_CONTEXT() REPRESENTATION_CONTEXT('2D SPACE',''
  ) );
#5938 = PCURVE('',#3399,#5939);
#5939 = DEFINITIONAL_REPRESENTATION('',(#5940),#5944);
#5940 = LINE('',#5941,#5942);
#5941 = CARTESIAN_POINT('',(0.,0.));
#5942 = VECTOR('',#5943,1.);
#5943 = DIRECTION('',(-1.,0.));
#5944 = ( GEOMETRIC_REPRESENTATION_CONTEXT(2) 
PARAMETRIC_REPRESENTATION_CONTEXT() REPRESENTATION_CONTEXT('2D SPACE',''
  ) );
#5945 = ORIENTED_EDGE('',*,*,#5874,.T.);
#5946 = ORIENTED_EDGE('',*,*,#4871,.T.);
#5947 = ORIENTED_EDGE('',*,*,#5948,.T.);
#5948 = EDGE_CURVE('',#4844,#5924,#5949,.T.);
#5949 = SURFACE_CURVE('',#5950,(#5954,#5961),.PCURVE_S1.);
#5950 = LINE('',#5951,#5952);
#5951 = CARTESIAN_POINT('',(25.,-10.,79.330343736593));
#5952 = VECTOR('',#5953,1.);
#5953 = DIRECTION('',(-6.73555739531E-16,1.,0.));
#5954 = PCURVE('',#4887,#5955);
#5955 = DEFINITIONAL_REPRESENTATION('',(#5956),#5960);
#5956 = LINE('',#5957,#5958);
#5957 = CARTESIAN_POINT('',(-27.5,0.));
#5958 = VECTOR('',#5959,1.);
#5959 = DIRECTION('',(-6.73555739531E-16,1.));
#5960 = ( GEOMETRIC_REPRESENTATION_CONTEXT(2) 
PARAMETRIC_REPRESENTATION_CONTEXT() REPRESENTATION_CONTEXT('2D SPACE',''
  ) );
#5961 = PCURVE('',#4859,#5962);
#5962 = DEFINITIONAL_REPRESENTATION('',(#5963),#5967);
#5963 = LINE('',#5964,#5965);
#5964 = CARTESIAN_POINT('',(0.,2.));
#5965 = VECTOR('',#5966,1.);
#5966 = DIRECTION('',(1.,0.));
#5967 = ( GEOMETRIC_REPRESENTATION_CONTEXT(2) 
PARAMETRIC_REPRESENTATION_CONTEXT() REPRESENTATION_CONTEXT('2D SPACE',''
  ) );
#5968 = ADVANCED_FACE('',(#5969),#4859,.T.);
#5969 = FACE_BOUND('',#5970,.T.);
#5970 = EDGE_LOOP('',(#5971,#5972,#5973,#5996));
#5971 = ORIENTED_EDGE('',*,*,#5948,.F.);
#5972 = ORIENTED_EDGE('',*,*,#4843,.F.);
#5973 = ORIENTED_EDGE('',*,*,#5974,.T.);
#5974 = EDGE_CURVE('',#4816,#5975,#5977,.T.);
#5975 = VERTEX_POINT('',#5976);
#5976 = CARTESIAN_POINT('',(25.,-2.5,77.330343736593));
#5977 = SURFACE_CURVE('',#5978,(#5982,#5989),.PCURVE_S1.);
#5978 = LINE('',#5979,#5980);
#5979 = CARTESIAN_POINT('',(25.,-10.,77.330343736593));
#5980 = VECTOR('',#5981,1.);
#5981 = DIRECTION('',(-6.73555739531E-16,1.,0.));
#5982 = PCURVE('',#4859,#5983);
#5983 = DEFINITIONAL_REPRESENTATION('',(#5984),#5988);
#5984 = LINE('',#5985,#5986);
#5985 = CARTESIAN_POINT('',(0.,0.));
#5986 = VECTOR('',#5987,1.);
#5987 = DIRECTION('',(1.,0.));
#5988 = ( GEOMETRIC_REPRESENTATION_CONTEXT(2) 
PARAMETRIC_REPRESENTATION_CONTEXT() REPRESENTATION_CONTEXT('2D SPACE',''
  ) );
#5989 = PCURVE('',#4831,#5990);
#5990 = DEFINITIONAL_REPRESENTATION('',(#5991),#5995);
#5991 = LINE('',#5992,#5993);
#5992 = CARTESIAN_POINT('',(-27.5,0.));
#5993 = VECTOR('',#5994,1.);
#5994 = DIRECTION('',(-6.73555739531E-16,1.));
#5995 = ( GEOMETRIC_REPRESENTATION_CONTEXT(2) 
PARAMETRIC_REPRESENTATION_CONTEXT() REPRESENTATION_CONTEXT('2D SPACE',''
  ) );
#5996 = ORIENTED_EDGE('',*,*,#5997,.T.);
#5997 = EDGE_CURVE('',#5975,#5924,#5998,.T.);
#5998 = SURFACE_CURVE('',#5999,(#6003,#6010),.PCURVE_S1.);
#5999 = LINE('',#6000,#6001);
#6000 = CARTESIAN_POINT('',(25.,-2.5,77.330343736593));
#6001 = VECTOR('',#6002,1.);
#6002 = DIRECTION('',(0.,0.,1.));
#6003 = PCURVE('',#4859,#6004);
#6004 = DEFINITIONAL_REPRESENTATION('',(#6005),#6009);
#6005 = LINE('',#6006,#6007);
#6006 = CARTESIAN_POINT('',(7.5,0.));
#6007 = VECTOR('',#6008,1.);
#6008 = DIRECTION('',(0.,1.));
#6009 = ( GEOMETRIC_REPRESENTATION_CONTEXT(2) 
PARAMETRIC_REPRESENTATION_CONTEXT() REPRESENTATION_CONTEXT('2D SPACE',''
  ) );
#6010 = PCURVE('',#3399,#6011);
#6011 = DEFINITIONAL_REPRESENTATION('',(#6012),#6016);
#6012 = LINE('',#6013,#6014);
#6013 = CARTESIAN_POINT('',(39.378033392131,-2.));
#6014 = VECTOR('',#6015,1.);
#6015 = DIRECTION('',(0.,1.));
#6016 = ( GEOMETRIC_REPRESENTATION_CONTEXT(2) 
PARAMETRIC_REPRESENTATION_CONTEXT() REPRESENTATION_CONTEXT('2D SPACE',''
  ) );
#6017 = ADVANCED_FACE('',(#6018),#4831,.T.);
#6018 = FACE_BOUND('',#6019,.T.);
#6019 = EDGE_LOOP('',(#6020,#6021,#6022,#6045));
#6020 = ORIENTED_EDGE('',*,*,#5974,.F.);
#6021 = ORIENTED_EDGE('',*,*,#4815,.T.);
#6022 = ORIENTED_EDGE('',*,*,#6023,.T.);
#6023 = EDGE_CURVE('',#4788,#6024,#6026,.T.);
#6024 = VERTEX_POINT('',#6025);
#6025 = CARTESIAN_POINT('',(30.,-2.5,77.330343736593));
#6026 = SURFACE_CURVE('',#6027,(#6031,#6038),.PCURVE_S1.);
#6027 = LINE('',#6028,#6029);
#6028 = CARTESIAN_POINT('',(30.,-10.,77.330343736593));
#6029 = VECTOR('',#6030,1.);
#6030 = DIRECTION('',(-6.73555739531E-16,1.,0.));
#6031 = PCURVE('',#4831,#6032);
#6032 = DEFINITIONAL_REPRESENTATION('',(#6033),#6037);
#6033 = LINE('',#6034,#6035);
#6034 = CARTESIAN_POINT('',(-22.5,0.));
#6035 = VECTOR('',#6036,1.);
#6036 = DIRECTION('',(-6.73555739531E-16,1.));
#6037 = ( GEOMETRIC_REPRESENTATION_CONTEXT(2) 
PARAMETRIC_REPRESENTATION_CONTEXT() REPRESENTATION_CONTEXT('2D SPACE',''
  ) );
#6038 = PCURVE('',#4803,#6039);
#6039 = DEFINITIONAL_REPRESENTATION('',(#6040),#6044);
#6040 = LINE('',#6041,#6042);
#6041 = CARTESIAN_POINT('',(0.,0.));
#6042 = VECTOR('',#6043,1.);
#6043 = DIRECTION('',(1.,0.));
#6044 = ( GEOMETRIC_REPRESENTATION_CONTEXT(2) 
PARAMETRIC_REPRESENTATION_CONTEXT() REPRESENTATION_CONTEXT('2D SPACE',''
  ) );
#6045 = ORIENTED_EDGE('',*,*,#6046,.F.);
#6046 = EDGE_CURVE('',#5975,#6024,#6047,.T.);
#6047 = SURFACE_CURVE('',#6048,(#6052,#6059),.PCURVE_S1.);
#6048 = LINE('',#6049,#6050);
#6049 = CARTESIAN_POINT('',(64.378033392131,-2.5,77.330343736593));
#6050 = VECTOR('',#6051,1.);
#6051 = DIRECTION('',(1.,1.224646799147E-16,0.));
#6052 = PCURVE('',#4831,#6053);
#6053 = DEFINITIONAL_REPRESENTATION('',(#6054),#6058);
#6054 = LINE('',#6055,#6056);
#6055 = CARTESIAN_POINT('',(11.878033392131,7.5));
#6056 = VECTOR('',#6057,1.);
#6057 = DIRECTION('',(1.,1.224646799147E-16));
#6058 = ( GEOMETRIC_REPRESENTATION_CONTEXT(2) 
PARAMETRIC_REPRESENTATION_CONTEXT() REPRESENTATION_CONTEXT('2D SPACE',''
  ) );
#6059 = PCURVE('',#3399,#6060);
#6060 = DEFINITIONAL_REPRESENTATION('',(#6061),#6065);
#6061 = LINE('',#6062,#6063);
#6062 = CARTESIAN_POINT('',(-0.,-2.));
#6063 = VECTOR('',#6064,1.);
#6064 = DIRECTION('',(-1.,0.));
#6065 = ( GEOMETRIC_REPRESENTATION_CONTEXT(2) 
PARAMETRIC_REPRESENTATION_CONTEXT() REPRESENTATION_CONTEXT('2D SPACE',''
  ) );
#6066 = ADVANCED_FACE('',(#6067),#4803,.F.);
#6067 = FACE_BOUND('',#6068,.T.);
#6068 = EDGE_LOOP('',(#6069,#6092,#6113,#6114));
#6069 = ORIENTED_EDGE('',*,*,#6070,.T.);
#6070 = EDGE_CURVE('',#4760,#6071,#6073,.T.);
#6071 = VERTEX_POINT('',#6072);
#6072 = CARTESIAN_POINT('',(30.,-2.5,79.330343736593));
#6073 = SURFACE_CURVE('',#6074,(#6078,#6085),.PCURVE_S1.);
#6074 = LINE('',#6075,#6076);
#6075 = CARTESIAN_POINT('',(30.,-10.,79.330343736593));
#6076 = VECTOR('',#6077,1.);
#6077 = DIRECTION('',(-6.73555739531E-16,1.,0.));
#6078 = PCURVE('',#4803,#6079);
#6079 = DEFINITIONAL_REPRESENTATION('',(#6080),#6084);
#6080 = LINE('',#6081,#6082);
#6081 = CARTESIAN_POINT('',(0.,2.));
#6082 = VECTOR('',#6083,1.);
#6083 = DIRECTION('',(1.,0.));
#6084 = ( GEOMETRIC_REPRESENTATION_CONTEXT(2) 
PARAMETRIC_REPRESENTATION_CONTEXT() REPRESENTATION_CONTEXT('2D SPACE',''
  ) );
#6085 = PCURVE('',#4775,#6086);
#6086 = DEFINITIONAL_REPRESENTATION('',(#6087),#6091);
#6087 = LINE('',#6088,#6089);
#6088 = CARTESIAN_POINT('',(-22.5,0.));
#6089 = VECTOR('',#6090,1.);
#6090 = DIRECTION('',(-6.73555739531E-16,1.));
#6091 = ( GEOMETRIC_REPRESENTATION_CONTEXT(2) 
PARAMETRIC_REPRESENTATION_CONTEXT() REPRESENTATION_CONTEXT('2D SPACE',''
  ) );
#6092 = ORIENTED_EDGE('',*,*,#6093,.F.);
#6093 = EDGE_CURVE('',#6024,#6071,#6094,.T.);
#6094 = SURFACE_CURVE('',#6095,(#6099,#6106),.PCURVE_S1.);
#6095 = LINE('',#6096,#6097);
#6096 = CARTESIAN_POINT('',(30.,-2.5,77.330343736593));
#6097 = VECTOR('',#6098,1.);
#6098 = DIRECTION('',(0.,0.,1.));
#6099 = PCURVE('',#4803,#6100);
#6100 = DEFINITIONAL_REPRESENTATION('',(#6101),#6105);
#6101 = LINE('',#6102,#6103);
#6102 = CARTESIAN_POINT('',(7.5,0.));
#6103 = VECTOR('',#6104,1.);
#6104 = DIRECTION('',(0.,1.));
#6105 = ( GEOMETRIC_REPRESENTATION_CONTEXT(2) 
PARAMETRIC_REPRESENTATION_CONTEXT() REPRESENTATION_CONTEXT('2D SPACE',''
  ) );
#6106 = PCURVE('',#3399,#6107);
#6107 = DEFINITIONAL_REPRESENTATION('',(#6108),#6112);
#6108 = LINE('',#6109,#6110);
#6109 = CARTESIAN_POINT('',(34.378033392131,-2.));
#6110 = VECTOR('',#6111,1.);
#6111 = DIRECTION('',(0.,1.));
#6112 = ( GEOMETRIC_REPRESENTATION_CONTEXT(2) 
PARAMETRIC_REPRESENTATION_CONTEXT() REPRESENTATION_CONTEXT('2D SPACE',''
  ) );
#6113 = ORIENTED_EDGE('',*,*,#6023,.F.);
#6114 = ORIENTED_EDGE('',*,*,#4787,.T.);
#6115 = ADVANCED_FACE('',(#6116),#4775,.T.);
#6116 = FACE_BOUND('',#6117,.T.);
#6117 = EDGE_LOOP('',(#6118,#6119,#6120,#6143));
#6118 = ORIENTED_EDGE('',*,*,#6070,.F.);
#6119 = ORIENTED_EDGE('',*,*,#4759,.T.);
#6120 = ORIENTED_EDGE('',*,*,#6121,.F.);
#6121 = EDGE_CURVE('',#6122,#4732,#6124,.T.);
#6122 = VERTEX_POINT('',#6123);
#6123 = CARTESIAN_POINT('',(35.,-2.5,79.330343736593));
#6124 = SURFACE_CURVE('',#6125,(#6129,#6136),.PCURVE_S1.);
#6125 = LINE('',#6126,#6127);
#6126 = CARTESIAN_POINT('',(35.,-10.,79.330343736593));
#6127 = VECTOR('',#6128,1.);
#6128 = DIRECTION('',(5.510910596163E-16,-1.,0.));
#6129 = PCURVE('',#4775,#6130);
#6130 = DEFINITIONAL_REPRESENTATION('',(#6131),#6135);
#6131 = LINE('',#6132,#6133);
#6132 = CARTESIAN_POINT('',(-17.5,0.));
#6133 = VECTOR('',#6134,1.);
#6134 = DIRECTION('',(5.510910596163E-16,-1.));
#6135 = ( GEOMETRIC_REPRESENTATION_CONTEXT(2) 
PARAMETRIC_REPRESENTATION_CONTEXT() REPRESENTATION_CONTEXT('2D SPACE',''
  ) );
#6136 = PCURVE('',#4747,#6137);
#6137 = DEFINITIONAL_REPRESENTATION('',(#6138),#6142);
#6138 = LINE('',#6139,#6140);
#6139 = CARTESIAN_POINT('',(0.,2.));
#6140 = VECTOR('',#6141,1.);
#6141 = DIRECTION('',(1.,0.));
#6142 = ( GEOMETRIC_REPRESENTATION_CONTEXT(2) 
PARAMETRIC_REPRESENTATION_CONTEXT() REPRESENTATION_CONTEXT('2D SPACE',''
  ) );
#6143 = ORIENTED_EDGE('',*,*,#6144,.F.);
#6144 = EDGE_CURVE('',#6071,#6122,#6145,.T.);
#6145 = SURFACE_CURVE('',#6146,(#6150,#6157),.PCURVE_S1.);
#6146 = LINE('',#6147,#6148);
#6147 = CARTESIAN_POINT('',(64.378033392131,-2.5,79.330343736593));
#6148 = VECTOR('',#6149,1.);
#6149 = DIRECTION('',(1.,1.224646799147E-16,0.));
#6150 = PCURVE('',#4775,#6151);
#6151 = DEFINITIONAL_REPRESENTATION('',(#6152),#6156);
#6152 = LINE('',#6153,#6154);
#6153 = CARTESIAN_POINT('',(11.878033392131,7.5));
#6154 = VECTOR('',#6155,1.);
#6155 = DIRECTION('',(1.,1.224646799147E-16));
#6156 = ( GEOMETRIC_REPRESENTATION_CONTEXT(2) 
PARAMETRIC_REPRESENTATION_CONTEXT() REPRESENTATION_CONTEXT('2D SPACE',''
  ) );
#6157 = PCURVE('',#3399,#6158);
#6158 = DEFINITIONAL_REPRESENTATION('',(#6159),#6163);
#6159 = LINE('',#6160,#6161);
#6160 = CARTESIAN_POINT('',(0.,0.));
#6161 = VECTOR('',#6162,1.);
#6162 = DIRECTION('',(-1.,0.));
#6163 = ( GEOMETRIC_REPRESENTATION_CONTEXT(2) 
PARAMETRIC_REPRESENTATION_CONTEXT() REPRESENTATION_CONTEXT('2D SPACE',''
  ) );
#6164 = ADVANCED_FACE('',(#6165),#4747,.F.);
#6165 = FACE_BOUND('',#6166,.T.);
#6166 = EDGE_LOOP('',(#6167,#6168,#6169,#6192));
#6167 = ORIENTED_EDGE('',*,*,#6121,.T.);
#6168 = ORIENTED_EDGE('',*,*,#4731,.F.);
#6169 = ORIENTED_EDGE('',*,*,#6170,.F.);
#6170 = EDGE_CURVE('',#6171,#4704,#6173,.T.);
#6171 = VERTEX_POINT('',#6172);
#6172 = CARTESIAN_POINT('',(35.,-2.5,77.330343736593));
#6173 = SURFACE_CURVE('',#6174,(#6178,#6185),.PCURVE_S1.);
#6174 = LINE('',#6175,#6176);
#6175 = CARTESIAN_POINT('',(35.,-10.,77.330343736593));
#6176 = VECTOR('',#6177,1.);
#6177 = DIRECTION('',(5.510910596163E-16,-1.,0.));
#6178 = PCURVE('',#4747,#6179);
#6179 = DEFINITIONAL_REPRESENTATION('',(#6180),#6184);
#6180 = LINE('',#6181,#6182);
#6181 = CARTESIAN_POINT('',(0.,0.));
#6182 = VECTOR('',#6183,1.);
#6183 = DIRECTION('',(1.,0.));
#6184 = ( GEOMETRIC_REPRESENTATION_CONTEXT(2) 
PARAMETRIC_REPRESENTATION_CONTEXT() REPRESENTATION_CONTEXT('2D SPACE',''
  ) );
#6185 = PCURVE('',#4719,#6186);
#6186 = DEFINITIONAL_REPRESENTATION('',(#6187),#6191);
#6187 = LINE('',#6188,#6189);
#6188 = CARTESIAN_POINT('',(-17.5,0.));
#6189 = VECTOR('',#6190,1.);
#6190 = DIRECTION('',(5.510910596163E-16,-1.));
#6191 = ( GEOMETRIC_REPRESENTATION_CONTEXT(2) 
PARAMETRIC_REPRESENTATION_CONTEXT() REPRESENTATION_CONTEXT('2D SPACE',''
  ) );
#6192 = ORIENTED_EDGE('',*,*,#6193,.T.);
#6193 = EDGE_CURVE('',#6171,#6122,#6194,.T.);
#6194 = SURFACE_CURVE('',#6195,(#6199,#6206),.PCURVE_S1.);
#6195 = LINE('',#6196,#6197);
#6196 = CARTESIAN_POINT('',(35.,-2.5,77.330343736593));
#6197 = VECTOR('',#6198,1.);
#6198 = DIRECTION('',(0.,0.,1.));
#6199 = PCURVE('',#4747,#6200);
#6200 = DEFINITIONAL_REPRESENTATION('',(#6201),#6205);
#6201 = LINE('',#6202,#6203);
#6202 = CARTESIAN_POINT('',(-7.5,0.));
#6203 = VECTOR('',#6204,1.);
#6204 = DIRECTION('',(0.,1.));
#6205 = ( GEOMETRIC_REPRESENTATION_CONTEXT(2) 
PARAMETRIC_REPRESENTATION_CONTEXT() REPRESENTATION_CONTEXT('2D SPACE',''
  ) );
#6206 = PCURVE('',#3399,#6207);
#6207 = DEFINITIONAL_REPRESENTATION('',(#6208),#6212);
#6208 = LINE('',#6209,#6210);
#6209 = CARTESIAN_POINT('',(29.378033392131,-2.));
#6210 = VECTOR('',#6211,1.);
#6211 = DIRECTION('',(0.,1.));
#6212 = ( GEOMETRIC_REPRESENTATION_CONTEXT(2) 
PARAMETRIC_REPRESENTATION_CONTEXT() REPRESENTATION_CONTEXT('2D SPACE',''
  ) );
#6213 = ADVANCED_FACE('',(#6214),#4719,.T.);
#6214 = FACE_BOUND('',#6215,.T.);
#6215 = EDGE_LOOP('',(#6216,#6239,#6240,#6241));
#6216 = ORIENTED_EDGE('',*,*,#6217,.F.);
#6217 = EDGE_CURVE('',#6171,#6218,#6220,.T.);
#6218 = VERTEX_POINT('',#6219);
#6219 = CARTESIAN_POINT('',(40.,-2.5,77.330343736593));
#6220 = SURFACE_CURVE('',#6221,(#6225,#6232),.PCURVE_S1.);
#6221 = LINE('',#6222,#6223);
#6222 = CARTESIAN_POINT('',(64.378033392131,-2.5,77.330343736593));
#6223 = VECTOR('',#6224,1.);
#6224 = DIRECTION('',(1.,1.224646799147E-16,0.));
#6225 = PCURVE('',#4719,#6226);
#6226 = DEFINITIONAL_REPRESENTATION('',(#6227),#6231);
#6227 = LINE('',#6228,#6229);
#6228 = CARTESIAN_POINT('',(11.878033392131,7.5));
#6229 = VECTOR('',#6230,1.);
#6230 = DIRECTION('',(1.,1.224646799147E-16));
#6231 = ( GEOMETRIC_REPRESENTATION_CONTEXT(2) 
PARAMETRIC_REPRESENTATION_CONTEXT() REPRESENTATION_CONTEXT('2D SPACE',''
  ) );
#6232 = PCURVE('',#3399,#6233);
#6233 = DEFINITIONAL_REPRESENTATION('',(#6234),#6238);
#6234 = LINE('',#6235,#6236);
#6235 = CARTESIAN_POINT('',(-0.,-2.));
#6236 = VECTOR('',#6237,1.);
#6237 = DIRECTION('',(-1.,0.));
#6238 = ( GEOMETRIC_REPRESENTATION_CONTEXT(2) 
PARAMETRIC_REPRESENTATION_CONTEXT() REPRESENTATION_CONTEXT('2D SPACE',''
  ) );
#6239 = ORIENTED_EDGE('',*,*,#6170,.T.);
#6240 = ORIENTED_EDGE('',*,*,#4703,.T.);
#6241 = ORIENTED_EDGE('',*,*,#6242,.F.);
#6242 = EDGE_CURVE('',#6218,#4676,#6243,.T.);
#6243 = SURFACE_CURVE('',#6244,(#6248,#6255),.PCURVE_S1.);
#6244 = LINE('',#6245,#6246);
#6245 = CARTESIAN_POINT('',(40.,-10.,77.330343736593));
#6246 = VECTOR('',#6247,1.);
#6247 = DIRECTION('',(5.510910596163E-16,-1.,0.));
#6248 = PCURVE('',#4719,#6249);
#6249 = DEFINITIONAL_REPRESENTATION('',(#6250),#6254);
#6250 = LINE('',#6251,#6252);
#6251 = CARTESIAN_POINT('',(-12.5,0.));
#6252 = VECTOR('',#6253,1.);
#6253 = DIRECTION('',(5.510910596163E-16,-1.));
#6254 = ( GEOMETRIC_REPRESENTATION_CONTEXT(2) 
PARAMETRIC_REPRESENTATION_CONTEXT() REPRESENTATION_CONTEXT('2D SPACE',''
  ) );
#6255 = PCURVE('',#4691,#6256);
#6256 = DEFINITIONAL_REPRESENTATION('',(#6257),#6261);
#6257 = LINE('',#6258,#6259);
#6258 = CARTESIAN_POINT('',(0.,0.));
#6259 = VECTOR('',#6260,1.);
#6260 = DIRECTION('',(1.,0.));
#6261 = ( GEOMETRIC_REPRESENTATION_CONTEXT(2) 
PARAMETRIC_REPRESENTATION_CONTEXT() REPRESENTATION_CONTEXT('2D SPACE',''
  ) );
#6262 = ADVANCED_FACE('',(#6263),#4691,.T.);
#6263 = FACE_BOUND('',#6264,.T.);
#6264 = EDGE_LOOP('',(#6265,#6288,#6309,#6310));
#6265 = ORIENTED_EDGE('',*,*,#6266,.F.);
#6266 = EDGE_CURVE('',#6267,#4648,#6269,.T.);
#6267 = VERTEX_POINT('',#6268);
#6268 = CARTESIAN_POINT('',(40.,-2.5,79.330343736593));
#6269 = SURFACE_CURVE('',#6270,(#6274,#6281),.PCURVE_S1.);
#6270 = LINE('',#6271,#6272);
#6271 = CARTESIAN_POINT('',(40.,-10.,79.330343736593));
#6272 = VECTOR('',#6273,1.);
#6273 = DIRECTION('',(5.510910596163E-16,-1.,0.));
#6274 = PCURVE('',#4691,#6275);
#6275 = DEFINITIONAL_REPRESENTATION('',(#6276),#6280);
#6276 = LINE('',#6277,#6278);
#6277 = CARTESIAN_POINT('',(0.,2.));
#6278 = VECTOR('',#6279,1.);
#6279 = DIRECTION('',(1.,0.));
#6280 = ( GEOMETRIC_REPRESENTATION_CONTEXT(2) 
PARAMETRIC_REPRESENTATION_CONTEXT() REPRESENTATION_CONTEXT('2D SPACE',''
  ) );
#6281 = PCURVE('',#4663,#6282);
#6282 = DEFINITIONAL_REPRESENTATION('',(#6283),#6287);
#6283 = LINE('',#6284,#6285);
#6284 = CARTESIAN_POINT('',(-12.5,0.));
#6285 = VECTOR('',#6286,1.);
#6286 = DIRECTION('',(5.510910596163E-16,-1.));
#6287 = ( GEOMETRIC_REPRESENTATION_CONTEXT(2) 
PARAMETRIC_REPRESENTATION_CONTEXT() REPRESENTATION_CONTEXT('2D SPACE',''
  ) );
#6288 = ORIENTED_EDGE('',*,*,#6289,.F.);
#6289 = EDGE_CURVE('',#6218,#6267,#6290,.T.);
#6290 = SURFACE_CURVE('',#6291,(#6295,#6302),.PCURVE_S1.);
#6291 = LINE('',#6292,#6293);
#6292 = CARTESIAN_POINT('',(40.,-2.5,77.330343736593));
#6293 = VECTOR('',#6294,1.);
#6294 = DIRECTION('',(0.,0.,1.));
#6295 = PCURVE('',#4691,#6296);
#6296 = DEFINITIONAL_REPRESENTATION('',(#6297),#6301);
#6297 = LINE('',#6298,#6299);
#6298 = CARTESIAN_POINT('',(-7.5,0.));
#6299 = VECTOR('',#6300,1.);
#6300 = DIRECTION('',(0.,1.));
#6301 = ( GEOMETRIC_REPRESENTATION_CONTEXT(2) 
PARAMETRIC_REPRESENTATION_CONTEXT() REPRESENTATION_CONTEXT('2D SPACE',''
  ) );
#6302 = PCURVE('',#3399,#6303);
#6303 = DEFINITIONAL_REPRESENTATION('',(#6304),#6308);
#6304 = LINE('',#6305,#6306);
#6305 = CARTESIAN_POINT('',(24.378033392131,-2.));
#6306 = VECTOR('',#6307,1.);
#6307 = DIRECTION('',(0.,1.));
#6308 = ( GEOMETRIC_REPRESENTATION_CONTEXT(2) 
PARAMETRIC_REPRESENTATION_CONTEXT() REPRESENTATION_CONTEXT('2D SPACE',''
  ) );
#6309 = ORIENTED_EDGE('',*,*,#6242,.T.);
#6310 = ORIENTED_EDGE('',*,*,#4675,.T.);
#6311 = ADVANCED_FACE('',(#6312),#4663,.T.);
#6312 = FACE_BOUND('',#6313,.T.);
#6313 = EDGE_LOOP('',(#6314,#6337,#6338,#6339));
#6314 = ORIENTED_EDGE('',*,*,#6315,.F.);
#6315 = EDGE_CURVE('',#6267,#6316,#6318,.T.);
#6316 = VERTEX_POINT('',#6317);
#6317 = CARTESIAN_POINT('',(45.,-2.5,79.330343736593));
#6318 = SURFACE_CURVE('',#6319,(#6323,#6330),.PCURVE_S1.);
#6319 = LINE('',#6320,#6321);
#6320 = CARTESIAN_POINT('',(64.378033392131,-2.5,79.330343736593));
#6321 = VECTOR('',#6322,1.);
#6322 = DIRECTION('',(1.,1.224646799147E-16,0.));
#6323 = PCURVE('',#4663,#6324);
#6324 = DEFINITIONAL_REPRESENTATION('',(#6325),#6329);
#6325 = LINE('',#6326,#6327);
#6326 = CARTESIAN_POINT('',(11.878033392131,7.5));
#6327 = VECTOR('',#6328,1.);
#6328 = DIRECTION('',(1.,1.224646799147E-16));
#6329 = ( GEOMETRIC_REPRESENTATION_CONTEXT(2) 
PARAMETRIC_REPRESENTATION_CONTEXT() REPRESENTATION_CONTEXT('2D SPACE',''
  ) );
#6330 = PCURVE('',#3399,#6331);
#6331 = DEFINITIONAL_REPRESENTATION('',(#6332),#6336);
#6332 = LINE('',#6333,#6334);
#6333 = CARTESIAN_POINT('',(0.,0.));
#6334 = VECTOR('',#6335,1.);
#6335 = DIRECTION('',(-1.,0.));
#6336 = ( GEOMETRIC_REPRESENTATION_CONTEXT(2) 
PARAMETRIC_REPRESENTATION_CONTEXT() REPRESENTATION_CONTEXT('2D SPACE',''
  ) );
#6337 = ORIENTED_EDGE('',*,*,#6266,.T.);
#6338 = ORIENTED_EDGE('',*,*,#4647,.T.);
#6339 = ORIENTED_EDGE('',*,*,#6340,.T.);
#6340 = EDGE_CURVE('',#4620,#6316,#6341,.T.);
#6341 = SURFACE_CURVE('',#6342,(#6346,#6353),.PCURVE_S1.);
#6342 = LINE('',#6343,#6344);
#6343 = CARTESIAN_POINT('',(45.,-10.,79.330343736593));
#6344 = VECTOR('',#6345,1.);
#6345 = DIRECTION('',(-4.286263797016E-16,1.,0.));
#6346 = PCURVE('',#4663,#6347);
#6347 = DEFINITIONAL_REPRESENTATION('',(#6348),#6352);
#6348 = LINE('',#6349,#6350);
#6349 = CARTESIAN_POINT('',(-7.5,0.));
#6350 = VECTOR('',#6351,1.);
#6351 = DIRECTION('',(-4.286263797016E-16,1.));
#6352 = ( GEOMETRIC_REPRESENTATION_CONTEXT(2) 
PARAMETRIC_REPRESENTATION_CONTEXT() REPRESENTATION_CONTEXT('2D SPACE',''
  ) );
#6353 = PCURVE('',#4635,#6354);
#6354 = DEFINITIONAL_REPRESENTATION('',(#6355),#6359);
#6355 = LINE('',#6356,#6357);
#6356 = CARTESIAN_POINT('',(0.,2.));
#6357 = VECTOR('',#6358,1.);
#6358 = DIRECTION('',(1.,0.));
#6359 = ( GEOMETRIC_REPRESENTATION_CONTEXT(2) 
PARAMETRIC_REPRESENTATION_CONTEXT() REPRESENTATION_CONTEXT('2D SPACE',''
  ) );
#6360 = ADVANCED_FACE('',(#6361),#4635,.T.);
#6361 = FACE_BOUND('',#6362,.T.);
#6362 = EDGE_LOOP('',(#6363,#6364,#6365,#6388));
#6363 = ORIENTED_EDGE('',*,*,#6340,.F.);
#6364 = ORIENTED_EDGE('',*,*,#4619,.F.);
#6365 = ORIENTED_EDGE('',*,*,#6366,.T.);
#6366 = EDGE_CURVE('',#4592,#6367,#6369,.T.);
#6367 = VERTEX_POINT('',#6368);
#6368 = CARTESIAN_POINT('',(45.,-2.5,77.330343736593));
#6369 = SURFACE_CURVE('',#6370,(#6374,#6381),.PCURVE_S1.);
#6370 = LINE('',#6371,#6372);
#6371 = CARTESIAN_POINT('',(45.,-10.,77.330343736593));
#6372 = VECTOR('',#6373,1.);
#6373 = DIRECTION('',(-4.286263797016E-16,1.,0.));
#6374 = PCURVE('',#4635,#6375);
#6375 = DEFINITIONAL_REPRESENTATION('',(#6376),#6380);
#6376 = LINE('',#6377,#6378);
#6377 = CARTESIAN_POINT('',(0.,0.));
#6378 = VECTOR('',#6379,1.);
#6379 = DIRECTION('',(1.,0.));
#6380 = ( GEOMETRIC_REPRESENTATION_CONTEXT(2) 
PARAMETRIC_REPRESENTATION_CONTEXT() REPRESENTATION_CONTEXT('2D SPACE',''
  ) );
#6381 = PCURVE('',#4607,#6382);
#6382 = DEFINITIONAL_REPRESENTATION('',(#6383),#6387);
#6383 = LINE('',#6384,#6385);
#6384 = CARTESIAN_POINT('',(-7.5,0.));
#6385 = VECTOR('',#6386,1.);
#6386 = DIRECTION('',(-4.286263797016E-16,1.));
#6387 = ( GEOMETRIC_REPRESENTATION_CONTEXT(2) 
PARAMETRIC_REPRESENTATION_CONTEXT() REPRESENTATION_CONTEXT('2D SPACE',''
  ) );
#6388 = ORIENTED_EDGE('',*,*,#6389,.T.);
#6389 = EDGE_CURVE('',#6367,#6316,#6390,.T.);
#6390 = SURFACE_CURVE('',#6391,(#6395,#6402),.PCURVE_S1.);
#6391 = LINE('',#6392,#6393);
#6392 = CARTESIAN_POINT('',(45.,-2.5,77.330343736593));
#6393 = VECTOR('',#6394,1.);
#6394 = DIRECTION('',(0.,0.,1.));
#6395 = PCURVE('',#4635,#6396);
#6396 = DEFINITIONAL_REPRESENTATION('',(#6397),#6401);
#6397 = LINE('',#6398,#6399);
#6398 = CARTESIAN_POINT('',(7.5,0.));
#6399 = VECTOR('',#6400,1.);
#6400 = DIRECTION('',(0.,1.));
#6401 = ( GEOMETRIC_REPRESENTATION_CONTEXT(2) 
PARAMETRIC_REPRESENTATION_CONTEXT() REPRESENTATION_CONTEXT('2D SPACE',''
  ) );
#6402 = PCURVE('',#3399,#6403);
#6403 = DEFINITIONAL_REPRESENTATION('',(#6404),#6408);
#6404 = LINE('',#6405,#6406);
#6405 = CARTESIAN_POINT('',(19.378033392131,-2.));
#6406 = VECTOR('',#6407,1.);
#6407 = DIRECTION('',(0.,1.));
#6408 = ( GEOMETRIC_REPRESENTATION_CONTEXT(2) 
PARAMETRIC_REPRESENTATION_CONTEXT() REPRESENTATION_CONTEXT('2D SPACE',''
  ) );
#6409 = ADVANCED_FACE('',(#6410),#4607,.T.);
#6410 = FACE_BOUND('',#6411,.T.);
#6411 = EDGE_LOOP('',(#6412,#6413,#6414,#6437));
#6412 = ORIENTED_EDGE('',*,*,#6366,.F.);
#6413 = ORIENTED_EDGE('',*,*,#4591,.T.);
#6414 = ORIENTED_EDGE('',*,*,#6415,.T.);
#6415 = EDGE_CURVE('',#4564,#6416,#6418,.T.);
#6416 = VERTEX_POINT('',#6417);
#6417 = CARTESIAN_POINT('',(50.,-2.5,77.330343736593));
#6418 = SURFACE_CURVE('',#6419,(#6423,#6430),.PCURVE_S1.);
#6419 = LINE('',#6420,#6421);
#6420 = CARTESIAN_POINT('',(50.,-10.,77.330343736593));
#6421 = VECTOR('',#6422,1.);
#6422 = DIRECTION('',(-4.286263797016E-16,1.,0.));
#6423 = PCURVE('',#4607,#6424);
#6424 = DEFINITIONAL_REPRESENTATION('',(#6425),#6429);
#6425 = LINE('',#6426,#6427);
#6426 = CARTESIAN_POINT('',(-2.5,0.));
#6427 = VECTOR('',#6428,1.);
#6428 = DIRECTION('',(-4.286263797016E-16,1.));
#6429 = ( GEOMETRIC_REPRESENTATION_CONTEXT(2) 
PARAMETRIC_REPRESENTATION_CONTEXT() REPRESENTATION_CONTEXT('2D SPACE',''
  ) );
#6430 = PCURVE('',#4579,#6431);
#6431 = DEFINITIONAL_REPRESENTATION('',(#6432),#6436);
#6432 = LINE('',#6433,#6434);
#6433 = CARTESIAN_POINT('',(0.,0.));
#6434 = VECTOR('',#6435,1.);
#6435 = DIRECTION('',(1.,0.));
#6436 = ( GEOMETRIC_REPRESENTATION_CONTEXT(2) 
PARAMETRIC_REPRESENTATION_CONTEXT() REPRESENTATION_CONTEXT('2D SPACE',''
  ) );
#6437 = ORIENTED_EDGE('',*,*,#6438,.F.);
#6438 = EDGE_CURVE('',#6367,#6416,#6439,.T.);
#6439 = SURFACE_CURVE('',#6440,(#6444,#6451),.PCURVE_S1.);
#6440 = LINE('',#6441,#6442);
#6441 = CARTESIAN_POINT('',(64.378033392131,-2.5,77.330343736593));
#6442 = VECTOR('',#6443,1.);
#6443 = DIRECTION('',(1.,1.224646799147E-16,0.));
#6444 = PCURVE('',#4607,#6445);
#6445 = DEFINITIONAL_REPRESENTATION('',(#6446),#6450);
#6446 = LINE('',#6447,#6448);
#6447 = CARTESIAN_POINT('',(11.878033392131,7.5));
#6448 = VECTOR('',#6449,1.);
#6449 = DIRECTION('',(1.,1.224646799147E-16));
#6450 = ( GEOMETRIC_REPRESENTATION_CONTEXT(2) 
PARAMETRIC_REPRESENTATION_CONTEXT() REPRESENTATION_CONTEXT('2D SPACE',''
  ) );
#6451 = PCURVE('',#3399,#6452);
#6452 = DEFINITIONAL_REPRESENTATION('',(#6453),#6457);
#6453 = LINE('',#6454,#6455);
#6454 = CARTESIAN_POINT('',(-0.,-2.));
#6455 = VECTOR('',#6456,1.);
#6456 = DIRECTION('',(-1.,0.));
#6457 = ( GEOMETRIC_REPRESENTATION_CONTEXT(2) 
PARAMETRIC_REPRESENTATION_CONTEXT() REPRESENTATION_CONTEXT('2D SPACE',''
  ) );
#6458 = ADVANCED_FACE('',(#6459),#4579,.F.);
#6459 = FACE_BOUND('',#6460,.T.);
#6460 = EDGE_LOOP('',(#6461,#6484,#6505,#6506));
#6461 = ORIENTED_EDGE('',*,*,#6462,.T.);
#6462 = EDGE_CURVE('',#4536,#6463,#6465,.T.);
#6463 = VERTEX_POINT('',#6464);
#6464 = CARTESIAN_POINT('',(50.,-2.5,79.330343736593));
#6465 = SURFACE_CURVE('',#6466,(#6470,#6477),.PCURVE_S1.);
#6466 = LINE('',#6467,#6468);
#6467 = CARTESIAN_POINT('',(50.,-10.,79.330343736593));
#6468 = VECTOR('',#6469,1.);
#6469 = DIRECTION('',(-4.286263797016E-16,1.,0.));
#6470 = PCURVE('',#4579,#6471);
#6471 = DEFINITIONAL_REPRESENTATION('',(#6472),#6476);
#6472 = LINE('',#6473,#6474);
#6473 = CARTESIAN_POINT('',(0.,2.));
#6474 = VECTOR('',#6475,1.);
#6475 = DIRECTION('',(1.,0.));
#6476 = ( GEOMETRIC_REPRESENTATION_CONTEXT(2) 
PARAMETRIC_REPRESENTATION_CONTEXT() REPRESENTATION_CONTEXT('2D SPACE',''
  ) );
#6477 = PCURVE('',#4551,#6478);
#6478 = DEFINITIONAL_REPRESENTATION('',(#6479),#6483);
#6479 = LINE('',#6480,#6481);
#6480 = CARTESIAN_POINT('',(-2.5,0.));
#6481 = VECTOR('',#6482,1.);
#6482 = DIRECTION('',(-4.286263797016E-16,1.));
#6483 = ( GEOMETRIC_REPRESENTATION_CONTEXT(2) 
PARAMETRIC_REPRESENTATION_CONTEXT() REPRESENTATION_CONTEXT('2D SPACE',''
  ) );
#6484 = ORIENTED_EDGE('',*,*,#6485,.F.);
#6485 = EDGE_CURVE('',#6416,#6463,#6486,.T.);
#6486 = SURFACE_CURVE('',#6487,(#6491,#6498),.PCURVE_S1.);
#6487 = LINE('',#6488,#6489);
#6488 = CARTESIAN_POINT('',(50.,-2.5,77.330343736593));
#6489 = VECTOR('',#6490,1.);
#6490 = DIRECTION('',(0.,0.,1.));
#6491 = PCURVE('',#4579,#6492);
#6492 = DEFINITIONAL_REPRESENTATION('',(#6493),#6497);
#6493 = LINE('',#6494,#6495);
#6494 = CARTESIAN_POINT('',(7.5,0.));
#6495 = VECTOR('',#6496,1.);
#6496 = DIRECTION('',(0.,1.));
#6497 = ( GEOMETRIC_REPRESENTATION_CONTEXT(2) 
PARAMETRIC_REPRESENTATION_CONTEXT() REPRESENTATION_CONTEXT('2D SPACE',''
  ) );
#6498 = PCURVE('',#3399,#6499);
#6499 = DEFINITIONAL_REPRESENTATION('',(#6500),#6504);
#6500 = LINE('',#6501,#6502);
#6501 = CARTESIAN_POINT('',(14.378033392131,-2.));
#6502 = VECTOR('',#6503,1.);
#6503 = DIRECTION('',(0.,1.));
#6504 = ( GEOMETRIC_REPRESENTATION_CONTEXT(2) 
PARAMETRIC_REPRESENTATION_CONTEXT() REPRESENTATION_CONTEXT('2D SPACE',''
  ) );
#6505 = ORIENTED_EDGE('',*,*,#6415,.F.);
#6506 = ORIENTED_EDGE('',*,*,#4563,.T.);
#6507 = ADVANCED_FACE('',(#6508),#4551,.T.);
#6508 = FACE_BOUND('',#6509,.T.);
#6509 = EDGE_LOOP('',(#6510,#6511,#6512,#6535));
#6510 = ORIENTED_EDGE('',*,*,#6462,.F.);
#6511 = ORIENTED_EDGE('',*,*,#4535,.T.);
#6512 = ORIENTED_EDGE('',*,*,#6513,.F.);
#6513 = EDGE_CURVE('',#6514,#4508,#6516,.T.);
#6514 = VERTEX_POINT('',#6515);
#6515 = CARTESIAN_POINT('',(55.,-2.5,79.330343736593));
#6516 = SURFACE_CURVE('',#6517,(#6521,#6528),.PCURVE_S1.);
#6517 = LINE('',#6518,#6519);
#6518 = CARTESIAN_POINT('',(55.,-10.,79.330343736593));
#6519 = VECTOR('',#6520,1.);
#6520 = DIRECTION('',(3.061616997868E-16,-1.,0.));
#6521 = PCURVE('',#4551,#6522);
#6522 = DEFINITIONAL_REPRESENTATION('',(#6523),#6527);
#6523 = LINE('',#6524,#6525);
#6524 = CARTESIAN_POINT('',(2.5,0.));
#6525 = VECTOR('',#6526,1.);
#6526 = DIRECTION('',(3.061616997868E-16,-1.));
#6527 = ( GEOMETRIC_REPRESENTATION_CONTEXT(2) 
PARAMETRIC_REPRESENTATION_CONTEXT() REPRESENTATION_CONTEXT('2D SPACE',''
  ) );
#6528 = PCURVE('',#4523,#6529);
#6529 = DEFINITIONAL_REPRESENTATION('',(#6530),#6534);
#6530 = LINE('',#6531,#6532);
#6531 = CARTESIAN_POINT('',(0.,2.));
#6532 = VECTOR('',#6533,1.);
#6533 = DIRECTION('',(1.,0.));
#6534 = ( GEOMETRIC_REPRESENTATION_CONTEXT(2) 
PARAMETRIC_REPRESENTATION_CONTEXT() REPRESENTATION_CONTEXT('2D SPACE',''
  ) );
#6535 = ORIENTED_EDGE('',*,*,#6536,.F.);
#6536 = EDGE_CURVE('',#6463,#6514,#6537,.T.);
#6537 = SURFACE_CURVE('',#6538,(#6542,#6549),.PCURVE_S1.);
#6538 = LINE('',#6539,#6540);
#6539 = CARTESIAN_POINT('',(64.378033392131,-2.5,79.330343736593));
#6540 = VECTOR('',#6541,1.);
#6541 = DIRECTION('',(1.,1.224646799147E-16,0.));
#6542 = PCURVE('',#4551,#6543);
#6543 = DEFINITIONAL_REPRESENTATION('',(#6544),#6548);
#6544 = LINE('',#6545,#6546);
#6545 = CARTESIAN_POINT('',(11.878033392131,7.5));
#6546 = VECTOR('',#6547,1.);
#6547 = DIRECTION('',(1.,1.224646799147E-16));
#6548 = ( GEOMETRIC_REPRESENTATION_CONTEXT(2) 
PARAMETRIC_REPRESENTATION_CONTEXT() REPRESENTATION_CONTEXT('2D SPACE',''
  ) );
#6549 = PCURVE('',#3399,#6550);
#6550 = DEFINITIONAL_REPRESENTATION('',(#6551),#6555);
#6551 = LINE('',#6552,#6553);
#6552 = CARTESIAN_POINT('',(0.,0.));
#6553 = VECTOR('',#6554,1.);
#6554 = DIRECTION('',(-1.,0.));
#6555 = ( GEOMETRIC_REPRESENTATION_CONTEXT(2) 
PARAMETRIC_REPRESENTATION_CONTEXT() REPRESENTATION_CONTEXT('2D SPACE',''
  ) );
#6556 = ADVANCED_FACE('',(#6557),#4523,.F.);
#6557 = FACE_BOUND('',#6558,.T.);
#6558 = EDGE_LOOP('',(#6559,#6560,#6561,#6584));
#6559 = ORIENTED_EDGE('',*,*,#6513,.T.);
#6560 = ORIENTED_EDGE('',*,*,#4507,.F.);
#6561 = ORIENTED_EDGE('',*,*,#6562,.F.);
#6562 = EDGE_CURVE('',#6563,#4480,#6565,.T.);
#6563 = VERTEX_POINT('',#6564);
#6564 = CARTESIAN_POINT('',(55.,-2.5,77.330343736593));
#6565 = SURFACE_CURVE('',#6566,(#6570,#6577),.PCURVE_S1.);
#6566 = LINE('',#6567,#6568);
#6567 = CARTESIAN_POINT('',(55.,-10.,77.330343736593));
#6568 = VECTOR('',#6569,1.);
#6569 = DIRECTION('',(3.061616997868E-16,-1.,0.));
#6570 = PCURVE('',#4523,#6571);
#6571 = DEFINITIONAL_REPRESENTATION('',(#6572),#6576);
#6572 = LINE('',#6573,#6574);
#6573 = CARTESIAN_POINT('',(0.,0.));
#6574 = VECTOR('',#6575,1.);
#6575 = DIRECTION('',(1.,0.));
#6576 = ( GEOMETRIC_REPRESENTATION_CONTEXT(2) 
PARAMETRIC_REPRESENTATION_CONTEXT() REPRESENTATION_CONTEXT('2D SPACE',''
  ) );
#6577 = PCURVE('',#4495,#6578);
#6578 = DEFINITIONAL_REPRESENTATION('',(#6579),#6583);
#6579 = LINE('',#6580,#6581);
#6580 = CARTESIAN_POINT('',(2.5,0.));
#6581 = VECTOR('',#6582,1.);
#6582 = DIRECTION('',(3.061616997868E-16,-1.));
#6583 = ( GEOMETRIC_REPRESENTATION_CONTEXT(2) 
PARAMETRIC_REPRESENTATION_CONTEXT() REPRESENTATION_CONTEXT('2D SPACE',''
  ) );
#6584 = ORIENTED_EDGE('',*,*,#6585,.T.);
#6585 = EDGE_CURVE('',#6563,#6514,#6586,.T.);
#6586 = SURFACE_CURVE('',#6587,(#6591,#6598),.PCURVE_S1.);
#6587 = LINE('',#6588,#6589);
#6588 = CARTESIAN_POINT('',(55.,-2.5,77.330343736593));
#6589 = VECTOR('',#6590,1.);
#6590 = DIRECTION('',(0.,0.,1.));
#6591 = PCURVE('',#4523,#6592);
#6592 = DEFINITIONAL_REPRESENTATION('',(#6593),#6597);
#6593 = LINE('',#6594,#6595);
#6594 = CARTESIAN_POINT('',(-7.5,0.));
#6595 = VECTOR('',#6596,1.);
#6596 = DIRECTION('',(0.,1.));
#6597 = ( GEOMETRIC_REPRESENTATION_CONTEXT(2) 
PARAMETRIC_REPRESENTATION_CONTEXT() REPRESENTATION_CONTEXT('2D SPACE',''
  ) );
#6598 = PCURVE('',#3399,#6599);
#6599 = DEFINITIONAL_REPRESENTATION('',(#6600),#6604);
#6600 = LINE('',#6601,#6602);
#6601 = CARTESIAN_POINT('',(9.378033392131,-2.));
#6602 = VECTOR('',#6603,1.);
#6603 = DIRECTION('',(0.,1.));
#6604 = ( GEOMETRIC_REPRESENTATION_CONTEXT(2) 
PARAMETRIC_REPRESENTATION_CONTEXT() REPRESENTATION_CONTEXT('2D SPACE',''
  ) );
#6605 = ADVANCED_FACE('',(#6606),#4495,.T.);
#6606 = FACE_BOUND('',#6607,.T.);
#6607 = EDGE_LOOP('',(#6608,#6631,#6632,#6633));
#6608 = ORIENTED_EDGE('',*,*,#6609,.F.);
#6609 = EDGE_CURVE('',#6563,#6610,#6612,.T.);
#6610 = VERTEX_POINT('',#6611);
#6611 = CARTESIAN_POINT('',(60.,-2.5,77.330343736593));
#6612 = SURFACE_CURVE('',#6613,(#6617,#6624),.PCURVE_S1.);
#6613 = LINE('',#6614,#6615);
#6614 = CARTESIAN_POINT('',(64.378033392131,-2.5,77.330343736593));
#6615 = VECTOR('',#6616,1.);
#6616 = DIRECTION('',(1.,1.224646799147E-16,0.));
#6617 = PCURVE('',#4495,#6618);
#6618 = DEFINITIONAL_REPRESENTATION('',(#6619),#6623);
#6619 = LINE('',#6620,#6621);
#6620 = CARTESIAN_POINT('',(11.878033392131,7.5));
#6621 = VECTOR('',#6622,1.);
#6622 = DIRECTION('',(1.,1.224646799147E-16));
#6623 = ( GEOMETRIC_REPRESENTATION_CONTEXT(2) 
PARAMETRIC_REPRESENTATION_CONTEXT() REPRESENTATION_CONTEXT('2D SPACE',''
  ) );
#6624 = PCURVE('',#3399,#6625);
#6625 = DEFINITIONAL_REPRESENTATION('',(#6626),#6630);
#6626 = LINE('',#6627,#6628);
#6627 = CARTESIAN_POINT('',(-0.,-2.));
#6628 = VECTOR('',#6629,1.);
#6629 = DIRECTION('',(-1.,0.));
#6630 = ( GEOMETRIC_REPRESENTATION_CONTEXT(2) 
PARAMETRIC_REPRESENTATION_CONTEXT() REPRESENTATION_CONTEXT('2D SPACE',''
  ) );
#6631 = ORIENTED_EDGE('',*,*,#6562,.T.);
#6632 = ORIENTED_EDGE('',*,*,#4479,.T.);
#6633 = ORIENTED_EDGE('',*,*,#6634,.F.);
#6634 = EDGE_CURVE('',#6610,#4452,#6635,.T.);
#6635 = SURFACE_CURVE('',#6636,(#6640,#6647),.PCURVE_S1.);
#6636 = LINE('',#6637,#6638);
#6637 = CARTESIAN_POINT('',(60.,-10.,77.330343736593));
#6638 = VECTOR('',#6639,1.);
#6639 = DIRECTION('',(3.061616997868E-16,-1.,0.));
#6640 = PCURVE('',#4495,#6641);
#6641 = DEFINITIONAL_REPRESENTATION('',(#6642),#6646);
#6642 = LINE('',#6643,#6644);
#6643 = CARTESIAN_POINT('',(7.5,0.));
#6644 = VECTOR('',#6645,1.);
#6645 = DIRECTION('',(3.061616997868E-16,-1.));
#6646 = ( GEOMETRIC_REPRESENTATION_CONTEXT(2) 
PARAMETRIC_REPRESENTATION_CONTEXT() REPRESENTATION_CONTEXT('2D SPACE',''
  ) );
#6647 = PCURVE('',#4467,#6648);
#6648 = DEFINITIONAL_REPRESENTATION('',(#6649),#6653);
#6649 = LINE('',#6650,#6651);
#6650 = CARTESIAN_POINT('',(0.,0.));
#6651 = VECTOR('',#6652,1.);
#6652 = DIRECTION('',(1.,0.));
#6653 = ( GEOMETRIC_REPRESENTATION_CONTEXT(2) 
PARAMETRIC_REPRESENTATION_CONTEXT() REPRESENTATION_CONTEXT('2D SPACE',''
  ) );
#6654 = ADVANCED_FACE('',(#6655),#4467,.T.);
#6655 = FACE_BOUND('',#6656,.T.);
#6656 = EDGE_LOOP('',(#6657,#6680,#6701,#6702));
#6657 = ORIENTED_EDGE('',*,*,#6658,.F.);
#6658 = EDGE_CURVE('',#6659,#4424,#6661,.T.);
#6659 = VERTEX_POINT('',#6660);
#6660 = CARTESIAN_POINT('',(60.,-2.5,79.330343736593));
#6661 = SURFACE_CURVE('',#6662,(#6666,#6673),.PCURVE_S1.);
#6662 = LINE('',#6663,#6664);
#6663 = CARTESIAN_POINT('',(60.,-10.,79.330343736593));
#6664 = VECTOR('',#6665,1.);
#6665 = DIRECTION('',(3.061616997868E-16,-1.,0.));
#6666 = PCURVE('',#4467,#6667);
#6667 = DEFINITIONAL_REPRESENTATION('',(#6668),#6672);
#6668 = LINE('',#6669,#6670);
#6669 = CARTESIAN_POINT('',(0.,2.));
#6670 = VECTOR('',#6671,1.);
#6671 = DIRECTION('',(1.,0.));
#6672 = ( GEOMETRIC_REPRESENTATION_CONTEXT(2) 
PARAMETRIC_REPRESENTATION_CONTEXT() REPRESENTATION_CONTEXT('2D SPACE',''
  ) );
#6673 = PCURVE('',#4439,#6674);
#6674 = DEFINITIONAL_REPRESENTATION('',(#6675),#6679);
#6675 = LINE('',#6676,#6677);
#6676 = CARTESIAN_POINT('',(7.5,0.));
#6677 = VECTOR('',#6678,1.);
#6678 = DIRECTION('',(3.061616997868E-16,-1.));
#6679 = ( GEOMETRIC_REPRESENTATION_CONTEXT(2) 
PARAMETRIC_REPRESENTATION_CONTEXT() REPRESENTATION_CONTEXT('2D SPACE',''
  ) );
#6680 = ORIENTED_EDGE('',*,*,#6681,.F.);
#6681 = EDGE_CURVE('',#6610,#6659,#6682,.T.);
#6682 = SURFACE_CURVE('',#6683,(#6687,#6694),.PCURVE_S1.);
#6683 = LINE('',#6684,#6685);
#6684 = CARTESIAN_POINT('',(60.,-2.5,77.330343736593));
#6685 = VECTOR('',#6686,1.);
#6686 = DIRECTION('',(0.,0.,1.));
#6687 = PCURVE('',#4467,#6688);
#6688 = DEFINITIONAL_REPRESENTATION('',(#6689),#6693);
#6689 = LINE('',#6690,#6691);
#6690 = CARTESIAN_POINT('',(-7.5,0.));
#6691 = VECTOR('',#6692,1.);
#6692 = DIRECTION('',(0.,1.));
#6693 = ( GEOMETRIC_REPRESENTATION_CONTEXT(2) 
PARAMETRIC_REPRESENTATION_CONTEXT() REPRESENTATION_CONTEXT('2D SPACE',''
  ) );
#6694 = PCURVE('',#3399,#6695);
#6695 = DEFINITIONAL_REPRESENTATION('',(#6696),#6700);
#6696 = LINE('',#6697,#6698);
#6697 = CARTESIAN_POINT('',(4.378033392131,-2.));
#6698 = VECTOR('',#6699,1.);
#6699 = DIRECTION('',(0.,1.));
#6700 = ( GEOMETRIC_REPRESENTATION_CONTEXT(2) 
PARAMETRIC_REPRESENTATION_CONTEXT() REPRESENTATION_CONTEXT('2D SPACE',''
  ) );
#6701 = ORIENTED_EDGE('',*,*,#6634,.T.);
#6702 = ORIENTED_EDGE('',*,*,#4451,.T.);
#6703 = ADVANCED_FACE('',(#6704),#4439,.T.);
#6704 = FACE_BOUND('',#6705,.T.);
#6705 = EDGE_LOOP('',(#6706,#6707,#6730,#6751));
#6706 = ORIENTED_EDGE('',*,*,#4423,.T.);
#6707 = ORIENTED_EDGE('',*,*,#6708,.T.);
#6708 = EDGE_CURVE('',#4396,#6709,#6711,.T.);
#6709 = VERTEX_POINT('',#6710);
#6710 = CARTESIAN_POINT('',(65.,-2.5,79.330343736593));
#6711 = SURFACE_CURVE('',#6712,(#6716,#6723),.PCURVE_S1.);
#6712 = LINE('',#6713,#6714);
#6713 = CARTESIAN_POINT('',(65.,-10.,79.330343736593));
#6714 = VECTOR('',#6715,1.);
#6715 = DIRECTION('',(-1.836970198721E-16,1.,0.));
#6716 = PCURVE('',#4439,#6717);
#6717 = DEFINITIONAL_REPRESENTATION('',(#6718),#6722);
#6718 = LINE('',#6719,#6720);
#6719 = CARTESIAN_POINT('',(12.5,0.));
#6720 = VECTOR('',#6721,1.);
#6721 = DIRECTION('',(-1.836970198721E-16,1.));
#6722 = ( GEOMETRIC_REPRESENTATION_CONTEXT(2) 
PARAMETRIC_REPRESENTATION_CONTEXT() REPRESENTATION_CONTEXT('2D SPACE',''
  ) );
#6723 = PCURVE('',#4411,#6724);
#6724 = DEFINITIONAL_REPRESENTATION('',(#6725),#6729);
#6725 = LINE('',#6726,#6727);
#6726 = CARTESIAN_POINT('',(0.,2.));
#6727 = VECTOR('',#6728,1.);
#6728 = DIRECTION('',(1.,0.));
#6729 = ( GEOMETRIC_REPRESENTATION_CONTEXT(2) 
PARAMETRIC_REPRESENTATION_CONTEXT() REPRESENTATION_CONTEXT('2D SPACE',''
  ) );
#6730 = ORIENTED_EDGE('',*,*,#6731,.F.);
#6731 = EDGE_CURVE('',#6659,#6709,#6732,.T.);
#6732 = SURFACE_CURVE('',#6733,(#6737,#6744),.PCURVE_S1.);
#6733 = LINE('',#6734,#6735);
#6734 = CARTESIAN_POINT('',(64.378033392131,-2.5,79.330343736593));
#6735 = VECTOR('',#6736,1.);
#6736 = DIRECTION('',(1.,1.224646799147E-16,0.));
#6737 = PCURVE('',#4439,#6738);
#6738 = DEFINITIONAL_REPRESENTATION('',(#6739),#6743);
#6739 = LINE('',#6740,#6741);
#6740 = CARTESIAN_POINT('',(11.878033392131,7.5));
#6741 = VECTOR('',#6742,1.);
#6742 = DIRECTION('',(1.,1.224646799147E-16));
#6743 = ( GEOMETRIC_REPRESENTATION_CONTEXT(2) 
PARAMETRIC_REPRESENTATION_CONTEXT() REPRESENTATION_CONTEXT('2D SPACE',''
  ) );
#6744 = PCURVE('',#3399,#6745);
#6745 = DEFINITIONAL_REPRESENTATION('',(#6746),#6750);
#6746 = LINE('',#6747,#6748);
#6747 = CARTESIAN_POINT('',(0.,0.));
#6748 = VECTOR('',#6749,1.);
#6749 = DIRECTION('',(-1.,0.));
#6750 = ( GEOMETRIC_REPRESENTATION_CONTEXT(2) 
PARAMETRIC_REPRESENTATION_CONTEXT() REPRESENTATION_CONTEXT('2D SPACE',''
  ) );
#6751 = ORIENTED_EDGE('',*,*,#6658,.T.);
#6752 = ADVANCED_FACE('',(#6753),#4411,.T.);
#6753 = FACE_BOUND('',#6754,.T.);
#6754 = EDGE_LOOP('',(#6755,#6756,#6757,#6780));
#6755 = ORIENTED_EDGE('',*,*,#6708,.F.);
#6756 = ORIENTED_EDGE('',*,*,#4395,.F.);
#6757 = ORIENTED_EDGE('',*,*,#6758,.T.);
#6758 = EDGE_CURVE('',#4368,#6759,#6761,.T.);
#6759 = VERTEX_POINT('',#6760);
#6760 = CARTESIAN_POINT('',(65.,-2.5,77.330343736593));
#6761 = SURFACE_CURVE('',#6762,(#6766,#6773),.PCURVE_S1.);
#6762 = LINE('',#6763,#6764);
#6763 = CARTESIAN_POINT('',(65.,-10.,77.330343736593));
#6764 = VECTOR('',#6765,1.);
#6765 = DIRECTION('',(-1.836970198721E-16,1.,0.));
#6766 = PCURVE('',#4411,#6767);
#6767 = DEFINITIONAL_REPRESENTATION('',(#6768),#6772);
#6768 = LINE('',#6769,#6770);
#6769 = CARTESIAN_POINT('',(0.,0.));
#6770 = VECTOR('',#6771,1.);
#6771 = DIRECTION('',(1.,0.));
#6772 = ( GEOMETRIC_REPRESENTATION_CONTEXT(2) 
PARAMETRIC_REPRESENTATION_CONTEXT() REPRESENTATION_CONTEXT('2D SPACE',''
  ) );
#6773 = PCURVE('',#4383,#6774);
#6774 = DEFINITIONAL_REPRESENTATION('',(#6775),#6779);
#6775 = LINE('',#6776,#6777);
#6776 = CARTESIAN_POINT('',(12.5,0.));
#6777 = VECTOR('',#6778,1.);
#6778 = DIRECTION('',(-1.836970198721E-16,1.));
#6779 = ( GEOMETRIC_REPRESENTATION_CONTEXT(2) 
PARAMETRIC_REPRESENTATION_CONTEXT() REPRESENTATION_CONTEXT('2D SPACE',''
  ) );
#6780 = ORIENTED_EDGE('',*,*,#6781,.T.);
#6781 = EDGE_CURVE('',#6759,#6709,#6782,.T.);
#6782 = SURFACE_CURVE('',#6783,(#6787,#6794),.PCURVE_S1.);
#6783 = LINE('',#6784,#6785);
#6784 = CARTESIAN_POINT('',(65.,-2.5,77.330343736593));
#6785 = VECTOR('',#6786,1.);
#6786 = DIRECTION('',(0.,0.,1.));
#6787 = PCURVE('',#4411,#6788);
#6788 = DEFINITIONAL_REPRESENTATION('',(#6789),#6793);
#6789 = LINE('',#6790,#6791);
#6790 = CARTESIAN_POINT('',(7.5,0.));
#6791 = VECTOR('',#6792,1.);
#6792 = DIRECTION('',(0.,1.));
#6793 = ( GEOMETRIC_REPRESENTATION_CONTEXT(2) 
PARAMETRIC_REPRESENTATION_CONTEXT() REPRESENTATION_CONTEXT('2D SPACE',''
  ) );
#6794 = PCURVE('',#3399,#6795);
#6795 = DEFINITIONAL_REPRESENTATION('',(#6796),#6800);
#6796 = LINE('',#6797,#6798);
#6797 = CARTESIAN_POINT('',(-0.621966607869,-2.));
#6798 = VECTOR('',#6799,1.);
#6799 = DIRECTION('',(0.,1.));
#6800 = ( GEOMETRIC_REPRESENTATION_CONTEXT(2) 
PARAMETRIC_REPRESENTATION_CONTEXT() REPRESENTATION_CONTEXT('2D SPACE',''
  ) );
#6801 = ADVANCED_FACE('',(#6802),#4383,.T.);
#6802 = FACE_BOUND('',#6803,.T.);
#6803 = EDGE_LOOP('',(#6804,#6805,#6806,#6829));
#6804 = ORIENTED_EDGE('',*,*,#6758,.F.);
#6805 = ORIENTED_EDGE('',*,*,#4367,.T.);
#6806 = ORIENTED_EDGE('',*,*,#6807,.T.);
#6807 = EDGE_CURVE('',#4340,#6808,#6810,.T.);
#6808 = VERTEX_POINT('',#6809);
#6809 = CARTESIAN_POINT('',(70.,-2.5,77.330343736593));
#6810 = SURFACE_CURVE('',#6811,(#6815,#6822),.PCURVE_S1.);
#6811 = LINE('',#6812,#6813);
#6812 = CARTESIAN_POINT('',(70.,-10.,77.330343736593));
#6813 = VECTOR('',#6814,1.);
#6814 = DIRECTION('',(-1.836970198721E-16,1.,0.));
#6815 = PCURVE('',#4383,#6816);
#6816 = DEFINITIONAL_REPRESENTATION('',(#6817),#6821);
#6817 = LINE('',#6818,#6819);
#6818 = CARTESIAN_POINT('',(17.5,0.));
#6819 = VECTOR('',#6820,1.);
#6820 = DIRECTION('',(-1.836970198721E-16,1.));
#6821 = ( GEOMETRIC_REPRESENTATION_CONTEXT(2) 
PARAMETRIC_REPRESENTATION_CONTEXT() REPRESENTATION_CONTEXT('2D SPACE',''
  ) );
#6822 = PCURVE('',#4355,#6823);
#6823 = DEFINITIONAL_REPRESENTATION('',(#6824),#6828);
#6824 = LINE('',#6825,#6826);
#6825 = CARTESIAN_POINT('',(0.,0.));
#6826 = VECTOR('',#6827,1.);
#6827 = DIRECTION('',(1.,0.));
#6828 = ( GEOMETRIC_REPRESENTATION_CONTEXT(2) 
PARAMETRIC_REPRESENTATION_CONTEXT() REPRESENTATION_CONTEXT('2D SPACE',''
  ) );
#6829 = ORIENTED_EDGE('',*,*,#6830,.F.);
#6830 = EDGE_CURVE('',#6759,#6808,#6831,.T.);
#6831 = SURFACE_CURVE('',#6832,(#6836,#6843),.PCURVE_S1.);
#6832 = LINE('',#6833,#6834);
#6833 = CARTESIAN_POINT('',(64.378033392131,-2.5,77.330343736593));
#6834 = VECTOR('',#6835,1.);
#6835 = DIRECTION('',(1.,1.224646799147E-16,0.));
#6836 = PCURVE('',#4383,#6837);
#6837 = DEFINITIONAL_REPRESENTATION('',(#6838),#6842);
#6838 = LINE('',#6839,#6840);
#6839 = CARTESIAN_POINT('',(11.878033392131,7.5));
#6840 = VECTOR('',#6841,1.);
#6841 = DIRECTION('',(1.,1.224646799147E-16));
#6842 = ( GEOMETRIC_REPRESENTATION_CONTEXT(2) 
PARAMETRIC_REPRESENTATION_CONTEXT() REPRESENTATION_CONTEXT('2D SPACE',''
  ) );
#6843 = PCURVE('',#3399,#6844);
#6844 = DEFINITIONAL_REPRESENTATION('',(#6845),#6849);
#6845 = LINE('',#6846,#6847);
#6846 = CARTESIAN_POINT('',(-0.,-2.));
#6847 = VECTOR('',#6848,1.);
#6848 = DIRECTION('',(-1.,0.));
#6849 = ( GEOMETRIC_REPRESENTATION_CONTEXT(2) 
PARAMETRIC_REPRESENTATION_CONTEXT() REPRESENTATION_CONTEXT('2D SPACE',''
  ) );
#6850 = ADVANCED_FACE('',(#6851),#4355,.F.);
#6851 = FACE_BOUND('',#6852,.T.);
#6852 = EDGE_LOOP('',(#6853,#6876,#6897,#6898));
#6853 = ORIENTED_EDGE('',*,*,#6854,.T.);
#6854 = EDGE_CURVE('',#4312,#6855,#6857,.T.);
#6855 = VERTEX_POINT('',#6856);
#6856 = CARTESIAN_POINT('',(70.,-2.5,79.330343736593));
#6857 = SURFACE_CURVE('',#6858,(#6862,#6869),.PCURVE_S1.);
#6858 = LINE('',#6859,#6860);
#6859 = CARTESIAN_POINT('',(70.,-10.,79.330343736593));
#6860 = VECTOR('',#6861,1.);
#6861 = DIRECTION('',(-1.836970198721E-16,1.,0.));
#6862 = PCURVE('',#4355,#6863);
#6863 = DEFINITIONAL_REPRESENTATION('',(#6864),#6868);
#6864 = LINE('',#6865,#6866);
#6865 = CARTESIAN_POINT('',(0.,2.));
#6866 = VECTOR('',#6867,1.);
#6867 = DIRECTION('',(1.,0.));
#6868 = ( GEOMETRIC_REPRESENTATION_CONTEXT(2) 
PARAMETRIC_REPRESENTATION_CONTEXT() REPRESENTATION_CONTEXT('2D SPACE',''
  ) );
#6869 = PCURVE('',#4327,#6870);
#6870 = DEFINITIONAL_REPRESENTATION('',(#6871),#6875);
#6871 = LINE('',#6872,#6873);
#6872 = CARTESIAN_POINT('',(17.5,0.));
#6873 = VECTOR('',#6874,1.);
#6874 = DIRECTION('',(-1.836970198721E-16,1.));
#6875 = ( GEOMETRIC_REPRESENTATION_CONTEXT(2) 
PARAMETRIC_REPRESENTATION_CONTEXT() REPRESENTATION_CONTEXT('2D SPACE',''
  ) );
#6876 = ORIENTED_EDGE('',*,*,#6877,.F.);
#6877 = EDGE_CURVE('',#6808,#6855,#6878,.T.);
#6878 = SURFACE_CURVE('',#6879,(#6883,#6890),.PCURVE_S1.);
#6879 = LINE('',#6880,#6881);
#6880 = CARTESIAN_POINT('',(70.,-2.5,77.330343736593));
#6881 = VECTOR('',#6882,1.);
#6882 = DIRECTION('',(0.,0.,1.));
#6883 = PCURVE('',#4355,#6884);
#6884 = DEFINITIONAL_REPRESENTATION('',(#6885),#6889);
#6885 = LINE('',#6886,#6887);
#6886 = CARTESIAN_POINT('',(7.5,0.));
#6887 = VECTOR('',#6888,1.);
#6888 = DIRECTION('',(0.,1.));
#6889 = ( GEOMETRIC_REPRESENTATION_CONTEXT(2) 
PARAMETRIC_REPRESENTATION_CONTEXT() REPRESENTATION_CONTEXT('2D SPACE',''
  ) );
#6890 = PCURVE('',#3399,#6891);
#6891 = DEFINITIONAL_REPRESENTATION('',(#6892),#6896);
#6892 = LINE('',#6893,#6894);
#6893 = CARTESIAN_POINT('',(-5.621966607869,-2.));
#6894 = VECTOR('',#6895,1.);
#6895 = DIRECTION('',(0.,1.));
#6896 = ( GEOMETRIC_REPRESENTATION_CONTEXT(2) 
PARAMETRIC_REPRESENTATION_CONTEXT() REPRESENTATION_CONTEXT('2D SPACE',''
  ) );
#6897 = ORIENTED_EDGE('',*,*,#6807,.F.);
#6898 = ORIENTED_EDGE('',*,*,#4339,.T.);
#6899 = ADVANCED_FACE('',(#6900),#4327,.T.);
#6900 = FACE_BOUND('',#6901,.T.);
#6901 = EDGE_LOOP('',(#6902,#6925,#6946,#6947));
#6902 = ORIENTED_EDGE('',*,*,#6903,.F.);
#6903 = EDGE_CURVE('',#6904,#4284,#6906,.T.);
#6904 = VERTEX_POINT('',#6905);
#6905 = CARTESIAN_POINT('',(75.,-2.5,79.330343736593));
#6906 = SURFACE_CURVE('',#6907,(#6911,#6918),.PCURVE_S1.);
#6907 = LINE('',#6908,#6909);
#6908 = CARTESIAN_POINT('',(75.,-10.,79.330343736593));
#6909 = VECTOR('',#6910,1.);
#6910 = DIRECTION('',(3.061616997868E-16,-1.,0.));
#6911 = PCURVE('',#4327,#6912);
#6912 = DEFINITIONAL_REPRESENTATION('',(#6913),#6917);
#6913 = LINE('',#6914,#6915);
#6914 = CARTESIAN_POINT('',(22.5,0.));
#6915 = VECTOR('',#6916,1.);
#6916 = DIRECTION('',(3.061616997868E-16,-1.));
#6917 = ( GEOMETRIC_REPRESENTATION_CONTEXT(2) 
PARAMETRIC_REPRESENTATION_CONTEXT() REPRESENTATION_CONTEXT('2D SPACE',''
  ) );
#6918 = PCURVE('',#4299,#6919);
#6919 = DEFINITIONAL_REPRESENTATION('',(#6920),#6924);
#6920 = LINE('',#6921,#6922);
#6921 = CARTESIAN_POINT('',(0.,2.));
#6922 = VECTOR('',#6923,1.);
#6923 = DIRECTION('',(1.,0.));
#6924 = ( GEOMETRIC_REPRESENTATION_CONTEXT(2) 
PARAMETRIC_REPRESENTATION_CONTEXT() REPRESENTATION_CONTEXT('2D SPACE',''
  ) );
#6925 = ORIENTED_EDGE('',*,*,#6926,.F.);
#6926 = EDGE_CURVE('',#6855,#6904,#6927,.T.);
#6927 = SURFACE_CURVE('',#6928,(#6932,#6939),.PCURVE_S1.);
#6928 = LINE('',#6929,#6930);
#6929 = CARTESIAN_POINT('',(64.378033392131,-2.5,79.330343736593));
#6930 = VECTOR('',#6931,1.);
#6931 = DIRECTION('',(1.,1.224646799147E-16,0.));
#6932 = PCURVE('',#4327,#6933);
#6933 = DEFINITIONAL_REPRESENTATION('',(#6934),#6938);
#6934 = LINE('',#6935,#6936);
#6935 = CARTESIAN_POINT('',(11.878033392131,7.5));
#6936 = VECTOR('',#6937,1.);
#6937 = DIRECTION('',(1.,1.224646799147E-16));
#6938 = ( GEOMETRIC_REPRESENTATION_CONTEXT(2) 
PARAMETRIC_REPRESENTATION_CONTEXT() REPRESENTATION_CONTEXT('2D SPACE',''
  ) );
#6939 = PCURVE('',#3399,#6940);
#6940 = DEFINITIONAL_REPRESENTATION('',(#6941),#6945);
#6941 = LINE('',#6942,#6943);
#6942 = CARTESIAN_POINT('',(0.,0.));
#6943 = VECTOR('',#6944,1.);
#6944 = DIRECTION('',(-1.,0.));
#6945 = ( GEOMETRIC_REPRESENTATION_CONTEXT(2) 
PARAMETRIC_REPRESENTATION_CONTEXT() REPRESENTATION_CONTEXT('2D SPACE',''
  ) );
#6946 = ORIENTED_EDGE('',*,*,#6854,.F.);
#6947 = ORIENTED_EDGE('',*,*,#4311,.T.);
#6948 = ADVANCED_FACE('',(#6949),#4299,.F.);
#6949 = FACE_BOUND('',#6950,.T.);
#6950 = EDGE_LOOP('',(#6951,#6952,#6953,#6976));
#6951 = ORIENTED_EDGE('',*,*,#6903,.T.);
#6952 = ORIENTED_EDGE('',*,*,#4283,.F.);
#6953 = ORIENTED_EDGE('',*,*,#6954,.F.);
#6954 = EDGE_CURVE('',#6955,#4256,#6957,.T.);
#6955 = VERTEX_POINT('',#6956);
#6956 = CARTESIAN_POINT('',(75.,-2.5,77.330343736593));
#6957 = SURFACE_CURVE('',#6958,(#6962,#6969),.PCURVE_S1.);
#6958 = LINE('',#6959,#6960);
#6959 = CARTESIAN_POINT('',(75.,-10.,77.330343736593));
#6960 = VECTOR('',#6961,1.);
#6961 = DIRECTION('',(3.061616997868E-16,-1.,0.));
#6962 = PCURVE('',#4299,#6963);
#6963 = DEFINITIONAL_REPRESENTATION('',(#6964),#6968);
#6964 = LINE('',#6965,#6966);
#6965 = CARTESIAN_POINT('',(0.,0.));
#6966 = VECTOR('',#6967,1.);
#6967 = DIRECTION('',(1.,0.));
#6968 = ( GEOMETRIC_REPRESENTATION_CONTEXT(2) 
PARAMETRIC_REPRESENTATION_CONTEXT() REPRESENTATION_CONTEXT('2D SPACE',''
  ) );
#6969 = PCURVE('',#4271,#6970);
#6970 = DEFINITIONAL_REPRESENTATION('',(#6971),#6975);
#6971 = LINE('',#6972,#6973);
#6972 = CARTESIAN_POINT('',(22.5,0.));
#6973 = VECTOR('',#6974,1.);
#6974 = DIRECTION('',(3.061616997868E-16,-1.));
#6975 = ( GEOMETRIC_REPRESENTATION_CONTEXT(2) 
PARAMETRIC_REPRESENTATION_CONTEXT() REPRESENTATION_CONTEXT('2D SPACE',''
  ) );
#6976 = ORIENTED_EDGE('',*,*,#6977,.T.);
#6977 = EDGE_CURVE('',#6955,#6904,#6978,.T.);
#6978 = SURFACE_CURVE('',#6979,(#6983,#6990),.PCURVE_S1.);
#6979 = LINE('',#6980,#6981);
#6980 = CARTESIAN_POINT('',(75.,-2.5,77.330343736593));
#6981 = VECTOR('',#6982,1.);
#6982 = DIRECTION('',(0.,0.,1.));
#6983 = PCURVE('',#4299,#6984);
#6984 = DEFINITIONAL_REPRESENTATION('',(#6985),#6989);
#6985 = LINE('',#6986,#6987);
#6986 = CARTESIAN_POINT('',(-7.5,0.));
#6987 = VECTOR('',#6988,1.);
#6988 = DIRECTION('',(0.,1.));
#6989 = ( GEOMETRIC_REPRESENTATION_CONTEXT(2) 
PARAMETRIC_REPRESENTATION_CONTEXT() REPRESENTATION_CONTEXT('2D SPACE',''
  ) );
#6990 = PCURVE('',#3399,#6991);
#6991 = DEFINITIONAL_REPRESENTATION('',(#6992),#6996);
#6992 = LINE('',#6993,#6994);
#6993 = CARTESIAN_POINT('',(-10.62196660786,-2.));
#6994 = VECTOR('',#6995,1.);
#6995 = DIRECTION('',(0.,1.));
#6996 = ( GEOMETRIC_REPRESENTATION_CONTEXT(2) 
PARAMETRIC_REPRESENTATION_CONTEXT() REPRESENTATION_CONTEXT('2D SPACE',''
  ) );
#6997 = ADVANCED_FACE('',(#6998),#4271,.T.);
#6998 = FACE_BOUND('',#6999,.T.);
#6999 = EDGE_LOOP('',(#7000,#7023,#7024,#7025));
#7000 = ORIENTED_EDGE('',*,*,#7001,.F.);
#7001 = EDGE_CURVE('',#6955,#7002,#7004,.T.);
#7002 = VERTEX_POINT('',#7003);
#7003 = CARTESIAN_POINT('',(80.,-2.5,77.330343736593));
#7004 = SURFACE_CURVE('',#7005,(#7009,#7016),.PCURVE_S1.);
#7005 = LINE('',#7006,#7007);
#7006 = CARTESIAN_POINT('',(64.378033392131,-2.5,77.330343736593));
#7007 = VECTOR('',#7008,1.);
#7008 = DIRECTION('',(1.,1.224646799147E-16,0.));
#7009 = PCURVE('',#4271,#7010);
#7010 = DEFINITIONAL_REPRESENTATION('',(#7011),#7015);
#7011 = LINE('',#7012,#7013);
#7012 = CARTESIAN_POINT('',(11.878033392131,7.5));
#7013 = VECTOR('',#7014,1.);
#7014 = DIRECTION('',(1.,1.224646799147E-16));
#7015 = ( GEOMETRIC_REPRESENTATION_CONTEXT(2) 
PARAMETRIC_REPRESENTATION_CONTEXT() REPRESENTATION_CONTEXT('2D SPACE',''
  ) );
#7016 = PCURVE('',#3399,#7017);
#7017 = DEFINITIONAL_REPRESENTATION('',(#7018),#7022);
#7018 = LINE('',#7019,#7020);
#7019 = CARTESIAN_POINT('',(-0.,-2.));
#7020 = VECTOR('',#7021,1.);
#7021 = DIRECTION('',(-1.,0.));
#7022 = ( GEOMETRIC_REPRESENTATION_CONTEXT(2) 
PARAMETRIC_REPRESENTATION_CONTEXT() REPRESENTATION_CONTEXT('2D SPACE',''
  ) );
#7023 = ORIENTED_EDGE('',*,*,#6954,.T.);
#7024 = ORIENTED_EDGE('',*,*,#4255,.T.);
#7025 = ORIENTED_EDGE('',*,*,#7026,.F.);
#7026 = EDGE_CURVE('',#7002,#4228,#7027,.T.);
#7027 = SURFACE_CURVE('',#7028,(#7032,#7039),.PCURVE_S1.);
#7028 = LINE('',#7029,#7030);
#7029 = CARTESIAN_POINT('',(80.,-10.,77.330343736593));
#7030 = VECTOR('',#7031,1.);
#7031 = DIRECTION('',(3.061616997868E-16,-1.,0.));
#7032 = PCURVE('',#4271,#7033);
#7033 = DEFINITIONAL_REPRESENTATION('',(#7034),#7038);
#7034 = LINE('',#7035,#7036);
#7035 = CARTESIAN_POINT('',(27.5,0.));
#7036 = VECTOR('',#7037,1.);
#7037 = DIRECTION('',(3.061616997868E-16,-1.));
#7038 = ( GEOMETRIC_REPRESENTATION_CONTEXT(2) 
PARAMETRIC_REPRESENTATION_CONTEXT() REPRESENTATION_CONTEXT('2D SPACE',''
  ) );
#7039 = PCURVE('',#4243,#7040);
#7040 = DEFINITIONAL_REPRESENTATION('',(#7041),#7045);
#7041 = LINE('',#7042,#7043);
#7042 = CARTESIAN_POINT('',(0.,0.));
#7043 = VECTOR('',#7044,1.);
#7044 = DIRECTION('',(1.,0.));
#7045 = ( GEOMETRIC_REPRESENTATION_CONTEXT(2) 
PARAMETRIC_REPRESENTATION_CONTEXT() REPRESENTATION_CONTEXT('2D SPACE',''
  ) );
#7046 = ADVANCED_FACE('',(#7047),#4243,.T.);
#7047 = FACE_BOUND('',#7048,.T.);
#7048 = EDGE_LOOP('',(#7049,#7072,#7093,#7094));
#7049 = ORIENTED_EDGE('',*,*,#7050,.F.);
#7050 = EDGE_CURVE('',#7051,#4200,#7053,.T.);
#7051 = VERTEX_POINT('',#7052);
#7052 = CARTESIAN_POINT('',(80.,-2.5,79.330343736593));
#7053 = SURFACE_CURVE('',#7054,(#7058,#7065),.PCURVE_S1.);
#7054 = LINE('',#7055,#7056);
#7055 = CARTESIAN_POINT('',(80.,-10.,79.330343736593));
#7056 = VECTOR('',#7057,1.);
#7057 = DIRECTION('',(3.061616997868E-16,-1.,0.));
#7058 = PCURVE('',#4243,#7059);
#7059 = DEFINITIONAL_REPRESENTATION('',(#7060),#7064);
#7060 = LINE('',#7061,#7062);
#7061 = CARTESIAN_POINT('',(0.,2.));
#7062 = VECTOR('',#7063,1.);
#7063 = DIRECTION('',(1.,0.));
#7064 = ( GEOMETRIC_REPRESENTATION_CONTEXT(2) 
PARAMETRIC_REPRESENTATION_CONTEXT() REPRESENTATION_CONTEXT('2D SPACE',''
  ) );
#7065 = PCURVE('',#4215,#7066);
#7066 = DEFINITIONAL_REPRESENTATION('',(#7067),#7071);
#7067 = LINE('',#7068,#7069);
#7068 = CARTESIAN_POINT('',(27.5,0.));
#7069 = VECTOR('',#7070,1.);
#7070 = DIRECTION('',(3.061616997868E-16,-1.));
#7071 = ( GEOMETRIC_REPRESENTATION_CONTEXT(2) 
PARAMETRIC_REPRESENTATION_CONTEXT() REPRESENTATION_CONTEXT('2D SPACE',''
  ) );
#7072 = ORIENTED_EDGE('',*,*,#7073,.F.);
#7073 = EDGE_CURVE('',#7002,#7051,#7074,.T.);
#7074 = SURFACE_CURVE('',#7075,(#7079,#7086),.PCURVE_S1.);
#7075 = LINE('',#7076,#7077);
#7076 = CARTESIAN_POINT('',(80.,-2.5,77.330343736593));
#7077 = VECTOR('',#7078,1.);
#7078 = DIRECTION('',(0.,0.,1.));
#7079 = PCURVE('',#4243,#7080);
#7080 = DEFINITIONAL_REPRESENTATION('',(#7081),#7085);
#7081 = LINE('',#7082,#7083);
#7082 = CARTESIAN_POINT('',(-7.5,0.));
#7083 = VECTOR('',#7084,1.);
#7084 = DIRECTION('',(0.,1.));
#7085 = ( GEOMETRIC_REPRESENTATION_CONTEXT(2) 
PARAMETRIC_REPRESENTATION_CONTEXT() REPRESENTATION_CONTEXT('2D SPACE',''
  ) );
#7086 = PCURVE('',#3399,#7087);
#7087 = DEFINITIONAL_REPRESENTATION('',(#7088),#7092);
#7088 = LINE('',#7089,#7090);
#7089 = CARTESIAN_POINT('',(-15.62196660786,-2.));
#7090 = VECTOR('',#7091,1.);
#7091 = DIRECTION('',(0.,1.));
#7092 = ( GEOMETRIC_REPRESENTATION_CONTEXT(2) 
PARAMETRIC_REPRESENTATION_CONTEXT() REPRESENTATION_CONTEXT('2D SPACE',''
  ) );
#7093 = ORIENTED_EDGE('',*,*,#7026,.T.);
#7094 = ORIENTED_EDGE('',*,*,#4227,.T.);
#7095 = ADVANCED_FACE('',(#7096),#4215,.T.);
#7096 = FACE_BOUND('',#7097,.T.);
#7097 = EDGE_LOOP('',(#7098,#7099,#7122,#7143));
#7098 = ORIENTED_EDGE('',*,*,#4199,.T.);
#7099 = ORIENTED_EDGE('',*,*,#7100,.T.);
#7100 = EDGE_CURVE('',#4172,#7101,#7103,.T.);
#7101 = VERTEX_POINT('',#7102);
#7102 = CARTESIAN_POINT('',(85.,-2.5,79.330343736593));
#7103 = SURFACE_CURVE('',#7104,(#7108,#7115),.PCURVE_S1.);
#7104 = LINE('',#7105,#7106);
#7105 = CARTESIAN_POINT('',(85.,-10.,79.330343736593));
#7106 = VECTOR('',#7107,1.);
#7107 = DIRECTION('',(-1.836970198721E-16,1.,0.));
#7108 = PCURVE('',#4215,#7109);
#7109 = DEFINITIONAL_REPRESENTATION('',(#7110),#7114);
#7110 = LINE('',#7111,#7112);
#7111 = CARTESIAN_POINT('',(32.5,0.));
#7112 = VECTOR('',#7113,1.);
#7113 = DIRECTION('',(-1.836970198721E-16,1.));
#7114 = ( GEOMETRIC_REPRESENTATION_CONTEXT(2) 
PARAMETRIC_REPRESENTATION_CONTEXT() REPRESENTATION_CONTEXT('2D SPACE',''
  ) );
#7115 = PCURVE('',#4187,#7116);
#7116 = DEFINITIONAL_REPRESENTATION('',(#7117),#7121);
#7117 = LINE('',#7118,#7119);
#7118 = CARTESIAN_POINT('',(0.,2.));
#7119 = VECTOR('',#7120,1.);
#7120 = DIRECTION('',(1.,0.));
#7121 = ( GEOMETRIC_REPRESENTATION_CONTEXT(2) 
PARAMETRIC_REPRESENTATION_CONTEXT() REPRESENTATION_CONTEXT('2D SPACE',''
  ) );
#7122 = ORIENTED_EDGE('',*,*,#7123,.F.);
#7123 = EDGE_CURVE('',#7051,#7101,#7124,.T.);
#7124 = SURFACE_CURVE('',#7125,(#7129,#7136),.PCURVE_S1.);
#7125 = LINE('',#7126,#7127);
#7126 = CARTESIAN_POINT('',(64.378033392131,-2.5,79.330343736593));
#7127 = VECTOR('',#7128,1.);
#7128 = DIRECTION('',(1.,1.224646799147E-16,0.));
#7129 = PCURVE('',#4215,#7130);
#7130 = DEFINITIONAL_REPRESENTATION('',(#7131),#7135);
#7131 = LINE('',#7132,#7133);
#7132 = CARTESIAN_POINT('',(11.878033392131,7.5));
#7133 = VECTOR('',#7134,1.);
#7134 = DIRECTION('',(1.,1.224646799147E-16));
#7135 = ( GEOMETRIC_REPRESENTATION_CONTEXT(2) 
PARAMETRIC_REPRESENTATION_CONTEXT() REPRESENTATION_CONTEXT('2D SPACE',''
  ) );
#7136 = PCURVE('',#3399,#7137);
#7137 = DEFINITIONAL_REPRESENTATION('',(#7138),#7142);
#7138 = LINE('',#7139,#7140);
#7139 = CARTESIAN_POINT('',(0.,0.));
#7140 = VECTOR('',#7141,1.);
#7141 = DIRECTION('',(-1.,0.));
#7142 = ( GEOMETRIC_REPRESENTATION_CONTEXT(2) 
PARAMETRIC_REPRESENTATION_CONTEXT() REPRESENTATION_CONTEXT('2D SPACE',''
  ) );
#7143 = ORIENTED_EDGE('',*,*,#7050,.T.);
#7144 = ADVANCED_FACE('',(#7145),#4187,.T.);
#7145 = FACE_BOUND('',#7146,.T.);
#7146 = EDGE_LOOP('',(#7147,#7148,#7149,#7172));
#7147 = ORIENTED_EDGE('',*,*,#7100,.F.);
#7148 = ORIENTED_EDGE('',*,*,#4171,.F.);
#7149 = ORIENTED_EDGE('',*,*,#7150,.T.);
#7150 = EDGE_CURVE('',#4144,#7151,#7153,.T.);
#7151 = VERTEX_POINT('',#7152);
#7152 = CARTESIAN_POINT('',(85.,-2.5,77.330343736593));
#7153 = SURFACE_CURVE('',#7154,(#7158,#7165),.PCURVE_S1.);
#7154 = LINE('',#7155,#7156);
#7155 = CARTESIAN_POINT('',(85.,-10.,77.330343736593));
#7156 = VECTOR('',#7157,1.);
#7157 = DIRECTION('',(-1.836970198721E-16,1.,0.));
#7158 = PCURVE('',#4187,#7159);
#7159 = DEFINITIONAL_REPRESENTATION('',(#7160),#7164);
#7160 = LINE('',#7161,#7162);
#7161 = CARTESIAN_POINT('',(0.,0.));
#7162 = VECTOR('',#7163,1.);
#7163 = DIRECTION('',(1.,0.));
#7164 = ( GEOMETRIC_REPRESENTATION_CONTEXT(2) 
PARAMETRIC_REPRESENTATION_CONTEXT() REPRESENTATION_CONTEXT('2D SPACE',''
  ) );
#7165 = PCURVE('',#4159,#7166);
#7166 = DEFINITIONAL_REPRESENTATION('',(#7167),#7171);
#7167 = LINE('',#7168,#7169);
#7168 = CARTESIAN_POINT('',(32.5,0.));
#7169 = VECTOR('',#7170,1.);
#7170 = DIRECTION('',(-1.836970198721E-16,1.));
#7171 = ( GEOMETRIC_REPRESENTATION_CONTEXT(2) 
PARAMETRIC_REPRESENTATION_CONTEXT() REPRESENTATION_CONTEXT('2D SPACE',''
  ) );
#7172 = ORIENTED_EDGE('',*,*,#7173,.T.);
#7173 = EDGE_CURVE('',#7151,#7101,#7174,.T.);
#7174 = SURFACE_CURVE('',#7175,(#7179,#7186),.PCURVE_S1.);
#7175 = LINE('',#7176,#7177);
#7176 = CARTESIAN_POINT('',(85.,-2.5,77.330343736593));
#7177 = VECTOR('',#7178,1.);
#7178 = DIRECTION('',(0.,0.,1.));
#7179 = PCURVE('',#4187,#7180);
#7180 = DEFINITIONAL_REPRESENTATION('',(#7181),#7185);
#7181 = LINE('',#7182,#7183);
#7182 = CARTESIAN_POINT('',(7.5,0.));
#7183 = VECTOR('',#7184,1.);
#7184 = DIRECTION('',(0.,1.));
#7185 = ( GEOMETRIC_REPRESENTATION_CONTEXT(2) 
PARAMETRIC_REPRESENTATION_CONTEXT() REPRESENTATION_CONTEXT('2D SPACE',''
  ) );
#7186 = PCURVE('',#3399,#7187);
#7187 = DEFINITIONAL_REPRESENTATION('',(#7188),#7192);
#7188 = LINE('',#7189,#7190);
#7189 = CARTESIAN_POINT('',(-20.62196660786,-2.));
#7190 = VECTOR('',#7191,1.);
#7191 = DIRECTION('',(0.,1.));
#7192 = ( GEOMETRIC_REPRESENTATION_CONTEXT(2) 
PARAMETRIC_REPRESENTATION_CONTEXT() REPRESENTATION_CONTEXT('2D SPACE',''
  ) );
#7193 = ADVANCED_FACE('',(#7194),#4159,.T.);
#7194 = FACE_BOUND('',#7195,.T.);
#7195 = EDGE_LOOP('',(#7196,#7197,#7198,#7221));
#7196 = ORIENTED_EDGE('',*,*,#7150,.F.);
#7197 = ORIENTED_EDGE('',*,*,#4143,.T.);
#7198 = ORIENTED_EDGE('',*,*,#7199,.T.);
#7199 = EDGE_CURVE('',#4116,#7200,#7202,.T.);
#7200 = VERTEX_POINT('',#7201);
#7201 = CARTESIAN_POINT('',(90.,-2.5,77.330343736593));
#7202 = SURFACE_CURVE('',#7203,(#7207,#7214),.PCURVE_S1.);
#7203 = LINE('',#7204,#7205);
#7204 = CARTESIAN_POINT('',(90.,-10.,77.330343736593));
#7205 = VECTOR('',#7206,1.);
#7206 = DIRECTION('',(-1.836970198721E-16,1.,0.));
#7207 = PCURVE('',#4159,#7208);
#7208 = DEFINITIONAL_REPRESENTATION('',(#7209),#7213);
#7209 = LINE('',#7210,#7211);
#7210 = CARTESIAN_POINT('',(37.5,0.));
#7211 = VECTOR('',#7212,1.);
#7212 = DIRECTION('',(-1.836970198721E-16,1.));
#7213 = ( GEOMETRIC_REPRESENTATION_CONTEXT(2) 
PARAMETRIC_REPRESENTATION_CONTEXT() REPRESENTATION_CONTEXT('2D SPACE',''
  ) );
#7214 = PCURVE('',#4131,#7215);
#7215 = DEFINITIONAL_REPRESENTATION('',(#7216),#7220);
#7216 = LINE('',#7217,#7218);
#7217 = CARTESIAN_POINT('',(0.,0.));
#7218 = VECTOR('',#7219,1.);
#7219 = DIRECTION('',(1.,0.));
#7220 = ( GEOMETRIC_REPRESENTATION_CONTEXT(2) 
PARAMETRIC_REPRESENTATION_CONTEXT() REPRESENTATION_CONTEXT('2D SPACE',''
  ) );
#7221 = ORIENTED_EDGE('',*,*,#7222,.F.);
#7222 = EDGE_CURVE('',#7151,#7200,#7223,.T.);
#7223 = SURFACE_CURVE('',#7224,(#7228,#7235),.PCURVE_S1.);
#7224 = LINE('',#7225,#7226);
#7225 = CARTESIAN_POINT('',(64.378033392131,-2.5,77.330343736593));
#7226 = VECTOR('',#7227,1.);
#7227 = DIRECTION('',(1.,1.224646799147E-16,0.));
#7228 = PCURVE('',#4159,#7229);
#7229 = DEFINITIONAL_REPRESENTATION('',(#7230),#7234);
#7230 = LINE('',#7231,#7232);
#7231 = CARTESIAN_POINT('',(11.878033392131,7.5));
#7232 = VECTOR('',#7233,1.);
#7233 = DIRECTION('',(1.,1.224646799147E-16));
#7234 = ( GEOMETRIC_REPRESENTATION_CONTEXT(2) 
PARAMETRIC_REPRESENTATION_CONTEXT() REPRESENTATION_CONTEXT('2D SPACE',''
  ) );
#7235 = PCURVE('',#3399,#7236);
#7236 = DEFINITIONAL_REPRESENTATION('',(#7237),#7241);
#7237 = LINE('',#7238,#7239);
#7238 = CARTESIAN_POINT('',(-0.,-2.));
#7239 = VECTOR('',#7240,1.);
#7240 = DIRECTION('',(-1.,0.));
#7241 = ( GEOMETRIC_REPRESENTATION_CONTEXT(2) 
PARAMETRIC_REPRESENTATION_CONTEXT() REPRESENTATION_CONTEXT('2D SPACE',''
  ) );
#7242 = ADVANCED_FACE('',(#7243),#4131,.F.);
#7243 = FACE_BOUND('',#7244,.T.);
#7244 = EDGE_LOOP('',(#7245,#7268,#7289,#7290));
#7245 = ORIENTED_EDGE('',*,*,#7246,.T.);
#7246 = EDGE_CURVE('',#4088,#7247,#7249,.T.);
#7247 = VERTEX_POINT('',#7248);
#7248 = CARTESIAN_POINT('',(90.,-2.5,79.330343736593));
#7249 = SURFACE_CURVE('',#7250,(#7254,#7261),.PCURVE_S1.);
#7250 = LINE('',#7251,#7252);
#7251 = CARTESIAN_POINT('',(90.,-10.,79.330343736593));
#7252 = VECTOR('',#7253,1.);
#7253 = DIRECTION('',(-1.836970198721E-16,1.,0.));
#7254 = PCURVE('',#4131,#7255);
#7255 = DEFINITIONAL_REPRESENTATION('',(#7256),#7260);
#7256 = LINE('',#7257,#7258);
#7257 = CARTESIAN_POINT('',(0.,2.));
#7258 = VECTOR('',#7259,1.);
#7259 = DIRECTION('',(1.,0.));
#7260 = ( GEOMETRIC_REPRESENTATION_CONTEXT(2) 
PARAMETRIC_REPRESENTATION_CONTEXT() REPRESENTATION_CONTEXT('2D SPACE',''
  ) );
#7261 = PCURVE('',#4103,#7262);
#7262 = DEFINITIONAL_REPRESENTATION('',(#7263),#7267);
#7263 = LINE('',#7264,#7265);
#7264 = CARTESIAN_POINT('',(37.5,0.));
#7265 = VECTOR('',#7266,1.);
#7266 = DIRECTION('',(-1.836970198721E-16,1.));
#7267 = ( GEOMETRIC_REPRESENTATION_CONTEXT(2) 
PARAMETRIC_REPRESENTATION_CONTEXT() REPRESENTATION_CONTEXT('2D SPACE',''
  ) );
#7268 = ORIENTED_EDGE('',*,*,#7269,.F.);
#7269 = EDGE_CURVE('',#7200,#7247,#7270,.T.);
#7270 = SURFACE_CURVE('',#7271,(#7275,#7282),.PCURVE_S1.);
#7271 = LINE('',#7272,#7273);
#7272 = CARTESIAN_POINT('',(90.,-2.5,77.330343736593));
#7273 = VECTOR('',#7274,1.);
#7274 = DIRECTION('',(0.,0.,1.));
#7275 = PCURVE('',#4131,#7276);
#7276 = DEFINITIONAL_REPRESENTATION('',(#7277),#7281);
#7277 = LINE('',#7278,#7279);
#7278 = CARTESIAN_POINT('',(7.5,0.));
#7279 = VECTOR('',#7280,1.);
#7280 = DIRECTION('',(0.,1.));
#7281 = ( GEOMETRIC_REPRESENTATION_CONTEXT(2) 
PARAMETRIC_REPRESENTATION_CONTEXT() REPRESENTATION_CONTEXT('2D SPACE',''
  ) );
#7282 = PCURVE('',#3399,#7283);
#7283 = DEFINITIONAL_REPRESENTATION('',(#7284),#7288);
#7284 = LINE('',#7285,#7286);
#7285 = CARTESIAN_POINT('',(-25.62196660786,-2.));
#7286 = VECTOR('',#7287,1.);
#7287 = DIRECTION('',(0.,1.));
#7288 = ( GEOMETRIC_REPRESENTATION_CONTEXT(2) 
PARAMETRIC_REPRESENTATION_CONTEXT() REPRESENTATION_CONTEXT('2D SPACE',''
  ) );
#7289 = ORIENTED_EDGE('',*,*,#7199,.F.);
#7290 = ORIENTED_EDGE('',*,*,#4115,.T.);
#7291 = ADVANCED_FACE('',(#7292),#4103,.T.);
#7292 = FACE_BOUND('',#7293,.T.);
#7293 = EDGE_LOOP('',(#7294,#7317,#7338,#7339));
#7294 = ORIENTED_EDGE('',*,*,#7295,.F.);
#7295 = EDGE_CURVE('',#7296,#4060,#7298,.T.);
#7296 = VERTEX_POINT('',#7297);
#7297 = CARTESIAN_POINT('',(95.,-2.5,79.330343736593));
#7298 = SURFACE_CURVE('',#7299,(#7303,#7310),.PCURVE_S1.);
#7299 = LINE('',#7300,#7301);
#7300 = CARTESIAN_POINT('',(95.,-10.,79.330343736593));
#7301 = VECTOR('',#7302,1.);
#7302 = DIRECTION('',(3.061616997868E-16,-1.,0.));
#7303 = PCURVE('',#4103,#7304);
#7304 = DEFINITIONAL_REPRESENTATION('',(#7305),#7309);
#7305 = LINE('',#7306,#7307);
#7306 = CARTESIAN_POINT('',(42.5,0.));
#7307 = VECTOR('',#7308,1.);
#7308 = DIRECTION('',(3.061616997868E-16,-1.));
#7309 = ( GEOMETRIC_REPRESENTATION_CONTEXT(2) 
PARAMETRIC_REPRESENTATION_CONTEXT() REPRESENTATION_CONTEXT('2D SPACE',''
  ) );
#7310 = PCURVE('',#4075,#7311);
#7311 = DEFINITIONAL_REPRESENTATION('',(#7312),#7316);
#7312 = LINE('',#7313,#7314);
#7313 = CARTESIAN_POINT('',(0.,2.));
#7314 = VECTOR('',#7315,1.);
#7315 = DIRECTION('',(1.,0.));
#7316 = ( GEOMETRIC_REPRESENTATION_CONTEXT(2) 
PARAMETRIC_REPRESENTATION_CONTEXT() REPRESENTATION_CONTEXT('2D SPACE',''
  ) );
#7317 = ORIENTED_EDGE('',*,*,#7318,.F.);
#7318 = EDGE_CURVE('',#7247,#7296,#7319,.T.);
#7319 = SURFACE_CURVE('',#7320,(#7324,#7331),.PCURVE_S1.);
#7320 = LINE('',#7321,#7322);
#7321 = CARTESIAN_POINT('',(64.378033392131,-2.5,79.330343736593));
#7322 = VECTOR('',#7323,1.);
#7323 = DIRECTION('',(1.,1.224646799147E-16,0.));
#7324 = PCURVE('',#4103,#7325);
#7325 = DEFINITIONAL_REPRESENTATION('',(#7326),#7330);
#7326 = LINE('',#7327,#7328);
#7327 = CARTESIAN_POINT('',(11.878033392131,7.5));
#7328 = VECTOR('',#7329,1.);
#7329 = DIRECTION('',(1.,1.224646799147E-16));
#7330 = ( GEOMETRIC_REPRESENTATION_CONTEXT(2) 
PARAMETRIC_REPRESENTATION_CONTEXT() REPRESENTATION_CONTEXT('2D SPACE',''
  ) );
#7331 = PCURVE('',#3399,#7332);
#7332 = DEFINITIONAL_REPRESENTATION('',(#7333),#7337);
#7333 = LINE('',#7334,#7335);
#7334 = CARTESIAN_POINT('',(0.,0.));
#7335 = VECTOR('',#7336,1.);
#7336 = DIRECTION('',(-1.,0.));
#7337 = ( GEOMETRIC_REPRESENTATION_CONTEXT(2) 
PARAMETRIC_REPRESENTATION_CONTEXT() REPRESENTATION_CONTEXT('2D SPACE',''
  ) );
#7338 = ORIENTED_EDGE('',*,*,#7246,.F.);
#7339 = ORIENTED_EDGE('',*,*,#4087,.T.);
#7340 = ADVANCED_FACE('',(#7341),#4075,.F.);
#7341 = FACE_BOUND('',#7342,.T.);
#7342 = EDGE_LOOP('',(#7343,#7344,#7345,#7368));
#7343 = ORIENTED_EDGE('',*,*,#7295,.T.);
#7344 = ORIENTED_EDGE('',*,*,#4059,.F.);
#7345 = ORIENTED_EDGE('',*,*,#7346,.F.);
#7346 = EDGE_CURVE('',#7347,#4032,#7349,.T.);
#7347 = VERTEX_POINT('',#7348);
#7348 = CARTESIAN_POINT('',(95.,-2.5,77.330343736593));
#7349 = SURFACE_CURVE('',#7350,(#7354,#7361),.PCURVE_S1.);
#7350 = LINE('',#7351,#7352);
#7351 = CARTESIAN_POINT('',(95.,-10.,77.330343736593));
#7352 = VECTOR('',#7353,1.);
#7353 = DIRECTION('',(3.061616997868E-16,-1.,0.));
#7354 = PCURVE('',#4075,#7355);
#7355 = DEFINITIONAL_REPRESENTATION('',(#7356),#7360);
#7356 = LINE('',#7357,#7358);
#7357 = CARTESIAN_POINT('',(0.,0.));
#7358 = VECTOR('',#7359,1.);
#7359 = DIRECTION('',(1.,0.));
#7360 = ( GEOMETRIC_REPRESENTATION_CONTEXT(2) 
PARAMETRIC_REPRESENTATION_CONTEXT() REPRESENTATION_CONTEXT('2D SPACE',''
  ) );
#7361 = PCURVE('',#4047,#7362);
#7362 = DEFINITIONAL_REPRESENTATION('',(#7363),#7367);
#7363 = LINE('',#7364,#7365);
#7364 = CARTESIAN_POINT('',(42.5,0.));
#7365 = VECTOR('',#7366,1.);
#7366 = DIRECTION('',(3.061616997868E-16,-1.));
#7367 = ( GEOMETRIC_REPRESENTATION_CONTEXT(2) 
PARAMETRIC_REPRESENTATION_CONTEXT() REPRESENTATION_CONTEXT('2D SPACE',''
  ) );
#7368 = ORIENTED_EDGE('',*,*,#7369,.T.);
#7369 = EDGE_CURVE('',#7347,#7296,#7370,.T.);
#7370 = SURFACE_CURVE('',#7371,(#7375,#7382),.PCURVE_S1.);
#7371 = LINE('',#7372,#7373);
#7372 = CARTESIAN_POINT('',(95.,-2.5,77.330343736593));
#7373 = VECTOR('',#7374,1.);
#7374 = DIRECTION('',(0.,0.,1.));
#7375 = PCURVE('',#4075,#7376);
#7376 = DEFINITIONAL_REPRESENTATION('',(#7377),#7381);
#7377 = LINE('',#7378,#7379);
#7378 = CARTESIAN_POINT('',(-7.5,0.));
#7379 = VECTOR('',#7380,1.);
#7380 = DIRECTION('',(0.,1.));
#7381 = ( GEOMETRIC_REPRESENTATION_CONTEXT(2) 
PARAMETRIC_REPRESENTATION_CONTEXT() REPRESENTATION_CONTEXT('2D SPACE',''
  ) );
#7382 = PCURVE('',#3399,#7383);
#7383 = DEFINITIONAL_REPRESENTATION('',(#7384),#7388);
#7384 = LINE('',#7385,#7386);
#7385 = CARTESIAN_POINT('',(-30.62196660786,-2.));
#7386 = VECTOR('',#7387,1.);
#7387 = DIRECTION('',(0.,1.));
#7388 = ( GEOMETRIC_REPRESENTATION_CONTEXT(2) 
PARAMETRIC_REPRESENTATION_CONTEXT() REPRESENTATION_CONTEXT('2D SPACE',''
  ) );
#7389 = ADVANCED_FACE('',(#7390),#4047,.T.);
#7390 = FACE_BOUND('',#7391,.T.);
#7391 = EDGE_LOOP('',(#7392,#7415,#7416,#7417));
#7392 = ORIENTED_EDGE('',*,*,#7393,.F.);
#7393 = EDGE_CURVE('',#7347,#7394,#7396,.T.);
#7394 = VERTEX_POINT('',#7395);
#7395 = CARTESIAN_POINT('',(100.,-2.5,77.330343736593));
#7396 = SURFACE_CURVE('',#7397,(#7401,#7408),.PCURVE_S1.);
#7397 = LINE('',#7398,#7399);
#7398 = CARTESIAN_POINT('',(64.378033392131,-2.5,77.330343736593));
#7399 = VECTOR('',#7400,1.);
#7400 = DIRECTION('',(1.,1.224646799147E-16,0.));
#7401 = PCURVE('',#4047,#7402);
#7402 = DEFINITIONAL_REPRESENTATION('',(#7403),#7407);
#7403 = LINE('',#7404,#7405);
#7404 = CARTESIAN_POINT('',(11.878033392131,7.5));
#7405 = VECTOR('',#7406,1.);
#7406 = DIRECTION('',(1.,1.224646799147E-16));
#7407 = ( GEOMETRIC_REPRESENTATION_CONTEXT(2) 
PARAMETRIC_REPRESENTATION_CONTEXT() REPRESENTATION_CONTEXT('2D SPACE',''
  ) );
#7408 = PCURVE('',#3399,#7409);
#7409 = DEFINITIONAL_REPRESENTATION('',(#7410),#7414);
#7410 = LINE('',#7411,#7412);
#7411 = CARTESIAN_POINT('',(-0.,-2.));
#7412 = VECTOR('',#7413,1.);
#7413 = DIRECTION('',(-1.,0.));
#7414 = ( GEOMETRIC_REPRESENTATION_CONTEXT(2) 
PARAMETRIC_REPRESENTATION_CONTEXT() REPRESENTATION_CONTEXT('2D SPACE',''
  ) );
#7415 = ORIENTED_EDGE('',*,*,#7346,.T.);
#7416 = ORIENTED_EDGE('',*,*,#4031,.T.);
#7417 = ORIENTED_EDGE('',*,*,#7418,.F.);
#7418 = EDGE_CURVE('',#7394,#4004,#7419,.T.);
#7419 = SURFACE_CURVE('',#7420,(#7424,#7431),.PCURVE_S1.);
#7420 = LINE('',#7421,#7422);
#7421 = CARTESIAN_POINT('',(100.,-10.,77.330343736593));
#7422 = VECTOR('',#7423,1.);
#7423 = DIRECTION('',(3.061616997868E-16,-1.,0.));
#7424 = PCURVE('',#4047,#7425);
#7425 = DEFINITIONAL_REPRESENTATION('',(#7426),#7430);
#7426 = LINE('',#7427,#7428);
#7427 = CARTESIAN_POINT('',(47.5,0.));
#7428 = VECTOR('',#7429,1.);
#7429 = DIRECTION('',(3.061616997868E-16,-1.));
#7430 = ( GEOMETRIC_REPRESENTATION_CONTEXT(2) 
PARAMETRIC_REPRESENTATION_CONTEXT() REPRESENTATION_CONTEXT('2D SPACE',''
  ) );
#7431 = PCURVE('',#4019,#7432);
#7432 = DEFINITIONAL_REPRESENTATION('',(#7433),#7437);
#7433 = LINE('',#7434,#7435);
#7434 = CARTESIAN_POINT('',(0.,0.));
#7435 = VECTOR('',#7436,1.);
#7436 = DIRECTION('',(1.,0.));
#7437 = ( GEOMETRIC_REPRESENTATION_CONTEXT(2) 
PARAMETRIC_REPRESENTATION_CONTEXT() REPRESENTATION_CONTEXT('2D SPACE',''
  ) );
#7438 = ADVANCED_FACE('',(#7439),#4019,.T.);
#7439 = FACE_BOUND('',#7440,.T.);
#7440 = EDGE_LOOP('',(#7441,#7471,#7492,#7493,#7494));
#7441 = ORIENTED_EDGE('',*,*,#7442,.F.);
#7442 = EDGE_CURVE('',#7443,#7445,#7447,.T.);
#7443 = VERTEX_POINT('',#7444);
#7444 = CARTESIAN_POINT('',(100.,-2.5,79.330343736593));
#7445 = VERTEX_POINT('',#7446);
#7446 = CARTESIAN_POINT('',(100.,-10.,79.330343736593));
#7447 = SURFACE_CURVE('',#7448,(#7452,#7459),.PCURVE_S1.);
#7448 = LINE('',#7449,#7450);
#7449 = CARTESIAN_POINT('',(100.,-10.,79.330343736593));
#7450 = VECTOR('',#7451,1.);
#7451 = DIRECTION('',(3.061616997868E-16,-1.,0.));
#7452 = PCURVE('',#4019,#7453);
#7453 = DEFINITIONAL_REPRESENTATION('',(#7454),#7458);
#7454 = LINE('',#7455,#7456);
#7455 = CARTESIAN_POINT('',(0.,2.));
#7456 = VECTOR('',#7457,1.);
#7457 = DIRECTION('',(1.,0.));
#7458 = ( GEOMETRIC_REPRESENTATION_CONTEXT(2) 
PARAMETRIC_REPRESENTATION_CONTEXT() REPRESENTATION_CONTEXT('2D SPACE',''
  ) );
#7459 = PCURVE('',#7460,#7465);
#7460 = PLANE('',#7461);
#7461 = AXIS2_PLACEMENT_3D('',#7462,#7463,#7464);
#7462 = CARTESIAN_POINT('',(52.5,-10.,79.330343736593));
#7463 = DIRECTION('',(0.,0.,1.));
#7464 = DIRECTION('',(1.,0.,0.));
#7465 = DEFINITIONAL_REPRESENTATION('',(#7466),#7470);
#7466 = LINE('',#7467,#7468);
#7467 = CARTESIAN_POINT('',(47.5,0.));
#7468 = VECTOR('',#7469,1.);
#7469 = DIRECTION('',(3.061616997868E-16,-1.));
#7470 = ( GEOMETRIC_REPRESENTATION_CONTEXT(2) 
PARAMETRIC_REPRESENTATION_CONTEXT() REPRESENTATION_CONTEXT('2D SPACE',''
  ) );
#7471 = ORIENTED_EDGE('',*,*,#7472,.F.);
#7472 = EDGE_CURVE('',#7394,#7443,#7473,.T.);
#7473 = SURFACE_CURVE('',#7474,(#7478,#7485),.PCURVE_S1.);
#7474 = LINE('',#7475,#7476);
#7475 = CARTESIAN_POINT('',(100.,-2.5,77.330343736593));
#7476 = VECTOR('',#7477,1.);
#7477 = DIRECTION('',(0.,0.,1.));
#7478 = PCURVE('',#4019,#7479);
#7479 = DEFINITIONAL_REPRESENTATION('',(#7480),#7484);
#7480 = LINE('',#7481,#7482);
#7481 = CARTESIAN_POINT('',(-7.5,0.));
#7482 = VECTOR('',#7483,1.);
#7483 = DIRECTION('',(0.,1.));
#7484 = ( GEOMETRIC_REPRESENTATION_CONTEXT(2) 
PARAMETRIC_REPRESENTATION_CONTEXT() REPRESENTATION_CONTEXT('2D SPACE',''
  ) );
#7485 = PCURVE('',#3399,#7486);
#7486 = DEFINITIONAL_REPRESENTATION('',(#7487),#7491);
#7487 = LINE('',#7488,#7489);
#7488 = CARTESIAN_POINT('',(-35.62196660786,-2.));
#7489 = VECTOR('',#7490,1.);
#7490 = DIRECTION('',(0.,1.));
#7491 = ( GEOMETRIC_REPRESENTATION_CONTEXT(2) 
PARAMETRIC_REPRESENTATION_CONTEXT() REPRESENTATION_CONTEXT('2D SPACE',''
  ) );
#7492 = ORIENTED_EDGE('',*,*,#7418,.T.);
#7493 = ORIENTED_EDGE('',*,*,#4003,.T.);
#7494 = ORIENTED_EDGE('',*,*,#7495,.F.);
#7495 = EDGE_CURVE('',#7445,#3976,#7496,.T.);
#7496 = SURFACE_CURVE('',#7497,(#7501,#7508),.PCURVE_S1.);
#7497 = LINE('',#7498,#7499);
#7498 = CARTESIAN_POINT('',(100.,-10.,79.330343736593));
#7499 = VECTOR('',#7500,1.);
#7500 = DIRECTION('',(3.061616997868E-16,-1.,0.));
#7501 = PCURVE('',#4019,#7502);
#7502 = DEFINITIONAL_REPRESENTATION('',(#7503),#7507);
#7503 = LINE('',#7504,#7505);
#7504 = CARTESIAN_POINT('',(0.,2.));
#7505 = VECTOR('',#7506,1.);
#7506 = DIRECTION('',(1.,0.));
#7507 = ( GEOMETRIC_REPRESENTATION_CONTEXT(2) 
PARAMETRIC_REPRESENTATION_CONTEXT() REPRESENTATION_CONTEXT('2D SPACE',''
  ) );
#7508 = PCURVE('',#3991,#7509);
#7509 = DEFINITIONAL_REPRESENTATION('',(#7510),#7514);
#7510 = LINE('',#7511,#7512);
#7511 = CARTESIAN_POINT('',(47.5,0.));
#7512 = VECTOR('',#7513,1.);
#7513 = DIRECTION('',(3.061616997868E-16,-1.));
#7514 = ( GEOMETRIC_REPRESENTATION_CONTEXT(2) 
PARAMETRIC_REPRESENTATION_CONTEXT() REPRESENTATION_CONTEXT('2D SPACE',''
  ) );
#7515 = ADVANCED_FACE('',(#7516),#7460,.T.);
#7516 = FACE_BOUND('',#7517,.T.);
#7517 = EDGE_LOOP('',(#7518,#7519,#7548));
#7518 = ORIENTED_EDGE('',*,*,#7442,.T.);
#7519 = ORIENTED_EDGE('',*,*,#7520,.F.);
#7520 = EDGE_CURVE('',#7521,#7445,#7523,.T.);
#7521 = VERTEX_POINT('',#7522);
#7522 = CARTESIAN_POINT('',(101.15151996457,-2.5,79.330343736593));
#7523 = SURFACE_CURVE('',#7524,(#7529,#7536),.PCURVE_S1.);
#7524 = CIRCLE('',#7525,25.);
#7525 = AXIS2_PLACEMENT_3D('',#7526,#7527,#7528);
#7526 = CARTESIAN_POINT('',(125.,-10.,79.330343736593));
#7527 = DIRECTION('',(0.,0.,1.));
#7528 = DIRECTION('',(1.,0.,0.));
#7529 = PCURVE('',#7460,#7530);
#7530 = DEFINITIONAL_REPRESENTATION('',(#7531),#7535);
#7531 = CIRCLE('',#7532,25.);
#7532 = AXIS2_PLACEMENT_2D('',#7533,#7534);
#7533 = CARTESIAN_POINT('',(72.5,0.));
#7534 = DIRECTION('',(1.,0.));
#7535 = ( GEOMETRIC_REPRESENTATION_CONTEXT(2) 
PARAMETRIC_REPRESENTATION_CONTEXT() REPRESENTATION_CONTEXT('2D SPACE',''
  ) );
#7536 = PCURVE('',#7537,#7542);
#7537 = CYLINDRICAL_SURFACE('',#7538,25.);
#7538 = AXIS2_PLACEMENT_3D('',#7539,#7540,#7541);
#7539 = CARTESIAN_POINT('',(125.,-10.,79.330343736593));
#7540 = DIRECTION('',(0.,0.,1.));
#7541 = DIRECTION('',(1.,0.,0.));
#7542 = DEFINITIONAL_REPRESENTATION('',(#7543),#7547);
#7543 = LINE('',#7544,#7545);
#7544 = CARTESIAN_POINT('',(0.,0.));
#7545 = VECTOR('',#7546,1.);
#7546 = DIRECTION('',(1.,0.));
#7547 = ( GEOMETRIC_REPRESENTATION_CONTEXT(2) 
PARAMETRIC_REPRESENTATION_CONTEXT() REPRESENTATION_CONTEXT('2D SPACE',''
  ) );
#7548 = ORIENTED_EDGE('',*,*,#7549,.F.);
#7549 = EDGE_CURVE('',#7443,#7521,#7550,.T.);
#7550 = SURFACE_CURVE('',#7551,(#7555,#7562),.PCURVE_S1.);
#7551 = LINE('',#7552,#7553);
#7552 = CARTESIAN_POINT('',(64.378033392131,-2.5,79.330343736593));
#7553 = VECTOR('',#7554,1.);
#7554 = DIRECTION('',(1.,1.224646799147E-16,0.));
#7555 = PCURVE('',#7460,#7556);
#7556 = DEFINITIONAL_REPRESENTATION('',(#7557),#7561);
#7557 = LINE('',#7558,#7559);
#7558 = CARTESIAN_POINT('',(11.878033392131,7.5));
#7559 = VECTOR('',#7560,1.);
#7560 = DIRECTION('',(1.,1.224646799147E-16));
#7561 = ( GEOMETRIC_REPRESENTATION_CONTEXT(2) 
PARAMETRIC_REPRESENTATION_CONTEXT() REPRESENTATION_CONTEXT('2D SPACE',''
  ) );
#7562 = PCURVE('',#3399,#7563);
#7563 = DEFINITIONAL_REPRESENTATION('',(#7564),#7568);
#7564 = LINE('',#7565,#7566);
#7565 = CARTESIAN_POINT('',(0.,0.));
#7566 = VECTOR('',#7567,1.);
#7567 = DIRECTION('',(-1.,0.));
#7568 = ( GEOMETRIC_REPRESENTATION_CONTEXT(2) 
PARAMETRIC_REPRESENTATION_CONTEXT() REPRESENTATION_CONTEXT('2D SPACE',''
  ) );
#7569 = ADVANCED_FACE('',(#7570),#7537,.T.);
#7570 = FACE_BOUND('',#7571,.T.);
#7571 = EDGE_LOOP('',(#7572,#7597,#7624,#7625,#7647,#7648,#7670));
#7572 = ORIENTED_EDGE('',*,*,#7573,.T.);
#7573 = EDGE_CURVE('',#7574,#7576,#7578,.T.);
#7574 = VERTEX_POINT('',#7575);
#7575 = CARTESIAN_POINT('',(150.,-10.,79.330343736593));
#7576 = VERTEX_POINT('',#7577);
#7577 = CARTESIAN_POINT('',(150.,-10.,158.66034373659));
#7578 = SEAM_CURVE('',#7579,(#7583,#7590),.PCURVE_S1.);
#7579 = LINE('',#7580,#7581);
#7580 = CARTESIAN_POINT('',(150.,-10.,79.330343736593));
#7581 = VECTOR('',#7582,1.);
#7582 = DIRECTION('',(0.,0.,1.));
#7583 = PCURVE('',#7537,#7584);
#7584 = DEFINITIONAL_REPRESENTATION('',(#7585),#7589);
#7585 = LINE('',#7586,#7587);
#7586 = CARTESIAN_POINT('',(6.28318530718,0.));
#7587 = VECTOR('',#7588,1.);
#7588 = DIRECTION('',(0.,1.));
#7589 = ( GEOMETRIC_REPRESENTATION_CONTEXT(2) 
PARAMETRIC_REPRESENTATION_CONTEXT() REPRESENTATION_CONTEXT('2D SPACE',''
  ) );
#7590 = PCURVE('',#7537,#7591);
#7591 = DEFINITIONAL_REPRESENTATION('',(#7592),#7596);
#7592 = LINE('',#7593,#7594);
#7593 = CARTESIAN_POINT('',(4.138911435803E-13,0.));
#7594 = VECTOR('',#7595,1.);
#7595 = DIRECTION('',(0.,1.));
#7596 = ( GEOMETRIC_REPRESENTATION_CONTEXT(2) 
PARAMETRIC_REPRESENTATION_CONTEXT() REPRESENTATION_CONTEXT('2D SPACE',''
  ) );
#7597 = ORIENTED_EDGE('',*,*,#7598,.F.);
#7598 = EDGE_CURVE('',#7576,#7576,#7599,.T.);
#7599 = SURFACE_CURVE('',#7600,(#7605,#7612),.PCURVE_S1.);
#7600 = CIRCLE('',#7601,25.);
#7601 = AXIS2_PLACEMENT_3D('',#7602,#7603,#7604);
#7602 = CARTESIAN_POINT('',(125.,-10.,158.66034373659));
#7603 = DIRECTION('',(0.,0.,1.));
#7604 = DIRECTION('',(1.,0.,0.));
#7605 = PCURVE('',#7537,#7606);
#7606 = DEFINITIONAL_REPRESENTATION('',(#7607),#7611);
#7607 = LINE('',#7608,#7609);
#7608 = CARTESIAN_POINT('',(0.,79.33));
#7609 = VECTOR('',#7610,1.);
#7610 = DIRECTION('',(1.,0.));
#7611 = ( GEOMETRIC_REPRESENTATION_CONTEXT(2) 
PARAMETRIC_REPRESENTATION_CONTEXT() REPRESENTATION_CONTEXT('2D SPACE',''
  ) );
#7612 = PCURVE('',#7613,#7618);
#7613 = PLANE('',#7614);
#7614 = AXIS2_PLACEMENT_3D('',#7615,#7616,#7617);
#7615 = CARTESIAN_POINT('',(125.,-10.,158.66034373659));
#7616 = DIRECTION('',(0.,0.,1.));
#7617 = DIRECTION('',(1.,0.,0.));
#7618 = DEFINITIONAL_REPRESENTATION('',(#7619),#7623);
#7619 = CIRCLE('',#7620,25.);
#7620 = AXIS2_PLACEMENT_2D('',#7621,#7622);
#7621 = CARTESIAN_POINT('',(0.,0.));
#7622 = DIRECTION('',(1.,0.));
#7623 = ( GEOMETRIC_REPRESENTATION_CONTEXT(2) 
PARAMETRIC_REPRESENTATION_CONTEXT() REPRESENTATION_CONTEXT('2D SPACE',''
  ) );
#7624 = ORIENTED_EDGE('',*,*,#7573,.F.);
#7625 = ORIENTED_EDGE('',*,*,#7626,.T.);
#7626 = EDGE_CURVE('',#7574,#7521,#7627,.T.);
#7627 = SURFACE_CURVE('',#7628,(#7633,#7640),.PCURVE_S1.);
#7628 = CIRCLE('',#7629,25.);
#7629 = AXIS2_PLACEMENT_3D('',#7630,#7631,#7632);
#7630 = CARTESIAN_POINT('',(125.,-10.,79.330343736593));
#7631 = DIRECTION('',(0.,0.,1.));
#7632 = DIRECTION('',(1.,0.,0.));
#7633 = PCURVE('',#7537,#7634);
#7634 = DEFINITIONAL_REPRESENTATION('',(#7635),#7639);
#7635 = LINE('',#7636,#7637);
#7636 = CARTESIAN_POINT('',(0.,0.));
#7637 = VECTOR('',#7638,1.);
#7638 = DIRECTION('',(1.,0.));
#7639 = ( GEOMETRIC_REPRESENTATION_CONTEXT(2) 
PARAMETRIC_REPRESENTATION_CONTEXT() REPRESENTATION_CONTEXT('2D SPACE',''
  ) );
#7640 = PCURVE('',#3856,#7641);
#7641 = DEFINITIONAL_REPRESENTATION('',(#7642),#7646);
#7642 = CIRCLE('',#7643,25.);
#7643 = AXIS2_PLACEMENT_2D('',#7644,#7645);
#7644 = CARTESIAN_POINT('',(0.,0.));
#7645 = DIRECTION('',(1.,0.));
#7646 = ( GEOMETRIC_REPRESENTATION_CONTEXT(2) 
PARAMETRIC_REPRESENTATION_CONTEXT() REPRESENTATION_CONTEXT('2D SPACE',''
  ) );
#7647 = ORIENTED_EDGE('',*,*,#7520,.T.);
#7648 = ORIENTED_EDGE('',*,*,#7649,.T.);
#7649 = EDGE_CURVE('',#7445,#3953,#7650,.T.);
#7650 = SURFACE_CURVE('',#7651,(#7656,#7663),.PCURVE_S1.);
#7651 = CIRCLE('',#7652,25.);
#7652 = AXIS2_PLACEMENT_3D('',#7653,#7654,#7655);
#7653 = CARTESIAN_POINT('',(125.,-10.,79.330343736593));
#7654 = DIRECTION('',(0.,0.,1.));
#7655 = DIRECTION('',(1.,0.,0.));
#7656 = PCURVE('',#7537,#7657);
#7657 = DEFINITIONAL_REPRESENTATION('',(#7658),#7662);
#7658 = LINE('',#7659,#7660);
#7659 = CARTESIAN_POINT('',(0.,0.));
#7660 = VECTOR('',#7661,1.);
#7661 = DIRECTION('',(1.,0.));
#7662 = ( GEOMETRIC_REPRESENTATION_CONTEXT(2) 
PARAMETRIC_REPRESENTATION_CONTEXT() REPRESENTATION_CONTEXT('2D SPACE',''
  ) );
#7663 = PCURVE('',#3991,#7664);
#7664 = DEFINITIONAL_REPRESENTATION('',(#7665),#7669);
#7665 = CIRCLE('',#7666,25.);
#7666 = AXIS2_PLACEMENT_2D('',#7667,#7668);
#7667 = CARTESIAN_POINT('',(72.5,0.));
#7668 = DIRECTION('',(1.,0.));
#7669 = ( GEOMETRIC_REPRESENTATION_CONTEXT(2) 
PARAMETRIC_REPRESENTATION_CONTEXT() REPRESENTATION_CONTEXT('2D SPACE',''
  ) );
#7670 = ORIENTED_EDGE('',*,*,#7671,.T.);
#7671 = EDGE_CURVE('',#3953,#7574,#7672,.T.);
#7672 = SURFACE_CURVE('',#7673,(#7678,#7685),.PCURVE_S1.);
#7673 = CIRCLE('',#7674,25.);
#7674 = AXIS2_PLACEMENT_3D('',#7675,#7676,#7677);
#7675 = CARTESIAN_POINT('',(125.,-10.,79.330343736593));
#7676 = DIRECTION('',(0.,0.,1.));
#7677 = DIRECTION('',(1.,0.,0.));
#7678 = PCURVE('',#7537,#7679);
#7679 = DEFINITIONAL_REPRESENTATION('',(#7680),#7684);
#7680 = LINE('',#7681,#7682);
#7681 = CARTESIAN_POINT('',(0.,0.));
#7682 = VECTOR('',#7683,1.);
#7683 = DIRECTION('',(1.,0.));
#7684 = ( GEOMETRIC_REPRESENTATION_CONTEXT(2) 
PARAMETRIC_REPRESENTATION_CONTEXT() REPRESENTATION_CONTEXT('2D SPACE',''
  ) );
#7685 = PCURVE('',#3856,#7686);
#7686 = DEFINITIONAL_REPRESENTATION('',(#7687),#7691);
#7687 = CIRCLE('',#7688,25.);
#7688 = AXIS2_PLACEMENT_2D('',#7689,#7690);
#7689 = CARTESIAN_POINT('',(0.,0.));
#7690 = DIRECTION('',(1.,0.));
#7691 = ( GEOMETRIC_REPRESENTATION_CONTEXT(2) 
PARAMETRIC_REPRESENTATION_CONTEXT() REPRESENTATION_CONTEXT('2D SPACE',''
  ) );
#7692 = ADVANCED_FACE('',(#7693),#7613,.T.);
#7693 = FACE_BOUND('',#7694,.T.);
#7694 = EDGE_LOOP('',(#7695));
#7695 = ORIENTED_EDGE('',*,*,#7598,.T.);
#7696 = ADVANCED_FACE('',(#7697),#3991,.T.);
#7697 = FACE_BOUND('',#7698,.T.);
#7698 = EDGE_LOOP('',(#7699,#7700,#7701));
#7699 = ORIENTED_EDGE('',*,*,#7495,.T.);
#7700 = ORIENTED_EDGE('',*,*,#3975,.T.);
#7701 = ORIENTED_EDGE('',*,*,#7649,.F.);
#7702 = ADVANCED_FACE('',(#7703),#3940,.T.);
#7703 = FACE_BOUND('',#7704,.T.);
#7704 = EDGE_LOOP('',(#7705,#7728,#7729,#7752));
#7705 = ORIENTED_EDGE('',*,*,#7706,.F.);
#7706 = EDGE_CURVE('',#3925,#7707,#7709,.T.);
#7707 = VERTEX_POINT('',#7708);
#7708 = CARTESIAN_POINT('',(105.,-2.5,79.330343736593));
#7709 = SURFACE_CURVE('',#7710,(#7714,#7721),.PCURVE_S1.);
#7710 = LINE('',#7711,#7712);
#7711 = CARTESIAN_POINT('',(105.,-10.,79.330343736593));
#7712 = VECTOR('',#7713,1.);
#7713 = DIRECTION('',(-1.836970198721E-16,1.,0.));
#7714 = PCURVE('',#3940,#7715);
#7715 = DEFINITIONAL_REPRESENTATION('',(#7716),#7720);
#7716 = LINE('',#7717,#7718);
#7717 = CARTESIAN_POINT('',(0.,2.));
#7718 = VECTOR('',#7719,1.);
#7719 = DIRECTION('',(1.,0.));
#7720 = ( GEOMETRIC_REPRESENTATION_CONTEXT(2) 
PARAMETRIC_REPRESENTATION_CONTEXT() REPRESENTATION_CONTEXT('2D SPACE',''
  ) );
#7721 = PCURVE('',#3856,#7722);
#7722 = DEFINITIONAL_REPRESENTATION('',(#7723),#7727);
#7723 = LINE('',#7724,#7725);
#7724 = CARTESIAN_POINT('',(-20.,0.));
#7725 = VECTOR('',#7726,1.);
#7726 = DIRECTION('',(-1.836970198721E-16,1.));
#7727 = ( GEOMETRIC_REPRESENTATION_CONTEXT(2) 
PARAMETRIC_REPRESENTATION_CONTEXT() REPRESENTATION_CONTEXT('2D SPACE',''
  ) );
#7728 = ORIENTED_EDGE('',*,*,#3924,.F.);
#7729 = ORIENTED_EDGE('',*,*,#7730,.T.);
#7730 = EDGE_CURVE('',#3897,#7731,#7733,.T.);
#7731 = VERTEX_POINT('',#7732);
#7732 = CARTESIAN_POINT('',(105.,-2.5,77.330343736593));
#7733 = SURFACE_CURVE('',#7734,(#7738,#7745),.PCURVE_S1.);
#7734 = LINE('',#7735,#7736);
#7735 = CARTESIAN_POINT('',(105.,-10.,77.330343736593));
#7736 = VECTOR('',#7737,1.);
#7737 = DIRECTION('',(-1.836970198721E-16,1.,0.));
#7738 = PCURVE('',#3940,#7739);
#7739 = DEFINITIONAL_REPRESENTATION('',(#7740),#7744);
#7740 = LINE('',#7741,#7742);
#7741 = CARTESIAN_POINT('',(0.,0.));
#7742 = VECTOR('',#7743,1.);
#7743 = DIRECTION('',(1.,0.));
#7744 = ( GEOMETRIC_REPRESENTATION_CONTEXT(2) 
PARAMETRIC_REPRESENTATION_CONTEXT() REPRESENTATION_CONTEXT('2D SPACE',''
  ) );
#7745 = PCURVE('',#3912,#7746);
#7746 = DEFINITIONAL_REPRESENTATION('',(#7747),#7751);
#7747 = LINE('',#7748,#7749);
#7748 = CARTESIAN_POINT('',(52.5,0.));
#7749 = VECTOR('',#7750,1.);
#7750 = DIRECTION('',(-1.836970198721E-16,1.));
#7751 = ( GEOMETRIC_REPRESENTATION_CONTEXT(2) 
PARAMETRIC_REPRESENTATION_CONTEXT() REPRESENTATION_CONTEXT('2D SPACE',''
  ) );
#7752 = ORIENTED_EDGE('',*,*,#7753,.T.);
#7753 = EDGE_CURVE('',#7731,#7707,#7754,.T.);
#7754 = SURFACE_CURVE('',#7755,(#7759,#7766),.PCURVE_S1.);
#7755 = LINE('',#7756,#7757);
#7756 = CARTESIAN_POINT('',(105.,-2.5,77.330343736593));
#7757 = VECTOR('',#7758,1.);
#7758 = DIRECTION('',(0.,0.,1.));
#7759 = PCURVE('',#3940,#7760);
#7760 = DEFINITIONAL_REPRESENTATION('',(#7761),#7765);
#7761 = LINE('',#7762,#7763);
#7762 = CARTESIAN_POINT('',(7.5,0.));
#7763 = VECTOR('',#7764,1.);
#7764 = DIRECTION('',(0.,1.));
#7765 = ( GEOMETRIC_REPRESENTATION_CONTEXT(2) 
PARAMETRIC_REPRESENTATION_CONTEXT() REPRESENTATION_CONTEXT('2D SPACE',''
  ) );
#7766 = PCURVE('',#3399,#7767);
#7767 = DEFINITIONAL_REPRESENTATION('',(#7768),#7772);
#7768 = LINE('',#7769,#7770);
#7769 = CARTESIAN_POINT('',(-40.62196660786,-2.));
#7770 = VECTOR('',#7771,1.);
#7771 = DIRECTION('',(0.,1.));
#7772 = ( GEOMETRIC_REPRESENTATION_CONTEXT(2) 
PARAMETRIC_REPRESENTATION_CONTEXT() REPRESENTATION_CONTEXT('2D SPACE',''
  ) );
#7773 = ADVANCED_FACE('',(#7774),#3912,.T.);
#7774 = FACE_BOUND('',#7775,.T.);
#7775 = EDGE_LOOP('',(#7776,#7777,#7778,#7801));
#7776 = ORIENTED_EDGE('',*,*,#7730,.F.);
#7777 = ORIENTED_EDGE('',*,*,#3896,.T.);
#7778 = ORIENTED_EDGE('',*,*,#7779,.T.);
#7779 = EDGE_CURVE('',#3869,#7780,#7782,.T.);
#7780 = VERTEX_POINT('',#7781);
#7781 = CARTESIAN_POINT('',(110.,-2.5,77.330343736593));
#7782 = SURFACE_CURVE('',#7783,(#7787,#7794),.PCURVE_S1.);
#7783 = LINE('',#7784,#7785);
#7784 = CARTESIAN_POINT('',(110.,-10.,77.330343736593));
#7785 = VECTOR('',#7786,1.);
#7786 = DIRECTION('',(-1.836970198721E-16,1.,0.));
#7787 = PCURVE('',#3912,#7788);
#7788 = DEFINITIONAL_REPRESENTATION('',(#7789),#7793);
#7789 = LINE('',#7790,#7791);
#7790 = CARTESIAN_POINT('',(57.5,0.));
#7791 = VECTOR('',#7792,1.);
#7792 = DIRECTION('',(-1.836970198721E-16,1.));
#7793 = ( GEOMETRIC_REPRESENTATION_CONTEXT(2) 
PARAMETRIC_REPRESENTATION_CONTEXT() REPRESENTATION_CONTEXT('2D SPACE',''
  ) );
#7794 = PCURVE('',#3884,#7795);
#7795 = DEFINITIONAL_REPRESENTATION('',(#7796),#7800);
#7796 = LINE('',#7797,#7798);
#7797 = CARTESIAN_POINT('',(0.,0.));
#7798 = VECTOR('',#7799,1.);
#7799 = DIRECTION('',(1.,0.));
#7800 = ( GEOMETRIC_REPRESENTATION_CONTEXT(2) 
PARAMETRIC_REPRESENTATION_CONTEXT() REPRESENTATION_CONTEXT('2D SPACE',''
  ) );
#7801 = ORIENTED_EDGE('',*,*,#7802,.F.);
#7802 = EDGE_CURVE('',#7731,#7780,#7803,.T.);
#7803 = SURFACE_CURVE('',#7804,(#7808,#7815),.PCURVE_S1.);
#7804 = LINE('',#7805,#7806);
#7805 = CARTESIAN_POINT('',(64.378033392131,-2.5,77.330343736593));
#7806 = VECTOR('',#7807,1.);
#7807 = DIRECTION('',(1.,1.224646799147E-16,0.));
#7808 = PCURVE('',#3912,#7809);
#7809 = DEFINITIONAL_REPRESENTATION('',(#7810),#7814);
#7810 = LINE('',#7811,#7812);
#7811 = CARTESIAN_POINT('',(11.878033392131,7.5));
#7812 = VECTOR('',#7813,1.);
#7813 = DIRECTION('',(1.,1.224646799147E-16));
#7814 = ( GEOMETRIC_REPRESENTATION_CONTEXT(2) 
PARAMETRIC_REPRESENTATION_CONTEXT() REPRESENTATION_CONTEXT('2D SPACE',''
  ) );
#7815 = PCURVE('',#3399,#7816);
#7816 = DEFINITIONAL_REPRESENTATION('',(#7817),#7821);
#7817 = LINE('',#7818,#7819);
#7818 = CARTESIAN_POINT('',(-0.,-2.));
#7819 = VECTOR('',#7820,1.);
#7820 = DIRECTION('',(-1.,0.));
#7821 = ( GEOMETRIC_REPRESENTATION_CONTEXT(2) 
PARAMETRIC_REPRESENTATION_CONTEXT() REPRESENTATION_CONTEXT('2D SPACE',''
  ) );
#7822 = ADVANCED_FACE('',(#7823),#3884,.F.);
#7823 = FACE_BOUND('',#7824,.T.);
#7824 = EDGE_LOOP('',(#7825,#7848,#7869,#7870));
#7825 = ORIENTED_EDGE('',*,*,#7826,.T.);
#7826 = EDGE_CURVE('',#3841,#7827,#7829,.T.);
#7827 = VERTEX_POINT('',#7828);
#7828 = CARTESIAN_POINT('',(110.,-2.5,79.330343736593));
#7829 = SURFACE_CURVE('',#7830,(#7834,#7841),.PCURVE_S1.);
#7830 = LINE('',#7831,#7832);
#7831 = CARTESIAN_POINT('',(110.,-10.,79.330343736593));
#7832 = VECTOR('',#7833,1.);
#7833 = DIRECTION('',(-1.836970198721E-16,1.,0.));
#7834 = PCURVE('',#3884,#7835);
#7835 = DEFINITIONAL_REPRESENTATION('',(#7836),#7840);
#7836 = LINE('',#7837,#7838);
#7837 = CARTESIAN_POINT('',(0.,2.));
#7838 = VECTOR('',#7839,1.);
#7839 = DIRECTION('',(1.,0.));
#7840 = ( GEOMETRIC_REPRESENTATION_CONTEXT(2) 
PARAMETRIC_REPRESENTATION_CONTEXT() REPRESENTATION_CONTEXT('2D SPACE',''
  ) );
#7841 = PCURVE('',#3856,#7842);
#7842 = DEFINITIONAL_REPRESENTATION('',(#7843),#7847);
#7843 = LINE('',#7844,#7845);
#7844 = CARTESIAN_POINT('',(-15.,0.));
#7845 = VECTOR('',#7846,1.);
#7846 = DIRECTION('',(-1.836970198721E-16,1.));
#7847 = ( GEOMETRIC_REPRESENTATION_CONTEXT(2) 
PARAMETRIC_REPRESENTATION_CONTEXT() REPRESENTATION_CONTEXT('2D SPACE',''
  ) );
#7848 = ORIENTED_EDGE('',*,*,#7849,.F.);
#7849 = EDGE_CURVE('',#7780,#7827,#7850,.T.);
#7850 = SURFACE_CURVE('',#7851,(#7855,#7862),.PCURVE_S1.);
#7851 = LINE('',#7852,#7853);
#7852 = CARTESIAN_POINT('',(110.,-2.5,77.330343736593));
#7853 = VECTOR('',#7854,1.);
#7854 = DIRECTION('',(0.,0.,1.));
#7855 = PCURVE('',#3884,#7856);
#7856 = DEFINITIONAL_REPRESENTATION('',(#7857),#7861);
#7857 = LINE('',#7858,#7859);
#7858 = CARTESIAN_POINT('',(7.5,0.));
#7859 = VECTOR('',#7860,1.);
#7860 = DIRECTION('',(0.,1.));
#7861 = ( GEOMETRIC_REPRESENTATION_CONTEXT(2) 
PARAMETRIC_REPRESENTATION_CONTEXT() REPRESENTATION_CONTEXT('2D SPACE',''
  ) );
#7862 = PCURVE('',#3399,#7863);
#7863 = DEFINITIONAL_REPRESENTATION('',(#7864),#7868);
#7864 = LINE('',#7865,#7866);
#7865 = CARTESIAN_POINT('',(-45.62196660786,-2.));
#7866 = VECTOR('',#7867,1.);
#7867 = DIRECTION('',(0.,1.));
#7868 = ( GEOMETRIC_REPRESENTATION_CONTEXT(2) 
PARAMETRIC_REPRESENTATION_CONTEXT() REPRESENTATION_CONTEXT('2D SPACE',''
  ) );
#7869 = ORIENTED_EDGE('',*,*,#7779,.F.);
#7870 = ORIENTED_EDGE('',*,*,#3868,.T.);
#7871 = ADVANCED_FACE('',(#7872,#7899),#3856,.F.);
#7872 = FACE_BOUND('',#7873,.F.);
#7873 = EDGE_LOOP('',(#7874,#7875,#7876,#7897,#7898));
#7874 = ORIENTED_EDGE('',*,*,#7671,.T.);
#7875 = ORIENTED_EDGE('',*,*,#7626,.T.);
#7876 = ORIENTED_EDGE('',*,*,#7877,.T.);
#7877 = EDGE_CURVE('',#7521,#7707,#7878,.T.);
#7878 = SURFACE_CURVE('',#7879,(#7883,#7890),.PCURVE_S1.);
#7879 = LINE('',#7880,#7881);
#7880 = CARTESIAN_POINT('',(64.378033392131,-2.5,79.330343736593));
#7881 = VECTOR('',#7882,1.);
#7882 = DIRECTION('',(1.,1.224646799147E-16,0.));
#7883 = PCURVE('',#3856,#7884);
#7884 = DEFINITIONAL_REPRESENTATION('',(#7885),#7889);
#7885 = LINE('',#7886,#7887);
#7886 = CARTESIAN_POINT('',(-60.62196660786,7.5));
#7887 = VECTOR('',#7888,1.);
#7888 = DIRECTION('',(1.,1.224646799147E-16));
#7889 = ( GEOMETRIC_REPRESENTATION_CONTEXT(2) 
PARAMETRIC_REPRESENTATION_CONTEXT() REPRESENTATION_CONTEXT('2D SPACE',''
  ) );
#7890 = PCURVE('',#3399,#7891);
#7891 = DEFINITIONAL_REPRESENTATION('',(#7892),#7896);
#7892 = LINE('',#7893,#7894);
#7893 = CARTESIAN_POINT('',(0.,0.));
#7894 = VECTOR('',#7895,1.);
#7895 = DIRECTION('',(-1.,0.));
#7896 = ( GEOMETRIC_REPRESENTATION_CONTEXT(2) 
PARAMETRIC_REPRESENTATION_CONTEXT() REPRESENTATION_CONTEXT('2D SPACE',''
  ) );
#7897 = ORIENTED_EDGE('',*,*,#7706,.F.);
#7898 = ORIENTED_EDGE('',*,*,#3952,.F.);
#7899 = FACE_BOUND('',#7900,.F.);
#7900 = EDGE_LOOP('',(#7901,#7902,#7903,#7926));
#7901 = ORIENTED_EDGE('',*,*,#3840,.F.);
#7902 = ORIENTED_EDGE('',*,*,#7826,.T.);
#7903 = ORIENTED_EDGE('',*,*,#7904,.T.);
#7904 = EDGE_CURVE('',#7827,#7905,#7907,.T.);
#7905 = VERTEX_POINT('',#7906);
#7906 = CARTESIAN_POINT('',(115.,-2.5,79.330343736593));
#7907 = SURFACE_CURVE('',#7908,(#7912,#7919),.PCURVE_S1.);
#7908 = LINE('',#7909,#7910);
#7909 = CARTESIAN_POINT('',(64.378033392131,-2.5,79.330343736593));
#7910 = VECTOR('',#7911,1.);
#7911 = DIRECTION('',(1.,1.224646799147E-16,0.));
#7912 = PCURVE('',#3856,#7913);
#7913 = DEFINITIONAL_REPRESENTATION('',(#7914),#7918);
#7914 = LINE('',#7915,#7916);
#7915 = CARTESIAN_POINT('',(-60.62196660786,7.5));
#7916 = VECTOR('',#7917,1.);
#7917 = DIRECTION('',(1.,1.224646799147E-16));
#7918 = ( GEOMETRIC_REPRESENTATION_CONTEXT(2) 
PARAMETRIC_REPRESENTATION_CONTEXT() REPRESENTATION_CONTEXT('2D SPACE',''
  ) );
#7919 = PCURVE('',#3399,#7920);
#7920 = DEFINITIONAL_REPRESENTATION('',(#7921),#7925);
#7921 = LINE('',#7922,#7923);
#7922 = CARTESIAN_POINT('',(0.,0.));
#7923 = VECTOR('',#7924,1.);
#7924 = DIRECTION('',(-1.,0.));
#7925 = ( GEOMETRIC_REPRESENTATION_CONTEXT(2) 
PARAMETRIC_REPRESENTATION_CONTEXT() REPRESENTATION_CONTEXT('2D SPACE',''
  ) );
#7926 = ORIENTED_EDGE('',*,*,#7927,.F.);
#7927 = EDGE_CURVE('',#3813,#7905,#7928,.T.);
#7928 = SURFACE_CURVE('',#7929,(#7933,#7940),.PCURVE_S1.);
#7929 = LINE('',#7930,#7931);
#7930 = CARTESIAN_POINT('',(115.,-10.,79.330343736593));
#7931 = VECTOR('',#7932,1.);
#7932 = DIRECTION('',(-1.836970198721E-16,1.,0.));
#7933 = PCURVE('',#3856,#7934);
#7934 = DEFINITIONAL_REPRESENTATION('',(#7935),#7939);
#7935 = LINE('',#7936,#7937);
#7936 = CARTESIAN_POINT('',(-10.,0.));
#7937 = VECTOR('',#7938,1.);
#7938 = DIRECTION('',(-1.836970198721E-16,1.));
#7939 = ( GEOMETRIC_REPRESENTATION_CONTEXT(2) 
PARAMETRIC_REPRESENTATION_CONTEXT() REPRESENTATION_CONTEXT('2D SPACE',''
  ) );
#7940 = PCURVE('',#3828,#7941);
#7941 = DEFINITIONAL_REPRESENTATION('',(#7942),#7946);
#7942 = LINE('',#7943,#7944);
#7943 = CARTESIAN_POINT('',(0.,2.));
#7944 = VECTOR('',#7945,1.);
#7945 = DIRECTION('',(1.,0.));
#7946 = ( GEOMETRIC_REPRESENTATION_CONTEXT(2) 
PARAMETRIC_REPRESENTATION_CONTEXT() REPRESENTATION_CONTEXT('2D SPACE',''
  ) );
#7947 = ADVANCED_FACE('',(#7948),#3828,.T.);
#7948 = FACE_BOUND('',#7949,.T.);
#7949 = EDGE_LOOP('',(#7950,#7951,#7952,#7975));
#7950 = ORIENTED_EDGE('',*,*,#7927,.F.);
#7951 = ORIENTED_EDGE('',*,*,#3812,.F.);
#7952 = ORIENTED_EDGE('',*,*,#7953,.T.);
#7953 = EDGE_CURVE('',#3785,#7954,#7956,.T.);
#7954 = VERTEX_POINT('',#7955);
#7955 = CARTESIAN_POINT('',(115.,-2.5,77.330343736593));
#7956 = SURFACE_CURVE('',#7957,(#7961,#7968),.PCURVE_S1.);
#7957 = LINE('',#7958,#7959);
#7958 = CARTESIAN_POINT('',(115.,-10.,77.330343736593));
#7959 = VECTOR('',#7960,1.);
#7960 = DIRECTION('',(-1.836970198721E-16,1.,0.));
#7961 = PCURVE('',#3828,#7962);
#7962 = DEFINITIONAL_REPRESENTATION('',(#7963),#7967);
#7963 = LINE('',#7964,#7965);
#7964 = CARTESIAN_POINT('',(0.,0.));
#7965 = VECTOR('',#7966,1.);
#7966 = DIRECTION('',(1.,0.));
#7967 = ( GEOMETRIC_REPRESENTATION_CONTEXT(2) 
PARAMETRIC_REPRESENTATION_CONTEXT() REPRESENTATION_CONTEXT('2D SPACE',''
  ) );
#7968 = PCURVE('',#3800,#7969);
#7969 = DEFINITIONAL_REPRESENTATION('',(#7970),#7974);
#7970 = LINE('',#7971,#7972);
#7971 = CARTESIAN_POINT('',(62.5,0.));
#7972 = VECTOR('',#7973,1.);
#7973 = DIRECTION('',(-1.836970198721E-16,1.));
#7974 = ( GEOMETRIC_REPRESENTATION_CONTEXT(2) 
PARAMETRIC_REPRESENTATION_CONTEXT() REPRESENTATION_CONTEXT('2D SPACE',''
  ) );
#7975 = ORIENTED_EDGE('',*,*,#7976,.T.);
#7976 = EDGE_CURVE('',#7954,#7905,#7977,.T.);
#7977 = SURFACE_CURVE('',#7978,(#7982,#7989),.PCURVE_S1.);
#7978 = LINE('',#7979,#7980);
#7979 = CARTESIAN_POINT('',(115.,-2.5,77.330343736593));
#7980 = VECTOR('',#7981,1.);
#7981 = DIRECTION('',(0.,0.,1.));
#7982 = PCURVE('',#3828,#7983);
#7983 = DEFINITIONAL_REPRESENTATION('',(#7984),#7988);
#7984 = LINE('',#7985,#7986);
#7985 = CARTESIAN_POINT('',(7.5,0.));
#7986 = VECTOR('',#7987,1.);
#7987 = DIRECTION('',(0.,1.));
#7988 = ( GEOMETRIC_REPRESENTATION_CONTEXT(2) 
PARAMETRIC_REPRESENTATION_CONTEXT() REPRESENTATION_CONTEXT('2D SPACE',''
  ) );
#7989 = PCURVE('',#3399,#7990);
#7990 = DEFINITIONAL_REPRESENTATION('',(#7991),#7995);
#7991 = LINE('',#7992,#7993);
#7992 = CARTESIAN_POINT('',(-50.62196660786,-2.));
#7993 = VECTOR('',#7994,1.);
#7994 = DIRECTION('',(0.,1.));
#7995 = ( GEOMETRIC_REPRESENTATION_CONTEXT(2) 
PARAMETRIC_REPRESENTATION_CONTEXT() REPRESENTATION_CONTEXT('2D SPACE',''
  ) );
#7996 = ADVANCED_FACE('',(#7997),#3800,.T.);
#7997 = FACE_BOUND('',#7998,.T.);
#7998 = EDGE_LOOP('',(#7999,#8000,#8001,#8024));
#7999 = ORIENTED_EDGE('',*,*,#7953,.F.);
#8000 = ORIENTED_EDGE('',*,*,#3784,.T.);
#8001 = ORIENTED_EDGE('',*,*,#8002,.T.);
#8002 = EDGE_CURVE('',#3757,#8003,#8005,.T.);
#8003 = VERTEX_POINT('',#8004);
#8004 = CARTESIAN_POINT('',(120.,-2.5,77.330343736593));
#8005 = SURFACE_CURVE('',#8006,(#8010,#8017),.PCURVE_S1.);
#8006 = LINE('',#8007,#8008);
#8007 = CARTESIAN_POINT('',(120.,-13.06635951968,77.330343736593));
#8008 = VECTOR('',#8009,1.);
#8009 = DIRECTION('',(-3.061616997868E-16,1.,0.));
#8010 = PCURVE('',#3800,#8011);
#8011 = DEFINITIONAL_REPRESENTATION('',(#8012),#8016);
#8012 = LINE('',#8013,#8014);
#8013 = CARTESIAN_POINT('',(67.5,-3.06635951968));
#8014 = VECTOR('',#8015,1.);
#8015 = DIRECTION('',(-3.061616997868E-16,1.));
#8016 = ( GEOMETRIC_REPRESENTATION_CONTEXT(2) 
PARAMETRIC_REPRESENTATION_CONTEXT() REPRESENTATION_CONTEXT('2D SPACE',''
  ) );
#8017 = PCURVE('',#3772,#8018);
#8018 = DEFINITIONAL_REPRESENTATION('',(#8019),#8023);
#8019 = LINE('',#8020,#8021);
#8020 = CARTESIAN_POINT('',(0.,-2.));
#8021 = VECTOR('',#8022,1.);
#8022 = DIRECTION('',(-1.,0.));
#8023 = ( GEOMETRIC_REPRESENTATION_CONTEXT(2) 
PARAMETRIC_REPRESENTATION_CONTEXT() REPRESENTATION_CONTEXT('2D SPACE',''
  ) );
#8024 = ORIENTED_EDGE('',*,*,#8025,.F.);
#8025 = EDGE_CURVE('',#7954,#8003,#8026,.T.);
#8026 = SURFACE_CURVE('',#8027,(#8031,#8038),.PCURVE_S1.);
#8027 = LINE('',#8028,#8029);
#8028 = CARTESIAN_POINT('',(64.378033392131,-2.5,77.330343736593));
#8029 = VECTOR('',#8030,1.);
#8030 = DIRECTION('',(1.,1.224646799147E-16,0.));
#8031 = PCURVE('',#3800,#8032);
#8032 = DEFINITIONAL_REPRESENTATION('',(#8033),#8037);
#8033 = LINE('',#8034,#8035);
#8034 = CARTESIAN_POINT('',(11.878033392131,7.5));
#8035 = VECTOR('',#8036,1.);
#8036 = DIRECTION('',(1.,1.224646799147E-16));
#8037 = ( GEOMETRIC_REPRESENTATION_CONTEXT(2) 
PARAMETRIC_REPRESENTATION_CONTEXT() REPRESENTATION_CONTEXT('2D SPACE',''
  ) );
#8038 = PCURVE('',#3399,#8039);
#8039 = DEFINITIONAL_REPRESENTATION('',(#8040),#8044);
#8040 = LINE('',#8041,#8042);
#8041 = CARTESIAN_POINT('',(-0.,-2.));
#8042 = VECTOR('',#8043,1.);
#8043 = DIRECTION('',(-1.,0.));
#8044 = ( GEOMETRIC_REPRESENTATION_CONTEXT(2) 
PARAMETRIC_REPRESENTATION_CONTEXT() REPRESENTATION_CONTEXT('2D SPACE',''
  ) );
#8045 = ADVANCED_FACE('',(#8046),#3772,.F.);
#8046 = FACE_BOUND('',#8047,.T.);
#8047 = EDGE_LOOP('',(#8048,#8049,#8050,#8074));
#8048 = ORIENTED_EDGE('',*,*,#8002,.F.);
#8049 = ORIENTED_EDGE('',*,*,#3756,.T.);
#8050 = ORIENTED_EDGE('',*,*,#8051,.T.);
#8051 = EDGE_CURVE('',#3729,#8052,#8054,.T.);
#8052 = VERTEX_POINT('',#8053);
#8053 = CARTESIAN_POINT('',(120.,-2.5,74.624057782996));
#8054 = SURFACE_CURVE('',#8055,(#8060,#8067),.PCURVE_S1.);
#8055 = CIRCLE('',#8056,75.);
#8056 = AXIS2_PLACEMENT_3D('',#8057,#8058,#8059);
#8057 = CARTESIAN_POINT('',(120.,-10.,0.));
#8058 = DIRECTION('',(-1.,-3.061616997868E-16,0.));
#8059 = DIRECTION('',(3.061616997868E-16,-1.,0.));
#8060 = PCURVE('',#3772,#8061);
#8061 = DEFINITIONAL_REPRESENTATION('',(#8062),#8066);
#8062 = CIRCLE('',#8063,75.);
#8063 = AXIS2_PLACEMENT_2D('',#8064,#8065);
#8064 = CARTESIAN_POINT('',(-3.06635951968,-79.33034373659));
#8065 = DIRECTION('',(1.,0.));
#8066 = ( GEOMETRIC_REPRESENTATION_CONTEXT(2) 
PARAMETRIC_REPRESENTATION_CONTEXT() REPRESENTATION_CONTEXT('2D SPACE',''
  ) );
#8067 = PCURVE('',#3744,#8068);
#8068 = DEFINITIONAL_REPRESENTATION('',(#8069),#8073);
#8069 = LINE('',#8070,#8071);
#8070 = CARTESIAN_POINT('',(1.570796326795,-5.));
#8071 = VECTOR('',#8072,1.);
#8072 = DIRECTION('',(1.,0.));
#8073 = ( GEOMETRIC_REPRESENTATION_CONTEXT(2) 
PARAMETRIC_REPRESENTATION_CONTEXT() REPRESENTATION_CONTEXT('2D SPACE',''
  ) );
#8074 = ORIENTED_EDGE('',*,*,#8075,.F.);
#8075 = EDGE_CURVE('',#8003,#8052,#8076,.T.);
#8076 = SURFACE_CURVE('',#8077,(#8081,#8088),.PCURVE_S1.);
#8077 = LINE('',#8078,#8079);
#8078 = CARTESIAN_POINT('',(120.,-2.5,79.330343736593));
#8079 = VECTOR('',#8080,1.);
#8080 = DIRECTION('',(0.,0.,-1.));
#8081 = PCURVE('',#3772,#8082);
#8082 = DEFINITIONAL_REPRESENTATION('',(#8083),#8087);
#8083 = LINE('',#8084,#8085);
#8084 = CARTESIAN_POINT('',(-10.56635951968,0.));
#8085 = VECTOR('',#8086,1.);
#8086 = DIRECTION('',(0.,-1.));
#8087 = ( GEOMETRIC_REPRESENTATION_CONTEXT(2) 
PARAMETRIC_REPRESENTATION_CONTEXT() REPRESENTATION_CONTEXT('2D SPACE',''
  ) );
#8088 = PCURVE('',#3399,#8089);
#8089 = DEFINITIONAL_REPRESENTATION('',(#8090),#8094);
#8090 = LINE('',#8091,#8092);
#8091 = CARTESIAN_POINT('',(-55.62196660786,0.));
#8092 = VECTOR('',#8093,1.);
#8093 = DIRECTION('',(-0.,-1.));
#8094 = ( GEOMETRIC_REPRESENTATION_CONTEXT(2) 
PARAMETRIC_REPRESENTATION_CONTEXT() REPRESENTATION_CONTEXT('2D SPACE',''
  ) );
#8095 = ADVANCED_FACE('',(#8096),#3744,.T.);
#8096 = FACE_BOUND('',#8097,.T.);
#8097 = EDGE_LOOP('',(#8098,#8121,#8122,#8123,#8147,#8176,#8204,#8233,
    #8261,#8285));
#8098 = ORIENTED_EDGE('',*,*,#8099,.T.);
#8099 = EDGE_CURVE('',#8100,#8052,#8102,.T.);
#8100 = VERTEX_POINT('',#8101);
#8101 = CARTESIAN_POINT('',(115.,-2.5,74.624057782996));
#8102 = SURFACE_CURVE('',#8103,(#8107,#8114),.PCURVE_S1.);
#8103 = LINE('',#8104,#8105);
#8104 = CARTESIAN_POINT('',(115.,-2.5,74.624057782996));
#8105 = VECTOR('',#8106,1.);
#8106 = DIRECTION('',(1.,0.,0.));
#8107 = PCURVE('',#3744,#8108);
#8108 = DEFINITIONAL_REPRESENTATION('',(#8109),#8113);
#8109 = LINE('',#8110,#8111);
#8110 = CARTESIAN_POINT('',(3.241760074751,0.));
#8111 = VECTOR('',#8112,1.);
#8112 = DIRECTION('',(0.,-1.));
#8113 = ( GEOMETRIC_REPRESENTATION_CONTEXT(2) 
PARAMETRIC_REPRESENTATION_CONTEXT() REPRESENTATION_CONTEXT('2D SPACE',''
  ) );
#8114 = PCURVE('',#3399,#8115);
#8115 = DEFINITIONAL_REPRESENTATION('',(#8116),#8120);
#8116 = LINE('',#8117,#8118);
#8117 = CARTESIAN_POINT('',(-50.62196660786,-4.706285953597));
#8118 = VECTOR('',#8119,1.);
#8119 = DIRECTION('',(-1.,0.));
#8120 = ( GEOMETRIC_REPRESENTATION_CONTEXT(2) 
PARAMETRIC_REPRESENTATION_CONTEXT() REPRESENTATION_CONTEXT('2D SPACE',''
  ) );
#8121 = ORIENTED_EDGE('',*,*,#8051,.F.);
#8122 = ORIENTED_EDGE('',*,*,#3728,.F.);
#8123 = ORIENTED_EDGE('',*,*,#8124,.T.);
#8124 = EDGE_CURVE('',#3701,#8125,#8127,.T.);
#8125 = VERTEX_POINT('',#8126);
#8126 = CARTESIAN_POINT('',(115.,-20.,74.330343736592));
#8127 = SURFACE_CURVE('',#8128,(#8133,#8140),.PCURVE_S1.);
#8128 = CIRCLE('',#8129,75.);
#8129 = AXIS2_PLACEMENT_3D('',#8130,#8131,#8132);
#8130 = CARTESIAN_POINT('',(115.,-10.,0.));
#8131 = DIRECTION('',(1.,0.,0.));
#8132 = DIRECTION('',(0.,1.,0.));
#8133 = PCURVE('',#3744,#8134);
#8134 = DEFINITIONAL_REPRESENTATION('',(#8135),#8139);
#8135 = LINE('',#8136,#8137);
#8136 = CARTESIAN_POINT('',(4.712388980385,0.));
#8137 = VECTOR('',#8138,1.);
#8138 = DIRECTION('',(-1.,0.));
#8139 = ( GEOMETRIC_REPRESENTATION_CONTEXT(2) 
PARAMETRIC_REPRESENTATION_CONTEXT() REPRESENTATION_CONTEXT('2D SPACE',''
  ) );
#8140 = PCURVE('',#3716,#8141);
#8141 = DEFINITIONAL_REPRESENTATION('',(#8142),#8146);
#8142 = CIRCLE('',#8143,75.);
#8143 = AXIS2_PLACEMENT_2D('',#8144,#8145);
#8144 = CARTESIAN_POINT('',(0.,0.));
#8145 = DIRECTION('',(1.,0.));
#8146 = ( GEOMETRIC_REPRESENTATION_CONTEXT(2) 
PARAMETRIC_REPRESENTATION_CONTEXT() REPRESENTATION_CONTEXT('2D SPACE',''
  ) );
#8147 = ORIENTED_EDGE('',*,*,#8148,.T.);
#8148 = EDGE_CURVE('',#8125,#8149,#8151,.T.);
#8149 = VERTEX_POINT('',#8150);
#8150 = CARTESIAN_POINT('',(115.,-20.,-74.33034373659));
#8151 = SURFACE_CURVE('',#8152,(#8157,#8164),.PCURVE_S1.);
#8152 = CIRCLE('',#8153,75.);
#8153 = AXIS2_PLACEMENT_3D('',#8154,#8155,#8156);
#8154 = CARTESIAN_POINT('',(115.,-10.,0.));
#8155 = DIRECTION('',(1.,0.,0.));
#8156 = DIRECTION('',(0.,1.,0.));
#8157 = PCURVE('',#3744,#8158);
#8158 = DEFINITIONAL_REPRESENTATION('',(#8159),#8163);
#8159 = LINE('',#8160,#8161);
#8160 = CARTESIAN_POINT('',(4.712388980385,0.));
#8161 = VECTOR('',#8162,1.);
#8162 = DIRECTION('',(-1.,0.));
#8163 = ( GEOMETRIC_REPRESENTATION_CONTEXT(2) 
PARAMETRIC_REPRESENTATION_CONTEXT() REPRESENTATION_CONTEXT('2D SPACE',''
  ) );
#8164 = PCURVE('',#8165,#8170);
#8165 = PLANE('',#8166);
#8166 = AXIS2_PLACEMENT_3D('',#8167,#8168,#8169);
#8167 = CARTESIAN_POINT('',(115.,-10.,0.));
#8168 = DIRECTION('',(1.,0.,0.));
#8169 = DIRECTION('',(0.,1.,0.));
#8170 = DEFINITIONAL_REPRESENTATION('',(#8171),#8175);
#8171 = CIRCLE('',#8172,75.);
#8172 = AXIS2_PLACEMENT_2D('',#8173,#8174);
#8173 = CARTESIAN_POINT('',(0.,0.));
#8174 = DIRECTION('',(1.,0.));
#8175 = ( GEOMETRIC_REPRESENTATION_CONTEXT(2) 
PARAMETRIC_REPRESENTATION_CONTEXT() REPRESENTATION_CONTEXT('2D SPACE',''
  ) );
#8176 = ORIENTED_EDGE('',*,*,#8177,.F.);
#8177 = EDGE_CURVE('',#8178,#8149,#8180,.T.);
#8178 = VERTEX_POINT('',#8179);
#8179 = CARTESIAN_POINT('',(125.,-20.,-74.33034373659));
#8180 = SURFACE_CURVE('',#8181,(#8185,#8192),.PCURVE_S1.);
#8181 = LINE('',#8182,#8183);
#8182 = CARTESIAN_POINT('',(125.,-20.,-74.33034373659));
#8183 = VECTOR('',#8184,1.);
#8184 = DIRECTION('',(-1.,0.,0.));
#8185 = PCURVE('',#3744,#8186);
#8186 = DEFINITIONAL_REPRESENTATION('',(#8187),#8191);
#8187 = LINE('',#8188,#8189);
#8188 = CARTESIAN_POINT('',(0.13373158941,-10.));
#8189 = VECTOR('',#8190,1.);
#8190 = DIRECTION('',(0.,1.));
#8191 = ( GEOMETRIC_REPRESENTATION_CONTEXT(2) 
PARAMETRIC_REPRESENTATION_CONTEXT() REPRESENTATION_CONTEXT('2D SPACE',''
  ) );
#8192 = PCURVE('',#8193,#8198);
#8193 = PLANE('',#8194);
#8194 = AXIS2_PLACEMENT_3D('',#8195,#8196,#8197);
#8195 = CARTESIAN_POINT('',(125.,-20.,-70.86515956452));
#8196 = DIRECTION('',(0.,-1.,-1.836970198721E-16));
#8197 = DIRECTION('',(0.,1.836970198721E-16,-1.));
#8198 = DEFINITIONAL_REPRESENTATION('',(#8199),#8203);
#8199 = LINE('',#8200,#8201);
#8200 = CARTESIAN_POINT('',(3.46518417207,0.));
#8201 = VECTOR('',#8202,1.);
#8202 = DIRECTION('',(0.,-1.));
#8203 = ( GEOMETRIC_REPRESENTATION_CONTEXT(2) 
PARAMETRIC_REPRESENTATION_CONTEXT() REPRESENTATION_CONTEXT('2D SPACE',''
  ) );
#8204 = ORIENTED_EDGE('',*,*,#8205,.F.);
#8205 = EDGE_CURVE('',#8206,#8178,#8208,.T.);
#8206 = VERTEX_POINT('',#8207);
#8207 = CARTESIAN_POINT('',(125.,-3.122502256758E-14,-74.33034373659));
#8208 = SURFACE_CURVE('',#8209,(#8214,#8221),.PCURVE_S1.);
#8209 = CIRCLE('',#8210,75.);
#8210 = AXIS2_PLACEMENT_3D('',#8211,#8212,#8213);
#8211 = CARTESIAN_POINT('',(125.,-10.,0.));
#8212 = DIRECTION('',(1.,0.,0.));
#8213 = DIRECTION('',(0.,1.,0.));
#8214 = PCURVE('',#3744,#8215);
#8215 = DEFINITIONAL_REPRESENTATION('',(#8216),#8220);
#8216 = LINE('',#8217,#8218);
#8217 = CARTESIAN_POINT('',(10.995574287564,-10.));
#8218 = VECTOR('',#8219,1.);
#8219 = DIRECTION('',(-1.,0.));
#8220 = ( GEOMETRIC_REPRESENTATION_CONTEXT(2) 
PARAMETRIC_REPRESENTATION_CONTEXT() REPRESENTATION_CONTEXT('2D SPACE',''
  ) );
#8221 = PCURVE('',#8222,#8227);
#8222 = PLANE('',#8223);
#8223 = AXIS2_PLACEMENT_3D('',#8224,#8225,#8226);
#8224 = CARTESIAN_POINT('',(125.,-10.,-2.165171868296));
#8225 = DIRECTION('',(1.,0.,0.));
#8226 = DIRECTION('',(0.,1.,0.));
#8227 = DEFINITIONAL_REPRESENTATION('',(#8228),#8232);
#8228 = CIRCLE('',#8229,75.);
#8229 = AXIS2_PLACEMENT_2D('',#8230,#8231);
#8230 = CARTESIAN_POINT('',(0.,2.165171868296));
#8231 = DIRECTION('',(1.,0.));
#8232 = ( GEOMETRIC_REPRESENTATION_CONTEXT(2) 
PARAMETRIC_REPRESENTATION_CONTEXT() REPRESENTATION_CONTEXT('2D SPACE',''
  ) );
#8233 = ORIENTED_EDGE('',*,*,#8234,.T.);
#8234 = EDGE_CURVE('',#8206,#8235,#8237,.T.);
#8235 = VERTEX_POINT('',#8236);
#8236 = CARTESIAN_POINT('',(115.,-3.122502256758E-14,-74.33034373659));
#8237 = SURFACE_CURVE('',#8238,(#8242,#8249),.PCURVE_S1.);
#8238 = LINE('',#8239,#8240);
#8239 = CARTESIAN_POINT('',(125.,-3.122502256758E-14,-74.33034373659));
#8240 = VECTOR('',#8241,1.);
#8241 = DIRECTION('',(-1.,0.,0.));
#8242 = PCURVE('',#3744,#8243);
#8243 = DEFINITIONAL_REPRESENTATION('',(#8244),#8248);
#8244 = LINE('',#8245,#8246);
#8245 = CARTESIAN_POINT('',(6.14945371777,-10.));
#8246 = VECTOR('',#8247,1.);
#8247 = DIRECTION('',(0.,1.));
#8248 = ( GEOMETRIC_REPRESENTATION_CONTEXT(2) 
PARAMETRIC_REPRESENTATION_CONTEXT() REPRESENTATION_CONTEXT('2D SPACE',''
  ) );
#8249 = PCURVE('',#8250,#8255);
#8250 = PLANE('',#8251);
#8251 = AXIS2_PLACEMENT_3D('',#8252,#8253,#8254);
#8252 = CARTESIAN_POINT('',(125.,0.,-72.49715871283));
#8253 = DIRECTION('',(0.,-1.,0.));
#8254 = DIRECTION('',(0.,0.,-1.));
#8255 = DEFINITIONAL_REPRESENTATION('',(#8256),#8260);
#8256 = LINE('',#8257,#8258);
#8257 = CARTESIAN_POINT('',(1.83318502376,0.));
#8258 = VECTOR('',#8259,1.);
#8259 = DIRECTION('',(0.,-1.));
#8260 = ( GEOMETRIC_REPRESENTATION_CONTEXT(2) 
PARAMETRIC_REPRESENTATION_CONTEXT() REPRESENTATION_CONTEXT('2D SPACE',''
  ) );
#8261 = ORIENTED_EDGE('',*,*,#8262,.T.);
#8262 = EDGE_CURVE('',#8235,#8263,#8265,.T.);
#8263 = VERTEX_POINT('',#8264);
#8264 = CARTESIAN_POINT('',(115.,-3.122502256758E-14,74.330343736592));
#8265 = SURFACE_CURVE('',#8266,(#8271,#8278),.PCURVE_S1.);
#8266 = CIRCLE('',#8267,75.);
#8267 = AXIS2_PLACEMENT_3D('',#8268,#8269,#8270);
#8268 = CARTESIAN_POINT('',(115.,-10.,0.));
#8269 = DIRECTION('',(1.,0.,0.));
#8270 = DIRECTION('',(0.,1.,0.));
#8271 = PCURVE('',#3744,#8272);
#8272 = DEFINITIONAL_REPRESENTATION('',(#8273),#8277);
#8273 = LINE('',#8274,#8275);
#8274 = CARTESIAN_POINT('',(10.995574287564,0.));
#8275 = VECTOR('',#8276,1.);
#8276 = DIRECTION('',(-1.,0.));
#8277 = ( GEOMETRIC_REPRESENTATION_CONTEXT(2) 
PARAMETRIC_REPRESENTATION_CONTEXT() REPRESENTATION_CONTEXT('2D SPACE',''
  ) );
#8278 = PCURVE('',#8165,#8279);
#8279 = DEFINITIONAL_REPRESENTATION('',(#8280),#8284);
#8280 = CIRCLE('',#8281,75.);
#8281 = AXIS2_PLACEMENT_2D('',#8282,#8283);
#8282 = CARTESIAN_POINT('',(0.,0.));
#8283 = DIRECTION('',(1.,0.));
#8284 = ( GEOMETRIC_REPRESENTATION_CONTEXT(2) 
PARAMETRIC_REPRESENTATION_CONTEXT() REPRESENTATION_CONTEXT('2D SPACE',''
  ) );
#8285 = ORIENTED_EDGE('',*,*,#8286,.T.);
#8286 = EDGE_CURVE('',#8263,#8100,#8287,.T.);
#8287 = SURFACE_CURVE('',#8288,(#8293,#8300),.PCURVE_S1.);
#8288 = CIRCLE('',#8289,75.);
#8289 = AXIS2_PLACEMENT_3D('',#8290,#8291,#8292);
#8290 = CARTESIAN_POINT('',(115.,-10.,0.));
#8291 = DIRECTION('',(1.,0.,0.));
#8292 = DIRECTION('',(0.,1.,0.));
#8293 = PCURVE('',#3744,#8294);
#8294 = DEFINITIONAL_REPRESENTATION('',(#8295),#8299);
#8295 = LINE('',#8296,#8297);
#8296 = CARTESIAN_POINT('',(4.712388980385,0.));
#8297 = VECTOR('',#8298,1.);
#8298 = DIRECTION('',(-1.,0.));
#8299 = ( GEOMETRIC_REPRESENTATION_CONTEXT(2) 
PARAMETRIC_REPRESENTATION_CONTEXT() REPRESENTATION_CONTEXT('2D SPACE',''
  ) );
#8300 = PCURVE('',#8301,#8306);
#8301 = PLANE('',#8302);
#8302 = AXIS2_PLACEMENT_3D('',#8303,#8304,#8305);
#8303 = CARTESIAN_POINT('',(115.,-10.,0.));
#8304 = DIRECTION('',(1.,0.,0.));
#8305 = DIRECTION('',(0.,1.,0.));
#8306 = DEFINITIONAL_REPRESENTATION('',(#8307),#8311);
#8307 = CIRCLE('',#8308,75.);
#8308 = AXIS2_PLACEMENT_2D('',#8309,#8310);
#8309 = CARTESIAN_POINT('',(0.,0.));
#8310 = DIRECTION('',(1.,0.));
#8311 = ( GEOMETRIC_REPRESENTATION_CONTEXT(2) 
PARAMETRIC_REPRESENTATION_CONTEXT() REPRESENTATION_CONTEXT('2D SPACE',''
  ) );
#8312 = ADVANCED_FACE('',(#8313),#8301,.F.);
#8313 = FACE_BOUND('',#8314,.T.);
#8314 = EDGE_LOOP('',(#8315,#8343,#8364));
#8315 = ORIENTED_EDGE('',*,*,#8316,.T.);
#8316 = EDGE_CURVE('',#8263,#8317,#8319,.T.);
#8317 = VERTEX_POINT('',#8318);
#8318 = CARTESIAN_POINT('',(115.,-2.5,74.330343736592));
#8319 = SURFACE_CURVE('',#8320,(#8324,#8331),.PCURVE_S1.);
#8320 = LINE('',#8321,#8322);
#8321 = CARTESIAN_POINT('',(115.,-10.34917403012,74.330343736592));
#8322 = VECTOR('',#8323,1.);
#8323 = DIRECTION('',(0.,-1.,0.));
#8324 = PCURVE('',#8301,#8325);
#8325 = DEFINITIONAL_REPRESENTATION('',(#8326),#8330);
#8326 = LINE('',#8327,#8328);
#8327 = CARTESIAN_POINT('',(-0.34917403012,74.330343736592));
#8328 = VECTOR('',#8329,1.);
#8329 = DIRECTION('',(-1.,0.));
#8330 = ( GEOMETRIC_REPRESENTATION_CONTEXT(2) 
PARAMETRIC_REPRESENTATION_CONTEXT() REPRESENTATION_CONTEXT('2D SPACE',''
  ) );
#8331 = PCURVE('',#8332,#8337);
#8332 = PLANE('',#8333);
#8333 = AXIS2_PLACEMENT_3D('',#8334,#8335,#8336);
#8334 = CARTESIAN_POINT('',(125.,-10.34917403012,74.330343736592));
#8335 = DIRECTION('',(0.,0.,-1.));
#8336 = DIRECTION('',(-1.,0.,0.));
#8337 = DEFINITIONAL_REPRESENTATION('',(#8338),#8342);
#8338 = LINE('',#8339,#8340);
#8339 = CARTESIAN_POINT('',(10.,0.));
#8340 = VECTOR('',#8341,1.);
#8341 = DIRECTION('',(0.,-1.));
#8342 = ( GEOMETRIC_REPRESENTATION_CONTEXT(2) 
PARAMETRIC_REPRESENTATION_CONTEXT() REPRESENTATION_CONTEXT('2D SPACE',''
  ) );
#8343 = ORIENTED_EDGE('',*,*,#8344,.T.);
#8344 = EDGE_CURVE('',#8317,#8100,#8345,.T.);
#8345 = SURFACE_CURVE('',#8346,(#8350,#8357),.PCURVE_S1.);
#8346 = LINE('',#8347,#8348);
#8347 = CARTESIAN_POINT('',(115.,-2.5,0.));
#8348 = VECTOR('',#8349,1.);
#8349 = DIRECTION('',(0.,0.,1.));
#8350 = PCURVE('',#8301,#8351);
#8351 = DEFINITIONAL_REPRESENTATION('',(#8352),#8356);
#8352 = LINE('',#8353,#8354);
#8353 = CARTESIAN_POINT('',(7.5,0.));
#8354 = VECTOR('',#8355,1.);
#8355 = DIRECTION('',(0.,1.));
#8356 = ( GEOMETRIC_REPRESENTATION_CONTEXT(2) 
PARAMETRIC_REPRESENTATION_CONTEXT() REPRESENTATION_CONTEXT('2D SPACE',''
  ) );
#8357 = PCURVE('',#3399,#8358);
#8358 = DEFINITIONAL_REPRESENTATION('',(#8359),#8363);
#8359 = LINE('',#8360,#8361);
#8360 = CARTESIAN_POINT('',(-50.62196660786,-79.33034373659));
#8361 = VECTOR('',#8362,1.);
#8362 = DIRECTION('',(0.,1.));
#8363 = ( GEOMETRIC_REPRESENTATION_CONTEXT(2) 
PARAMETRIC_REPRESENTATION_CONTEXT() REPRESENTATION_CONTEXT('2D SPACE',''
  ) );
#8364 = ORIENTED_EDGE('',*,*,#8286,.F.);
#8365 = ADVANCED_FACE('',(#8366),#8332,.F.);
#8366 = FACE_BOUND('',#8367,.T.);
#8367 = EDGE_LOOP('',(#8368,#8398,#8419,#8420));
#8368 = ORIENTED_EDGE('',*,*,#8369,.F.);
#8369 = EDGE_CURVE('',#8370,#8372,#8374,.T.);
#8370 = VERTEX_POINT('',#8371);
#8371 = CARTESIAN_POINT('',(10.,-2.5,74.330343736592));
#8372 = VERTEX_POINT('',#8373);
#8373 = CARTESIAN_POINT('',(10.,-3.122502256758E-14,74.330343736592));
#8374 = SURFACE_CURVE('',#8375,(#8379,#8386),.PCURVE_S1.);
#8375 = LINE('',#8376,#8377);
#8376 = CARTESIAN_POINT('',(10.,-10.,74.330343736592));
#8377 = VECTOR('',#8378,1.);
#8378 = DIRECTION('',(0.,1.,0.));
#8379 = PCURVE('',#8332,#8380);
#8380 = DEFINITIONAL_REPRESENTATION('',(#8381),#8385);
#8381 = LINE('',#8382,#8383);
#8382 = CARTESIAN_POINT('',(115.,0.34917403012));
#8383 = VECTOR('',#8384,1.);
#8384 = DIRECTION('',(0.,1.));
#8385 = ( GEOMETRIC_REPRESENTATION_CONTEXT(2) 
PARAMETRIC_REPRESENTATION_CONTEXT() REPRESENTATION_CONTEXT('2D SPACE',''
  ) );
#8386 = PCURVE('',#8387,#8392);
#8387 = PLANE('',#8388);
#8388 = AXIS2_PLACEMENT_3D('',#8389,#8390,#8391);
#8389 = CARTESIAN_POINT('',(10.,-10.,0.));
#8390 = DIRECTION('',(1.,0.,0.));
#8391 = DIRECTION('',(0.,1.,0.));
#8392 = DEFINITIONAL_REPRESENTATION('',(#8393),#8397);
#8393 = LINE('',#8394,#8395);
#8394 = CARTESIAN_POINT('',(0.,74.330343736592));
#8395 = VECTOR('',#8396,1.);
#8396 = DIRECTION('',(1.,0.));
#8397 = ( GEOMETRIC_REPRESENTATION_CONTEXT(2) 
PARAMETRIC_REPRESENTATION_CONTEXT() REPRESENTATION_CONTEXT('2D SPACE',''
  ) );
#8398 = ORIENTED_EDGE('',*,*,#8399,.T.);
#8399 = EDGE_CURVE('',#8370,#8317,#8400,.T.);
#8400 = SURFACE_CURVE('',#8401,(#8405,#8412),.PCURVE_S1.);
#8401 = LINE('',#8402,#8403);
#8402 = CARTESIAN_POINT('',(125.,-2.5,74.330343736592));
#8403 = VECTOR('',#8404,1.);
#8404 = DIRECTION('',(1.,1.224646799147E-16,0.));
#8405 = PCURVE('',#8332,#8406);
#8406 = DEFINITIONAL_REPRESENTATION('',(#8407),#8411);
#8407 = LINE('',#8408,#8409);
#8408 = CARTESIAN_POINT('',(0.,7.84917403012));
#8409 = VECTOR('',#8410,1.);
#8410 = DIRECTION('',(-1.,1.224646799147E-16));
#8411 = ( GEOMETRIC_REPRESENTATION_CONTEXT(2) 
PARAMETRIC_REPRESENTATION_CONTEXT() REPRESENTATION_CONTEXT('2D SPACE',''
  ) );
#8412 = PCURVE('',#3399,#8413);
#8413 = DEFINITIONAL_REPRESENTATION('',(#8414),#8418);
#8414 = LINE('',#8415,#8416);
#8415 = CARTESIAN_POINT('',(-60.62196660786,-5.000000000001));
#8416 = VECTOR('',#8417,1.);
#8417 = DIRECTION('',(-1.,0.));
#8418 = ( GEOMETRIC_REPRESENTATION_CONTEXT(2) 
PARAMETRIC_REPRESENTATION_CONTEXT() REPRESENTATION_CONTEXT('2D SPACE',''
  ) );
#8419 = ORIENTED_EDGE('',*,*,#8316,.F.);
#8420 = ORIENTED_EDGE('',*,*,#8421,.T.);
#8421 = EDGE_CURVE('',#8263,#8372,#8422,.T.);
#8422 = SURFACE_CURVE('',#8423,(#8427,#8434),.PCURVE_S1.);
#8423 = LINE('',#8424,#8425);
#8424 = CARTESIAN_POINT('',(125.,-3.122502256758E-14,74.330343736592));
#8425 = VECTOR('',#8426,1.);
#8426 = DIRECTION('',(-1.,0.,0.));
#8427 = PCURVE('',#8332,#8428);
#8428 = DEFINITIONAL_REPRESENTATION('',(#8429),#8433);
#8429 = LINE('',#8430,#8431);
#8430 = CARTESIAN_POINT('',(0.,10.34917403012));
#8431 = VECTOR('',#8432,1.);
#8432 = DIRECTION('',(1.,0.));
#8433 = ( GEOMETRIC_REPRESENTATION_CONTEXT(2) 
PARAMETRIC_REPRESENTATION_CONTEXT() REPRESENTATION_CONTEXT('2D SPACE',''
  ) );
#8434 = PCURVE('',#8435,#8440);
#8435 = PLANE('',#8436);
#8436 = AXIS2_PLACEMENT_3D('',#8437,#8438,#8439);
#8437 = CARTESIAN_POINT('',(125.,0.,71.014344162436));
#8438 = DIRECTION('',(0.,1.,0.));
#8439 = DIRECTION('',(0.,0.,1.));
#8440 = DEFINITIONAL_REPRESENTATION('',(#8441),#8445);
#8441 = LINE('',#8442,#8443);
#8442 = CARTESIAN_POINT('',(3.315999574156,0.));
#8443 = VECTOR('',#8444,1.);
#8444 = DIRECTION('',(0.,-1.));
#8445 = ( GEOMETRIC_REPRESENTATION_CONTEXT(2) 
PARAMETRIC_REPRESENTATION_CONTEXT() REPRESENTATION_CONTEXT('2D SPACE',''
  ) );
#8446 = ADVANCED_FACE('',(#8447),#8435,.T.);
#8447 = FACE_BOUND('',#8448,.T.);
#8448 = EDGE_LOOP('',(#8449,#8450,#8473,#8501));
#8449 = ORIENTED_EDGE('',*,*,#8421,.F.);
#8450 = ORIENTED_EDGE('',*,*,#8451,.T.);
#8451 = EDGE_CURVE('',#8263,#8452,#8454,.T.);
#8452 = VERTEX_POINT('',#8453);
#8453 = CARTESIAN_POINT('',(115.,0.,69.330343736592));
#8454 = SURFACE_CURVE('',#8455,(#8459,#8466),.PCURVE_S1.);
#8455 = LINE('',#8456,#8457);
#8456 = CARTESIAN_POINT('',(115.,0.,71.014344162436));
#8457 = VECTOR('',#8458,1.);
#8458 = DIRECTION('',(0.,0.,-1.));
#8459 = PCURVE('',#8435,#8460);
#8460 = DEFINITIONAL_REPRESENTATION('',(#8461),#8465);
#8461 = LINE('',#8462,#8463);
#8462 = CARTESIAN_POINT('',(0.,-10.));
#8463 = VECTOR('',#8464,1.);
#8464 = DIRECTION('',(-1.,0.));
#8465 = ( GEOMETRIC_REPRESENTATION_CONTEXT(2) 
PARAMETRIC_REPRESENTATION_CONTEXT() REPRESENTATION_CONTEXT('2D SPACE',''
  ) );
#8466 = PCURVE('',#8165,#8467);
#8467 = DEFINITIONAL_REPRESENTATION('',(#8468),#8472);
#8468 = LINE('',#8469,#8470);
#8469 = CARTESIAN_POINT('',(10.,71.014344162436));
#8470 = VECTOR('',#8471,1.);
#8471 = DIRECTION('',(0.,-1.));
#8472 = ( GEOMETRIC_REPRESENTATION_CONTEXT(2) 
PARAMETRIC_REPRESENTATION_CONTEXT() REPRESENTATION_CONTEXT('2D SPACE',''
  ) );
#8473 = ORIENTED_EDGE('',*,*,#8474,.T.);
#8474 = EDGE_CURVE('',#8452,#8475,#8477,.T.);
#8475 = VERTEX_POINT('',#8476);
#8476 = CARTESIAN_POINT('',(10.,0.,69.330343736592));
#8477 = SURFACE_CURVE('',#8478,(#8482,#8489),.PCURVE_S1.);
#8478 = LINE('',#8479,#8480);
#8479 = CARTESIAN_POINT('',(125.,0.,69.330343736592));
#8480 = VECTOR('',#8481,1.);
#8481 = DIRECTION('',(-1.,0.,0.));
#8482 = PCURVE('',#8435,#8483);
#8483 = DEFINITIONAL_REPRESENTATION('',(#8484),#8488);
#8484 = LINE('',#8485,#8486);
#8485 = CARTESIAN_POINT('',(-1.684000425844,0.));
#8486 = VECTOR('',#8487,1.);
#8487 = DIRECTION('',(0.,-1.));
#8488 = ( GEOMETRIC_REPRESENTATION_CONTEXT(2) 
PARAMETRIC_REPRESENTATION_CONTEXT() REPRESENTATION_CONTEXT('2D SPACE',''
  ) );
#8489 = PCURVE('',#8490,#8495);
#8490 = PLANE('',#8491);
#8491 = AXIS2_PLACEMENT_3D('',#8492,#8493,#8494);
#8492 = CARTESIAN_POINT('',(125.,-10.34917403012,69.330343736592));
#8493 = DIRECTION('',(0.,1.224646799147E-16,-1.));
#8494 = DIRECTION('',(0.,1.,1.224646799147E-16));
#8495 = DEFINITIONAL_REPRESENTATION('',(#8496),#8500);
#8496 = LINE('',#8497,#8498);
#8497 = CARTESIAN_POINT('',(10.34917403012,0.));
#8498 = VECTOR('',#8499,1.);
#8499 = DIRECTION('',(0.,-1.));
#8500 = ( GEOMETRIC_REPRESENTATION_CONTEXT(2) 
PARAMETRIC_REPRESENTATION_CONTEXT() REPRESENTATION_CONTEXT('2D SPACE',''
  ) );
#8501 = ORIENTED_EDGE('',*,*,#8502,.T.);
#8502 = EDGE_CURVE('',#8475,#8372,#8503,.T.);
#8503 = SURFACE_CURVE('',#8504,(#8508,#8515),.PCURVE_S1.);
#8504 = LINE('',#8505,#8506);
#8505 = CARTESIAN_POINT('',(10.,0.,0.));
#8506 = VECTOR('',#8507,1.);
#8507 = DIRECTION('',(0.,0.,1.));
#8508 = PCURVE('',#8435,#8509);
#8509 = DEFINITIONAL_REPRESENTATION('',(#8510),#8514);
#8510 = LINE('',#8511,#8512);
#8511 = CARTESIAN_POINT('',(-71.01434416243,-115.));
#8512 = VECTOR('',#8513,1.);
#8513 = DIRECTION('',(1.,0.));
#8514 = ( GEOMETRIC_REPRESENTATION_CONTEXT(2) 
PARAMETRIC_REPRESENTATION_CONTEXT() REPRESENTATION_CONTEXT('2D SPACE',''
  ) );
#8515 = PCURVE('',#8516,#8521);
#8516 = PLANE('',#8517);
#8517 = AXIS2_PLACEMENT_3D('',#8518,#8519,#8520);
#8518 = CARTESIAN_POINT('',(10.,-10.,0.));
#8519 = DIRECTION('',(1.,0.,0.));
#8520 = DIRECTION('',(0.,1.,0.));
#8521 = DEFINITIONAL_REPRESENTATION('',(#8522),#8526);
#8522 = LINE('',#8523,#8524);
#8523 = CARTESIAN_POINT('',(10.,0.));
#8524 = VECTOR('',#8525,1.);
#8525 = DIRECTION('',(0.,1.));
#8526 = ( GEOMETRIC_REPRESENTATION_CONTEXT(2) 
PARAMETRIC_REPRESENTATION_CONTEXT() REPRESENTATION_CONTEXT('2D SPACE',''
  ) );
#8527 = ADVANCED_FACE('',(#8528,#8559,#8692),#8516,.T.);
#8528 = FACE_BOUND('',#8529,.T.);
#8529 = EDGE_LOOP('',(#8530));
#8530 = ORIENTED_EDGE('',*,*,#8531,.F.);
#8531 = EDGE_CURVE('',#8532,#8532,#8534,.T.);
#8532 = VERTEX_POINT('',#8533);
#8533 = CARTESIAN_POINT('',(10.,12.5,44.949));
#8534 = SURFACE_CURVE('',#8535,(#8540,#8547),.PCURVE_S1.);
#8535 = CIRCLE('',#8536,22.5);
#8536 = AXIS2_PLACEMENT_3D('',#8537,#8538,#8539);
#8537 = CARTESIAN_POINT('',(10.,-10.,44.949));
#8538 = DIRECTION('',(1.,0.,-0.));
#8539 = DIRECTION('',(0.,1.,1.836970198721E-16));
#8540 = PCURVE('',#8516,#8541);
#8541 = DEFINITIONAL_REPRESENTATION('',(#8542),#8546);
#8542 = CIRCLE('',#8543,22.5);
#8543 = AXIS2_PLACEMENT_2D('',#8544,#8545);
#8544 = CARTESIAN_POINT('',(0.,44.949));
#8545 = DIRECTION('',(1.,1.836970198721E-16));
#8546 = ( GEOMETRIC_REPRESENTATION_CONTEXT(2) 
PARAMETRIC_REPRESENTATION_CONTEXT() REPRESENTATION_CONTEXT('2D SPACE',''
  ) );
#8547 = PCURVE('',#8548,#8553);
#8548 = CYLINDRICAL_SURFACE('',#8549,22.5);
#8549 = AXIS2_PLACEMENT_3D('',#8550,#8551,#8552);
#8550 = CARTESIAN_POINT('',(23.,-10.,44.949));
#8551 = DIRECTION('',(1.,0.,0.));
#8552 = DIRECTION('',(0.,0.,1.));
#8553 = DEFINITIONAL_REPRESENTATION('',(#8554),#8558);
#8554 = LINE('',#8555,#8556);
#8555 = CARTESIAN_POINT('',(-1.570796326795,-13.));
#8556 = VECTOR('',#8557,1.);
#8557 = DIRECTION('',(1.,0.));
#8558 = ( GEOMETRIC_REPRESENTATION_CONTEXT(2) 
PARAMETRIC_REPRESENTATION_CONTEXT() REPRESENTATION_CONTEXT('2D SPACE',''
  ) );
#8559 = FACE_BOUND('',#8560,.T.);
#8560 = EDGE_LOOP('',(#8561,#8584,#8612,#8636,#8664,#8691));
#8561 = ORIENTED_EDGE('',*,*,#8562,.F.);
#8562 = EDGE_CURVE('',#8563,#8475,#8565,.T.);
#8563 = VERTEX_POINT('',#8564);
#8564 = CARTESIAN_POINT('',(10.,-20.,69.330343736592));
#8565 = SURFACE_CURVE('',#8566,(#8570,#8577),.PCURVE_S1.);
#8566 = LINE('',#8567,#8568);
#8567 = CARTESIAN_POINT('',(10.,-10.,69.330343736592));
#8568 = VECTOR('',#8569,1.);
#8569 = DIRECTION('',(0.,1.,1.224646799147E-16));
#8570 = PCURVE('',#8516,#8571);
#8571 = DEFINITIONAL_REPRESENTATION('',(#8572),#8576);
#8572 = LINE('',#8573,#8574);
#8573 = CARTESIAN_POINT('',(0.,69.330343736592));
#8574 = VECTOR('',#8575,1.);
#8575 = DIRECTION('',(1.,1.224646799147E-16));
#8576 = ( GEOMETRIC_REPRESENTATION_CONTEXT(2) 
PARAMETRIC_REPRESENTATION_CONTEXT() REPRESENTATION_CONTEXT('2D SPACE',''
  ) );
#8577 = PCURVE('',#8490,#8578);
#8578 = DEFINITIONAL_REPRESENTATION('',(#8579),#8583);
#8579 = LINE('',#8580,#8581);
#8580 = CARTESIAN_POINT('',(0.34917403012,-115.));
#8581 = VECTOR('',#8582,1.);
#8582 = DIRECTION('',(1.,0.));
#8583 = ( GEOMETRIC_REPRESENTATION_CONTEXT(2) 
PARAMETRIC_REPRESENTATION_CONTEXT() REPRESENTATION_CONTEXT('2D SPACE',''
  ) );
#8584 = ORIENTED_EDGE('',*,*,#8585,.T.);
#8585 = EDGE_CURVE('',#8563,#8586,#8588,.T.);
#8586 = VERTEX_POINT('',#8587);
#8587 = CARTESIAN_POINT('',(10.,-20.,74.330343736592));
#8588 = SURFACE_CURVE('',#8589,(#8593,#8600),.PCURVE_S1.);
#8589 = LINE('',#8590,#8591);
#8590 = CARTESIAN_POINT('',(10.,-20.,-3.061616997868E-15));
#8591 = VECTOR('',#8592,1.);
#8592 = DIRECTION('',(0.,-3.061616997868E-16,1.));
#8593 = PCURVE('',#8516,#8594);
#8594 = DEFINITIONAL_REPRESENTATION('',(#8595),#8599);
#8595 = LINE('',#8596,#8597);
#8596 = CARTESIAN_POINT('',(-10.,-3.061616997868E-15));
#8597 = VECTOR('',#8598,1.);
#8598 = DIRECTION('',(-3.061616997868E-16,1.));
#8599 = ( GEOMETRIC_REPRESENTATION_CONTEXT(2) 
PARAMETRIC_REPRESENTATION_CONTEXT() REPRESENTATION_CONTEXT('2D SPACE',''
  ) );
#8600 = PCURVE('',#8601,#8606);
#8601 = PLANE('',#8602);
#8602 = AXIS2_PLACEMENT_3D('',#8603,#8604,#8605);
#8603 = CARTESIAN_POINT('',(125.,-20.,72.646343310749));
#8604 = DIRECTION('',(0.,1.,3.061616997868E-16));
#8605 = DIRECTION('',(0.,-3.061616997868E-16,1.));
#8606 = DEFINITIONAL_REPRESENTATION('',(#8607),#8611);
#8607 = LINE('',#8608,#8609);
#8608 = CARTESIAN_POINT('',(-72.64634331074,-115.));
#8609 = VECTOR('',#8610,1.);
#8610 = DIRECTION('',(1.,0.));
#8611 = ( GEOMETRIC_REPRESENTATION_CONTEXT(2) 
PARAMETRIC_REPRESENTATION_CONTEXT() REPRESENTATION_CONTEXT('2D SPACE',''
  ) );
#8612 = ORIENTED_EDGE('',*,*,#8613,.T.);
#8613 = EDGE_CURVE('',#8586,#8614,#8616,.T.);
#8614 = VERTEX_POINT('',#8615);
#8615 = CARTESIAN_POINT('',(10.,-20.,-74.33034373659));
#8616 = SURFACE_CURVE('',#8617,(#8622,#8629),.PCURVE_S1.);
#8617 = CIRCLE('',#8618,75.);
#8618 = AXIS2_PLACEMENT_3D('',#8619,#8620,#8621);
#8619 = CARTESIAN_POINT('',(10.,-10.,0.));
#8620 = DIRECTION('',(1.,0.,0.));
#8621 = DIRECTION('',(0.,1.,0.));
#8622 = PCURVE('',#8516,#8623);
#8623 = DEFINITIONAL_REPRESENTATION('',(#8624),#8628);
#8624 = CIRCLE('',#8625,75.);
#8625 = AXIS2_PLACEMENT_2D('',#8626,#8627);
#8626 = CARTESIAN_POINT('',(0.,0.));
#8627 = DIRECTION('',(1.,0.));
#8628 = ( GEOMETRIC_REPRESENTATION_CONTEXT(2) 
PARAMETRIC_REPRESENTATION_CONTEXT() REPRESENTATION_CONTEXT('2D SPACE',''
  ) );
#8629 = PCURVE('',#3632,#8630);
#8630 = DEFINITIONAL_REPRESENTATION('',(#8631),#8635);
#8631 = LINE('',#8632,#8633);
#8632 = CARTESIAN_POINT('',(-1.570796326795,0.));
#8633 = VECTOR('',#8634,1.);
#8634 = DIRECTION('',(1.,0.));
#8635 = ( GEOMETRIC_REPRESENTATION_CONTEXT(2) 
PARAMETRIC_REPRESENTATION_CONTEXT() REPRESENTATION_CONTEXT('2D SPACE',''
  ) );
#8636 = ORIENTED_EDGE('',*,*,#8637,.T.);
#8637 = EDGE_CURVE('',#8614,#8638,#8640,.T.);
#8638 = VERTEX_POINT('',#8639);
#8639 = CARTESIAN_POINT('',(10.,-3.122502256758E-14,-74.33034373659));
#8640 = SURFACE_CURVE('',#8641,(#8645,#8652),.PCURVE_S1.);
#8641 = LINE('',#8642,#8643);
#8642 = CARTESIAN_POINT('',(10.,-10.,-74.33034373659));
#8643 = VECTOR('',#8644,1.);
#8644 = DIRECTION('',(0.,1.,0.));
#8645 = PCURVE('',#8516,#8646);
#8646 = DEFINITIONAL_REPRESENTATION('',(#8647),#8651);
#8647 = LINE('',#8648,#8649);
#8648 = CARTESIAN_POINT('',(0.,-74.33034373659));
#8649 = VECTOR('',#8650,1.);
#8650 = DIRECTION('',(1.,0.));
#8651 = ( GEOMETRIC_REPRESENTATION_CONTEXT(2) 
PARAMETRIC_REPRESENTATION_CONTEXT() REPRESENTATION_CONTEXT('2D SPACE',''
  ) );
#8652 = PCURVE('',#8653,#8658);
#8653 = PLANE('',#8654);
#8654 = AXIS2_PLACEMENT_3D('',#8655,#8656,#8657);
#8655 = CARTESIAN_POINT('',(125.,-10.34917403012,-74.33034373659));
#8656 = DIRECTION('',(0.,0.,-1.));
#8657 = DIRECTION('',(-1.,0.,0.));
#8658 = DEFINITIONAL_REPRESENTATION('',(#8659),#8663);
#8659 = LINE('',#8660,#8661);
#8660 = CARTESIAN_POINT('',(115.,0.34917403012));
#8661 = VECTOR('',#8662,1.);
#8662 = DIRECTION('',(0.,1.));
#8663 = ( GEOMETRIC_REPRESENTATION_CONTEXT(2) 
PARAMETRIC_REPRESENTATION_CONTEXT() REPRESENTATION_CONTEXT('2D SPACE',''
  ) );
#8664 = ORIENTED_EDGE('',*,*,#8665,.T.);
#8665 = EDGE_CURVE('',#8638,#8372,#8666,.T.);
#8666 = SURFACE_CURVE('',#8667,(#8672,#8679),.PCURVE_S1.);
#8667 = CIRCLE('',#8668,75.);
#8668 = AXIS2_PLACEMENT_3D('',#8669,#8670,#8671);
#8669 = CARTESIAN_POINT('',(10.,-10.,0.));
#8670 = DIRECTION('',(1.,0.,0.));
#8671 = DIRECTION('',(0.,1.,0.));
#8672 = PCURVE('',#8516,#8673);
#8673 = DEFINITIONAL_REPRESENTATION('',(#8674),#8678);
#8674 = CIRCLE('',#8675,75.);
#8675 = AXIS2_PLACEMENT_2D('',#8676,#8677);
#8676 = CARTESIAN_POINT('',(0.,0.));
#8677 = DIRECTION('',(1.,0.));
#8678 = ( GEOMETRIC_REPRESENTATION_CONTEXT(2) 
PARAMETRIC_REPRESENTATION_CONTEXT() REPRESENTATION_CONTEXT('2D SPACE',''
  ) );
#8679 = PCURVE('',#8680,#8685);
#8680 = CYLINDRICAL_SURFACE('',#8681,75.);
#8681 = AXIS2_PLACEMENT_3D('',#8682,#8683,#8684);
#8682 = CARTESIAN_POINT('',(10.,-10.,0.));
#8683 = DIRECTION('',(1.,0.,0.));
#8684 = DIRECTION('',(0.,0.,1.));
#8685 = DEFINITIONAL_REPRESENTATION('',(#8686),#8690);
#8686 = LINE('',#8687,#8688);
#8687 = CARTESIAN_POINT('',(-1.570796326795,0.));
#8688 = VECTOR('',#8689,1.);
#8689 = DIRECTION('',(1.,0.));
#8690 = ( GEOMETRIC_REPRESENTATION_CONTEXT(2) 
PARAMETRIC_REPRESENTATION_CONTEXT() REPRESENTATION_CONTEXT('2D SPACE',''
  ) );
#8691 = ORIENTED_EDGE('',*,*,#8502,.F.);
#8692 = FACE_BOUND('',#8693,.T.);
#8693 = EDGE_LOOP('',(#8694));
#8694 = ORIENTED_EDGE('',*,*,#8695,.F.);
#8695 = EDGE_CURVE('',#8696,#8696,#8698,.T.);
#8696 = VERTEX_POINT('',#8697);
#8697 = CARTESIAN_POINT('',(10.,-7.5,-50.));
#8698 = SURFACE_CURVE('',#8699,(#8704,#8711),.PCURVE_S1.);
#8699 = CIRCLE('',#8700,2.5);
#8700 = AXIS2_PLACEMENT_3D('',#8701,#8702,#8703);
#8701 = CARTESIAN_POINT('',(10.,-10.,-50.));
#8702 = DIRECTION('',(1.,0.,-0.));
#8703 = DIRECTION('',(0.,1.,6.123233995737E-17));
#8704 = PCURVE('',#8516,#8705);
#8705 = DEFINITIONAL_REPRESENTATION('',(#8706),#8710);
#8706 = CIRCLE('',#8707,2.5);
#8707 = AXIS2_PLACEMENT_2D('',#8708,#8709);
#8708 = CARTESIAN_POINT('',(0.,-50.));
#8709 = DIRECTION('',(1.,6.123233995737E-17));
#8710 = ( GEOMETRIC_REPRESENTATION_CONTEXT(2) 
PARAMETRIC_REPRESENTATION_CONTEXT() REPRESENTATION_CONTEXT('2D SPACE',''
  ) );
#8711 = PCURVE('',#8712,#8717);
#8712 = CYLINDRICAL_SURFACE('',#8713,2.5);
#8713 = AXIS2_PLACEMENT_3D('',#8714,#8715,#8716);
#8714 = CARTESIAN_POINT('',(13.,-10.,-50.));
#8715 = DIRECTION('',(1.,0.,0.));
#8716 = DIRECTION('',(0.,0.,1.));
#8717 = DEFINITIONAL_REPRESENTATION('',(#8718),#8722);
#8718 = LINE('',#8719,#8720);
#8719 = CARTESIAN_POINT('',(-1.570796326795,-3.));
#8720 = VECTOR('',#8721,1.);
#8721 = DIRECTION('',(1.,0.));
#8722 = ( GEOMETRIC_REPRESENTATION_CONTEXT(2) 
PARAMETRIC_REPRESENTATION_CONTEXT() REPRESENTATION_CONTEXT('2D SPACE',''
  ) );
#8723 = ADVANCED_FACE('',(#8724),#8712,.T.);
#8724 = FACE_BOUND('',#8725,.T.);
#8725 = EDGE_LOOP('',(#8726,#8755,#8775,#8776));
#8726 = ORIENTED_EDGE('',*,*,#8727,.F.);
#8727 = EDGE_CURVE('',#8728,#8728,#8730,.T.);
#8728 = VERTEX_POINT('',#8729);
#8729 = CARTESIAN_POINT('',(13.,-7.5,-50.));
#8730 = SURFACE_CURVE('',#8731,(#8736,#8743),.PCURVE_S1.);
#8731 = CIRCLE('',#8732,2.5);
#8732 = AXIS2_PLACEMENT_3D('',#8733,#8734,#8735);
#8733 = CARTESIAN_POINT('',(13.,-10.,-50.));
#8734 = DIRECTION('',(1.,0.,-0.));
#8735 = DIRECTION('',(0.,1.,6.123233995737E-17));
#8736 = PCURVE('',#8712,#8737);
#8737 = DEFINITIONAL_REPRESENTATION('',(#8738),#8742);
#8738 = LINE('',#8739,#8740);
#8739 = CARTESIAN_POINT('',(-1.570796326795,0.));
#8740 = VECTOR('',#8741,1.);
#8741 = DIRECTION('',(1.,0.));
#8742 = ( GEOMETRIC_REPRESENTATION_CONTEXT(2) 
PARAMETRIC_REPRESENTATION_CONTEXT() REPRESENTATION_CONTEXT('2D SPACE',''
  ) );
#8743 = PCURVE('',#8744,#8749);
#8744 = PLANE('',#8745);
#8745 = AXIS2_PLACEMENT_3D('',#8746,#8747,#8748);
#8746 = CARTESIAN_POINT('',(13.,-10.,0.));
#8747 = DIRECTION('',(1.,0.,0.));
#8748 = DIRECTION('',(0.,1.,0.));
#8749 = DEFINITIONAL_REPRESENTATION('',(#8750),#8754);
#8750 = CIRCLE('',#8751,2.5);
#8751 = AXIS2_PLACEMENT_2D('',#8752,#8753);
#8752 = CARTESIAN_POINT('',(0.,-50.));
#8753 = DIRECTION('',(1.,6.123233995737E-17));
#8754 = ( GEOMETRIC_REPRESENTATION_CONTEXT(2) 
PARAMETRIC_REPRESENTATION_CONTEXT() REPRESENTATION_CONTEXT('2D SPACE',''
  ) );
#8755 = ORIENTED_EDGE('',*,*,#8756,.F.);
#8756 = EDGE_CURVE('',#8696,#8728,#8757,.T.);
#8757 = SEAM_CURVE('',#8758,(#8761,#8768),.PCURVE_S1.);
#8758 = B_SPLINE_CURVE_WITH_KNOTS('',1,(#8759,#8760),.UNSPECIFIED.,.F.,
  .F.,(2,2),(-3.,0.),.PIECEWISE_BEZIER_KNOTS.);
#8759 = CARTESIAN_POINT('',(10.,-7.5,-50.));
#8760 = CARTESIAN_POINT('',(13.,-7.5,-50.));
#8761 = PCURVE('',#8712,#8762);
#8762 = DEFINITIONAL_REPRESENTATION('',(#8763),#8767);
#8763 = LINE('',#8764,#8765);
#8764 = CARTESIAN_POINT('',(-1.570796326795,0.));
#8765 = VECTOR('',#8766,1.);
#8766 = DIRECTION('',(0.,1.));
#8767 = ( GEOMETRIC_REPRESENTATION_CONTEXT(2) 
PARAMETRIC_REPRESENTATION_CONTEXT() REPRESENTATION_CONTEXT('2D SPACE',''
  ) );
#8768 = PCURVE('',#8712,#8769);
#8769 = DEFINITIONAL_REPRESENTATION('',(#8770),#8774);
#8770 = LINE('',#8771,#8772);
#8771 = CARTESIAN_POINT('',(4.712388980384,0.));
#8772 = VECTOR('',#8773,1.);
#8773 = DIRECTION('',(0.,1.));
#8774 = ( GEOMETRIC_REPRESENTATION_CONTEXT(2) 
PARAMETRIC_REPRESENTATION_CONTEXT() REPRESENTATION_CONTEXT('2D SPACE',''
  ) );
#8775 = ORIENTED_EDGE('',*,*,#8695,.T.);
#8776 = ORIENTED_EDGE('',*,*,#8756,.T.);
#8777 = ADVANCED_FACE('',(#8778),#8744,.T.);
#8778 = FACE_BOUND('',#8779,.T.);
#8779 = EDGE_LOOP('',(#8780));
#8780 = ORIENTED_EDGE('',*,*,#8727,.T.);
#8781 = ADVANCED_FACE('',(#8782),#8680,.T.);
#8782 = FACE_BOUND('',#8783,.T.);
#8783 = EDGE_LOOP('',(#8784,#8814,#8837,#8859,#8860,#8883));
#8784 = ORIENTED_EDGE('',*,*,#8785,.T.);
#8785 = EDGE_CURVE('',#8786,#8788,#8790,.T.);
#8786 = VERTEX_POINT('',#8787);
#8787 = CARTESIAN_POINT('',(0.,0.,74.330343736592));
#8788 = VERTEX_POINT('',#8789);
#8789 = CARTESIAN_POINT('',(0.,-2.5,74.624057782996));
#8790 = SURFACE_CURVE('',#8791,(#8796,#8803),.PCURVE_S1.);
#8791 = CIRCLE('',#8792,75.);
#8792 = AXIS2_PLACEMENT_3D('',#8793,#8794,#8795);
#8793 = CARTESIAN_POINT('',(0.,-10.,0.));
#8794 = DIRECTION('',(1.,0.,0.));
#8795 = DIRECTION('',(0.,1.,0.));
#8796 = PCURVE('',#8680,#8797);
#8797 = DEFINITIONAL_REPRESENTATION('',(#8798),#8802);
#8798 = LINE('',#8799,#8800);
#8799 = CARTESIAN_POINT('',(4.712388980385,-10.));
#8800 = VECTOR('',#8801,1.);
#8801 = DIRECTION('',(1.,0.));
#8802 = ( GEOMETRIC_REPRESENTATION_CONTEXT(2) 
PARAMETRIC_REPRESENTATION_CONTEXT() REPRESENTATION_CONTEXT('2D SPACE',''
  ) );
#8803 = PCURVE('',#3427,#8804);
#8804 = DEFINITIONAL_REPRESENTATION('',(#8805),#8813);
#8805 = ( BOUNDED_CURVE() B_SPLINE_CURVE(2,(#8806,#8807,#8808,#8809,
#8810,#8811,#8812),.UNSPECIFIED.,.T.,.F.) B_SPLINE_CURVE_WITH_KNOTS((1,2
    ,2,2,2,1),(-2.094395102393,0.,2.094395102393,4.188790204786,
6.28318530718,8.377580409573),.UNSPECIFIED.) CURVE() 
GEOMETRIC_REPRESENTATION_ITEM() RATIONAL_B_SPLINE_CURVE((1.,0.5,1.,0.5,
1.,0.5,1.)) REPRESENTATION_ITEM('') );
#8806 = CARTESIAN_POINT('',(-23.59477094512,85.));
#8807 = CARTESIAN_POINT('',(106.30903962254,85.));
#8808 = CARTESIAN_POINT('',(41.357134338709,-27.5));
#8809 = CARTESIAN_POINT('',(-23.59477094512,-140.));
#8810 = CARTESIAN_POINT('',(-88.54667622895,-27.5));
#8811 = CARTESIAN_POINT('',(-153.4985815127,85.));
#8812 = CARTESIAN_POINT('',(-23.59477094512,85.));
#8813 = ( GEOMETRIC_REPRESENTATION_CONTEXT(2) 
PARAMETRIC_REPRESENTATION_CONTEXT() REPRESENTATION_CONTEXT('2D SPACE',''
  ) );
#8814 = ORIENTED_EDGE('',*,*,#8815,.F.);
#8815 = EDGE_CURVE('',#8816,#8788,#8818,.T.);
#8816 = VERTEX_POINT('',#8817);
#8817 = CARTESIAN_POINT('',(10.,-2.5,74.624057782996));
#8818 = SURFACE_CURVE('',#8819,(#8823,#8830),.PCURVE_S1.);
#8819 = LINE('',#8820,#8821);
#8820 = CARTESIAN_POINT('',(10.,-2.5,74.624057782996));
#8821 = VECTOR('',#8822,1.);
#8822 = DIRECTION('',(-1.,0.,0.));
#8823 = PCURVE('',#8680,#8824);
#8824 = DEFINITIONAL_REPRESENTATION('',(#8825),#8829);
#8825 = LINE('',#8826,#8827);
#8826 = CARTESIAN_POINT('',(6.183017886018,0.));
#8827 = VECTOR('',#8828,1.);
#8828 = DIRECTION('',(0.,-1.));
#8829 = ( GEOMETRIC_REPRESENTATION_CONTEXT(2) 
PARAMETRIC_REPRESENTATION_CONTEXT() REPRESENTATION_CONTEXT('2D SPACE',''
  ) );
#8830 = PCURVE('',#3399,#8831);
#8831 = DEFINITIONAL_REPRESENTATION('',(#8832),#8836);
#8832 = LINE('',#8833,#8834);
#8833 = CARTESIAN_POINT('',(54.378033392131,-4.706285953597));
#8834 = VECTOR('',#8835,1.);
#8835 = DIRECTION('',(1.,0.));
#8836 = ( GEOMETRIC_REPRESENTATION_CONTEXT(2) 
PARAMETRIC_REPRESENTATION_CONTEXT() REPRESENTATION_CONTEXT('2D SPACE',''
  ) );
#8837 = ORIENTED_EDGE('',*,*,#8838,.F.);
#8838 = EDGE_CURVE('',#8372,#8816,#8839,.T.);
#8839 = SURFACE_CURVE('',#8840,(#8845,#8852),.PCURVE_S1.);
#8840 = CIRCLE('',#8841,75.);
#8841 = AXIS2_PLACEMENT_3D('',#8842,#8843,#8844);
#8842 = CARTESIAN_POINT('',(10.,-10.,0.));
#8843 = DIRECTION('',(1.,0.,0.));
#8844 = DIRECTION('',(0.,1.,0.));
#8845 = PCURVE('',#8680,#8846);
#8846 = DEFINITIONAL_REPRESENTATION('',(#8847),#8851);
#8847 = LINE('',#8848,#8849);
#8848 = CARTESIAN_POINT('',(4.712388980385,0.));
#8849 = VECTOR('',#8850,1.);
#8850 = DIRECTION('',(1.,0.));
#8851 = ( GEOMETRIC_REPRESENTATION_CONTEXT(2) 
PARAMETRIC_REPRESENTATION_CONTEXT() REPRESENTATION_CONTEXT('2D SPACE',''
  ) );
#8852 = PCURVE('',#8387,#8853);
#8853 = DEFINITIONAL_REPRESENTATION('',(#8854),#8858);
#8854 = CIRCLE('',#8855,75.);
#8855 = AXIS2_PLACEMENT_2D('',#8856,#8857);
#8856 = CARTESIAN_POINT('',(0.,0.));
#8857 = DIRECTION('',(1.,0.));
#8858 = ( GEOMETRIC_REPRESENTATION_CONTEXT(2) 
PARAMETRIC_REPRESENTATION_CONTEXT() REPRESENTATION_CONTEXT('2D SPACE',''
  ) );
#8859 = ORIENTED_EDGE('',*,*,#8665,.F.);
#8860 = ORIENTED_EDGE('',*,*,#8861,.T.);
#8861 = EDGE_CURVE('',#8638,#8862,#8864,.T.);
#8862 = VERTEX_POINT('',#8863);
#8863 = CARTESIAN_POINT('',(0.,-3.122502256758E-14,-74.33034373659));
#8864 = SURFACE_CURVE('',#8865,(#8869,#8876),.PCURVE_S1.);
#8865 = LINE('',#8866,#8867);
#8866 = CARTESIAN_POINT('',(125.,-3.122502256758E-14,-74.33034373659));
#8867 = VECTOR('',#8868,1.);
#8868 = DIRECTION('',(-1.,0.,0.));
#8869 = PCURVE('',#8680,#8870);
#8870 = DEFINITIONAL_REPRESENTATION('',(#8871),#8875);
#8871 = LINE('',#8872,#8873);
#8872 = CARTESIAN_POINT('',(3.275324243,115.));
#8873 = VECTOR('',#8874,1.);
#8874 = DIRECTION('',(0.,-1.));
#8875 = ( GEOMETRIC_REPRESENTATION_CONTEXT(2) 
PARAMETRIC_REPRESENTATION_CONTEXT() REPRESENTATION_CONTEXT('2D SPACE',''
  ) );
#8876 = PCURVE('',#8250,#8877);
#8877 = DEFINITIONAL_REPRESENTATION('',(#8878),#8882);
#8878 = LINE('',#8879,#8880);
#8879 = CARTESIAN_POINT('',(1.83318502376,0.));
#8880 = VECTOR('',#8881,1.);
#8881 = DIRECTION('',(0.,-1.));
#8882 = ( GEOMETRIC_REPRESENTATION_CONTEXT(2) 
PARAMETRIC_REPRESENTATION_CONTEXT() REPRESENTATION_CONTEXT('2D SPACE',''
  ) );
#8883 = ORIENTED_EDGE('',*,*,#8884,.T.);
#8884 = EDGE_CURVE('',#8862,#8786,#8885,.T.);
#8885 = SURFACE_CURVE('',#8886,(#8891,#8898),.PCURVE_S1.);
#8886 = CIRCLE('',#8887,75.);
#8887 = AXIS2_PLACEMENT_3D('',#8888,#8889,#8890);
#8888 = CARTESIAN_POINT('',(0.,-10.,0.));
#8889 = DIRECTION('',(1.,0.,0.));
#8890 = DIRECTION('',(0.,1.,0.));
#8891 = PCURVE('',#8680,#8892);
#8892 = DEFINITIONAL_REPRESENTATION('',(#8893),#8897);
#8893 = LINE('',#8894,#8895);
#8894 = CARTESIAN_POINT('',(-1.570796326795,-10.));
#8895 = VECTOR('',#8896,1.);
#8896 = DIRECTION('',(1.,0.));
#8897 = ( GEOMETRIC_REPRESENTATION_CONTEXT(2) 
PARAMETRIC_REPRESENTATION_CONTEXT() REPRESENTATION_CONTEXT('2D SPACE',''
  ) );
#8898 = PCURVE('',#3132,#8899);
#8899 = DEFINITIONAL_REPRESENTATION('',(#8900),#8904);
#8900 = CIRCLE('',#8901,75.);
#8901 = AXIS2_PLACEMENT_2D('',#8902,#8903);
#8902 = CARTESIAN_POINT('',(0.,0.));
#8903 = DIRECTION('',(1.,0.));
#8904 = ( GEOMETRIC_REPRESENTATION_CONTEXT(2) 
PARAMETRIC_REPRESENTATION_CONTEXT() REPRESENTATION_CONTEXT('2D SPACE',''
  ) );
#8905 = ADVANCED_FACE('',(#8906),#8653,.F.);
#8906 = FACE_BOUND('',#8907,.T.);
#8907 = EDGE_LOOP('',(#8908,#8929,#8950,#8951));
#8908 = ORIENTED_EDGE('',*,*,#8909,.F.);
#8909 = EDGE_CURVE('',#8235,#8149,#8910,.T.);
#8910 = SURFACE_CURVE('',#8911,(#8915,#8922),.PCURVE_S1.);
#8911 = LINE('',#8912,#8913);
#8912 = CARTESIAN_POINT('',(115.,-10.34917403012,-74.33034373659));
#8913 = VECTOR('',#8914,1.);
#8914 = DIRECTION('',(0.,-1.,0.));
#8915 = PCURVE('',#8653,#8916);
#8916 = DEFINITIONAL_REPRESENTATION('',(#8917),#8921);
#8917 = LINE('',#8918,#8919);
#8918 = CARTESIAN_POINT('',(10.,0.));
#8919 = VECTOR('',#8920,1.);
#8920 = DIRECTION('',(0.,-1.));
#8921 = ( GEOMETRIC_REPRESENTATION_CONTEXT(2) 
PARAMETRIC_REPRESENTATION_CONTEXT() REPRESENTATION_CONTEXT('2D SPACE',''
  ) );
#8922 = PCURVE('',#8165,#8923);
#8923 = DEFINITIONAL_REPRESENTATION('',(#8924),#8928);
#8924 = LINE('',#8925,#8926);
#8925 = CARTESIAN_POINT('',(-0.34917403012,-74.33034373659));
#8926 = VECTOR('',#8927,1.);
#8927 = DIRECTION('',(-1.,0.));
#8928 = ( GEOMETRIC_REPRESENTATION_CONTEXT(2) 
PARAMETRIC_REPRESENTATION_CONTEXT() REPRESENTATION_CONTEXT('2D SPACE',''
  ) );
#8929 = ORIENTED_EDGE('',*,*,#8930,.T.);
#8930 = EDGE_CURVE('',#8235,#8638,#8931,.T.);
#8931 = SURFACE_CURVE('',#8932,(#8936,#8943),.PCURVE_S1.);
#8932 = LINE('',#8933,#8934);
#8933 = CARTESIAN_POINT('',(125.,-3.122502256758E-14,-74.33034373659));
#8934 = VECTOR('',#8935,1.);
#8935 = DIRECTION('',(-1.,0.,0.));
#8936 = PCURVE('',#8653,#8937);
#8937 = DEFINITIONAL_REPRESENTATION('',(#8938),#8942);
#8938 = LINE('',#8939,#8940);
#8939 = CARTESIAN_POINT('',(0.,10.34917403012));
#8940 = VECTOR('',#8941,1.);
#8941 = DIRECTION('',(1.,0.));
#8942 = ( GEOMETRIC_REPRESENTATION_CONTEXT(2) 
PARAMETRIC_REPRESENTATION_CONTEXT() REPRESENTATION_CONTEXT('2D SPACE',''
  ) );
#8943 = PCURVE('',#8250,#8944);
#8944 = DEFINITIONAL_REPRESENTATION('',(#8945),#8949);
#8945 = LINE('',#8946,#8947);
#8946 = CARTESIAN_POINT('',(1.83318502376,0.));
#8947 = VECTOR('',#8948,1.);
#8948 = DIRECTION('',(0.,-1.));
#8949 = ( GEOMETRIC_REPRESENTATION_CONTEXT(2) 
PARAMETRIC_REPRESENTATION_CONTEXT() REPRESENTATION_CONTEXT('2D SPACE',''
  ) );
#8950 = ORIENTED_EDGE('',*,*,#8637,.F.);
#8951 = ORIENTED_EDGE('',*,*,#8952,.F.);
#8952 = EDGE_CURVE('',#8149,#8614,#8953,.T.);
#8953 = SURFACE_CURVE('',#8954,(#8958,#8965),.PCURVE_S1.);
#8954 = LINE('',#8955,#8956);
#8955 = CARTESIAN_POINT('',(125.,-20.,-74.33034373659));
#8956 = VECTOR('',#8957,1.);
#8957 = DIRECTION('',(-1.,0.,0.));
#8958 = PCURVE('',#8653,#8959);
#8959 = DEFINITIONAL_REPRESENTATION('',(#8960),#8964);
#8960 = LINE('',#8961,#8962);
#8961 = CARTESIAN_POINT('',(0.,-9.65082596988));
#8962 = VECTOR('',#8963,1.);
#8963 = DIRECTION('',(1.,0.));
#8964 = ( GEOMETRIC_REPRESENTATION_CONTEXT(2) 
PARAMETRIC_REPRESENTATION_CONTEXT() REPRESENTATION_CONTEXT('2D SPACE',''
  ) );
#8965 = PCURVE('',#8193,#8966);
#8966 = DEFINITIONAL_REPRESENTATION('',(#8967),#8971);
#8967 = LINE('',#8968,#8969);
#8968 = CARTESIAN_POINT('',(3.46518417207,0.));
#8969 = VECTOR('',#8970,1.);
#8970 = DIRECTION('',(0.,-1.));
#8971 = ( GEOMETRIC_REPRESENTATION_CONTEXT(2) 
PARAMETRIC_REPRESENTATION_CONTEXT() REPRESENTATION_CONTEXT('2D SPACE',''
  ) );
#8972 = ADVANCED_FACE('',(#8973),#8601,.F.);
#8973 = FACE_BOUND('',#8974,.T.);
#8974 = EDGE_LOOP('',(#8975,#8998,#9019,#9020));
#8975 = ORIENTED_EDGE('',*,*,#8976,.F.);
#8976 = EDGE_CURVE('',#8125,#8977,#8979,.T.);
#8977 = VERTEX_POINT('',#8978);
#8978 = CARTESIAN_POINT('',(115.,-20.,69.330343736592));
#8979 = SURFACE_CURVE('',#8980,(#8984,#8991),.PCURVE_S1.);
#8980 = LINE('',#8981,#8982);
#8981 = CARTESIAN_POINT('',(115.,-20.,72.646343310749));
#8982 = VECTOR('',#8983,1.);
#8983 = DIRECTION('',(0.,3.061616997868E-16,-1.));
#8984 = PCURVE('',#8601,#8985);
#8985 = DEFINITIONAL_REPRESENTATION('',(#8986),#8990);
#8986 = LINE('',#8987,#8988);
#8987 = CARTESIAN_POINT('',(0.,-10.));
#8988 = VECTOR('',#8989,1.);
#8989 = DIRECTION('',(-1.,0.));
#8990 = ( GEOMETRIC_REPRESENTATION_CONTEXT(2) 
PARAMETRIC_REPRESENTATION_CONTEXT() REPRESENTATION_CONTEXT('2D SPACE',''
  ) );
#8991 = PCURVE('',#8165,#8992);
#8992 = DEFINITIONAL_REPRESENTATION('',(#8993),#8997);
#8993 = LINE('',#8994,#8995);
#8994 = CARTESIAN_POINT('',(-10.,72.646343310749));
#8995 = VECTOR('',#8996,1.);
#8996 = DIRECTION('',(3.061616997868E-16,-1.));
#8997 = ( GEOMETRIC_REPRESENTATION_CONTEXT(2) 
PARAMETRIC_REPRESENTATION_CONTEXT() REPRESENTATION_CONTEXT('2D SPACE',''
  ) );
#8998 = ORIENTED_EDGE('',*,*,#8999,.T.);
#8999 = EDGE_CURVE('',#8125,#8586,#9000,.T.);
#9000 = SURFACE_CURVE('',#9001,(#9005,#9012),.PCURVE_S1.);
#9001 = LINE('',#9002,#9003);
#9002 = CARTESIAN_POINT('',(125.,-20.,74.330343736592));
#9003 = VECTOR('',#9004,1.);
#9004 = DIRECTION('',(-1.,0.,0.));
#9005 = PCURVE('',#8601,#9006);
#9006 = DEFINITIONAL_REPRESENTATION('',(#9007),#9011);
#9007 = LINE('',#9008,#9009);
#9008 = CARTESIAN_POINT('',(1.684000425843,0.));
#9009 = VECTOR('',#9010,1.);
#9010 = DIRECTION('',(0.,-1.));
#9011 = ( GEOMETRIC_REPRESENTATION_CONTEXT(2) 
PARAMETRIC_REPRESENTATION_CONTEXT() REPRESENTATION_CONTEXT('2D SPACE',''
  ) );
#9012 = PCURVE('',#3688,#9013);
#9013 = DEFINITIONAL_REPRESENTATION('',(#9014),#9018);
#9014 = LINE('',#9015,#9016);
#9015 = CARTESIAN_POINT('',(0.,-9.65082596988));
#9016 = VECTOR('',#9017,1.);
#9017 = DIRECTION('',(1.,0.));
#9018 = ( GEOMETRIC_REPRESENTATION_CONTEXT(2) 
PARAMETRIC_REPRESENTATION_CONTEXT() REPRESENTATION_CONTEXT('2D SPACE',''
  ) );
#9019 = ORIENTED_EDGE('',*,*,#8585,.F.);
#9020 = ORIENTED_EDGE('',*,*,#9021,.F.);
#9021 = EDGE_CURVE('',#8977,#8563,#9022,.T.);
#9022 = SURFACE_CURVE('',#9023,(#9027,#9034),.PCURVE_S1.);
#9023 = LINE('',#9024,#9025);
#9024 = CARTESIAN_POINT('',(125.,-20.,69.330343736592));
#9025 = VECTOR('',#9026,1.);
#9026 = DIRECTION('',(-1.,0.,0.));
#9027 = PCURVE('',#8601,#9028);
#9028 = DEFINITIONAL_REPRESENTATION('',(#9029),#9033);
#9029 = LINE('',#9030,#9031);
#9030 = CARTESIAN_POINT('',(-3.315999574157,0.));
#9031 = VECTOR('',#9032,1.);
#9032 = DIRECTION('',(0.,-1.));
#9033 = ( GEOMETRIC_REPRESENTATION_CONTEXT(2) 
PARAMETRIC_REPRESENTATION_CONTEXT() REPRESENTATION_CONTEXT('2D SPACE',''
  ) );
#9034 = PCURVE('',#8490,#9035);
#9035 = DEFINITIONAL_REPRESENTATION('',(#9036),#9040);
#9036 = LINE('',#9037,#9038);
#9037 = CARTESIAN_POINT('',(-9.65082596988,0.));
#9038 = VECTOR('',#9039,1.);
#9039 = DIRECTION('',(0.,-1.));
#9040 = ( GEOMETRIC_REPRESENTATION_CONTEXT(2) 
PARAMETRIC_REPRESENTATION_CONTEXT() REPRESENTATION_CONTEXT('2D SPACE',''
  ) );
#9041 = ADVANCED_FACE('',(#9042),#8548,.T.);
#9042 = FACE_BOUND('',#9043,.T.);
#9043 = EDGE_LOOP('',(#9044,#9073,#9093,#9094));
#9044 = ORIENTED_EDGE('',*,*,#9045,.F.);
#9045 = EDGE_CURVE('',#9046,#9046,#9048,.T.);
#9046 = VERTEX_POINT('',#9047);
#9047 = CARTESIAN_POINT('',(23.,12.5,44.949));
#9048 = SURFACE_CURVE('',#9049,(#9054,#9061),.PCURVE_S1.);
#9049 = CIRCLE('',#9050,22.5);
#9050 = AXIS2_PLACEMENT_3D('',#9051,#9052,#9053);
#9051 = CARTESIAN_POINT('',(23.,-10.,44.949));
#9052 = DIRECTION('',(1.,0.,-0.));
#9053 = DIRECTION('',(0.,1.,1.836970198721E-16));
#9054 = PCURVE('',#8548,#9055);
#9055 = DEFINITIONAL_REPRESENTATION('',(#9056),#9060);
#9056 = LINE('',#9057,#9058);
#9057 = CARTESIAN_POINT('',(-1.570796326795,0.));
#9058 = VECTOR('',#9059,1.);
#9059 = DIRECTION('',(1.,0.));
#9060 = ( GEOMETRIC_REPRESENTATION_CONTEXT(2) 
PARAMETRIC_REPRESENTATION_CONTEXT() REPRESENTATION_CONTEXT('2D SPACE',''
  ) );
#9061 = PCURVE('',#9062,#9067);
#9062 = PLANE('',#9063);
#9063 = AXIS2_PLACEMENT_3D('',#9064,#9065,#9066);
#9064 = CARTESIAN_POINT('',(23.,-10.,0.));
#9065 = DIRECTION('',(1.,0.,0.));
#9066 = DIRECTION('',(0.,1.,0.));
#9067 = DEFINITIONAL_REPRESENTATION('',(#9068),#9072);
#9068 = CIRCLE('',#9069,22.5);
#9069 = AXIS2_PLACEMENT_2D('',#9070,#9071);
#9070 = CARTESIAN_POINT('',(0.,44.949));
#9071 = DIRECTION('',(1.,1.836970198721E-16));
#9072 = ( GEOMETRIC_REPRESENTATION_CONTEXT(2) 
PARAMETRIC_REPRESENTATION_CONTEXT() REPRESENTATION_CONTEXT('2D SPACE',''
  ) );
#9073 = ORIENTED_EDGE('',*,*,#9074,.F.);
#9074 = EDGE_CURVE('',#8532,#9046,#9075,.T.);
#9075 = SEAM_CURVE('',#9076,(#9079,#9086),.PCURVE_S1.);
#9076 = B_SPLINE_CURVE_WITH_KNOTS('',1,(#9077,#9078),.UNSPECIFIED.,.F.,
  .F.,(2,2),(-13.,0.),.PIECEWISE_BEZIER_KNOTS.);
#9077 = CARTESIAN_POINT('',(10.,12.5,44.949));
#9078 = CARTESIAN_POINT('',(23.,12.5,44.949));
#9079 = PCURVE('',#8548,#9080);
#9080 = DEFINITIONAL_REPRESENTATION('',(#9081),#9085);
#9081 = LINE('',#9082,#9083);
#9082 = CARTESIAN_POINT('',(-1.570796326795,0.));
#9083 = VECTOR('',#9084,1.);
#9084 = DIRECTION('',(0.,1.));
#9085 = ( GEOMETRIC_REPRESENTATION_CONTEXT(2) 
PARAMETRIC_REPRESENTATION_CONTEXT() REPRESENTATION_CONTEXT('2D SPACE',''
  ) );
#9086 = PCURVE('',#8548,#9087);
#9087 = DEFINITIONAL_REPRESENTATION('',(#9088),#9092);
#9088 = LINE('',#9089,#9090);
#9089 = CARTESIAN_POINT('',(4.712388980384,0.));
#9090 = VECTOR('',#9091,1.);
#9091 = DIRECTION('',(0.,1.));
#9092 = ( GEOMETRIC_REPRESENTATION_CONTEXT(2) 
PARAMETRIC_REPRESENTATION_CONTEXT() REPRESENTATION_CONTEXT('2D SPACE',''
  ) );
#9093 = ORIENTED_EDGE('',*,*,#8531,.T.);
#9094 = ORIENTED_EDGE('',*,*,#9074,.T.);
#9095 = ADVANCED_FACE('',(#9096,#9127),#9062,.T.);
#9096 = FACE_BOUND('',#9097,.T.);
#9097 = EDGE_LOOP('',(#9098));
#9098 = ORIENTED_EDGE('',*,*,#9099,.F.);
#9099 = EDGE_CURVE('',#9100,#9100,#9102,.T.);
#9100 = VERTEX_POINT('',#9101);
#9101 = CARTESIAN_POINT('',(23.,10.,44.949));
#9102 = SURFACE_CURVE('',#9103,(#9108,#9115),.PCURVE_S1.);
#9103 = CIRCLE('',#9104,20.);
#9104 = AXIS2_PLACEMENT_3D('',#9105,#9106,#9107);
#9105 = CARTESIAN_POINT('',(23.,-10.,44.949));
#9106 = DIRECTION('',(1.,0.,0.));
#9107 = DIRECTION('',(0.,1.,0.));
#9108 = PCURVE('',#9062,#9109);
#9109 = DEFINITIONAL_REPRESENTATION('',(#9110),#9114);
#9110 = CIRCLE('',#9111,20.);
#9111 = AXIS2_PLACEMENT_2D('',#9112,#9113);
#9112 = CARTESIAN_POINT('',(0.,44.949));
#9113 = DIRECTION('',(1.,0.));
#9114 = ( GEOMETRIC_REPRESENTATION_CONTEXT(2) 
PARAMETRIC_REPRESENTATION_CONTEXT() REPRESENTATION_CONTEXT('2D SPACE',''
  ) );
#9115 = PCURVE('',#9116,#9121);
#9116 = CYLINDRICAL_SURFACE('',#9117,20.);
#9117 = AXIS2_PLACEMENT_3D('',#9118,#9119,#9120);
#9118 = CARTESIAN_POINT('',(23.,-10.,44.949));
#9119 = DIRECTION('',(1.,0.,0.));
#9120 = DIRECTION('',(0.,0.,1.));
#9121 = DEFINITIONAL_REPRESENTATION('',(#9122),#9126);
#9122 = LINE('',#9123,#9124);
#9123 = CARTESIAN_POINT('',(-1.570796326795,0.));
#9124 = VECTOR('',#9125,1.);
#9125 = DIRECTION('',(1.,0.));
#9126 = ( GEOMETRIC_REPRESENTATION_CONTEXT(2) 
PARAMETRIC_REPRESENTATION_CONTEXT() REPRESENTATION_CONTEXT('2D SPACE',''
  ) );
#9127 = FACE_BOUND('',#9128,.T.);
#9128 = EDGE_LOOP('',(#9129));
#9129 = ORIENTED_EDGE('',*,*,#9045,.T.);
#9130 = ADVANCED_FACE('',(#9131),#9116,.F.);
#9131 = FACE_BOUND('',#9132,.F.);
#9132 = EDGE_LOOP('',(#9133,#9134,#9156,#9183));
#9133 = ORIENTED_EDGE('',*,*,#9099,.F.);
#9134 = ORIENTED_EDGE('',*,*,#9135,.F.);
#9135 = EDGE_CURVE('',#9136,#9100,#9138,.T.);
#9136 = VERTEX_POINT('',#9137);
#9137 = CARTESIAN_POINT('',(10.,10.,44.949));
#9138 = SEAM_CURVE('',#9139,(#9142,#9149),.PCURVE_S1.);
#9139 = B_SPLINE_CURVE_WITH_KNOTS('',1,(#9140,#9141),.UNSPECIFIED.,.F.,
  .F.,(2,2),(-13.,0.),.PIECEWISE_BEZIER_KNOTS.);
#9140 = CARTESIAN_POINT('',(10.,10.,44.949));
#9141 = CARTESIAN_POINT('',(23.,10.,44.949));
#9142 = PCURVE('',#9116,#9143);
#9143 = DEFINITIONAL_REPRESENTATION('',(#9144),#9148);
#9144 = LINE('',#9145,#9146);
#9145 = CARTESIAN_POINT('',(-1.570796326795,0.));
#9146 = VECTOR('',#9147,1.);
#9147 = DIRECTION('',(0.,1.));
#9148 = ( GEOMETRIC_REPRESENTATION_CONTEXT(2) 
PARAMETRIC_REPRESENTATION_CONTEXT() REPRESENTATION_CONTEXT('2D SPACE',''
  ) );
#9149 = PCURVE('',#9116,#9150);
#9150 = DEFINITIONAL_REPRESENTATION('',(#9151),#9155);
#9151 = LINE('',#9152,#9153);
#9152 = CARTESIAN_POINT('',(4.712388980384,0.));
#9153 = VECTOR('',#9154,1.);
#9154 = DIRECTION('',(0.,1.));
#9155 = ( GEOMETRIC_REPRESENTATION_CONTEXT(2) 
PARAMETRIC_REPRESENTATION_CONTEXT() REPRESENTATION_CONTEXT('2D SPACE',''
  ) );
#9156 = ORIENTED_EDGE('',*,*,#9157,.T.);
#9157 = EDGE_CURVE('',#9136,#9136,#9158,.T.);
#9158 = SURFACE_CURVE('',#9159,(#9164,#9171),.PCURVE_S1.);
#9159 = CIRCLE('',#9160,20.);
#9160 = AXIS2_PLACEMENT_3D('',#9161,#9162,#9163);
#9161 = CARTESIAN_POINT('',(10.,-10.,44.949));
#9162 = DIRECTION('',(1.,0.,0.));
#9163 = DIRECTION('',(0.,1.,0.));
#9164 = PCURVE('',#9116,#9165);
#9165 = DEFINITIONAL_REPRESENTATION('',(#9166),#9170);
#9166 = LINE('',#9167,#9168);
#9167 = CARTESIAN_POINT('',(-1.570796326795,-13.));
#9168 = VECTOR('',#9169,1.);
#9169 = DIRECTION('',(1.,0.));
#9170 = ( GEOMETRIC_REPRESENTATION_CONTEXT(2) 
PARAMETRIC_REPRESENTATION_CONTEXT() REPRESENTATION_CONTEXT('2D SPACE',''
  ) );
#9171 = PCURVE('',#9172,#9177);
#9172 = PLANE('',#9173);
#9173 = AXIS2_PLACEMENT_3D('',#9174,#9175,#9176);
#9174 = CARTESIAN_POINT('',(10.,-10.,0.));
#9175 = DIRECTION('',(1.,0.,0.));
#9176 = DIRECTION('',(0.,1.,0.));
#9177 = DEFINITIONAL_REPRESENTATION('',(#9178),#9182);
#9178 = CIRCLE('',#9179,20.);
#9179 = AXIS2_PLACEMENT_2D('',#9180,#9181);
#9180 = CARTESIAN_POINT('',(0.,44.949));
#9181 = DIRECTION('',(1.,0.));
#9182 = ( GEOMETRIC_REPRESENTATION_CONTEXT(2) 
PARAMETRIC_REPRESENTATION_CONTEXT() REPRESENTATION_CONTEXT('2D SPACE',''
  ) );
#9183 = ORIENTED_EDGE('',*,*,#9135,.T.);
#9184 = ADVANCED_FACE('',(#9185),#9172,.T.);
#9185 = FACE_BOUND('',#9186,.T.);
#9186 = EDGE_LOOP('',(#9187));
#9187 = ORIENTED_EDGE('',*,*,#9157,.T.);
#9188 = ADVANCED_FACE('',(#9189),#8490,.T.);
#9189 = FACE_BOUND('',#9190,.T.);
#9190 = EDGE_LOOP('',(#9191,#9192,#9213,#9214));
#9191 = ORIENTED_EDGE('',*,*,#8474,.F.);
#9192 = ORIENTED_EDGE('',*,*,#9193,.T.);
#9193 = EDGE_CURVE('',#8452,#8977,#9194,.T.);
#9194 = SURFACE_CURVE('',#9195,(#9199,#9206),.PCURVE_S1.);
#9195 = LINE('',#9196,#9197);
#9196 = CARTESIAN_POINT('',(115.,-10.34917403012,69.330343736592));
#9197 = VECTOR('',#9198,1.);
#9198 = DIRECTION('',(0.,-1.,-1.224646799147E-16));
#9199 = PCURVE('',#8490,#9200);
#9200 = DEFINITIONAL_REPRESENTATION('',(#9201),#9205);
#9201 = LINE('',#9202,#9203);
#9202 = CARTESIAN_POINT('',(0.,-10.));
#9203 = VECTOR('',#9204,1.);
#9204 = DIRECTION('',(-1.,0.));
#9205 = ( GEOMETRIC_REPRESENTATION_CONTEXT(2) 
PARAMETRIC_REPRESENTATION_CONTEXT() REPRESENTATION_CONTEXT('2D SPACE',''
  ) );
#9206 = PCURVE('',#8165,#9207);
#9207 = DEFINITIONAL_REPRESENTATION('',(#9208),#9212);
#9208 = LINE('',#9209,#9210);
#9209 = CARTESIAN_POINT('',(-0.34917403012,69.330343736592));
#9210 = VECTOR('',#9211,1.);
#9211 = DIRECTION('',(-1.,-1.224646799147E-16));
#9212 = ( GEOMETRIC_REPRESENTATION_CONTEXT(2) 
PARAMETRIC_REPRESENTATION_CONTEXT() REPRESENTATION_CONTEXT('2D SPACE',''
  ) );
#9213 = ORIENTED_EDGE('',*,*,#9021,.T.);
#9214 = ORIENTED_EDGE('',*,*,#8562,.T.);
#9215 = ADVANCED_FACE('',(#9216),#8387,.T.);
#9216 = FACE_BOUND('',#9217,.T.);
#9217 = EDGE_LOOP('',(#9218,#9239,#9240));
#9218 = ORIENTED_EDGE('',*,*,#9219,.F.);
#9219 = EDGE_CURVE('',#8370,#8816,#9220,.T.);
#9220 = SURFACE_CURVE('',#9221,(#9225,#9232),.PCURVE_S1.);
#9221 = LINE('',#9222,#9223);
#9222 = CARTESIAN_POINT('',(10.,-2.5,0.));
#9223 = VECTOR('',#9224,1.);
#9224 = DIRECTION('',(0.,0.,1.));
#9225 = PCURVE('',#8387,#9226);
#9226 = DEFINITIONAL_REPRESENTATION('',(#9227),#9231);
#9227 = LINE('',#9228,#9229);
#9228 = CARTESIAN_POINT('',(7.5,0.));
#9229 = VECTOR('',#9230,1.);
#9230 = DIRECTION('',(0.,1.));
#9231 = ( GEOMETRIC_REPRESENTATION_CONTEXT(2) 
PARAMETRIC_REPRESENTATION_CONTEXT() REPRESENTATION_CONTEXT('2D SPACE',''
  ) );
#9232 = PCURVE('',#3399,#9233);
#9233 = DEFINITIONAL_REPRESENTATION('',(#9234),#9238);
#9234 = LINE('',#9235,#9236);
#9235 = CARTESIAN_POINT('',(54.378033392131,-79.33034373659));
#9236 = VECTOR('',#9237,1.);
#9237 = DIRECTION('',(0.,1.));
#9238 = ( GEOMETRIC_REPRESENTATION_CONTEXT(2) 
PARAMETRIC_REPRESENTATION_CONTEXT() REPRESENTATION_CONTEXT('2D SPACE',''
  ) );
#9239 = ORIENTED_EDGE('',*,*,#8369,.T.);
#9240 = ORIENTED_EDGE('',*,*,#8838,.T.);
#9241 = ADVANCED_FACE('',(#9242),#8250,.F.);
#9242 = FACE_BOUND('',#9243,.T.);
#9243 = EDGE_LOOP('',(#9244,#9267,#9268,#9269,#9270,#9293));
#9244 = ORIENTED_EDGE('',*,*,#9245,.T.);
#9245 = EDGE_CURVE('',#9246,#8862,#9248,.T.);
#9246 = VERTEX_POINT('',#9247);
#9247 = CARTESIAN_POINT('',(0.,1.734723475977E-15,-79.33034373659));
#9248 = SURFACE_CURVE('',#9249,(#9253,#9260),.PCURVE_S1.);
#9249 = LINE('',#9250,#9251);
#9250 = CARTESIAN_POINT('',(0.,0.,-72.49715871283));
#9251 = VECTOR('',#9252,1.);
#9252 = DIRECTION('',(0.,0.,1.));
#9253 = PCURVE('',#8250,#9254);
#9254 = DEFINITIONAL_REPRESENTATION('',(#9255),#9259);
#9255 = LINE('',#9256,#9257);
#9256 = CARTESIAN_POINT('',(0.,-125.));
#9257 = VECTOR('',#9258,1.);
#9258 = DIRECTION('',(-1.,0.));
#9259 = ( GEOMETRIC_REPRESENTATION_CONTEXT(2) 
PARAMETRIC_REPRESENTATION_CONTEXT() REPRESENTATION_CONTEXT('2D SPACE',''
  ) );
#9260 = PCURVE('',#3132,#9261);
#9261 = DEFINITIONAL_REPRESENTATION('',(#9262),#9266);
#9262 = LINE('',#9263,#9264);
#9263 = CARTESIAN_POINT('',(10.,-72.49715871283));
#9264 = VECTOR('',#9265,1.);
#9265 = DIRECTION('',(0.,1.));
#9266 = ( GEOMETRIC_REPRESENTATION_CONTEXT(2) 
PARAMETRIC_REPRESENTATION_CONTEXT() REPRESENTATION_CONTEXT('2D SPACE',''
  ) );
#9267 = ORIENTED_EDGE('',*,*,#8861,.F.);
#9268 = ORIENTED_EDGE('',*,*,#8930,.F.);
#9269 = ORIENTED_EDGE('',*,*,#8234,.F.);
#9270 = ORIENTED_EDGE('',*,*,#9271,.F.);
#9271 = EDGE_CURVE('',#9272,#8206,#9274,.T.);
#9272 = VERTEX_POINT('',#9273);
#9273 = CARTESIAN_POINT('',(125.,1.734723475977E-15,-79.33034373659));
#9274 = SURFACE_CURVE('',#9275,(#9279,#9286),.PCURVE_S1.);
#9275 = LINE('',#9276,#9277);
#9276 = CARTESIAN_POINT('',(125.,0.,-72.49715871283));
#9277 = VECTOR('',#9278,1.);
#9278 = DIRECTION('',(0.,0.,1.));
#9279 = PCURVE('',#8250,#9280);
#9280 = DEFINITIONAL_REPRESENTATION('',(#9281),#9285);
#9281 = LINE('',#9282,#9283);
#9282 = CARTESIAN_POINT('',(0.,0.));
#9283 = VECTOR('',#9284,1.);
#9284 = DIRECTION('',(-1.,0.));
#9285 = ( GEOMETRIC_REPRESENTATION_CONTEXT(2) 
PARAMETRIC_REPRESENTATION_CONTEXT() REPRESENTATION_CONTEXT('2D SPACE',''
  ) );
#9286 = PCURVE('',#8222,#9287);
#9287 = DEFINITIONAL_REPRESENTATION('',(#9288),#9292);
#9288 = LINE('',#9289,#9290);
#9289 = CARTESIAN_POINT('',(10.,-70.33198684453));
#9290 = VECTOR('',#9291,1.);
#9291 = DIRECTION('',(0.,1.));
#9292 = ( GEOMETRIC_REPRESENTATION_CONTEXT(2) 
PARAMETRIC_REPRESENTATION_CONTEXT() REPRESENTATION_CONTEXT('2D SPACE',''
  ) );
#9293 = ORIENTED_EDGE('',*,*,#9294,.T.);
#9294 = EDGE_CURVE('',#9272,#9246,#9295,.T.);
#9295 = SURFACE_CURVE('',#9296,(#9300,#9307),.PCURVE_S1.);
#9296 = LINE('',#9297,#9298);
#9297 = CARTESIAN_POINT('',(125.,1.734723475977E-15,-79.33034373659));
#9298 = VECTOR('',#9299,1.);
#9299 = DIRECTION('',(-1.,0.,0.));
#9300 = PCURVE('',#8250,#9301);
#9301 = DEFINITIONAL_REPRESENTATION('',(#9302),#9306);
#9302 = LINE('',#9303,#9304);
#9303 = CARTESIAN_POINT('',(6.83318502376,0.));
#9304 = VECTOR('',#9305,1.);
#9305 = DIRECTION('',(0.,-1.));
#9306 = ( GEOMETRIC_REPRESENTATION_CONTEXT(2) 
PARAMETRIC_REPRESENTATION_CONTEXT() REPRESENTATION_CONTEXT('2D SPACE',''
  ) );
#9307 = PCURVE('',#9308,#9313);
#9308 = PLANE('',#9309);
#9309 = AXIS2_PLACEMENT_3D('',#9310,#9311,#9312);
#9310 = CARTESIAN_POINT('',(125.,-9.650825969875,-79.33034373659));
#9311 = DIRECTION('',(0.,1.224646799147E-16,-1.));
#9312 = DIRECTION('',(0.,1.,1.224646799147E-16));
#9313 = DEFINITIONAL_REPRESENTATION('',(#9314),#9318);
#9314 = LINE('',#9315,#9316);
#9315 = CARTESIAN_POINT('',(9.650825969875,0.));
#9316 = VECTOR('',#9317,1.);
#9317 = DIRECTION('',(0.,-1.));
#9318 = ( GEOMETRIC_REPRESENTATION_CONTEXT(2) 
PARAMETRIC_REPRESENTATION_CONTEXT() REPRESENTATION_CONTEXT('2D SPACE',''
  ) );
#9319 = ADVANCED_FACE('',(#9320),#9308,.T.);
#9320 = FACE_BOUND('',#9321,.T.);
#9321 = EDGE_LOOP('',(#9322,#9345,#9346,#9369));
#9322 = ORIENTED_EDGE('',*,*,#9323,.F.);
#9323 = EDGE_CURVE('',#9246,#9324,#9326,.T.);
#9324 = VERTEX_POINT('',#9325);
#9325 = CARTESIAN_POINT('',(0.,-20.,-79.33034373659));
#9326 = SURFACE_CURVE('',#9327,(#9331,#9338),.PCURVE_S1.);
#9327 = LINE('',#9328,#9329);
#9328 = CARTESIAN_POINT('',(0.,-9.650825969875,-79.33034373659));
#9329 = VECTOR('',#9330,1.);
#9330 = DIRECTION('',(0.,-1.,-1.224646799147E-16));
#9331 = PCURVE('',#9308,#9332);
#9332 = DEFINITIONAL_REPRESENTATION('',(#9333),#9337);
#9333 = LINE('',#9334,#9335);
#9334 = CARTESIAN_POINT('',(0.,-125.));
#9335 = VECTOR('',#9336,1.);
#9336 = DIRECTION('',(-1.,0.));
#9337 = ( GEOMETRIC_REPRESENTATION_CONTEXT(2) 
PARAMETRIC_REPRESENTATION_CONTEXT() REPRESENTATION_CONTEXT('2D SPACE',''
  ) );
#9338 = PCURVE('',#3132,#9339);
#9339 = DEFINITIONAL_REPRESENTATION('',(#9340),#9344);
#9340 = LINE('',#9341,#9342);
#9341 = CARTESIAN_POINT('',(0.349174030125,-79.33034373659));
#9342 = VECTOR('',#9343,1.);
#9343 = DIRECTION('',(-1.,-1.224646799147E-16));
#9344 = ( GEOMETRIC_REPRESENTATION_CONTEXT(2) 
PARAMETRIC_REPRESENTATION_CONTEXT() REPRESENTATION_CONTEXT('2D SPACE',''
  ) );
#9345 = ORIENTED_EDGE('',*,*,#9294,.F.);
#9346 = ORIENTED_EDGE('',*,*,#9347,.T.);
#9347 = EDGE_CURVE('',#9272,#9348,#9350,.T.);
#9348 = VERTEX_POINT('',#9349);
#9349 = CARTESIAN_POINT('',(125.,-20.,-79.33034373659));
#9350 = SURFACE_CURVE('',#9351,(#9355,#9362),.PCURVE_S1.);
#9351 = LINE('',#9352,#9353);
#9352 = CARTESIAN_POINT('',(125.,-9.650825969875,-79.33034373659));
#9353 = VECTOR('',#9354,1.);
#9354 = DIRECTION('',(0.,-1.,-1.224646799147E-16));
#9355 = PCURVE('',#9308,#9356);
#9356 = DEFINITIONAL_REPRESENTATION('',(#9357),#9361);
#9357 = LINE('',#9358,#9359);
#9358 = CARTESIAN_POINT('',(0.,0.));
#9359 = VECTOR('',#9360,1.);
#9360 = DIRECTION('',(-1.,0.));
#9361 = ( GEOMETRIC_REPRESENTATION_CONTEXT(2) 
PARAMETRIC_REPRESENTATION_CONTEXT() REPRESENTATION_CONTEXT('2D SPACE',''
  ) );
#9362 = PCURVE('',#8222,#9363);
#9363 = DEFINITIONAL_REPRESENTATION('',(#9364),#9368);
#9364 = LINE('',#9365,#9366);
#9365 = CARTESIAN_POINT('',(0.349174030125,-77.16517186829));
#9366 = VECTOR('',#9367,1.);
#9367 = DIRECTION('',(-1.,-1.224646799147E-16));
#9368 = ( GEOMETRIC_REPRESENTATION_CONTEXT(2) 
PARAMETRIC_REPRESENTATION_CONTEXT() REPRESENTATION_CONTEXT('2D SPACE',''
  ) );
#9369 = ORIENTED_EDGE('',*,*,#9370,.T.);
#9370 = EDGE_CURVE('',#9348,#9324,#9371,.T.);
#9371 = SURFACE_CURVE('',#9372,(#9376,#9383),.PCURVE_S1.);
#9372 = LINE('',#9373,#9374);
#9373 = CARTESIAN_POINT('',(125.,-20.,-79.33034373659));
#9374 = VECTOR('',#9375,1.);
#9375 = DIRECTION('',(-1.,0.,0.));
#9376 = PCURVE('',#9308,#9377);
#9377 = DEFINITIONAL_REPRESENTATION('',(#9378),#9382);
#9378 = LINE('',#9379,#9380);
#9379 = CARTESIAN_POINT('',(-10.34917403012,0.));
#9380 = VECTOR('',#9381,1.);
#9381 = DIRECTION('',(0.,-1.));
#9382 = ( GEOMETRIC_REPRESENTATION_CONTEXT(2) 
PARAMETRIC_REPRESENTATION_CONTEXT() REPRESENTATION_CONTEXT('2D SPACE',''
  ) );
#9383 = PCURVE('',#8193,#9384);
#9384 = DEFINITIONAL_REPRESENTATION('',(#9385),#9389);
#9385 = LINE('',#9386,#9387);
#9386 = CARTESIAN_POINT('',(8.46518417207,0.));
#9387 = VECTOR('',#9388,1.);
#9388 = DIRECTION('',(0.,-1.));
#9389 = ( GEOMETRIC_REPRESENTATION_CONTEXT(2) 
PARAMETRIC_REPRESENTATION_CONTEXT() REPRESENTATION_CONTEXT('2D SPACE',''
  ) );
#9390 = ADVANCED_FACE('',(#9391,#9417),#8222,.T.);
#9391 = FACE_BOUND('',#9392,.T.);
#9392 = EDGE_LOOP('',(#9393,#9394,#9395,#9416));
#9393 = ORIENTED_EDGE('',*,*,#9271,.T.);
#9394 = ORIENTED_EDGE('',*,*,#8205,.T.);
#9395 = ORIENTED_EDGE('',*,*,#9396,.F.);
#9396 = EDGE_CURVE('',#9348,#8178,#9397,.T.);
#9397 = SURFACE_CURVE('',#9398,(#9402,#9409),.PCURVE_S1.);
#9398 = LINE('',#9399,#9400);
#9399 = CARTESIAN_POINT('',(125.,-20.,-70.86515956452));
#9400 = VECTOR('',#9401,1.);
#9401 = DIRECTION('',(0.,-1.836970198721E-16,1.));
#9402 = PCURVE('',#8222,#9403);
#9403 = DEFINITIONAL_REPRESENTATION('',(#9404),#9408);
#9404 = LINE('',#9405,#9406);
#9405 = CARTESIAN_POINT('',(-10.,-68.69998769622));
#9406 = VECTOR('',#9407,1.);
#9407 = DIRECTION('',(-1.836970198721E-16,1.));
#9408 = ( GEOMETRIC_REPRESENTATION_CONTEXT(2) 
PARAMETRIC_REPRESENTATION_CONTEXT() REPRESENTATION_CONTEXT('2D SPACE',''
  ) );
#9409 = PCURVE('',#8193,#9410);
#9410 = DEFINITIONAL_REPRESENTATION('',(#9411),#9415);
#9411 = LINE('',#9412,#9413);
#9412 = CARTESIAN_POINT('',(0.,0.));
#9413 = VECTOR('',#9414,1.);
#9414 = DIRECTION('',(-1.,0.));
#9415 = ( GEOMETRIC_REPRESENTATION_CONTEXT(2) 
PARAMETRIC_REPRESENTATION_CONTEXT() REPRESENTATION_CONTEXT('2D SPACE',''
  ) );
#9416 = ORIENTED_EDGE('',*,*,#9347,.F.);
#9417 = FACE_BOUND('',#9418,.T.);
#9418 = EDGE_LOOP('',(#9419,#9449,#9477,#9505,#9533,#9561));
#9419 = ORIENTED_EDGE('',*,*,#9420,.T.);
#9420 = EDGE_CURVE('',#9421,#9423,#9425,.T.);
#9421 = VERTEX_POINT('',#9422);
#9422 = CARTESIAN_POINT('',(125.,-35.98076211353,44.949));
#9423 = VERTEX_POINT('',#9424);
#9424 = CARTESIAN_POINT('',(125.,-22.99038105676,67.449));
#9425 = SURFACE_CURVE('',#9426,(#9430,#9437),.PCURVE_S1.);
#9426 = LINE('',#9427,#9428);
#9427 = CARTESIAN_POINT('',(125.,-29.20651748941,56.682335871879));
#9428 = VECTOR('',#9429,1.);
#9429 = DIRECTION('',(0.,0.5,0.866025403784));
#9430 = PCURVE('',#8222,#9431);
#9431 = DEFINITIONAL_REPRESENTATION('',(#9432),#9436);
#9432 = LINE('',#9433,#9434);
#9433 = CARTESIAN_POINT('',(-19.20651748941,58.847507740175));
#9434 = VECTOR('',#9435,1.);
#9435 = DIRECTION('',(0.5,0.866025403784));
#9436 = ( GEOMETRIC_REPRESENTATION_CONTEXT(2) 
PARAMETRIC_REPRESENTATION_CONTEXT() REPRESENTATION_CONTEXT('2D SPACE',''
  ) );
#9437 = PCURVE('',#9438,#9443);
#9438 = PLANE('',#9439);
#9439 = AXIS2_PLACEMENT_3D('',#9440,#9441,#9442);
#9440 = CARTESIAN_POINT('',(150.,-29.20651748941,56.682335871879));
#9441 = DIRECTION('',(0.,-0.866025403784,0.5));
#9442 = DIRECTION('',(0.,-0.5,-0.866025403784));
#9443 = DEFINITIONAL_REPRESENTATION('',(#9444),#9448);
#9444 = LINE('',#9445,#9446);
#9445 = CARTESIAN_POINT('',(-0.,-25.));
#9446 = VECTOR('',#9447,1.);
#9447 = DIRECTION('',(-1.,0.));
#9448 = ( GEOMETRIC_REPRESENTATION_CONTEXT(2) 
PARAMETRIC_REPRESENTATION_CONTEXT() REPRESENTATION_CONTEXT('2D SPACE',''
  ) );
#9449 = ORIENTED_EDGE('',*,*,#9450,.T.);
#9450 = EDGE_CURVE('',#9423,#9451,#9453,.T.);
#9451 = VERTEX_POINT('',#9452);
#9452 = CARTESIAN_POINT('',(125.,2.990381056767,67.449));
#9453 = SURFACE_CURVE('',#9454,(#9458,#9465),.PCURVE_S1.);
#9454 = LINE('',#9455,#9456);
#9455 = CARTESIAN_POINT('',(125.,-10.,67.449));
#9456 = VECTOR('',#9457,1.);
#9457 = DIRECTION('',(0.,1.,0.));
#9458 = PCURVE('',#8222,#9459);
#9459 = DEFINITIONAL_REPRESENTATION('',(#9460),#9464);
#9460 = LINE('',#9461,#9462);
#9461 = CARTESIAN_POINT('',(0.,69.614171868296));
#9462 = VECTOR('',#9463,1.);
#9463 = DIRECTION('',(1.,0.));
#9464 = ( GEOMETRIC_REPRESENTATION_CONTEXT(2) 
PARAMETRIC_REPRESENTATION_CONTEXT() REPRESENTATION_CONTEXT('2D SPACE',''
  ) );
#9465 = PCURVE('',#9466,#9471);
#9466 = PLANE('',#9467);
#9467 = AXIS2_PLACEMENT_3D('',#9468,#9469,#9470);
#9468 = CARTESIAN_POINT('',(150.,-10.,67.449));
#9469 = DIRECTION('',(0.,0.,1.));
#9470 = DIRECTION('',(1.,0.,0.));
#9471 = DEFINITIONAL_REPRESENTATION('',(#9472),#9476);
#9472 = LINE('',#9473,#9474);
#9473 = CARTESIAN_POINT('',(-25.,0.));
#9474 = VECTOR('',#9475,1.);
#9475 = DIRECTION('',(0.,1.));
#9476 = ( GEOMETRIC_REPRESENTATION_CONTEXT(2) 
PARAMETRIC_REPRESENTATION_CONTEXT() REPRESENTATION_CONTEXT('2D SPACE',''
  ) );
#9477 = ORIENTED_EDGE('',*,*,#9478,.T.);
#9478 = EDGE_CURVE('',#9451,#9479,#9481,.T.);
#9479 = VERTEX_POINT('',#9480);
#9480 = CARTESIAN_POINT('',(125.,15.980762113533,44.949));
#9481 = SURFACE_CURVE('',#9482,(#9486,#9493),.PCURVE_S1.);
#9482 = LINE('',#9483,#9484);
#9483 = CARTESIAN_POINT('',(125.,9.764625680888,55.715664128121));
#9484 = VECTOR('',#9485,1.);
#9485 = DIRECTION('',(0.,0.5,-0.866025403784));
#9486 = PCURVE('',#8222,#9487);
#9487 = DEFINITIONAL_REPRESENTATION('',(#9488),#9492);
#9488 = LINE('',#9489,#9490);
#9489 = CARTESIAN_POINT('',(19.764625680888,57.880835996417));
#9490 = VECTOR('',#9491,1.);
#9491 = DIRECTION('',(0.5,-0.866025403784));
#9492 = ( GEOMETRIC_REPRESENTATION_CONTEXT(2) 
PARAMETRIC_REPRESENTATION_CONTEXT() REPRESENTATION_CONTEXT('2D SPACE',''
  ) );
#9493 = PCURVE('',#9494,#9499);
#9494 = PLANE('',#9495);
#9495 = AXIS2_PLACEMENT_3D('',#9496,#9497,#9498);
#9496 = CARTESIAN_POINT('',(150.,9.764625680888,55.715664128121));
#9497 = DIRECTION('',(0.,0.866025403784,0.5));
#9498 = DIRECTION('',(0.,-0.5,0.866025403784));
#9499 = DEFINITIONAL_REPRESENTATION('',(#9500),#9504);
#9500 = LINE('',#9501,#9502);
#9501 = CARTESIAN_POINT('',(0.,-25.));
#9502 = VECTOR('',#9503,1.);
#9503 = DIRECTION('',(-1.,0.));
#9504 = ( GEOMETRIC_REPRESENTATION_CONTEXT(2) 
PARAMETRIC_REPRESENTATION_CONTEXT() REPRESENTATION_CONTEXT('2D SPACE',''
  ) );
#9505 = ORIENTED_EDGE('',*,*,#9506,.T.);
#9506 = EDGE_CURVE('',#9479,#9507,#9509,.T.);
#9507 = VERTEX_POINT('',#9508);
#9508 = CARTESIAN_POINT('',(125.,2.990381056767,22.449));
#9509 = SURFACE_CURVE('',#9510,(#9514,#9521),.PCURVE_S1.);
#9510 = LINE('',#9511,#9512);
#9511 = CARTESIAN_POINT('',(125.,9.206517489412,33.215664128121));
#9512 = VECTOR('',#9513,1.);
#9513 = DIRECTION('',(0.,-0.5,-0.866025403784));
#9514 = PCURVE('',#8222,#9515);
#9515 = DEFINITIONAL_REPRESENTATION('',(#9516),#9520);
#9516 = LINE('',#9517,#9518);
#9517 = CARTESIAN_POINT('',(19.206517489412,35.380835996417));
#9518 = VECTOR('',#9519,1.);
#9519 = DIRECTION('',(-0.5,-0.866025403784));
#9520 = ( GEOMETRIC_REPRESENTATION_CONTEXT(2) 
PARAMETRIC_REPRESENTATION_CONTEXT() REPRESENTATION_CONTEXT('2D SPACE',''
  ) );
#9521 = PCURVE('',#9522,#9527);
#9522 = PLANE('',#9523);
#9523 = AXIS2_PLACEMENT_3D('',#9524,#9525,#9526);
#9524 = CARTESIAN_POINT('',(150.,9.206517489412,33.215664128121));
#9525 = DIRECTION('',(0.,0.866025403784,-0.5));
#9526 = DIRECTION('',(0.,0.5,0.866025403784));
#9527 = DEFINITIONAL_REPRESENTATION('',(#9528),#9532);
#9528 = LINE('',#9529,#9530);
#9529 = CARTESIAN_POINT('',(0.,-25.));
#9530 = VECTOR('',#9531,1.);
#9531 = DIRECTION('',(-1.,0.));
#9532 = ( GEOMETRIC_REPRESENTATION_CONTEXT(2) 
PARAMETRIC_REPRESENTATION_CONTEXT() REPRESENTATION_CONTEXT('2D SPACE',''
  ) );
#9533 = ORIENTED_EDGE('',*,*,#9534,.T.);
#9534 = EDGE_CURVE('',#9507,#9535,#9537,.T.);
#9535 = VERTEX_POINT('',#9536);
#9536 = CARTESIAN_POINT('',(125.,-22.99038105676,22.449));
#9537 = SURFACE_CURVE('',#9538,(#9542,#9549),.PCURVE_S1.);
#9538 = LINE('',#9539,#9540);
#9539 = CARTESIAN_POINT('',(125.,-10.55810819147,22.449));
#9540 = VECTOR('',#9541,1.);
#9541 = DIRECTION('',(0.,-1.,-1.179611963664E-16));
#9542 = PCURVE('',#8222,#9543);
#9543 = DEFINITIONAL_REPRESENTATION('',(#9544),#9548);
#9544 = LINE('',#9545,#9546);
#9545 = CARTESIAN_POINT('',(-0.55810819147,24.614171868296));
#9546 = VECTOR('',#9547,1.);
#9547 = DIRECTION('',(-1.,-1.179611963664E-16));
#9548 = ( GEOMETRIC_REPRESENTATION_CONTEXT(2) 
PARAMETRIC_REPRESENTATION_CONTEXT() REPRESENTATION_CONTEXT('2D SPACE',''
  ) );
#9549 = PCURVE('',#9550,#9555);
#9550 = PLANE('',#9551);
#9551 = AXIS2_PLACEMENT_3D('',#9552,#9553,#9554);
#9552 = CARTESIAN_POINT('',(150.,-10.55810819147,22.449));
#9553 = DIRECTION('',(0.,1.179611963664E-16,-1.));
#9554 = DIRECTION('',(0.,1.,1.179611963664E-16));
#9555 = DEFINITIONAL_REPRESENTATION('',(#9556),#9560);
#9556 = LINE('',#9557,#9558);
#9557 = CARTESIAN_POINT('',(0.,-25.));
#9558 = VECTOR('',#9559,1.);
#9559 = DIRECTION('',(-1.,0.));
#9560 = ( GEOMETRIC_REPRESENTATION_CONTEXT(2) 
PARAMETRIC_REPRESENTATION_CONTEXT() REPRESENTATION_CONTEXT('2D SPACE',''
  ) );
#9561 = ORIENTED_EDGE('',*,*,#9562,.T.);
#9562 = EDGE_CURVE('',#9535,#9421,#9563,.T.);
#9563 = SURFACE_CURVE('',#9564,(#9568,#9575),.PCURVE_S1.);
#9564 = LINE('',#9565,#9566);
#9565 = CARTESIAN_POINT('',(125.,-29.76462568088,34.182335871879));
#9566 = VECTOR('',#9567,1.);
#9567 = DIRECTION('',(0.,-0.5,0.866025403784));
#9568 = PCURVE('',#8222,#9569);
#9569 = DEFINITIONAL_REPRESENTATION('',(#9570),#9574);
#9570 = LINE('',#9571,#9572);
#9571 = CARTESIAN_POINT('',(-19.76462568088,36.347507740175));
#9572 = VECTOR('',#9573,1.);
#9573 = DIRECTION('',(-0.5,0.866025403784));
#9574 = ( GEOMETRIC_REPRESENTATION_CONTEXT(2) 
PARAMETRIC_REPRESENTATION_CONTEXT() REPRESENTATION_CONTEXT('2D SPACE',''
  ) );
#9575 = PCURVE('',#9576,#9581);
#9576 = PLANE('',#9577);
#9577 = AXIS2_PLACEMENT_3D('',#9578,#9579,#9580);
#9578 = CARTESIAN_POINT('',(150.,-29.76462568088,34.182335871879));
#9579 = DIRECTION('',(0.,-0.866025403784,-0.5));
#9580 = DIRECTION('',(0.,0.5,-0.866025403784));
#9581 = DEFINITIONAL_REPRESENTATION('',(#9582),#9586);
#9582 = LINE('',#9583,#9584);
#9583 = CARTESIAN_POINT('',(0.,-25.));
#9584 = VECTOR('',#9585,1.);
#9585 = DIRECTION('',(-1.,0.));
#9586 = ( GEOMETRIC_REPRESENTATION_CONTEXT(2) 
PARAMETRIC_REPRESENTATION_CONTEXT() REPRESENTATION_CONTEXT('2D SPACE',''
  ) );
#9587 = ADVANCED_FACE('',(#9588),#9576,.T.);
#9588 = FACE_BOUND('',#9589,.T.);
#9589 = EDGE_LOOP('',(#9590,#9591,#9614,#9642));
#9590 = ORIENTED_EDGE('',*,*,#9562,.F.);
#9591 = ORIENTED_EDGE('',*,*,#9592,.F.);
#9592 = EDGE_CURVE('',#9593,#9535,#9595,.T.);
#9593 = VERTEX_POINT('',#9594);
#9594 = CARTESIAN_POINT('',(150.,-22.99038105676,22.449));
#9595 = SURFACE_CURVE('',#9596,(#9600,#9607),.PCURVE_S1.);
#9596 = LINE('',#9597,#9598);
#9597 = CARTESIAN_POINT('',(150.,-22.99038105676,22.449));
#9598 = VECTOR('',#9599,1.);
#9599 = DIRECTION('',(-1.,0.,0.));
#9600 = PCURVE('',#9576,#9601);
#9601 = DEFINITIONAL_REPRESENTATION('',(#9602),#9606);
#9602 = LINE('',#9603,#9604);
#9603 = CARTESIAN_POINT('',(13.548489248242,0.));
#9604 = VECTOR('',#9605,1.);
#9605 = DIRECTION('',(0.,-1.));
#9606 = ( GEOMETRIC_REPRESENTATION_CONTEXT(2) 
PARAMETRIC_REPRESENTATION_CONTEXT() REPRESENTATION_CONTEXT('2D SPACE',''
  ) );
#9607 = PCURVE('',#9550,#9608);
#9608 = DEFINITIONAL_REPRESENTATION('',(#9609),#9613);
#9609 = LINE('',#9610,#9611);
#9610 = CARTESIAN_POINT('',(-12.43227286529,0.));
#9611 = VECTOR('',#9612,1.);
#9612 = DIRECTION('',(0.,-1.));
#9613 = ( GEOMETRIC_REPRESENTATION_CONTEXT(2) 
PARAMETRIC_REPRESENTATION_CONTEXT() REPRESENTATION_CONTEXT('2D SPACE',''
  ) );
#9614 = ORIENTED_EDGE('',*,*,#9615,.T.);
#9615 = EDGE_CURVE('',#9593,#9616,#9618,.T.);
#9616 = VERTEX_POINT('',#9617);
#9617 = CARTESIAN_POINT('',(150.,-35.98076211353,44.949));
#9618 = SURFACE_CURVE('',#9619,(#9623,#9630),.PCURVE_S1.);
#9619 = LINE('',#9620,#9621);
#9620 = CARTESIAN_POINT('',(150.,-29.76462568088,34.182335871879));
#9621 = VECTOR('',#9622,1.);
#9622 = DIRECTION('',(0.,-0.5,0.866025403784));
#9623 = PCURVE('',#9576,#9624);
#9624 = DEFINITIONAL_REPRESENTATION('',(#9625),#9629);
#9625 = LINE('',#9626,#9627);
#9626 = CARTESIAN_POINT('',(0.,0.));
#9627 = VECTOR('',#9628,1.);
#9628 = DIRECTION('',(-1.,0.));
#9629 = ( GEOMETRIC_REPRESENTATION_CONTEXT(2) 
PARAMETRIC_REPRESENTATION_CONTEXT() REPRESENTATION_CONTEXT('2D SPACE',''
  ) );
#9630 = PCURVE('',#9631,#9636);
#9631 = PLANE('',#9632);
#9632 = AXIS2_PLACEMENT_3D('',#9633,#9634,#9635);
#9633 = CARTESIAN_POINT('',(150.,-10.,-2.165171868296));
#9634 = DIRECTION('',(1.,0.,0.));
#9635 = DIRECTION('',(0.,1.,0.));
#9636 = DEFINITIONAL_REPRESENTATION('',(#9637),#9641);
#9637 = LINE('',#9638,#9639);
#9638 = CARTESIAN_POINT('',(-19.76462568088,36.347507740175));
#9639 = VECTOR('',#9640,1.);
#9640 = DIRECTION('',(-0.5,0.866025403784));
#9641 = ( GEOMETRIC_REPRESENTATION_CONTEXT(2) 
PARAMETRIC_REPRESENTATION_CONTEXT() REPRESENTATION_CONTEXT('2D SPACE',''
  ) );
#9642 = ORIENTED_EDGE('',*,*,#9643,.T.);
#9643 = EDGE_CURVE('',#9616,#9421,#9644,.T.);
#9644 = SURFACE_CURVE('',#9645,(#9649,#9656),.PCURVE_S1.);
#9645 = LINE('',#9646,#9647);
#9646 = CARTESIAN_POINT('',(150.,-35.98076211353,44.949));
#9647 = VECTOR('',#9648,1.);
#9648 = DIRECTION('',(-1.,0.,0.));
#9649 = PCURVE('',#9576,#9650);
#9650 = DEFINITIONAL_REPRESENTATION('',(#9651),#9655);
#9651 = LINE('',#9652,#9653);
#9652 = CARTESIAN_POINT('',(-12.43227286529,0.));
#9653 = VECTOR('',#9654,1.);
#9654 = DIRECTION('',(0.,-1.));
#9655 = ( GEOMETRIC_REPRESENTATION_CONTEXT(2) 
PARAMETRIC_REPRESENTATION_CONTEXT() REPRESENTATION_CONTEXT('2D SPACE',''
  ) );
#9656 = PCURVE('',#9438,#9657);
#9657 = DEFINITIONAL_REPRESENTATION('',(#9658),#9662);
#9658 = LINE('',#9659,#9660);
#9659 = CARTESIAN_POINT('',(13.548489248242,0.));
#9660 = VECTOR('',#9661,1.);
#9661 = DIRECTION('',(-0.,-1.));
#9662 = ( GEOMETRIC_REPRESENTATION_CONTEXT(2) 
PARAMETRIC_REPRESENTATION_CONTEXT() REPRESENTATION_CONTEXT('2D SPACE',''
  ) );
#9663 = ADVANCED_FACE('',(#9664),#9631,.T.);
#9664 = FACE_BOUND('',#9665,.T.);
#9665 = EDGE_LOOP('',(#9666,#9697,#9720,#9741,#9742));
#9666 = ORIENTED_EDGE('',*,*,#9667,.F.);
#9667 = EDGE_CURVE('',#9668,#9670,#9672,.T.);
#9668 = VERTEX_POINT('',#9669);
#9669 = CARTESIAN_POINT('',(150.,-9.891889989376,67.449));
#9670 = VERTEX_POINT('',#9671);
#9671 = CARTESIAN_POINT('',(150.,-9.891889989376,22.449));
#9672 = SURFACE_CURVE('',#9673,(#9678,#9685),.PCURVE_S1.);
#9673 = CIRCLE('',#9674,22.5);
#9674 = AXIS2_PLACEMENT_3D('',#9675,#9676,#9677);
#9675 = CARTESIAN_POINT('',(150.,-9.891889989376,44.949));
#9676 = DIRECTION('',(1.,0.,0.));
#9677 = DIRECTION('',(0.,1.,0.));
#9678 = PCURVE('',#9631,#9679);
#9679 = DEFINITIONAL_REPRESENTATION('',(#9680),#9684);
#9680 = CIRCLE('',#9681,22.5);
#9681 = AXIS2_PLACEMENT_2D('',#9682,#9683);
#9682 = CARTESIAN_POINT('',(0.108110010624,47.114171868296));
#9683 = DIRECTION('',(1.,0.));
#9684 = ( GEOMETRIC_REPRESENTATION_CONTEXT(2) 
PARAMETRIC_REPRESENTATION_CONTEXT() REPRESENTATION_CONTEXT('2D SPACE',''
  ) );
#9685 = PCURVE('',#9686,#9691);
#9686 = CYLINDRICAL_SURFACE('',#9687,22.5);
#9687 = AXIS2_PLACEMENT_3D('',#9688,#9689,#9690);
#9688 = CARTESIAN_POINT('',(350.,-9.891889989376,44.949));
#9689 = DIRECTION('',(1.,0.,0.));
#9690 = DIRECTION('',(0.,0.,1.));
#9691 = DEFINITIONAL_REPRESENTATION('',(#9692),#9696);
#9692 = LINE('',#9693,#9694);
#9693 = CARTESIAN_POINT('',(-1.570796326795,-200.));
#9694 = VECTOR('',#9695,1.);
#9695 = DIRECTION('',(1.,0.));
#9696 = ( GEOMETRIC_REPRESENTATION_CONTEXT(2) 
PARAMETRIC_REPRESENTATION_CONTEXT() REPRESENTATION_CONTEXT('2D SPACE',''
  ) );
#9697 = ORIENTED_EDGE('',*,*,#9698,.F.);
#9698 = EDGE_CURVE('',#9699,#9668,#9701,.T.);
#9699 = VERTEX_POINT('',#9700);
#9700 = CARTESIAN_POINT('',(150.,-22.99038105676,67.449));
#9701 = SURFACE_CURVE('',#9702,(#9706,#9713),.PCURVE_S1.);
#9702 = LINE('',#9703,#9704);
#9703 = CARTESIAN_POINT('',(150.,-10.,67.449));
#9704 = VECTOR('',#9705,1.);
#9705 = DIRECTION('',(0.,1.,0.));
#9706 = PCURVE('',#9631,#9707);
#9707 = DEFINITIONAL_REPRESENTATION('',(#9708),#9712);
#9708 = LINE('',#9709,#9710);
#9709 = CARTESIAN_POINT('',(0.,69.614171868296));
#9710 = VECTOR('',#9711,1.);
#9711 = DIRECTION('',(1.,0.));
#9712 = ( GEOMETRIC_REPRESENTATION_CONTEXT(2) 
PARAMETRIC_REPRESENTATION_CONTEXT() REPRESENTATION_CONTEXT('2D SPACE',''
  ) );
#9713 = PCURVE('',#9466,#9714);
#9714 = DEFINITIONAL_REPRESENTATION('',(#9715),#9719);
#9715 = LINE('',#9716,#9717);
#9716 = CARTESIAN_POINT('',(0.,0.));
#9717 = VECTOR('',#9718,1.);
#9718 = DIRECTION('',(0.,1.));
#9719 = ( GEOMETRIC_REPRESENTATION_CONTEXT(2) 
PARAMETRIC_REPRESENTATION_CONTEXT() REPRESENTATION_CONTEXT('2D SPACE',''
  ) );
#9720 = ORIENTED_EDGE('',*,*,#9721,.F.);
#9721 = EDGE_CURVE('',#9616,#9699,#9722,.T.);
#9722 = SURFACE_CURVE('',#9723,(#9727,#9734),.PCURVE_S1.);
#9723 = LINE('',#9724,#9725);
#9724 = CARTESIAN_POINT('',(150.,-29.20651748941,56.682335871879));
#9725 = VECTOR('',#9726,1.);
#9726 = DIRECTION('',(0.,0.5,0.866025403784));
#9727 = PCURVE('',#9631,#9728);
#9728 = DEFINITIONAL_REPRESENTATION('',(#9729),#9733);
#9729 = LINE('',#9730,#9731);
#9730 = CARTESIAN_POINT('',(-19.20651748941,58.847507740175));
#9731 = VECTOR('',#9732,1.);
#9732 = DIRECTION('',(0.5,0.866025403784));
#9733 = ( GEOMETRIC_REPRESENTATION_CONTEXT(2) 
PARAMETRIC_REPRESENTATION_CONTEXT() REPRESENTATION_CONTEXT('2D SPACE',''
  ) );
#9734 = PCURVE('',#9438,#9735);
#9735 = DEFINITIONAL_REPRESENTATION('',(#9736),#9740);
#9736 = LINE('',#9737,#9738);
#9737 = CARTESIAN_POINT('',(0.,0.));
#9738 = VECTOR('',#9739,1.);
#9739 = DIRECTION('',(-1.,0.));
#9740 = ( GEOMETRIC_REPRESENTATION_CONTEXT(2) 
PARAMETRIC_REPRESENTATION_CONTEXT() REPRESENTATION_CONTEXT('2D SPACE',''
  ) );
#9741 = ORIENTED_EDGE('',*,*,#9615,.F.);
#9742 = ORIENTED_EDGE('',*,*,#9743,.F.);
#9743 = EDGE_CURVE('',#9670,#9593,#9744,.T.);
#9744 = SURFACE_CURVE('',#9745,(#9749,#9756),.PCURVE_S1.);
#9745 = LINE('',#9746,#9747);
#9746 = CARTESIAN_POINT('',(150.,-10.55810819147,22.449));
#9747 = VECTOR('',#9748,1.);
#9748 = DIRECTION('',(0.,-1.,-1.179611963664E-16));
#9749 = PCURVE('',#9631,#9750);
#9750 = DEFINITIONAL_REPRESENTATION('',(#9751),#9755);
#9751 = LINE('',#9752,#9753);
#9752 = CARTESIAN_POINT('',(-0.55810819147,24.614171868296));
#9753 = VECTOR('',#9754,1.);
#9754 = DIRECTION('',(-1.,-1.179611963664E-16));
#9755 = ( GEOMETRIC_REPRESENTATION_CONTEXT(2) 
PARAMETRIC_REPRESENTATION_CONTEXT() REPRESENTATION_CONTEXT('2D SPACE',''
  ) );
#9756 = PCURVE('',#9550,#9757);
#9757 = DEFINITIONAL_REPRESENTATION('',(#9758),#9762);
#9758 = LINE('',#9759,#9760);
#9759 = CARTESIAN_POINT('',(0.,0.));
#9760 = VECTOR('',#9761,1.);
#9761 = DIRECTION('',(-1.,0.));
#9762 = ( GEOMETRIC_REPRESENTATION_CONTEXT(2) 
PARAMETRIC_REPRESENTATION_CONTEXT() REPRESENTATION_CONTEXT('2D SPACE',''
  ) );
#9763 = ADVANCED_FACE('',(#9764),#9686,.T.);
#9764 = FACE_BOUND('',#9765,.T.);
#9765 = EDGE_LOOP('',(#9766,#9788,#9789,#9818,#9847,#9876,#9905,#9932,
    #9933));
#9766 = ORIENTED_EDGE('',*,*,#9767,.F.);
#9767 = EDGE_CURVE('',#9668,#9768,#9770,.T.);
#9768 = VERTEX_POINT('',#9769);
#9769 = CARTESIAN_POINT('',(350.,-9.891889989376,67.449));
#9770 = SEAM_CURVE('',#9771,(#9774,#9781),.PCURVE_S1.);
#9771 = B_SPLINE_CURVE_WITH_KNOTS('',1,(#9772,#9773),.UNSPECIFIED.,.F.,
  .F.,(2,2),(-200.,0.),.PIECEWISE_BEZIER_KNOTS.);
#9772 = CARTESIAN_POINT('',(150.,-9.891889989376,67.449));
#9773 = CARTESIAN_POINT('',(350.,-9.891889989376,67.449));
#9774 = PCURVE('',#9686,#9775);
#9775 = DEFINITIONAL_REPRESENTATION('',(#9776),#9780);
#9776 = LINE('',#9777,#9778);
#9777 = CARTESIAN_POINT('',(0.,0.));
#9778 = VECTOR('',#9779,1.);
#9779 = DIRECTION('',(0.,1.));
#9780 = ( GEOMETRIC_REPRESENTATION_CONTEXT(2) 
PARAMETRIC_REPRESENTATION_CONTEXT() REPRESENTATION_CONTEXT('2D SPACE',''
  ) );
#9781 = PCURVE('',#9686,#9782);
#9782 = DEFINITIONAL_REPRESENTATION('',(#9783),#9787);
#9783 = LINE('',#9784,#9785);
#9784 = CARTESIAN_POINT('',(6.28318530718,0.));
#9785 = VECTOR('',#9786,1.);
#9786 = DIRECTION('',(0.,1.));
#9787 = ( GEOMETRIC_REPRESENTATION_CONTEXT(2) 
PARAMETRIC_REPRESENTATION_CONTEXT() REPRESENTATION_CONTEXT('2D SPACE',''
  ) );
#9788 = ORIENTED_EDGE('',*,*,#9667,.T.);
#9789 = ORIENTED_EDGE('',*,*,#9790,.T.);
#9790 = EDGE_CURVE('',#9670,#9791,#9793,.T.);
#9791 = VERTEX_POINT('',#9792);
#9792 = CARTESIAN_POINT('',(150.,8.487366812737,31.970058617823));
#9793 = SURFACE_CURVE('',#9794,(#9799,#9806),.PCURVE_S1.);
#9794 = CIRCLE('',#9795,22.5);
#9795 = AXIS2_PLACEMENT_3D('',#9796,#9797,#9798);
#9796 = CARTESIAN_POINT('',(150.,-9.891889989376,44.949));
#9797 = DIRECTION('',(1.,0.,0.));
#9798 = DIRECTION('',(0.,1.,0.));
#9799 = PCURVE('',#9686,#9800);
#9800 = DEFINITIONAL_REPRESENTATION('',(#9801),#9805);
#9801 = LINE('',#9802,#9803);
#9802 = CARTESIAN_POINT('',(-1.570796326795,-200.));
#9803 = VECTOR('',#9804,1.);
#9804 = DIRECTION('',(1.,0.));
#9805 = ( GEOMETRIC_REPRESENTATION_CONTEXT(2) 
PARAMETRIC_REPRESENTATION_CONTEXT() REPRESENTATION_CONTEXT('2D SPACE',''
  ) );
#9806 = PCURVE('',#9807,#9812);
#9807 = PLANE('',#9808);
#9808 = AXIS2_PLACEMENT_3D('',#9809,#9810,#9811);
#9809 = CARTESIAN_POINT('',(150.,-10.,-2.165171868296));
#9810 = DIRECTION('',(1.,0.,0.));
#9811 = DIRECTION('',(0.,1.,0.));
#9812 = DEFINITIONAL_REPRESENTATION('',(#9813),#9817);
#9813 = CIRCLE('',#9814,22.5);
#9814 = AXIS2_PLACEMENT_2D('',#9815,#9816);
#9815 = CARTESIAN_POINT('',(0.108110010624,47.114171868296));
#9816 = DIRECTION('',(1.,0.));
#9817 = ( GEOMETRIC_REPRESENTATION_CONTEXT(2) 
PARAMETRIC_REPRESENTATION_CONTEXT() REPRESENTATION_CONTEXT('2D SPACE',''
  ) );
#9818 = ORIENTED_EDGE('',*,*,#9819,.T.);
#9819 = EDGE_CURVE('',#9791,#9820,#9822,.T.);
#9820 = VERTEX_POINT('',#9821);
#9821 = CARTESIAN_POINT('',(150.,10.537831362875,35.52156739778));
#9822 = SURFACE_CURVE('',#9823,(#9828,#9835),.PCURVE_S1.);
#9823 = CIRCLE('',#9824,22.5);
#9824 = AXIS2_PLACEMENT_3D('',#9825,#9826,#9827);
#9825 = CARTESIAN_POINT('',(150.,-9.891889989376,44.949));
#9826 = DIRECTION('',(1.,0.,0.));
#9827 = DIRECTION('',(0.,1.,0.));
#9828 = PCURVE('',#9686,#9829);
#9829 = DEFINITIONAL_REPRESENTATION('',(#9830),#9834);
#9830 = LINE('',#9831,#9832);
#9831 = CARTESIAN_POINT('',(-1.570796326795,-200.));
#9832 = VECTOR('',#9833,1.);
#9833 = DIRECTION('',(1.,0.));
#9834 = ( GEOMETRIC_REPRESENTATION_CONTEXT(2) 
PARAMETRIC_REPRESENTATION_CONTEXT() REPRESENTATION_CONTEXT('2D SPACE',''
  ) );
#9835 = PCURVE('',#9836,#9841);
#9836 = PLANE('',#9837);
#9837 = AXIS2_PLACEMENT_3D('',#9838,#9839,#9840);
#9838 = CARTESIAN_POINT('',(150.,-10.,44.949));
#9839 = DIRECTION('',(1.,0.,0.));
#9840 = DIRECTION('',(0.,1.,0.));
#9841 = DEFINITIONAL_REPRESENTATION('',(#9842),#9846);
#9842 = CIRCLE('',#9843,22.5);
#9843 = AXIS2_PLACEMENT_2D('',#9844,#9845);
#9844 = CARTESIAN_POINT('',(0.108110010624,0.));
#9845 = DIRECTION('',(1.,0.));
#9846 = ( GEOMETRIC_REPRESENTATION_CONTEXT(2) 
PARAMETRIC_REPRESENTATION_CONTEXT() REPRESENTATION_CONTEXT('2D SPACE',''
  ) );
#9847 = ORIENTED_EDGE('',*,*,#9848,.T.);
#9848 = EDGE_CURVE('',#9820,#9849,#9851,.T.);
#9849 = VERTEX_POINT('',#9850);
#9850 = CARTESIAN_POINT('',(150.,10.537831362875,54.37643260222));
#9851 = SURFACE_CURVE('',#9852,(#9857,#9864),.PCURVE_S1.);
#9852 = CIRCLE('',#9853,22.5);
#9853 = AXIS2_PLACEMENT_3D('',#9854,#9855,#9856);
#9854 = CARTESIAN_POINT('',(150.,-9.891889989376,44.949));
#9855 = DIRECTION('',(1.,0.,0.));
#9856 = DIRECTION('',(0.,1.,0.));
#9857 = PCURVE('',#9686,#9858);
#9858 = DEFINITIONAL_REPRESENTATION('',(#9859),#9863);
#9859 = LINE('',#9860,#9861);
#9860 = CARTESIAN_POINT('',(-1.570796326795,-200.));
#9861 = VECTOR('',#9862,1.);
#9862 = DIRECTION('',(1.,0.));
#9863 = ( GEOMETRIC_REPRESENTATION_CONTEXT(2) 
PARAMETRIC_REPRESENTATION_CONTEXT() REPRESENTATION_CONTEXT('2D SPACE',''
  ) );
#9864 = PCURVE('',#9865,#9870);
#9865 = PLANE('',#9866);
#9866 = AXIS2_PLACEMENT_3D('',#9867,#9868,#9869);
#9867 = CARTESIAN_POINT('',(150.,-10.,-2.165171868296));
#9868 = DIRECTION('',(1.,0.,0.));
#9869 = DIRECTION('',(0.,1.,0.));
#9870 = DEFINITIONAL_REPRESENTATION('',(#9871),#9875);
#9871 = CIRCLE('',#9872,22.5);
#9872 = AXIS2_PLACEMENT_2D('',#9873,#9874);
#9873 = CARTESIAN_POINT('',(0.108110010624,47.114171868296));
#9874 = DIRECTION('',(1.,0.));
#9875 = ( GEOMETRIC_REPRESENTATION_CONTEXT(2) 
PARAMETRIC_REPRESENTATION_CONTEXT() REPRESENTATION_CONTEXT('2D SPACE',''
  ) );
#9876 = ORIENTED_EDGE('',*,*,#9877,.T.);
#9877 = EDGE_CURVE('',#9849,#9878,#9880,.T.);
#9878 = VERTEX_POINT('',#9879);
#9879 = CARTESIAN_POINT('',(150.,8.487366812737,57.927941382176));
#9880 = SURFACE_CURVE('',#9881,(#9886,#9893),.PCURVE_S1.);
#9881 = CIRCLE('',#9882,22.5);
#9882 = AXIS2_PLACEMENT_3D('',#9883,#9884,#9885);
#9883 = CARTESIAN_POINT('',(150.,-9.891889989376,44.949));
#9884 = DIRECTION('',(1.,0.,0.));
#9885 = DIRECTION('',(0.,1.,0.));
#9886 = PCURVE('',#9686,#9887);
#9887 = DEFINITIONAL_REPRESENTATION('',(#9888),#9892);
#9888 = LINE('',#9889,#9890);
#9889 = CARTESIAN_POINT('',(4.712388980385,-200.));
#9890 = VECTOR('',#9891,1.);
#9891 = DIRECTION('',(1.,0.));
#9892 = ( GEOMETRIC_REPRESENTATION_CONTEXT(2) 
PARAMETRIC_REPRESENTATION_CONTEXT() REPRESENTATION_CONTEXT('2D SPACE',''
  ) );
#9893 = PCURVE('',#9894,#9899);
#9894 = PLANE('',#9895);
#9895 = AXIS2_PLACEMENT_3D('',#9896,#9897,#9898);
#9896 = CARTESIAN_POINT('',(150.,-10.,44.949));
#9897 = DIRECTION('',(1.,0.,0.));
#9898 = DIRECTION('',(0.,1.,0.));
#9899 = DEFINITIONAL_REPRESENTATION('',(#9900),#9904);
#9900 = CIRCLE('',#9901,22.5);
#9901 = AXIS2_PLACEMENT_2D('',#9902,#9903);
#9902 = CARTESIAN_POINT('',(0.108110010624,0.));
#9903 = DIRECTION('',(1.,0.));
#9904 = ( GEOMETRIC_REPRESENTATION_CONTEXT(2) 
PARAMETRIC_REPRESENTATION_CONTEXT() REPRESENTATION_CONTEXT('2D SPACE',''
  ) );
#9905 = ORIENTED_EDGE('',*,*,#9906,.T.);
#9906 = EDGE_CURVE('',#9878,#9668,#9907,.T.);
#9907 = SURFACE_CURVE('',#9908,(#9913,#9920),.PCURVE_S1.);
#9908 = CIRCLE('',#9909,22.5);
#9909 = AXIS2_PLACEMENT_3D('',#9910,#9911,#9912);
#9910 = CARTESIAN_POINT('',(150.,-9.891889989376,44.949));
#9911 = DIRECTION('',(1.,0.,0.));
#9912 = DIRECTION('',(0.,1.,0.));
#9913 = PCURVE('',#9686,#9914);
#9914 = DEFINITIONAL_REPRESENTATION('',(#9915),#9919);
#9915 = LINE('',#9916,#9917);
#9916 = CARTESIAN_POINT('',(4.712388980385,-200.));
#9917 = VECTOR('',#9918,1.);
#9918 = DIRECTION('',(1.,0.));
#9919 = ( GEOMETRIC_REPRESENTATION_CONTEXT(2) 
PARAMETRIC_REPRESENTATION_CONTEXT() REPRESENTATION_CONTEXT('2D SPACE',''
  ) );
#9920 = PCURVE('',#9921,#9926);
#9921 = PLANE('',#9922);
#9922 = AXIS2_PLACEMENT_3D('',#9923,#9924,#9925);
#9923 = CARTESIAN_POINT('',(150.,-10.,-2.165171868296));
#9924 = DIRECTION('',(1.,0.,0.));
#9925 = DIRECTION('',(0.,1.,0.));
#9926 = DEFINITIONAL_REPRESENTATION('',(#9927),#9931);
#9927 = CIRCLE('',#9928,22.5);
#9928 = AXIS2_PLACEMENT_2D('',#9929,#9930);
#9929 = CARTESIAN_POINT('',(0.108110010624,47.114171868296));
#9930 = DIRECTION('',(1.,0.));
#9931 = ( GEOMETRIC_REPRESENTATION_CONTEXT(2) 
PARAMETRIC_REPRESENTATION_CONTEXT() REPRESENTATION_CONTEXT('2D SPACE',''
  ) );
#9932 = ORIENTED_EDGE('',*,*,#9767,.T.);
#9933 = ORIENTED_EDGE('',*,*,#9934,.T.);
#9934 = EDGE_CURVE('',#9768,#9768,#9935,.T.);
#9935 = SURFACE_CURVE('',#9936,(#9941,#9948),.PCURVE_S1.);
#9936 = CIRCLE('',#9937,22.5);
#9937 = AXIS2_PLACEMENT_3D('',#9938,#9939,#9940);
#9938 = CARTESIAN_POINT('',(350.,-9.891889989376,44.949));
#9939 = DIRECTION('',(-1.,0.,0.));
#9940 = DIRECTION('',(0.,-2.368475785867E-16,1.));
#9941 = PCURVE('',#9686,#9942);
#9942 = DEFINITIONAL_REPRESENTATION('',(#9943),#9947);
#9943 = LINE('',#9944,#9945);
#9944 = CARTESIAN_POINT('',(6.28318530718,0.));
#9945 = VECTOR('',#9946,1.);
#9946 = DIRECTION('',(-1.,-0.));
#9947 = ( GEOMETRIC_REPRESENTATION_CONTEXT(2) 
PARAMETRIC_REPRESENTATION_CONTEXT() REPRESENTATION_CONTEXT('2D SPACE',''
  ) );
#9948 = PCURVE('',#9949,#9954);
#9949 = PLANE('',#9950);
#9950 = AXIS2_PLACEMENT_3D('',#9951,#9952,#9953);
#9951 = CARTESIAN_POINT('',(350.,-10.,44.949));
#9952 = DIRECTION('',(1.,0.,0.));
#9953 = DIRECTION('',(0.,1.,0.));
#9954 = DEFINITIONAL_REPRESENTATION('',(#9955),#9963);
#9955 = ( BOUNDED_CURVE() B_SPLINE_CURVE(2,(#9956,#9957,#9958,#9959,
#9960,#9961,#9962),.UNSPECIFIED.,.T.,.F.) B_SPLINE_CURVE_WITH_KNOTS((1,2
    ,2,2,2,1),(-2.094395102393,0.,2.094395102393,4.188790204786,
6.28318530718,8.377580409573),.UNSPECIFIED.) CURVE() 
GEOMETRIC_REPRESENTATION_ITEM() RATIONAL_B_SPLINE_CURVE((1.,0.5,1.,0.5,
1.,0.5,1.)) REPRESENTATION_ITEM('') );
#9956 = CARTESIAN_POINT('',(0.108110010624,22.5));
#9957 = CARTESIAN_POINT('',(39.079253180924,22.5));
#9958 = CARTESIAN_POINT('',(19.593681595774,-11.25));
#9959 = CARTESIAN_POINT('',(0.108110010624,-45.));
#9960 = CARTESIAN_POINT('',(-19.37746157452,-11.25));
#9961 = CARTESIAN_POINT('',(-38.86303315967,22.5));
#9962 = CARTESIAN_POINT('',(0.108110010624,22.5));
#9963 = ( GEOMETRIC_REPRESENTATION_CONTEXT(2) 
PARAMETRIC_REPRESENTATION_CONTEXT() REPRESENTATION_CONTEXT('2D SPACE',''
  ) );
#9964 = ADVANCED_FACE('',(#9965,#9996),#9949,.T.);
#9965 = FACE_BOUND('',#9966,.T.);
#9966 = EDGE_LOOP('',(#9967));
#9967 = ORIENTED_EDGE('',*,*,#9968,.F.);
#9968 = EDGE_CURVE('',#9969,#9969,#9971,.T.);
#9969 = VERTEX_POINT('',#9970);
#9970 = CARTESIAN_POINT('',(350.,-9.945944994689,24.949073048723));
#9971 = SURFACE_CURVE('',#9972,(#9977,#9984),.PCURVE_S1.);
#9972 = CIRCLE('',#9973,20.);
#9973 = AXIS2_PLACEMENT_3D('',#9974,#9975,#9976);
#9974 = CARTESIAN_POINT('',(350.,-9.891889989376,44.949));
#9975 = DIRECTION('',(1.,0.,0.));
#9976 = DIRECTION('',(0.,-2.70275026565E-03,-0.999996347564));
#9977 = PCURVE('',#9949,#9978);
#9978 = DEFINITIONAL_REPRESENTATION('',(#9979),#9983);
#9979 = CIRCLE('',#9980,20.);
#9980 = AXIS2_PLACEMENT_2D('',#9981,#9982);
#9981 = CARTESIAN_POINT('',(0.108110010624,0.));
#9982 = DIRECTION('',(-2.70275026565E-03,-0.999996347564));
#9983 = ( GEOMETRIC_REPRESENTATION_CONTEXT(2) 
PARAMETRIC_REPRESENTATION_CONTEXT() REPRESENTATION_CONTEXT('2D SPACE',''
  ) );
#9984 = PCURVE('',#9985,#9990);
#9985 = CYLINDRICAL_SURFACE('',#9986,20.);
#9986 = AXIS2_PLACEMENT_3D('',#9987,#9988,#9989);
#9987 = CARTESIAN_POINT('',(100.,-9.891889989376,44.949));
#9988 = DIRECTION('',(-1.,-0.,-0.));
#9989 = DIRECTION('',(0.,0.,-1.));
#9990 = DEFINITIONAL_REPRESENTATION('',(#9991),#9995);
#9991 = LINE('',#9992,#9993);
#9992 = CARTESIAN_POINT('',(6.285888060736,-250.));
#9993 = VECTOR('',#9994,1.);
#9994 = DIRECTION('',(-1.,0.));
#9995 = ( GEOMETRIC_REPRESENTATION_CONTEXT(2) 
PARAMETRIC_REPRESENTATION_CONTEXT() REPRESENTATION_CONTEXT('2D SPACE',''
  ) );
#9996 = FACE_BOUND('',#9997,.T.);
#9997 = EDGE_LOOP('',(#9998));
#9998 = ORIENTED_EDGE('',*,*,#9934,.F.);
#9999 = ADVANCED_FACE('',(#10000),#9985,.F.);
#10000 = FACE_BOUND('',#10001,.F.);
#10001 = EDGE_LOOP('',(#10002,#10032,#10061,#10081,#10082,#10083,#10106)
  );
#10002 = ORIENTED_EDGE('',*,*,#10003,.T.);
#10003 = EDGE_CURVE('',#10004,#10006,#10008,.T.);
#10004 = VERTEX_POINT('',#10005);
#10005 = CARTESIAN_POINT('',(103.,-9.945944994687,64.948926951277));
#10006 = VERTEX_POINT('',#10007);
#10007 = CARTESIAN_POINT('',(125.,-9.945944994687,64.948926951277));
#10008 = SURFACE_CURVE('',#10009,(#10013,#10020),.PCURVE_S1.);
#10009 = LINE('',#10010,#10011);
#10010 = CARTESIAN_POINT('',(225.,-9.945944994687,64.948926951277));
#10011 = VECTOR('',#10012,1.);
#10012 = DIRECTION('',(1.,0.,0.));
#10013 = PCURVE('',#9985,#10014);
#10014 = DEFINITIONAL_REPRESENTATION('',(#10015),#10019);
#10015 = LINE('',#10016,#10017);
#10016 = CARTESIAN_POINT('',(3.138889900034,-125.));
#10017 = VECTOR('',#10018,1.);
#10018 = DIRECTION('',(0.,-1.));
#10019 = ( GEOMETRIC_REPRESENTATION_CONTEXT(2) 
PARAMETRIC_REPRESENTATION_CONTEXT() REPRESENTATION_CONTEXT('2D SPACE',''
  ) );
#10020 = PCURVE('',#10021,#10026);
#10021 = CYLINDRICAL_SURFACE('',#10022,20.);
#10022 = AXIS2_PLACEMENT_3D('',#10023,#10024,#10025);
#10023 = CARTESIAN_POINT('',(103.,-10.,44.949));
#10024 = DIRECTION('',(-1.,-0.,-0.));
#10025 = DIRECTION('',(0.,0.,-1.));
#10026 = DEFINITIONAL_REPRESENTATION('',(#10027),#10031);
#10027 = LINE('',#10028,#10029);
#10028 = CARTESIAN_POINT('',(3.144295407146,-122.));
#10029 = VECTOR('',#10030,1.);
#10030 = DIRECTION('',(0.,-1.));
#10031 = ( GEOMETRIC_REPRESENTATION_CONTEXT(2) 
PARAMETRIC_REPRESENTATION_CONTEXT() REPRESENTATION_CONTEXT('2D SPACE',''
  ) );
#10032 = ORIENTED_EDGE('',*,*,#10033,.T.);
#10033 = EDGE_CURVE('',#10006,#10034,#10036,.T.);
#10034 = VERTEX_POINT('',#10035);
#10035 = CARTESIAN_POINT('',(125.,-9.945944994689,24.949073048723));
#10036 = SURFACE_CURVE('',#10037,(#10042,#10049),.PCURVE_S1.);
#10037 = CIRCLE('',#10038,20.);
#10038 = AXIS2_PLACEMENT_3D('',#10039,#10040,#10041);
#10039 = CARTESIAN_POINT('',(125.,-9.891889989376,44.949));
#10040 = DIRECTION('',(1.,-0.,0.));
#10041 = DIRECTION('',(0.,0.,-1.));
#10042 = PCURVE('',#9985,#10043);
#10043 = DEFINITIONAL_REPRESENTATION('',(#10044),#10048);
#10044 = LINE('',#10045,#10046);
#10045 = CARTESIAN_POINT('',(6.28318530718,-25.));
#10046 = VECTOR('',#10047,1.);
#10047 = DIRECTION('',(-1.,0.));
#10048 = ( GEOMETRIC_REPRESENTATION_CONTEXT(2) 
PARAMETRIC_REPRESENTATION_CONTEXT() REPRESENTATION_CONTEXT('2D SPACE',''
  ) );
#10049 = PCURVE('',#10050,#10055);
#10050 = PLANE('',#10051);
#10051 = AXIS2_PLACEMENT_3D('',#10052,#10053,#10054);
#10052 = CARTESIAN_POINT('',(125.,-10.,-2.165171868296));
#10053 = DIRECTION('',(1.,0.,0.));
#10054 = DIRECTION('',(0.,1.,0.));
#10055 = DEFINITIONAL_REPRESENTATION('',(#10056),#10060);
#10056 = CIRCLE('',#10057,20.);
#10057 = AXIS2_PLACEMENT_2D('',#10058,#10059);
#10058 = CARTESIAN_POINT('',(0.108110010624,47.114171868296));
#10059 = DIRECTION('',(0.,-1.));
#10060 = ( GEOMETRIC_REPRESENTATION_CONTEXT(2) 
PARAMETRIC_REPRESENTATION_CONTEXT() REPRESENTATION_CONTEXT('2D SPACE',''
  ) );
#10061 = ORIENTED_EDGE('',*,*,#10062,.F.);
#10062 = EDGE_CURVE('',#9969,#10034,#10063,.T.);
#10063 = SEAM_CURVE('',#10064,(#10067,#10074),.PCURVE_S1.);
#10064 = B_SPLINE_CURVE_WITH_KNOTS('',1,(#10065,#10066),.UNSPECIFIED.,
  .F.,.F.,(2,2),(-250.,-25.),.PIECEWISE_BEZIER_KNOTS.);
#10065 = CARTESIAN_POINT('',(350.,-9.945944994689,24.949073048723));
#10066 = CARTESIAN_POINT('',(125.,-9.945944994689,24.949073048723));
#10067 = PCURVE('',#9985,#10068);
#10068 = DEFINITIONAL_REPRESENTATION('',(#10069),#10073);
#10069 = LINE('',#10070,#10071);
#10070 = CARTESIAN_POINT('',(2.702753556208E-03,0.));
#10071 = VECTOR('',#10072,1.);
#10072 = DIRECTION('',(0.,1.));
#10073 = ( GEOMETRIC_REPRESENTATION_CONTEXT(2) 
PARAMETRIC_REPRESENTATION_CONTEXT() REPRESENTATION_CONTEXT('2D SPACE',''
  ) );
#10074 = PCURVE('',#9985,#10075);
#10075 = DEFINITIONAL_REPRESENTATION('',(#10076),#10080);
#10076 = LINE('',#10077,#10078);
#10077 = CARTESIAN_POINT('',(6.285888060736,0.));
#10078 = VECTOR('',#10079,1.);
#10079 = DIRECTION('',(0.,1.));
#10080 = ( GEOMETRIC_REPRESENTATION_CONTEXT(2) 
PARAMETRIC_REPRESENTATION_CONTEXT() REPRESENTATION_CONTEXT('2D SPACE',''
  ) );
#10081 = ORIENTED_EDGE('',*,*,#9968,.F.);
#10082 = ORIENTED_EDGE('',*,*,#10062,.T.);
#10083 = ORIENTED_EDGE('',*,*,#10084,.F.);
#10084 = EDGE_CURVE('',#10085,#10034,#10087,.T.);
#10085 = VERTEX_POINT('',#10086);
#10086 = CARTESIAN_POINT('',(103.,-9.945944994689,24.949073048723));
#10087 = SURFACE_CURVE('',#10088,(#10092,#10099),.PCURVE_S1.);
#10088 = LINE('',#10089,#10090);
#10089 = CARTESIAN_POINT('',(225.,-9.945944994689,24.949073048723));
#10090 = VECTOR('',#10091,1.);
#10091 = DIRECTION('',(1.,0.,0.));
#10092 = PCURVE('',#9985,#10093);
#10093 = DEFINITIONAL_REPRESENTATION('',(#10094),#10098);
#10094 = LINE('',#10095,#10096);
#10095 = CARTESIAN_POINT('',(6.285888060736,-125.));
#10096 = VECTOR('',#10097,1.);
#10097 = DIRECTION('',(0.,-1.));
#10098 = ( GEOMETRIC_REPRESENTATION_CONTEXT(2) 
PARAMETRIC_REPRESENTATION_CONTEXT() REPRESENTATION_CONTEXT('2D SPACE',''
  ) );
#10099 = PCURVE('',#10021,#10100);
#10100 = DEFINITIONAL_REPRESENTATION('',(#10101),#10105);
#10101 = LINE('',#10102,#10103);
#10102 = CARTESIAN_POINT('',(-2.70275355608E-03,-122.));
#10103 = VECTOR('',#10104,1.);
#10104 = DIRECTION('',(0.,-1.));
#10105 = ( GEOMETRIC_REPRESENTATION_CONTEXT(2) 
PARAMETRIC_REPRESENTATION_CONTEXT() REPRESENTATION_CONTEXT('2D SPACE',''
  ) );
#10106 = ORIENTED_EDGE('',*,*,#10107,.F.);
#10107 = EDGE_CURVE('',#10004,#10085,#10108,.T.);
#10108 = SURFACE_CURVE('',#10109,(#10114,#10121),.PCURVE_S1.);
#10109 = CIRCLE('',#10110,20.);
#10110 = AXIS2_PLACEMENT_3D('',#10111,#10112,#10113);
#10111 = CARTESIAN_POINT('',(103.,-9.891889989376,44.949));
#10112 = DIRECTION('',(-1.,0.,0.));
#10113 = DIRECTION('',(0.,0.,1.));
#10114 = PCURVE('',#9985,#10115);
#10115 = DEFINITIONAL_REPRESENTATION('',(#10116),#10120);
#10116 = LINE('',#10117,#10118);
#10117 = CARTESIAN_POINT('',(-3.14159265359,-3.));
#10118 = VECTOR('',#10119,1.);
#10119 = DIRECTION('',(1.,0.));
#10120 = ( GEOMETRIC_REPRESENTATION_CONTEXT(2) 
PARAMETRIC_REPRESENTATION_CONTEXT() REPRESENTATION_CONTEXT('2D SPACE',''
  ) );
#10121 = PCURVE('',#10122,#10127);
#10122 = PLANE('',#10123);
#10123 = AXIS2_PLACEMENT_3D('',#10124,#10125,#10126);
#10124 = CARTESIAN_POINT('',(103.,-10.,0.));
#10125 = DIRECTION('',(-1.,0.,0.));
#10126 = DIRECTION('',(0.,-1.,0.));
#10127 = DEFINITIONAL_REPRESENTATION('',(#10128),#10132);
#10128 = CIRCLE('',#10129,20.);
#10129 = AXIS2_PLACEMENT_2D('',#10130,#10131);
#10130 = CARTESIAN_POINT('',(-0.108110010624,44.949));
#10131 = DIRECTION('',(0.,1.));
#10132 = ( GEOMETRIC_REPRESENTATION_CONTEXT(2) 
PARAMETRIC_REPRESENTATION_CONTEXT() REPRESENTATION_CONTEXT('2D SPACE',''
  ) );
#10133 = ADVANCED_FACE('',(#10134,#10159),#10122,.T.);
#10134 = FACE_BOUND('',#10135,.T.);
#10135 = EDGE_LOOP('',(#10136,#10137));
#10136 = ORIENTED_EDGE('',*,*,#10107,.F.);
#10137 = ORIENTED_EDGE('',*,*,#10138,.F.);
#10138 = EDGE_CURVE('',#10085,#10004,#10139,.T.);
#10139 = SURFACE_CURVE('',#10140,(#10145,#10152),.PCURVE_S1.);
#10140 = CIRCLE('',#10141,20.);
#10141 = AXIS2_PLACEMENT_3D('',#10142,#10143,#10144);
#10142 = CARTESIAN_POINT('',(103.,-10.,44.949));
#10143 = DIRECTION('',(-1.,0.,0.));
#10144 = DIRECTION('',(0.,-1.,0.));
#10145 = PCURVE('',#10122,#10146);
#10146 = DEFINITIONAL_REPRESENTATION('',(#10147),#10151);
#10147 = CIRCLE('',#10148,20.);
#10148 = AXIS2_PLACEMENT_2D('',#10149,#10150);
#10149 = CARTESIAN_POINT('',(0.,44.949));
#10150 = DIRECTION('',(1.,0.));
#10151 = ( GEOMETRIC_REPRESENTATION_CONTEXT(2) 
PARAMETRIC_REPRESENTATION_CONTEXT() REPRESENTATION_CONTEXT('2D SPACE',''
  ) );
#10152 = PCURVE('',#10021,#10153);
#10153 = DEFINITIONAL_REPRESENTATION('',(#10154),#10158);
#10154 = LINE('',#10155,#10156);
#10155 = CARTESIAN_POINT('',(-4.712388980385,0.));
#10156 = VECTOR('',#10157,1.);
#10157 = DIRECTION('',(1.,0.));
#10158 = ( GEOMETRIC_REPRESENTATION_CONTEXT(2) 
PARAMETRIC_REPRESENTATION_CONTEXT() REPRESENTATION_CONTEXT('2D SPACE',''
  ) );
#10159 = FACE_BOUND('',#10160,.T.);
#10160 = EDGE_LOOP('',(#10161));
#10161 = ORIENTED_EDGE('',*,*,#10162,.T.);
#10162 = EDGE_CURVE('',#10163,#10163,#10165,.T.);
#10163 = VERTEX_POINT('',#10164);
#10164 = CARTESIAN_POINT('',(103.,-32.5,44.949));
#10165 = SURFACE_CURVE('',#10166,(#10171,#10178),.PCURVE_S1.);
#10166 = CIRCLE('',#10167,22.5);
#10167 = AXIS2_PLACEMENT_3D('',#10168,#10169,#10170);
#10168 = CARTESIAN_POINT('',(103.,-10.,44.949));
#10169 = DIRECTION('',(-1.,0.,0.));
#10170 = DIRECTION('',(0.,-1.,6.123233995737E-17));
#10171 = PCURVE('',#10122,#10172);
#10172 = DEFINITIONAL_REPRESENTATION('',(#10173),#10177);
#10173 = CIRCLE('',#10174,22.5);
#10174 = AXIS2_PLACEMENT_2D('',#10175,#10176);
#10175 = CARTESIAN_POINT('',(0.,44.949));
#10176 = DIRECTION('',(1.,6.123233995737E-17));
#10177 = ( GEOMETRIC_REPRESENTATION_CONTEXT(2) 
PARAMETRIC_REPRESENTATION_CONTEXT() REPRESENTATION_CONTEXT('2D SPACE',''
  ) );
#10178 = PCURVE('',#10179,#10184);
#10179 = CYLINDRICAL_SURFACE('',#10180,22.5);
#10180 = AXIS2_PLACEMENT_3D('',#10181,#10182,#10183);
#10181 = CARTESIAN_POINT('',(103.,-10.,44.949));
#10182 = DIRECTION('',(-1.,-0.,-0.));
#10183 = DIRECTION('',(0.,0.,-1.));
#10184 = DEFINITIONAL_REPRESENTATION('',(#10185),#10189);
#10185 = LINE('',#10186,#10187);
#10186 = CARTESIAN_POINT('',(1.570796326795,0.));
#10187 = VECTOR('',#10188,1.);
#10188 = DIRECTION('',(1.,0.));
#10189 = ( GEOMETRIC_REPRESENTATION_CONTEXT(2) 
PARAMETRIC_REPRESENTATION_CONTEXT() REPRESENTATION_CONTEXT('2D SPACE',''
  ) );
#10190 = ADVANCED_FACE('',(#10191),#10179,.T.);
#10191 = FACE_BOUND('',#10192,.T.);
#10192 = EDGE_LOOP('',(#10193,#10194,#10216,#10242));
#10193 = ORIENTED_EDGE('',*,*,#10162,.F.);
#10194 = ORIENTED_EDGE('',*,*,#10195,.F.);
#10195 = EDGE_CURVE('',#10196,#10163,#10198,.T.);
#10196 = VERTEX_POINT('',#10197);
#10197 = CARTESIAN_POINT('',(115.,-32.5,44.949));
#10198 = SEAM_CURVE('',#10199,(#10202,#10209),.PCURVE_S1.);
#10199 = B_SPLINE_CURVE_WITH_KNOTS('',1,(#10200,#10201),.UNSPECIFIED.,
  .F.,.F.,(2,2),(-12.,0.),.PIECEWISE_BEZIER_KNOTS.);
#10200 = CARTESIAN_POINT('',(115.,-32.5,44.949));
#10201 = CARTESIAN_POINT('',(103.,-32.5,44.949));
#10202 = PCURVE('',#10179,#10203);
#10203 = DEFINITIONAL_REPRESENTATION('',(#10204),#10208);
#10204 = LINE('',#10205,#10206);
#10205 = CARTESIAN_POINT('',(1.570796326795,0.));
#10206 = VECTOR('',#10207,1.);
#10207 = DIRECTION('',(0.,1.));
#10208 = ( GEOMETRIC_REPRESENTATION_CONTEXT(2) 
PARAMETRIC_REPRESENTATION_CONTEXT() REPRESENTATION_CONTEXT('2D SPACE',''
  ) );
#10209 = PCURVE('',#10179,#10210);
#10210 = DEFINITIONAL_REPRESENTATION('',(#10211),#10215);
#10211 = LINE('',#10212,#10213);
#10212 = CARTESIAN_POINT('',(7.853981633974,0.));
#10213 = VECTOR('',#10214,1.);
#10214 = DIRECTION('',(0.,1.));
#10215 = ( GEOMETRIC_REPRESENTATION_CONTEXT(2) 
PARAMETRIC_REPRESENTATION_CONTEXT() REPRESENTATION_CONTEXT('2D SPACE',''
  ) );
#10216 = ORIENTED_EDGE('',*,*,#10217,.T.);
#10217 = EDGE_CURVE('',#10196,#10196,#10218,.T.);
#10218 = SURFACE_CURVE('',#10219,(#10224,#10231),.PCURVE_S1.);
#10219 = CIRCLE('',#10220,22.5);
#10220 = AXIS2_PLACEMENT_3D('',#10221,#10222,#10223);
#10221 = CARTESIAN_POINT('',(115.,-10.,44.949));
#10222 = DIRECTION('',(-1.,0.,0.));
#10223 = DIRECTION('',(0.,-1.,6.123233995737E-17));
#10224 = PCURVE('',#10179,#10225);
#10225 = DEFINITIONAL_REPRESENTATION('',(#10226),#10230);
#10226 = LINE('',#10227,#10228);
#10227 = CARTESIAN_POINT('',(1.570796326795,-12.));
#10228 = VECTOR('',#10229,1.);
#10229 = DIRECTION('',(1.,0.));
#10230 = ( GEOMETRIC_REPRESENTATION_CONTEXT(2) 
PARAMETRIC_REPRESENTATION_CONTEXT() REPRESENTATION_CONTEXT('2D SPACE',''
  ) );
#10231 = PCURVE('',#8165,#10232);
#10232 = DEFINITIONAL_REPRESENTATION('',(#10233),#10241);
#10233 = ( BOUNDED_CURVE() B_SPLINE_CURVE(2,(#10234,#10235,#10236,#10237
    ,#10238,#10239,#10240),.UNSPECIFIED.,.T.,.F.) 
B_SPLINE_CURVE_WITH_KNOTS((1,2,2,2,2,1),(-2.094395102393,0.,
    2.094395102393,4.188790204786,6.28318530718,8.377580409573),
.UNSPECIFIED.) CURVE() GEOMETRIC_REPRESENTATION_ITEM() 
RATIONAL_B_SPLINE_CURVE((1.,0.5,1.,0.5,1.,0.5,1.)) REPRESENTATION_ITEM(
  '') );
#10234 = CARTESIAN_POINT('',(-22.5,44.949));
#10235 = CARTESIAN_POINT('',(-22.5,83.9201431703));
#10236 = CARTESIAN_POINT('',(11.25,64.43457158515));
#10237 = CARTESIAN_POINT('',(45.,44.949));
#10238 = CARTESIAN_POINT('',(11.25,25.46342841485));
#10239 = CARTESIAN_POINT('',(-22.5,5.9778568297));
#10240 = CARTESIAN_POINT('',(-22.5,44.949));
#10241 = ( GEOMETRIC_REPRESENTATION_CONTEXT(2) 
PARAMETRIC_REPRESENTATION_CONTEXT() REPRESENTATION_CONTEXT('2D SPACE',''
  ) );
#10242 = ORIENTED_EDGE('',*,*,#10195,.T.);
#10243 = ADVANCED_FACE('',(#10244),#10050,.F.);
#10244 = FACE_BOUND('',#10245,.T.);
#10245 = EDGE_LOOP('',(#10246,#10268));
#10246 = ORIENTED_EDGE('',*,*,#10247,.F.);
#10247 = EDGE_CURVE('',#10006,#10034,#10248,.T.);
#10248 = SURFACE_CURVE('',#10249,(#10254,#10261),.PCURVE_S1.);
#10249 = CIRCLE('',#10250,20.);
#10250 = AXIS2_PLACEMENT_3D('',#10251,#10252,#10253);
#10251 = CARTESIAN_POINT('',(125.,-10.,44.949));
#10252 = DIRECTION('',(1.,-0.,0.));
#10253 = DIRECTION('',(0.,0.,-1.));
#10254 = PCURVE('',#10050,#10255);
#10255 = DEFINITIONAL_REPRESENTATION('',(#10256),#10260);
#10256 = CIRCLE('',#10257,20.);
#10257 = AXIS2_PLACEMENT_2D('',#10258,#10259);
#10258 = CARTESIAN_POINT('',(0.,47.114171868296));
#10259 = DIRECTION('',(0.,-1.));
#10260 = ( GEOMETRIC_REPRESENTATION_CONTEXT(2) 
PARAMETRIC_REPRESENTATION_CONTEXT() REPRESENTATION_CONTEXT('2D SPACE',''
  ) );
#10261 = PCURVE('',#10021,#10262);
#10262 = DEFINITIONAL_REPRESENTATION('',(#10263),#10267);
#10263 = LINE('',#10264,#10265);
#10264 = CARTESIAN_POINT('',(6.28318530718,-22.));
#10265 = VECTOR('',#10266,1.);
#10266 = DIRECTION('',(-1.,0.));
#10267 = ( GEOMETRIC_REPRESENTATION_CONTEXT(2) 
PARAMETRIC_REPRESENTATION_CONTEXT() REPRESENTATION_CONTEXT('2D SPACE',''
  ) );
#10268 = ORIENTED_EDGE('',*,*,#10033,.T.);
#10269 = ADVANCED_FACE('',(#10270),#10021,.F.);
#10270 = FACE_BOUND('',#10271,.F.);
#10271 = EDGE_LOOP('',(#10272,#10273,#10274,#10275));
#10272 = ORIENTED_EDGE('',*,*,#10138,.F.);
#10273 = ORIENTED_EDGE('',*,*,#10084,.T.);
#10274 = ORIENTED_EDGE('',*,*,#10247,.F.);
#10275 = ORIENTED_EDGE('',*,*,#10003,.F.);
#10276 = ADVANCED_FACE('',(#10277),#9921,.T.);
#10277 = FACE_BOUND('',#10278,.T.);
#10278 = EDGE_LOOP('',(#10279,#10280,#10303));
#10279 = ORIENTED_EDGE('',*,*,#9906,.F.);
#10280 = ORIENTED_EDGE('',*,*,#10281,.F.);
#10281 = EDGE_CURVE('',#10282,#9878,#10284,.T.);
#10282 = VERTEX_POINT('',#10283);
#10283 = CARTESIAN_POINT('',(150.,2.990381056767,67.449));
#10284 = SURFACE_CURVE('',#10285,(#10289,#10296),.PCURVE_S1.);
#10285 = LINE('',#10286,#10287);
#10286 = CARTESIAN_POINT('',(150.,9.764625680888,55.715664128121));
#10287 = VECTOR('',#10288,1.);
#10288 = DIRECTION('',(0.,0.5,-0.866025403784));
#10289 = PCURVE('',#9921,#10290);
#10290 = DEFINITIONAL_REPRESENTATION('',(#10291),#10295);
#10291 = LINE('',#10292,#10293);
#10292 = CARTESIAN_POINT('',(19.764625680888,57.880835996417));
#10293 = VECTOR('',#10294,1.);
#10294 = DIRECTION('',(0.5,-0.866025403784));
#10295 = ( GEOMETRIC_REPRESENTATION_CONTEXT(2) 
PARAMETRIC_REPRESENTATION_CONTEXT() REPRESENTATION_CONTEXT('2D SPACE',''
  ) );
#10296 = PCURVE('',#9494,#10297);
#10297 = DEFINITIONAL_REPRESENTATION('',(#10298),#10302);
#10298 = LINE('',#10299,#10300);
#10299 = CARTESIAN_POINT('',(0.,0.));
#10300 = VECTOR('',#10301,1.);
#10301 = DIRECTION('',(-1.,0.));
#10302 = ( GEOMETRIC_REPRESENTATION_CONTEXT(2) 
PARAMETRIC_REPRESENTATION_CONTEXT() REPRESENTATION_CONTEXT('2D SPACE',''
  ) );
#10303 = ORIENTED_EDGE('',*,*,#10304,.F.);
#10304 = EDGE_CURVE('',#9668,#10282,#10305,.T.);
#10305 = SURFACE_CURVE('',#10306,(#10310,#10317),.PCURVE_S1.);
#10306 = LINE('',#10307,#10308);
#10307 = CARTESIAN_POINT('',(150.,-10.,67.449));
#10308 = VECTOR('',#10309,1.);
#10309 = DIRECTION('',(0.,1.,0.));
#10310 = PCURVE('',#9921,#10311);
#10311 = DEFINITIONAL_REPRESENTATION('',(#10312),#10316);
#10312 = LINE('',#10313,#10314);
#10313 = CARTESIAN_POINT('',(0.,69.614171868296));
#10314 = VECTOR('',#10315,1.);
#10315 = DIRECTION('',(1.,0.));
#10316 = ( GEOMETRIC_REPRESENTATION_CONTEXT(2) 
PARAMETRIC_REPRESENTATION_CONTEXT() REPRESENTATION_CONTEXT('2D SPACE',''
  ) );
#10317 = PCURVE('',#9466,#10318);
#10318 = DEFINITIONAL_REPRESENTATION('',(#10319),#10323);
#10319 = LINE('',#10320,#10321);
#10320 = CARTESIAN_POINT('',(0.,0.));
#10321 = VECTOR('',#10322,1.);
#10322 = DIRECTION('',(0.,1.));
#10323 = ( GEOMETRIC_REPRESENTATION_CONTEXT(2) 
PARAMETRIC_REPRESENTATION_CONTEXT() REPRESENTATION_CONTEXT('2D SPACE',''
  ) );
#10324 = ADVANCED_FACE('',(#10325),#9894,.F.);
#10325 = FACE_BOUND('',#10326,.T.);
#10326 = EDGE_LOOP('',(#10327,#10348));
#10327 = ORIENTED_EDGE('',*,*,#10328,.F.);
#10328 = EDGE_CURVE('',#9878,#9849,#10329,.T.);
#10329 = SURFACE_CURVE('',#10330,(#10334,#10341),.PCURVE_S1.);
#10330 = LINE('',#10331,#10332);
#10331 = CARTESIAN_POINT('',(150.,9.764625680888,55.715664128121));
#10332 = VECTOR('',#10333,1.);
#10333 = DIRECTION('',(0.,0.5,-0.866025403784));
#10334 = PCURVE('',#9894,#10335);
#10335 = DEFINITIONAL_REPRESENTATION('',(#10336),#10340);
#10336 = LINE('',#10337,#10338);
#10337 = CARTESIAN_POINT('',(19.764625680888,10.766664128121));
#10338 = VECTOR('',#10339,1.);
#10339 = DIRECTION('',(0.5,-0.866025403784));
#10340 = ( GEOMETRIC_REPRESENTATION_CONTEXT(2) 
PARAMETRIC_REPRESENTATION_CONTEXT() REPRESENTATION_CONTEXT('2D SPACE',''
  ) );
#10341 = PCURVE('',#9494,#10342);
#10342 = DEFINITIONAL_REPRESENTATION('',(#10343),#10347);
#10343 = LINE('',#10344,#10345);
#10344 = CARTESIAN_POINT('',(0.,0.));
#10345 = VECTOR('',#10346,1.);
#10346 = DIRECTION('',(-1.,0.));
#10347 = ( GEOMETRIC_REPRESENTATION_CONTEXT(2) 
PARAMETRIC_REPRESENTATION_CONTEXT() REPRESENTATION_CONTEXT('2D SPACE',''
  ) );
#10348 = ORIENTED_EDGE('',*,*,#9877,.F.);
#10349 = ADVANCED_FACE('',(#10350),#9865,.T.);
#10350 = FACE_BOUND('',#10351,.T.);
#10351 = EDGE_LOOP('',(#10352,#10353,#10376));
#10352 = ORIENTED_EDGE('',*,*,#9848,.F.);
#10353 = ORIENTED_EDGE('',*,*,#10354,.F.);
#10354 = EDGE_CURVE('',#10355,#9820,#10357,.T.);
#10355 = VERTEX_POINT('',#10356);
#10356 = CARTESIAN_POINT('',(150.,15.980762113533,44.949));
#10357 = SURFACE_CURVE('',#10358,(#10362,#10369),.PCURVE_S1.);
#10358 = LINE('',#10359,#10360);
#10359 = CARTESIAN_POINT('',(150.,9.206517489412,33.215664128121));
#10360 = VECTOR('',#10361,1.);
#10361 = DIRECTION('',(0.,-0.5,-0.866025403784));
#10362 = PCURVE('',#9865,#10363);
#10363 = DEFINITIONAL_REPRESENTATION('',(#10364),#10368);
#10364 = LINE('',#10365,#10366);
#10365 = CARTESIAN_POINT('',(19.206517489412,35.380835996417));
#10366 = VECTOR('',#10367,1.);
#10367 = DIRECTION('',(-0.5,-0.866025403784));
#10368 = ( GEOMETRIC_REPRESENTATION_CONTEXT(2) 
PARAMETRIC_REPRESENTATION_CONTEXT() REPRESENTATION_CONTEXT('2D SPACE',''
  ) );
#10369 = PCURVE('',#9522,#10370);
#10370 = DEFINITIONAL_REPRESENTATION('',(#10371),#10375);
#10371 = LINE('',#10372,#10373);
#10372 = CARTESIAN_POINT('',(0.,0.));
#10373 = VECTOR('',#10374,1.);
#10374 = DIRECTION('',(-1.,0.));
#10375 = ( GEOMETRIC_REPRESENTATION_CONTEXT(2) 
PARAMETRIC_REPRESENTATION_CONTEXT() REPRESENTATION_CONTEXT('2D SPACE',''
  ) );
#10376 = ORIENTED_EDGE('',*,*,#10377,.F.);
#10377 = EDGE_CURVE('',#9849,#10355,#10378,.T.);
#10378 = SURFACE_CURVE('',#10379,(#10383,#10390),.PCURVE_S1.);
#10379 = LINE('',#10380,#10381);
#10380 = CARTESIAN_POINT('',(150.,9.764625680888,55.715664128121));
#10381 = VECTOR('',#10382,1.);
#10382 = DIRECTION('',(0.,0.5,-0.866025403784));
#10383 = PCURVE('',#9865,#10384);
#10384 = DEFINITIONAL_REPRESENTATION('',(#10385),#10389);
#10385 = LINE('',#10386,#10387);
#10386 = CARTESIAN_POINT('',(19.764625680888,57.880835996417));
#10387 = VECTOR('',#10388,1.);
#10388 = DIRECTION('',(0.5,-0.866025403784));
#10389 = ( GEOMETRIC_REPRESENTATION_CONTEXT(2) 
PARAMETRIC_REPRESENTATION_CONTEXT() REPRESENTATION_CONTEXT('2D SPACE',''
  ) );
#10390 = PCURVE('',#9494,#10391);
#10391 = DEFINITIONAL_REPRESENTATION('',(#10392),#10396);
#10392 = LINE('',#10393,#10394);
#10393 = CARTESIAN_POINT('',(0.,0.));
#10394 = VECTOR('',#10395,1.);
#10395 = DIRECTION('',(-1.,0.));
#10396 = ( GEOMETRIC_REPRESENTATION_CONTEXT(2) 
PARAMETRIC_REPRESENTATION_CONTEXT() REPRESENTATION_CONTEXT('2D SPACE',''
  ) );
#10397 = ADVANCED_FACE('',(#10398),#9836,.F.);
#10398 = FACE_BOUND('',#10399,.T.);
#10399 = EDGE_LOOP('',(#10400,#10421));
#10400 = ORIENTED_EDGE('',*,*,#10401,.F.);
#10401 = EDGE_CURVE('',#9820,#9791,#10402,.T.);
#10402 = SURFACE_CURVE('',#10403,(#10407,#10414),.PCURVE_S1.);
#10403 = LINE('',#10404,#10405);
#10404 = CARTESIAN_POINT('',(150.,9.206517489412,33.215664128121));
#10405 = VECTOR('',#10406,1.);
#10406 = DIRECTION('',(0.,-0.5,-0.866025403784));
#10407 = PCURVE('',#9836,#10408);
#10408 = DEFINITIONAL_REPRESENTATION('',(#10409),#10413);
#10409 = LINE('',#10410,#10411);
#10410 = CARTESIAN_POINT('',(19.206517489412,-11.73333587187));
#10411 = VECTOR('',#10412,1.);
#10412 = DIRECTION('',(-0.5,-0.866025403784));
#10413 = ( GEOMETRIC_REPRESENTATION_CONTEXT(2) 
PARAMETRIC_REPRESENTATION_CONTEXT() REPRESENTATION_CONTEXT('2D SPACE',''
  ) );
#10414 = PCURVE('',#9522,#10415);
#10415 = DEFINITIONAL_REPRESENTATION('',(#10416),#10420);
#10416 = LINE('',#10417,#10418);
#10417 = CARTESIAN_POINT('',(0.,0.));
#10418 = VECTOR('',#10419,1.);
#10419 = DIRECTION('',(-1.,0.));
#10420 = ( GEOMETRIC_REPRESENTATION_CONTEXT(2) 
PARAMETRIC_REPRESENTATION_CONTEXT() REPRESENTATION_CONTEXT('2D SPACE',''
  ) );
#10421 = ORIENTED_EDGE('',*,*,#9819,.F.);
#10422 = ADVANCED_FACE('',(#10423),#9807,.T.);
#10423 = FACE_BOUND('',#10424,.T.);
#10424 = EDGE_LOOP('',(#10425,#10426,#10449));
#10425 = ORIENTED_EDGE('',*,*,#9790,.F.);
#10426 = ORIENTED_EDGE('',*,*,#10427,.F.);
#10427 = EDGE_CURVE('',#10428,#9670,#10430,.T.);
#10428 = VERTEX_POINT('',#10429);
#10429 = CARTESIAN_POINT('',(150.,2.990381056767,22.449));
#10430 = SURFACE_CURVE('',#10431,(#10435,#10442),.PCURVE_S1.);
#10431 = LINE('',#10432,#10433);
#10432 = CARTESIAN_POINT('',(150.,-10.55810819147,22.449));
#10433 = VECTOR('',#10434,1.);
#10434 = DIRECTION('',(0.,-1.,-1.179611963664E-16));
#10435 = PCURVE('',#9807,#10436);
#10436 = DEFINITIONAL_REPRESENTATION('',(#10437),#10441);
#10437 = LINE('',#10438,#10439);
#10438 = CARTESIAN_POINT('',(-0.55810819147,24.614171868296));
#10439 = VECTOR('',#10440,1.);
#10440 = DIRECTION('',(-1.,-1.179611963664E-16));
#10441 = ( GEOMETRIC_REPRESENTATION_CONTEXT(2) 
PARAMETRIC_REPRESENTATION_CONTEXT() REPRESENTATION_CONTEXT('2D SPACE',''
  ) );
#10442 = PCURVE('',#9550,#10443);
#10443 = DEFINITIONAL_REPRESENTATION('',(#10444),#10448);
#10444 = LINE('',#10445,#10446);
#10445 = CARTESIAN_POINT('',(0.,0.));
#10446 = VECTOR('',#10447,1.);
#10447 = DIRECTION('',(-1.,0.));
#10448 = ( GEOMETRIC_REPRESENTATION_CONTEXT(2) 
PARAMETRIC_REPRESENTATION_CONTEXT() REPRESENTATION_CONTEXT('2D SPACE',''
  ) );
#10449 = ORIENTED_EDGE('',*,*,#10450,.F.);
#10450 = EDGE_CURVE('',#9791,#10428,#10451,.T.);
#10451 = SURFACE_CURVE('',#10452,(#10456,#10463),.PCURVE_S1.);
#10452 = LINE('',#10453,#10454);
#10453 = CARTESIAN_POINT('',(150.,9.206517489412,33.215664128121));
#10454 = VECTOR('',#10455,1.);
#10455 = DIRECTION('',(0.,-0.5,-0.866025403784));
#10456 = PCURVE('',#9807,#10457);
#10457 = DEFINITIONAL_REPRESENTATION('',(#10458),#10462);
#10458 = LINE('',#10459,#10460);
#10459 = CARTESIAN_POINT('',(19.206517489412,35.380835996417));
#10460 = VECTOR('',#10461,1.);
#10461 = DIRECTION('',(-0.5,-0.866025403784));
#10462 = ( GEOMETRIC_REPRESENTATION_CONTEXT(2) 
PARAMETRIC_REPRESENTATION_CONTEXT() REPRESENTATION_CONTEXT('2D SPACE',''
  ) );
#10463 = PCURVE('',#9522,#10464);
#10464 = DEFINITIONAL_REPRESENTATION('',(#10465),#10469);
#10465 = LINE('',#10466,#10467);
#10466 = CARTESIAN_POINT('',(0.,0.));
#10467 = VECTOR('',#10468,1.);
#10468 = DIRECTION('',(-1.,0.));
#10469 = ( GEOMETRIC_REPRESENTATION_CONTEXT(2) 
PARAMETRIC_REPRESENTATION_CONTEXT() REPRESENTATION_CONTEXT('2D SPACE',''
  ) );
#10470 = ADVANCED_FACE('',(#10471),#9550,.T.);
#10471 = FACE_BOUND('',#10472,.T.);
#10472 = EDGE_LOOP('',(#10473,#10474,#10495,#10496,#10497));
#10473 = ORIENTED_EDGE('',*,*,#9534,.F.);
#10474 = ORIENTED_EDGE('',*,*,#10475,.F.);
#10475 = EDGE_CURVE('',#10428,#9507,#10476,.T.);
#10476 = SURFACE_CURVE('',#10477,(#10481,#10488),.PCURVE_S1.);
#10477 = LINE('',#10478,#10479);
#10478 = CARTESIAN_POINT('',(150.,2.990381056767,22.449));
#10479 = VECTOR('',#10480,1.);
#10480 = DIRECTION('',(-1.,0.,0.));
#10481 = PCURVE('',#9550,#10482);
#10482 = DEFINITIONAL_REPRESENTATION('',(#10483),#10487);
#10483 = LINE('',#10484,#10485);
#10484 = CARTESIAN_POINT('',(13.548489248237,0.));
#10485 = VECTOR('',#10486,1.);
#10486 = DIRECTION('',(0.,-1.));
#10487 = ( GEOMETRIC_REPRESENTATION_CONTEXT(2) 
PARAMETRIC_REPRESENTATION_CONTEXT() REPRESENTATION_CONTEXT('2D SPACE',''
  ) );
#10488 = PCURVE('',#9522,#10489);
#10489 = DEFINITIONAL_REPRESENTATION('',(#10490),#10494);
#10490 = LINE('',#10491,#10492);
#10491 = CARTESIAN_POINT('',(-12.43227286529,0.));
#10492 = VECTOR('',#10493,1.);
#10493 = DIRECTION('',(0.,-1.));
#10494 = ( GEOMETRIC_REPRESENTATION_CONTEXT(2) 
PARAMETRIC_REPRESENTATION_CONTEXT() REPRESENTATION_CONTEXT('2D SPACE',''
  ) );
#10495 = ORIENTED_EDGE('',*,*,#10427,.T.);
#10496 = ORIENTED_EDGE('',*,*,#9743,.T.);
#10497 = ORIENTED_EDGE('',*,*,#9592,.T.);
#10498 = ADVANCED_FACE('',(#10499),#9522,.T.);
#10499 = FACE_BOUND('',#10500,.T.);
#10500 = EDGE_LOOP('',(#10501,#10502,#10523,#10524,#10525,#10526));
#10501 = ORIENTED_EDGE('',*,*,#9506,.F.);
#10502 = ORIENTED_EDGE('',*,*,#10503,.F.);
#10503 = EDGE_CURVE('',#10355,#9479,#10504,.T.);
#10504 = SURFACE_CURVE('',#10505,(#10509,#10516),.PCURVE_S1.);
#10505 = LINE('',#10506,#10507);
#10506 = CARTESIAN_POINT('',(150.,15.980762113533,44.949));
#10507 = VECTOR('',#10508,1.);
#10508 = DIRECTION('',(-1.,0.,0.));
#10509 = PCURVE('',#9522,#10510);
#10510 = DEFINITIONAL_REPRESENTATION('',(#10511),#10515);
#10511 = LINE('',#10512,#10513);
#10512 = CARTESIAN_POINT('',(13.548489248243,0.));
#10513 = VECTOR('',#10514,1.);
#10514 = DIRECTION('',(0.,-1.));
#10515 = ( GEOMETRIC_REPRESENTATION_CONTEXT(2) 
PARAMETRIC_REPRESENTATION_CONTEXT() REPRESENTATION_CONTEXT('2D SPACE',''
  ) );
#10516 = PCURVE('',#9494,#10517);
#10517 = DEFINITIONAL_REPRESENTATION('',(#10518),#10522);
#10518 = LINE('',#10519,#10520);
#10519 = CARTESIAN_POINT('',(-12.43227286529,0.));
#10520 = VECTOR('',#10521,1.);
#10521 = DIRECTION('',(0.,-1.));
#10522 = ( GEOMETRIC_REPRESENTATION_CONTEXT(2) 
PARAMETRIC_REPRESENTATION_CONTEXT() REPRESENTATION_CONTEXT('2D SPACE',''
  ) );
#10523 = ORIENTED_EDGE('',*,*,#10354,.T.);
#10524 = ORIENTED_EDGE('',*,*,#10401,.T.);
#10525 = ORIENTED_EDGE('',*,*,#10450,.T.);
#10526 = ORIENTED_EDGE('',*,*,#10475,.T.);
#10527 = ADVANCED_FACE('',(#10528),#9494,.T.);
#10528 = FACE_BOUND('',#10529,.T.);
#10529 = EDGE_LOOP('',(#10530,#10531,#10552,#10553,#10554,#10555));
#10530 = ORIENTED_EDGE('',*,*,#9478,.F.);
#10531 = ORIENTED_EDGE('',*,*,#10532,.F.);
#10532 = EDGE_CURVE('',#10282,#9451,#10533,.T.);
#10533 = SURFACE_CURVE('',#10534,(#10538,#10545),.PCURVE_S1.);
#10534 = LINE('',#10535,#10536);
#10535 = CARTESIAN_POINT('',(150.,2.990381056767,67.449));
#10536 = VECTOR('',#10537,1.);
#10537 = DIRECTION('',(-1.,0.,0.));
#10538 = PCURVE('',#9494,#10539);
#10539 = DEFINITIONAL_REPRESENTATION('',(#10540),#10544);
#10540 = LINE('',#10541,#10542);
#10541 = CARTESIAN_POINT('',(13.548489248243,0.));
#10542 = VECTOR('',#10543,1.);
#10543 = DIRECTION('',(0.,-1.));
#10544 = ( GEOMETRIC_REPRESENTATION_CONTEXT(2) 
PARAMETRIC_REPRESENTATION_CONTEXT() REPRESENTATION_CONTEXT('2D SPACE',''
  ) );
#10545 = PCURVE('',#9466,#10546);
#10546 = DEFINITIONAL_REPRESENTATION('',(#10547),#10551);
#10547 = LINE('',#10548,#10549);
#10548 = CARTESIAN_POINT('',(0.,12.990381056767));
#10549 = VECTOR('',#10550,1.);
#10550 = DIRECTION('',(-1.,0.));
#10551 = ( GEOMETRIC_REPRESENTATION_CONTEXT(2) 
PARAMETRIC_REPRESENTATION_CONTEXT() REPRESENTATION_CONTEXT('2D SPACE',''
  ) );
#10552 = ORIENTED_EDGE('',*,*,#10281,.T.);
#10553 = ORIENTED_EDGE('',*,*,#10328,.T.);
#10554 = ORIENTED_EDGE('',*,*,#10377,.T.);
#10555 = ORIENTED_EDGE('',*,*,#10503,.T.);
#10556 = ADVANCED_FACE('',(#10557),#9466,.T.);
#10557 = FACE_BOUND('',#10558,.T.);
#10558 = EDGE_LOOP('',(#10559,#10560,#10581,#10582,#10583));
#10559 = ORIENTED_EDGE('',*,*,#9450,.F.);
#10560 = ORIENTED_EDGE('',*,*,#10561,.F.);
#10561 = EDGE_CURVE('',#9699,#9423,#10562,.T.);
#10562 = SURFACE_CURVE('',#10563,(#10567,#10574),.PCURVE_S1.);
#10563 = LINE('',#10564,#10565);
#10564 = CARTESIAN_POINT('',(150.,-22.99038105676,67.449));
#10565 = VECTOR('',#10566,1.);
#10566 = DIRECTION('',(-1.,0.,0.));
#10567 = PCURVE('',#9466,#10568);
#10568 = DEFINITIONAL_REPRESENTATION('',(#10569),#10573);
#10569 = LINE('',#10570,#10571);
#10570 = CARTESIAN_POINT('',(0.,-12.99038105676));
#10571 = VECTOR('',#10572,1.);
#10572 = DIRECTION('',(-1.,0.));
#10573 = ( GEOMETRIC_REPRESENTATION_CONTEXT(2) 
PARAMETRIC_REPRESENTATION_CONTEXT() REPRESENTATION_CONTEXT('2D SPACE',''
  ) );
#10574 = PCURVE('',#9438,#10575);
#10575 = DEFINITIONAL_REPRESENTATION('',(#10576),#10580);
#10576 = LINE('',#10577,#10578);
#10577 = CARTESIAN_POINT('',(-12.43227286529,0.));
#10578 = VECTOR('',#10579,1.);
#10579 = DIRECTION('',(-0.,-1.));
#10580 = ( GEOMETRIC_REPRESENTATION_CONTEXT(2) 
PARAMETRIC_REPRESENTATION_CONTEXT() REPRESENTATION_CONTEXT('2D SPACE',''
  ) );
#10581 = ORIENTED_EDGE('',*,*,#9698,.T.);
#10582 = ORIENTED_EDGE('',*,*,#10304,.T.);
#10583 = ORIENTED_EDGE('',*,*,#10532,.T.);
#10584 = ADVANCED_FACE('',(#10585),#9438,.T.);
#10585 = FACE_BOUND('',#10586,.T.);
#10586 = EDGE_LOOP('',(#10587,#10588,#10589,#10590));
#10587 = ORIENTED_EDGE('',*,*,#9420,.F.);
#10588 = ORIENTED_EDGE('',*,*,#9643,.F.);
#10589 = ORIENTED_EDGE('',*,*,#9721,.T.);
#10590 = ORIENTED_EDGE('',*,*,#10561,.T.);
#10591 = ADVANCED_FACE('',(#10592),#8193,.T.);
#10592 = FACE_BOUND('',#10593,.T.);
#10593 = EDGE_LOOP('',(#10594,#10617,#10618,#10619,#10620,#10621));
#10594 = ORIENTED_EDGE('',*,*,#10595,.F.);
#10595 = EDGE_CURVE('',#9324,#10596,#10598,.T.);
#10596 = VERTEX_POINT('',#10597);
#10597 = CARTESIAN_POINT('',(0.,-20.,-74.33034373659));
#10598 = SURFACE_CURVE('',#10599,(#10603,#10610),.PCURVE_S1.);
#10599 = LINE('',#10600,#10601);
#10600 = CARTESIAN_POINT('',(0.,-20.,-70.86515956452));
#10601 = VECTOR('',#10602,1.);
#10602 = DIRECTION('',(0.,-1.836970198721E-16,1.));
#10603 = PCURVE('',#8193,#10604);
#10604 = DEFINITIONAL_REPRESENTATION('',(#10605),#10609);
#10605 = LINE('',#10606,#10607);
#10606 = CARTESIAN_POINT('',(0.,-125.));
#10607 = VECTOR('',#10608,1.);
#10608 = DIRECTION('',(-1.,0.));
#10609 = ( GEOMETRIC_REPRESENTATION_CONTEXT(2) 
PARAMETRIC_REPRESENTATION_CONTEXT() REPRESENTATION_CONTEXT('2D SPACE',''
  ) );
#10610 = PCURVE('',#3132,#10611);
#10611 = DEFINITIONAL_REPRESENTATION('',(#10612),#10616);
#10612 = LINE('',#10613,#10614);
#10613 = CARTESIAN_POINT('',(-10.,-70.86515956452));
#10614 = VECTOR('',#10615,1.);
#10615 = DIRECTION('',(-1.836970198721E-16,1.));
#10616 = ( GEOMETRIC_REPRESENTATION_CONTEXT(2) 
PARAMETRIC_REPRESENTATION_CONTEXT() REPRESENTATION_CONTEXT('2D SPACE',''
  ) );
#10617 = ORIENTED_EDGE('',*,*,#9370,.F.);
#10618 = ORIENTED_EDGE('',*,*,#9396,.T.);
#10619 = ORIENTED_EDGE('',*,*,#8177,.T.);
#10620 = ORIENTED_EDGE('',*,*,#8952,.T.);
#10621 = ORIENTED_EDGE('',*,*,#10622,.T.);
#10622 = EDGE_CURVE('',#8614,#10596,#10623,.T.);
#10623 = SURFACE_CURVE('',#10624,(#10628,#10635),.PCURVE_S1.);
#10624 = LINE('',#10625,#10626);
#10625 = CARTESIAN_POINT('',(125.,-20.,-74.33034373659));
#10626 = VECTOR('',#10627,1.);
#10627 = DIRECTION('',(-1.,0.,0.));
#10628 = PCURVE('',#8193,#10629);
#10629 = DEFINITIONAL_REPRESENTATION('',(#10630),#10634);
#10630 = LINE('',#10631,#10632);
#10631 = CARTESIAN_POINT('',(3.46518417207,0.));
#10632 = VECTOR('',#10633,1.);
#10633 = DIRECTION('',(0.,-1.));
#10634 = ( GEOMETRIC_REPRESENTATION_CONTEXT(2) 
PARAMETRIC_REPRESENTATION_CONTEXT() REPRESENTATION_CONTEXT('2D SPACE',''
  ) );
#10635 = PCURVE('',#3632,#10636);
#10636 = DEFINITIONAL_REPRESENTATION('',(#10637),#10641);
#10637 = LINE('',#10638,#10639);
#10638 = CARTESIAN_POINT('',(3.00786106418,115.));
#10639 = VECTOR('',#10640,1.);
#10640 = DIRECTION('',(0.,-1.));
#10641 = ( GEOMETRIC_REPRESENTATION_CONTEXT(2) 
PARAMETRIC_REPRESENTATION_CONTEXT() REPRESENTATION_CONTEXT('2D SPACE',''
  ) );
#10642 = ADVANCED_FACE('',(#10643,#10646),#8165,.F.);
#10643 = FACE_BOUND('',#10644,.T.);
#10644 = EDGE_LOOP('',(#10645));
#10645 = ORIENTED_EDGE('',*,*,#10217,.F.);
#10646 = FACE_BOUND('',#10647,.T.);
#10647 = EDGE_LOOP('',(#10648,#10649,#10650,#10651,#10652,#10653));
#10648 = ORIENTED_EDGE('',*,*,#8262,.F.);
#10649 = ORIENTED_EDGE('',*,*,#8909,.T.);
#10650 = ORIENTED_EDGE('',*,*,#8148,.F.);
#10651 = ORIENTED_EDGE('',*,*,#8976,.T.);
#10652 = ORIENTED_EDGE('',*,*,#9193,.F.);
#10653 = ORIENTED_EDGE('',*,*,#8451,.F.);
#10654 = ADVANCED_FACE('',(#10655),#3716,.F.);
#10655 = FACE_BOUND('',#10656,.T.);
#10656 = EDGE_LOOP('',(#10657,#10658,#10679));
#10657 = ORIENTED_EDGE('',*,*,#3700,.F.);
#10658 = ORIENTED_EDGE('',*,*,#10659,.T.);
#10659 = EDGE_CURVE('',#3673,#8125,#10660,.T.);
#10660 = SURFACE_CURVE('',#10661,(#10665,#10672),.PCURVE_S1.);
#10661 = LINE('',#10662,#10663);
#10662 = CARTESIAN_POINT('',(115.,-10.34917403012,74.330343736592));
#10663 = VECTOR('',#10664,1.);
#10664 = DIRECTION('',(0.,-1.,0.));
#10665 = PCURVE('',#3716,#10666);
#10666 = DEFINITIONAL_REPRESENTATION('',(#10667),#10671);
#10667 = LINE('',#10668,#10669);
#10668 = CARTESIAN_POINT('',(-0.34917403012,74.330343736592));
#10669 = VECTOR('',#10670,1.);
#10670 = DIRECTION('',(-1.,0.));
#10671 = ( GEOMETRIC_REPRESENTATION_CONTEXT(2) 
PARAMETRIC_REPRESENTATION_CONTEXT() REPRESENTATION_CONTEXT('2D SPACE',''
  ) );
#10672 = PCURVE('',#3688,#10673);
#10673 = DEFINITIONAL_REPRESENTATION('',(#10674),#10678);
#10674 = LINE('',#10675,#10676);
#10675 = CARTESIAN_POINT('',(10.,0.));
#10676 = VECTOR('',#10677,1.);
#10677 = DIRECTION('',(0.,-1.));
#10678 = ( GEOMETRIC_REPRESENTATION_CONTEXT(2) 
PARAMETRIC_REPRESENTATION_CONTEXT() REPRESENTATION_CONTEXT('2D SPACE',''
  ) );
#10679 = ORIENTED_EDGE('',*,*,#8124,.F.);
#10680 = ADVANCED_FACE('',(#10681),#3688,.F.);
#10681 = FACE_BOUND('',#10682,.T.);
#10682 = EDGE_LOOP('',(#10683,#10684,#10705,#10706));
#10683 = ORIENTED_EDGE('',*,*,#3672,.F.);
#10684 = ORIENTED_EDGE('',*,*,#10685,.F.);
#10685 = EDGE_CURVE('',#8586,#3645,#10686,.T.);
#10686 = SURFACE_CURVE('',#10687,(#10691,#10698),.PCURVE_S1.);
#10687 = LINE('',#10688,#10689);
#10688 = CARTESIAN_POINT('',(10.,-10.,74.330343736592));
#10689 = VECTOR('',#10690,1.);
#10690 = DIRECTION('',(0.,1.,0.));
#10691 = PCURVE('',#3688,#10692);
#10692 = DEFINITIONAL_REPRESENTATION('',(#10693),#10697);
#10693 = LINE('',#10694,#10695);
#10694 = CARTESIAN_POINT('',(115.,0.34917403012));
#10695 = VECTOR('',#10696,1.);
#10696 = DIRECTION('',(0.,1.));
#10697 = ( GEOMETRIC_REPRESENTATION_CONTEXT(2) 
PARAMETRIC_REPRESENTATION_CONTEXT() REPRESENTATION_CONTEXT('2D SPACE',''
  ) );
#10698 = PCURVE('',#3660,#10699);
#10699 = DEFINITIONAL_REPRESENTATION('',(#10700),#10704);
#10700 = LINE('',#10701,#10702);
#10701 = CARTESIAN_POINT('',(0.,74.330343736592));
#10702 = VECTOR('',#10703,1.);
#10703 = DIRECTION('',(1.,0.));
#10704 = ( GEOMETRIC_REPRESENTATION_CONTEXT(2) 
PARAMETRIC_REPRESENTATION_CONTEXT() REPRESENTATION_CONTEXT('2D SPACE',''
  ) );
#10705 = ORIENTED_EDGE('',*,*,#8999,.F.);
#10706 = ORIENTED_EDGE('',*,*,#10659,.F.);
#10707 = ADVANCED_FACE('',(#10708),#3660,.T.);
#10708 = FACE_BOUND('',#10709,.T.);
#10709 = EDGE_LOOP('',(#10710,#10711,#10712));
#10710 = ORIENTED_EDGE('',*,*,#10685,.T.);
#10711 = ORIENTED_EDGE('',*,*,#3644,.T.);
#10712 = ORIENTED_EDGE('',*,*,#10713,.T.);
#10713 = EDGE_CURVE('',#3617,#8586,#10714,.T.);
#10714 = SURFACE_CURVE('',#10715,(#10720,#10727),.PCURVE_S1.);
#10715 = CIRCLE('',#10716,75.);
#10716 = AXIS2_PLACEMENT_3D('',#10717,#10718,#10719);
#10717 = CARTESIAN_POINT('',(10.,-10.,0.));
#10718 = DIRECTION('',(1.,0.,0.));
#10719 = DIRECTION('',(0.,1.,0.));
#10720 = PCURVE('',#3660,#10721);
#10721 = DEFINITIONAL_REPRESENTATION('',(#10722),#10726);
#10722 = CIRCLE('',#10723,75.);
#10723 = AXIS2_PLACEMENT_2D('',#10724,#10725);
#10724 = CARTESIAN_POINT('',(0.,0.));
#10725 = DIRECTION('',(1.,0.));
#10726 = ( GEOMETRIC_REPRESENTATION_CONTEXT(2) 
PARAMETRIC_REPRESENTATION_CONTEXT() REPRESENTATION_CONTEXT('2D SPACE',''
  ) );
#10727 = PCURVE('',#3632,#10728);
#10728 = DEFINITIONAL_REPRESENTATION('',(#10729),#10733);
#10729 = LINE('',#10730,#10731);
#10730 = CARTESIAN_POINT('',(-1.570796326795,0.));
#10731 = VECTOR('',#10732,1.);
#10732 = DIRECTION('',(1.,0.));
#10733 = ( GEOMETRIC_REPRESENTATION_CONTEXT(2) 
PARAMETRIC_REPRESENTATION_CONTEXT() REPRESENTATION_CONTEXT('2D SPACE',''
  ) );
#10734 = ADVANCED_FACE('',(#10735),#3632,.T.);
#10735 = FACE_BOUND('',#10736,.T.);
#10736 = EDGE_LOOP('',(#10737,#10738,#10766,#10788,#10789,#10790));
#10737 = ORIENTED_EDGE('',*,*,#3616,.T.);
#10738 = ORIENTED_EDGE('',*,*,#10739,.T.);
#10739 = EDGE_CURVE('',#3594,#10740,#10742,.T.);
#10740 = VERTEX_POINT('',#10741);
#10741 = CARTESIAN_POINT('',(0.,-20.,74.330343736592));
#10742 = SURFACE_CURVE('',#10743,(#10748,#10755),.PCURVE_S1.);
#10743 = CIRCLE('',#10744,75.);
#10744 = AXIS2_PLACEMENT_3D('',#10745,#10746,#10747);
#10745 = CARTESIAN_POINT('',(0.,-10.,0.));
#10746 = DIRECTION('',(1.,0.,0.));
#10747 = DIRECTION('',(0.,1.,0.));
#10748 = PCURVE('',#3632,#10749);
#10749 = DEFINITIONAL_REPRESENTATION('',(#10750),#10754);
#10750 = LINE('',#10751,#10752);
#10751 = CARTESIAN_POINT('',(-1.570796326795,-10.));
#10752 = VECTOR('',#10753,1.);
#10753 = DIRECTION('',(1.,0.));
#10754 = ( GEOMETRIC_REPRESENTATION_CONTEXT(2) 
PARAMETRIC_REPRESENTATION_CONTEXT() REPRESENTATION_CONTEXT('2D SPACE',''
  ) );
#10755 = PCURVE('',#3500,#10756);
#10756 = DEFINITIONAL_REPRESENTATION('',(#10757),#10765);
#10757 = ( BOUNDED_CURVE() B_SPLINE_CURVE(2,(#10758,#10759,#10760,#10761
    ,#10762,#10763,#10764),.UNSPECIFIED.,.T.,.F.) 
B_SPLINE_CURVE_WITH_KNOTS((1,2,2,2,2,1),(-2.094395102393,0.,
    2.094395102393,4.188790204786,6.28318530718,8.377580409573),
.UNSPECIFIED.) CURVE() GEOMETRIC_REPRESENTATION_ITEM() 
RATIONAL_B_SPLINE_CURVE((1.,0.5,1.,0.5,1.,0.5,1.)) REPRESENTATION_ITEM(
  '') );
#10758 = CARTESIAN_POINT('',(-23.59477094512,85.));
#10759 = CARTESIAN_POINT('',(106.30903962254,85.));
#10760 = CARTESIAN_POINT('',(41.357134338709,-27.5));
#10761 = CARTESIAN_POINT('',(-23.59477094512,-140.));
#10762 = CARTESIAN_POINT('',(-88.54667622895,-27.5));
#10763 = CARTESIAN_POINT('',(-153.4985815127,85.));
#10764 = CARTESIAN_POINT('',(-23.59477094512,85.));
#10765 = ( GEOMETRIC_REPRESENTATION_CONTEXT(2) 
PARAMETRIC_REPRESENTATION_CONTEXT() REPRESENTATION_CONTEXT('2D SPACE',''
  ) );
#10766 = ORIENTED_EDGE('',*,*,#10767,.T.);
#10767 = EDGE_CURVE('',#10740,#10596,#10768,.T.);
#10768 = SURFACE_CURVE('',#10769,(#10774,#10781),.PCURVE_S1.);
#10769 = CIRCLE('',#10770,75.);
#10770 = AXIS2_PLACEMENT_3D('',#10771,#10772,#10773);
#10771 = CARTESIAN_POINT('',(0.,-10.,0.));
#10772 = DIRECTION('',(1.,0.,0.));
#10773 = DIRECTION('',(0.,1.,0.));
#10774 = PCURVE('',#3632,#10775);
#10775 = DEFINITIONAL_REPRESENTATION('',(#10776),#10780);
#10776 = LINE('',#10777,#10778);
#10777 = CARTESIAN_POINT('',(-1.570796326795,-10.));
#10778 = VECTOR('',#10779,1.);
#10779 = DIRECTION('',(1.,0.));
#10780 = ( GEOMETRIC_REPRESENTATION_CONTEXT(2) 
PARAMETRIC_REPRESENTATION_CONTEXT() REPRESENTATION_CONTEXT('2D SPACE',''
  ) );
#10781 = PCURVE('',#3132,#10782);
#10782 = DEFINITIONAL_REPRESENTATION('',(#10783),#10787);
#10783 = CIRCLE('',#10784,75.);
#10784 = AXIS2_PLACEMENT_2D('',#10785,#10786);
#10785 = CARTESIAN_POINT('',(0.,0.));
#10786 = DIRECTION('',(1.,0.));
#10787 = ( GEOMETRIC_REPRESENTATION_CONTEXT(2) 
PARAMETRIC_REPRESENTATION_CONTEXT() REPRESENTATION_CONTEXT('2D SPACE',''
  ) );
#10788 = ORIENTED_EDGE('',*,*,#10622,.F.);
#10789 = ORIENTED_EDGE('',*,*,#8613,.F.);
#10790 = ORIENTED_EDGE('',*,*,#10713,.F.);
#10791 = ADVANCED_FACE('',(#10792),#3559,.T.);
#10792 = FACE_BOUND('',#10793,.T.);
#10793 = EDGE_LOOP('',(#10794,#10795,#10818,#10839));
#10794 = ORIENTED_EDGE('',*,*,#5310,.F.);
#10795 = ORIENTED_EDGE('',*,*,#10796,.F.);
#10796 = EDGE_CURVE('',#10797,#5288,#10799,.T.);
#10797 = VERTEX_POINT('',#10798);
#10798 = CARTESIAN_POINT('',(-15.,-2.5,77.330343736593));
#10799 = SURFACE_CURVE('',#10800,(#10804,#10811),.PCURVE_S1.);
#10800 = LINE('',#10801,#10802);
#10801 = CARTESIAN_POINT('',(64.378033392131,-2.5,77.330343736593));
#10802 = VECTOR('',#10803,1.);
#10803 = DIRECTION('',(1.,1.224646799147E-16,0.));
#10804 = PCURVE('',#3559,#10805);
#10805 = DEFINITIONAL_REPRESENTATION('',(#10806),#10810);
#10806 = LINE('',#10807,#10808);
#10807 = CARTESIAN_POINT('',(11.878033392131,7.5));
#10808 = VECTOR('',#10809,1.);
#10809 = DIRECTION('',(1.,1.224646799147E-16));
#10810 = ( GEOMETRIC_REPRESENTATION_CONTEXT(2) 
PARAMETRIC_REPRESENTATION_CONTEXT() REPRESENTATION_CONTEXT('2D SPACE',''
  ) );
#10811 = PCURVE('',#3399,#10812);
#10812 = DEFINITIONAL_REPRESENTATION('',(#10813),#10817);
#10813 = LINE('',#10814,#10815);
#10814 = CARTESIAN_POINT('',(-0.,-2.));
#10815 = VECTOR('',#10816,1.);
#10816 = DIRECTION('',(-1.,0.));
#10817 = ( GEOMETRIC_REPRESENTATION_CONTEXT(2) 
PARAMETRIC_REPRESENTATION_CONTEXT() REPRESENTATION_CONTEXT('2D SPACE',''
  ) );
#10818 = ORIENTED_EDGE('',*,*,#10819,.F.);
#10819 = EDGE_CURVE('',#3542,#10797,#10820,.T.);
#10820 = SURFACE_CURVE('',#10821,(#10825,#10832),.PCURVE_S1.);
#10821 = LINE('',#10822,#10823);
#10822 = CARTESIAN_POINT('',(-15.,-13.06635951968,77.330343736593));
#10823 = VECTOR('',#10824,1.);
#10824 = DIRECTION('',(-3.061616997868E-16,1.,0.));
#10825 = PCURVE('',#3559,#10826);
#10826 = DEFINITIONAL_REPRESENTATION('',(#10827),#10831);
#10827 = LINE('',#10828,#10829);
#10828 = CARTESIAN_POINT('',(-67.5,-3.06635951968));
#10829 = VECTOR('',#10830,1.);
#10830 = DIRECTION('',(-3.061616997868E-16,1.));
#10831 = ( GEOMETRIC_REPRESENTATION_CONTEXT(2) 
PARAMETRIC_REPRESENTATION_CONTEXT() REPRESENTATION_CONTEXT('2D SPACE',''
  ) );
#10832 = PCURVE('',#3371,#10833);
#10833 = DEFINITIONAL_REPRESENTATION('',(#10834),#10838);
#10834 = LINE('',#10835,#10836);
#10835 = CARTESIAN_POINT('',(0.,-2.));
#10836 = VECTOR('',#10837,1.);
#10837 = DIRECTION('',(-1.,0.));
#10838 = ( GEOMETRIC_REPRESENTATION_CONTEXT(2) 
PARAMETRIC_REPRESENTATION_CONTEXT() REPRESENTATION_CONTEXT('2D SPACE',''
  ) );
#10839 = ORIENTED_EDGE('',*,*,#3541,.T.);
#10840 = ADVANCED_FACE('',(#10841),#3500,.F.);
#10841 = FACE_BOUND('',#10842,.T.);
#10842 = EDGE_LOOP('',(#10843,#10844,#10845,#10866));
#10843 = ORIENTED_EDGE('',*,*,#3593,.F.);
#10844 = ORIENTED_EDGE('',*,*,#3484,.F.);
#10845 = ORIENTED_EDGE('',*,*,#10846,.F.);
#10846 = EDGE_CURVE('',#10740,#3462,#10847,.T.);
#10847 = SURFACE_CURVE('',#10848,(#10852,#10859),.PCURVE_S1.);
#10848 = LINE('',#10849,#10850);
#10849 = CARTESIAN_POINT('',(0.,-20.,23.594770945124));
#10850 = VECTOR('',#10851,1.);
#10851 = DIRECTION('',(0.,0.,1.));
#10852 = PCURVE('',#3500,#10853);
#10853 = DEFINITIONAL_REPRESENTATION('',(#10854),#10858);
#10854 = LINE('',#10855,#10856);
#10855 = CARTESIAN_POINT('',(0.,0.));
#10856 = VECTOR('',#10857,1.);
#10857 = DIRECTION('',(1.,0.));
#10858 = ( GEOMETRIC_REPRESENTATION_CONTEXT(2) 
PARAMETRIC_REPRESENTATION_CONTEXT() REPRESENTATION_CONTEXT('2D SPACE',''
  ) );
#10859 = PCURVE('',#3160,#10860);
#10860 = DEFINITIONAL_REPRESENTATION('',(#10861),#10865);
#10861 = LINE('',#10862,#10863);
#10862 = CARTESIAN_POINT('',(50.,-13.90522905487));
#10863 = VECTOR('',#10864,1.);
#10864 = DIRECTION('',(0.,1.));
#10865 = ( GEOMETRIC_REPRESENTATION_CONTEXT(2) 
PARAMETRIC_REPRESENTATION_CONTEXT() REPRESENTATION_CONTEXT('2D SPACE',''
  ) );
#10866 = ORIENTED_EDGE('',*,*,#10739,.F.);
#10867 = ADVANCED_FACE('',(#10868),#3427,.F.);
#10868 = FACE_BOUND('',#10869,.T.);
#10869 = EDGE_LOOP('',(#10870,#10871,#10892,#10893));
#10870 = ORIENTED_EDGE('',*,*,#3411,.F.);
#10871 = ORIENTED_EDGE('',*,*,#10872,.T.);
#10872 = EDGE_CURVE('',#3384,#8788,#10873,.T.);
#10873 = SURFACE_CURVE('',#10874,(#10878,#10885),.PCURVE_S1.);
#10874 = LINE('',#10875,#10876);
#10875 = CARTESIAN_POINT('',(0.,-2.5,23.594770945124));
#10876 = VECTOR('',#10877,1.);
#10877 = DIRECTION('',(0.,0.,-1.));
#10878 = PCURVE('',#3427,#10879);
#10879 = DEFINITIONAL_REPRESENTATION('',(#10880),#10884);
#10880 = LINE('',#10881,#10882);
#10881 = CARTESIAN_POINT('',(0.,17.5));
#10882 = VECTOR('',#10883,1.);
#10883 = DIRECTION('',(-1.,0.));
#10884 = ( GEOMETRIC_REPRESENTATION_CONTEXT(2) 
PARAMETRIC_REPRESENTATION_CONTEXT() REPRESENTATION_CONTEXT('2D SPACE',''
  ) );
#10885 = PCURVE('',#3399,#10886);
#10886 = DEFINITIONAL_REPRESENTATION('',(#10887),#10891);
#10887 = LINE('',#10888,#10889);
#10888 = CARTESIAN_POINT('',(64.378033392131,-55.73557279146));
#10889 = VECTOR('',#10890,1.);
#10890 = DIRECTION('',(-0.,-1.));
#10891 = ( GEOMETRIC_REPRESENTATION_CONTEXT(2) 
PARAMETRIC_REPRESENTATION_CONTEXT() REPRESENTATION_CONTEXT('2D SPACE',''
  ) );
#10892 = ORIENTED_EDGE('',*,*,#8785,.F.);
#10893 = ORIENTED_EDGE('',*,*,#10894,.T.);
#10894 = EDGE_CURVE('',#8786,#3412,#10895,.T.);
#10895 = SURFACE_CURVE('',#10896,(#10900,#10907),.PCURVE_S1.);
#10896 = LINE('',#10897,#10898);
#10897 = CARTESIAN_POINT('',(0.,0.,23.594770945124));
#10898 = VECTOR('',#10899,1.);
#10899 = DIRECTION('',(0.,0.,1.));
#10900 = PCURVE('',#3427,#10901);
#10901 = DEFINITIONAL_REPRESENTATION('',(#10902),#10906);
#10902 = LINE('',#10903,#10904);
#10903 = CARTESIAN_POINT('',(0.,20.));
#10904 = VECTOR('',#10905,1.);
#10905 = DIRECTION('',(1.,0.));
#10906 = ( GEOMETRIC_REPRESENTATION_CONTEXT(2) 
PARAMETRIC_REPRESENTATION_CONTEXT() REPRESENTATION_CONTEXT('2D SPACE',''
  ) );
#10907 = PCURVE('',#3104,#10908);
#10908 = DEFINITIONAL_REPRESENTATION('',(#10909),#10913);
#10909 = LINE('',#10910,#10911);
#10910 = CARTESIAN_POINT('',(50.,-13.90522905487));
#10911 = VECTOR('',#10912,1.);
#10912 = DIRECTION('',(0.,1.));
#10913 = ( GEOMETRIC_REPRESENTATION_CONTEXT(2) 
PARAMETRIC_REPRESENTATION_CONTEXT() REPRESENTATION_CONTEXT('2D SPACE',''
  ) );
#10914 = ADVANCED_FACE('',(#10915),#3399,.T.);
#10915 = FACE_BOUND('',#10916,.T.);
#10916 = EDGE_LOOP('',(#10917,#10918,#10919,#10920,#10921,#10922,#10923,
    #10924,#10925,#10926,#10927,#10928,#10929,#10930,#10931,#10932,
    #10933,#10934,#10935,#10936,#10937,#10938,#10939,#10940,#10941,
    #10942,#10943,#10944,#10945,#10946,#10947,#10948,#10949,#10950,
    #10951,#10952,#10953,#10954,#10955,#10956,#10957,#10958,#10959,
    #10960,#10961,#10962,#10963,#10964,#10965,#10966,#10967,#10968,
    #10969,#10970,#10971,#10972,#10973,#10974,#10975,#10976,#10977,
    #10978,#10979));
#10917 = ORIENTED_EDGE('',*,*,#10796,.T.);
#10918 = ORIENTED_EDGE('',*,*,#5287,.T.);
#10919 = ORIENTED_EDGE('',*,*,#5335,.T.);
#10920 = ORIENTED_EDGE('',*,*,#5409,.F.);
#10921 = ORIENTED_EDGE('',*,*,#5458,.T.);
#10922 = ORIENTED_EDGE('',*,*,#5505,.T.);
#10923 = ORIENTED_EDGE('',*,*,#5555,.T.);
#10924 = ORIENTED_EDGE('',*,*,#5605,.F.);
#10925 = ORIENTED_EDGE('',*,*,#5653,.T.);
#10926 = ORIENTED_EDGE('',*,*,#5701,.T.);
#10927 = ORIENTED_EDGE('',*,*,#5750,.T.);
#10928 = ORIENTED_EDGE('',*,*,#5801,.F.);
#10929 = ORIENTED_EDGE('',*,*,#5825,.T.);
#10930 = ORIENTED_EDGE('',*,*,#5897,.T.);
#10931 = ORIENTED_EDGE('',*,*,#5923,.T.);
#10932 = ORIENTED_EDGE('',*,*,#5997,.F.);
#10933 = ORIENTED_EDGE('',*,*,#6046,.T.);
#10934 = ORIENTED_EDGE('',*,*,#6093,.T.);
#10935 = ORIENTED_EDGE('',*,*,#6144,.T.);
#10936 = ORIENTED_EDGE('',*,*,#6193,.F.);
#10937 = ORIENTED_EDGE('',*,*,#6217,.T.);
#10938 = ORIENTED_EDGE('',*,*,#6289,.T.);
#10939 = ORIENTED_EDGE('',*,*,#6315,.T.);
#10940 = ORIENTED_EDGE('',*,*,#6389,.F.);
#10941 = ORIENTED_EDGE('',*,*,#6438,.T.);
#10942 = ORIENTED_EDGE('',*,*,#6485,.T.);
#10943 = ORIENTED_EDGE('',*,*,#6536,.T.);
#10944 = ORIENTED_EDGE('',*,*,#6585,.F.);
#10945 = ORIENTED_EDGE('',*,*,#6609,.T.);
#10946 = ORIENTED_EDGE('',*,*,#6681,.T.);
#10947 = ORIENTED_EDGE('',*,*,#6731,.T.);
#10948 = ORIENTED_EDGE('',*,*,#6781,.F.);
#10949 = ORIENTED_EDGE('',*,*,#6830,.T.);
#10950 = ORIENTED_EDGE('',*,*,#6877,.T.);
#10951 = ORIENTED_EDGE('',*,*,#6926,.T.);
#10952 = ORIENTED_EDGE('',*,*,#6977,.F.);
#10953 = ORIENTED_EDGE('',*,*,#7001,.T.);
#10954 = ORIENTED_EDGE('',*,*,#7073,.T.);
#10955 = ORIENTED_EDGE('',*,*,#7123,.T.);
#10956 = ORIENTED_EDGE('',*,*,#7173,.F.);
#10957 = ORIENTED_EDGE('',*,*,#7222,.T.);
#10958 = ORIENTED_EDGE('',*,*,#7269,.T.);
#10959 = ORIENTED_EDGE('',*,*,#7318,.T.);
#10960 = ORIENTED_EDGE('',*,*,#7369,.F.);
#10961 = ORIENTED_EDGE('',*,*,#7393,.T.);
#10962 = ORIENTED_EDGE('',*,*,#7472,.T.);
#10963 = ORIENTED_EDGE('',*,*,#7549,.T.);
#10964 = ORIENTED_EDGE('',*,*,#7877,.T.);
#10965 = ORIENTED_EDGE('',*,*,#7753,.F.);
#10966 = ORIENTED_EDGE('',*,*,#7802,.T.);
#10967 = ORIENTED_EDGE('',*,*,#7849,.T.);
#10968 = ORIENTED_EDGE('',*,*,#7904,.T.);
#10969 = ORIENTED_EDGE('',*,*,#7976,.F.);
#10970 = ORIENTED_EDGE('',*,*,#8025,.T.);
#10971 = ORIENTED_EDGE('',*,*,#8075,.T.);
#10972 = ORIENTED_EDGE('',*,*,#8099,.F.);
#10973 = ORIENTED_EDGE('',*,*,#8344,.F.);
#10974 = ORIENTED_EDGE('',*,*,#8399,.F.);
#10975 = ORIENTED_EDGE('',*,*,#9219,.T.);
#10976 = ORIENTED_EDGE('',*,*,#8815,.T.);
#10977 = ORIENTED_EDGE('',*,*,#10872,.F.);
#10978 = ORIENTED_EDGE('',*,*,#3383,.F.);
#10979 = ORIENTED_EDGE('',*,*,#10980,.F.);
#10980 = EDGE_CURVE('',#10797,#3356,#10981,.T.);
#10981 = SURFACE_CURVE('',#10982,(#10986,#10993),.PCURVE_S1.);
#10982 = LINE('',#10983,#10984);
#10983 = CARTESIAN_POINT('',(-15.,-2.5,79.330343736593));
#10984 = VECTOR('',#10985,1.);
#10985 = DIRECTION('',(0.,0.,-1.));
#10986 = PCURVE('',#3399,#10987);
#10987 = DEFINITIONAL_REPRESENTATION('',(#10988),#10992);
#10988 = LINE('',#10989,#10990);
#10989 = CARTESIAN_POINT('',(79.378033392131,0.));
#10990 = VECTOR('',#10991,1.);
#10991 = DIRECTION('',(-0.,-1.));
#10992 = ( GEOMETRIC_REPRESENTATION_CONTEXT(2) 
PARAMETRIC_REPRESENTATION_CONTEXT() REPRESENTATION_CONTEXT('2D SPACE',''
  ) );
#10993 = PCURVE('',#3371,#10994);
#10994 = DEFINITIONAL_REPRESENTATION('',(#10995),#10999);
#10995 = LINE('',#10996,#10997);
#10996 = CARTESIAN_POINT('',(-10.56635951968,0.));
#10997 = VECTOR('',#10998,1.);
#10998 = DIRECTION('',(0.,-1.));
#10999 = ( GEOMETRIC_REPRESENTATION_CONTEXT(2) 
PARAMETRIC_REPRESENTATION_CONTEXT() REPRESENTATION_CONTEXT('2D SPACE',''
  ) );
#11000 = ADVANCED_FACE('',(#11001),#3371,.T.);
#11001 = FACE_BOUND('',#11002,.T.);
#11002 = EDGE_LOOP('',(#11003,#11004,#11005,#11006));
#11003 = ORIENTED_EDGE('',*,*,#3571,.F.);
#11004 = ORIENTED_EDGE('',*,*,#10819,.T.);
#11005 = ORIENTED_EDGE('',*,*,#10980,.T.);
#11006 = ORIENTED_EDGE('',*,*,#3353,.F.);
#11007 = ADVANCED_FACE('',(#11008,#11043),#3160,.T.);
#11008 = FACE_BOUND('',#11009,.T.);
#11009 = EDGE_LOOP('',(#11010));
#11010 = ORIENTED_EDGE('',*,*,#11011,.T.);
#11011 = EDGE_CURVE('',#11012,#11012,#11014,.T.);
#11012 = VERTEX_POINT('',#11013);
#11013 = CARTESIAN_POINT('',(-92.5,-20.,2.5));
#11014 = SURFACE_CURVE('',#11015,(#11020,#11031),.PCURVE_S1.);
#11015 = CIRCLE('',#11016,5.);
#11016 = AXIS2_PLACEMENT_3D('',#11017,#11018,#11019);
#11017 = CARTESIAN_POINT('',(-92.5,-20.,7.5));
#11018 = DIRECTION('',(0.,1.,0.));
#11019 = DIRECTION('',(0.,0.,-1.));
#11020 = PCURVE('',#3160,#11021);
#11021 = DEFINITIONAL_REPRESENTATION('',(#11022),#11030);
#11022 = ( BOUNDED_CURVE() B_SPLINE_CURVE(2,(#11023,#11024,#11025,#11026
    ,#11027,#11028,#11029),.UNSPECIFIED.,.T.,.F.) 
B_SPLINE_CURVE_WITH_KNOTS((1,2,2,2,2,1),(-2.094395102393,0.,
    2.094395102393,4.188790204786,6.28318530718,8.377580409573),
.UNSPECIFIED.) CURVE() GEOMETRIC_REPRESENTATION_ITEM() 
RATIONAL_B_SPLINE_CURVE((1.,0.5,1.,0.5,1.,0.5,1.)) REPRESENTATION_ITEM(
  '') );
#11023 = CARTESIAN_POINT('',(-42.5,-35.));
#11024 = CARTESIAN_POINT('',(-51.16025403784,-35.));
#11025 = CARTESIAN_POINT('',(-46.83012701892,-27.5));
#11026 = CARTESIAN_POINT('',(-42.5,-20.));
#11027 = CARTESIAN_POINT('',(-38.16987298107,-27.5));
#11028 = CARTESIAN_POINT('',(-33.83974596215,-35.));
#11029 = CARTESIAN_POINT('',(-42.5,-35.));
#11030 = ( GEOMETRIC_REPRESENTATION_CONTEXT(2) 
PARAMETRIC_REPRESENTATION_CONTEXT() REPRESENTATION_CONTEXT('2D SPACE',''
  ) );
#11031 = PCURVE('',#11032,#11037);
#11032 = CYLINDRICAL_SURFACE('',#11033,5.);
#11033 = AXIS2_PLACEMENT_3D('',#11034,#11035,#11036);
#11034 = CARTESIAN_POINT('',(-92.5,5.,7.5));
#11035 = DIRECTION('',(0.,1.,0.));
#11036 = DIRECTION('',(0.,0.,-1.));
#11037 = DEFINITIONAL_REPRESENTATION('',(#11038),#11042);
#11038 = LINE('',#11039,#11040);
#11039 = CARTESIAN_POINT('',(3.099742684753E-13,-25.));
#11040 = VECTOR('',#11041,1.);
#11041 = DIRECTION('',(1.,-0.));
#11042 = ( GEOMETRIC_REPRESENTATION_CONTEXT(2) 
PARAMETRIC_REPRESENTATION_CONTEXT() REPRESENTATION_CONTEXT('2D SPACE',''
  ) );
#11043 = FACE_BOUND('',#11044,.T.);
#11044 = EDGE_LOOP('',(#11045,#11046,#11047,#11068,#11069,#11070));
#11045 = ORIENTED_EDGE('',*,*,#3225,.T.);
#11046 = ORIENTED_EDGE('',*,*,#3144,.T.);
#11047 = ORIENTED_EDGE('',*,*,#11048,.T.);
#11048 = EDGE_CURVE('',#3117,#10740,#11049,.T.);
#11049 = SURFACE_CURVE('',#11050,(#11054,#11061),.PCURVE_S1.);
#11050 = LINE('',#11051,#11052);
#11051 = CARTESIAN_POINT('',(0.,-20.,23.594770945124));
#11052 = VECTOR('',#11053,1.);
#11053 = DIRECTION('',(0.,0.,1.));
#11054 = PCURVE('',#3160,#11055);
#11055 = DEFINITIONAL_REPRESENTATION('',(#11056),#11060);
#11056 = LINE('',#11057,#11058);
#11057 = CARTESIAN_POINT('',(50.,-13.90522905487));
#11058 = VECTOR('',#11059,1.);
#11059 = DIRECTION('',(0.,1.));
#11060 = ( GEOMETRIC_REPRESENTATION_CONTEXT(2) 
PARAMETRIC_REPRESENTATION_CONTEXT() REPRESENTATION_CONTEXT('2D SPACE',''
  ) );
#11061 = PCURVE('',#3132,#11062);
#11062 = DEFINITIONAL_REPRESENTATION('',(#11063),#11067);
#11063 = LINE('',#11064,#11065);
#11064 = CARTESIAN_POINT('',(-10.,23.594770945124));
#11065 = VECTOR('',#11066,1.);
#11066 = DIRECTION('',(0.,1.));
#11067 = ( GEOMETRIC_REPRESENTATION_CONTEXT(2) 
PARAMETRIC_REPRESENTATION_CONTEXT() REPRESENTATION_CONTEXT('2D SPACE',''
  ) );
#11068 = ORIENTED_EDGE('',*,*,#10846,.T.);
#11069 = ORIENTED_EDGE('',*,*,#3461,.T.);
#11070 = ORIENTED_EDGE('',*,*,#3301,.T.);
#11071 = ADVANCED_FACE('',(#11072),#11032,.F.);
#11072 = FACE_BOUND('',#11073,.F.);
#11073 = EDGE_LOOP('',(#11074,#11096,#11118,#11119));
#11074 = ORIENTED_EDGE('',*,*,#11075,.T.);
#11075 = EDGE_CURVE('',#11012,#11076,#11078,.T.);
#11076 = VERTEX_POINT('',#11077);
#11077 = CARTESIAN_POINT('',(-92.5,0.,2.5));
#11078 = SEAM_CURVE('',#11079,(#11082,#11089),.PCURVE_S1.);
#11079 = B_SPLINE_CURVE_WITH_KNOTS('',1,(#11080,#11081),.UNSPECIFIED.,
  .F.,.F.,(2,2),(-25.,-5.),.PIECEWISE_BEZIER_KNOTS.);
#11080 = CARTESIAN_POINT('',(-92.5,-20.,2.5));
#11081 = CARTESIAN_POINT('',(-92.5,0.,2.5));
#11082 = PCURVE('',#11032,#11083);
#11083 = DEFINITIONAL_REPRESENTATION('',(#11084),#11088);
#11084 = LINE('',#11085,#11086);
#11085 = CARTESIAN_POINT('',(6.28318530718,0.));
#11086 = VECTOR('',#11087,1.);
#11087 = DIRECTION('',(0.,1.));
#11088 = ( GEOMETRIC_REPRESENTATION_CONTEXT(2) 
PARAMETRIC_REPRESENTATION_CONTEXT() REPRESENTATION_CONTEXT('2D SPACE',''
  ) );
#11089 = PCURVE('',#11032,#11090);
#11090 = DEFINITIONAL_REPRESENTATION('',(#11091),#11095);
#11091 = LINE('',#11092,#11093);
#11092 = CARTESIAN_POINT('',(4.138911435803E-13,0.));
#11093 = VECTOR('',#11094,1.);
#11094 = DIRECTION('',(0.,1.));
#11095 = ( GEOMETRIC_REPRESENTATION_CONTEXT(2) 
PARAMETRIC_REPRESENTATION_CONTEXT() REPRESENTATION_CONTEXT('2D SPACE',''
  ) );
#11096 = ORIENTED_EDGE('',*,*,#11097,.T.);
#11097 = EDGE_CURVE('',#11076,#11076,#11098,.T.);
#11098 = SURFACE_CURVE('',#11099,(#11104,#11111),.PCURVE_S1.);
#11099 = CIRCLE('',#11100,5.);
#11100 = AXIS2_PLACEMENT_3D('',#11101,#11102,#11103);
#11101 = CARTESIAN_POINT('',(-92.5,0.,7.5));
#11102 = DIRECTION('',(0.,-1.,0.));
#11103 = DIRECTION('',(0.,0.,-1.));
#11104 = PCURVE('',#11032,#11105);
#11105 = DEFINITIONAL_REPRESENTATION('',(#11106),#11110);
#11106 = LINE('',#11107,#11108);
#11107 = CARTESIAN_POINT('',(6.28318530718,-5.));
#11108 = VECTOR('',#11109,1.);
#11109 = DIRECTION('',(-1.,0.));
#11110 = ( GEOMETRIC_REPRESENTATION_CONTEXT(2) 
PARAMETRIC_REPRESENTATION_CONTEXT() REPRESENTATION_CONTEXT('2D SPACE',''
  ) );
#11111 = PCURVE('',#3104,#11112);
#11112 = DEFINITIONAL_REPRESENTATION('',(#11113),#11117);
#11113 = CIRCLE('',#11114,5.);
#11114 = AXIS2_PLACEMENT_2D('',#11115,#11116);
#11115 = CARTESIAN_POINT('',(-42.5,-30.));
#11116 = DIRECTION('',(0.,-1.));
#11117 = ( GEOMETRIC_REPRESENTATION_CONTEXT(2) 
PARAMETRIC_REPRESENTATION_CONTEXT() REPRESENTATION_CONTEXT('2D SPACE',''
  ) );
#11118 = ORIENTED_EDGE('',*,*,#11075,.F.);
#11119 = ORIENTED_EDGE('',*,*,#11011,.T.);
#11120 = ADVANCED_FACE('',(#11121,#11265),#3132,.F.);
#11121 = FACE_BOUND('',#11122,.T.);
#11122 = EDGE_LOOP('',(#11123,#11180,#11239));
#11123 = ORIENTED_EDGE('',*,*,#11124,.T.);
#11124 = EDGE_CURVE('',#11125,#11127,#11129,.T.);
#11125 = VERTEX_POINT('',#11126);
#11126 = CARTESIAN_POINT('',(0.,-12.5,-35.));
#11127 = VERTEX_POINT('',#11128);
#11128 = CARTESIAN_POINT('',(0.,-10.,-37.22319626963));
#11129 = SURFACE_CURVE('',#11130,(#11139,#11151),.PCURVE_S1.);
#11130 = B_SPLINE_CURVE_WITH_KNOTS('',3,(#11131,#11132,#11133,#11134,
    #11135,#11136,#11137,#11138),.UNSPECIFIED.,.F.,.F.,(4,2,2,4),(0.,
    1.700577767065E-03,2.550866650597E-03,3.401155534129E-03),
  .UNSPECIFIED.);
#11131 = CARTESIAN_POINT('',(0.,-12.5,-35.));
#11132 = CARTESIAN_POINT('',(0.,-12.20981177222,-35.49484581491));
#11133 = CARTESIAN_POINT('',(0.,-11.85989985336,-35.94095249645));
#11134 = CARTESIAN_POINT('',(0.,-11.22363268912,-36.51920211864));
#11135 = CARTESIAN_POINT('',(0.,-10.99643792431,-36.69264516421));
#11136 = CARTESIAN_POINT('',(0.,-10.51841059765,-36.99269169839));
#11137 = CARTESIAN_POINT('',(0.,-10.26645178185,-37.12042278134));
#11138 = CARTESIAN_POINT('',(0.,-10.,-37.22319626963));
#11139 = PCURVE('',#3132,#11140);
#11140 = DEFINITIONAL_REPRESENTATION('',(#11141),#11150);
#11141 = B_SPLINE_CURVE_WITH_KNOTS('',3,(#11142,#11143,#11144,#11145,
    #11146,#11147,#11148,#11149),.UNSPECIFIED.,.F.,.F.,(4,2,2,4),(0.,
    1.700577767065E-03,2.550866650597E-03,3.401155534129E-03),
  .UNSPECIFIED.);
#11142 = CARTESIAN_POINT('',(-2.5,-35.));
#11143 = CARTESIAN_POINT('',(-2.20981177222,-35.49484581491));
#11144 = CARTESIAN_POINT('',(-1.85989985336,-35.94095249645));
#11145 = CARTESIAN_POINT('',(-1.22363268912,-36.51920211864));
#11146 = CARTESIAN_POINT('',(-0.99643792431,-36.69264516421));
#11147 = CARTESIAN_POINT('',(-0.51841059765,-36.99269169839));
#11148 = CARTESIAN_POINT('',(-0.26645178185,-37.12042278134));
#11149 = CARTESIAN_POINT('',(0.,-37.22319626963));
#11150 = ( GEOMETRIC_REPRESENTATION_CONTEXT(2) 
PARAMETRIC_REPRESENTATION_CONTEXT() REPRESENTATION_CONTEXT('2D SPACE',''
  ) );
#11151 = PCURVE('',#3014,#11152);
#11152 = DEFINITIONAL_REPRESENTATION('',(#11153),#11179);
#11153 = B_SPLINE_CURVE_WITH_KNOTS('',3,(#11154,#11155,#11156,#11157,
    #11158,#11159,#11160,#11161,#11162,#11163,#11164,#11165,#11166,
    #11167,#11168,#11169,#11170,#11171,#11172,#11173,#11174,#11175,
    #11176,#11177,#11178),.UNSPECIFIED.,.F.,.F.,(4,1,1,1,1,1,1,1,1,1,1,1
    ,1,1,1,1,1,1,1,1,1,1,4),(0.,1.545979788241E-04,3.091959576481E-04,
    4.637939364722E-04,6.183919152963E-04,7.729898941203E-04,
    9.275878729444E-04,1.082185851768E-03,1.236783830593E-03,
    1.391381809417E-03,1.545979788241E-03,1.700577767065E-03,
    1.855175745889E-03,2.009773724713E-03,2.164371703537E-03,
    2.318969682361E-03,2.473567661185E-03,2.628165640009E-03,
    2.782763618833E-03,2.937361597657E-03,3.091959576481E-03,
    3.246557555305E-03,3.401155534129E-03),.UNSPECIFIED.);
#11154 = CARTESIAN_POINT('',(6.980020172018,0.91796134026));
#11155 = CARTESIAN_POINT('',(6.978921819678,0.909275362588));
#11156 = CARTESIAN_POINT('',(6.976753429408,0.891866943126));
#11157 = CARTESIAN_POINT('',(6.973585483331,0.865627981217));
#11158 = CARTESIAN_POINT('',(6.970501867477,0.839246258846));
#11159 = CARTESIAN_POINT('',(6.967502290954,0.812703554103));
#11160 = CARTESIAN_POINT('',(6.964586474752,0.785980537775));
#11161 = CARTESIAN_POINT('',(6.961754161611,0.759056750851));
#11162 = CARTESIAN_POINT('',(6.959005090644,0.731910473394));
#11163 = CARTESIAN_POINT('',(6.956339096595,0.704519792212));
#11164 = CARTESIAN_POINT('',(6.953755745674,0.676859045824));
#11165 = CARTESIAN_POINT('',(6.951255700307,0.648912635967));
#11166 = CARTESIAN_POINT('',(6.948835631577,0.620624082349));
#11167 = CARTESIAN_POINT('',(6.946507211885,0.592086838412));
#11168 = CARTESIAN_POINT('',(6.944283935971,0.563431026245));
#11169 = CARTESIAN_POINT('',(6.942164308564,0.534635798383));
#11170 = CARTESIAN_POINT('',(6.940150922452,0.505720975354));
#11171 = CARTESIAN_POINT('',(6.938245084165,0.476691527489));
#11172 = CARTESIAN_POINT('',(6.936449273731,0.447567010361));
#11173 = CARTESIAN_POINT('',(6.934758905133,0.418272245235));
#11174 = CARTESIAN_POINT('',(6.933175193443,0.388782768437));
#11175 = CARTESIAN_POINT('',(6.931698820594,0.359068622927));
#11176 = CARTESIAN_POINT('',(6.930330679401,0.329099665247));
#11177 = CARTESIAN_POINT('',(6.929491365212,0.308929184912));
#11178 = CARTESIAN_POINT('',(6.929090057314,0.298790911889));
#11179 = ( GEOMETRIC_REPRESENTATION_CONTEXT(2) 
PARAMETRIC_REPRESENTATION_CONTEXT() REPRESENTATION_CONTEXT('2D SPACE',''
  ) );
#11180 = ORIENTED_EDGE('',*,*,#11181,.T.);
#11181 = EDGE_CURVE('',#11127,#11182,#11184,.T.);
#11182 = VERTEX_POINT('',#11183);
#11183 = CARTESIAN_POINT('',(0.,-7.5,-35.));
#11184 = SURFACE_CURVE('',#11185,(#11196,#11210),.PCURVE_S1.);
#11185 = B_SPLINE_CURVE_WITH_KNOTS('',3,(#11186,#11187,#11188,#11189,
    #11190,#11191,#11192,#11193,#11194,#11195),.UNSPECIFIED.,.F.,.F.,(4,
    2,2,2,4),(1.497777700944E-03,2.344104277182E-03,3.19043085342E-03,
    4.036757429658E-03,4.883084005896E-03),.UNSPECIFIED.);
#11186 = CARTESIAN_POINT('',(0.,-10.,-37.22319626963));
#11187 = CARTESIAN_POINT('',(0.,-9.733468826243,-37.12039215898));
#11188 = CARTESIAN_POINT('',(0.,-9.481086314574,-36.99247344895));
#11189 = CARTESIAN_POINT('',(0.,-9.001787038752,-36.69143302362));
#11190 = CARTESIAN_POINT('',(0.,-8.7732758361,-36.51649618343));
#11191 = CARTESIAN_POINT('',(0.,-8.353249291472,-36.13456164889));
#11192 = CARTESIAN_POINT('',(0.,-8.160512448249,-35.92728578775));
#11193 = CARTESIAN_POINT('',(0.,-7.806108688715,-35.48340469322));
#11194 = CARTESIAN_POINT('',(0.,-7.644528516958,-35.24645841873));
#11195 = CARTESIAN_POINT('',(0.,-7.5,-35.));
#11196 = PCURVE('',#3132,#11197);
#11197 = DEFINITIONAL_REPRESENTATION('',(#11198),#11209);
#11198 = B_SPLINE_CURVE_WITH_KNOTS('',3,(#11199,#11200,#11201,#11202,
    #11203,#11204,#11205,#11206,#11207,#11208),.UNSPECIFIED.,.F.,.F.,(4,
    2,2,2,4),(1.497777700944E-03,2.344104277182E-03,3.19043085342E-03,
    4.036757429658E-03,4.883084005896E-03),.UNSPECIFIED.);
#11199 = CARTESIAN_POINT('',(0.,-37.22319626963));
#11200 = CARTESIAN_POINT('',(0.266531173757,-37.12039215898));
#11201 = CARTESIAN_POINT('',(0.518913685426,-36.99247344895));
#11202 = CARTESIAN_POINT('',(0.998212961248,-36.69143302362));
#11203 = CARTESIAN_POINT('',(1.2267241639,-36.51649618343));
#11204 = CARTESIAN_POINT('',(1.646750708528,-36.13456164889));
#11205 = CARTESIAN_POINT('',(1.839487551751,-35.92728578775));
#11206 = CARTESIAN_POINT('',(2.193891311285,-35.48340469322));
#11207 = CARTESIAN_POINT('',(2.355471483042,-35.24645841873));
#11208 = CARTESIAN_POINT('',(2.5,-35.));
#11209 = ( GEOMETRIC_REPRESENTATION_CONTEXT(2) 
PARAMETRIC_REPRESENTATION_CONTEXT() REPRESENTATION_CONTEXT('2D SPACE',''
  ) );
#11210 = PCURVE('',#2950,#11211);
#11211 = DEFINITIONAL_REPRESENTATION('',(#11212),#11238);
#11212 = B_SPLINE_CURVE_WITH_KNOTS('',3,(#11213,#11214,#11215,#11216,
    #11217,#11218,#11219,#11220,#11221,#11222,#11223,#11224,#11225,
    #11226,#11227,#11228,#11229,#11230,#11231,#11232,#11233,#11234,
    #11235,#11236,#11237),.UNSPECIFIED.,.F.,.F.,(4,1,1,1,1,1,1,1,1,1,1,1
    ,1,1,1,1,1,1,1,1,1,1,4),(1.497777700944E-03,1.65165526026E-03,
    1.805532819576E-03,1.959410378892E-03,2.113287938208E-03,
    2.267165497524E-03,2.42104305684E-03,2.574920616156E-03,
    2.728798175472E-03,2.882675734788E-03,3.036553294104E-03,
    3.19043085342E-03,3.344308412736E-03,3.498185972052E-03,
    3.652063531368E-03,3.805941090684E-03,3.95981865E-03,
    4.113696209316E-03,4.267573768632E-03,4.421451327948E-03,
    4.575328887264E-03,4.72920644658E-03,4.883084005896E-03),
  .QUASI_UNIFORM_KNOTS.);
#11213 = CARTESIAN_POINT('',(2.495687903456,0.298790911888));
#11214 = CARTESIAN_POINT('',(2.495286475728,0.308932210576));
#11215 = CARTESIAN_POINT('',(2.494446699158,0.329113562143));
#11216 = CARTESIAN_POINT('',(2.493077066722,0.359112765798));
#11217 = CARTESIAN_POINT('',(2.491598276891,0.388870535834));
#11218 = CARTESIAN_POINT('',(2.490011089375,0.418416595108));
#11219 = CARTESIAN_POINT('',(2.488316051573,0.447780327797));
#11220 = CARTESIAN_POINT('',(2.486514232633,0.4769864781));
#11221 = CARTESIAN_POINT('',(2.484599112024,0.50612285311));
#11222 = CARTESIAN_POINT('',(2.482577175805,0.53512691456));
#11223 = CARTESIAN_POINT('',(2.480453234516,0.563954874068));
#11224 = CARTESIAN_POINT('',(2.47823255431,0.592558898759));
#11225 = CARTESIAN_POINT('',(2.475920619048,0.620882575372));
#11226 = CARTESIAN_POINT('',(2.473522043982,0.648904919445));
#11227 = CARTESIAN_POINT('',(2.47103595197,0.676678738648));
#11228 = CARTESIAN_POINT('',(2.468462439023,0.704220130639));
#11229 = CARTESIAN_POINT('',(2.465801296118,0.731554084871));
#11230 = CARTESIAN_POINT('',(2.463052409781,0.758701107468));
#11231 = CARTESIAN_POINT('',(2.460215446625,0.785684430725));
#11232 = CARTESIAN_POINT('',(2.457289938367,0.812513756536));
#11233 = CARTESIAN_POINT('',(2.454279474169,0.839173004613));
#11234 = CARTESIAN_POINT('',(2.451187086634,0.86564983138));
#11235 = CARTESIAN_POINT('',(2.448016060691,0.89193000006));
#11236 = CARTESIAN_POINT('',(2.445851869399,0.909309302475));
#11237 = CARTESIAN_POINT('',(2.444757788752,0.917961340259));
#11238 = ( GEOMETRIC_REPRESENTATION_CONTEXT(2) 
PARAMETRIC_REPRESENTATION_CONTEXT() REPRESENTATION_CONTEXT('2D SPACE',''
  ) );
#11239 = ORIENTED_EDGE('',*,*,#11240,.T.);
#11240 = EDGE_CURVE('',#11182,#11125,#11241,.T.);
#11241 = SURFACE_CURVE('',#11242,(#11246,#11253),.PCURVE_S1.);
#11242 = LINE('',#11243,#11244);
#11243 = CARTESIAN_POINT('',(0.,-9.546803672759,-35.));
#11244 = VECTOR('',#11245,1.);
#11245 = DIRECTION('',(0.,-1.,1.836970198721E-16));
#11246 = PCURVE('',#3132,#11247);
#11247 = DEFINITIONAL_REPRESENTATION('',(#11248),#11252);
#11248 = LINE('',#11249,#11250);
#11249 = CARTESIAN_POINT('',(0.453196327241,-35.));
#11250 = VECTOR('',#11251,1.);
#11251 = DIRECTION('',(-1.,1.836970198721E-16));
#11252 = ( GEOMETRIC_REPRESENTATION_CONTEXT(2) 
PARAMETRIC_REPRESENTATION_CONTEXT() REPRESENTATION_CONTEXT('2D SPACE',''
  ) );
#11253 = PCURVE('',#11254,#11259);
#11254 = CYLINDRICAL_SURFACE('',#11255,26.2863655);
#11255 = AXIS2_PLACEMENT_3D('',#11256,#11257,#11258);
#11256 = CARTESIAN_POINT('',(-16.87042206108,0.,-14.84158068366));
#11257 = DIRECTION('',(-0.,-1.,-0.));
#11258 = DIRECTION('',(0.,0.,1.));
#11259 = DEFINITIONAL_REPRESENTATION('',(#11260),#11264);
#11260 = LINE('',#11261,#11262);
#11261 = CARTESIAN_POINT('',(3.838427518428,9.546803672759));
#11262 = VECTOR('',#11263,1.);
#11263 = DIRECTION('',(0.,1.));
#11264 = ( GEOMETRIC_REPRESENTATION_CONTEXT(2) 
PARAMETRIC_REPRESENTATION_CONTEXT() REPRESENTATION_CONTEXT('2D SPACE',''
  ) );
#11265 = FACE_BOUND('',#11266,.T.);
#11266 = EDGE_LOOP('',(#11267,#11268,#11269,#11270,#11271,#11272,#11273,
    #11274));
#11267 = ORIENTED_EDGE('',*,*,#8884,.F.);
#11268 = ORIENTED_EDGE('',*,*,#9245,.F.);
#11269 = ORIENTED_EDGE('',*,*,#9323,.T.);
#11270 = ORIENTED_EDGE('',*,*,#10595,.T.);
#11271 = ORIENTED_EDGE('',*,*,#10767,.F.);
#11272 = ORIENTED_EDGE('',*,*,#11048,.F.);
#11273 = ORIENTED_EDGE('',*,*,#3116,.T.);
#11274 = ORIENTED_EDGE('',*,*,#11275,.T.);
#11275 = EDGE_CURVE('',#3089,#8786,#11276,.T.);
#11276 = SURFACE_CURVE('',#11277,(#11281,#11288),.PCURVE_S1.);
#11277 = LINE('',#11278,#11279);
#11278 = CARTESIAN_POINT('',(0.,0.,23.594770945124));
#11279 = VECTOR('',#11280,1.);
#11280 = DIRECTION('',(0.,0.,1.));
#11281 = PCURVE('',#3132,#11282);
#11282 = DEFINITIONAL_REPRESENTATION('',(#11283),#11287);
#11283 = LINE('',#11284,#11285);
#11284 = CARTESIAN_POINT('',(10.,23.594770945124));
#11285 = VECTOR('',#11286,1.);
#11286 = DIRECTION('',(0.,1.));
#11287 = ( GEOMETRIC_REPRESENTATION_CONTEXT(2) 
PARAMETRIC_REPRESENTATION_CONTEXT() REPRESENTATION_CONTEXT('2D SPACE',''
  ) );
#11288 = PCURVE('',#3104,#11289);
#11289 = DEFINITIONAL_REPRESENTATION('',(#11290),#11294);
#11290 = LINE('',#11291,#11292);
#11291 = CARTESIAN_POINT('',(50.,-13.90522905487));
#11292 = VECTOR('',#11293,1.);
#11293 = DIRECTION('',(0.,1.));
#11294 = ( GEOMETRIC_REPRESENTATION_CONTEXT(2) 
PARAMETRIC_REPRESENTATION_CONTEXT() REPRESENTATION_CONTEXT('2D SPACE',''
  ) );
#11295 = ADVANCED_FACE('',(#11296),#11254,.F.);
#11296 = FACE_BOUND('',#11297,.F.);
#11297 = EDGE_LOOP('',(#11298,#11299,#11323,#11346));
#11298 = ORIENTED_EDGE('',*,*,#11240,.T.);
#11299 = ORIENTED_EDGE('',*,*,#11300,.T.);
#11300 = EDGE_CURVE('',#11125,#11301,#11303,.T.);
#11301 = VERTEX_POINT('',#11302);
#11302 = CARTESIAN_POINT('',(-39.50135480402,-12.5,-1.469449475955));
#11303 = SURFACE_CURVE('',#11304,(#11309,#11316),.PCURVE_S1.);
#11304 = CIRCLE('',#11305,26.2863655);
#11305 = AXIS2_PLACEMENT_3D('',#11306,#11307,#11308);
#11306 = CARTESIAN_POINT('',(-16.87042206108,-12.5,-14.84158068366));
#11307 = DIRECTION('',(0.,1.,0.));
#11308 = DIRECTION('',(0.64179363547,0.,-0.766877388812));
#11309 = PCURVE('',#11254,#11310);
#11310 = DEFINITIONAL_REPRESENTATION('',(#11311),#11315);
#11311 = LINE('',#11312,#11313);
#11312 = CARTESIAN_POINT('',(3.838427518428,12.5));
#11313 = VECTOR('',#11314,1.);
#11314 = DIRECTION('',(-1.,0.));
#11315 = ( GEOMETRIC_REPRESENTATION_CONTEXT(2) 
PARAMETRIC_REPRESENTATION_CONTEXT() REPRESENTATION_CONTEXT('2D SPACE',''
  ) );
#11316 = PCURVE('',#3014,#11317);
#11317 = DEFINITIONAL_REPRESENTATION('',(#11318),#11322);
#11318 = LINE('',#11319,#11320);
#11319 = CARTESIAN_POINT('',(6.980020172018,0.917961336188));
#11320 = VECTOR('',#11321,1.);
#11321 = DIRECTION('',(-1.,-1.585287412872E-16));
#11322 = ( GEOMETRIC_REPRESENTATION_CONTEXT(2) 
PARAMETRIC_REPRESENTATION_CONTEXT() REPRESENTATION_CONTEXT('2D SPACE',''
  ) );
#11323 = ORIENTED_EDGE('',*,*,#11324,.F.);
#11324 = EDGE_CURVE('',#11325,#11301,#11327,.T.);
#11325 = VERTEX_POINT('',#11326);
#11326 = CARTESIAN_POINT('',(-39.50135480402,-7.5,-1.469449475955));
#11327 = SURFACE_CURVE('',#11328,(#11332,#11339),.PCURVE_S1.);
#11328 = LINE('',#11329,#11330);
#11329 = CARTESIAN_POINT('',(-39.50135480402,-9.546803672759,
    -1.469449475955));
#11330 = VECTOR('',#11331,1.);
#11331 = DIRECTION('',(6.130837323742E-17,-1.,-1.731643106442E-16));
#11332 = PCURVE('',#11254,#11333);
#11333 = DEFINITIONAL_REPRESENTATION('',(#11334),#11338);
#11334 = LINE('',#11335,#11336);
#11335 = CARTESIAN_POINT('',(1.037110821884,9.546803672759));
#11336 = VECTOR('',#11337,1.);
#11337 = DIRECTION('',(0.,1.));
#11338 = ( GEOMETRIC_REPRESENTATION_CONTEXT(2) 
PARAMETRIC_REPRESENTATION_CONTEXT() REPRESENTATION_CONTEXT('2D SPACE',''
  ) );
#11339 = PCURVE('',#2884,#11340);
#11340 = DEFINITIONAL_REPRESENTATION('',(#11341),#11345);
#11341 = LINE('',#11342,#11343);
#11342 = CARTESIAN_POINT('',(-0.,0.));
#11343 = VECTOR('',#11344,1.);
#11344 = DIRECTION('',(1.126925911493E-16,-1.));
#11345 = ( GEOMETRIC_REPRESENTATION_CONTEXT(2) 
PARAMETRIC_REPRESENTATION_CONTEXT() REPRESENTATION_CONTEXT('2D SPACE',''
  ) );
#11346 = ORIENTED_EDGE('',*,*,#11347,.F.);
#11347 = EDGE_CURVE('',#11182,#11325,#11348,.T.);
#11348 = SURFACE_CURVE('',#11349,(#11354,#11361),.PCURVE_S1.);
#11349 = CIRCLE('',#11350,26.2863655);
#11350 = AXIS2_PLACEMENT_3D('',#11351,#11352,#11353);
#11351 = CARTESIAN_POINT('',(-16.87042206108,-7.5,-14.84158068366));
#11352 = DIRECTION('',(0.,1.,0.));
#11353 = DIRECTION('',(0.64179363547,0.,-0.766877388812));
#11354 = PCURVE('',#11254,#11355);
#11355 = DEFINITIONAL_REPRESENTATION('',(#11356),#11360);
#11356 = LINE('',#11357,#11358);
#11357 = CARTESIAN_POINT('',(3.838427518428,7.5));
#11358 = VECTOR('',#11359,1.);
#11359 = DIRECTION('',(-1.,0.));
#11360 = ( GEOMETRIC_REPRESENTATION_CONTEXT(2) 
PARAMETRIC_REPRESENTATION_CONTEXT() REPRESENTATION_CONTEXT('2D SPACE',''
  ) );
#11361 = PCURVE('',#2950,#11362);
#11362 = DEFINITIONAL_REPRESENTATION('',(#11363),#11367);
#11363 = LINE('',#11364,#11365);
#11364 = CARTESIAN_POINT('',(2.444757788752,0.917961336188));
#11365 = VECTOR('',#11366,1.);
#11366 = DIRECTION('',(1.,-1.98160926609E-16));
#11367 = ( GEOMETRIC_REPRESENTATION_CONTEXT(2) 
PARAMETRIC_REPRESENTATION_CONTEXT() REPRESENTATION_CONTEXT('2D SPACE',''
  ) );
#11368 = ADVANCED_FACE('',(#11369,#11372),#3104,.F.);
#11369 = FACE_BOUND('',#11370,.T.);
#11370 = EDGE_LOOP('',(#11371));
#11371 = ORIENTED_EDGE('',*,*,#11097,.T.);
#11372 = FACE_BOUND('',#11373,.T.);
#11373 = EDGE_LOOP('',(#11374,#11375,#11376,#11377,#11378,#11379));
#11374 = ORIENTED_EDGE('',*,*,#3201,.F.);
#11375 = ORIENTED_EDGE('',*,*,#3277,.F.);
#11376 = ORIENTED_EDGE('',*,*,#3439,.F.);
#11377 = ORIENTED_EDGE('',*,*,#10894,.F.);
#11378 = ORIENTED_EDGE('',*,*,#11275,.F.);
#11379 = ORIENTED_EDGE('',*,*,#3086,.F.);
#11380 = ADVANCED_FACE('',(#11381),#3062,.T.);
#11381 = FACE_BOUND('',#11382,.T.);
#11382 = EDGE_LOOP('',(#11383,#11384,#11406));
#11383 = ORIENTED_EDGE('',*,*,#3048,.F.);
#11384 = ORIENTED_EDGE('',*,*,#11385,.T.);
#11385 = EDGE_CURVE('',#2985,#11301,#11386,.T.);
#11386 = SURFACE_CURVE('',#11387,(#11392,#11399),.PCURVE_S1.);
#11387 = CIRCLE('',#11388,26.2863655);
#11388 = AXIS2_PLACEMENT_3D('',#11389,#11390,#11391);
#11389 = CARTESIAN_POINT('',(-16.87042206108,-12.5,-14.84158068366));
#11390 = DIRECTION('',(0.,-1.,0.));
#11391 = DIRECTION('',(0.,0.,-1.));
#11392 = PCURVE('',#3062,#11393);
#11393 = DEFINITIONAL_REPRESENTATION('',(#11394),#11398);
#11394 = CIRCLE('',#11395,26.2863655);
#11395 = AXIS2_PLACEMENT_2D('',#11396,#11397);
#11396 = CARTESIAN_POINT('',(-21.01207732067,-16.87042206108));
#11397 = DIRECTION('',(1.,0.));
#11398 = ( GEOMETRIC_REPRESENTATION_CONTEXT(2) 
PARAMETRIC_REPRESENTATION_CONTEXT() REPRESENTATION_CONTEXT('2D SPACE',''
  ) );
#11399 = PCURVE('',#3014,#11400);
#11400 = DEFINITIONAL_REPRESENTATION('',(#11401),#11405);
#11401 = LINE('',#11402,#11403);
#11402 = CARTESIAN_POINT('',(0.,0.917961336188));
#11403 = VECTOR('',#11404,1.);
#11404 = DIRECTION('',(1.,0.));
#11405 = ( GEOMETRIC_REPRESENTATION_CONTEXT(2) 
PARAMETRIC_REPRESENTATION_CONTEXT() REPRESENTATION_CONTEXT('2D SPACE',''
  ) );
#11406 = ORIENTED_EDGE('',*,*,#11407,.T.);
#11407 = EDGE_CURVE('',#11301,#2867,#11408,.T.);
#11408 = SURFACE_CURVE('',#11409,(#11413,#11420),.PCURVE_S1.);
#11409 = LINE('',#11410,#11411);
#11410 = CARTESIAN_POINT('',(-39.50135480402,-12.5,-1.469449475955));
#11411 = VECTOR('',#11412,1.);
#11412 = DIRECTION('',(0.539693843042,0.,0.841861363754));
#11413 = PCURVE('',#3062,#11414);
#11414 = DEFINITIONAL_REPRESENTATION('',(#11415),#11419);
#11415 = LINE('',#11416,#11417);
#11416 = CARTESIAN_POINT('',(-34.38420852837,-39.50135480402));
#11417 = VECTOR('',#11418,1.);
#11418 = DIRECTION('',(-0.841861363754,0.539693843042));
#11419 = ( GEOMETRIC_REPRESENTATION_CONTEXT(2) 
PARAMETRIC_REPRESENTATION_CONTEXT() REPRESENTATION_CONTEXT('2D SPACE',''
  ) );
#11420 = PCURVE('',#2884,#11421);
#11421 = DEFINITIONAL_REPRESENTATION('',(#11422),#11426);
#11422 = LINE('',#11423,#11424);
#11423 = CARTESIAN_POINT('',(1.869307739165E-16,-2.953196327241));
#11424 = VECTOR('',#11425,1.);
#11425 = DIRECTION('',(-1.,-4.930380657631E-32));
#11426 = ( GEOMETRIC_REPRESENTATION_CONTEXT(2) 
PARAMETRIC_REPRESENTATION_CONTEXT() REPRESENTATION_CONTEXT('2D SPACE',''
  ) );
#11427 = ADVANCED_FACE('',(#11428),#3014,.T.);
#11428 = FACE_BOUND('',#11429,.T.);
#11429 = EDGE_LOOP('',(#11430,#11431,#11432,#11433,#11455));
#11430 = ORIENTED_EDGE('',*,*,#11300,.T.);
#11431 = ORIENTED_EDGE('',*,*,#11385,.F.);
#11432 = ORIENTED_EDGE('',*,*,#2984,.F.);
#11433 = ORIENTED_EDGE('',*,*,#11434,.T.);
#11434 = EDGE_CURVE('',#2925,#11127,#11435,.T.);
#11435 = SURFACE_CURVE('',#11436,(#11441,#11448),.PCURVE_S1.);
#11436 = CIRCLE('',#11437,28.0276267);
#11437 = AXIS2_PLACEMENT_3D('',#11438,#11439,#11440);
#11438 = CARTESIAN_POINT('',(-16.87042206108,-10.,-14.84158068366));
#11439 = DIRECTION('',(0.,-1.,0.));
#11440 = DIRECTION('',(0.,0.,-1.));
#11441 = PCURVE('',#3014,#11442);
#11442 = DEFINITIONAL_REPRESENTATION('',(#11443),#11447);
#11443 = LINE('',#11444,#11445);
#11444 = CARTESIAN_POINT('',(0.,0.298790910127));
#11445 = VECTOR('',#11446,1.);
#11446 = DIRECTION('',(1.,-1.600464404197E-16));
#11447 = ( GEOMETRIC_REPRESENTATION_CONTEXT(2) 
PARAMETRIC_REPRESENTATION_CONTEXT() REPRESENTATION_CONTEXT('2D SPACE',''
  ) );
#11448 = PCURVE('',#2950,#11449);
#11449 = DEFINITIONAL_REPRESENTATION('',(#11450),#11454);
#11450 = LINE('',#11451,#11452);
#11451 = CARTESIAN_POINT('',(9.424777960769,0.298790910127));
#11452 = VECTOR('',#11453,1.);
#11453 = DIRECTION('',(-1.,1.200348303147E-16));
#11454 = ( GEOMETRIC_REPRESENTATION_CONTEXT(2) 
PARAMETRIC_REPRESENTATION_CONTEXT() REPRESENTATION_CONTEXT('2D SPACE',''
  ) );
#11455 = ORIENTED_EDGE('',*,*,#11124,.F.);
#11456 = ADVANCED_FACE('',(#11457),#2950,.T.);
#11457 = FACE_BOUND('',#11458,.T.);
#11458 = EDGE_LOOP('',(#11459,#11481,#11482,#11483,#11484));
#11459 = ORIENTED_EDGE('',*,*,#11460,.F.);
#11460 = EDGE_CURVE('',#11325,#2897,#11461,.T.);
#11461 = SURFACE_CURVE('',#11462,(#11467,#11474),.PCURVE_S1.);
#11462 = CIRCLE('',#11463,26.2863655);
#11463 = AXIS2_PLACEMENT_3D('',#11464,#11465,#11466);
#11464 = CARTESIAN_POINT('',(-16.87042206108,-7.5,-14.84158068366));
#11465 = DIRECTION('',(0.,1.,0.));
#11466 = DIRECTION('',(0.,0.,1.));
#11467 = PCURVE('',#2950,#11468);
#11468 = DEFINITIONAL_REPRESENTATION('',(#11469),#11473);
#11469 = LINE('',#11470,#11471);
#11470 = CARTESIAN_POINT('',(0.,0.917961336188));
#11471 = VECTOR('',#11472,1.);
#11472 = DIRECTION('',(1.,-1.675130615162E-15));
#11473 = ( GEOMETRIC_REPRESENTATION_CONTEXT(2) 
PARAMETRIC_REPRESENTATION_CONTEXT() REPRESENTATION_CONTEXT('2D SPACE',''
  ) );
#11474 = PCURVE('',#2912,#11475);
#11475 = DEFINITIONAL_REPRESENTATION('',(#11476),#11480);
#11476 = CIRCLE('',#11477,26.2863655);
#11477 = AXIS2_PLACEMENT_2D('',#11478,#11479);
#11478 = CARTESIAN_POINT('',(21.35083459847,-16.87042206108));
#11479 = DIRECTION('',(1.,0.));
#11480 = ( GEOMETRIC_REPRESENTATION_CONTEXT(2) 
PARAMETRIC_REPRESENTATION_CONTEXT() REPRESENTATION_CONTEXT('2D SPACE',''
  ) );
#11481 = ORIENTED_EDGE('',*,*,#11347,.F.);
#11482 = ORIENTED_EDGE('',*,*,#11181,.F.);
#11483 = ORIENTED_EDGE('',*,*,#11434,.F.);
#11484 = ORIENTED_EDGE('',*,*,#2924,.F.);
#11485 = ADVANCED_FACE('',(#11486),#2912,.T.);
#11486 = FACE_BOUND('',#11487,.T.);
#11487 = EDGE_LOOP('',(#11488,#11509,#11510));
#11488 = ORIENTED_EDGE('',*,*,#11489,.F.);
#11489 = EDGE_CURVE('',#11325,#2869,#11490,.T.);
#11490 = SURFACE_CURVE('',#11491,(#11495,#11502),.PCURVE_S1.);
#11491 = LINE('',#11492,#11493);
#11492 = CARTESIAN_POINT('',(-39.50135480402,-7.5,-1.469449475955));
#11493 = VECTOR('',#11494,1.);
#11494 = DIRECTION('',(0.539693843042,0.,0.841861363754));
#11495 = PCURVE('',#2912,#11496);
#11496 = DEFINITIONAL_REPRESENTATION('',(#11497),#11501);
#11497 = LINE('',#11498,#11499);
#11498 = CARTESIAN_POINT('',(34.722965806175,-39.50135480402));
#11499 = VECTOR('',#11500,1.);
#11500 = DIRECTION('',(0.841861363754,0.539693843042));
#11501 = ( GEOMETRIC_REPRESENTATION_CONTEXT(2) 
PARAMETRIC_REPRESENTATION_CONTEXT() REPRESENTATION_CONTEXT('2D SPACE',''
  ) );
#11502 = PCURVE('',#2884,#11503);
#11503 = DEFINITIONAL_REPRESENTATION('',(#11504),#11508);
#11504 = LINE('',#11505,#11506);
#11505 = CARTESIAN_POINT('',(-1.869307739165E-16,2.046803672759));
#11506 = VECTOR('',#11507,1.);
#11507 = DIRECTION('',(-1.,-4.930380657631E-32));
#11508 = ( GEOMETRIC_REPRESENTATION_CONTEXT(2) 
PARAMETRIC_REPRESENTATION_CONTEXT() REPRESENTATION_CONTEXT('2D SPACE',''
  ) );
#11509 = ORIENTED_EDGE('',*,*,#11460,.T.);
#11510 = ORIENTED_EDGE('',*,*,#2896,.F.);
#11511 = ADVANCED_FACE('',(#11512),#2884,.T.);
#11512 = FACE_BOUND('',#11513,.T.);
#11513 = EDGE_LOOP('',(#11514,#11515,#11516,#11517));
#11514 = ORIENTED_EDGE('',*,*,#2866,.F.);
#11515 = ORIENTED_EDGE('',*,*,#11407,.F.);
#11516 = ORIENTED_EDGE('',*,*,#11324,.F.);
#11517 = ORIENTED_EDGE('',*,*,#11489,.T.);
#11518 = ( GEOMETRIC_REPRESENTATION_CONTEXT(3) 
GLOBAL_UNCERTAINTY_ASSIGNED_CONTEXT((#11522)) 
GLOBAL_UNIT_ASSIGNED_CONTEXT((#11519,#11520,#11521)) 
REPRESENTATION_CONTEXT('Context #1',
  '3D Context with UNIT and UNCERTAINTY') );
#11519 = ( LENGTH_UNIT() NAMED_UNIT(*) SI_UNIT(.MILLI.,.METRE.) );
#11520 = ( NAMED_UNIT(*) PLANE_ANGLE_UNIT() SI_UNIT($,.RADIAN.) );
#11521 = ( NAMED_UNIT(*) SI_UNIT($,.STERADIAN.) SOLID_ANGLE_UNIT() );
#11522 = UNCERTAINTY_MEASURE_WITH_UNIT(LENGTH_MEASURE(1.E-05),#11519,
  'distance_accuracy_value','confusion accuracy');
#11523 = PRODUCT_RELATED_PRODUCT_CATEGORY('part',$,(#7));
ENDSEC;
END-ISO-10303-21;
