ISO-10303-21;
HEADER;
FILE_DESCRIPTION(('Open CASCADE Model'),'2;1');
FILE_NAME('Open CASCADE Shape Model','2026-08-25T11:48:05',('Author'),(
    'Open CASCADE'),'Open CASCADE STEP processor 7.9','build123d',
  'Unknown');
FILE_SCHEMA(('AUTOMOTIVE_DESIGN { 1 0 10303 214 1 1 1 1 }'));
ENDSEC;
DATA;
#1 = APPLICATION_PROTOCOL_DEFINITION('international standard',
  'automotive_design',2000,#2);
#2 = APPLICATION_CONTEXT(
  'core data for automotive mechanical design processes');
#3 = SHAPE_DEFINITION_REPRESENTATION(#4,#10);
#4 = PRODUCT_DEFINITION_SHAPE('','',#5);
#5 = PRODUCT_DEFINITION('design','',#6,#9);
#6 = PRODUCT_DEFINITION_FORMATION('','',#7);
#7 = PRODUCT('COMPOUND','COMPOUND','',(#8));
#8 = PRODUCT_CONTEXT('',#2,'mechanical');
#9 = PRODUCT_DEFINITION_CONTEXT('part definition',#2,'design');
#10 = ADVANCED_BREP_SHAPE_REPRESENTATION('',(#11,#15),#13970);
#11 = AXIS2_PLACEMENT_3D('',#12,#13,#14);
#12 = CARTESIAN_POINT('',(0.,0.,0.));
#13 = DIRECTION('',(0.,0.,1.));
#14 = DIRECTION('',(1.,0.,-0.));
#15 = MANIFOLD_SOLID_BREP('',#16);
#16 = CLOSED_SHELL('',(#17,#159,#2269,#2327,#2501,#2577,#2694,#2721,
    #2748,#2775,#2802,#2809,#2939,#5352,#5424,#5478,#5527,#5581,#5630,
    #5684,#5733,#5787,#5837,#5891,#5940,#5994,#6043,#6097,#6146,#6200,
    #6250,#6304,#6353,#6407,#6456,#6510,#6559,#6613,#6663,#6717,#6766,
    #6820,#6869,#6923,#6972,#7026,#7076,#7130,#7179,#7233,#7282,#7336,
    #7385,#7439,#7489,#7543,#7592,#7646,#7695,#7749,#7798,#7852,#7902,
    #7956,#8005,#8059,#8108,#8162,#8211,#8287,#8336,#8390,#8439,#8493,
    #8542,#8596,#8646,#8700,#8749,#8803,#8852,#8906,#8955,#8987,#9046,
    #9124,#9179,#9237,#9507,#9968,#10078,#10370,#10508,#10618,#11662,
    #11716,#11770,#11774,#11830,#12149,#12264,#12332,#12476,#12544,
    #12599,#12647,#12791,#12845,#12899,#12953,#13007,#13055,#13088,
    #13113,#13170,#13195,#13252,#13277,#13334,#13341,#13373,#13400,
    #13427,#13454,#13481,#13508,#13535,#13562,#13614,#13685,#13739,
    #13788,#13820,#13852,#13963));
#17 = ADVANCED_FACE('',(#18),#32,.F.);
#18 = FACE_BOUND('',#19,.T.);
#19 = EDGE_LOOP('',(#20,#55,#83,#111));
#20 = ORIENTED_EDGE('',*,*,#21,.F.);
#21 = EDGE_CURVE('',#22,#24,#26,.T.);
#22 = VERTEX_POINT('',#23);
#23 = CARTESIAN_POINT('',(1.042938698303,7.306822011833,-12.6114745706)
  );
#24 = VERTEX_POINT('',#25);
#25 = CARTESIAN_POINT('',(1.042886180287,7.306879316853,-8.56150865789)
  );
#26 = SURFACE_CURVE('',#27,(#31,#43),.PCURVE_S1.);
#27 = LINE('',#28,#29);
#28 = CARTESIAN_POINT('',(1.042938698303,7.306822011833,-12.6114745706)
  );
#29 = VECTOR('',#30,1.);
#30 = DIRECTION('',(-1.296752066396E-05,1.414950665963E-05,
    0.999999999816));
#31 = PCURVE('',#32,#37);
#32 = PLANE('',#33);
#33 = AXIS2_PLACEMENT_3D('',#34,#35,#36);
#34 = CARTESIAN_POINT('',(1.042938698303,7.306822011833,-12.6114745706)
  );
#35 = DIRECTION('',(0.906216580733,-0.42281379884,1.773398890242E-05));
#36 = DIRECTION('',(0.422813799013,0.906216580797,-7.339670870689E-06));
#37 = DEFINITIONAL_REPRESENTATION('',(#38),#42);
#38 = LINE('',#39,#40);
#39 = CARTESIAN_POINT('',(0.,0.));
#40 = VECTOR('',#41,1.);
#41 = DIRECTION('',(8.470329472543E-22,1.));
#42 = ( GEOMETRIC_REPRESENTATION_CONTEXT(2) 
PARAMETRIC_REPRESENTATION_CONTEXT() REPRESENTATION_CONTEXT('2D SPACE',''
  ) );
#43 = PCURVE('',#44,#49);
#44 = CYLINDRICAL_SURFACE('',#45,0.6096);
#45 = AXIS2_PLACEMENT_3D('',#46,#47,#48);
#46 = CARTESIAN_POINT('',(1.595368325918,7.049074720063,-12.61146375996)
  );
#47 = DIRECTION('',(-1.296752066396E-05,1.414950665963E-05,
    0.999999999816));
#48 = DIRECTION('',(-0.999999976639,2.157622180403E-04,
    -1.297057329236E-05));
#49 = DEFINITIONAL_REPRESENTATION('',(#50),#54);
#50 = LINE('',#51,#52);
#51 = CARTESIAN_POINT('',(5.846852994184,0.));
#52 = VECTOR('',#53,1.);
#53 = DIRECTION('',(0.,1.));
#54 = ( GEOMETRIC_REPRESENTATION_CONTEXT(2) 
PARAMETRIC_REPRESENTATION_CONTEXT() REPRESENTATION_CONTEXT('2D SPACE',''
  ) );
#55 = ORIENTED_EDGE('',*,*,#56,.T.);
#56 = EDGE_CURVE('',#22,#57,#59,.T.);
#57 = VERTEX_POINT('',#58);
#58 = CARTESIAN_POINT('',(0.802440570725,6.791362508453,-12.61147039576)
  );
#59 = SURFACE_CURVE('',#60,(#64,#71),.PCURVE_S1.);
#60 = LINE('',#61,#62);
#61 = CARTESIAN_POINT('',(1.042938698303,7.306822011833,-12.6114745706)
  );
#62 = VECTOR('',#63,1.);
#63 = DIRECTION('',(-0.422813799013,-0.906216580797,7.339670870689E-06)
  );
#64 = PCURVE('',#32,#65);
#65 = DEFINITIONAL_REPRESENTATION('',(#66),#70);
#66 = LINE('',#67,#68);
#67 = CARTESIAN_POINT('',(0.,0.));
#68 = VECTOR('',#69,1.);
#69 = DIRECTION('',(-1.,-8.470329472543E-22));
#70 = ( GEOMETRIC_REPRESENTATION_CONTEXT(2) 
PARAMETRIC_REPRESENTATION_CONTEXT() REPRESENTATION_CONTEXT('2D SPACE',''
  ) );
#71 = PCURVE('',#72,#77);
#72 = PLANE('',#73);
#73 = AXIS2_PLACEMENT_3D('',#74,#75,#76);
#74 = CARTESIAN_POINT('',(1.84817857334E-03,6.631810159544E-04,
    -12.61138469241));
#75 = DIRECTION('',(-1.296752066396E-05,1.414950665963E-05,
    0.999999999816));
#76 = DIRECTION('',(-2.157624015277E-04,-0.999999976623,
    1.414670842806E-05));
#77 = DEFINITIONAL_REPRESENTATION('',(#78),#82);
#78 = LINE('',#79,#80);
#79 = CARTESIAN_POINT('',(-7.306383289485,1.039514101209));
#80 = VECTOR('',#81,1.);
#81 = DIRECTION('',(0.906307787037,-0.422618261741));
#82 = ( GEOMETRIC_REPRESENTATION_CONTEXT(2) 
PARAMETRIC_REPRESENTATION_CONTEXT() REPRESENTATION_CONTEXT('2D SPACE',''
  ) );
#83 = ORIENTED_EDGE('',*,*,#84,.T.);
#84 = EDGE_CURVE('',#57,#85,#87,.T.);
#85 = VERTEX_POINT('',#86);
#86 = CARTESIAN_POINT('',(0.802389981944,6.791417708388,-8.710278873392)
  );
#87 = SURFACE_CURVE('',#88,(#92,#99),.PCURVE_S1.);
#88 = LINE('',#89,#90);
#89 = CARTESIAN_POINT('',(0.802440570725,6.791362508453,-12.61147039576)
  );
#90 = VECTOR('',#91,1.);
#91 = DIRECTION('',(-1.296752066396E-05,1.414950665963E-05,
    0.999999999816));
#92 = PCURVE('',#32,#93);
#93 = DEFINITIONAL_REPRESENTATION('',(#94),#98);
#94 = LINE('',#95,#96);
#95 = CARTESIAN_POINT('',(-0.5688038757,6.166213508763E-16));
#96 = VECTOR('',#97,1.);
#97 = DIRECTION('',(8.470329472543E-22,1.));
#98 = ( GEOMETRIC_REPRESENTATION_CONTEXT(2) 
PARAMETRIC_REPRESENTATION_CONTEXT() REPRESENTATION_CONTEXT('2D SPACE',''
  ) );
#99 = PCURVE('',#100,#105);
#100 = CYLINDRICAL_SURFACE('',#101,0.6096);
#101 = AXIS2_PLACEMENT_3D('',#102,#103,#104);
#102 = CARTESIAN_POINT('',(0.250010943111,7.049109800226,-12.6114812064)
  );
#103 = DIRECTION('',(-1.296752066396E-05,1.414950665963E-05,
    0.999999999816));
#104 = DIRECTION('',(-0.999999976639,2.157622180403E-04,
    -1.297057329236E-05));
#105 = DEFINITIONAL_REPRESENTATION('',(#106),#110);
#106 = LINE('',#107,#108);
#107 = CARTESIAN_POINT('',(2.70526034059,0.));
#108 = VECTOR('',#109,1.);
#109 = DIRECTION('',(0.,1.));
#110 = ( GEOMETRIC_REPRESENTATION_CONTEXT(2) 
PARAMETRIC_REPRESENTATION_CONTEXT() REPRESENTATION_CONTEXT('2D SPACE',''
  ) );
#111 = ORIENTED_EDGE('',*,*,#112,.T.);
#112 = EDGE_CURVE('',#85,#24,#113,.T.);
#113 = SURFACE_CURVE('',#114,(#118,#125),.PCURVE_S1.);
#114 = B_SPLINE_CURVE_WITH_KNOTS('',2,(#115,#116,#117),.UNSPECIFIED.,.F.
  ,.F.,(3,3),(0.,1.),.PIECEWISE_BEZIER_KNOTS.);
#115 = CARTESIAN_POINT('',(0.802389981945,6.791417708388,-8.710278873392
    ));
#116 = CARTESIAN_POINT('',(0.928660061561,7.062055012054,-8.645619371098
    ));
#117 = CARTESIAN_POINT('',(1.042886180287,7.306879316853,-8.56150865789)
  );
#118 = PCURVE('',#32,#119);
#119 = DEFINITIONAL_REPRESENTATION('',(#120),#124);
#120 = B_SPLINE_CURVE_WITH_KNOTS('',2,(#121,#122,#123),.UNSPECIFIED.,.F.
  ,.F.,(3,3),(0.,1.),.PIECEWISE_BEZIER_KNOTS.);
#121 = CARTESIAN_POINT('',(-0.568803875699,3.901191523093));
#122 = CARTESIAN_POINT('',(-0.270159606251,3.965853217349));
#123 = CARTESIAN_POINT('',(0.,4.049965913456));
#124 = ( GEOMETRIC_REPRESENTATION_CONTEXT(2) 
PARAMETRIC_REPRESENTATION_CONTEXT() REPRESENTATION_CONTEXT('2D SPACE',''
  ) );
#125 = PCURVE('',#126,#131);
#126 = CYLINDRICAL_SURFACE('',#127,1.7526);
#127 = AXIS2_PLACEMENT_3D('',#128,#129,#130);
#128 = CARTESIAN_POINT('',(1.777362942994E-03,7.404514718226E-04,
    -7.150384693425));
#129 = DIRECTION('',(2.157624015277E-04,0.999999976623,
    -1.414670842806E-05));
#130 = DIRECTION('',(-0.999999976639,2.157622180403E-04,
    -1.297057329236E-05));
#131 = DEFINITIONAL_REPRESENTATION('',(#132),#158);
#132 = B_SPLINE_CURVE_WITH_KNOTS('',3,(#133,#134,#135,#136,#137,#138,
    #139,#140,#141,#142,#143,#144,#145,#146,#147,#148,#149,#150,#151,
    #152,#153,#154,#155,#156,#157),.UNSPECIFIED.,.F.,.F.,(4,1,1,1,1,1,1,
    1,1,1,1,1,1,1,1,1,1,1,1,1,1,1,4),(0.,4.545454545455E-02,
    9.090909090909E-02,0.136363636364,0.181818181818,0.227272727273,
    0.272727272727,0.318181818182,0.363636363636,0.409090909091,
    0.454545454545,0.5,0.545454545455,0.590909090909,0.636363636364,
    0.681818181818,0.727272727273,0.772727272727,0.818181818182,
    0.863636363636,0.909090909091,0.954545454545,1.),
  .QUASI_UNIFORM_KNOTS.);
#133 = CARTESIAN_POINT('',(4.238930911659,6.790871907642));
#134 = CARTESIAN_POINT('',(4.236478929829,6.799073835732));
#135 = CARTESIAN_POINT('',(4.23157641652,6.815442132858));
#136 = CARTESIAN_POINT('',(4.224226605269,6.839887901391));
#137 = CARTESIAN_POINT('',(4.216880360848,6.864226992766));
#138 = CARTESIAN_POINT('',(4.209537289751,6.888459406984));
#139 = CARTESIAN_POINT('',(4.202196997571,6.912585144045));
#140 = CARTESIAN_POINT('',(4.194859088973,6.936604203949));
#141 = CARTESIAN_POINT('',(4.187523167861,6.960516586695));
#142 = CARTESIAN_POINT('',(4.180188837504,6.984322292284));
#143 = CARTESIAN_POINT('',(4.172855700656,7.008021320715));
#144 = CARTESIAN_POINT('',(4.165523359695,7.031613671989));
#145 = CARTESIAN_POINT('',(4.15819141674,7.055099346106));
#146 = CARTESIAN_POINT('',(4.150859473785,7.078478343066));
#147 = CARTESIAN_POINT('',(4.143527132823,7.101750662869));
#148 = CARTESIAN_POINT('',(4.136193995976,7.124916305514));
#149 = CARTESIAN_POINT('',(4.128859665618,7.147975271001));
#150 = CARTESIAN_POINT('',(4.121523744507,7.170927559332));
#151 = CARTESIAN_POINT('',(4.114185835908,7.193773170505));
#152 = CARTESIAN_POINT('',(4.106845543728,7.216512104521));
#153 = CARTESIAN_POINT('',(4.099502472631,7.239144361379));
#154 = CARTESIAN_POINT('',(4.09215622821,7.261669941081));
#155 = CARTESIAN_POINT('',(4.084806416958,7.284088843625));
#156 = CARTESIAN_POINT('',(4.07990390365,7.298963660549));
#157 = CARTESIAN_POINT('',(4.07745192182,7.306383289485));
#158 = ( GEOMETRIC_REPRESENTATION_CONTEXT(2) 
PARAMETRIC_REPRESENTATION_CONTEXT() REPRESENTATION_CONTEXT('2D SPACE',''
  ) );
#159 = ADVANCED_FACE('',(#160),#126,.F.);
#160 = FACE_BOUND('',#161,.F.);
#161 = EDGE_LOOP('',(#162,#388,#438,#612,#641,#808,#809,#1028,#1151,
    #1375,#1425,#1599,#1628,#1802,#1852,#2076,#2151,#2173,#2200,#2201));
#162 = ORIENTED_EDGE('',*,*,#163,.T.);
#163 = EDGE_CURVE('',#164,#166,#168,.T.);
#164 = VERTEX_POINT('',#165);
#165 = CARTESIAN_POINT('',(-1.722867561888,7.644486242229,
    -7.453007911601));
#166 = VERTEX_POINT('',#167);
#167 = CARTESIAN_POINT('',(-1.036141973563,7.307327892589,
    -8.561535624077));
#168 = SURFACE_CURVE('',#169,(#193,#288),.PCURVE_S1.);
#169 = B_SPLINE_CURVE_WITH_KNOTS('',3,(#170,#171,#172,#173,#174,#175,
    #176,#177,#178,#179,#180,#181,#182,#183,#184,#185,#186,#187,#188,
    #189,#190,#191,#192),.UNSPECIFIED.,.F.,.F.,(4,1,1,1,1,1,1,1,1,1,1,1,
    1,1,1,1,1,1,1,1,4),(0.,5.E-02,0.1,0.15,0.2,0.25,0.3,0.35,0.4,0.45,
    0.5,0.55,0.6,0.65,0.7,0.75,0.8,0.85,0.9,0.95,1.),
  .QUASI_UNIFORM_KNOTS.);
#170 = CARTESIAN_POINT('',(-1.722867561888,7.644486242229,
    -7.453007911601));
#171 = CARTESIAN_POINT('',(-1.716503201849,7.645921603946,
    -7.489324210993));
#172 = CARTESIAN_POINT('',(-1.701654019361,7.649060378358,
    -7.560626547218));
#173 = CARTESIAN_POINT('',(-1.673348974041,7.653795790488,
    -7.664073294634));
#174 = CARTESIAN_POINT('',(-1.639748015149,7.657646100731,
    -7.762951204038));
#175 = CARTESIAN_POINT('',(-1.601595368479,7.659731108825,
    -7.856743199812));
#176 = CARTESIAN_POINT('',(-1.559964321102,7.659255968717,
    -7.944466916247));
#177 = CARTESIAN_POINT('',(-1.515995645657,7.65563720987,-8.025496622053
    ));
#178 = CARTESIAN_POINT('',(-1.470844180435,7.648513439154,
    -8.099402500539));
#179 = CARTESIAN_POINT('',(-1.426280419907,7.637984215461,
    -8.165120573325));
#180 = CARTESIAN_POINT('',(-1.382832981115,7.624212904165,
    -8.223582411272));
#181 = CARTESIAN_POINT('',(-1.340921720504,7.607404284737,
    -8.275532254598));
#182 = CARTESIAN_POINT('',(-1.300687020999,7.587723211145,
    -8.321853158026));
#183 = CARTESIAN_POINT('',(-1.262034755443,7.565159573505,
    -8.363439107569));
#184 = CARTESIAN_POINT('',(-1.225517984405,7.540097222389,
    -8.400362885541));
#185 = CARTESIAN_POINT('',(-1.191131356943,7.512642791947,
    -8.433219597117));
#186 = CARTESIAN_POINT('',(-1.159088006693,7.483047912744,
    -8.462287293958));
#187 = CARTESIAN_POINT('',(-1.129481974554,7.451528499271,
    -8.487906497038));
#188 = CARTESIAN_POINT('',(-1.102152653466,7.417951335626,
    -8.510557401892));
#189 = CARTESIAN_POINT('',(-1.077421110775,7.382745290678,
    -8.530268949666));
#190 = CARTESIAN_POINT('',(-1.055207780346,7.345850065573,
    -8.547365481183));
#191 = CARTESIAN_POINT('',(-1.042189109753,7.320303265578,
    -8.557078918406));
#192 = CARTESIAN_POINT('',(-1.036141973563,7.307327892589,
    -8.561535624077));
#193 = PCURVE('',#126,#194);
#194 = DEFINITIONAL_REPRESENTATION('',(#195),#287);
#195 = B_SPLINE_CURVE_WITH_KNOTS('',3,(#196,#197,#198,#199,#200,#201,
    #202,#203,#204,#205,#206,#207,#208,#209,#210,#211,#212,#213,#214,
    #215,#216,#217,#218,#219,#220,#221,#222,#223,#224,#225,#226,#227,
    #228,#229,#230,#231,#232,#233,#234,#235,#236,#237,#238,#239,#240,
    #241,#242,#243,#244,#245,#246,#247,#248,#249,#250,#251,#252,#253,
    #254,#255,#256,#257,#258,#259,#260,#261,#262,#263,#264,#265,#266,
    #267,#268,#269,#270,#271,#272,#273,#274,#275,#276,#277,#278,#279,
    #280,#281,#282,#283,#284,#285,#286),.UNSPECIFIED.,.F.,.F.,(4,1,1,1,1
    ,1,1,1,1,1,1,1,1,1,1,1,1,1,1,1,1,1,1,1,1,1,1,1,1,1,1,1,1,1,1,1,1,1,1
    ,1,1,1,1,1,1,1,1,1,1,1,1,1,1,1,1,1,1,1,1,1,1,1,1,1,1,1,1,1,1,1,1,1,1
    ,1,1,1,1,1,1,1,1,1,1,1,1,1,1,1,4),(0.,1.136363636364E-02,
    2.272727272727E-02,3.409090909091E-02,4.545454545455E-02,
    5.681818181818E-02,6.818181818182E-02,7.954545454545E-02,
    9.090909090909E-02,0.102272727273,0.113636363636,0.125,
    0.136363636364,0.147727272727,0.159090909091,0.170454545455,
    0.181818181818,0.193181818182,0.204545454545,0.215909090909,
    0.227272727273,0.238636363636,0.25,0.261363636364,0.272727272727,
    0.284090909091,0.295454545455,0.306818181818,0.318181818182,
    0.329545454545,0.340909090909,0.352272727273,0.363636363636,0.375,
    0.386363636364,0.397727272727,0.409090909091,0.420454545455,
    0.431818181818,0.443181818182,0.454545454545,0.465909090909,
    0.477272727273,0.488636363636,0.5,0.511363636364,0.522727272727,
    0.534090909091,0.545454545455,0.556818181818,0.568181818182,
    0.579545454545,0.590909090909,0.602272727273,0.613636363636,0.625,
    0.636363636364,0.647727272727,0.659090909091,0.670454545455,
    0.681818181818,0.693181818182,0.704545454545,0.715909090909,
    0.727272727273,0.738636363636,0.75,0.761363636364,0.772727272727,
    0.784090909091,0.795454545455,0.806818181818,0.818181818182,
    0.829545454545,0.840909090909,0.852272727273,0.863636363636,0.875,
    0.886363636364,0.897727272727,0.909090909091,0.920454545455,
    0.931818181818,0.943181818182,0.954545454545,0.965909090909,
    0.977272727273,0.988636363636,1.),.QUASI_UNIFORM_KNOTS.);
#196 = CARTESIAN_POINT('',(6.109720141083,7.643377779663));
#197 = CARTESIAN_POINT('',(6.104938979918,7.643704427079));
#198 = CARTESIAN_POINT('',(6.095404464559,7.644371590642));
#199 = CARTESIAN_POINT('',(6.081180510147,7.645404816966));
#200 = CARTESIAN_POINT('',(6.06702863196,7.646461415754));
#201 = CARTESIAN_POINT('',(6.052943578017,7.647532220039));
#202 = CARTESIAN_POINT('',(6.038918711134,7.648608279949));
#203 = CARTESIAN_POINT('',(6.024955246713,7.64967949196));
#204 = CARTESIAN_POINT('',(6.011059518243,7.650735006749));
#205 = CARTESIAN_POINT('',(5.997236736468,7.651764152507));
#206 = CARTESIAN_POINT('',(5.983492681494,7.652756191326));
#207 = CARTESIAN_POINT('',(5.969832386676,7.653700475193));
#208 = CARTESIAN_POINT('',(5.956257806287,7.654586702883));
#209 = CARTESIAN_POINT('',(5.942771348822,7.655404524623));
#210 = CARTESIAN_POINT('',(5.92937552877,7.656143631327));
#211 = CARTESIAN_POINT('',(5.916072573274,7.65679359971));
#212 = CARTESIAN_POINT('',(5.902868200961,7.657344935156));
#213 = CARTESIAN_POINT('',(5.889769040433,7.657788330684));
#214 = CARTESIAN_POINT('',(5.87678157757,7.658114497947));
#215 = CARTESIAN_POINT('',(5.863912668455,7.658313894442));
#216 = CARTESIAN_POINT('',(5.851168306742,7.658378134452));
#217 = CARTESIAN_POINT('',(5.838553174219,7.658300632714));
#218 = CARTESIAN_POINT('',(5.826072364916,7.65807446489));
#219 = CARTESIAN_POINT('',(5.813731029646,7.657692798443));
#220 = CARTESIAN_POINT('',(5.80153445218,7.657148772707));
#221 = CARTESIAN_POINT('',(5.789486925952,7.656438154763));
#222 = CARTESIAN_POINT('',(5.777592828288,7.655556656942));
#223 = CARTESIAN_POINT('',(5.765856873537,7.654500189858));
#224 = CARTESIAN_POINT('',(5.754283117415,7.653263925752));
#225 = CARTESIAN_POINT('',(5.742879885276,7.651846960535));
#226 = CARTESIAN_POINT('',(5.731658415998,7.650250917593));
#227 = CARTESIAN_POINT('',(5.720629257244,7.6484768458));
#228 = CARTESIAN_POINT('',(5.709804101942,7.646525910813));
#229 = CARTESIAN_POINT('',(5.699191466404,7.644399391688));
#230 = CARTESIAN_POINT('',(5.688785495019,7.642099273378));
#231 = CARTESIAN_POINT('',(5.678582185505,7.639627451387));
#232 = CARTESIAN_POINT('',(5.668577226362,7.636985858403));
#233 = CARTESIAN_POINT('',(5.658766507473,7.634176367827));
#234 = CARTESIAN_POINT('',(5.649146563442,7.631201302073));
#235 = CARTESIAN_POINT('',(5.63971416815,7.628063087387));
#236 = CARTESIAN_POINT('',(5.630466103935,7.624764110642));
#237 = CARTESIAN_POINT('',(5.621399465191,7.621306816257));
#238 = CARTESIAN_POINT('',(5.612510564874,7.61769342789));
#239 = CARTESIAN_POINT('',(5.603794428567,7.613925830401));
#240 = CARTESIAN_POINT('',(5.595246412374,7.610005972132));
#241 = CARTESIAN_POINT('',(5.586861883191,7.60593578522));
#242 = CARTESIAN_POINT('',(5.578636305337,7.601717203132));
#243 = CARTESIAN_POINT('',(5.570564157494,7.597350116869));
#244 = CARTESIAN_POINT('',(5.562639898354,7.592834372541));
#245 = CARTESIAN_POINT('',(5.554858295426,7.588169984932));
#246 = CARTESIAN_POINT('',(5.547213221,7.583356339017));
#247 = CARTESIAN_POINT('',(5.539703668424,7.578396168913));
#248 = CARTESIAN_POINT('',(5.5323319666,7.573294383651));
#249 = CARTESIAN_POINT('',(5.525099660222,7.568055345593));
#250 = CARTESIAN_POINT('',(5.518008813597,7.562683724729));
#251 = CARTESIAN_POINT('',(5.511060420644,7.557183481191));
#252 = CARTESIAN_POINT('',(5.504250818606,7.551555590121));
#253 = CARTESIAN_POINT('',(5.497576918479,7.545801367799));
#254 = CARTESIAN_POINT('',(5.491035594153,7.539922085498));
#255 = CARTESIAN_POINT('',(5.484623521821,7.533918853375));
#256 = CARTESIAN_POINT('',(5.478339736037,7.527794342252));
#257 = CARTESIAN_POINT('',(5.472183832482,7.521551580072));
#258 = CARTESIAN_POINT('',(5.466155274388,7.51519349146));
#259 = CARTESIAN_POINT('',(5.460253683871,7.508723070802));
#260 = CARTESIAN_POINT('',(5.454478295356,7.502143109941));
#261 = CARTESIAN_POINT('',(5.448827739862,7.495456098739));
#262 = CARTESIAN_POINT('',(5.443300789653,7.488664583414));
#263 = CARTESIAN_POINT('',(5.437896210241,7.481771096239));
#264 = CARTESIAN_POINT('',(5.43261279746,7.474778168921));
#265 = CARTESIAN_POINT('',(5.42744747918,7.46768425149));
#266 = CARTESIAN_POINT('',(5.422397156429,7.460487729756));
#267 = CARTESIAN_POINT('',(5.417458908689,7.453187230201));
#268 = CARTESIAN_POINT('',(5.412629231985,7.445780480844));
#269 = CARTESIAN_POINT('',(5.407907839489,7.438269987875));
#270 = CARTESIAN_POINT('',(5.403296537376,7.430661365356));
#271 = CARTESIAN_POINT('',(5.398796620477,7.422959431487));
#272 = CARTESIAN_POINT('',(5.394409703281,7.415169502262));
#273 = CARTESIAN_POINT('',(5.39013668915,7.407295652424));
#274 = CARTESIAN_POINT('',(5.385975436681,7.399336686484));
#275 = CARTESIAN_POINT('',(5.381924160675,7.391292005598));
#276 = CARTESIAN_POINT('',(5.37798105679,7.383160954967));
#277 = CARTESIAN_POINT('',(5.374144109132,7.37494250697));
#278 = CARTESIAN_POINT('',(5.370413401054,7.366639131326));
#279 = CARTESIAN_POINT('',(5.366789501063,7.358254093652));
#280 = CARTESIAN_POINT('',(5.36327284761,7.349790438343));
#281 = CARTESIAN_POINT('',(5.359863982282,7.34125132925));
#282 = CARTESIAN_POINT('',(5.35656317688,7.332639635266));
#283 = CARTESIAN_POINT('',(5.353370295195,7.323957794604));
#284 = CARTESIAN_POINT('',(5.35028528479,7.31520832622));
#285 = CARTESIAN_POINT('',(5.348300482458,7.309331926961));
#286 = CARTESIAN_POINT('',(5.34732603895,7.306383289485));
#287 = ( GEOMETRIC_REPRESENTATION_CONTEXT(2) 
PARAMETRIC_REPRESENTATION_CONTEXT() REPRESENTATION_CONTEXT('2D SPACE',''
  ) );
#288 = PCURVE('',#289,#294);
#289 = CYLINDRICAL_SURFACE('',#290,0.6096);
#290 = AXIS2_PLACEMENT_3D('',#291,#292,#293);
#291 = CARTESIAN_POINT('',(-1.588630256073,7.049761706675,
    -12.61150505824));
#292 = DIRECTION('',(-1.296752066396E-05,1.414950665963E-05,
    0.999999999816));
#293 = DIRECTION('',(-0.999999976639,2.157622180403E-04,
    -1.297057329236E-05));
#294 = DEFINITIONAL_REPRESENTATION('',(#295),#387);
#295 = B_SPLINE_CURVE_WITH_KNOTS('',3,(#296,#297,#298,#299,#300,#301,
    #302,#303,#304,#305,#306,#307,#308,#309,#310,#311,#312,#313,#314,
    #315,#316,#317,#318,#319,#320,#321,#322,#323,#324,#325,#326,#327,
    #328,#329,#330,#331,#332,#333,#334,#335,#336,#337,#338,#339,#340,
    #341,#342,#343,#344,#345,#346,#347,#348,#349,#350,#351,#352,#353,
    #354,#355,#356,#357,#358,#359,#360,#361,#362,#363,#364,#365,#366,
    #367,#368,#369,#370,#371,#372,#373,#374,#375,#376,#377,#378,#379,
    #380,#381,#382,#383,#384,#385,#386),.UNSPECIFIED.,.F.,.F.,(4,1,1,1,1
    ,1,1,1,1,1,1,1,1,1,1,1,1,1,1,1,1,1,1,1,1,1,1,1,1,1,1,1,1,1,1,1,1,1,1
    ,1,1,1,1,1,1,1,1,1,1,1,1,1,1,1,1,1,1,1,1,1,1,1,1,1,1,1,1,1,1,1,1,1,1
    ,1,1,1,1,1,1,1,1,1,1,1,1,1,1,1,4),(0.,1.136363636364E-02,
    2.272727272727E-02,3.409090909091E-02,4.545454545455E-02,
    5.681818181818E-02,6.818181818182E-02,7.954545454545E-02,
    9.090909090909E-02,0.102272727273,0.113636363636,0.125,
    0.136363636364,0.147727272727,0.159090909091,0.170454545455,
    0.181818181818,0.193181818182,0.204545454545,0.215909090909,
    0.227272727273,0.238636363636,0.25,0.261363636364,0.272727272727,
    0.284090909091,0.295454545455,0.306818181818,0.318181818182,
    0.329545454545,0.340909090909,0.352272727273,0.363636363636,0.375,
    0.386363636364,0.397727272727,0.409090909091,0.420454545455,
    0.431818181818,0.443181818182,0.454545454545,0.465909090909,
    0.477272727273,0.488636363636,0.5,0.511363636364,0.522727272727,
    0.534090909091,0.545454545455,0.556818181818,0.568181818182,
    0.579545454545,0.590909090909,0.602272727273,0.613636363636,0.625,
    0.636363636364,0.647727272727,0.659090909091,0.670454545455,
    0.681818181818,0.693181818182,0.704545454545,0.715909090909,
    0.727272727273,0.738636363636,0.75,0.761363636364,0.772727272727,
    0.784090909091,0.795454545455,0.806818181818,0.818181818182,
    0.829545454545,0.840909090909,0.852272727273,0.863636363636,0.875,
    0.886363636364,0.897727272727,0.909090909091,0.920454545455,
    0.931818181818,0.943181818182,0.954545454545,0.965909090909,
    0.977272727273,0.988636363636,1.),.UNSPECIFIED.);
#296 = CARTESIAN_POINT('',(4.934517442457,5.158507301481));
#297 = CARTESIAN_POINT('',(4.932085178686,5.150253582934));
#298 = CARTESIAN_POINT('',(4.927040452496,5.133814851236));
#299 = CARTESIAN_POINT('',(4.918941568765,5.109357235221));
#300 = CARTESIAN_POINT('',(4.910319695505,5.085094275666));
#301 = CARTESIAN_POINT('',(4.901183625678,5.061020813963));
#302 = CARTESIAN_POINT('',(4.891540828492,5.037129216074));
#303 = CARTESIAN_POINT('',(4.881404432337,5.013425003673));
#304 = CARTESIAN_POINT('',(4.870791086279,4.989922212787));
#305 = CARTESIAN_POINT('',(4.859716246414,4.966632824274));
#306 = CARTESIAN_POINT('',(4.848195272087,4.943569686926));
#307 = CARTESIAN_POINT('',(4.836243121567,4.920744181785));
#308 = CARTESIAN_POINT('',(4.823874510257,4.898161842));
#309 = CARTESIAN_POINT('',(4.811103729593,4.875828850113));
#310 = CARTESIAN_POINT('',(4.797944872397,4.853751363227));
#311 = CARTESIAN_POINT('',(4.784410934698,4.831934990808));
#312 = CARTESIAN_POINT('',(4.77052020908,4.810390354969));
#313 = CARTESIAN_POINT('',(4.756291909199,4.789129244004));
#314 = CARTESIAN_POINT('',(4.741744563037,4.768163032789));
#315 = CARTESIAN_POINT('',(4.726896223765,4.747503627391));
#316 = CARTESIAN_POINT('',(4.711765019266,4.72716095459));
#317 = CARTESIAN_POINT('',(4.696369657887,4.707141910891));
#318 = CARTESIAN_POINT('',(4.680728368275,4.68745396211));
#319 = CARTESIAN_POINT('',(4.664859066596,4.668104422807));
#320 = CARTESIAN_POINT('',(4.648779218073,4.649100643243));
#321 = CARTESIAN_POINT('',(4.632506473023,4.630447682276));
#322 = CARTESIAN_POINT('',(4.61605813461,4.612150529236));
#323 = CARTESIAN_POINT('',(4.599451684617,4.594214443101));
#324 = CARTESIAN_POINT('',(4.582702507292,4.576643673793));
#325 = CARTESIAN_POINT('',(4.565834943467,4.55944784588));
#326 = CARTESIAN_POINT('',(4.548879446593,4.542640155932));
#327 = CARTESIAN_POINT('',(4.531864693723,4.52623266048));
#328 = CARTESIAN_POINT('',(4.514820830451,4.510238880673));
#329 = CARTESIAN_POINT('',(4.497772840464,4.494667431821));
#330 = CARTESIAN_POINT('',(4.480724285838,4.479505356593));
#331 = CARTESIAN_POINT('',(4.463681368851,4.464742248119));
#332 = CARTESIAN_POINT('',(4.446649591715,4.450367075954));
#333 = CARTESIAN_POINT('',(4.429634854511,4.436368753488));
#334 = CARTESIAN_POINT('',(4.412641354425,4.422738168299));
#335 = CARTESIAN_POINT('',(4.395673040803,4.409466688843));
#336 = CARTESIAN_POINT('',(4.378733850259,4.396545515588));
#337 = CARTESIAN_POINT('',(4.36182830371,4.383966057666));
#338 = CARTESIAN_POINT('',(4.344958454094,4.371718953241));
#339 = CARTESIAN_POINT('',(4.328122558435,4.359793661166));
#340 = CARTESIAN_POINT('',(4.311319678843,4.348179861521));
#341 = CARTESIAN_POINT('',(4.294548757085,4.336867176794));
#342 = CARTESIAN_POINT('',(4.277808853608,4.325845238616));
#343 = CARTESIAN_POINT('',(4.261093586529,4.315103571238));
#344 = CARTESIAN_POINT('',(4.244396427336,4.304631605739));
#345 = CARTESIAN_POINT('',(4.227711390997,4.294419124867));
#346 = CARTESIAN_POINT('',(4.211030529649,4.284454597869));
#347 = CARTESIAN_POINT('',(4.194356491487,4.274733478678));
#348 = CARTESIAN_POINT('',(4.177698862743,4.265255754127));
#349 = CARTESIAN_POINT('',(4.161065531772,4.256020280369));
#350 = CARTESIAN_POINT('',(4.1444654688,4.247026520368));
#351 = CARTESIAN_POINT('',(4.127905045802,4.238272591471));
#352 = CARTESIAN_POINT('',(4.11137969992,4.229750987093));
#353 = CARTESIAN_POINT('',(4.094886195173,4.221454839144));
#354 = CARTESIAN_POINT('',(4.078421156829,4.213377209979));
#355 = CARTESIAN_POINT('',(4.061980820606,4.205510801684));
#356 = CARTESIAN_POINT('',(4.045566107186,4.197851732661));
#357 = CARTESIAN_POINT('',(4.029179052036,4.190396900518));
#358 = CARTESIAN_POINT('',(4.012821395376,4.183142982316));
#359 = CARTESIAN_POINT('',(3.996495215377,4.176086787861));
#360 = CARTESIAN_POINT('',(3.980201567769,4.169224769597));
#361 = CARTESIAN_POINT('',(3.963939993511,4.162552852053));
#362 = CARTESIAN_POINT('',(3.947710403572,4.15606705852));
#363 = CARTESIAN_POINT('',(3.931512697201,4.149763386752));
#364 = CARTESIAN_POINT('',(3.915346853329,4.14363783789));
#365 = CARTESIAN_POINT('',(3.899204684529,4.137684785281));
#366 = CARTESIAN_POINT('',(3.88307784967,4.131898550958));
#367 = CARTESIAN_POINT('',(3.866958536444,4.126273650224));
#368 = CARTESIAN_POINT('',(3.85083701457,4.120803876617));
#369 = CARTESIAN_POINT('',(3.834713920918,4.115486861739));
#370 = CARTESIAN_POINT('',(3.818596652477,4.110322728459));
#371 = CARTESIAN_POINT('',(3.802490914401,4.105310976888));
#372 = CARTESIAN_POINT('',(3.786403479763,4.100451445941));
#373 = CARTESIAN_POINT('',(3.770338471046,4.095743214332));
#374 = CARTESIAN_POINT('',(3.754288834266,4.091182181173));
#375 = CARTESIAN_POINT('',(3.738248795062,4.086764601555));
#376 = CARTESIAN_POINT('',(3.722212475235,4.082486710676));
#377 = CARTESIAN_POINT('',(3.706173269389,4.078344467325));
#378 = CARTESIAN_POINT('',(3.690131792416,4.074336372553));
#379 = CARTESIAN_POINT('',(3.674090300257,4.070461505271));
#380 = CARTESIAN_POINT('',(3.658050577857,4.066718783591));
#381 = CARTESIAN_POINT('',(3.642014680315,4.063107213106));
#382 = CARTESIAN_POINT('',(3.62598386083,4.059625581991));
#383 = CARTESIAN_POINT('',(3.609958236052,4.056272360676));
#384 = CARTESIAN_POINT('',(3.593938157947,4.053046079159));
#385 = CARTESIAN_POINT('',(3.583262010478,4.050978860656));
#386 = CARTESIAN_POINT('',(3.577924966585,4.049965913456));
#387 = ( GEOMETRIC_REPRESENTATION_CONTEXT(2) 
PARAMETRIC_REPRESENTATION_CONTEXT() REPRESENTATION_CONTEXT('2D SPACE',''
  ) );
#388 = ORIENTED_EDGE('',*,*,#389,.T.);
#389 = EDGE_CURVE('',#166,#390,#392,.T.);
#390 = VERTEX_POINT('',#391);
#391 = CARTESIAN_POINT('',(-0.795864372698,6.791762551301,
    -8.710299603668));
#392 = SURFACE_CURVE('',#393,(#397,#426),.PCURVE_S1.);
#393 = B_SPLINE_CURVE_WITH_KNOTS('',2,(#394,#395,#396),.UNSPECIFIED.,.F.
  ,.F.,(3,3),(0.,1.),.PIECEWISE_BEZIER_KNOTS.);
#394 = CARTESIAN_POINT('',(-1.036141973563,7.307327892589,
    -8.561535624077));
#395 = CARTESIAN_POINT('',(-0.92201933125,7.062454318754,-8.645643375472
    ));
#396 = CARTESIAN_POINT('',(-0.795864372698,6.791762551301,
    -8.710299603668));
#397 = PCURVE('',#126,#398);
#398 = DEFINITIONAL_REPRESENTATION('',(#399),#425);
#399 = B_SPLINE_CURVE_WITH_KNOTS('',3,(#400,#401,#402,#403,#404,#405,
    #406,#407,#408,#409,#410,#411,#412,#413,#414,#415,#416,#417,#418,
    #419,#420,#421,#422,#423,#424),.UNSPECIFIED.,.F.,.F.,(4,1,1,1,1,1,1,
    1,1,1,1,1,1,1,1,1,1,1,1,1,1,1,4),(0.,4.545454545455E-02,
    9.090909090909E-02,0.136363636364,0.181818181818,0.227272727273,
    0.272727272727,0.318181818182,0.363636363636,0.409090909091,
    0.454545454545,0.5,0.545454545455,0.590909090909,0.636363636364,
    0.681818181818,0.727272727273,0.772727272727,0.818181818182,
    0.863636363636,0.909090909091,0.954545454545,1.),.UNSPECIFIED.);
#400 = CARTESIAN_POINT('',(5.347326038949,7.306383289485));
#401 = CARTESIAN_POINT('',(5.344874057119,7.298963660549));
#402 = CARTESIAN_POINT('',(5.339971543811,7.284088843625));
#403 = CARTESIAN_POINT('',(5.332621732559,7.261669941081));
#404 = CARTESIAN_POINT('',(5.325275488138,7.239144361379));
#405 = CARTESIAN_POINT('',(5.317932417041,7.216512104521));
#406 = CARTESIAN_POINT('',(5.310592124861,7.193773170505));
#407 = CARTESIAN_POINT('',(5.303254216263,7.170927559332));
#408 = CARTESIAN_POINT('',(5.295918295151,7.147975271001));
#409 = CARTESIAN_POINT('',(5.288583964794,7.124916305514));
#410 = CARTESIAN_POINT('',(5.281250827946,7.101750662868));
#411 = CARTESIAN_POINT('',(5.273918486985,7.078478343066));
#412 = CARTESIAN_POINT('',(5.26658654403,7.055099346106));
#413 = CARTESIAN_POINT('',(5.259254601074,7.031613671989));
#414 = CARTESIAN_POINT('',(5.251922260113,7.008021320715));
#415 = CARTESIAN_POINT('',(5.244589123266,6.984322292284));
#416 = CARTESIAN_POINT('',(5.237254792908,6.960516586695));
#417 = CARTESIAN_POINT('',(5.229918871797,6.936604203949));
#418 = CARTESIAN_POINT('',(5.222580963198,6.912585144045));
#419 = CARTESIAN_POINT('',(5.215240671018,6.888459406984));
#420 = CARTESIAN_POINT('',(5.207897599921,6.864226992766));
#421 = CARTESIAN_POINT('',(5.2005513555,6.839887901391));
#422 = CARTESIAN_POINT('',(5.193201544249,6.815442132858));
#423 = CARTESIAN_POINT('',(5.18829903094,6.799073835732));
#424 = CARTESIAN_POINT('',(5.18584704911,6.790871907642));
#425 = ( GEOMETRIC_REPRESENTATION_CONTEXT(2) 
PARAMETRIC_REPRESENTATION_CONTEXT() REPRESENTATION_CONTEXT('2D SPACE',''
  ) );
#426 = PCURVE('',#427,#432);
#427 = PLANE('',#428);
#428 = AXIS2_PLACEMENT_3D('',#429,#430,#431);
#429 = CARTESIAN_POINT('',(-0.795813783916,6.791707351366,
    -12.61149112604));
#430 = DIRECTION('',(-0.906398950996,-0.422422704883,-5.776674251976E-06
    ));
#431 = DIRECTION('',(-1.296752066396E-05,1.414950665963E-05,
    0.999999999816));
#432 = DEFINITIONAL_REPRESENTATION('',(#433),#437);
#433 = B_SPLINE_CURVE_WITH_KNOTS('',2,(#434,#435,#436),.UNSPECIFIED.,.F.
  ,.F.,(3,3),(0.,1.),.PIECEWISE_BEZIER_KNOTS.);
#434 = CARTESIAN_POINT('',(4.049965913456,0.5688038757));
#435 = CARTESIAN_POINT('',(3.965853217349,0.298644269448));
#436 = CARTESIAN_POINT('',(3.901191523093,0.));
#437 = ( GEOMETRIC_REPRESENTATION_CONTEXT(2) 
PARAMETRIC_REPRESENTATION_CONTEXT() REPRESENTATION_CONTEXT('2D SPACE',''
  ) );
#438 = ORIENTED_EDGE('',*,*,#439,.T.);
#439 = EDGE_CURVE('',#390,#440,#442,.T.);
#440 = VERTEX_POINT('',#441);
#441 = CARTESIAN_POINT('',(-0.243452827078,6.439668965335,
    -8.885637331303));
#442 = SURFACE_CURVE('',#443,(#461,#534),.PCURVE_S1.);
#443 = B_SPLINE_CURVE_WITH_KNOTS('',3,(#444,#445,#446,#447,#448,#449,
    #450,#451,#452,#453,#454,#455,#456,#457,#458,#459,#460),
  .UNSPECIFIED.,.F.,.F.,(4,1,1,1,1,1,1,1,1,1,1,1,1,1,4),(0.,
    7.142857142857E-02,0.142857142857,0.214285714286,0.285714285714,
    0.357142857143,0.428571428571,0.5,0.571428571429,0.642857142857,
    0.714285714286,0.785714285714,0.857142857143,0.928571428571,1.),
  .UNSPECIFIED.);
#444 = CARTESIAN_POINT('',(-0.795864372698,6.791762551301,
    -8.710299603668));
#445 = CARTESIAN_POINT('',(-0.789206385252,6.777476451017,
    -8.713711917861));
#446 = CARTESIAN_POINT('',(-0.77462807806,6.749075637168,-8.721077374726
    ));
#447 = CARTESIAN_POINT('',(-0.748650672129,6.707098949924,
    -8.733706701477));
#448 = CARTESIAN_POINT('',(-0.718998969329,6.666936833432,
    -8.747478545108));
#449 = CARTESIAN_POINT('',(-0.685969676124,6.629125931681,
    -8.762035433563));
#450 = CARTESIAN_POINT('',(-0.649696521851,6.593939047368,
    -8.777095852863));
#451 = CARTESIAN_POINT('',(-0.610583033453,6.561848694962,
    -8.792276246764));
#452 = CARTESIAN_POINT('',(-0.569222260782,6.533286911039,
    -8.807168237765));
#453 = CARTESIAN_POINT('',(-0.52582300363,6.508308097631,-8.821549202912
    ));
#454 = CARTESIAN_POINT('',(-0.480614459022,6.487013299931,
    -8.835206230603));
#455 = CARTESIAN_POINT('',(-0.434187067846,6.469623405497,
    -8.847856604393));
#456 = CARTESIAN_POINT('',(-0.387133755411,6.45620629395,-8.859294055912
    ));
#457 = CARTESIAN_POINT('',(-0.339323303982,6.446621760024,
    -8.869518141737));
#458 = CARTESIAN_POINT('',(-0.291249965664,6.44092063298,-8.878398412815
    ));
#459 = CARTESIAN_POINT('',(-0.25933529472,6.439672424109,-8.883379947409
    ));
#460 = CARTESIAN_POINT('',(-0.243452827078,6.439668965335,
    -8.885637331303));
#461 = PCURVE('',#126,#462);
#462 = DEFINITIONAL_REPRESENTATION('',(#463),#533);
#463 = B_SPLINE_CURVE_WITH_KNOTS('',3,(#464,#465,#466,#467,#468,#469,
    #470,#471,#472,#473,#474,#475,#476,#477,#478,#479,#480,#481,#482,
    #483,#484,#485,#486,#487,#488,#489,#490,#491,#492,#493,#494,#495,
    #496,#497,#498,#499,#500,#501,#502,#503,#504,#505,#506,#507,#508,
    #509,#510,#511,#512,#513,#514,#515,#516,#517,#518,#519,#520,#521,
    #522,#523,#524,#525,#526,#527,#528,#529,#530,#531,#532),
  .UNSPECIFIED.,.F.,.F.,(4,1,1,1,1,1,1,1,1,1,1,1,1,1,1,1,1,1,1,1,1,1,1,1
    ,1,1,1,1,1,1,1,1,1,1,1,1,1,1,1,1,1,1,1,1,1,1,1,1,1,1,1,1,1,1,1,1,1,1
    ,1,1,1,1,1,1,1,1,4),(0.,1.515151515152E-02,3.030303030303E-02,
    4.545454545455E-02,6.060606060606E-02,7.575757575758E-02,
    9.090909090909E-02,0.106060606061,0.121212121212,0.136363636364,
    0.151515151515,0.166666666667,0.181818181818,0.19696969697,
    0.212121212121,0.227272727273,0.242424242424,0.257575757576,
    0.272727272727,0.287878787879,0.30303030303,0.318181818182,
    0.333333333333,0.348484848485,0.363636363636,0.378787878788,
    0.393939393939,0.409090909091,0.424242424242,0.439393939394,
    0.454545454545,0.469696969697,0.484848484848,0.5,0.515151515152,
    0.530303030303,0.545454545455,0.560606060606,0.575757575758,
    0.590909090909,0.606060606061,0.621212121212,0.636363636364,
    0.651515151515,0.666666666667,0.681818181818,0.69696969697,
    0.712121212121,0.727272727273,0.742424242424,0.757575757576,
    0.772727272727,0.787878787879,0.80303030303,0.818181818182,
    0.833333333333,0.848484848485,0.863636363636,0.878787878788,
    0.893939393939,0.909090909091,0.924242424242,0.939393939394,
    0.954545454545,0.969696969697,0.984848484848,1.),.UNSPECIFIED.);
#464 = CARTESIAN_POINT('',(5.18584704911,6.790871907642));
#465 = CARTESIAN_POINT('',(5.184941203548,6.787841837765));
#466 = CARTESIAN_POINT('',(5.183094339872,6.7817894205));
#467 = CARTESIAN_POINT('',(5.180217042387,6.772735031719));
#468 = CARTESIAN_POINT('',(5.177231232916,6.763705887563));
#469 = CARTESIAN_POINT('',(5.174135491411,6.754703213048));
#470 = CARTESIAN_POINT('',(5.170928027143,6.745727425298));
#471 = CARTESIAN_POINT('',(5.167608515106,6.7367821958));
#472 = CARTESIAN_POINT('',(5.164180578772,6.72787992334));
#473 = CARTESIAN_POINT('',(5.160647237545,6.719031730455));
#474 = CARTESIAN_POINT('',(5.157011633561,6.710248872196));
#475 = CARTESIAN_POINT('',(5.153276975187,6.701543349807));
#476 = CARTESIAN_POINT('',(5.149445870733,6.69292288367));
#477 = CARTESIAN_POINT('',(5.145520473563,6.684392027111));
#478 = CARTESIAN_POINT('',(5.141503035876,6.675956065299));
#479 = CARTESIAN_POINT('',(5.13739575121,6.667620032202));
#480 = CARTESIAN_POINT('',(5.133200897426,6.659389234748));
#481 = CARTESIAN_POINT('',(5.128919803342,6.651266553626));
#482 = CARTESIAN_POINT('',(5.12455364791,6.643254516285));
#483 = CARTESIAN_POINT('',(5.120103651616,6.635355760255));
#484 = CARTESIAN_POINT('',(5.115570958127,6.627572828653));
#485 = CARTESIAN_POINT('',(5.110956922304,6.61990853771));
#486 = CARTESIAN_POINT('',(5.106264395731,6.612367527874));
#487 = CARTESIAN_POINT('',(5.101496073842,6.604954275245));
#488 = CARTESIAN_POINT('',(5.09665470978,6.597673289106));
#489 = CARTESIAN_POINT('',(5.091742919875,6.590529110358));
#490 = CARTESIAN_POINT('',(5.086763823382,6.583526089812));
#491 = CARTESIAN_POINT('',(5.081721221564,6.576668301274));
#492 = CARTESIAN_POINT('',(5.076618793113,6.569959904596));
#493 = CARTESIAN_POINT('',(5.071460163559,6.563404920298));
#494 = CARTESIAN_POINT('',(5.06624923864,6.557007840179));
#495 = CARTESIAN_POINT('',(5.06098795222,6.550770097016));
#496 = CARTESIAN_POINT('',(5.055677500167,6.544691987209));
#497 = CARTESIAN_POINT('',(5.05031925197,6.538774089099));
#498 = CARTESIAN_POINT('',(5.044914520748,6.533016905596));
#499 = CARTESIAN_POINT('',(5.039464623285,6.527420959394));
#500 = CARTESIAN_POINT('',(5.033970955751,6.521987214629));
#501 = CARTESIAN_POINT('',(5.028434896805,6.516716630452));
#502 = CARTESIAN_POINT('',(5.022857858736,6.511610189668));
#503 = CARTESIAN_POINT('',(5.017241089857,6.506668785444));
#504 = CARTESIAN_POINT('',(5.011586457525,6.501893672501));
#505 = CARTESIAN_POINT('',(5.005897512626,6.497287071813));
#506 = CARTESIAN_POINT('',(5.000177543737,6.492851070201));
#507 = CARTESIAN_POINT('',(4.994429898739,6.488587741424));
#508 = CARTESIAN_POINT('',(4.988657912579,6.484499345645));
#509 = CARTESIAN_POINT('',(4.982864849022,6.480587137978));
#510 = CARTESIAN_POINT('',(4.977053911207,6.476851630351));
#511 = CARTESIAN_POINT('',(4.971228338769,6.473293514658));
#512 = CARTESIAN_POINT('',(4.965391268934,6.469913391154));
#513 = CARTESIAN_POINT('',(4.959546196526,6.466712046684));
#514 = CARTESIAN_POINT('',(4.95369268528,6.463688363638));
#515 = CARTESIAN_POINT('',(4.947829714682,6.4608409431));
#516 = CARTESIAN_POINT('',(4.941956446535,6.458168476635));
#517 = CARTESIAN_POINT('',(4.936071872967,6.455669569403));
#518 = CARTESIAN_POINT('',(4.930175481588,6.453343087014));
#519 = CARTESIAN_POINT('',(4.924270090972,6.451189638181));
#520 = CARTESIAN_POINT('',(4.918358215113,6.449209679669));
#521 = CARTESIAN_POINT('',(4.912442441221,6.447403680325));
#522 = CARTESIAN_POINT('',(4.906525358142,6.445772212619));
#523 = CARTESIAN_POINT('',(4.900609441187,6.444315343244));
#524 = CARTESIAN_POINT('',(4.894697003692,6.44303244185));
#525 = CARTESIAN_POINT('',(4.88879040458,6.441923018708));
#526 = CARTESIAN_POINT('',(4.882891953119,6.440986530919));
#527 = CARTESIAN_POINT('',(4.877004120534,6.440222507642));
#528 = CARTESIAN_POINT('',(4.871128336804,6.439630068016));
#529 = CARTESIAN_POINT('',(4.865265648815,6.439208180446));
#530 = CARTESIAN_POINT('',(4.859417202485,6.438955850738));
#531 = CARTESIAN_POINT('',(4.855528481945,6.4389));
#532 = CARTESIAN_POINT('',(4.853586870955,6.4389));
#533 = ( GEOMETRIC_REPRESENTATION_CONTEXT(2) 
PARAMETRIC_REPRESENTATION_CONTEXT() REPRESENTATION_CONTEXT('2D SPACE',''
  ) );
#534 = PCURVE('',#535,#540);
#535 = CYLINDRICAL_SURFACE('',#536,0.6096);
#536 = AXIS2_PLACEMENT_3D('',#537,#538,#539);
#537 = CARTESIAN_POINT('',(-0.24327298339,7.049216232263,-12.61148760458
    ));
#538 = DIRECTION('',(-1.296752066396E-05,1.414950665963E-05,
    0.999999999816));
#539 = DIRECTION('',(-0.999999976639,2.157622180403E-04,
    -1.297057329236E-05));
#540 = DEFINITIONAL_REPRESENTATION('',(#541),#611);
#541 = B_SPLINE_CURVE_WITH_KNOTS('',3,(#542,#543,#544,#545,#546,#547,
    #548,#549,#550,#551,#552,#553,#554,#555,#556,#557,#558,#559,#560,
    #561,#562,#563,#564,#565,#566,#567,#568,#569,#570,#571,#572,#573,
    #574,#575,#576,#577,#578,#579,#580,#581,#582,#583,#584,#585,#586,
    #587,#588,#589,#590,#591,#592,#593,#594,#595,#596,#597,#598,#599,
    #600,#601,#602,#603,#604,#605,#606,#607,#608,#609,#610),
  .UNSPECIFIED.,.F.,.F.,(4,1,1,1,1,1,1,1,1,1,1,1,1,1,1,1,1,1,1,1,1,1,1,1
    ,1,1,1,1,1,1,1,1,1,1,1,1,1,1,1,1,1,1,1,1,1,1,1,1,1,1,1,1,1,1,1,1,1,1
    ,1,1,1,1,1,1,1,1,4),(0.,1.515151515152E-02,3.030303030303E-02,
    4.545454545455E-02,6.060606060606E-02,7.575757575758E-02,
    9.090909090909E-02,0.106060606061,0.121212121212,0.136363636364,
    0.151515151515,0.166666666667,0.181818181818,0.19696969697,
    0.212121212121,0.227272727273,0.242424242424,0.257575757576,
    0.272727272727,0.287878787879,0.30303030303,0.318181818182,
    0.333333333333,0.348484848485,0.363636363636,0.378787878788,
    0.393939393939,0.409090909091,0.424242424242,0.439393939394,
    0.454545454545,0.469696969697,0.484848484848,0.5,0.515151515152,
    0.530303030303,0.545454545455,0.560606060606,0.575757575758,
    0.590909090909,0.606060606061,0.621212121212,0.636363636364,
    0.651515151515,0.666666666667,0.681818181818,0.69696969697,
    0.712121212121,0.727272727273,0.742424242424,0.757575757576,
    0.772727272727,0.787878787879,0.80303030303,0.818181818182,
    0.833333333333,0.848484848485,0.863636363636,0.878787878788,
    0.893939393939,0.909090909091,0.924242424242,0.939393939394,
    0.954545454545,0.969696969697,0.984848484848,1.),.UNSPECIFIED.);
#542 = CARTESIAN_POINT('',(0.436332312999,3.901191523093));
#543 = CARTESIAN_POINT('',(0.44181676595,3.900467637678));
#544 = CARTESIAN_POINT('',(0.452813502834,3.898995530787));
#545 = CARTESIAN_POINT('',(0.469397357459,3.896714762563));
#546 = CARTESIAN_POINT('',(0.486075263964,3.894361763896));
#547 = CARTESIAN_POINT('',(0.502852363118,3.891936992207));
#548 = CARTESIAN_POINT('',(0.51973557328,3.889440607858));
#549 = CARTESIAN_POINT('',(0.536725503956,3.886873967913));
#550 = CARTESIAN_POINT('',(0.553805416371,3.884241645453));
#551 = CARTESIAN_POINT('',(0.57096123163,3.881547729091));
#552 = CARTESIAN_POINT('',(0.588178645814,3.878796411245));
#553 = CARTESIAN_POINT('',(0.605442432385,3.875991953579));
#554 = CARTESIAN_POINT('',(0.622744210737,3.873138092425));
#555 = CARTESIAN_POINT('',(0.640080533227,3.870238168314));
#556 = CARTESIAN_POINT('',(0.657446822817,3.867295615737));
#557 = CARTESIAN_POINT('',(0.674838949421,3.864313828163));
#558 = CARTESIAN_POINT('',(0.692252336223,3.861296269194));
#559 = CARTESIAN_POINT('',(0.709687101411,3.858245706332));
#560 = CARTESIAN_POINT('',(0.7271440808,3.855164803646));
#561 = CARTESIAN_POINT('',(0.744623927888,3.852056261224));
#562 = CARTESIAN_POINT('',(0.762127578672,3.848922736388));
#563 = CARTESIAN_POINT('',(0.779655288839,3.845767024349));
#564 = CARTESIAN_POINT('',(0.797202368772,3.842592854078));
#565 = CARTESIAN_POINT('',(0.814764608756,3.839403866868));
#566 = CARTESIAN_POINT('',(0.832337655929,3.83620373433));
#567 = CARTESIAN_POINT('',(0.849917451115,3.832996094476));
#568 = CARTESIAN_POINT('',(0.867499081358,3.829784708054));
#569 = CARTESIAN_POINT('',(0.885076362473,3.826573494605));
#570 = CARTESIAN_POINT('',(0.902643218241,3.823366358301));
#571 = CARTESIAN_POINT('',(0.920193772521,3.820167150217));
#572 = CARTESIAN_POINT('',(0.93772108382,3.816979949173));
#573 = CARTESIAN_POINT('',(0.955225309792,3.813807329967));
#574 = CARTESIAN_POINT('',(0.972709200312,3.810651307977));
#575 = CARTESIAN_POINT('',(0.990174804749,3.807514037375));
#576 = CARTESIAN_POINT('',(1.007624301726,3.804397635212));
#577 = CARTESIAN_POINT('',(1.025059777072,3.801304228236));
#578 = CARTESIAN_POINT('',(1.0424826302,3.798235848848));
#579 = CARTESIAN_POINT('',(1.059894279608,3.795194526411));
#580 = CARTESIAN_POINT('',(1.07729601037,3.792182304106));
#581 = CARTESIAN_POINT('',(1.094689559414,3.78920117288));
#582 = CARTESIAN_POINT('',(1.112074802831,3.786253334346));
#583 = CARTESIAN_POINT('',(1.129446577517,3.783341553675));
#584 = CARTESIAN_POINT('',(1.146800427348,3.78046851665));
#585 = CARTESIAN_POINT('',(1.164131698821,3.777636905871));
#586 = CARTESIAN_POINT('',(1.181435672667,3.774849496068));
#587 = CARTESIAN_POINT('',(1.198708225692,3.772108560477));
#588 = CARTESIAN_POINT('',(1.215945597498,3.769415999289));
#589 = CARTESIAN_POINT('',(1.233143746677,3.766773808786));
#590 = CARTESIAN_POINT('',(1.250298854366,3.764183916493));
#591 = CARTESIAN_POINT('',(1.267405989675,3.761648428865));
#592 = CARTESIAN_POINT('',(1.284471478686,3.759167568214));
#593 = CARTESIAN_POINT('',(1.301503295171,3.756741279431));
#594 = CARTESIAN_POINT('',(1.318508834102,3.75436959155));
#595 = CARTESIAN_POINT('',(1.335495920802,3.752052468728));
#596 = CARTESIAN_POINT('',(1.352470840215,3.749790054099));
#597 = CARTESIAN_POINT('',(1.369430026457,3.747583677668));
#598 = CARTESIAN_POINT('',(1.386370774592,3.745434565633));
#599 = CARTESIAN_POINT('',(1.403290139877,3.743343954015));
#600 = CARTESIAN_POINT('',(1.420185154189,3.741313143348));
#601 = CARTESIAN_POINT('',(1.43705320014,3.73934311649));
#602 = CARTESIAN_POINT('',(1.453892101458,3.737434416923));
#603 = CARTESIAN_POINT('',(1.470699475419,3.735587680151));
#604 = CARTESIAN_POINT('',(1.487473024975,3.733803494901));
#605 = CARTESIAN_POINT('',(1.504209952423,3.732082544989));
#606 = CARTESIAN_POINT('',(1.520910336097,3.730424930814));
#607 = CARTESIAN_POINT('',(1.537575270416,3.728830536968));
#608 = CARTESIAN_POINT('',(1.55420552345,3.727299301604));
#609 = CARTESIAN_POINT('',(1.565269743627,3.726320532837));
#610 = CARTESIAN_POINT('',(1.570796326795,3.725841650131));
#611 = ( GEOMETRIC_REPRESENTATION_CONTEXT(2) 
PARAMETRIC_REPRESENTATION_CONTEXT() REPRESENTATION_CONTEXT('2D SPACE',''
  ) );
#612 = ORIENTED_EDGE('',*,*,#613,.T.);
#613 = EDGE_CURVE('',#440,#614,#616,.T.);
#614 = VERTEX_POINT('',#615);
#615 = CARTESIAN_POINT('',(0.249831099422,6.439562533298,-8.885630933128
    ));
#616 = SURFACE_CURVE('',#617,(#622,#629),.PCURVE_S1.);
#617 = CIRCLE('',#618,1.7526);
#618 = AXIS2_PLACEMENT_3D('',#619,#620,#621);
#619 = CARTESIAN_POINT('',(3.166635470191E-03,6.439640300951,
    -7.150475782666));
#620 = DIRECTION('',(-2.157624015277E-04,-0.999999976623,
    1.414670842806E-05));
#621 = DIRECTION('',(-0.14071634289,1.635534843601E-05,-0.990049953576)
  );
#622 = PCURVE('',#126,#623);
#623 = DEFINITIONAL_REPRESENTATION('',(#624),#628);
#624 = LINE('',#625,#626);
#625 = CARTESIAN_POINT('',(4.853586870955,6.4389));
#626 = VECTOR('',#627,1.);
#627 = DIRECTION('',(-1.,0.));
#628 = ( GEOMETRIC_REPRESENTATION_CONTEXT(2) 
PARAMETRIC_REPRESENTATION_CONTEXT() REPRESENTATION_CONTEXT('2D SPACE',''
  ) );
#629 = PCURVE('',#630,#635);
#630 = PLANE('',#631);
#631 = AXIS2_PLACEMENT_3D('',#632,#633,#634);
#632 = CARTESIAN_POINT('',(0.249879414351,6.439509814477,-12.61147258257
    ));
#633 = DIRECTION('',(-2.157624015277E-04,-0.999999976623,
    1.414670842806E-05));
#634 = DIRECTION('',(-1.296752066396E-05,1.414950665963E-05,
    0.999999999816));
#635 = DEFINITIONAL_REPRESENTATION('',(#636),#640);
#636 = CIRCLE('',#637,1.7526);
#637 = AXIS2_PLACEMENT_2D('',#638,#639);
#638 = CARTESIAN_POINT('',(5.461,0.246641969012));
#639 = DIRECTION('',(-0.99004812842,0.140729184647));
#640 = ( GEOMETRIC_REPRESENTATION_CONTEXT(2) 
PARAMETRIC_REPRESENTATION_CONTEXT() REPRESENTATION_CONTEXT('2D SPACE',''
  ) );
#641 = ORIENTED_EDGE('',*,*,#642,.T.);
#642 = EDGE_CURVE('',#614,#85,#643,.T.);
#643 = SURFACE_CURVE('',#644,(#662,#735),.PCURVE_S1.);
#644 = B_SPLINE_CURVE_WITH_KNOTS('',3,(#645,#646,#647,#648,#649,#650,
    #651,#652,#653,#654,#655,#656,#657,#658,#659,#660,#661),
  .UNSPECIFIED.,.F.,.F.,(4,1,1,1,1,1,1,1,1,1,1,1,1,1,4),(0.,
    7.142857142857E-02,0.142857142857,0.214285714286,0.285714285714,
    0.357142857143,0.428571428571,0.5,0.571428571429,0.642857142857,
    0.714285714286,0.785714285714,0.857142857143,0.928571428571,1.),
  .UNSPECIFIED.);
#645 = CARTESIAN_POINT('',(0.249831099422,6.439562533298,-8.885630933128
    ));
#646 = CARTESIAN_POINT('',(0.265710046372,6.439559139152,-8.883373629393
    ));
#647 = CARTESIAN_POINT('',(0.297618858437,6.440793075258,-8.878392337987
    ));
#648 = CARTESIAN_POINT('',(0.345685309271,6.446471147525,-8.869512946524
    ));
#649 = CARTESIAN_POINT('',(0.39349642879,6.456032569286,-8.859288951892)
  );
#650 = CARTESIAN_POINT('',(0.440554717603,6.469427273015,-8.847851065664
    ));
#651 = CARTESIAN_POINT('',(0.486989888572,6.486795233739,-8.835199999075
    ));
#652 = CARTESIAN_POINT('',(0.532210760778,6.508070064174,-8.821541359172
    ));
#653 = CARTESIAN_POINT('',(0.575624663017,6.533030816751,-8.807158329833
    ));
#654 = CARTESIAN_POINT('',(0.61700061478,6.561575471281,-8.792264447335)
  );
#655 = CARTESIAN_POINT('',(0.656129928189,6.593649634554,-8.777082368956
    ));
#656 = CARTESIAN_POINT('',(0.692418469513,6.628820025061,-8.762020984087
    ));
#657 = CARTESIAN_POINT('',(0.725464012802,6.666616107357,-8.747463231611
    ));
#658 = CARTESIAN_POINT('',(0.755122921145,6.706749507307,-8.733695426568
    ));
#659 = CARTESIAN_POINT('',(0.781120273511,6.748712231943,-8.72106482));
#660 = CARTESIAN_POINT('',(0.795720267051,6.777122368907,-8.713694254508
    ));
#661 = CARTESIAN_POINT('',(0.802389981944,6.791417708388,-8.710278873392
    ));
#662 = PCURVE('',#126,#663);
#663 = DEFINITIONAL_REPRESENTATION('',(#664),#734);
#664 = B_SPLINE_CURVE_WITH_KNOTS('',3,(#665,#666,#667,#668,#669,#670,
    #671,#672,#673,#674,#675,#676,#677,#678,#679,#680,#681,#682,#683,
    #684,#685,#686,#687,#688,#689,#690,#691,#692,#693,#694,#695,#696,
    #697,#698,#699,#700,#701,#702,#703,#704,#705,#706,#707,#708,#709,
    #710,#711,#712,#713,#714,#715,#716,#717,#718,#719,#720,#721,#722,
    #723,#724,#725,#726,#727,#728,#729,#730,#731,#732,#733),
  .UNSPECIFIED.,.F.,.F.,(4,1,1,1,1,1,1,1,1,1,1,1,1,1,1,1,1,1,1,1,1,1,1,1
    ,1,1,1,1,1,1,1,1,1,1,1,1,1,1,1,1,1,1,1,1,1,1,1,1,1,1,1,1,1,1,1,1,1,1
    ,1,1,1,1,1,1,1,1,4),(0.,1.515151515152E-02,3.030303030303E-02,
    4.545454545455E-02,6.060606060606E-02,7.575757575758E-02,
    9.090909090909E-02,0.106060606061,0.121212121212,0.136363636364,
    0.151515151515,0.166666666667,0.181818181818,0.19696969697,
    0.212121212121,0.227272727273,0.242424242424,0.257575757576,
    0.272727272727,0.287878787879,0.30303030303,0.318181818182,
    0.333333333333,0.348484848485,0.363636363636,0.378787878788,
    0.393939393939,0.409090909091,0.424242424242,0.439393939394,
    0.454545454545,0.469696969697,0.484848484848,0.5,0.515151515152,
    0.530303030303,0.545454545455,0.560606060606,0.575757575758,
    0.590909090909,0.606060606061,0.621212121212,0.636363636364,
    0.651515151515,0.666666666667,0.681818181818,0.69696969697,
    0.712121212121,0.727272727273,0.742424242424,0.757575757576,
    0.772727272727,0.787878787879,0.80303030303,0.818181818182,
    0.833333333333,0.848484848485,0.863636363636,0.878787878788,
    0.893939393939,0.909090909091,0.924242424242,0.939393939394,
    0.954545454545,0.969696969697,0.984848484848,1.),.UNSPECIFIED.);
#665 = CARTESIAN_POINT('',(4.571191089815,6.4389));
#666 = CARTESIAN_POINT('',(4.569249902069,6.4389));
#667 = CARTESIAN_POINT('',(4.565362011583,6.438955828146));
#668 = CARTESIAN_POINT('',(4.559514770414,6.43920805571));
#669 = CARTESIAN_POINT('',(4.553653257295,6.439629772323));
#670 = CARTESIAN_POINT('',(4.547778626922,6.440221971907));
#671 = CARTESIAN_POINT('',(4.54189193816,6.440985684709));
#672 = CARTESIAN_POINT('',(4.53599462008,6.441921794587));
#673 = CARTESIAN_POINT('',(4.53008910852,6.44303078703));
#674 = CARTESIAN_POINT('',(4.524177682141,6.444313217882));
#675 = CARTESIAN_POINT('',(4.518262669594,6.445769590002));
#676 = CARTESIAN_POINT('',(4.512346347702,6.447400547825));
#677 = CARTESIAN_POINT('',(4.506431188995,6.449206033235));
#678 = CARTESIAN_POINT('',(4.500519804312,6.451185478254));
#679 = CARTESIAN_POINT('',(4.494614797273,6.453338419493));
#680 = CARTESIAN_POINT('',(4.488718699543,6.455664405233));
#681 = CARTESIAN_POINT('',(4.482834347703,6.458162832482));
#682 = CARTESIAN_POINT('',(4.476961238997,6.460834834735));
#683 = CARTESIAN_POINT('',(4.471098373977,6.463681804946));
#684 = CARTESIAN_POINT('',(4.465244923013,6.466705050049));
#685 = CARTESIAN_POINT('',(4.459399874762,6.469905966895));
#686 = CARTESIAN_POINT('',(4.453562799492,6.473285672935));
#687 = CARTESIAN_POINT('',(4.447737180503,6.476843394039));
#688 = CARTESIAN_POINT('',(4.441926144956,6.480578541604));
#689 = CARTESIAN_POINT('',(4.436132922649,6.484490435247));
#690 = CARTESIAN_POINT('',(4.430360704454,6.488578576166));
#691 = CARTESIAN_POINT('',(4.424612753044,6.492841714901));
#692 = CARTESIAN_POINT('',(4.418892417586,6.497277586686));
#693 = CARTESIAN_POINT('',(4.413203057188,6.501884115229));
#694 = CARTESIAN_POINT('',(4.407547972387,6.506659210388));
#695 = CARTESIAN_POINT('',(4.401930726024,6.511600648951));
#696 = CARTESIAN_POINT('',(4.396353195936,6.516707167774));
#697 = CARTESIAN_POINT('',(4.390816640351,6.521977862992));
#698 = CARTESIAN_POINT('',(4.38532248162,6.527411741663));
#699 = CARTESIAN_POINT('',(4.37987210843,6.533007834355));
#700 = CARTESIAN_POINT('',(4.37446692699,6.538765166686));
#701 = CARTESIAN_POINT('',(4.369108253425,6.544683215172));
#702 = CARTESIAN_POINT('',(4.363797400171,6.550761476187));
#703 = CARTESIAN_POINT('',(4.358535736166,6.556999370389));
#704 = CARTESIAN_POINT('',(4.353324456244,6.563396601443));
#705 = CARTESIAN_POINT('',(4.348165495203,6.569951732343));
#706 = CARTESIAN_POINT('',(4.343062764929,6.576660255638));
#707 = CARTESIAN_POINT('',(4.338019896458,6.583518136612));
#708 = CARTESIAN_POINT('',(4.333040573681,6.590521201892));
#709 = CARTESIAN_POINT('',(4.328128604973,6.597665359994));
#710 = CARTESIAN_POINT('',(4.323287106724,6.604946264265));
#711 = CARTESIAN_POINT('',(4.318518685206,6.612359393669));
#712 = CARTESIAN_POINT('',(4.313826084718,6.61990025621));
#713 = CARTESIAN_POINT('',(4.309211993008,6.627564390142));
#714 = CARTESIAN_POINT('',(4.304679248115,6.635347183694));
#715 = CARTESIAN_POINT('',(4.300229256535,6.643245690143));
#716 = CARTESIAN_POINT('',(4.295863223653,6.651257211483));
#717 = CARTESIAN_POINT('',(4.291582427316,6.659378965558));
#718 = CARTESIAN_POINT('',(4.287388111567,6.66760826317));
#719 = CARTESIAN_POINT('',(4.283281643309,6.675942121319));
#720 = CARTESIAN_POINT('',(4.279265155211,6.684375534375));
#721 = CARTESIAN_POINT('',(4.275340711405,6.692903733763));
#722 = CARTESIAN_POINT('',(4.271510434085,6.701521705117));
#723 = CARTESIAN_POINT('',(4.267776333198,6.71022518019));
#724 = CARTESIAN_POINT('',(4.264140938061,6.719006649503));
#725 = CARTESIAN_POINT('',(4.260607466597,6.727854219864));
#726 = CARTESIAN_POINT('',(4.257179052709,6.736756765527));
#727 = CARTESIAN_POINT('',(4.253858713823,6.745703283454));
#728 = CARTESIAN_POINT('',(4.250650063981,6.754681512331));
#729 = CARTESIAN_POINT('',(4.247552809425,6.763687809632));
#730 = CARTESIAN_POINT('',(4.244565205589,6.77272174711));
#731 = CARTESIAN_POINT('',(4.241685874889,6.781782098573));
#732 = CARTESIAN_POINT('',(4.239837525467,6.787839267965));
#733 = CARTESIAN_POINT('',(4.238930911659,6.790871907642));
#734 = ( GEOMETRIC_REPRESENTATION_CONTEXT(2) 
PARAMETRIC_REPRESENTATION_CONTEXT() REPRESENTATION_CONTEXT('2D SPACE',''
  ) );
#735 = PCURVE('',#100,#736);
#736 = DEFINITIONAL_REPRESENTATION('',(#737),#807);
#737 = B_SPLINE_CURVE_WITH_KNOTS('',3,(#738,#739,#740,#741,#742,#743,
    #744,#745,#746,#747,#748,#749,#750,#751,#752,#753,#754,#755,#756,
    #757,#758,#759,#760,#761,#762,#763,#764,#765,#766,#767,#768,#769,
    #770,#771,#772,#773,#774,#775,#776,#777,#778,#779,#780,#781,#782,
    #783,#784,#785,#786,#787,#788,#789,#790,#791,#792,#793,#794,#795,
    #796,#797,#798,#799,#800,#801,#802,#803,#804,#805,#806),
  .UNSPECIFIED.,.F.,.F.,(4,1,1,1,1,1,1,1,1,1,1,1,1,1,1,1,1,1,1,1,1,1,1,1
    ,1,1,1,1,1,1,1,1,1,1,1,1,1,1,1,1,1,1,1,1,1,1,1,1,1,1,1,1,1,1,1,1,1,1
    ,1,1,1,1,1,1,1,1,4),(0.,1.515151515152E-02,3.030303030303E-02,
    4.545454545455E-02,6.060606060606E-02,7.575757575758E-02,
    9.090909090909E-02,0.106060606061,0.121212121212,0.136363636364,
    0.151515151515,0.166666666667,0.181818181818,0.19696969697,
    0.212121212121,0.227272727273,0.242424242424,0.257575757576,
    0.272727272727,0.287878787879,0.30303030303,0.318181818182,
    0.333333333333,0.348484848485,0.363636363636,0.378787878788,
    0.393939393939,0.409090909091,0.424242424242,0.439393939394,
    0.454545454545,0.469696969697,0.484848484848,0.5,0.515151515152,
    0.530303030303,0.545454545455,0.560606060606,0.575757575758,
    0.590909090909,0.606060606061,0.621212121212,0.636363636364,
    0.651515151515,0.666666666667,0.681818181818,0.69696969697,
    0.712121212121,0.727272727273,0.742424242424,0.757575757576,
    0.772727272727,0.787878787879,0.80303030303,0.818181818182,
    0.833333333333,0.848484848485,0.863636363636,0.878787878788,
    0.893939393939,0.909090909091,0.924242424242,0.939393939394,
    0.954545454545,0.969696969697,0.984848484848,1.),.UNSPECIFIED.);
#738 = CARTESIAN_POINT('',(1.570796326795,3.725841650131));
#739 = CARTESIAN_POINT('',(1.57632170523,3.726320428447));
#740 = CARTESIAN_POINT('',(1.587383564636,3.727298984528));
#741 = CARTESIAN_POINT('',(1.604010393374,3.728829886684));
#742 = CARTESIAN_POINT('',(1.620671990396,3.730423930596));
#743 = CARTESIAN_POINT('',(1.637369096143,3.732081175883));
#744 = CARTESIAN_POINT('',(1.654102768249,3.733801734542));
#745 = CARTESIAN_POINT('',(1.670873084956,3.735585507517));
#746 = CARTESIAN_POINT('',(1.687677347287,3.737431825052));
#747 = CARTESIAN_POINT('',(1.704513343902,3.739340110677));
#748 = CARTESIAN_POINT('',(1.721378777182,3.741309741124));
#749 = CARTESIAN_POINT('',(1.738271573791,3.743340187027));
#750 = CARTESIAN_POINT('',(1.755189123495,3.745430469362));
#751 = CARTESIAN_POINT('',(1.772128395374,3.747579283863));
#752 = CARTESIAN_POINT('',(1.789086398281,3.749785392486));
#753 = CARTESIAN_POINT('',(1.80606037786,3.752047566553));
#754 = CARTESIAN_POINT('',(1.823046718885,3.754364473712));
#755 = CARTESIAN_POINT('',(1.840051678981,3.756735968265));
#756 = CARTESIAN_POINT('',(1.857083059142,3.759162083441));
#757 = CARTESIAN_POINT('',(1.874148229752,3.76164278769));
#758 = CARTESIAN_POINT('',(1.891255138239,3.764178133269));
#759 = CARTESIAN_POINT('',(1.908410092368,3.766767896285));
#760 = CARTESIAN_POINT('',(1.925608197318,3.769409977354));
#761 = CARTESIAN_POINT('',(1.942845666288,3.772102455308));
#762 = CARTESIAN_POINT('',(1.960118489552,3.774843340111));
#763 = CARTESIAN_POINT('',(1.977422945791,3.77763073899));
#764 = CARTESIAN_POINT('',(1.994754917812,3.780462380693));
#765 = CARTESIAN_POINT('',(2.01210964707,3.783335485022));
#766 = CARTESIAN_POINT('',(2.029482449973,3.786247365383));
#767 = CARTESIAN_POINT('',(2.046868838311,3.789195331552));
#768 = CARTESIAN_POINT('',(2.064263618052,3.792176614226));
#769 = CARTESIAN_POINT('',(2.081666634606,3.795189006284));
#770 = CARTESIAN_POINT('',(2.099079594018,3.79823051078));
#771 = CARTESIAN_POINT('',(2.116503750323,3.801299078652));
#772 = CARTESIAN_POINT('',(2.133940490933,3.804392674624));
#773 = CARTESIAN_POINT('',(2.151391184238,3.807509260392));
#774 = CARTESIAN_POINT('',(2.168857918163,3.810646708928));
#775 = CARTESIAN_POINT('',(2.186342873531,3.813802902925));
#776 = CARTESIAN_POINT('',(2.203848101316,3.816975687859));
#777 = CARTESIAN_POINT('',(2.221376355025,3.820163048356));
#778 = CARTESIAN_POINT('',(2.238927787561,3.823362408202));
#779 = CARTESIAN_POINT('',(2.256495430028,3.826569683404));
#780 = CARTESIAN_POINT('',(2.274073381138,3.829781018187));
#781 = CARTESIAN_POINT('',(2.291655540445,3.832992503917));
#782 = CARTESIAN_POINT('',(2.309235690905,3.836200215172));
#783 = CARTESIAN_POINT('',(2.326808929839,3.839400392752));
#784 = CARTESIAN_POINT('',(2.344371240107,3.842589405539));
#785 = CARTESIAN_POINT('',(2.361918306273,3.84576358791));
#786 = CARTESIAN_POINT('',(2.379445950814,3.848919303675));
#787 = CARTESIAN_POINT('',(2.396949544343,3.852052833416));
#788 = CARTESIAN_POINT('',(2.414429095809,3.855161341957));
#789 = CARTESIAN_POINT('',(2.431885243987,3.858242124385));
#790 = CARTESIAN_POINT('',(2.449318362931,3.861292436336));
#791 = CARTESIAN_POINT('',(2.466728973116,3.864309563684));
#792 = CARTESIAN_POINT('',(2.484116996609,3.867290709104));
#793 = CARTESIAN_POINT('',(2.501478476755,3.870232516431));
#794 = CARTESIAN_POINT('',(2.51880983342,3.873131687722));
#795 = CARTESIAN_POINT('',(2.536107047138,3.875984884718));
#796 = CARTESIAN_POINT('',(2.553367265065,3.878788872208));
#797 = CARTESIAN_POINT('',(2.570582501508,3.881539975244));
#798 = CARTESIAN_POINT('',(2.587737657415,3.884233933027));
#799 = CARTESIAN_POINT('',(2.604818616298,3.886866566219));
#800 = CARTESIAN_POINT('',(2.621811468027,3.889433794659));
#801 = CARTESIAN_POINT('',(2.638699681012,3.891931060007));
#802 = CARTESIAN_POINT('',(2.655483870032,3.894356984139));
#803 = CARTESIAN_POINT('',(2.672170886286,3.896711372469));
#804 = CARTESIAN_POINT('',(2.68876582493,3.898993736621));
#805 = CARTESIAN_POINT('',(2.699771236573,3.900467023751));
#806 = CARTESIAN_POINT('',(2.70526034059,3.901191523093));
#807 = ( GEOMETRIC_REPRESENTATION_CONTEXT(2) 
PARAMETRIC_REPRESENTATION_CONTEXT() REPRESENTATION_CONTEXT('2D SPACE',''
  ) );
#808 = ORIENTED_EDGE('',*,*,#112,.T.);
#809 = ORIENTED_EDGE('',*,*,#810,.T.);
#810 = EDGE_CURVE('',#24,#811,#813,.T.);
#811 = VERTEX_POINT('',#812);
#812 = CARTESIAN_POINT('',(1.729728440026,7.64374130244,-7.45296312945)
  );
#813 = SURFACE_CURVE('',#814,(#838,#933),.PCURVE_S1.);
#814 = B_SPLINE_CURVE_WITH_KNOTS('',3,(#815,#816,#817,#818,#819,#820,
    #821,#822,#823,#824,#825,#826,#827,#828,#829,#830,#831,#832,#833,
    #834,#835,#836,#837),.UNSPECIFIED.,.F.,.F.,(4,1,1,1,1,1,1,1,1,1,1,1,
    1,1,1,1,1,1,1,1,4),(0.,5.E-02,0.1,0.15,0.2,0.25,0.3,0.35,0.4,0.45,
    0.5,0.55,0.6,0.65,0.7,0.75,0.8,0.85,0.9,0.95,1.),
  .QUASI_UNIFORM_KNOTS.);
#815 = CARTESIAN_POINT('',(1.042886180287,7.306879316853,-8.56150865789)
  );
#816 = CARTESIAN_POINT('',(1.048939582685,7.319853757816,-8.557051218569
    ));
#817 = CARTESIAN_POINT('',(1.061970851304,7.345398379889,-8.547336079976
    ));
#818 = CARTESIAN_POINT('',(1.084205209712,7.382291710374,-8.530234563445
    ));
#819 = CARTESIAN_POINT('',(1.10895448867,7.417489196716,-8.510519634027)
  );
#820 = CARTESIAN_POINT('',(1.136303198264,7.451059178799,-8.487863084207
    ));
#821 = CARTESIAN_POINT('',(1.165933198036,7.482573987975,-8.462232658495
    ));
#822 = CARTESIAN_POINT('',(1.197990799457,7.512153054313,-8.433160744541
    ));
#823 = CARTESIAN_POINT('',(1.232393516588,7.539593028048,-8.400296645892
    ));
#824 = CARTESIAN_POINT('',(1.268925948014,7.564639523864,-8.363363789111
    ));
#825 = CARTESIAN_POINT('',(1.307591796358,7.58718495761,-8.321768419471)
  );
#826 = CARTESIAN_POINT('',(1.347831700879,7.606843378338,-8.275445026717
    ));
#827 = CARTESIAN_POINT('',(1.389743609591,7.623628341452,-8.223496709836
    ));
#828 = CARTESIAN_POINT('',(1.433192641279,7.637376917089,-8.165033063853
    ));
#829 = CARTESIAN_POINT('',(1.477755647575,7.647883699829,-8.099314953114
    ));
#830 = CARTESIAN_POINT('',(1.522920110659,7.654986886971,-8.025381501456
    ));
#831 = CARTESIAN_POINT('',(1.566878753816,7.658582517348,-7.944357536223
    ));
#832 = CARTESIAN_POINT('',(1.608488903133,7.659037706153,-7.856663838705
    ));
#833 = CARTESIAN_POINT('',(1.646619340102,7.656937065338,-7.762915538984
    ));
#834 = CARTESIAN_POINT('',(1.680210530679,7.653073379156,-7.664056719345
    ));
#835 = CARTESIAN_POINT('',(1.708507121073,7.64832701373,-7.560634671561)
  );
#836 = CARTESIAN_POINT('',(1.723361664897,7.645180309107,-7.489302294084
    ));
#837 = CARTESIAN_POINT('',(1.729728440026,7.64374130244,-7.45296312945)
  );
#838 = PCURVE('',#126,#839);
#839 = DEFINITIONAL_REPRESENTATION('',(#840),#932);
#840 = B_SPLINE_CURVE_WITH_KNOTS('',3,(#841,#842,#843,#844,#845,#846,
    #847,#848,#849,#850,#851,#852,#853,#854,#855,#856,#857,#858,#859,
    #860,#861,#862,#863,#864,#865,#866,#867,#868,#869,#870,#871,#872,
    #873,#874,#875,#876,#877,#878,#879,#880,#881,#882,#883,#884,#885,
    #886,#887,#888,#889,#890,#891,#892,#893,#894,#895,#896,#897,#898,
    #899,#900,#901,#902,#903,#904,#905,#906,#907,#908,#909,#910,#911,
    #912,#913,#914,#915,#916,#917,#918,#919,#920,#921,#922,#923,#924,
    #925,#926,#927,#928,#929,#930,#931),.UNSPECIFIED.,.F.,.F.,(4,1,1,1,1
    ,1,1,1,1,1,1,1,1,1,1,1,1,1,1,1,1,1,1,1,1,1,1,1,1,1,1,1,1,1,1,1,1,1,1
    ,1,1,1,1,1,1,1,1,1,1,1,1,1,1,1,1,1,1,1,1,1,1,1,1,1,1,1,1,1,1,1,1,1,1
    ,1,1,1,1,1,1,1,1,1,1,1,1,1,1,1,4),(0.,1.136363636364E-02,
    2.272727272727E-02,3.409090909091E-02,4.545454545455E-02,
    5.681818181818E-02,6.818181818182E-02,7.954545454545E-02,
    9.090909090909E-02,0.102272727273,0.113636363636,0.125,
    0.136363636364,0.147727272727,0.159090909091,0.170454545455,
    0.181818181818,0.193181818182,0.204545454545,0.215909090909,
    0.227272727273,0.238636363636,0.25,0.261363636364,0.272727272727,
    0.284090909091,0.295454545455,0.306818181818,0.318181818182,
    0.329545454545,0.340909090909,0.352272727273,0.363636363636,0.375,
    0.386363636364,0.397727272727,0.409090909091,0.420454545455,
    0.431818181818,0.443181818182,0.454545454545,0.465909090909,
    0.477272727273,0.488636363636,0.5,0.511363636364,0.522727272727,
    0.534090909091,0.545454545455,0.556818181818,0.568181818182,
    0.579545454545,0.590909090909,0.602272727273,0.613636363636,0.625,
    0.636363636364,0.647727272727,0.659090909091,0.670454545455,
    0.681818181818,0.693181818182,0.704545454545,0.715909090909,
    0.727272727273,0.738636363636,0.75,0.761363636364,0.772727272727,
    0.784090909091,0.795454545455,0.806818181818,0.818181818182,
    0.829545454545,0.840909090909,0.852272727273,0.863636363636,0.875,
    0.886363636364,0.897727272727,0.909090909091,0.920454545455,
    0.931818181818,0.943181818182,0.954545454545,0.965909090909,
    0.977272727273,0.988636363636,1.),.QUASI_UNIFORM_KNOTS.);
#841 = CARTESIAN_POINT('',(4.07745192182,7.306383289485));
#842 = CARTESIAN_POINT('',(4.076477352219,7.309332308507));
#843 = CARTESIAN_POINT('',(4.07449228783,7.315209475288));
#844 = CARTESIAN_POINT('',(4.071406837034,7.323960134642));
#845 = CARTESIAN_POINT('',(4.068213449317,7.332643233641));
#846 = CARTESIAN_POINT('',(4.064912056183,7.341256276544));
#847 = CARTESIAN_POINT('',(4.061502496851,7.349796864939));
#848 = CARTESIAN_POINT('',(4.057985063761,7.358262081514));
#849 = CARTESIAN_POINT('',(4.054360348695,7.366648656242));
#850 = CARTESIAN_POINT('',(4.050628832306,7.374953454457));
#851 = CARTESIAN_POINT('',(4.046791131725,7.383173106601));
#852 = CARTESIAN_POINT('',(4.042847360512,7.391305079317));
#853 = CARTESIAN_POINT('',(4.038795453347,7.399350511298));
#854 = CARTESIAN_POINT('',(4.034633565829,7.407310148276));
#855 = CARTESIAN_POINT('',(4.030359870535,7.415184683153));
#856 = CARTESIAN_POINT('',(4.025972183165,7.42297541312));
#857 = CARTESIAN_POINT('',(4.021471375117,7.430678289278));
#858 = CARTESIAN_POINT('',(4.016859030098,7.438288005683));
#859 = CARTESIAN_POINT('',(4.012136416053,7.44579975357));
#860 = CARTESIAN_POINT('',(4.007305295289,7.453207945904));
#861 = CARTESIAN_POINT('',(4.002365410966,7.460510022671));
#862 = CARTESIAN_POINT('',(3.997313403784,7.467708076104));
#863 = CARTESIAN_POINT('',(3.992146476365,7.47480332368));
#864 = CARTESIAN_POINT('',(3.986861658686,7.481797217162));
#865 = CARTESIAN_POINT('',(3.981456005903,7.488691145925));
#866 = CARTESIAN_POINT('',(3.975928210376,7.495482724844));
#867 = CARTESIAN_POINT('',(3.970276932837,7.502169570118));
#868 = CARTESIAN_POINT('',(3.964500845234,7.508749277371));
#869 = CARTESIAN_POINT('',(3.958598461827,7.515219523211));
#870 = CARTESIAN_POINT('',(3.952568987995,7.521577551407));
#871 = CARTESIAN_POINT('',(3.94641207331,7.527820318684));
#872 = CARTESIAN_POINT('',(3.940127195296,7.533944871369));
#873 = CARTESIAN_POINT('',(3.933713967557,7.539948146052));
#874 = CARTESIAN_POINT('',(3.927171440864,7.545827442466));
#875 = CARTESIAN_POINT('',(3.920496304925,7.551581641148));
#876 = CARTESIAN_POINT('',(3.913685447035,7.5572094593));
#877 = CARTESIAN_POINT('',(3.906735792934,7.562709569274));
#878 = CARTESIAN_POINT('',(3.899643689197,7.568080986149));
#879 = CARTESIAN_POINT('',(3.892410184619,7.573319725136));
#880 = CARTESIAN_POINT('',(3.885037409481,7.578421087663));
#881 = CARTESIAN_POINT('',(3.877526969093,7.583380685643));
#882 = CARTESIAN_POINT('',(3.869881264011,7.588193576685));
#883 = CARTESIAN_POINT('',(3.862099314437,7.592857025373));
#884 = CARTESIAN_POINT('',(3.854174950514,7.597371695024));
#885 = CARTESIAN_POINT('',(3.846102910715,7.601737609817));
#886 = CARTESIAN_POINT('',(3.837877621366,7.6059549651));
#887 = CARTESIAN_POINT('',(3.82949352983,7.610023910681));
#888 = CARTESIAN_POINT('',(3.820946038729,7.613942534957));
#889 = CARTESIAN_POINT('',(3.812230452206,7.617708927909));
#890 = CARTESIAN_POINT('',(3.80334206723,7.621321162187));
#891 = CARTESIAN_POINT('',(3.794275836394,7.624777378188));
#892 = CARTESIAN_POINT('',(3.78502807333,7.628075354791));
#893 = CARTESIAN_POINT('',(3.775595921976,7.631212635339));
#894 = CARTESIAN_POINT('',(3.765976199572,7.63418682448));
#895 = CARTESIAN_POINT('',(3.756165732117,7.636995485228));
#896 = CARTESIAN_POINT('',(3.746161050854,7.639636289921));
#897 = CARTESIAN_POINT('',(3.735957800798,7.642107382903));
#898 = CARTESIAN_POINT('',(3.72555144808,7.644406847078));
#899 = CARTESIAN_POINT('',(3.714937780276,7.646532801043));
#900 = CARTESIAN_POINT('',(3.704110656812,7.648483282068));
#901 = CARTESIAN_POINT('',(3.693078952439,7.650256963181));
#902 = CARTESIAN_POINT('',(3.681854868701,7.651852614028));
#903 = CARTESIAN_POINT('',(3.670449408293,7.653269128657));
#904 = CARTESIAN_POINT('',(3.658874336247,7.654504812303));
#905 = CARTESIAN_POINT('',(3.647138234466,7.655560555073));
#906 = CARTESIAN_POINT('',(3.635245004281,7.656441259196));
#907 = CARTESIAN_POINT('',(3.623199284142,7.6571510719));
#908 = CARTESIAN_POINT('',(3.611005355858,7.65769434314));
#909 = CARTESIAN_POINT('',(3.59866742443,7.658075366956));
#910 = CARTESIAN_POINT('',(3.586190683088,7.658301011647));
#911 = CARTESIAN_POINT('',(3.57358019478,7.658378117663));
#912 = CARTESIAN_POINT('',(3.560840959727,7.658313615917));
#913 = CARTESIAN_POINT('',(3.547977591412,7.658114103316));
#914 = CARTESIAN_POINT('',(3.53499588529,7.657787950235));
#915 = CARTESIAN_POINT('',(3.521902411652,7.657344666301));
#916 = CARTESIAN_POINT('',(3.508703396366,7.656793511414));
#917 = CARTESIAN_POINT('',(3.495405176347,7.656143761544));
#918 = CARTESIAN_POINT('',(3.482013281567,7.65540488635));
#919 = CARTESIAN_POINT('',(3.468530199258,7.65458730959));
#920 = CARTESIAN_POINT('',(3.454958656562,7.65370133812));
#921 = CARTESIAN_POINT('',(3.441301267576,7.652757319087));
#922 = CARTESIAN_POINT('',(3.427560267516,7.65176555537));
#923 = CARTESIAN_POINT('',(3.413740300814,7.650736658739));
#924 = CARTESIAN_POINT('',(3.399846599965,7.649681321702));
#925 = CARTESIAN_POINT('',(3.385883885666,7.648610175053));
#926 = CARTESIAN_POINT('',(3.371857915849,7.647534018384));
#927 = CARTESIAN_POINT('',(3.357769656887,7.646462940774));
#928 = CARTESIAN_POINT('',(3.343612720719,7.645405932061));
#929 = CARTESIAN_POINT('',(3.329382007927,7.64437218894));
#930 = CARTESIAN_POINT('',(3.319841969114,7.643704631254));
#931 = CARTESIAN_POINT('',(3.315057819686,7.643377779663));
#932 = ( GEOMETRIC_REPRESENTATION_CONTEXT(2) 
PARAMETRIC_REPRESENTATION_CONTEXT() REPRESENTATION_CONTEXT('2D SPACE',''
  ) );
#933 = PCURVE('',#44,#934);
#934 = DEFINITIONAL_REPRESENTATION('',(#935),#1027);
#935 = B_SPLINE_CURVE_WITH_KNOTS('',3,(#936,#937,#938,#939,#940,#941,
    #942,#943,#944,#945,#946,#947,#948,#949,#950,#951,#952,#953,#954,
    #955,#956,#957,#958,#959,#960,#961,#962,#963,#964,#965,#966,#967,
    #968,#969,#970,#971,#972,#973,#974,#975,#976,#977,#978,#979,#980,
    #981,#982,#983,#984,#985,#986,#987,#988,#989,#990,#991,#992,#993,
    #994,#995,#996,#997,#998,#999,#1000,#1001,#1002,#1003,#1004,#1005,
    #1006,#1007,#1008,#1009,#1010,#1011,#1012,#1013,#1014,#1015,#1016,
    #1017,#1018,#1019,#1020,#1021,#1022,#1023,#1024,#1025,#1026),
  .UNSPECIFIED.,.F.,.F.,(4,1,1,1,1,1,1,1,1,1,1,1,1,1,1,1,1,1,1,1,1,1,1,1
    ,1,1,1,1,1,1,1,1,1,1,1,1,1,1,1,1,1,1,1,1,1,1,1,1,1,1,1,1,1,1,1,1,1,1
    ,1,1,1,1,1,1,1,1,1,1,1,1,1,1,1,1,1,1,1,1,1,1,1,1,1,1,1,1,1,1,4),(0.,
    1.136363636364E-02,2.272727272727E-02,3.409090909091E-02,
    4.545454545455E-02,5.681818181818E-02,6.818181818182E-02,
    7.954545454545E-02,9.090909090909E-02,0.102272727273,0.113636363636,
    0.125,0.136363636364,0.147727272727,0.159090909091,0.170454545455,
    0.181818181818,0.193181818182,0.204545454545,0.215909090909,
    0.227272727273,0.238636363636,0.25,0.261363636364,0.272727272727,
    0.284090909091,0.295454545455,0.306818181818,0.318181818182,
    0.329545454545,0.340909090909,0.352272727273,0.363636363636,0.375,
    0.386363636364,0.397727272727,0.409090909091,0.420454545455,
    0.431818181818,0.443181818182,0.454545454545,0.465909090909,
    0.477272727273,0.488636363636,0.5,0.511363636364,0.522727272727,
    0.534090909091,0.545454545455,0.556818181818,0.568181818182,
    0.579545454545,0.590909090909,0.602272727273,0.613636363636,0.625,
    0.636363636364,0.647727272727,0.659090909091,0.670454545455,
    0.681818181818,0.693181818182,0.704545454545,0.715909090909,
    0.727272727273,0.738636363636,0.75,0.761363636364,0.772727272727,
    0.784090909091,0.795454545455,0.806818181818,0.818181818182,
    0.829545454545,0.840909090909,0.852272727273,0.863636363636,0.875,
    0.886363636364,0.897727272727,0.909090909091,0.920454545455,
    0.931818181818,0.943181818182,0.954545454545,0.965909090909,
    0.977272727273,0.988636363636,1.),.UNSPECIFIED.);
#936 = CARTESIAN_POINT('',(5.846852994184,4.049965913456));
#937 = CARTESIAN_POINT('',(5.841515259622,4.050978991729));
#938 = CARTESIAN_POINT('',(5.830837715141,4.053046483251));
#939 = CARTESIAN_POINT('',(5.814815436646,4.056273227076));
#940 = CARTESIAN_POINT('',(5.798787446486,4.059626984358));
#941 = CARTESIAN_POINT('',(5.782754044417,4.063109243494));
#942 = CARTESIAN_POINT('',(5.766715261217,4.066721561662));
#943 = CARTESIAN_POINT('',(5.750672440163,4.070465129308));
#944 = CARTESIAN_POINT('',(5.734627842757,4.074340887455));
#945 = CARTESIAN_POINT('',(5.71858342931,4.078349873248));
#946 = CARTESIAN_POINT('',(5.702541657961,4.08249295613));
#947 = CARTESIAN_POINT('',(5.686503267125,4.086771603114));
#948 = CARTESIAN_POINT('',(5.670461435446,4.091189908765));
#949 = CARTESIAN_POINT('',(5.65441010824,4.095751681157));
#950 = CARTESIAN_POINT('',(5.638343328254,4.10046071097));
#951 = CARTESIAN_POINT('',(5.622253848404,4.105321144942));
#952 = CARTESIAN_POINT('',(5.606145717373,4.110333944147));
#953 = CARTESIAN_POINT('',(5.59002565603,4.115499309542));
#954 = CARTESIAN_POINT('',(5.573899321497,4.120817775825));
#955 = CARTESIAN_POINT('',(5.557774015984,4.12628927505));
#956 = CARTESIAN_POINT('',(5.541650483613,4.131916143197));
#957 = CARTESIAN_POINT('',(5.525519419395,4.137704418863));
#958 = CARTESIAN_POINT('',(5.509373378605,4.143659444369));
#959 = CARTESIAN_POINT('',(5.493204404377,4.149786748451));
#960 = CARTESIAN_POINT('',(5.477004688661,4.156091810459));
#961 = CARTESIAN_POINT('',(5.460773879648,4.162578748347));
#962 = CARTESIAN_POINT('',(5.444511541624,4.169251684927));
#963 = CARTESIAN_POINT('',(5.428217265886,4.176114712439));
#964 = CARTESIAN_POINT('',(5.411890221649,4.183172040553));
#965 = CARTESIAN_POINT('',(5.395531381163,4.190427251844));
#966 = CARTESIAN_POINT('',(5.379142923374,4.197883507544));
#967 = CARTESIAN_POINT('',(5.362726645384,4.205544116446));
#968 = CARTESIAN_POINT('',(5.346284651739,4.213412162749));
#969 = CARTESIAN_POINT('',(5.329817921597,4.221491511253));
#970 = CARTESIAN_POINT('',(5.313322721838,4.229789443968));
#971 = CARTESIAN_POINT('',(5.296795711592,4.238312883093));
#972 = CARTESIAN_POINT('',(5.280233690557,4.247068679273));
#973 = CARTESIAN_POINT('',(5.263632122115,4.256064329189));
#974 = CARTESIAN_POINT('',(5.246997485803,4.265301641924));
#975 = CARTESIAN_POINT('',(5.230338880679,4.274781065666));
#976 = CARTESIAN_POINT('',(5.213664313563,4.284503662575));
#977 = CARTESIAN_POINT('',(5.196983514923,4.29446935022));
#978 = CARTESIAN_POINT('',(5.180299173028,4.304682635184));
#979 = CARTESIAN_POINT('',(5.163603219618,4.315155095241));
#980 = CARTESIAN_POINT('',(5.146889580501,4.325896978404));
#981 = CARTESIAN_POINT('',(5.130151631053,4.336918888681));
#982 = CARTESIAN_POINT('',(5.113382896971,4.34823133585));
#983 = CARTESIAN_POINT('',(5.096582328117,4.359844774373));
#984 = CARTESIAN_POINT('',(5.079748753083,4.371769669195));
#985 = CARTESIAN_POINT('',(5.062881126736,4.384016422382));
#986 = CARTESIAN_POINT('',(5.045977574649,4.396595677042));
#987 = CARTESIAN_POINT('',(5.029040146201,4.409516791428));
#988 = CARTESIAN_POINT('',(5.012073443483,4.422788282917));
#989 = CARTESIAN_POINT('',(4.995081460377,4.436418899167));
#990 = CARTESIAN_POINT('',(4.978068228821,4.450417193929));
#991 = CARTESIAN_POINT('',(4.961037950277,4.464792287136));
#992 = CARTESIAN_POINT('',(4.943996187401,4.479555642743));
#993 = CARTESIAN_POINT('',(4.926948134304,4.49471863257));
#994 = CARTESIAN_POINT('',(4.909899702351,4.510291985729));
#995 = CARTESIAN_POINT('',(4.892854052136,4.526289094304));
#996 = CARTESIAN_POINT('',(4.875836709252,4.542700805148));
#997 = CARTESIAN_POINT('',(4.858878584473,4.559512833793));
#998 = CARTESIAN_POINT('',(4.842009038631,4.576712440607));
#999 = CARTESIAN_POINT('',(4.825259325998,4.594285642063));
#1000 = CARTESIAN_POINT('',(4.808654134266,4.612222414338));
#1001 = CARTESIAN_POINT('',(4.792208503692,4.630518701956));
#1002 = CARTESIAN_POINT('',(4.775939705079,4.649169328762));
#1003 = CARTESIAN_POINT('',(4.75986479891,4.668169418212));
#1004 = CARTESIAN_POINT('',(4.74400120653,4.687514015997));
#1005 = CARTESIAN_POINT('',(4.728366219719,4.707195897774));
#1006 = CARTESIAN_POINT('',(4.712977581713,4.727207871161));
#1007 = CARTESIAN_POINT('',(4.697853345158,4.747542604495));
#1008 = CARTESIAN_POINT('',(4.683012053703,4.768193291267));
#1009 = CARTESIAN_POINT('',(4.668471613236,4.789150329522));
#1010 = CARTESIAN_POINT('',(4.654249813402,4.8104022931));
#1011 = CARTESIAN_POINT('',(4.640364932569,4.831938240345));
#1012 = CARTESIAN_POINT('',(4.626835905652,4.853746868646));
#1013 = CARTESIAN_POINT('',(4.61368084654,4.875817871966));
#1014 = CARTESIAN_POINT('',(4.600913015246,4.898145218912));
#1015 = CARTESIAN_POINT('',(4.588546719271,4.920722408846));
#1016 = CARTESIAN_POINT('',(4.576596463111,4.943542928371));
#1017 = CARTESIAN_POINT('',(4.565077225983,4.966600784368));
#1018 = CARTESIAN_POINT('',(4.554003760264,4.989885274228));
#1019 = CARTESIAN_POINT('',(4.543391107463,5.013384493433));
#1020 = CARTESIAN_POINT('',(4.533254451463,5.037087305845));
#1021 = CARTESIAN_POINT('',(4.523610091182,5.060980662447));
#1022 = CARTESIAN_POINT('',(4.514471111234,5.085059485287));
#1023 = CARTESIAN_POINT('',(4.505845408451,5.109331018469));
#1024 = CARTESIAN_POINT('',(4.497742114532,5.133800187466));
#1025 = CARTESIAN_POINT('',(4.492694302343,5.150248423821));
#1026 = CARTESIAN_POINT('',(4.490260518313,5.158507301481));
#1027 = ( GEOMETRIC_REPRESENTATION_CONTEXT(2) 
PARAMETRIC_REPRESENTATION_CONTEXT() REPRESENTATION_CONTEXT('2D SPACE',''
  ) );
#1028 = ORIENTED_EDGE('',*,*,#1029,.F.);
#1029 = EDGE_CURVE('',#1030,#811,#1032,.T.);
#1030 = VERTEX_POINT('',#1031);
#1031 = CARTESIAN_POINT('',(1.729720594866,7.643749862685,
    -6.847977732524));
#1032 = SURFACE_CURVE('',#1033,(#1044,#1095),.PCURVE_S1.);
#1033 = B_SPLINE_CURVE_WITH_KNOTS('',3,(#1034,#1035,#1036,#1037,#1038,
    #1039,#1040,#1041,#1042,#1043),.UNSPECIFIED.,.F.,.F.,(4,1,1,2,1,1,4)
  ,(0.,0.333333333333,0.666666666667,1.,1.333322991754,1.666645983508,
    1.999968975262),.UNSPECIFIED.);
#1034 = CARTESIAN_POINT('',(1.729720594866,7.643749862685,
    -6.847977732524));
#1035 = CARTESIAN_POINT('',(1.735563558758,7.642428498703,
    -6.881322054274));
#1036 = CARTESIAN_POINT('',(1.745294987006,7.640213967624,
    -6.948191878333));
#1037 = CARTESIAN_POINT('',(1.754077106767,7.638200876134,
    -7.049266413162));
#1038 = CARTESIAN_POINT('',(1.756024745655,7.637752346496,
    -7.116701210693));
#1039 = CARTESIAN_POINT('',(1.756025621437,7.637751390887,
    -7.184237751888));
#1040 = CARTESIAN_POINT('',(1.754079895077,7.638197974667,
    -7.251671249843));
#1041 = CARTESIAN_POINT('',(1.745300205868,7.640208249655,
    -7.352749056138));
#1042 = CARTESIAN_POINT('',(1.735570494378,7.642420892187,
    -7.419618874214));
#1043 = CARTESIAN_POINT('',(1.729728440026,7.64374130244,-7.45296312945)
  );
#1044 = PCURVE('',#126,#1045);
#1045 = DEFINITIONAL_REPRESENTATION('',(#1046),#1094);
#1046 = B_SPLINE_CURVE_WITH_KNOTS('',3,(#1047,#1048,#1049,#1050,#1051,
    #1052,#1053,#1054,#1055,#1056,#1057,#1058,#1059,#1060,#1061,#1062,
    #1063,#1064,#1065,#1066,#1067,#1068,#1069,#1070,#1071,#1072,#1073,
    #1074,#1075,#1076,#1077,#1078,#1079,#1080,#1081,#1082,#1083,#1084,
    #1085,#1086,#1087,#1088,#1089,#1090,#1091,#1092,#1093),
  .UNSPECIFIED.,.F.,.F.,(4,1,1,1,1,1,1,1,1,1,1,1,1,1,1,1,1,1,1,1,1,1,1,1
    ,1,1,1,1,1,1,1,1,1,1,1,1,1,1,1,1,1,1,1,1,4),(0.,4.545384034686E-02,
    9.090768069373E-02,0.136361521041,0.181815361387,0.227269201734,
    0.272723042081,0.318176882428,0.363630722775,0.409084563122,
    0.454538403469,0.499992243815,0.545446084162,0.590899924509,
    0.636353764856,0.681807605203,0.72726144555,0.772715285897,
    0.818169126244,0.86362296659,0.909076806937,0.954530647284,
    0.999984487631,1.045438327978,1.090892168325,1.136346008672,
    1.181799849018,1.227253689365,1.272707529712,1.318161370059,
    1.363615210406,1.409069050753,1.4545228911,1.499976731446,
    1.545430571793,1.59088441214,1.636338252487,1.681792092834,
    1.727245933181,1.772699773528,1.818153613875,1.863607454221,
    1.909061294568,1.954515134915,1.999968975262),.UNSPECIFIED.);
#1047 = CARTESIAN_POINT('',(2.968127487493,7.643377779663));
#1048 = CARTESIAN_POINT('',(2.970761386942,7.643197832698));
#1049 = CARTESIAN_POINT('',(2.976027499354,7.642845893066));
#1050 = CARTESIAN_POINT('',(2.983922434438,7.642341907689));
#1051 = CARTESIAN_POINT('',(2.991813961342,7.641861907565));
#1052 = CARTESIAN_POINT('',(2.999702907439,7.641405953862));
#1053 = CARTESIAN_POINT('',(3.007590096846,7.640974107797));
#1054 = CARTESIAN_POINT('',(3.015476366584,7.640566430404));
#1055 = CARTESIAN_POINT('',(3.023362504861,7.640182983401));
#1056 = CARTESIAN_POINT('',(3.031249479432,7.639823825956));
#1057 = CARTESIAN_POINT('',(3.03913718801,7.63948903234));
#1058 = CARTESIAN_POINT('',(3.047025021298,7.639178683964));
#1059 = CARTESIAN_POINT('',(3.054912490341,7.638892860543));
#1060 = CARTESIAN_POINT('',(3.062799075033,7.638631642125));
#1061 = CARTESIAN_POINT('',(3.070684254914,7.638395109121));
#1062 = CARTESIAN_POINT('',(3.078567540106,7.638183340165));
#1063 = CARTESIAN_POINT('',(3.086448319441,7.637996420634));
#1064 = CARTESIAN_POINT('',(3.094326489114,7.637834407975));
#1065 = CARTESIAN_POINT('',(3.102203015558,7.637697300489));
#1066 = CARTESIAN_POINT('',(3.110078691871,7.637585106453));
#1067 = CARTESIAN_POINT('',(3.117954332403,7.637497831467));
#1068 = CARTESIAN_POINT('',(3.125830838628,7.637435481858));
#1069 = CARTESIAN_POINT('',(3.133708738743,7.63739806373));
#1070 = CARTESIAN_POINT('',(3.141589961062,7.637385583352));
#1071 = CARTESIAN_POINT('',(3.149471198508,7.637398046548));
#1072 = CARTESIAN_POINT('',(3.157349138356,7.637435447349));
#1073 = CARTESIAN_POINT('',(3.165225715674,7.637497780205));
#1074 = CARTESIAN_POINT('',(3.173101462143,7.637585039503));
#1075 = CARTESIAN_POINT('',(3.18097728359,7.637697219467));
#1076 = CARTESIAN_POINT('',(3.188853998668,7.637834315037));
#1077 = CARTESIAN_POINT('',(3.196732404248,7.63799631845));
#1078 = CARTESIAN_POINT('',(3.204613472832,7.638183232042));
#1079 = CARTESIAN_POINT('',(3.212497094041,7.638394998319));
#1080 = CARTESIAN_POINT('',(3.220382643013,7.638631531473));
#1081 = CARTESIAN_POINT('',(3.228269617837,7.638892752534));
#1082 = CARTESIAN_POINT('',(3.236157485595,7.639178580728));
#1083 = CARTESIAN_POINT('',(3.24404571374,7.639488935649));
#1084 = CARTESIAN_POINT('',(3.251933801241,7.639823737227));
#1085 = CARTESIAN_POINT('',(3.259821125319,7.640182903678));
#1086 = CARTESIAN_POINT('',(3.267707576091,7.640566360447));
#1087 = CARTESIAN_POINT('',(3.275594127313,7.640974048303));
#1088 = CARTESIAN_POINT('',(3.283481570961,7.64140590543));
#1089 = CARTESIAN_POINT('',(3.291370748407,7.641861870703));
#1090 = CARTESIAN_POINT('',(3.299262487938,7.642341882813));
#1091 = CARTESIAN_POINT('',(3.307157621126,7.6428458805));
#1092 = CARTESIAN_POINT('',(3.312423858693,7.643197828494));
#1093 = CARTESIAN_POINT('',(3.315057819686,7.643377779663));
#1094 = ( GEOMETRIC_REPRESENTATION_CONTEXT(2) 
PARAMETRIC_REPRESENTATION_CONTEXT() REPRESENTATION_CONTEXT('2D SPACE',''
  ) );
#1095 = PCURVE('',#1096,#1101);
#1096 = CYLINDRICAL_SURFACE('',#1097,7.8359);
#1097 = AXIS2_PLACEMENT_3D('',#1098,#1099,#1100);
#1098 = CARTESIAN_POINT('',(1.870082012494E-03,6.392810842556E-04,
    -14.3004846921));
#1099 = DIRECTION('',(1.296752066396E-05,-1.414950665963E-05,
    -0.999999999816));
#1100 = DIRECTION('',(0.999999976639,-2.157622180403E-04,
    1.297057329236E-05));
#1101 = DEFINITIONAL_REPRESENTATION('',(#1102),#1150);
#1102 = B_SPLINE_CURVE_WITH_KNOTS('',3,(#1103,#1104,#1105,#1106,#1107,
    #1108,#1109,#1110,#1111,#1112,#1113,#1114,#1115,#1116,#1117,#1118,
    #1119,#1120,#1121,#1122,#1123,#1124,#1125,#1126,#1127,#1128,#1129,
    #1130,#1131,#1132,#1133,#1134,#1135,#1136,#1137,#1138,#1139,#1140,
    #1141,#1142,#1143,#1144,#1145,#1146,#1147,#1148,#1149),
  .UNSPECIFIED.,.F.,.F.,(4,1,1,1,1,1,1,1,1,1,1,1,1,1,1,1,1,1,1,1,1,1,1,1
    ,1,1,1,1,1,1,1,1,1,1,1,1,1,1,1,1,1,1,1,1,4),(0.,4.545384034686E-02,
    9.090768069373E-02,0.136361521041,0.181815361387,0.227269201734,
    0.272723042081,0.318176882428,0.363630722775,0.409084563122,
    0.454538403469,0.499992243815,0.545446084162,0.590899924509,
    0.636353764856,0.681807605203,0.72726144555,0.772715285897,
    0.818169126244,0.86362296659,0.909076806937,0.954530647284,
    0.999984487631,1.045438327978,1.090892168325,1.136346008672,
    1.181799849018,1.227253689365,1.272707529712,1.318161370059,
    1.363615210406,1.409069050753,1.4545228911,1.499976731446,
    1.545430571793,1.59088441214,1.636338252487,1.681792092834,
    1.727245933181,1.772699773528,1.818153613875,1.863607454221,
    1.909061294568,1.954515134915,1.999968975262),.UNSPECIFIED.);
#1103 = CARTESIAN_POINT('',(4.934517442456,-7.452592698519));
#1104 = CARTESIAN_POINT('',(4.934621681099,-7.448045803206));
#1105 = CARTESIAN_POINT('',(4.934825410487,-7.438948644223));
#1106 = CARTESIAN_POINT('',(4.935116774479,-7.425292226864));
#1107 = CARTESIAN_POINT('',(4.935393921975,-7.411624557279));
#1108 = CARTESIAN_POINT('',(4.935656866583,-7.397945060498));
#1109 = CARTESIAN_POINT('',(4.935905621829,-7.384253167601));
#1110 = CARTESIAN_POINT('',(4.936140201523,-7.370548287088));
#1111 = CARTESIAN_POINT('',(4.936360618376,-7.356829911731));
#1112 = CARTESIAN_POINT('',(4.936566889178,-7.343097219793));
#1113 = CARTESIAN_POINT('',(4.936759006527,-7.329351252923));
#1114 = CARTESIAN_POINT('',(4.93693695158,-7.315593933867));
#1115 = CARTESIAN_POINT('',(4.937100708249,-7.301826973442));
#1116 = CARTESIAN_POINT('',(4.937250259742,-7.288052135426));
#1117 = CARTESIAN_POINT('',(4.937385589314,-7.274271183675));
#1118 = CARTESIAN_POINT('',(4.937506680725,-7.260485828776));
#1119 = CARTESIAN_POINT('',(4.937613515653,-7.246697994316));
#1120 = CARTESIAN_POINT('',(4.937706084434,-7.232908718661));
#1121 = CARTESIAN_POINT('',(4.937784395761,-7.219117170295));
#1122 = CARTESIAN_POINT('',(4.937848455228,-7.205322821013));
#1123 = CARTESIAN_POINT('',(4.93789826926,-7.191525105225));
#1124 = CARTESIAN_POINT('',(4.937933844054,-7.177723303568));
#1125 = CARTESIAN_POINT('',(4.937955185885,-7.163917349149));
#1126 = CARTESIAN_POINT('',(4.937962300945,-7.150104718974));
#1127 = CARTESIAN_POINT('',(4.937955195683,-7.13629206199));
#1128 = CARTESIAN_POINT('',(4.937933863743,-7.12248603703));
#1129 = CARTESIAN_POINT('',(4.937898298517,-7.108684109275));
#1130 = CARTESIAN_POINT('',(4.937848493453,-7.094886205808));
#1131 = CARTESIAN_POINT('',(4.937784442035,-7.081091599758));
#1132 = CARTESIAN_POINT('',(4.93770613753,-7.067299718161));
#1133 = CARTESIAN_POINT('',(4.937613574047,-7.053510026389));
#1134 = CARTESIAN_POINT('',(4.937506742535,-7.039721682551));
#1135 = CARTESIAN_POINT('',(4.937385652686,-7.02593573666));
#1136 = CARTESIAN_POINT('',(4.937250323065,-7.01215413633));
#1137 = CARTESIAN_POINT('',(4.937100770101,-6.998378613253));
#1138 = CARTESIAN_POINT('',(4.936937010744,-6.984610953129));
#1139 = CARTESIAN_POINT('',(4.936759061987,-6.970852941551));
#1140 = CARTESIAN_POINT('',(4.936566940117,-6.957106310529));
#1141 = CARTESIAN_POINT('',(4.936360664186,-6.943373006511));
#1142 = CARTESIAN_POINT('',(4.936140241758,-6.929654084542));
#1143 = CARTESIAN_POINT('',(4.935905656082,-6.915948712411));
#1144 = CARTESIAN_POINT('',(4.935656894498,-6.902256376308));
#1145 = CARTESIAN_POINT('',(4.935393943247,-6.888576477108));
#1146 = CARTESIAN_POINT('',(4.935116788853,-6.874908438548));
#1147 = CARTESIAN_POINT('',(4.934825417759,-6.861251678237));
#1148 = CARTESIAN_POINT('',(4.934621683534,-6.852154303034));
#1149 = CARTESIAN_POINT('',(4.934517442456,-6.847607301481));
#1150 = ( GEOMETRIC_REPRESENTATION_CONTEXT(2) 
PARAMETRIC_REPRESENTATION_CONTEXT() REPRESENTATION_CONTEXT('2D SPACE',''
  ) );
#1151 = ORIENTED_EDGE('',*,*,#1152,.T.);
#1152 = EDGE_CURVE('',#1030,#1153,#1155,.T.);
#1153 = VERTEX_POINT('',#1154);
#1154 = CARTESIAN_POINT('',(1.042849585059,7.306919247725,
    -5.739440485321));
#1155 = SURFACE_CURVE('',#1156,(#1180,#1275),.PCURVE_S1.);
#1156 = B_SPLINE_CURVE_WITH_KNOTS('',3,(#1157,#1158,#1159,#1160,#1161,
    #1162,#1163,#1164,#1165,#1166,#1167,#1168,#1169,#1170,#1171,#1172,
    #1173,#1174,#1175,#1176,#1177,#1178,#1179),.UNSPECIFIED.,.F.,.F.,(4,
    1,1,1,1,1,1,1,1,1,1,1,1,1,1,1,1,1,1,1,4),(0.,5.E-02,0.1,0.15,0.2,
    0.25,0.3,0.35,0.4,0.45,0.5,0.55,0.6,0.65,0.7,0.75,0.8,0.85,0.9,0.95,
    1.),.QUASI_UNIFORM_KNOTS.);
#1157 = CARTESIAN_POINT('',(1.729720594866,7.643749862685,
    -6.847977732524));
#1158 = CARTESIAN_POINT('',(1.723353247162,7.645189814066,
    -6.811640884578));
#1159 = CARTESIAN_POINT('',(1.708497222049,7.648338544693,
    -6.740308353135));
#1160 = CARTESIAN_POINT('',(1.680190065254,7.653089055815,
    -6.636860670303));
#1161 = CARTESIAN_POINT('',(1.646588388472,7.656955875532,
    -6.537986225426));
#1162 = CARTESIAN_POINT('',(1.608442298844,7.65905860039,-6.444215125854
    ));
#1163 = CARTESIAN_POINT('',(1.566818863719,7.658603331483,
    -6.356510365591));
#1164 = CARTESIAN_POINT('',(1.522856798686,7.655006641904,
    -6.275495169833));
#1165 = CARTESIAN_POINT('',(1.477699194145,7.647904198784,
    -6.201583451935));
#1166 = CARTESIAN_POINT('',(1.433132121271,7.637396336443,
    -6.135866984635));
#1167 = CARTESIAN_POINT('',(1.3896783317,7.623645429996,-6.077403982162)
  );
#1168 = CARTESIAN_POINT('',(1.347761454628,7.606857102764,
    -6.025455600332));
#1169 = CARTESIAN_POINT('',(1.307520469568,7.587196161796,
    -5.979136321787));
#1170 = CARTESIAN_POINT('',(1.268858559049,7.564650956736,
    -5.937549453167));
#1171 = CARTESIAN_POINT('',(1.232330709126,7.539605762837,
    -5.900624399797));
#1172 = CARTESIAN_POINT('',(1.19793122938,7.512166785461,-5.867765732511
    ));
#1173 = CARTESIAN_POINT('',(1.165874701927,7.482586669083,
    -5.838696666769));
#1174 = CARTESIAN_POINT('',(1.136253516104,7.4510794783,-5.813075129678)
  );
#1175 = CARTESIAN_POINT('',(1.10890953698,7.417514796093,-5.790423087904
    ));
#1176 = CARTESIAN_POINT('',(1.08416215485,7.382319349871,-5.770709985544
    ));
#1177 = CARTESIAN_POINT('',(1.061932494609,7.345433689435,
    -5.753612079784));
#1178 = CARTESIAN_POINT('',(1.048902471243,7.319892208382,
    -5.743897669552));
#1179 = CARTESIAN_POINT('',(1.042849585059,7.306919247725,
    -5.739440485321));
#1180 = PCURVE('',#126,#1181);
#1181 = DEFINITIONAL_REPRESENTATION('',(#1182),#1274);
#1182 = B_SPLINE_CURVE_WITH_KNOTS('',3,(#1183,#1184,#1185,#1186,#1187,
    #1188,#1189,#1190,#1191,#1192,#1193,#1194,#1195,#1196,#1197,#1198,
    #1199,#1200,#1201,#1202,#1203,#1204,#1205,#1206,#1207,#1208,#1209,
    #1210,#1211,#1212,#1213,#1214,#1215,#1216,#1217,#1218,#1219,#1220,
    #1221,#1222,#1223,#1224,#1225,#1226,#1227,#1228,#1229,#1230,#1231,
    #1232,#1233,#1234,#1235,#1236,#1237,#1238,#1239,#1240,#1241,#1242,
    #1243,#1244,#1245,#1246,#1247,#1248,#1249,#1250,#1251,#1252,#1253,
    #1254,#1255,#1256,#1257,#1258,#1259,#1260,#1261,#1262,#1263,#1264,
    #1265,#1266,#1267,#1268,#1269,#1270,#1271,#1272,#1273),
  .UNSPECIFIED.,.F.,.F.,(4,1,1,1,1,1,1,1,1,1,1,1,1,1,1,1,1,1,1,1,1,1,1,1
    ,1,1,1,1,1,1,1,1,1,1,1,1,1,1,1,1,1,1,1,1,1,1,1,1,1,1,1,1,1,1,1,1,1,1
    ,1,1,1,1,1,1,1,1,1,1,1,1,1,1,1,1,1,1,1,1,1,1,1,1,1,1,1,1,1,1,4),(0.,
    1.136363636364E-02,2.272727272727E-02,3.409090909091E-02,
    4.545454545455E-02,5.681818181818E-02,6.818181818182E-02,
    7.954545454545E-02,9.090909090909E-02,0.102272727273,0.113636363636,
    0.125,0.136363636364,0.147727272727,0.159090909091,0.170454545455,
    0.181818181818,0.193181818182,0.204545454545,0.215909090909,
    0.227272727273,0.238636363636,0.25,0.261363636364,0.272727272727,
    0.284090909091,0.295454545455,0.306818181818,0.318181818182,
    0.329545454545,0.340909090909,0.352272727273,0.363636363636,0.375,
    0.386363636364,0.397727272727,0.409090909091,0.420454545455,
    0.431818181818,0.443181818182,0.454545454545,0.465909090909,
    0.477272727273,0.488636363636,0.5,0.511363636364,0.522727272727,
    0.534090909091,0.545454545455,0.556818181818,0.568181818182,
    0.579545454545,0.590909090909,0.602272727273,0.613636363636,0.625,
    0.636363636364,0.647727272727,0.659090909091,0.670454545455,
    0.681818181818,0.693181818182,0.704545454545,0.715909090909,
    0.727272727273,0.738636363636,0.75,0.761363636364,0.772727272727,
    0.784090909091,0.795454545455,0.806818181818,0.818181818182,
    0.829545454545,0.840909090909,0.852272727273,0.863636363636,0.875,
    0.886363636364,0.897727272727,0.909090909091,0.920454545455,
    0.931818181818,0.943181818182,0.954545454545,0.965909090909,
    0.977272727273,0.988636363636,1.),.UNSPECIFIED.);
#1183 = CARTESIAN_POINT('',(2.968127487493,7.643377779663));
#1184 = CARTESIAN_POINT('',(2.963343615854,7.643704612269));
#1185 = CARTESIAN_POINT('',(2.953803990258,7.644372141007));
#1186 = CARTESIAN_POINT('',(2.939573389064,7.645405875702));
#1187 = CARTESIAN_POINT('',(2.925415972151,7.646462919247));
#1188 = CARTESIAN_POINT('',(2.911326566339,7.647534082018));
#1189 = CARTESIAN_POINT('',(2.897298664315,7.64861038568));
#1190 = CARTESIAN_POINT('',(2.88333334952,7.649681729093));
#1191 = CARTESIAN_POINT('',(2.869436652026,7.6507372853));
#1192 = CARTESIAN_POINT('',(2.855613524165,7.651766400003));
#1193 = CARTESIAN_POINT('',(2.841869458623,7.652758354956));
#1194 = CARTESIAN_POINT('',(2.828209281211,7.653702517927));
#1195 = CARTESIAN_POINT('',(2.814635074042,7.654588587829));
#1196 = CARTESIAN_POINT('',(2.801149335841,7.655406216758));
#1197 = CARTESIAN_POINT('',(2.787754675434,7.656145097451));
#1198 = CARTESIAN_POINT('',(2.774453436881,7.656794806906));
#1199 = CARTESIAN_POINT('',(2.761251243013,7.657345864824));
#1200 = CARTESIAN_POINT('',(2.748154577605,7.657788981797));
#1201 = CARTESIAN_POINT('',(2.735169797713,7.658114885929));
#1202 = CARTESIAN_POINT('',(2.722303615403,7.658314052513));
#1203 = CARTESIAN_POINT('',(2.709561935415,7.658378108716));
#1204 = CARTESIAN_POINT('',(2.696949433285,7.658300474657));
#1205 = CARTESIAN_POINT('',(2.684471181044,7.658074232787));
#1206 = CARTESIAN_POINT('',(2.672132311597,7.657692556991));
#1207 = CARTESIAN_POINT('',(2.659938089409,7.657148593089));
#1208 = CARTESIAN_POINT('',(2.647892679613,7.656438079705));
#1209 = CARTESIAN_POINT('',(2.636000326986,7.65555670026));
#1210 = CARTESIAN_POINT('',(2.624265625411,7.654500338169));
#1211 = CARTESIAN_POINT('',(2.61269246288,7.653264132072));
#1212 = CARTESIAN_POINT('',(2.601289246266,7.651847178345));
#1213 = CARTESIAN_POINT('',(2.590067458349,7.650251122938));
#1214 = CARTESIAN_POINT('',(2.579037849225,7.648477031808));
#1215 = CARTESIAN_POINT('',(2.568212339504,7.646526090536));
#1216 = CARTESIAN_POINT('',(2.557599609429,7.64439959199));
#1217 = CARTESIAN_POINT('',(2.547193699007,7.6420995095));
#1218 = CARTESIAN_POINT('',(2.536990532608,7.639627729807));
#1219 = CARTESIAN_POINT('',(2.526985720607,7.636986176642));
#1220 = CARTESIAN_POINT('',(2.517175063909,7.634176712359));
#1221 = CARTESIAN_POINT('',(2.507555120583,7.631201667664));
#1222 = CARTESIAN_POINT('',(2.49812271396,7.62806348156));
#1223 = CARTESIAN_POINT('',(2.488874667376,7.624764552206));
#1224 = CARTESIAN_POINT('',(2.479808124685,7.6213073369));
#1225 = CARTESIAN_POINT('',(2.470919418351,7.617694066514));
#1226 = CARTESIAN_POINT('',(2.462203548087,7.613926624494));
#1227 = CARTESIAN_POINT('',(2.453655852718,7.610006959385));
#1228 = CARTESIAN_POINT('',(2.445271679651,7.605937003101));
#1229 = CARTESIAN_POINT('',(2.437046474392,7.601718688981));
#1230 = CARTESIAN_POINT('',(2.428974690332,7.597351889209));
#1231 = CARTESIAN_POINT('',(2.42105076041,7.592836430826));
#1232 = CARTESIAN_POINT('',(2.41326942795,7.588172310518));
#1233 = CARTESIAN_POINT('',(2.405624535,7.583358891533));
#1234 = CARTESIAN_POINT('',(2.398115076711,7.578398905559));
#1235 = CARTESIAN_POINT('',(2.390743404565,7.573297271707));
#1236 = CARTESIAN_POINT('',(2.383511080717,7.568058359351));
#1237 = CARTESIAN_POINT('',(2.376420189372,7.562686846963));
#1238 = CARTESIAN_POINT('',(2.3694717394,7.557186700245));
#1239 = CARTESIAN_POINT('',(2.362662062777,7.551558887991));
#1240 = CARTESIAN_POINT('',(2.355988067504,7.545804721408));
#1241 = CARTESIAN_POINT('',(2.349446624292,7.539925466849));
#1242 = CARTESIAN_POINT('',(2.343034404614,7.533922227677));
#1243 = CARTESIAN_POINT('',(2.336750452673,7.527797684551));
#1244 = CARTESIAN_POINT('',(2.330594377282,7.521554879283));
#1245 = CARTESIAN_POINT('',(2.324565653163,7.515196748403));
#1246 = CARTESIAN_POINT('',(2.318663917168,7.508726302169));
#1247 = CARTESIAN_POINT('',(2.312888405312,7.502146332205));
#1248 = CARTESIAN_POINT('',(2.307237729911,7.495459303331));
#1249 = CARTESIAN_POINT('',(2.301710648343,7.4886677414));
#1250 = CARTESIAN_POINT('',(2.296305910201,7.481774157051));
#1251 = CARTESIAN_POINT('',(2.291022295706,7.474781060738));
#1252 = CARTESIAN_POINT('',(2.285856754919,7.467686934245));
#1253 = CARTESIAN_POINT('',(2.280806211467,7.460490195707));
#1254 = CARTESIAN_POINT('',(2.275867766008,7.453189501899));
#1255 = CARTESIAN_POINT('',(2.271037941036,7.445782618686));
#1256 = CARTESIAN_POINT('',(2.266316448032,7.438272049952));
#1257 = CARTESIAN_POINT('',(2.261705073206,7.430663381403));
#1258 = CARTESIAN_POINT('',(2.257205095966,7.42296140935));
#1259 = CARTESIAN_POINT('',(2.252818113039,7.415171424535));
#1260 = CARTESIAN_POINT('',(2.248545015059,7.407297483708));
#1261 = CARTESIAN_POINT('',(2.244383668827,7.39933840364));
#1262 = CARTESIAN_POINT('',(2.240332294934,7.391293594275));
#1263 = CARTESIAN_POINT('',(2.236389095222,7.383162410123));
#1264 = CARTESIAN_POINT('',(2.232552060798,7.374943834265));
#1265 = CARTESIAN_POINT('',(2.228821273692,7.366640333276));
#1266 = CARTESIAN_POINT('',(2.225197299165,7.358255166422));
#1267 = CARTESIAN_POINT('',(2.221680573033,7.34979137277));
#1268 = CARTESIAN_POINT('',(2.218271633662,7.341252109837));
#1269 = CARTESIAN_POINT('',(2.214970751647,7.33264024365));
#1270 = CARTESIAN_POINT('',(2.211777792627,7.323958214819));
#1271 = CARTESIAN_POINT('',(2.20869270544,7.315208543709));
#1272 = CARTESIAN_POINT('',(2.206707853241,7.309332000711));
#1273 = CARTESIAN_POINT('',(2.20573338536,7.306383289485));
#1274 = ( GEOMETRIC_REPRESENTATION_CONTEXT(2) 
PARAMETRIC_REPRESENTATION_CONTEXT() REPRESENTATION_CONTEXT('2D SPACE',''
  ) );
#1275 = PCURVE('',#1276,#1281);
#1276 = CYLINDRICAL_SURFACE('',#1277,0.6096);
#1277 = AXIS2_PLACEMENT_3D('',#1278,#1279,#1280);
#1278 = CARTESIAN_POINT('',(1.595368325918,7.049074720063,
    -12.61146375996));
#1279 = DIRECTION('',(-1.296752066396E-05,1.414950665963E-05,
    0.999999999816));
#1280 = DIRECTION('',(-0.999999976639,2.157622180403E-04,
    -1.297057329236E-05));
#1281 = DEFINITIONAL_REPRESENTATION('',(#1282),#1374);
#1282 = B_SPLINE_CURVE_WITH_KNOTS('',3,(#1283,#1284,#1285,#1286,#1287,
    #1288,#1289,#1290,#1291,#1292,#1293,#1294,#1295,#1296,#1297,#1298,
    #1299,#1300,#1301,#1302,#1303,#1304,#1305,#1306,#1307,#1308,#1309,
    #1310,#1311,#1312,#1313,#1314,#1315,#1316,#1317,#1318,#1319,#1320,
    #1321,#1322,#1323,#1324,#1325,#1326,#1327,#1328,#1329,#1330,#1331,
    #1332,#1333,#1334,#1335,#1336,#1337,#1338,#1339,#1340,#1341,#1342,
    #1343,#1344,#1345,#1346,#1347,#1348,#1349,#1350,#1351,#1352,#1353,
    #1354,#1355,#1356,#1357,#1358,#1359,#1360,#1361,#1362,#1363,#1364,
    #1365,#1366,#1367,#1368,#1369,#1370,#1371,#1372,#1373),
  .UNSPECIFIED.,.F.,.F.,(4,1,1,1,1,1,1,1,1,1,1,1,1,1,1,1,1,1,1,1,1,1,1,1
    ,1,1,1,1,1,1,1,1,1,1,1,1,1,1,1,1,1,1,1,1,1,1,1,1,1,1,1,1,1,1,1,1,1,1
    ,1,1,1,1,1,1,1,1,1,1,1,1,1,1,1,1,1,1,1,1,1,1,1,1,1,1,1,1,1,1,4),(0.,
    1.136363636364E-02,2.272727272727E-02,3.409090909091E-02,
    4.545454545455E-02,5.681818181818E-02,6.818181818182E-02,
    7.954545454545E-02,9.090909090909E-02,0.102272727273,0.113636363636,
    0.125,0.136363636364,0.147727272727,0.159090909091,0.170454545455,
    0.181818181818,0.193181818182,0.204545454545,0.215909090909,
    0.227272727273,0.238636363636,0.25,0.261363636364,0.272727272727,
    0.284090909091,0.295454545455,0.306818181818,0.318181818182,
    0.329545454545,0.340909090909,0.352272727273,0.363636363636,0.375,
    0.386363636364,0.397727272727,0.409090909091,0.420454545455,
    0.431818181818,0.443181818182,0.454545454545,0.465909090909,
    0.477272727273,0.488636363636,0.5,0.511363636364,0.522727272727,
    0.534090909091,0.545454545455,0.556818181818,0.568181818182,
    0.579545454545,0.590909090909,0.602272727273,0.613636363636,0.625,
    0.636363636364,0.647727272727,0.659090909091,0.670454545455,
    0.681818181818,0.693181818182,0.704545454545,0.715909090909,
    0.727272727273,0.738636363636,0.75,0.761363636364,0.772727272727,
    0.784090909091,0.795454545455,0.806818181818,0.818181818182,
    0.829545454545,0.840909090909,0.852272727273,0.863636363636,0.875,
    0.886363636364,0.897727272727,0.909090909091,0.920454545455,
    0.931818181818,0.943181818182,0.954545454545,0.965909090909,
    0.977272727273,0.988636363636,1.),.QUASI_UNIFORM_KNOTS.);
#1283 = CARTESIAN_POINT('',(4.490260518311,5.763492698519));
#1284 = CARTESIAN_POINT('',(4.492694161008,5.771751096447));
#1285 = CARTESIAN_POINT('',(4.497741724405,5.78819862401));
#1286 = CARTESIAN_POINT('',(4.505844886703,5.812667609673));
#1287 = CARTESIAN_POINT('',(4.514470842436,5.836939972923));
#1288 = CARTESIAN_POINT('',(4.523610592193,5.86102075278));
#1289 = CARTESIAN_POINT('',(4.533256413588,5.884917381181));
#1290 = CARTESIAN_POINT('',(4.543395173949,5.908624573038));
#1291 = CARTESIAN_POINT('',(4.554010381517,5.932128814667));
#1292 = CARTESIAN_POINT('',(4.565086696838,5.95541857311));
#1293 = CARTESIAN_POINT('',(4.576608900076,5.978481498248));
#1294 = CARTESIAN_POINT('',(4.588562118731,6.001306574094));
#1295 = CARTESIAN_POINT('',(4.600931498195,6.023888061261));
#1296 = CARTESIAN_POINT('',(4.613702632043,6.046219635933));
#1297 = CARTESIAN_POINT('',(4.626861311799,6.068294992685));
#1298 = CARTESIAN_POINT('',(4.640394401746,6.090108336951));
#1299 = CARTESIAN_POINT('',(4.654283685429,6.111649210451));
#1300 = CARTESIAN_POINT('',(4.66851007433,6.132906069311));
#1301 = CARTESIAN_POINT('',(4.6830551502,6.153867756974));
#1302 = CARTESIAN_POINT('',(4.697900980674,6.17452261256));
#1303 = CARTESIAN_POINT('',(4.71302951982,6.194860860439));
#1304 = CARTESIAN_POINT('',(4.728422083836,6.214875612111));
#1305 = CARTESIAN_POINT('',(4.744060478898,6.234559436694));
#1306 = CARTESIAN_POINT('',(4.759926820199,6.253905047252));
#1307 = CARTESIAN_POINT('',(4.776003674148,6.272905123444));
#1308 = CARTESIAN_POINT('',(4.792273612168,6.291554791818));
#1309 = CARTESIAN_POINT('',(4.808719560109,6.309849253602));
#1310 = CARTESIAN_POINT('',(4.825324247113,6.327783421627));
#1311 = CARTESIAN_POINT('',(4.842072572437,6.345353287632));
#1312 = CARTESIAN_POINT('',(4.858940096269,6.362549097276));
#1313 = CARTESIAN_POINT('',(4.875896016933,6.379357282629));
#1314 = CARTESIAN_POINT('',(4.892911372278,6.395765477662));
#1315 = CARTESIAN_POINT('',(4.909955695113,6.41175981305));
#1316 = CARTESIAN_POINT('',(4.927003772111,6.427331421719));
#1317 = CARTESIAN_POINT('',(4.944052192861,6.442493419075));
#1318 = CARTESIAN_POINT('',(4.961094862635,6.457256322804));
#1319 = CARTESIAN_POINT('',(4.978126392839,6.471631281838));
#1320 = CARTESIAN_POINT('',(4.995141013335,6.485629517847));
#1321 = CARTESIAN_POINT('',(5.012134483989,6.499260110533));
#1322 = CARTESIAN_POINT('',(5.029102772622,6.512531619842));
#1323 = CARTESIAN_POINT('',(5.04604187291,6.525452786217));
#1324 = CARTESIAN_POINT('',(5.062947181063,6.538032128817));
#1325 = CARTESIAN_POINT('',(5.079816609398,6.550278981629));
#1326 = CARTESIAN_POINT('',(5.096651938357,6.562203924648));
#1327 = CARTESIAN_POINT('',(5.113454129232,6.573817304111));
#1328 = CARTESIAN_POINT('',(5.130224266822,6.585129527198));
#1329 = CARTESIAN_POINT('',(5.146963315683,6.596150991082));
#1330 = CARTESIAN_POINT('',(5.16367771646,6.606892203225));
#1331 = CARTESIAN_POINT('',(5.180374057822,6.617363764756));
#1332 = CARTESIAN_POINT('',(5.197058381718,6.627575923058));
#1333 = CARTESIAN_POINT('',(5.21373870613,6.637540246825));
#1334 = CARTESIAN_POINT('',(5.230412383308,6.647261278519));
#1335 = CARTESIAN_POINT('',(5.247069782385,6.656739000774));
#1336 = CARTESIAN_POINT('',(5.263702981582,6.665974533523));
#1337 = CARTESIAN_POINT('',(5.280302972235,6.674968386662));
#1338 = CARTESIAN_POINT('',(5.296863354653,6.683722422235));
#1339 = CARTESIAN_POINT('',(5.313388706642,6.692244153158));
#1340 = CARTESIAN_POINT('',(5.329882274553,6.700540450797));
#1341 = CARTESIAN_POINT('',(5.346347443646,6.70861825639));
#1342 = CARTESIAN_POINT('',(5.36278799328,6.716484873239));
#1343 = CARTESIAN_POINT('',(5.379202977128,6.724144171289));
#1344 = CARTESIAN_POINT('',(5.395590324041,6.731599237152));
#1345 = CARTESIAN_POINT('',(5.411948262781,6.738853379942));
#1346 = CARTESIAN_POINT('',(5.428274674692,6.745909772182));
#1347 = CARTESIAN_POINT('',(5.444568502037,6.752771959304));
#1348 = CARTESIAN_POINT('',(5.460830261353,6.759444038624));
#1349 = CARTESIAN_POINT('',(5.477060088268,6.765930004187));
#1350 = CARTESIAN_POINT('',(5.493258133218,6.772233876792));
#1351 = CARTESIAN_POINT('',(5.509424466058,6.778359673493));
#1352 = CARTESIAN_POINT('',(5.525567203337,6.784312995629));
#1353 = CARTESIAN_POINT('',(5.541694613785,6.790099495389));
#1354 = CARTESIAN_POINT('',(5.557814441815,6.795724633329));
#1355 = CARTESIAN_POINT('',(5.573936333035,6.801194585697));
#1356 = CARTESIAN_POINT('',(5.590059656114,6.80651172294));
#1357 = CARTESIAN_POINT('',(5.606177078011,6.811675945168));
#1358 = CARTESIAN_POINT('',(5.622282942971,6.816687770053));
#1359 = CARTESIAN_POINT('',(5.638370534624,6.821547379153));
#1360 = CARTESIAN_POINT('',(5.654435770713,6.826255708465));
#1361 = CARTESIAN_POINT('',(5.670485678266,6.83081684961));
#1362 = CARTESIAN_POINT('',(5.686526012488,6.835234540995));
#1363 = CARTESIAN_POINT('',(5.702562631325,6.839512540457));
#1364 = CARTESIAN_POINT('',(5.718602117199,6.843654881326));
#1365 = CARTESIAN_POINT('',(5.73464386144,6.847663064047));
#1366 = CARTESIAN_POINT('',(5.75068562104,6.851538013378));
#1367 = CARTESIAN_POINT('',(5.766725621823,6.855280814189));
#1368 = CARTESIAN_POINT('',(5.782761821478,6.858892464526));
#1369 = CARTESIAN_POINT('',(5.798792972364,6.862374177613));
#1370 = CARTESIAN_POINT('',(5.814818952571,6.865727481031));
#1371 = CARTESIAN_POINT('',(5.830839406972,6.868953843423));
#1372 = CARTESIAN_POINT('',(5.84151581681,6.871021114008));
#1373 = CARTESIAN_POINT('',(5.846852994184,6.872034086544));
#1374 = ( GEOMETRIC_REPRESENTATION_CONTEXT(2) 
PARAMETRIC_REPRESENTATION_CONTEXT() REPRESENTATION_CONTEXT('2D SPACE',''
  ) );
#1375 = ORIENTED_EDGE('',*,*,#1376,.T.);
#1376 = EDGE_CURVE('',#1153,#1377,#1379,.T.);
#1377 = VERTEX_POINT('',#1378);
#1378 = CARTESIAN_POINT('',(0.802349528246,6.791461849429,
    -5.590661920153));
#1379 = SURFACE_CURVE('',#1380,(#1384,#1413),.PCURVE_S1.);
#1380 = B_SPLINE_CURVE_WITH_KNOTS('',2,(#1381,#1382,#1383),
  .UNSPECIFIED.,.F.,.F.,(3,3),(0.,1.),.PIECEWISE_BEZIER_KNOTS.);
#1381 = CARTESIAN_POINT('',(1.042849585059,7.306919247725,
    -5.739440485321));
#1382 = CARTESIAN_POINT('',(0.928621284867,7.062097323232,
    -5.655325806347));
#1383 = CARTESIAN_POINT('',(0.802349528247,6.791461849429,
    -5.590661920153));
#1384 = PCURVE('',#126,#1385);
#1385 = DEFINITIONAL_REPRESENTATION('',(#1386),#1412);
#1386 = B_SPLINE_CURVE_WITH_KNOTS('',3,(#1387,#1388,#1389,#1390,#1391,
    #1392,#1393,#1394,#1395,#1396,#1397,#1398,#1399,#1400,#1401,#1402,
    #1403,#1404,#1405,#1406,#1407,#1408,#1409,#1410,#1411),
  .UNSPECIFIED.,.F.,.F.,(4,1,1,1,1,1,1,1,1,1,1,1,1,1,1,1,1,1,1,1,1,1,4),
  (0.,4.545454545455E-02,9.090909090909E-02,0.136363636364,
    0.181818181818,0.227272727273,0.272727272727,0.318181818182,
    0.363636363636,0.409090909091,0.454545454545,0.5,0.545454545455,
    0.590909090909,0.636363636364,0.681818181818,0.727272727273,
    0.772727272727,0.818181818182,0.863636363636,0.909090909091,
    0.954545454545,1.),.QUASI_UNIFORM_KNOTS.);
#1387 = CARTESIAN_POINT('',(2.20573338536,7.306383289485));
#1388 = CARTESIAN_POINT('',(2.20328140353,7.298963660549));
#1389 = CARTESIAN_POINT('',(2.198378890221,7.284088843625));
#1390 = CARTESIAN_POINT('',(2.191029078969,7.261669941081));
#1391 = CARTESIAN_POINT('',(2.183682834548,7.239144361379));
#1392 = CARTESIAN_POINT('',(2.176339763451,7.216512104521));
#1393 = CARTESIAN_POINT('',(2.168999471272,7.193773170505));
#1394 = CARTESIAN_POINT('',(2.161661562673,7.170927559332));
#1395 = CARTESIAN_POINT('',(2.154325641562,7.147975271001));
#1396 = CARTESIAN_POINT('',(2.146991311204,7.124916305514));
#1397 = CARTESIAN_POINT('',(2.139658174357,7.101750662869));
#1398 = CARTESIAN_POINT('',(2.132325833395,7.078478343066));
#1399 = CARTESIAN_POINT('',(2.12499389044,7.055099346106));
#1400 = CARTESIAN_POINT('',(2.117661947485,7.031613671989));
#1401 = CARTESIAN_POINT('',(2.110329606523,7.008021320715));
#1402 = CARTESIAN_POINT('',(2.102996469676,6.984322292284));
#1403 = CARTESIAN_POINT('',(2.095662139318,6.960516586695));
#1404 = CARTESIAN_POINT('',(2.088326218207,6.936604203949));
#1405 = CARTESIAN_POINT('',(2.080988309609,6.912585144045));
#1406 = CARTESIAN_POINT('',(2.073648017429,6.888459406984));
#1407 = CARTESIAN_POINT('',(2.066304946332,6.864226992766));
#1408 = CARTESIAN_POINT('',(2.058958701911,6.839887901391));
#1409 = CARTESIAN_POINT('',(2.051608890659,6.815442132858));
#1410 = CARTESIAN_POINT('',(2.046706377351,6.799073835732));
#1411 = CARTESIAN_POINT('',(2.044254395521,6.790871907642));
#1412 = ( GEOMETRIC_REPRESENTATION_CONTEXT(2) 
PARAMETRIC_REPRESENTATION_CONTEXT() REPRESENTATION_CONTEXT('2D SPACE',''
  ) );
#1413 = PCURVE('',#1414,#1419);
#1414 = PLANE('',#1415);
#1415 = AXIS2_PLACEMENT_3D('',#1416,#1417,#1418);
#1416 = CARTESIAN_POINT('',(1.042938698303,7.306822011833,-12.6114745706
    ));
#1417 = DIRECTION('',(0.906216580733,-0.42281379884,1.773398890242E-05)
  );
#1418 = DIRECTION('',(0.422813799013,0.906216580797,-7.339670870689E-06)
  );
#1419 = DEFINITIONAL_REPRESENTATION('',(#1420),#1424);
#1420 = B_SPLINE_CURVE_WITH_KNOTS('',2,(#1421,#1422,#1423),
  .UNSPECIFIED.,.F.,.F.,(3,3),(0.,1.),.PIECEWISE_BEZIER_KNOTS.);
#1421 = CARTESIAN_POINT('',(8.881784197001E-16,6.872034086544));
#1422 = CARTESIAN_POINT('',(-0.270159606251,6.956146782651));
#1423 = CARTESIAN_POINT('',(-0.568803875699,7.020808476907));
#1424 = ( GEOMETRIC_REPRESENTATION_CONTEXT(2) 
PARAMETRIC_REPRESENTATION_CONTEXT() REPRESENTATION_CONTEXT('2D SPACE',''
  ) );
#1425 = ORIENTED_EDGE('',*,*,#1426,.T.);
#1426 = EDGE_CURVE('',#1377,#1427,#1429,.T.);
#1427 = VERTEX_POINT('',#1428);
#1428 = CARTESIAN_POINT('',(0.249786098019,6.439611636567,
    -5.415314234029));
#1429 = SURFACE_CURVE('',#1430,(#1448,#1521),.PCURVE_S1.);
#1430 = B_SPLINE_CURVE_WITH_KNOTS('',3,(#1431,#1432,#1433,#1434,#1435,
    #1436,#1437,#1438,#1439,#1440,#1441,#1442,#1443,#1444,#1445,#1446,
    #1447),.UNSPECIFIED.,.F.,.F.,(4,1,1,1,1,1,1,1,1,1,1,1,1,1,4),(0.,
    7.142857142857E-02,0.142857142857,0.214285714286,0.285714285714,
    0.357142857143,0.428571428571,0.5,0.571428571429,0.642857142857,
    0.714285714286,0.785714285714,0.857142857143,0.928571428571,1.),
  .UNSPECIFIED.);
#1431 = CARTESIAN_POINT('',(0.802349528246,6.791461849429,
    -5.590661920153));
#1432 = CARTESIAN_POINT('',(0.795685267403,6.777178485998,-5.58724914586
    ));
#1433 = CARTESIAN_POINT('',(0.781094428706,6.748783640079,
    -5.579882744911));
#1434 = CARTESIAN_POINT('',(0.755097781883,6.706816975304,
    -5.567251699289));
#1435 = CARTESIAN_POINT('',(0.725428130052,6.666667734734,
    -5.553478482748));
#1436 = CARTESIAN_POINT('',(0.692383066225,6.628872478806,
    -5.538920810027));
#1437 = CARTESIAN_POINT('',(0.656094836581,6.593702040285,
    -5.523859483655));
#1438 = CARTESIAN_POINT('',(0.616968998659,6.561630366614,
    -5.508678791238));
#1439 = CARTESIAN_POINT('',(0.575597135342,6.533087573671,
    -5.493786406733));
#1440 = CARTESIAN_POINT('',(0.532187009394,6.508127672767,
    -5.479404658243));
#1441 = CARTESIAN_POINT('',(0.486968826573,6.486852494825,
    -5.465746872417));
#1442 = CARTESIAN_POINT('',(0.4405348822,6.469483273477,-5.453096241296)
  );
#1443 = CARTESIAN_POINT('',(0.393476322838,6.456086713928,
    -5.441658463352));
#1444 = CARTESIAN_POINT('',(0.345659752411,6.446522584779,
    -5.431433639483));
#1445 = CARTESIAN_POINT('',(0.297583219784,6.440842429312,
    -5.422553093076));
#1446 = CARTESIAN_POINT('',(0.265668250147,6.439608177862,
    -5.417571573078));
#1447 = CARTESIAN_POINT('',(0.249786098019,6.439611636567,
    -5.415314234029));
#1448 = PCURVE('',#126,#1449);
#1449 = DEFINITIONAL_REPRESENTATION('',(#1450),#1520);
#1450 = B_SPLINE_CURVE_WITH_KNOTS('',3,(#1451,#1452,#1453,#1454,#1455,
    #1456,#1457,#1458,#1459,#1460,#1461,#1462,#1463,#1464,#1465,#1466,
    #1467,#1468,#1469,#1470,#1471,#1472,#1473,#1474,#1475,#1476,#1477,
    #1478,#1479,#1480,#1481,#1482,#1483,#1484,#1485,#1486,#1487,#1488,
    #1489,#1490,#1491,#1492,#1493,#1494,#1495,#1496,#1497,#1498,#1499,
    #1500,#1501,#1502,#1503,#1504,#1505,#1506,#1507,#1508,#1509,#1510,
    #1511,#1512,#1513,#1514,#1515,#1516,#1517,#1518,#1519),
  .UNSPECIFIED.,.F.,.F.,(4,1,1,1,1,1,1,1,1,1,1,1,1,1,1,1,1,1,1,1,1,1,1,1
    ,1,1,1,1,1,1,1,1,1,1,1,1,1,1,1,1,1,1,1,1,1,1,1,1,1,1,1,1,1,1,1,1,1,1
    ,1,1,1,1,1,1,1,1,4),(0.,1.515151515152E-02,3.030303030303E-02,
    4.545454545455E-02,6.060606060606E-02,7.575757575758E-02,
    9.090909090909E-02,0.106060606061,0.121212121212,0.136363636364,
    0.151515151515,0.166666666667,0.181818181818,0.19696969697,
    0.212121212121,0.227272727273,0.242424242424,0.257575757576,
    0.272727272727,0.287878787879,0.30303030303,0.318181818182,
    0.333333333333,0.348484848485,0.363636363636,0.378787878788,
    0.393939393939,0.409090909091,0.424242424242,0.439393939394,
    0.454545454545,0.469696969697,0.484848484848,0.5,0.515151515152,
    0.530303030303,0.545454545455,0.560606060606,0.575757575758,
    0.590909090909,0.606060606061,0.621212121212,0.636363636364,
    0.651515151515,0.666666666667,0.681818181818,0.69696969697,
    0.712121212121,0.727272727273,0.742424242424,0.757575757576,
    0.772727272727,0.787878787879,0.80303030303,0.818181818182,
    0.833333333333,0.848484848485,0.863636363636,0.878787878788,
    0.893939393939,0.909090909091,0.924242424242,0.939393939394,
    0.954545454545,0.969696969697,0.984848484848,1.),.UNSPECIFIED.);
#1451 = CARTESIAN_POINT('',(2.04425439552,6.790871907642));
#1452 = CARTESIAN_POINT('',(2.043348535111,6.787841788099));
#1453 = CARTESIAN_POINT('',(2.041501640058,6.781789268537));
#1454 = CARTESIAN_POINT('',(2.038624287296,6.7727347122));
#1455 = CARTESIAN_POINT('',(2.035638411099,6.763705381013));
#1456 = CARTESIAN_POINT('',(2.032542588409,6.75470249514));
#1457 = CARTESIAN_POINT('',(2.029335024649,6.745726464958));
#1458 = CARTESIAN_POINT('',(2.026015394323,6.736780962846));
#1459 = CARTESIAN_POINT('',(2.022587329426,6.72787840896));
#1460 = CARTESIAN_POINT('',(2.019053856545,6.719029944247));
#1461 = CARTESIAN_POINT('',(2.01541812523,6.710246842344));
#1462 = CARTESIAN_POINT('',(2.011683351658,6.701541125342));
#1463 = CARTESIAN_POINT('',(2.007852149433,6.692920521817));
#1464 = CARTESIAN_POINT('',(2.003926675313,6.684389583928));
#1465 = CARTESIAN_POINT('',(1.999909185409,6.675953597906));
#1466 = CARTESIAN_POINT('',(1.995801876743,6.667617597777));
#1467 = CARTESIAN_POINT('',(1.991607031867,6.659386892318));
#1468 = CARTESIAN_POINT('',(1.987325971529,6.651264346122));
#1469 = CARTESIAN_POINT('',(1.982959864696,6.643252467852));
#1470 = CARTESIAN_POINT('',(1.978509922557,6.635353877265));
#1471 = CARTESIAN_POINT('',(1.973977278605,6.627571098285));
#1472 = CARTESIAN_POINT('',(1.969363280406,6.619906932717));
#1473 = CARTESIAN_POINT('',(1.964670791601,6.612366038735));
#1474 = CARTESIAN_POINT('',(1.959902518071,6.604952907464));
#1475 = CARTESIAN_POINT('',(1.955061223259,6.597672063046));
#1476 = CARTESIAN_POINT('',(1.950149536016,6.590528064604));
#1477 = CARTESIAN_POINT('',(1.945170577773,6.583525265418));
#1478 = CARTESIAN_POINT('',(1.940128137817,6.576667720207));
#1479 = CARTESIAN_POINT('',(1.935025885597,6.569959573838));
#1480 = CARTESIAN_POINT('',(1.929867436802,6.563404831164));
#1481 = CARTESIAN_POINT('',(1.924656687035,6.55700796694));
#1482 = CARTESIAN_POINT('',(1.919395563228,6.550770407821));
#1483 = CARTESIAN_POINT('',(1.914085255522,6.544692448205));
#1484 = CARTESIAN_POINT('',(1.908727127374,6.538774663403));
#1485 = CARTESIAN_POINT('',(1.903322485946,6.533017553574));
#1486 = CARTESIAN_POINT('',(1.897872642037,6.527421638582));
#1487 = CARTESIAN_POINT('',(1.892378997531,6.521987891071));
#1488 = CARTESIAN_POINT('',(1.886842936768,6.516717278704));
#1489 = CARTESIAN_POINT('',(1.881265877805,6.511610792744));
#1490 = CARTESIAN_POINT('',(1.875649074379,6.506669335027));
#1491 = CARTESIAN_POINT('',(1.869994400606,6.501894168102));
#1492 = CARTESIAN_POINT('',(1.864305417663,6.497287518453));
#1493 = CARTESIAN_POINT('',(1.858585424077,6.492851478902));
#1494 = CARTESIAN_POINT('',(1.852837777096,6.488588128588));
#1495 = CARTESIAN_POINT('',(1.847065823734,6.484499735043));
#1496 = CARTESIAN_POINT('',(1.841272825849,6.480587550704));
#1497 = CARTESIAN_POINT('',(1.835461974431,6.476852077481));
#1498 = CARTESIAN_POINT('',(1.829636499298,6.473293998865));
#1499 = CARTESIAN_POINT('',(1.82379952721,6.469913906451));
#1500 = CARTESIAN_POINT('',(1.817954542822,6.46671257784));
#1501 = CARTESIAN_POINT('',(1.812101098411,6.463688893751));
#1502 = CARTESIAN_POINT('',(1.806238161728,6.460841454682));
#1503 = CARTESIAN_POINT('',(1.800364883189,6.458168951419));
#1504 = CARTESIAN_POINT('',(1.79448024231,6.45566998806));
#1505 = CARTESIAN_POINT('',(1.788583718672,6.453343430499));
#1506 = CARTESIAN_POINT('',(1.78267815418,6.451189896994));
#1507 = CARTESIAN_POINT('',(1.776766083451,6.449209853105));
#1508 = CARTESIAN_POINT('',(1.770850114418,6.447403776314));
#1509 = CARTESIAN_POINT('',(1.764932858956,6.445772249121));
#1510 = CARTESIAN_POINT('',(1.759016804268,6.444315341828));
#1511 = CARTESIAN_POINT('',(1.753104260314,6.443032418916));
#1512 = CARTESIAN_POINT('',(1.747197585628,6.441922987186));
#1513 = CARTESIAN_POINT('',(1.741299088348,6.440986499868));
#1514 = CARTESIAN_POINT('',(1.735411238615,6.440222482159));
#1515 = CARTESIAN_POINT('',(1.729535466453,6.439630050615));
#1516 = CARTESIAN_POINT('',(1.723672819257,6.439208171598));
#1517 = CARTESIAN_POINT('',(1.717824443343,6.438955848738));
#1518 = CARTESIAN_POINT('',(1.713935789784,6.4389));
#1519 = CARTESIAN_POINT('',(1.711994217365,6.4389));
#1520 = ( GEOMETRIC_REPRESENTATION_CONTEXT(2) 
PARAMETRIC_REPRESENTATION_CONTEXT() REPRESENTATION_CONTEXT('2D SPACE',''
  ) );
#1521 = PCURVE('',#1522,#1527);
#1522 = CYLINDRICAL_SURFACE('',#1523,0.6096);
#1523 = AXIS2_PLACEMENT_3D('',#1524,#1525,#1526);
#1524 = CARTESIAN_POINT('',(0.250010943111,7.049109800226,-12.6114812064
    ));
#1525 = DIRECTION('',(-1.296752066396E-05,1.414950665963E-05,
    0.999999999816));
#1526 = DIRECTION('',(-0.999999976639,2.157622180403E-04,
    -1.297057329236E-05));
#1527 = DEFINITIONAL_REPRESENTATION('',(#1528),#1598);
#1528 = B_SPLINE_CURVE_WITH_KNOTS('',3,(#1529,#1530,#1531,#1532,#1533,
    #1534,#1535,#1536,#1537,#1538,#1539,#1540,#1541,#1542,#1543,#1544,
    #1545,#1546,#1547,#1548,#1549,#1550,#1551,#1552,#1553,#1554,#1555,
    #1556,#1557,#1558,#1559,#1560,#1561,#1562,#1563,#1564,#1565,#1566,
    #1567,#1568,#1569,#1570,#1571,#1572,#1573,#1574,#1575,#1576,#1577,
    #1578,#1579,#1580,#1581,#1582,#1583,#1584,#1585,#1586,#1587,#1588,
    #1589,#1590,#1591,#1592,#1593,#1594,#1595,#1596,#1597),
  .UNSPECIFIED.,.F.,.F.,(4,1,1,1,1,1,1,1,1,1,1,1,1,1,1,1,1,1,1,1,1,1,1,1
    ,1,1,1,1,1,1,1,1,1,1,1,1,1,1,1,1,1,1,1,1,1,1,1,1,1,1,1,1,1,1,1,1,1,1
    ,1,1,1,1,1,1,1,1,4),(0.,1.515151515152E-02,3.030303030303E-02,
    4.545454545455E-02,6.060606060606E-02,7.575757575758E-02,
    9.090909090909E-02,0.106060606061,0.121212121212,0.136363636364,
    0.151515151515,0.166666666667,0.181818181818,0.19696969697,
    0.212121212121,0.227272727273,0.242424242424,0.257575757576,
    0.272727272727,0.287878787879,0.30303030303,0.318181818182,
    0.333333333333,0.348484848485,0.363636363636,0.378787878788,
    0.393939393939,0.409090909091,0.424242424242,0.439393939394,
    0.454545454545,0.469696969697,0.484848484848,0.5,0.515151515152,
    0.530303030303,0.545454545455,0.560606060606,0.575757575758,
    0.590909090909,0.606060606061,0.621212121212,0.636363636364,
    0.651515151515,0.666666666667,0.681818181818,0.69696969697,
    0.712121212121,0.727272727273,0.742424242424,0.757575757576,
    0.772727272727,0.787878787879,0.80303030303,0.818181818182,
    0.833333333333,0.848484848485,0.863636363636,0.878787878788,
    0.893939393939,0.909090909091,0.924242424242,0.939393939394,
    0.954545454545,0.969696969697,0.984848484848,1.),.UNSPECIFIED.);
#1529 = CARTESIAN_POINT('',(2.70526034059,7.020808476907));
#1530 = CARTESIAN_POINT('',(2.699775797728,7.021532374188));
#1531 = CARTESIAN_POINT('',(2.68877887484,7.023004506104));
#1532 = CARTESIAN_POINT('',(2.672194710989,7.025285317972));
#1533 = CARTESIAN_POINT('',(2.655516453143,7.027638368664));
#1534 = CARTESIAN_POINT('',(2.638738949407,7.030063202858));
#1535 = CARTESIAN_POINT('',(2.621855266407,7.032559662928));
#1536 = CARTESIAN_POINT('',(2.604864794695,7.035126391988));
#1537 = CARTESIAN_POINT('',(2.587784313969,7.037758810264));
#1538 = CARTESIAN_POINT('',(2.570627938192,7.040452823469));
#1539 = CARTESIAN_POINT('',(2.553410006922,7.043204233358));
#1540 = CARTESIAN_POINT('',(2.536145785781,7.046008772022));
#1541 = CARTESIAN_POINT('',(2.518843673742,7.04886269941));
#1542 = CARTESIAN_POINT('',(2.501507121883,7.051762673169));
#1543 = CARTESIAN_POINT('',(2.484140714767,7.0547052565));
#1544 = CARTESIAN_POINT('',(2.466748588322,7.057687053957));
#1545 = CARTESIAN_POINT('',(2.449335329838,7.06070459913));
#1546 = CARTESIAN_POINT('',(2.431900787548,7.063755130377));
#1547 = CARTESIAN_POINT('',(2.41444408521,7.066835990781));
#1548 = CARTESIAN_POINT('',(2.396964531284,7.069944486942));
#1549 = CARTESIAN_POINT('',(2.379461148484,7.073077968817));
#1550 = CARTESIAN_POINT('',(2.361933650926,7.07623364653));
#1551 = CARTESIAN_POINT('',(2.344386771879,7.079407783328));
#1552 = CARTESIAN_POINT('',(2.326824758756,7.082596731232));
#1553 = CARTESIAN_POINT('',(2.309252001715,7.085796812038));
#1554 = CARTESIAN_POINT('',(2.291672605269,7.089004379667));
#1555 = CARTESIAN_POINT('',(2.274091489841,7.092215672203));
#1556 = CARTESIAN_POINT('',(2.256514795401,7.095426778387));
#1557 = CARTESIAN_POINT('',(2.238948563955,7.098633800519));
#1558 = CARTESIAN_POINT('',(2.221398635597,7.101832894349));
#1559 = CARTESIAN_POINT('',(2.203871914215,7.105019988271));
#1560 = CARTESIAN_POINT('',(2.186368221731,7.108192511338));
#1561 = CARTESIAN_POINT('',(2.16888479393,7.111348450753));
#1562 = CARTESIAN_POINT('',(2.151419565238,7.114485655239));
#1563 = CARTESIAN_POINT('',(2.133970341024,7.117602010556));
#1564 = CARTESIAN_POINT('',(2.116535019151,7.12069539279));
#1565 = CARTESIAN_POINT('',(2.099112220572,7.123763765606));
#1566 = CARTESIAN_POINT('',(2.081700546995,7.126805095707));
#1567 = CARTESIAN_POINT('',(2.064298733582,7.129817335968));
#1568 = CARTESIAN_POINT('',(2.046905062703,7.132798491545));
#1569 = CARTESIAN_POINT('',(2.029519680138,7.135746356746));
#1570 = CARTESIAN_POINT('',(2.012147778492,7.138658161886));
#1571 = CARTESIAN_POINT('',(1.994793843072,7.141531216639));
#1572 = CARTESIAN_POINT('',(1.977462554818,7.144362834207));
#1573 = CARTESIAN_POINT('',(1.960158668615,7.14715023432));
#1574 = CARTESIAN_POINT('',(1.942886301318,7.149891145071));
#1575 = CARTESIAN_POINT('',(1.925649176243,7.152583672619));
#1576 = CARTESIAN_POINT('',(1.908451304785,7.155225825912));
#1577 = CARTESIAN_POINT('',(1.891296474091,7.157815682904));
#1578 = CARTESIAN_POINT('',(1.874189584216,7.160351142739));
#1579 = CARTESIAN_POINT('',(1.857124277678,7.162831986579));
#1580 = CARTESIAN_POINT('',(1.840092548486,7.165258272725));
#1581 = CARTESIAN_POINT('',(1.823086970004,7.167629975302));
#1582 = CARTESIAN_POINT('',(1.806099681513,7.169947133714));
#1583 = CARTESIAN_POINT('',(1.78912437555,7.172209606776));
#1584 = CARTESIAN_POINT('',(1.772164685008,7.174416055363));
#1585 = CARTESIAN_POINT('',(1.755223374257,7.176565245097));
#1586 = CARTESIAN_POINT('',(1.738303447645,7.178655931806));
#1587 = CARTESIAN_POINT('',(1.721407939397,7.180686805748));
#1588 = CARTESIAN_POINT('',(1.704539500355,7.182656879842));
#1589 = CARTESIAN_POINT('',(1.68770029612,7.184565613226));
#1590 = CARTESIAN_POINT('',(1.670892707629,7.186412371683));
#1591 = CARTESIAN_POINT('',(1.654119028207,7.188196568103));
#1592 = CARTESIAN_POINT('',(1.637382052202,7.189917520307));
#1593 = CARTESIAN_POINT('',(1.620681701389,7.19157512879));
#1594 = CARTESIAN_POINT('',(1.604016882868,7.19316950956));
#1595 = CARTESIAN_POINT('',(1.587386829857,7.194700725138));
#1596 = CARTESIAN_POINT('',(1.576322800182,7.195679476677));
#1597 = CARTESIAN_POINT('',(1.570796326795,7.196158349869));
#1598 = ( GEOMETRIC_REPRESENTATION_CONTEXT(2) 
PARAMETRIC_REPRESENTATION_CONTEXT() REPRESENTATION_CONTEXT('2D SPACE',''
  ) );
#1599 = ORIENTED_EDGE('',*,*,#1600,.T.);
#1600 = EDGE_CURVE('',#1427,#1601,#1603,.T.);
#1601 = VERTEX_POINT('',#1602);
#1602 = CARTESIAN_POINT('',(-0.243497828482,6.439718068604,
    -5.415320632204));
#1603 = SURFACE_CURVE('',#1604,(#1609,#1616),.PCURVE_S1.);
#1604 = CIRCLE('',#1605,1.7526);
#1605 = AXIS2_PLACEMENT_3D('',#1606,#1607,#1608);
#1606 = CARTESIAN_POINT('',(3.166635470191E-03,6.439640300951,
    -7.150475782666));
#1607 = DIRECTION('',(-2.157624015277E-04,-0.999999976623,
    1.414670842806E-05));
#1608 = DIRECTION('',(0.14071634289,-1.635534843601E-05,0.990049953576)
  );
#1609 = PCURVE('',#126,#1610);
#1610 = DEFINITIONAL_REPRESENTATION('',(#1611),#1615);
#1611 = LINE('',#1612,#1613);
#1612 = CARTESIAN_POINT('',(1.711994217365,6.4389));
#1613 = VECTOR('',#1614,1.);
#1614 = DIRECTION('',(-1.,0.));
#1615 = ( GEOMETRIC_REPRESENTATION_CONTEXT(2) 
PARAMETRIC_REPRESENTATION_CONTEXT() REPRESENTATION_CONTEXT('2D SPACE',''
  ) );
#1616 = PCURVE('',#1617,#1622);
#1617 = PLANE('',#1618);
#1618 = AXIS2_PLACEMENT_3D('',#1619,#1620,#1621);
#1619 = CARTESIAN_POINT('',(0.249879414351,6.439509814477,
    -12.61147258257));
#1620 = DIRECTION('',(-2.157624015277E-04,-0.999999976623,
    1.414670842806E-05));
#1621 = DIRECTION('',(-1.296752066396E-05,1.414950665963E-05,
    0.999999999816));
#1622 = DEFINITIONAL_REPRESENTATION('',(#1623),#1627);
#1623 = CIRCLE('',#1624,1.7526);
#1624 = AXIS2_PLACEMENT_2D('',#1625,#1626);
#1625 = CARTESIAN_POINT('',(5.461,0.246641969012));
#1626 = DIRECTION('',(0.99004812842,-0.140729184647));
#1627 = ( GEOMETRIC_REPRESENTATION_CONTEXT(2) 
PARAMETRIC_REPRESENTATION_CONTEXT() REPRESENTATION_CONTEXT('2D SPACE',''
  ) );
#1628 = ORIENTED_EDGE('',*,*,#1629,.T.);
#1629 = EDGE_CURVE('',#1601,#1630,#1632,.T.);
#1630 = VERTEX_POINT('',#1631);
#1631 = CARTESIAN_POINT('',(-0.795904826395,6.791806692342,
    -5.590682650428));
#1632 = SURFACE_CURVE('',#1633,(#1651,#1724),.PCURVE_S1.);
#1633 = B_SPLINE_CURVE_WITH_KNOTS('',3,(#1634,#1635,#1636,#1637,#1638,
    #1639,#1640,#1641,#1642,#1643,#1644,#1645,#1646,#1647,#1648,#1649,
    #1650),.UNSPECIFIED.,.F.,.F.,(4,1,1,1,1,1,1,1,1,1,1,1,1,1,4),(0.,
    7.142857142857E-02,0.142857142857,0.214285714286,0.285714285714,
    0.357142857143,0.428571428571,0.5,0.571428571429,0.642857142857,
    0.714285714286,0.785714285714,0.857142857143,0.928571428571,1.),
  .UNSPECIFIED.);
#1634 = CARTESIAN_POINT('',(-0.243497828482,6.439718068604,
    -5.415320632204));
#1635 = CARTESIAN_POINT('',(-0.259377128262,6.439721462826,
    -5.417577986097));
#1636 = CARTESIAN_POINT('',(-0.291285696083,6.440969078817,
    -5.422559372555));
#1637 = CARTESIAN_POINT('',(-0.339348920293,6.446667618527,
    -5.431438806858));
#1638 = CARTESIAN_POINT('',(-0.38715393876,6.456248872299,
    -5.441662610337));
#1639 = CARTESIAN_POINT('',(-0.434206967796,6.469663483692,
    -5.453100927737));
#1640 = CARTESIAN_POINT('',(-0.480635563317,6.48705139812,
    -5.465752715611));
#1641 = CARTESIAN_POINT('',(-0.525846771311,6.508345067003,
    -5.479411794648));
#1642 = CARTESIAN_POINT('',(-0.569249775255,6.533323902652,
    -5.493795443781));
#1643 = CARTESIAN_POINT('',(-0.610614604766,6.561886682758,
    -5.508690536589));
#1644 = CARTESIAN_POINT('',(-0.649731525491,6.593978621449,
    -5.523874113362));
#1645 = CARTESIAN_POINT('',(-0.686004971096,6.629164573986,
    -5.538936571119));
#1646 = CARTESIAN_POINT('',(-0.719034658785,6.666975346163,
    -5.553495636636));
#1647 = CARTESIAN_POINT('',(-0.748675742838,6.707120958564,
    -5.567264391364));
#1648 = CARTESIAN_POINT('',(-0.774653895507,6.749093043357,
    -5.579895672537));
#1649 = CARTESIAN_POINT('',(-0.7892413795,6.777508784257,-5.587266915354
    ));
#1650 = CARTESIAN_POINT('',(-0.795904826395,6.791806692342,
    -5.590682650428));
#1651 = PCURVE('',#126,#1652);
#1652 = DEFINITIONAL_REPRESENTATION('',(#1653),#1723);
#1653 = B_SPLINE_CURVE_WITH_KNOTS('',3,(#1654,#1655,#1656,#1657,#1658,
    #1659,#1660,#1661,#1662,#1663,#1664,#1665,#1666,#1667,#1668,#1669,
    #1670,#1671,#1672,#1673,#1674,#1675,#1676,#1677,#1678,#1679,#1680,
    #1681,#1682,#1683,#1684,#1685,#1686,#1687,#1688,#1689,#1690,#1691,
    #1692,#1693,#1694,#1695,#1696,#1697,#1698,#1699,#1700,#1701,#1702,
    #1703,#1704,#1705,#1706,#1707,#1708,#1709,#1710,#1711,#1712,#1713,
    #1714,#1715,#1716,#1717,#1718,#1719,#1720,#1721,#1722),
  .UNSPECIFIED.,.F.,.F.,(4,1,1,1,1,1,1,1,1,1,1,1,1,1,1,1,1,1,1,1,1,1,1,1
    ,1,1,1,1,1,1,1,1,1,1,1,1,1,1,1,1,1,1,1,1,1,1,1,1,1,1,1,1,1,1,1,1,1,1
    ,1,1,1,1,1,1,1,1,4),(0.,1.515151515152E-02,3.030303030303E-02,
    4.545454545455E-02,6.060606060606E-02,7.575757575758E-02,
    9.090909090909E-02,0.106060606061,0.121212121212,0.136363636364,
    0.151515151515,0.166666666667,0.181818181818,0.19696969697,
    0.212121212121,0.227272727273,0.242424242424,0.257575757576,
    0.272727272727,0.287878787879,0.30303030303,0.318181818182,
    0.333333333333,0.348484848485,0.363636363636,0.378787878788,
    0.393939393939,0.409090909091,0.424242424242,0.439393939394,
    0.454545454545,0.469696969697,0.484848484848,0.5,0.515151515152,
    0.530303030303,0.545454545455,0.560606060606,0.575757575758,
    0.590909090909,0.606060606061,0.621212121212,0.636363636364,
    0.651515151515,0.666666666667,0.681818181818,0.69696969697,
    0.712121212121,0.727272727273,0.742424242424,0.757575757576,
    0.772727272727,0.787878787879,0.80303030303,0.818181818182,
    0.833333333333,0.848484848485,0.863636363636,0.878787878788,
    0.893939393939,0.909090909091,0.924242424242,0.939393939394,
    0.954545454545,0.969696969697,0.984848484848,1.),.UNSPECIFIED.);
#1654 = CARTESIAN_POINT('',(1.429598436225,6.4389));
#1655 = CARTESIAN_POINT('',(1.427657205347,6.4389));
#1656 = CARTESIAN_POINT('',(1.423769239274,6.43895583046));
#1657 = CARTESIAN_POINT('',(1.417921916641,6.439208066014));
#1658 = CARTESIAN_POINT('',(1.412060353846,6.439629792715));
#1659 = CARTESIAN_POINT('',(1.406185705469,6.440222002043));
#1660 = CARTESIAN_POINT('',(1.400299030247,6.440985721899));
#1661 = CARTESIAN_POINT('',(1.394401757201,6.44192183339));
#1662 = CARTESIAN_POINT('',(1.388496322218,6.443030818207));
#1663 = CARTESIAN_POINT('',(1.382585004205,6.444313228439));
#1664 = CARTESIAN_POINT('',(1.376670131322,6.4457695636));
#1665 = CARTESIAN_POINT('',(1.370753982713,6.447400463103));
#1666 = CARTESIAN_POINT('',(1.364839018901,6.449205872437));
#1667 = CARTESIAN_POINT('',(1.358927828262,6.451185233531));
#1668 = CARTESIAN_POINT('',(1.353022994113,6.453338091535));
#1669 = CARTESIAN_POINT('',(1.347127027933,6.455664003426));
#1670 = CARTESIAN_POINT('',(1.341242743461,6.458162375652));
#1671 = CARTESIAN_POINT('',(1.335369645911,6.460834341962));
#1672 = CARTESIAN_POINT('',(1.32950674832,6.463681294234));
#1673 = CARTESIAN_POINT('',(1.32365323233,6.466704538602));
#1674 = CARTESIAN_POINT('',(1.317808098215,6.469905471314));
#1675 = CARTESIAN_POINT('',(1.311970927595,6.473285208133));
#1676 = CARTESIAN_POINT('',(1.306145213916,6.476842965704));
#1677 = CARTESIAN_POINT('',(1.300334094766,6.480578146775));
#1678 = CARTESIAN_POINT('',(1.294540809733,6.484490062576));
#1679 = CARTESIAN_POINT('',(1.288768561801,6.488578204302));
#1680 = CARTESIAN_POINT('',(1.283020615529,6.492841319818));
#1681 = CARTESIAN_POINT('',(1.277300308022,6.497277151702));
#1682 = CARTESIAN_POINT('',(1.271610989019,6.501883629025));
#1683 = CARTESIAN_POINT('',(1.265955949104,6.506658667626));
#1684 = CARTESIAN_POINT('',(1.260338740829,6.51160004978));
#1685 = CARTESIAN_POINT('',(1.254761235265,6.516706520173));
#1686 = CARTESIAN_POINT('',(1.249224685206,6.521977183608));
#1687 = CARTESIAN_POINT('',(1.24373050723,6.527411055611));
#1688 = CARTESIAN_POINT('',(1.238280084334,6.533007175263));
#1689 = CARTESIAN_POINT('',(1.232874817008,6.538764576694));
#1690 = CARTESIAN_POINT('',(1.227516027419,6.544682733457));
#1691 = CARTESIAN_POINT('',(1.222205034017,6.550761139035));
#1692 = CARTESIAN_POINT('',(1.216943211827,6.556999210933));
#1693 = CARTESIAN_POINT('',(1.211731761483,6.563396650646));
#1694 = CARTESIAN_POINT('',(1.20657262471,6.569952015033));
#1695 = CARTESIAN_POINT('',(1.201469723307,6.576660779983));
#1696 = CARTESIAN_POINT('',(1.196426697959,6.58351889545));
#1697 = CARTESIAN_POINT('',(1.191447241621,6.590522173376));
#1698 = CARTESIAN_POINT('',(1.186535174372,6.597666503681));
#1699 = CARTESIAN_POINT('',(1.181693610646,6.604947541679));
#1700 = CARTESIAN_POINT('',(1.176925144769,6.612360783335));
#1701 = CARTESIAN_POINT('',(1.172232511252,6.619901750433));
#1702 = CARTESIAN_POINT('',(1.16761838787,6.627565995225));
#1703 = CARTESIAN_POINT('',(1.163085601269,6.635348922265));
#1704 = CARTESIAN_POINT('',(1.158635563874,6.643247573277));
#1705 = CARTESIAN_POINT('',(1.154269489574,6.651259234578));
#1706 = CARTESIAN_POINT('',(1.149988663954,6.659381109528));
#1707 = CARTESIAN_POINT('',(1.145794339341,6.667610493712));
#1708 = CARTESIAN_POINT('',(1.141687889467,6.675944390691));
#1709 = CARTESIAN_POINT('',(1.137671444213,6.68437779318));
#1710 = CARTESIAN_POINT('',(1.13374706585,6.692905929692));
#1711 = CARTESIAN_POINT('',(1.129916874302,6.701523783922));
#1712 = CARTESIAN_POINT('',(1.126182877985,6.710227083047));
#1713 = CARTESIAN_POINT('',(1.1225476017,6.719008324349));
#1714 = CARTESIAN_POINT('',(1.119014254847,6.727855636751));
#1715 = CARTESIAN_POINT('',(1.115585963486,6.736757913848));
#1716 = CARTESIAN_POINT('',(1.11226573738,6.745704171865));
#1717 = CARTESIAN_POINT('',(1.109057181502,6.754682171825));
#1718 = CARTESIAN_POINT('',(1.105960002576,6.763688272081));
#1719 = CARTESIAN_POINT('',(1.102972460077,6.772722037249));
#1720 = CARTESIAN_POINT('',(1.100093179579,6.781782235991));
#1721 = CARTESIAN_POINT('',(1.098244858461,6.78783931284));
#1722 = CARTESIAN_POINT('',(1.097338258069,6.790871907642));
#1723 = ( GEOMETRIC_REPRESENTATION_CONTEXT(2) 
PARAMETRIC_REPRESENTATION_CONTEXT() REPRESENTATION_CONTEXT('2D SPACE',''
  ) );
#1724 = PCURVE('',#1725,#1730);
#1725 = CYLINDRICAL_SURFACE('',#1726,0.6096);
#1726 = AXIS2_PLACEMENT_3D('',#1727,#1728,#1729);
#1727 = CARTESIAN_POINT('',(-0.24327298339,7.049216232263,
    -12.61148760458));
#1728 = DIRECTION('',(-1.296752066396E-05,1.414950665963E-05,
    0.999999999816));
#1729 = DIRECTION('',(-0.999999976639,2.157622180403E-04,
    -1.297057329236E-05));
#1730 = DEFINITIONAL_REPRESENTATION('',(#1731),#1801);
#1731 = B_SPLINE_CURVE_WITH_KNOTS('',3,(#1732,#1733,#1734,#1735,#1736,
    #1737,#1738,#1739,#1740,#1741,#1742,#1743,#1744,#1745,#1746,#1747,
    #1748,#1749,#1750,#1751,#1752,#1753,#1754,#1755,#1756,#1757,#1758,
    #1759,#1760,#1761,#1762,#1763,#1764,#1765,#1766,#1767,#1768,#1769,
    #1770,#1771,#1772,#1773,#1774,#1775,#1776,#1777,#1778,#1779,#1780,
    #1781,#1782,#1783,#1784,#1785,#1786,#1787,#1788,#1789,#1790,#1791,
    #1792,#1793,#1794,#1795,#1796,#1797,#1798,#1799,#1800),
  .UNSPECIFIED.,.F.,.F.,(4,1,1,1,1,1,1,1,1,1,1,1,1,1,1,1,1,1,1,1,1,1,1,1
    ,1,1,1,1,1,1,1,1,1,1,1,1,1,1,1,1,1,1,1,1,1,1,1,1,1,1,1,1,1,1,1,1,1,1
    ,1,1,1,1,1,1,1,1,4),(0.,1.515151515152E-02,3.030303030303E-02,
    4.545454545455E-02,6.060606060606E-02,7.575757575758E-02,
    9.090909090909E-02,0.106060606061,0.121212121212,0.136363636364,
    0.151515151515,0.166666666667,0.181818181818,0.19696969697,
    0.212121212121,0.227272727273,0.242424242424,0.257575757576,
    0.272727272727,0.287878787879,0.30303030303,0.318181818182,
    0.333333333333,0.348484848485,0.363636363636,0.378787878788,
    0.393939393939,0.409090909091,0.424242424242,0.439393939394,
    0.454545454545,0.469696969697,0.484848484848,0.5,0.515151515152,
    0.530303030303,0.545454545455,0.560606060606,0.575757575758,
    0.590909090909,0.606060606061,0.621212121212,0.636363636364,
    0.651515151515,0.666666666667,0.681818181818,0.69696969697,
    0.712121212121,0.727272727273,0.742424242424,0.757575757576,
    0.772727272727,0.787878787879,0.80303030303,0.818181818182,
    0.833333333333,0.848484848485,0.863636363636,0.878787878788,
    0.893939393939,0.909090909091,0.924242424242,0.939393939394,
    0.954545454545,0.969696969697,0.984848484848,1.),.UNSPECIFIED.);
#1732 = CARTESIAN_POINT('',(1.570796326795,7.196158349869));
#1733 = CARTESIAN_POINT('',(1.565270825596,7.195679560915));
#1734 = CARTESIAN_POINT('',(1.554208751219,7.194700985373));
#1735 = CARTESIAN_POINT('',(1.537581691071,7.193170060304));
#1736 = CARTESIAN_POINT('',(1.520919953017,7.191576000584));
#1737 = CARTESIAN_POINT('',(1.504222796113,7.189918747434));
#1738 = CARTESIAN_POINT('',(1.487489162279,7.188198189654));
#1739 = CARTESIAN_POINT('',(1.470718973156,7.186414427255));
#1740 = CARTESIAN_POINT('',(1.453914928139,7.184568131317));
#1741 = CARTESIAN_POINT('',(1.437079239755,7.182659879666));
#1742 = CARTESIAN_POINT('',(1.420214204899,7.180690296599));
#1743 = CARTESIAN_POINT('',(1.403321904588,7.178659913789));
#1744 = CARTESIAN_POINT('',(1.386404915275,7.176569706014));
#1745 = CARTESIAN_POINT('',(1.369466203405,7.174420968511));
#1746 = CARTESIAN_POINT('',(1.352508701713,7.17221493131));
#1747 = CARTESIAN_POINT('',(1.335535106382,7.169952815056));
#1748 = CARTESIAN_POINT('',(1.318548967001,7.167635943136));
#1749 = CARTESIAN_POINT('',(1.301544048314,7.165264463193));
#1750 = CARTESIAN_POINT('',(1.284512584358,7.162838345532));
#1751 = CARTESIAN_POINT('',(1.267447236113,7.160357624839));
#1752 = CARTESIAN_POINT('',(1.250340088054,7.157822252023));
#1753 = CARTESIAN_POINT('',(1.23318486354,7.155232454433));
#1754 = CARTESIAN_POINT('',(1.21598648816,7.152590337035));
#1755 = CARTESIAN_POINT('',(1.198748780337,7.149897826464));
#1756 = CARTESIAN_POINT('',(1.18147577973,7.147156917971));
#1757 = CARTESIAN_POINT('',(1.164171244644,7.144369510664));
#1758 = CARTESIAN_POINT('',(1.146839298566,7.141537877117));
#1759 = CARTESIAN_POINT('',(1.129484664453,7.138664791993));
#1760 = CARTESIAN_POINT('',(1.112111998472,7.13575293769));
#1761 = CARTESIAN_POINT('',(1.094725759669,7.132804999894));
#1762 = CARTESIAN_POINT('',(1.077331112596,7.129823743396));
#1763 = CARTESIAN_POINT('',(1.05992818997,7.126811371235));
#1764 = CARTESIAN_POINT('',(1.042515266435,7.123769876455));
#1765 = CARTESIAN_POINT('',(1.025091067709,7.120701304168));
#1766 = CARTESIAN_POINT('',(1.007654186161,7.117607685714));
#1767 = CARTESIAN_POINT('',(0.990203233024,7.114491055455));
#1768 = CARTESIAN_POINT('',(0.972736136934,7.111353543296));
#1769 = CARTESIAN_POINT('',(0.955250733346,7.1081972694));
#1770 = CARTESIAN_POINT('',(0.937744987742,7.105024391224));
#1771 = CARTESIAN_POINT('',(0.920216161292,7.101836926778));
#1772 = CARTESIAN_POINT('',(0.902664121535,7.098637456123));
#1773 = CARTESIAN_POINT('',(0.885095874146,7.09543007031));
#1774 = CARTESIAN_POINT('',(0.867517355724,7.092218631803));
#1775 = CARTESIAN_POINT('',(0.849934700256,7.089007055582));
#1776 = CARTESIAN_POINT('',(0.832354167933,7.085799275158));
#1777 = CARTESIAN_POINT('',(0.814780654947,7.082599048728));
#1778 = CARTESIAN_POINT('',(0.797218135589,7.079409999754));
#1779 = CARTESIAN_POINT('',(0.779670890231,7.076235787639));
#1780 = CARTESIAN_POINT('',(0.762143060823,7.073080042231));
#1781 = CARTESIAN_POINT('',(0.744639236015,7.069946475649));
#1782 = CARTESIAN_POINT('',(0.727159431224,7.066837927393));
#1783 = CARTESIAN_POINT('',(0.709703041759,7.063757108424));
#1784 = CARTESIAN_POINT('',(0.692269724846,7.060706768641));
#1785 = CARTESIAN_POINT('',(0.67485899307,7.057689628071));
#1786 = CARTESIAN_POINT('',(0.657470952522,7.054708488977));
#1787 = CARTESIAN_POINT('',(0.640109556995,7.051766706076));
#1788 = CARTESIAN_POINT('',(0.622778387271,7.048867576486));
#1789 = CARTESIAN_POINT('',(0.605481461821,7.046014437328));
#1790 = CARTESIAN_POINT('',(0.588221637427,7.043210523314));
#1791 = CARTESIAN_POINT('',(0.571006884457,7.040459506236));
#1792 = CARTESIAN_POINT('',(0.55385226003,7.037765640151));
#1793 = CARTESIAN_POINT('',(0.536771843298,7.035133098284));
#1794 = CARTESIAN_POINT('',(0.519779507415,7.032565954788));
#1795 = CARTESIAN_POINT('',(0.502891740934,7.030068760938));
#1796 = CARTESIAN_POINT('',(0.486107929017,7.027642895036));
#1797 = CARTESIAN_POINT('',(0.469421236269,7.025288554551));
#1798 = CARTESIAN_POINT('',(0.452826579246,7.023006230068));
#1799 = CARTESIAN_POINT('',(0.441821335776,7.021532965528));
#1800 = CARTESIAN_POINT('',(0.436332312999,7.020808476907));
#1801 = ( GEOMETRIC_REPRESENTATION_CONTEXT(2) 
PARAMETRIC_REPRESENTATION_CONTEXT() REPRESENTATION_CONTEXT('2D SPACE',''
  ) );
#1802 = ORIENTED_EDGE('',*,*,#1803,.T.);
#1803 = EDGE_CURVE('',#1630,#1804,#1806,.T.);
#1804 = VERTEX_POINT('',#1805);
#1805 = CARTESIAN_POINT('',(-1.036178568791,7.307367823462,
    -5.739467451509));
#1806 = SURFACE_CURVE('',#1807,(#1811,#1840),.PCURVE_S1.);
#1807 = B_SPLINE_CURVE_WITH_KNOTS('',2,(#1808,#1809,#1810),
  .UNSPECIFIED.,.F.,.F.,(3,3),(0.,1.),.PIECEWISE_BEZIER_KNOTS.);
#1808 = CARTESIAN_POINT('',(-0.795904826395,6.791806692342,
    -5.590682650428));
#1809 = CARTESIAN_POINT('',(-0.922058107944,7.062496629932,
    -5.655349810721));
#1810 = CARTESIAN_POINT('',(-1.036178568791,7.307367823462,
    -5.739467451509));
#1811 = PCURVE('',#126,#1812);
#1812 = DEFINITIONAL_REPRESENTATION('',(#1813),#1839);
#1813 = B_SPLINE_CURVE_WITH_KNOTS('',3,(#1814,#1815,#1816,#1817,#1818,
    #1819,#1820,#1821,#1822,#1823,#1824,#1825,#1826,#1827,#1828,#1829,
    #1830,#1831,#1832,#1833,#1834,#1835,#1836,#1837,#1838),
  .UNSPECIFIED.,.F.,.F.,(4,1,1,1,1,1,1,1,1,1,1,1,1,1,1,1,1,1,1,1,1,1,4),
  (0.,4.545454545455E-02,9.090909090909E-02,0.136363636364,
    0.181818181818,0.227272727273,0.272727272727,0.318181818182,
    0.363636363636,0.409090909091,0.454545454545,0.5,0.545454545455,
    0.590909090909,0.636363636364,0.681818181818,0.727272727273,
    0.772727272727,0.818181818182,0.863636363636,0.909090909091,
    0.954545454545,1.),.UNSPECIFIED.);
#1814 = CARTESIAN_POINT('',(1.097338258069,6.790871907642));
#1815 = CARTESIAN_POINT('',(1.094886276239,6.799073835732));
#1816 = CARTESIAN_POINT('',(1.089983762931,6.815442132858));
#1817 = CARTESIAN_POINT('',(1.082633951679,6.839887901391));
#1818 = CARTESIAN_POINT('',(1.075287707258,6.864226992766));
#1819 = CARTESIAN_POINT('',(1.067944636161,6.888459406984));
#1820 = CARTESIAN_POINT('',(1.060604343982,6.912585144045));
#1821 = CARTESIAN_POINT('',(1.053266435383,6.936604203949));
#1822 = CARTESIAN_POINT('',(1.045930514272,6.960516586695));
#1823 = CARTESIAN_POINT('',(1.038596183914,6.984322292284));
#1824 = CARTESIAN_POINT('',(1.031263047067,7.008021320715));
#1825 = CARTESIAN_POINT('',(1.023930706105,7.031613671989));
#1826 = CARTESIAN_POINT('',(1.01659876315,7.055099346106));
#1827 = CARTESIAN_POINT('',(1.009266820195,7.078478343066));
#1828 = CARTESIAN_POINT('',(1.001934479233,7.101750662868));
#1829 = CARTESIAN_POINT('',(0.994601342386,7.124916305514));
#1830 = CARTESIAN_POINT('',(0.987267012028,7.147975271001));
#1831 = CARTESIAN_POINT('',(0.979931090917,7.170927559332));
#1832 = CARTESIAN_POINT('',(0.972593182318,7.193773170505));
#1833 = CARTESIAN_POINT('',(0.965252890139,7.216512104521));
#1834 = CARTESIAN_POINT('',(0.957909819042,7.239144361379));
#1835 = CARTESIAN_POINT('',(0.950563574621,7.261669941081));
#1836 = CARTESIAN_POINT('',(0.943213763369,7.284088843625));
#1837 = CARTESIAN_POINT('',(0.93831125006,7.298963660549));
#1838 = CARTESIAN_POINT('',(0.93585926823,7.306383289485));
#1839 = ( GEOMETRIC_REPRESENTATION_CONTEXT(2) 
PARAMETRIC_REPRESENTATION_CONTEXT() REPRESENTATION_CONTEXT('2D SPACE',''
  ) );
#1840 = PCURVE('',#1841,#1846);
#1841 = PLANE('',#1842);
#1842 = AXIS2_PLACEMENT_3D('',#1843,#1844,#1845);
#1843 = CARTESIAN_POINT('',(-0.795813783916,6.791707351366,
    -12.61149112604));
#1844 = DIRECTION('',(-0.906398950996,-0.422422704883,
    -5.776674251976E-06));
#1845 = DIRECTION('',(-1.296752066396E-05,1.414950665963E-05,
    0.999999999816));
#1846 = DEFINITIONAL_REPRESENTATION('',(#1847),#1851);
#1847 = B_SPLINE_CURVE_WITH_KNOTS('',2,(#1848,#1849,#1850),
  .UNSPECIFIED.,.F.,.F.,(3,3),(0.,1.),.PIECEWISE_BEZIER_KNOTS.);
#1848 = CARTESIAN_POINT('',(7.020808476907,-8.881784197001E-16));
#1849 = CARTESIAN_POINT('',(6.956146782651,0.298644269448));
#1850 = CARTESIAN_POINT('',(6.872034086544,0.5688038757));
#1851 = ( GEOMETRIC_REPRESENTATION_CONTEXT(2) 
PARAMETRIC_REPRESENTATION_CONTEXT() REPRESENTATION_CONTEXT('2D SPACE',''
  ) );
#1852 = ORIENTED_EDGE('',*,*,#1853,.T.);
#1853 = EDGE_CURVE('',#1804,#1854,#1856,.T.);
#1854 = VERTEX_POINT('',#1855);
#1855 = CARTESIAN_POINT('',(-1.722875407049,7.644494802474,
    -6.848022514674));
#1856 = SURFACE_CURVE('',#1857,(#1881,#1976),.PCURVE_S1.);
#1857 = B_SPLINE_CURVE_WITH_KNOTS('',3,(#1858,#1859,#1860,#1861,#1862,
    #1863,#1864,#1865,#1866,#1867,#1868,#1869,#1870,#1871,#1872,#1873,
    #1874,#1875,#1876,#1877,#1878,#1879,#1880),.UNSPECIFIED.,.F.,.F.,(4,
    1,1,1,1,1,1,1,1,1,1,1,1,1,1,1,1,1,1,1,4),(0.,5.E-02,0.1,0.15,0.2,
    0.25,0.3,0.35,0.4,0.45,0.5,0.55,0.6,0.65,0.7,0.75,0.8,0.85,0.9,0.95,
    1.),.QUASI_UNIFORM_KNOTS.);
#1858 = CARTESIAN_POINT('',(-1.036178568791,7.307367823462,
    -5.739467451509));
#1859 = CARTESIAN_POINT('',(-1.042226212712,7.3203444078,-5.74392514065)
  );
#1860 = CARTESIAN_POINT('',(-1.055246109058,7.345893770741,
    -5.753640737588));
#1861 = CARTESIAN_POINT('',(-1.077464151897,7.382795729802,
    -5.770742981118));
#1862 = CARTESIAN_POINT('',(-1.102197520038,7.418002611487,
    -5.790458289514));
#1863 = CARTESIAN_POINT('',(-1.129531610621,7.451583853972,
    -5.813115635078));
#1864 = CARTESIAN_POINT('',(-1.159146321721,7.483109314217,
    -5.838745391643));
#1865 = CARTESIAN_POINT('',(-1.19119078458,7.512701558334,
    -5.867817637296));
#1866 = CARTESIAN_POINT('',(-1.225580607829,7.540155108805,
    -5.900681286596));
#1867 = CARTESIAN_POINT('',(-1.262101943168,7.565216683647,
    -5.937614256798));
#1868 = CARTESIAN_POINT('',(-1.300758139107,7.587778213185,
    -5.979209960813));
#1869 = CARTESIAN_POINT('',(-1.340991768058,7.607454165515,
    -6.025536086785));
#1870 = CARTESIAN_POINT('',(-1.382898040308,7.624256489289,
    -6.077486765771));
#1871 = CARTESIAN_POINT('',(-1.426340763111,7.638022183891,
    -6.135950065119));
#1872 = CARTESIAN_POINT('',(-1.470900281914,7.64854658891,
    -6.201670072896));
#1873 = CARTESIAN_POINT('',(-1.51605876783,7.65566697348,-6.275598296673
    ));
#1874 = CARTESIAN_POINT('',(-1.560024028733,7.659280097886,
    -6.356636948409));
#1875 = CARTESIAN_POINT('',(-1.601641915491,7.65975019965,-6.44434985382
    ));
#1876 = CARTESIAN_POINT('',(-1.639778940357,7.65766196237,-6.53811899365
    ));
#1877 = CARTESIAN_POINT('',(-1.673369480432,7.653809178788,
    -6.63698126114));
#1878 = CARTESIAN_POINT('',(-1.701663947751,7.649072053755,
    -6.74040210997));
#1879 = CARTESIAN_POINT('',(-1.71651162973,7.645931272978,
    -6.811704041196));
#1880 = CARTESIAN_POINT('',(-1.722875407049,7.644494802474,
    -6.848022514674));
#1881 = PCURVE('',#126,#1882);
#1882 = DEFINITIONAL_REPRESENTATION('',(#1883),#1975);
#1883 = B_SPLINE_CURVE_WITH_KNOTS('',3,(#1884,#1885,#1886,#1887,#1888,
    #1889,#1890,#1891,#1892,#1893,#1894,#1895,#1896,#1897,#1898,#1899,
    #1900,#1901,#1902,#1903,#1904,#1905,#1906,#1907,#1908,#1909,#1910,
    #1911,#1912,#1913,#1914,#1915,#1916,#1917,#1918,#1919,#1920,#1921,
    #1922,#1923,#1924,#1925,#1926,#1927,#1928,#1929,#1930,#1931,#1932,
    #1933,#1934,#1935,#1936,#1937,#1938,#1939,#1940,#1941,#1942,#1943,
    #1944,#1945,#1946,#1947,#1948,#1949,#1950,#1951,#1952,#1953,#1954,
    #1955,#1956,#1957,#1958,#1959,#1960,#1961,#1962,#1963,#1964,#1965,
    #1966,#1967,#1968,#1969,#1970,#1971,#1972,#1973,#1974),
  .UNSPECIFIED.,.F.,.F.,(4,1,1,1,1,1,1,1,1,1,1,1,1,1,1,1,1,1,1,1,1,1,1,1
    ,1,1,1,1,1,1,1,1,1,1,1,1,1,1,1,1,1,1,1,1,1,1,1,1,1,1,1,1,1,1,1,1,1,1
    ,1,1,1,1,1,1,1,1,1,1,1,1,1,1,1,1,1,1,1,1,1,1,1,1,1,1,1,1,1,1,4),(0.,
    1.136363636364E-02,2.272727272727E-02,3.409090909091E-02,
    4.545454545455E-02,5.681818181818E-02,6.818181818182E-02,
    7.954545454545E-02,9.090909090909E-02,0.102272727273,0.113636363636,
    0.125,0.136363636364,0.147727272727,0.159090909091,0.170454545455,
    0.181818181818,0.193181818182,0.204545454545,0.215909090909,
    0.227272727273,0.238636363636,0.25,0.261363636364,0.272727272727,
    0.284090909091,0.295454545455,0.306818181818,0.318181818182,
    0.329545454545,0.340909090909,0.352272727273,0.363636363636,0.375,
    0.386363636364,0.397727272727,0.409090909091,0.420454545455,
    0.431818181818,0.443181818182,0.454545454545,0.465909090909,
    0.477272727273,0.488636363636,0.5,0.511363636364,0.522727272727,
    0.534090909091,0.545454545455,0.556818181818,0.568181818182,
    0.579545454545,0.590909090909,0.602272727273,0.613636363636,0.625,
    0.636363636364,0.647727272727,0.659090909091,0.670454545455,
    0.681818181818,0.693181818182,0.704545454545,0.715909090909,
    0.727272727273,0.738636363636,0.75,0.761363636364,0.772727272727,
    0.784090909091,0.795454545455,0.806818181818,0.818181818182,
    0.829545454545,0.840909090909,0.852272727273,0.863636363636,0.875,
    0.886363636364,0.897727272727,0.909090909091,0.920454545455,
    0.931818181818,0.943181818182,0.954545454545,0.965909090909,
    0.977272727273,0.988636363636,1.),.QUASI_UNIFORM_KNOTS.);
#1884 = CARTESIAN_POINT('',(0.93585926823,7.306383289485));
#1885 = CARTESIAN_POINT('',(0.934884724275,7.309332230904));
#1886 = CARTESIAN_POINT('',(0.932899712402,7.315209246499));
#1887 = CARTESIAN_POINT('',(0.929814342222,7.323959693408));
#1888 = CARTESIAN_POINT('',(0.926621035075,7.332642596671));
#1889 = CARTESIAN_POINT('',(0.923319720784,7.34125546255));
#1890 = CARTESIAN_POINT('',(0.919910236099,7.349795896023));
#1891 = CARTESIAN_POINT('',(0.916392875196,7.358260975787));
#1892 = CARTESIAN_POINT('',(0.912768234365,7.366647422975));
#1893 = CARTESIAN_POINT('',(0.909036797967,7.374952095481));
#1894 = CARTESIAN_POINT('',(0.90519918765,7.383171614911));
#1895 = CARTESIAN_POINT('',(0.901255518963,7.391303443409));
#1896 = CARTESIAN_POINT('',(0.897203717616,7.399348733944));
#1897 = CARTESIAN_POINT('',(0.893041931334,7.407308244594));
#1898 = CARTESIAN_POINT('',(0.888768325256,7.415182680038));
#1899 = CARTESIAN_POINT('',(0.884380704793,7.422973353439));
#1900 = CARTESIAN_POINT('',(0.879879955864,7.430676195185));
#1901 = CARTESIAN_POINT('',(0.875267682659,7.438285869838));
#1902 = CARTESIAN_POINT('',(0.870545170883,7.44579754312));
#1903 = CARTESIAN_POINT('',(0.865714205795,7.453205595023));
#1904 = CARTESIAN_POINT('',(0.860774532637,7.460507462484));
#1905 = CARTESIAN_POINT('',(0.855722762006,7.467705280796));
#1906 = CARTESIAN_POINT('',(0.85055607247,7.474800301827));
#1907 = CARTESIAN_POINT('',(0.845271468327,7.481794014058));
#1908 = CARTESIAN_POINT('',(0.839865979522,7.488687842934));
#1909 = CARTESIAN_POINT('',(0.834338316238,7.495479379004));
#1910 = CARTESIAN_POINT('',(0.828687157368,7.502166213722));
#1911 = CARTESIAN_POINT('',(0.822911191881,7.508745919385));
#1912 = CARTESIAN_POINT('',(0.817008955292,7.515216144016));
#1913 = CARTESIAN_POINT('',(0.810979651672,7.521574130748));
#1914 = CARTESIAN_POINT('',(0.804822914657,7.527816853788));
#1915 = CARTESIAN_POINT('',(0.798538209442,7.533941372493));
#1916 = CARTESIAN_POINT('',(0.79212513551,7.539944638647));
#1917 = CARTESIAN_POINT('',(0.785582733243,7.545823962805));
#1918 = CARTESIAN_POINT('',(0.778907697284,7.551578218323));
#1919 = CARTESIAN_POINT('',(0.772096918217,7.55720611725));
#1920 = CARTESIAN_POINT('',(0.765147324906,7.562706326603));
#1921 = CARTESIAN_POINT('',(0.758055269338,7.568077854834));
#1922 = CARTESIAN_POINT('',(0.750821785306,7.57331672268));
#1923 = CARTESIAN_POINT('',(0.743448983091,7.578418240064));
#1924 = CARTESIAN_POINT('',(0.735938450465,7.583378025906));
#1925 = CARTESIAN_POINT('',(0.728292565264,7.588191147915));
#1926 = CARTESIAN_POINT('',(0.720510346027,7.592854868175));
#1927 = CARTESIAN_POINT('',(0.712585653732,7.597369828066));
#1928 = CARTESIAN_POINT('',(0.704513251548,7.601736033484));
#1929 = CARTESIAN_POINT('',(0.696287592085,7.605953660519));
#1930 = CARTESIAN_POINT('',(0.68790314852,7.610022839975));
#1931 = CARTESIAN_POINT('',(0.679355341214,7.613941660407));
#1932 = CARTESIAN_POINT('',(0.670639492674,7.617708211867));
#1933 = CARTESIAN_POINT('',(0.661750916186,7.621320567471));
#1934 = CARTESIAN_POINT('',(0.65268458863,7.624776866591));
#1935 = CARTESIAN_POINT('',(0.643436805824,7.628074895019));
#1936 = CARTESIAN_POINT('',(0.634004666101,7.631212208221));
#1937 = CARTESIAN_POINT('',(0.624384948931,7.634186421504));
#1938 = CARTESIAN_POINT('',(0.614574434777,7.63699510988));
#1939 = CARTESIAN_POINT('',(0.604569633164,7.63963595364));
#1940 = CARTESIAN_POINT('',(0.594366270405,7.642107087551));
#1941 = CARTESIAN_POINT('',(0.583959884077,7.644406586835));
#1942 = CARTESIAN_POINT('',(0.573346328504,7.646532562579));
#1943 = CARTESIAN_POINT('',(0.562519559573,7.648483041959));
#1944 = CARTESIAN_POINT('',(0.551488291979,7.650256710982));
#1945 = CARTESIAN_POINT('',(0.540264506208,7.651852357852));
#1946 = CARTESIAN_POINT('',(0.528859008171,7.653268892512));
#1947 = CARTESIAN_POINT('',(0.517283325883,7.654504641359));
#1948 = CARTESIAN_POINT('',(0.505545961978,7.655560494363));
#1949 = CARTESIAN_POINT('',(0.493650980687,7.656441320776));
#1950 = CARTESIAN_POINT('',(0.481603137432,7.657151241024));
#1951 = CARTESIAN_POINT('',(0.469406842715,7.657694576607));
#1952 = CARTESIAN_POINT('',(0.4570664261,7.658075593546));
#1953 = CARTESIAN_POINT('',(0.444587103232,7.65830116651));
#1954 = CARTESIAN_POINT('',(0.43197395814,7.658378142246));
#1955 = CARTESIAN_POINT('',(0.419232016017,7.658313458342));
#1956 = CARTESIAN_POINT('',(0.406365900295,7.658113716947));
#1957 = CARTESIAN_POINT('',(0.393381495164,7.657787301302));
#1958 = CARTESIAN_POINT('',(0.380285512242,7.657343738882));
#1959 = CARTESIAN_POINT('',(0.367084304173,7.656792306081));
#1960 = CARTESIAN_POINT('',(0.353784350251,7.656142296477));
#1961 = CARTESIAN_POINT('',(0.340391274798,7.655403194109));
#1962 = CARTESIAN_POINT('',(0.326907450897,7.654585423195));
#1963 = CARTESIAN_POINT('',(0.313335513646,7.653699292575));
#1964 = CARTESIAN_POINT('',(0.299677989248,7.652755151429));
#1965 = CARTESIAN_POINT('',(0.285936987706,7.651763302952));
#1966 = CARTESIAN_POINT('',(0.272117360841,7.650734374727));
#1967 = CARTESIAN_POINT('',(0.258224627781,7.649679078916));
#1968 = CARTESIAN_POINT('',(0.244263767046,7.648608063829));
#1969 = CARTESIAN_POINT('',(0.230240839268,7.647532151427));
#1970 = CARTESIAN_POINT('',(0.216156942478,7.646461433157));
#1971 = CARTESIAN_POINT('',(0.202005559036,7.645404870343));
#1972 = CARTESIAN_POINT('',(0.187781510913,7.644371636975));
#1973 = CARTESIAN_POINT('',(0.178246596998,7.643704445515));
#1974 = CARTESIAN_POINT('',(0.173465166097,7.643377779663));
#1975 = ( GEOMETRIC_REPRESENTATION_CONTEXT(2) 
PARAMETRIC_REPRESENTATION_CONTEXT() REPRESENTATION_CONTEXT('2D SPACE',''
  ) );
#1976 = PCURVE('',#1977,#1982);
#1977 = CYLINDRICAL_SURFACE('',#1978,0.6096);
#1978 = AXIS2_PLACEMENT_3D('',#1979,#1980,#1981);
#1979 = CARTESIAN_POINT('',(-1.588630256073,7.049761706675,
    -12.61150505824));
#1980 = DIRECTION('',(-1.296752066396E-05,1.414950665963E-05,
    0.999999999816));
#1981 = DIRECTION('',(-0.999999976639,2.157622180403E-04,
    -1.297057329236E-05));
#1982 = DEFINITIONAL_REPRESENTATION('',(#1983),#2075);
#1983 = B_SPLINE_CURVE_WITH_KNOTS('',3,(#1984,#1985,#1986,#1987,#1988,
    #1989,#1990,#1991,#1992,#1993,#1994,#1995,#1996,#1997,#1998,#1999,
    #2000,#2001,#2002,#2003,#2004,#2005,#2006,#2007,#2008,#2009,#2010,
    #2011,#2012,#2013,#2014,#2015,#2016,#2017,#2018,#2019,#2020,#2021,
    #2022,#2023,#2024,#2025,#2026,#2027,#2028,#2029,#2030,#2031,#2032,
    #2033,#2034,#2035,#2036,#2037,#2038,#2039,#2040,#2041,#2042,#2043,
    #2044,#2045,#2046,#2047,#2048,#2049,#2050,#2051,#2052,#2053,#2054,
    #2055,#2056,#2057,#2058,#2059,#2060,#2061,#2062,#2063,#2064,#2065,
    #2066,#2067,#2068,#2069,#2070,#2071,#2072,#2073,#2074),
  .UNSPECIFIED.,.F.,.F.,(4,1,1,1,1,1,1,1,1,1,1,1,1,1,1,1,1,1,1,1,1,1,1,1
    ,1,1,1,1,1,1,1,1,1,1,1,1,1,1,1,1,1,1,1,1,1,1,1,1,1,1,1,1,1,1,1,1,1,1
    ,1,1,1,1,1,1,1,1,1,1,1,1,1,1,1,1,1,1,1,1,1,1,1,1,1,1,1,1,1,1,4),(0.,
    1.136363636364E-02,2.272727272727E-02,3.409090909091E-02,
    4.545454545455E-02,5.681818181818E-02,6.818181818182E-02,
    7.954545454545E-02,9.090909090909E-02,0.102272727273,0.113636363636,
    0.125,0.136363636364,0.147727272727,0.159090909091,0.170454545455,
    0.181818181818,0.193181818182,0.204545454545,0.215909090909,
    0.227272727273,0.238636363636,0.25,0.261363636364,0.272727272727,
    0.284090909091,0.295454545455,0.306818181818,0.318181818182,
    0.329545454545,0.340909090909,0.352272727273,0.363636363636,0.375,
    0.386363636364,0.397727272727,0.409090909091,0.420454545455,
    0.431818181818,0.443181818182,0.454545454545,0.465909090909,
    0.477272727273,0.488636363636,0.5,0.511363636364,0.522727272727,
    0.534090909091,0.545454545455,0.556818181818,0.568181818182,
    0.579545454545,0.590909090909,0.602272727273,0.613636363636,0.625,
    0.636363636364,0.647727272727,0.659090909091,0.670454545455,
    0.681818181818,0.693181818182,0.704545454545,0.715909090909,
    0.727272727273,0.738636363636,0.75,0.761363636364,0.772727272727,
    0.784090909091,0.795454545455,0.806818181818,0.818181818182,
    0.829545454545,0.840909090909,0.852272727273,0.863636363636,0.875,
    0.886363636364,0.897727272727,0.909090909091,0.920454545455,
    0.931818181818,0.943181818182,0.954545454545,0.965909090909,
    0.977272727273,0.988636363636,1.),.UNSPECIFIED.);
#1984 = CARTESIAN_POINT('',(3.577924966585,6.872034086544));
#1985 = CARTESIAN_POINT('',(3.583262560694,6.87102103493));
#1986 = CARTESIAN_POINT('',(3.593939829152,6.868953598267));
#1987 = CARTESIAN_POINT('',(3.609961713165,6.865726939381));
#1988 = CARTESIAN_POINT('',(3.625989333474,6.86237326765));
#1989 = CARTESIAN_POINT('',(3.642022394766,6.858891092877));
#1990 = CARTESIAN_POINT('',(3.658060873626,6.855278855202));
#1991 = CARTESIAN_POINT('',(3.674103419047,6.851535366163));
#1992 = CARTESIAN_POINT('',(3.690147751724,6.847659689787));
#1993 = CARTESIAN_POINT('',(3.706191896336,6.843650793087));
#1994 = CARTESIAN_POINT('',(3.722233376808,6.839507811685));
#1995 = CARTESIAN_POINT('',(3.738271445803,6.835229280791));
#1996 = CARTESIAN_POINT('',(3.754312954952,6.830811095778));
#1997 = CARTESIAN_POINT('',(3.770363985451,6.826249439737));
#1998 = CARTESIAN_POINT('',(3.786430519865,6.82154051366));
#1999 = CARTESIAN_POINT('',(3.802519839912,6.816680159223));
#2000 = CARTESIAN_POINT('',(3.818627850746,6.811667432115));
#2001 = CARTESIAN_POINT('',(3.834747765606,6.806502154938));
#2002 = CARTESIAN_POINT('',(3.850873870075,6.801183813428));
#2003 = CARTESIAN_POINT('',(3.866998787935,6.795712501911));
#2004 = CARTESIAN_POINT('',(3.883121768022,6.79008588688));
#2005 = CARTESIAN_POINT('',(3.899252211659,6.784297895369));
#2006 = CARTESIAN_POINT('',(3.915397640674,6.778343157617));
#2007 = CARTESIAN_POINT('',(3.931566094202,6.772216115584));
#2008 = CARTESIAN_POINT('',(3.947765460816,6.765911261139));
#2009 = CARTESIAN_POINT('',(3.96399603656,6.759424497077));
#2010 = CARTESIAN_POINT('',(3.980258200368,6.752751721726));
#2011 = CARTESIAN_POINT('',(3.99655230764,6.745888862634));
#2012 = CARTESIAN_POINT('',(4.012879123655,6.73883173493));
#2013 = CARTESIAN_POINT('',(4.029237677293,6.731576754232));
#2014 = CARTESIAN_POINT('',(4.045625833802,6.724120740259));
#2015 = CARTESIAN_POINT('',(4.062041829688,6.71646036942));
#2016 = CARTESIAN_POINT('',(4.078483599119,6.708592540594));
#2017 = CARTESIAN_POINT('',(4.094950190818,6.700513376466));
#2018 = CARTESIAN_POINT('',(4.111445322034,6.692215600656));
#2019 = CARTESIAN_POINT('',(4.127972322682,6.683692294667));
#2020 = CARTESIAN_POINT('',(4.14453438219,6.674936611273));
#2021 = CARTESIAN_POINT('',(4.161136021702,6.665941060278));
#2022 = CARTESIAN_POINT('',(4.177770789415,6.656703811904));
#2023 = CARTESIAN_POINT('',(4.194429624864,6.647224390658));
#2024 = CARTESIAN_POINT('',(4.211104554746,6.637501710355));
#2025 = CARTESIAN_POINT('',(4.227785893446,6.627535822671));
#2026 = CARTESIAN_POINT('',(4.244470951973,6.617322217618));
#2027 = CARTESIAN_POINT('',(4.261167727413,6.6068493562));
#2028 = CARTESIAN_POINT('',(4.277882236124,6.596107021251));
#2029 = CARTESIAN_POINT('',(4.29462104161,6.58508464172));
#2030 = CARTESIAN_POINT('',(4.311390558457,6.573771740279));
#2031 = CARTESIAN_POINT('',(4.328191813607,6.562157889708));
#2032 = CARTESIAN_POINT('',(4.345025953797,6.550232653101));
#2033 = CARTESIAN_POINT('',(4.361894002404,6.537985653322));
#2034 = CARTESIAN_POINT('',(4.37879779903,6.525406283826));
#2035 = CARTESIAN_POINT('',(4.395735326435,6.512485161022));
#2036 = CARTESIAN_POINT('',(4.412702059274,6.499213701518));
#2037 = CARTESIAN_POINT('',(4.429694068237,6.485583103309));
#2038 = CARTESIAN_POINT('',(4.446707397971,6.471584746802));
#2039 = CARTESIAN_POINT('',(4.463737887155,6.457209481903));
#2040 = CARTESIAN_POINT('',(4.480779855428,6.442445968398));
#2041 = CARTESIAN_POINT('',(4.497828005721,6.427282943142));
#2042 = CARTESIAN_POINT('',(4.514876329671,6.411709778135));
#2043 = CARTESIAN_POINT('',(4.531921527682,6.395713227725));
#2044 = CARTESIAN_POINT('',(4.548938297504,6.379302198956));
#2045 = CARTESIAN_POINT('',(4.565896039254,6.362490637806));
#2046 = CARTESIAN_POINT('',(4.582765668044,6.345290982662));
#2047 = CARTESIAN_POINT('',(4.599516266791,6.327716855793));
#2048 = CARTESIAN_POINT('',(4.616123242906,6.309778154468));
#2049 = CARTESIAN_POINT('',(4.632571279619,6.29147916851));
#2050 = CARTESIAN_POINT('',(4.648842900146,6.272825240547));
#2051 = CARTESIAN_POINT('',(4.664920820463,6.253821431817));
#2052 = CARTESIAN_POINT('',(4.680787402775,6.234472876318));
#2053 = CARTESIAN_POINT('',(4.696425319608,6.214786833168));
#2054 = CARTESIAN_POINT('',(4.711816792226,6.194770527331));
#2055 = CARTESIAN_POINT('',(4.726943729267,6.17443133004));
#2056 = CARTESIAN_POINT('',(4.741787557771,6.153776061604));
#2057 = CARTESIAN_POINT('',(4.756330289907,6.132814474804));
#2058 = CARTESIAN_POINT('',(4.770554018331,6.111558236697));
#2059 = CARTESIAN_POINT('',(4.784440357262,6.090018503984));
#2060 = CARTESIAN_POINT('',(4.797970249398,6.068206819781));
#2061 = CARTESIAN_POINT('',(4.811125506427,6.046133651653));
#2062 = CARTESIAN_POINT('',(4.823893005391,6.023804850482));
#2063 = CARTESIAN_POINT('',(4.836258552296,6.001226772389));
#2064 = CARTESIAN_POINT('',(4.848207755445,5.978405793377));
#2065 = CARTESIAN_POINT('',(4.859725772315,5.955347704685));
#2066 = CARTESIAN_POINT('',(4.87079776535,5.932063573826));
#2067 = CARTESIAN_POINT('',(4.881408554821,5.908565802805));
#2068 = CARTESIAN_POINT('',(4.891542841288,5.884865974783));
#2069 = CARTESIAN_POINT('',(4.901184169741,5.860977660017));
#2070 = CARTESIAN_POINT('',(4.910319460649,5.836906172602));
#2071 = CARTESIAN_POINT('',(4.918941070555,5.812644066879));
#2072 = CARTESIAN_POINT('',(4.927040074522,5.788186298142));
#2073 = CARTESIAN_POINT('',(4.932085041449,5.771746882899));
#2074 = CARTESIAN_POINT('',(4.934517442457,5.763492698519));
#2075 = ( GEOMETRIC_REPRESENTATION_CONTEXT(2) 
PARAMETRIC_REPRESENTATION_CONTEXT() REPRESENTATION_CONTEXT('2D SPACE',''
  ) );
#2076 = ORIENTED_EDGE('',*,*,#2077,.T.);
#2077 = EDGE_CURVE('',#1854,#2078,#2080,.T.);
#2078 = VERTEX_POINT('',#2079);
#2079 = CARTESIAN_POINT('',(-1.749174734563,7.638508158411,
    -7.150515469578));
#2080 = SURFACE_CURVE('',#2081,(#2088,#2117),.PCURVE_S1.);
#2081 = B_SPLINE_CURVE_WITH_KNOTS('',3,(#2082,#2083,#2084,#2085,#2086,
    #2087),.UNSPECIFIED.,.F.,.F.,(4,1,1,4),(0.,0.333333333333,
    0.666666666667,1.),.UNSPECIFIED.);
#2082 = CARTESIAN_POINT('',(-1.722875407049,7.644494802474,
    -6.848022514674));
#2083 = CARTESIAN_POINT('',(-1.728718378276,7.64317589149,
    -6.881368715352));
#2084 = CARTESIAN_POINT('',(-1.738449344071,7.640965486697,
    -6.948241188912));
#2085 = CARTESIAN_POINT('',(-1.747229756138,7.638956172775,
    -7.049323146694));
#2086 = CARTESIAN_POINT('',(-1.749175172397,7.638508636153,
    -7.116751562664));
#2087 = CARTESIAN_POINT('',(-1.749174734563,7.638508158411,
    -7.150515469578));
#2088 = PCURVE('',#126,#2089);
#2089 = DEFINITIONAL_REPRESENTATION('',(#2090),#2116);
#2090 = B_SPLINE_CURVE_WITH_KNOTS('',3,(#2091,#2092,#2093,#2094,#2095,
    #2096,#2097,#2098,#2099,#2100,#2101,#2102,#2103,#2104,#2105,#2106,
    #2107,#2108,#2109,#2110,#2111,#2112,#2113,#2114,#2115),
  .UNSPECIFIED.,.F.,.F.,(4,1,1,1,1,1,1,1,1,1,1,1,1,1,1,1,1,1,1,1,1,1,4),
  (0.,4.545454545455E-02,9.090909090909E-02,0.136363636364,
    0.181818181818,0.227272727273,0.272727272727,0.318181818182,
    0.363636363636,0.409090909091,0.454545454545,0.5,0.545454545455,
    0.590909090909,0.636363636364,0.681818181818,0.727272727273,
    0.772727272727,0.818181818182,0.863636363636,0.909090909091,
    0.954545454545,1.),.QUASI_UNIFORM_KNOTS.);
#2091 = CARTESIAN_POINT('',(0.173465166097,7.643377779663));
#2092 = CARTESIAN_POINT('',(0.170831089338,7.643197820585));
#2093 = CARTESIAN_POINT('',(0.165564633954,7.642845858159));
#2094 = CARTESIAN_POINT('',(0.157669209481,7.642341842656));
#2095 = CARTESIAN_POINT('',(0.149777208416,7.641861816236));
#2096 = CARTESIAN_POINT('',(0.141887793463,7.641405839831));
#2097 = CARTESIAN_POINT('',(0.134000130661,7.640973974426));
#2098 = CARTESIAN_POINT('',(0.126113372743,7.640566280816));
#2099 = CARTESIAN_POINT('',(0.118226722657,7.640182820501));
#2100 = CARTESIAN_POINT('',(0.11033919849,7.639823652349));
#2101 = CARTESIAN_POINT('',(0.10245092004,7.639488850819));
#2102 = CARTESIAN_POINT('',(9.45625288769E-02,7.63917849773));
#2103 = CARTESIAN_POINT('',(8.667454275141E-02,7.638892673154));
#2104 = CARTESIAN_POINT('',(7.87875114983E-02,7.638631457507));
#2105 = CARTESIAN_POINT('',(7.09019853292E-02,7.638394931578));
#2106 = CARTESIAN_POINT('',(6.301848299545E-02,7.638183174324));
#2107 = CARTESIAN_POINT('',(5.513764808248E-02,7.637996271649));
#2108 = CARTESIAN_POINT('',(4.725960187044E-02,7.637834280692));
#2109 = CARTESIAN_POINT('',(3.938336201718E-02,7.637697197751));
#2110 = CARTESIAN_POINT('',(3.15081322082E-02,7.637585029387));
#2111 = CARTESIAN_POINT('',(2.363306650551E-02,7.637497779415));
#2112 = CARTESIAN_POINT('',(1.575733304733E-02,7.637435452382));
#2113 = CARTESIAN_POINT('',(7.88009727188E-03,7.637398052642));
#2114 = CARTESIAN_POINT('',(2.627050886854E-03,7.637389740613));
#2115 = CARTESIAN_POINT('',(0.,7.637389740613));
#2116 = ( GEOMETRIC_REPRESENTATION_CONTEXT(2) 
PARAMETRIC_REPRESENTATION_CONTEXT() REPRESENTATION_CONTEXT('2D SPACE',''
  ) );
#2117 = PCURVE('',#2118,#2123);
#2118 = CYLINDRICAL_SURFACE('',#2119,7.8359);
#2119 = AXIS2_PLACEMENT_3D('',#2120,#2121,#2122);
#2120 = CARTESIAN_POINT('',(1.870082012494E-03,6.392810842556E-04,
    -14.3004846921));
#2121 = DIRECTION('',(1.296752066396E-05,-1.414950665963E-05,
    -0.999999999816));
#2122 = DIRECTION('',(0.999999976639,-2.157622180403E-04,
    1.297057329236E-05));
#2123 = DEFINITIONAL_REPRESENTATION('',(#2124),#2150);
#2124 = B_SPLINE_CURVE_WITH_KNOTS('',3,(#2125,#2126,#2127,#2128,#2129,
    #2130,#2131,#2132,#2133,#2134,#2135,#2136,#2137,#2138,#2139,#2140,
    #2141,#2142,#2143,#2144,#2145,#2146,#2147,#2148,#2149),
  .UNSPECIFIED.,.F.,.F.,(4,1,1,1,1,1,1,1,1,1,1,1,1,1,1,1,1,1,1,1,1,1,4),
  (0.,4.545454545455E-02,9.090909090909E-02,0.136363636364,
    0.181818181818,0.227272727273,0.272727272727,0.318181818182,
    0.363636363636,0.409090909091,0.454545454545,0.5,0.545454545455,
    0.590909090909,0.636363636364,0.681818181818,0.727272727273,
    0.772727272727,0.818181818182,0.863636363636,0.909090909091,
    0.954545454545,1.),.UNSPECIFIED.);
#2125 = CARTESIAN_POINT('',(4.490260518313,-7.452592698519));
#2126 = CARTESIAN_POINT('',(4.490156272654,-7.448045497123));
#2127 = CARTESIAN_POINT('',(4.489952530078,-7.438947745538));
#2128 = CARTESIAN_POINT('',(4.489661148702,-7.425290480761));
#2129 = CARTESIAN_POINT('',(4.489383986075,-7.411621988055));
#2130 = CARTESIAN_POINT('',(4.489121028442,-7.39794167521));
#2131 = CARTESIAN_POINT('',(4.488872262137,-7.38424895625));
#2132 = CARTESIAN_POINT('',(4.488637673202,-7.370543221947));
#2133 = CARTESIAN_POINT('',(4.488417248789,-7.356823949842));
#2134 = CARTESIAN_POINT('',(4.488210971931,-7.343090293652));
#2135 = CARTESIAN_POINT('',(4.48801885013,-7.329343326077));
#2136 = CARTESIAN_POINT('',(4.48784090246,-7.315585026705));
#2137 = CARTESIAN_POINT('',(4.487677145208,-7.301817156974));
#2138 = CARTESIAN_POINT('',(4.487527595371,-7.288041532842));
#2139 = CARTESIAN_POINT('',(4.487392269907,-7.27425997034));
#2140 = CARTESIAN_POINT('',(4.487271185237,-7.260474230682));
#2141 = CARTESIAN_POINT('',(4.487164359979,-7.246686294279));
#2142 = CARTESIAN_POINT('',(4.487071803622,-7.23289723034));
#2143 = CARTESIAN_POINT('',(4.486993506333,-7.219106179962));
#2144 = CARTESIAN_POINT('',(4.48692946154,-7.20531260961));
#2145 = CARTESIAN_POINT('',(4.486879661798,-7.191515898565));
#2146 = CARTESIAN_POINT('',(4.486844099896,-7.177715449469));
#2147 = CARTESIAN_POINT('',(4.48682276856,-7.163910658704));
#2148 = CARTESIAN_POINT('',(4.486818029877,-7.154704169125));
#2149 = CARTESIAN_POINT('',(4.486818029877,-7.1501));
#2150 = ( GEOMETRIC_REPRESENTATION_CONTEXT(2) 
PARAMETRIC_REPRESENTATION_CONTEXT() REPRESENTATION_CONTEXT('2D SPACE',''
  ) );
#2151 = ORIENTED_EDGE('',*,*,#2152,.F.);
#2152 = EDGE_CURVE('',#2153,#2078,#2155,.T.);
#2153 = VERTEX_POINT('',#2154);
#2154 = CARTESIAN_POINT('',(-1.749630890746,5.52434846722,
    -7.150485561176));
#2155 = SEAM_CURVE('',#2156,(#2159,#2166),.PCURVE_S1.);
#2156 = B_SPLINE_CURVE_WITH_KNOTS('',1,(#2157,#2158),.UNSPECIFIED.,.F.,
  .F.,(2,2),(5.52323,7.637389740613),.PIECEWISE_BEZIER_KNOTS.);
#2157 = CARTESIAN_POINT('',(-1.749630890746,5.52434846722,
    -7.150485561176));
#2158 = CARTESIAN_POINT('',(-1.749174734563,7.638508158411,
    -7.150515469578));
#2159 = PCURVE('',#126,#2160);
#2160 = DEFINITIONAL_REPRESENTATION('',(#2161),#2165);
#2161 = LINE('',#2162,#2163);
#2162 = CARTESIAN_POINT('',(0.,0.));
#2163 = VECTOR('',#2164,1.);
#2164 = DIRECTION('',(0.,1.));
#2165 = ( GEOMETRIC_REPRESENTATION_CONTEXT(2) 
PARAMETRIC_REPRESENTATION_CONTEXT() REPRESENTATION_CONTEXT('2D SPACE',''
  ) );
#2166 = PCURVE('',#126,#2167);
#2167 = DEFINITIONAL_REPRESENTATION('',(#2168),#2172);
#2168 = LINE('',#2169,#2170);
#2169 = CARTESIAN_POINT('',(6.28318530718,0.));
#2170 = VECTOR('',#2171,1.);
#2171 = DIRECTION('',(0.,1.));
#2172 = ( GEOMETRIC_REPRESENTATION_CONTEXT(2) 
PARAMETRIC_REPRESENTATION_CONTEXT() REPRESENTATION_CONTEXT('2D SPACE',''
  ) );
#2173 = ORIENTED_EDGE('',*,*,#2174,.F.);
#2174 = EDGE_CURVE('',#2153,#2153,#2175,.T.);
#2175 = SURFACE_CURVE('',#2176,(#2181,#2188),.PCURVE_S1.);
#2176 = CIRCLE('',#2177,1.7526);
#2177 = AXIS2_PLACEMENT_3D('',#2178,#2179,#2180);
#2178 = CARTESIAN_POINT('',(2.969068311984E-03,5.523970322357,
    -7.15046282895));
#2179 = DIRECTION('',(-2.157624015277E-04,-0.999999976623,
    1.414670842806E-05));
#2180 = DIRECTION('',(-0.999999976639,2.157622180403E-04,
    -1.297057329236E-05));
#2181 = PCURVE('',#126,#2182);
#2182 = DEFINITIONAL_REPRESENTATION('',(#2183),#2187);
#2183 = LINE('',#2184,#2185);
#2184 = CARTESIAN_POINT('',(6.28318530718,5.52323));
#2185 = VECTOR('',#2186,1.);
#2186 = DIRECTION('',(-1.,0.));
#2187 = ( GEOMETRIC_REPRESENTATION_CONTEXT(2) 
PARAMETRIC_REPRESENTATION_CONTEXT() REPRESENTATION_CONTEXT('2D SPACE',''
  ) );
#2188 = PCURVE('',#2189,#2194);
#2189 = CONICAL_SURFACE('',#2190,1.621155,0.7853981634);
#2190 = AXIS2_PLACEMENT_3D('',#2191,#2192,#2193);
#2191 = CARTESIAN_POINT('',(2.997429200853E-03,5.655415319284,
    -7.150464688464));
#2192 = DIRECTION('',(-2.157624015277E-04,-0.999999976623,
    1.414670842806E-05));
#2193 = DIRECTION('',(-0.999999976639,2.157622180403E-04,
    -1.297057329236E-05));
#2194 = DEFINITIONAL_REPRESENTATION('',(#2195),#2199);
#2195 = LINE('',#2196,#2197);
#2196 = CARTESIAN_POINT('',(0.,0.131445));
#2197 = VECTOR('',#2198,1.);
#2198 = DIRECTION('',(1.,0.));
#2199 = ( GEOMETRIC_REPRESENTATION_CONTEXT(2) 
PARAMETRIC_REPRESENTATION_CONTEXT() REPRESENTATION_CONTEXT('2D SPACE',''
  ) );
#2200 = ORIENTED_EDGE('',*,*,#2152,.T.);
#2201 = ORIENTED_EDGE('',*,*,#2202,.T.);
#2202 = EDGE_CURVE('',#2078,#164,#2203,.T.);
#2203 = SURFACE_CURVE('',#2204,(#2211,#2240),.PCURVE_S1.);
#2204 = B_SPLINE_CURVE_WITH_KNOTS('',3,(#2205,#2206,#2207,#2208,#2209,
    #2210),.UNSPECIFIED.,.F.,.F.,(4,1,1,4),(0.,0.333333333333,
    0.666666666667,1.),.UNSPECIFIED.);
#2205 = CARTESIAN_POINT('',(-1.749174734563,7.638508158411,
    -7.150515469578));
#2206 = CARTESIAN_POINT('',(-1.749174296715,7.638507680653,
    -7.184280438222));
#2207 = CARTESIAN_POINT('',(-1.74722696492,7.638953347279,
    -7.251710196638));
#2208 = CARTESIAN_POINT('',(-1.738444132967,7.640959754502,
    -7.352788891054));
#2209 = CARTESIAN_POINT('',(-1.728711448288,7.643168263556,
    -7.419661537921));
#2210 = CARTESIAN_POINT('',(-1.722867561888,7.644486242229,
    -7.453007911601));
#2211 = PCURVE('',#126,#2212);
#2212 = DEFINITIONAL_REPRESENTATION('',(#2213),#2239);
#2213 = B_SPLINE_CURVE_WITH_KNOTS('',3,(#2214,#2215,#2216,#2217,#2218,
    #2219,#2220,#2221,#2222,#2223,#2224,#2225,#2226,#2227,#2228,#2229,
    #2230,#2231,#2232,#2233,#2234,#2235,#2236,#2237,#2238),
  .UNSPECIFIED.,.F.,.F.,(4,1,1,1,1,1,1,1,1,1,1,1,1,1,1,1,1,1,1,1,1,1,4),
  (0.,4.545454545455E-02,9.090909090909E-02,0.136363636364,
    0.181818181818,0.227272727273,0.272727272727,0.318181818182,
    0.363636363636,0.409090909091,0.454545454545,0.5,0.545454545455,
    0.590909090909,0.636363636364,0.681818181818,0.727272727273,
    0.772727272727,0.818181818182,0.863636363636,0.909090909091,
    0.954545454545,1.),.QUASI_UNIFORM_KNOTS.);
#2214 = CARTESIAN_POINT('',(6.28318530718,7.637389740613));
#2215 = CARTESIAN_POINT('',(6.280558173686,7.637389740613));
#2216 = CARTESIAN_POINT('',(6.275304969962,7.637398053353));
#2217 = CARTESIAN_POINT('',(6.26742752602,7.637435455738));
#2218 = CARTESIAN_POINT('',(6.25955161644,7.63749778644));
#2219 = CARTESIAN_POINT('',(6.251676410914,7.637585040553));
#2220 = CARTESIAN_POINT('',(6.243801081814,7.637697212977));
#2221 = CARTESIAN_POINT('',(6.235924787628,7.637834299339));
#2222 = CARTESIAN_POINT('',(6.228046735868,7.637996292548));
#2223 = CARTESIAN_POINT('',(6.220165950347,7.638183195657));
#2224 = CARTESIAN_POINT('',(6.212282544838,7.63839495161));
#2225 = CARTESIAN_POINT('',(6.204397148938,7.638631474939));
#2226 = CARTESIAN_POINT('',(6.196510268953,7.638892687035));
#2227 = CARTESIAN_POINT('',(6.188622442253,7.639178507482));
#2228 = CARTESIAN_POINT('',(6.180734205836,7.63948885623));
#2229 = CARTESIAN_POINT('',(6.172846065014,7.639823653571));
#2230 = CARTESIAN_POINT('',(6.164958647388,7.640182818073));
#2231 = CARTESIAN_POINT('',(6.157072065258,7.64056627556));
#2232 = CARTESIAN_POINT('',(6.149185342849,7.640973967229));
#2233 = CARTESIAN_POINT('',(6.141297686931,7.641405831679));
#2234 = CARTESIAN_POINT('',(6.133408254662,7.641861808208));
#2235 = CARTESIAN_POINT('',(6.125516216319,7.642341835926));
#2236 = CARTESIAN_POINT('',(6.117620738875,7.642845853993));
#2237 = CARTESIAN_POINT('',(6.112354240529,7.643197819035));
#2238 = CARTESIAN_POINT('',(6.109720141083,7.643377779663));
#2239 = ( GEOMETRIC_REPRESENTATION_CONTEXT(2) 
PARAMETRIC_REPRESENTATION_CONTEXT() REPRESENTATION_CONTEXT('2D SPACE',''
  ) );
#2240 = PCURVE('',#2118,#2241);
#2241 = DEFINITIONAL_REPRESENTATION('',(#2242),#2268);
#2242 = B_SPLINE_CURVE_WITH_KNOTS('',3,(#2243,#2244,#2245,#2246,#2247,
    #2248,#2249,#2250,#2251,#2252,#2253,#2254,#2255,#2256,#2257,#2258,
    #2259,#2260,#2261,#2262,#2263,#2264,#2265,#2266,#2267),
  .UNSPECIFIED.,.F.,.F.,(4,1,1,1,1,1,1,1,1,1,1,1,1,1,1,1,1,1,1,1,1,1,4),
  (0.,4.545454545455E-02,9.090909090909E-02,0.136363636364,
    0.181818181818,0.227272727273,0.272727272727,0.318181818182,
    0.363636363636,0.409090909091,0.454545454545,0.5,0.545454545455,
    0.590909090909,0.636363636364,0.681818181818,0.727272727273,
    0.772727272727,0.818181818182,0.863636363636,0.909090909091,
    0.954545454545,1.),.UNSPECIFIED.);
#2243 = CARTESIAN_POINT('',(4.486818029877,-7.1501));
#2244 = CARTESIAN_POINT('',(4.486818029877,-7.145495686093));
#2245 = CARTESIAN_POINT('',(4.486822768966,-7.136288920771));
#2246 = CARTESIAN_POINT('',(4.486844101813,-7.122483765288));
#2247 = CARTESIAN_POINT('',(4.486879665811,-7.108683007804));
#2248 = CARTESIAN_POINT('',(4.48692946792,-7.094886052156));
#2249 = CARTESIAN_POINT('',(4.486993515033,-7.081092308364));
#2250 = CARTESIAN_POINT('',(4.487071814278,-7.067301163373));
#2251 = CARTESIAN_POINT('',(4.487164371923,-7.053512090238));
#2252 = CARTESIAN_POINT('',(4.487271197431,-7.039724240663));
#2253 = CARTESIAN_POINT('',(4.48739228136,-7.025938670651));
#2254 = CARTESIAN_POINT('',(4.48752760534,-7.012157336158));
#2255 = CARTESIAN_POINT('',(4.48767715315,-6.998381976647));
#2256 = CARTESIAN_POINT('',(4.487840908043,-6.984614385722));
#2257 = CARTESIAN_POINT('',(4.488018853231,-6.970856356913));
#2258 = CARTESIAN_POINT('',(4.488210972632,-6.957109629911));
#2259 = CARTESIAN_POINT('',(4.488417247395,-6.943376159835));
#2260 = CARTESIAN_POINT('',(4.488637670179,-6.929657006235));
#2261 = CARTESIAN_POINT('',(4.488872257992,-6.915951333629));
#2262 = CARTESIAN_POINT('',(4.489121023741,-6.902258626322));
#2263 = CARTESIAN_POINT('',(4.489383981439,-6.888578282929));
#2264 = CARTESIAN_POINT('',(4.489661144812,-6.874909725028));
#2265 = CARTESIAN_POINT('',(4.489952527667,-6.861252368041));
#2266 = CARTESIAN_POINT('',(4.490156271756,-6.852154542046));
#2267 = CARTESIAN_POINT('',(4.490260518313,-6.847607301481));
#2268 = ( GEOMETRIC_REPRESENTATION_CONTEXT(2) 
PARAMETRIC_REPRESENTATION_CONTEXT() REPRESENTATION_CONTEXT('2D SPACE',''
  ) );
#2269 = ADVANCED_FACE('',(#2270),#2189,.T.);
#2270 = FACE_BOUND('',#2271,.T.);
#2271 = EDGE_LOOP('',(#2272,#2273,#2295,#2326));
#2272 = ORIENTED_EDGE('',*,*,#2174,.F.);
#2273 = ORIENTED_EDGE('',*,*,#2274,.F.);
#2274 = EDGE_CURVE('',#2275,#2153,#2277,.T.);
#2275 = VERTEX_POINT('',#2276);
#2276 = CARTESIAN_POINT('',(-1.486684175109,5.787181739345,
    -7.150485870371));
#2277 = SEAM_CURVE('',#2278,(#2281,#2288),.PCURVE_S1.);
#2278 = B_SPLINE_CURVE_WITH_KNOTS('',1,(#2279,#2280),.UNSPECIFIED.,.F.,
  .F.,(2,2),(-0.185891301706,0.185891301706),.PIECEWISE_BEZIER_KNOTS.);
#2279 = CARTESIAN_POINT('',(-1.486684175109,5.787181739345,
    -7.150485870371));
#2280 = CARTESIAN_POINT('',(-1.749630890746,5.52434846722,
    -7.150485561176));
#2281 = PCURVE('',#2189,#2282);
#2282 = DEFINITIONAL_REPRESENTATION('',(#2283),#2287);
#2283 = LINE('',#2284,#2285);
#2284 = CARTESIAN_POINT('',(0.,0.));
#2285 = VECTOR('',#2286,1.);
#2286 = DIRECTION('',(0.,1.));
#2287 = ( GEOMETRIC_REPRESENTATION_CONTEXT(2) 
PARAMETRIC_REPRESENTATION_CONTEXT() REPRESENTATION_CONTEXT('2D SPACE',''
  ) );
#2288 = PCURVE('',#2189,#2289);
#2289 = DEFINITIONAL_REPRESENTATION('',(#2290),#2294);
#2290 = LINE('',#2291,#2292);
#2291 = CARTESIAN_POINT('',(6.28318530718,0.));
#2292 = VECTOR('',#2293,1.);
#2293 = DIRECTION('',(0.,1.));
#2294 = ( GEOMETRIC_REPRESENTATION_CONTEXT(2) 
PARAMETRIC_REPRESENTATION_CONTEXT() REPRESENTATION_CONTEXT('2D SPACE',''
  ) );
#2295 = ORIENTED_EDGE('',*,*,#2296,.T.);
#2296 = EDGE_CURVE('',#2275,#2275,#2297,.T.);
#2297 = SURFACE_CURVE('',#2298,(#2303,#2310),.PCURVE_S1.);
#2298 = CIRCLE('',#2299,1.48971);
#2299 = AXIS2_PLACEMENT_3D('',#2300,#2301,#2302);
#2300 = CARTESIAN_POINT('',(3.025790089722E-03,5.786860316211,
    -7.150466547978));
#2301 = DIRECTION('',(-2.157624015277E-04,-0.999999976623,
    1.414670842806E-05));
#2302 = DIRECTION('',(-0.999999976639,2.157622180403E-04,
    -1.297057329236E-05));
#2303 = PCURVE('',#2189,#2304);
#2304 = DEFINITIONAL_REPRESENTATION('',(#2305),#2309);
#2305 = LINE('',#2306,#2307);
#2306 = CARTESIAN_POINT('',(0.,-0.131445));
#2307 = VECTOR('',#2308,1.);
#2308 = DIRECTION('',(1.,0.));
#2309 = ( GEOMETRIC_REPRESENTATION_CONTEXT(2) 
PARAMETRIC_REPRESENTATION_CONTEXT() REPRESENTATION_CONTEXT('2D SPACE',''
  ) );
#2310 = PCURVE('',#2311,#2316);
#2311 = PLANE('',#2312);
#2312 = AXIS2_PLACEMENT_3D('',#2313,#2314,#2315);
#2313 = CARTESIAN_POINT('',(3.025790089722E-03,5.786860316211,
    -7.150466547978));
#2314 = DIRECTION('',(2.157624015277E-04,0.999999976623,
    -1.414670842806E-05));
#2315 = DIRECTION('',(-0.999999976639,2.157622180403E-04,
    -1.297057329236E-05));
#2316 = DEFINITIONAL_REPRESENTATION('',(#2317),#2325);
#2317 = ( BOUNDED_CURVE() B_SPLINE_CURVE(2,(#2318,#2319,#2320,#2321,
#2322,#2323,#2324),.UNSPECIFIED.,.T.,.F.) B_SPLINE_CURVE_WITH_KNOTS((1,2
    ,2,2,2,1),(-2.094395102393,0.,2.094395102393,4.188790204786,
6.28318530718,8.377580409573),.UNSPECIFIED.) CURVE() 
GEOMETRIC_REPRESENTATION_ITEM() RATIONAL_B_SPLINE_CURVE((1.,0.5,1.,0.5,
1.,0.5,1.)) REPRESENTATION_ITEM('') );
#2318 = CARTESIAN_POINT('',(1.48971,2.523666903708E-21));
#2319 = CARTESIAN_POINT('',(1.48971,-2.580253408543));
#2320 = CARTESIAN_POINT('',(-0.744855,-1.290126704272));
#2321 = CARTESIAN_POINT('',(-2.97942,-3.648787639654E-16));
#2322 = CARTESIAN_POINT('',(-0.744855,1.290126704272));
#2323 = CARTESIAN_POINT('',(1.48971,2.580253408543));
#2324 = CARTESIAN_POINT('',(1.48971,2.523666903708E-21));
#2325 = ( GEOMETRIC_REPRESENTATION_CONTEXT(2) 
PARAMETRIC_REPRESENTATION_CONTEXT() REPRESENTATION_CONTEXT('2D SPACE',''
  ) );
#2326 = ORIENTED_EDGE('',*,*,#2274,.T.);
#2327 = ADVANCED_FACE('',(#2328,#2331),#2311,.T.);
#2328 = FACE_BOUND('',#2329,.T.);
#2329 = EDGE_LOOP('',(#2330));
#2330 = ORIENTED_EDGE('',*,*,#2296,.F.);
#2331 = FACE_BOUND('',#2332,.T.);
#2332 = EDGE_LOOP('',(#2333,#2363,#2391,#2419,#2447,#2475));
#2333 = ORIENTED_EDGE('',*,*,#2334,.F.);
#2334 = EDGE_CURVE('',#2335,#2337,#2339,.T.);
#2335 = VERTEX_POINT('',#2336);
#2336 = CARTESIAN_POINT('',(-0.502917602421,5.786981876443,
    -6.274173110368));
#2337 = VERTEX_POINT('',#2338);
#2338 = CARTESIAN_POINT('',(0.508946455723,5.786763554404,
    -6.274159985911));
#2339 = SURFACE_CURVE('',#2340,(#2344,#2351),.PCURVE_S1.);
#2340 = LINE('',#2341,#2342);
#2341 = CARTESIAN_POINT('',(-0.502917602421,5.786981876443,
    -6.274173110368));
#2342 = VECTOR('',#2343,1.);
#2343 = DIRECTION('',(0.999999976639,-2.157622180403E-04,
    1.297057329236E-05));
#2344 = PCURVE('',#2311,#2345);
#2345 = DEFINITIONAL_REPRESENTATION('',(#2346),#2350);
#2346 = LINE('',#2347,#2348);
#2347 = CARTESIAN_POINT('',(0.505932040891,0.8763));
#2348 = VECTOR('',#2349,1.);
#2349 = DIRECTION('',(-1.,0.));
#2350 = ( GEOMETRIC_REPRESENTATION_CONTEXT(2) 
PARAMETRIC_REPRESENTATION_CONTEXT() REPRESENTATION_CONTEXT('2D SPACE',''
  ) );
#2351 = PCURVE('',#2352,#2357);
#2352 = PLANE('',#2353);
#2353 = AXIS2_PLACEMENT_3D('',#2354,#2355,#2356);
#2354 = CARTESIAN_POINT('',(-0.502917602421,5.786981876443,
    -6.274173110368));
#2355 = DIRECTION('',(-1.296752066396E-05,1.414950665963E-05,
    0.999999999816));
#2356 = DIRECTION('',(-2.157624015277E-04,-0.999999976623,
    1.414670842806E-05));
#2357 = DEFINITIONAL_REPRESENTATION('',(#2358),#2362);
#2358 = LINE('',#2359,#2360);
#2359 = CARTESIAN_POINT('',(0.,0.));
#2360 = VECTOR('',#2361,1.);
#2361 = DIRECTION('',(3.459928481247E-20,1.));
#2362 = ( GEOMETRIC_REPRESENTATION_CONTEXT(2) 
PARAMETRIC_REPRESENTATION_CONTEXT() REPRESENTATION_CONTEXT('2D SPACE',''
  ) );
#2363 = ORIENTED_EDGE('',*,*,#2364,.F.);
#2364 = EDGE_CURVE('',#2365,#2335,#2367,.T.);
#2365 = VERTEX_POINT('',#2366);
#2366 = CARTESIAN_POINT('',(-1.008838268054,5.78707863825,
    -7.150479672435));
#2367 = SURFACE_CURVE('',#2368,(#2372,#2379),.PCURVE_S1.);
#2368 = LINE('',#2369,#2370);
#2369 = CARTESIAN_POINT('',(-1.008838268054,5.78707863825,
    -7.150479672435));
#2370 = VECTOR('',#2371,1.);
#2371 = DIRECTION('',(0.499988758117,-9.562727680193E-05,0.866031888911)
  );
#2372 = PCURVE('',#2311,#2373);
#2373 = DEFINITIONAL_REPRESENTATION('',(#2374),#2378);
#2374 = LINE('',#2375,#2376);
#2375 = CARTESIAN_POINT('',(1.011864081782,-1.183186442702E-16));
#2376 = VECTOR('',#2377,1.);
#2377 = DIRECTION('',(-0.5,0.866025403784));
#2378 = ( GEOMETRIC_REPRESENTATION_CONTEXT(2) 
PARAMETRIC_REPRESENTATION_CONTEXT() REPRESENTATION_CONTEXT('2D SPACE',''
  ) );
#2379 = PCURVE('',#2380,#2385);
#2380 = PLANE('',#2381);
#2381 = AXIS2_PLACEMENT_3D('',#2382,#2383,#2384);
#2382 = CARTESIAN_POINT('',(-1.008838268054,5.78707863825,
    -7.150479672435));
#2383 = DIRECTION('',(-0.866031867314,1.939303153295E-04,0.499988767062)
  );
#2384 = DIRECTION('',(-2.157624015277E-04,-0.999999976623,
    1.414670842806E-05));
#2385 = DEFINITIONAL_REPRESENTATION('',(#2386),#2390);
#2386 = LINE('',#2387,#2388);
#2387 = CARTESIAN_POINT('',(0.,0.));
#2388 = VECTOR('',#2389,1.);
#2389 = DIRECTION('',(-3.388131789017E-21,1.));
#2390 = ( GEOMETRIC_REPRESENTATION_CONTEXT(2) 
PARAMETRIC_REPRESENTATION_CONTEXT() REPRESENTATION_CONTEXT('2D SPACE',''
  ) );
#2391 = ORIENTED_EDGE('',*,*,#2392,.F.);
#2392 = EDGE_CURVE('',#2393,#2365,#2395,.T.);
#2393 = VERTEX_POINT('',#2394);
#2394 = CARTESIAN_POINT('',(-0.502894875544,5.786957078018,
    -8.026773110045));
#2395 = SURFACE_CURVE('',#2396,(#2400,#2407),.PCURVE_S1.);
#2396 = LINE('',#2397,#2398);
#2397 = CARTESIAN_POINT('',(-0.502894875544,5.786957078018,
    -8.026773110045));
#2398 = VECTOR('',#2399,1.);
#2399 = DIRECTION('',(-0.500011218522,1.201349412384E-04,0.866018918338)
  );
#2400 = PCURVE('',#2311,#2401);
#2401 = DEFINITIONAL_REPRESENTATION('',(#2402),#2406);
#2402 = LINE('',#2403,#2404);
#2403 = CARTESIAN_POINT('',(0.505932040891,-0.8763));
#2404 = VECTOR('',#2405,1.);
#2405 = DIRECTION('',(0.5,0.866025403784));
#2406 = ( GEOMETRIC_REPRESENTATION_CONTEXT(2) 
PARAMETRIC_REPRESENTATION_CONTEXT() REPRESENTATION_CONTEXT('2D SPACE',''
  ) );
#2407 = PCURVE('',#2408,#2413);
#2408 = PLANE('',#2409);
#2409 = AXIS2_PLACEMENT_3D('',#2410,#2411,#2412);
#2410 = CARTESIAN_POINT('',(-0.502894875544,5.786957078018,
    -8.026773110045));
#2411 = DIRECTION('',(-0.866018899793,1.797808086699E-04,-0.500011232754
    ));
#2412 = DIRECTION('',(-2.157624015277E-04,-0.999999976623,
    1.414670842806E-05));
#2413 = DEFINITIONAL_REPRESENTATION('',(#2414),#2418);
#2414 = LINE('',#2415,#2416);
#2415 = CARTESIAN_POINT('',(0.,0.));
#2416 = VECTOR('',#2417,1.);
#2417 = DIRECTION('',(1.694065894509E-21,1.));
#2418 = ( GEOMETRIC_REPRESENTATION_CONTEXT(2) 
PARAMETRIC_REPRESENTATION_CONTEXT() REPRESENTATION_CONTEXT('2D SPACE',''
  ) );
#2419 = ORIENTED_EDGE('',*,*,#2420,.F.);
#2420 = EDGE_CURVE('',#2421,#2393,#2423,.T.);
#2421 = VERTEX_POINT('',#2422);
#2422 = CARTESIAN_POINT('',(0.5089691826,5.786738755979,-8.026759985588)
  );
#2423 = SURFACE_CURVE('',#2424,(#2428,#2435),.PCURVE_S1.);
#2424 = LINE('',#2425,#2426);
#2425 = CARTESIAN_POINT('',(0.5089691826,5.786738755979,-8.026759985588)
  );
#2426 = VECTOR('',#2427,1.);
#2427 = DIRECTION('',(-0.999999976639,2.157622180403E-04,
    -1.297057329236E-05));
#2428 = PCURVE('',#2311,#2429);
#2429 = DEFINITIONAL_REPRESENTATION('',(#2430),#2434);
#2430 = LINE('',#2431,#2432);
#2431 = CARTESIAN_POINT('',(-0.505932040891,-0.8763));
#2432 = VECTOR('',#2433,1.);
#2433 = DIRECTION('',(1.,0.));
#2434 = ( GEOMETRIC_REPRESENTATION_CONTEXT(2) 
PARAMETRIC_REPRESENTATION_CONTEXT() REPRESENTATION_CONTEXT('2D SPACE',''
  ) );
#2435 = PCURVE('',#2436,#2441);
#2436 = PLANE('',#2437);
#2437 = AXIS2_PLACEMENT_3D('',#2438,#2439,#2440);
#2438 = CARTESIAN_POINT('',(0.5089691826,5.786738755979,-8.026759985588)
  );
#2439 = DIRECTION('',(1.296752066396E-05,-1.414950665963E-05,
    -0.999999999816));
#2440 = DIRECTION('',(-0.999999976639,2.157622180403E-04,
    -1.297057329236E-05));
#2441 = DEFINITIONAL_REPRESENTATION('',(#2442),#2446);
#2442 = LINE('',#2443,#2444);
#2443 = CARTESIAN_POINT('',(0.,0.));
#2444 = VECTOR('',#2445,1.);
#2445 = DIRECTION('',(1.,3.459928481247E-20));
#2446 = ( GEOMETRIC_REPRESENTATION_CONTEXT(2) 
PARAMETRIC_REPRESENTATION_CONTEXT() REPRESENTATION_CONTEXT('2D SPACE',''
  ) );
#2447 = ORIENTED_EDGE('',*,*,#2448,.F.);
#2448 = EDGE_CURVE('',#2449,#2421,#2451,.T.);
#2449 = VERTEX_POINT('',#2450);
#2450 = CARTESIAN_POINT('',(1.014889848234,5.786641994172,
    -7.150453423521));
#2451 = SURFACE_CURVE('',#2452,(#2456,#2463),.PCURVE_S1.);
#2452 = LINE('',#2453,#2454);
#2453 = CARTESIAN_POINT('',(1.014889848234,5.786641994172,
    -7.150453423521));
#2454 = VECTOR('',#2455,1.);
#2455 = DIRECTION('',(-0.499988758117,9.562727680193E-05,-0.866031888911
    ));
#2456 = PCURVE('',#2311,#2457);
#2457 = DEFINITIONAL_REPRESENTATION('',(#2458),#2462);
#2458 = LINE('',#2459,#2460);
#2459 = CARTESIAN_POINT('',(-1.011864081782,1.183186442702E-16));
#2460 = VECTOR('',#2461,1.);
#2461 = DIRECTION('',(0.5,-0.866025403784));
#2462 = ( GEOMETRIC_REPRESENTATION_CONTEXT(2) 
PARAMETRIC_REPRESENTATION_CONTEXT() REPRESENTATION_CONTEXT('2D SPACE',''
  ) );
#2463 = PCURVE('',#2464,#2469);
#2464 = PLANE('',#2465);
#2465 = AXIS2_PLACEMENT_3D('',#2466,#2467,#2468);
#2466 = CARTESIAN_POINT('',(1.014889848234,5.786641994172,
    -7.150453423521));
#2467 = DIRECTION('',(0.866031867314,-1.939303153295E-04,-0.499988767062
    ));
#2468 = DIRECTION('',(2.157624015277E-04,0.999999976623,
    -1.414670842806E-05));
#2469 = DEFINITIONAL_REPRESENTATION('',(#2470),#2474);
#2470 = LINE('',#2471,#2472);
#2471 = CARTESIAN_POINT('',(0.,0.));
#2472 = VECTOR('',#2473,1.);
#2473 = DIRECTION('',(-3.388131789017E-21,-1.));
#2474 = ( GEOMETRIC_REPRESENTATION_CONTEXT(2) 
PARAMETRIC_REPRESENTATION_CONTEXT() REPRESENTATION_CONTEXT('2D SPACE',''
  ) );
#2475 = ORIENTED_EDGE('',*,*,#2476,.F.);
#2476 = EDGE_CURVE('',#2337,#2449,#2477,.T.);
#2477 = SURFACE_CURVE('',#2478,(#2482,#2489),.PCURVE_S1.);
#2478 = LINE('',#2479,#2480);
#2479 = CARTESIAN_POINT('',(0.508946455723,5.786763554404,
    -6.274159985911));
#2480 = VECTOR('',#2481,1.);
#2481 = DIRECTION('',(0.500011218522,-1.201349412384E-04,-0.866018918338
    ));
#2482 = PCURVE('',#2311,#2483);
#2483 = DEFINITIONAL_REPRESENTATION('',(#2484),#2488);
#2484 = LINE('',#2485,#2486);
#2485 = CARTESIAN_POINT('',(-0.505932040891,0.8763));
#2486 = VECTOR('',#2487,1.);
#2487 = DIRECTION('',(-0.5,-0.866025403784));
#2488 = ( GEOMETRIC_REPRESENTATION_CONTEXT(2) 
PARAMETRIC_REPRESENTATION_CONTEXT() REPRESENTATION_CONTEXT('2D SPACE',''
  ) );
#2489 = PCURVE('',#2490,#2495);
#2490 = PLANE('',#2491);
#2491 = AXIS2_PLACEMENT_3D('',#2492,#2493,#2494);
#2492 = CARTESIAN_POINT('',(0.508946455723,5.786763554404,
    -6.274159985911));
#2493 = DIRECTION('',(0.866018899793,-1.797808086699E-04,0.500011232754)
  );
#2494 = DIRECTION('',(0.500011218522,-1.201349412384E-04,-0.866018918338
    ));
#2495 = DEFINITIONAL_REPRESENTATION('',(#2496),#2500);
#2496 = LINE('',#2497,#2498);
#2497 = CARTESIAN_POINT('',(0.,0.));
#2498 = VECTOR('',#2499,1.);
#2499 = DIRECTION('',(1.,1.694065894509E-21));
#2500 = ( GEOMETRIC_REPRESENTATION_CONTEXT(2) 
PARAMETRIC_REPRESENTATION_CONTEXT() REPRESENTATION_CONTEXT('2D SPACE',''
  ) );
#2501 = ADVANCED_FACE('',(#2502),#2490,.F.);
#2502 = FACE_BOUND('',#2503,.T.);
#2503 = EDGE_LOOP('',(#2504,#2527,#2555,#2576));
#2504 = ORIENTED_EDGE('',*,*,#2505,.T.);
#2505 = EDGE_CURVE('',#2449,#2506,#2508,.T.);
#2506 = VERTEX_POINT('',#2507);
#2507 = CARTESIAN_POINT('',(1.014511703049,4.034042035143,
    -7.150428629999));
#2508 = SURFACE_CURVE('',#2509,(#2513,#2520),.PCURVE_S1.);
#2509 = LINE('',#2510,#2511);
#2510 = CARTESIAN_POINT('',(1.014889848234,5.786641994172,
    -7.150453423521));
#2511 = VECTOR('',#2512,1.);
#2512 = DIRECTION('',(-2.157624015277E-04,-0.999999976623,
    1.414670842806E-05));
#2513 = PCURVE('',#2490,#2514);
#2514 = DEFINITIONAL_REPRESENTATION('',(#2515),#2519);
#2515 = LINE('',#2516,#2517);
#2516 = CARTESIAN_POINT('',(1.011864081782,4.215327224647E-16));
#2517 = VECTOR('',#2518,1.);
#2518 = DIRECTION('',(8.470329472543E-21,-1.));
#2519 = ( GEOMETRIC_REPRESENTATION_CONTEXT(2) 
PARAMETRIC_REPRESENTATION_CONTEXT() REPRESENTATION_CONTEXT('2D SPACE',''
  ) );
#2520 = PCURVE('',#2464,#2521);
#2521 = DEFINITIONAL_REPRESENTATION('',(#2522),#2526);
#2522 = LINE('',#2523,#2524);
#2523 = CARTESIAN_POINT('',(0.,0.));
#2524 = VECTOR('',#2525,1.);
#2525 = DIRECTION('',(-1.,-3.388131789017E-21));
#2526 = ( GEOMETRIC_REPRESENTATION_CONTEXT(2) 
PARAMETRIC_REPRESENTATION_CONTEXT() REPRESENTATION_CONTEXT('2D SPACE',''
  ) );
#2527 = ORIENTED_EDGE('',*,*,#2528,.F.);
#2528 = EDGE_CURVE('',#2529,#2506,#2531,.T.);
#2529 = VERTEX_POINT('',#2530);
#2530 = CARTESIAN_POINT('',(0.508568310538,4.034163595375,
    -6.274135192389));
#2531 = SURFACE_CURVE('',#2532,(#2536,#2543),.PCURVE_S1.);
#2532 = LINE('',#2533,#2534);
#2533 = CARTESIAN_POINT('',(0.508568310538,4.034163595375,
    -6.274135192389));
#2534 = VECTOR('',#2535,1.);
#2535 = DIRECTION('',(0.500011218522,-1.201349412384E-04,-0.866018918338
    ));
#2536 = PCURVE('',#2490,#2537);
#2537 = DEFINITIONAL_REPRESENTATION('',(#2538),#2542);
#2538 = LINE('',#2539,#2540);
#2539 = CARTESIAN_POINT('',(-7.234508402499E-16,-1.7526));
#2540 = VECTOR('',#2541,1.);
#2541 = DIRECTION('',(1.,1.694065894509E-21));
#2542 = ( GEOMETRIC_REPRESENTATION_CONTEXT(2) 
PARAMETRIC_REPRESENTATION_CONTEXT() REPRESENTATION_CONTEXT('2D SPACE',''
  ) );
#2543 = PCURVE('',#2544,#2549);
#2544 = PLANE('',#2545);
#2545 = AXIS2_PLACEMENT_3D('',#2546,#2547,#2548);
#2546 = CARTESIAN_POINT('',(2.740363974304E-03,4.034159186794,
    -14.30054175314));
#2547 = DIRECTION('',(2.157624015277E-04,0.999999976623,
    -1.414670842806E-05));
#2548 = DIRECTION('',(-0.999999976639,2.157622180403E-04,
    -1.297057329236E-05));
#2549 = DEFINITIONAL_REPRESENTATION('',(#2550),#2554);
#2550 = LINE('',#2551,#2552);
#2551 = CARTESIAN_POINT('',(-0.505932040891,8.0264));
#2552 = VECTOR('',#2553,1.);
#2553 = DIRECTION('',(-0.5,-0.866025403784));
#2554 = ( GEOMETRIC_REPRESENTATION_CONTEXT(2) 
PARAMETRIC_REPRESENTATION_CONTEXT() REPRESENTATION_CONTEXT('2D SPACE',''
  ) );
#2555 = ORIENTED_EDGE('',*,*,#2556,.F.);
#2556 = EDGE_CURVE('',#2337,#2529,#2557,.T.);
#2557 = SURFACE_CURVE('',#2558,(#2562,#2569),.PCURVE_S1.);
#2558 = LINE('',#2559,#2560);
#2559 = CARTESIAN_POINT('',(0.508946455723,5.786763554404,
    -6.274159985911));
#2560 = VECTOR('',#2561,1.);
#2561 = DIRECTION('',(-2.157624015277E-04,-0.999999976623,
    1.414670842806E-05));
#2562 = PCURVE('',#2490,#2563);
#2563 = DEFINITIONAL_REPRESENTATION('',(#2564),#2568);
#2564 = LINE('',#2565,#2566);
#2565 = CARTESIAN_POINT('',(0.,0.));
#2566 = VECTOR('',#2567,1.);
#2567 = DIRECTION('',(8.470329472543E-21,-1.));
#2568 = ( GEOMETRIC_REPRESENTATION_CONTEXT(2) 
PARAMETRIC_REPRESENTATION_CONTEXT() REPRESENTATION_CONTEXT('2D SPACE',''
  ) );
#2569 = PCURVE('',#2352,#2570);
#2570 = DEFINITIONAL_REPRESENTATION('',(#2571),#2575);
#2571 = LINE('',#2572,#2573);
#2572 = CARTESIAN_POINT('',(7.923884777669E-16,1.011864081782));
#2573 = VECTOR('',#2574,1.);
#2574 = DIRECTION('',(1.,3.459928481247E-20));
#2575 = ( GEOMETRIC_REPRESENTATION_CONTEXT(2) 
PARAMETRIC_REPRESENTATION_CONTEXT() REPRESENTATION_CONTEXT('2D SPACE',''
  ) );
#2576 = ORIENTED_EDGE('',*,*,#2476,.T.);
#2577 = ADVANCED_FACE('',(#2578),#2544,.T.);
#2578 = FACE_BOUND('',#2579,.T.);
#2579 = EDGE_LOOP('',(#2580,#2603,#2626,#2649,#2672,#2693));
#2580 = ORIENTED_EDGE('',*,*,#2581,.T.);
#2581 = EDGE_CURVE('',#2506,#2582,#2584,.T.);
#2582 = VERTEX_POINT('',#2583);
#2583 = CARTESIAN_POINT('',(0.508591037415,4.034138796949,
    -8.026735192067));
#2584 = SURFACE_CURVE('',#2585,(#2589,#2596),.PCURVE_S1.);
#2585 = LINE('',#2586,#2587);
#2586 = CARTESIAN_POINT('',(1.014511703049,4.034042035143,
    -7.150428629999));
#2587 = VECTOR('',#2588,1.);
#2588 = DIRECTION('',(-0.499988758117,9.562727680193E-05,-0.866031888911
    ));
#2589 = PCURVE('',#2544,#2590);
#2590 = DEFINITIONAL_REPRESENTATION('',(#2591),#2595);
#2591 = LINE('',#2592,#2593);
#2592 = CARTESIAN_POINT('',(-1.011864081782,7.1501));
#2593 = VECTOR('',#2594,1.);
#2594 = DIRECTION('',(0.5,-0.866025403784));
#2595 = ( GEOMETRIC_REPRESENTATION_CONTEXT(2) 
PARAMETRIC_REPRESENTATION_CONTEXT() REPRESENTATION_CONTEXT('2D SPACE',''
  ) );
#2596 = PCURVE('',#2464,#2597);
#2597 = DEFINITIONAL_REPRESENTATION('',(#2598),#2602);
#2598 = LINE('',#2599,#2600);
#2599 = CARTESIAN_POINT('',(-1.7526,-2.612215728014E-16));
#2600 = VECTOR('',#2601,1.);
#2601 = DIRECTION('',(-3.388131789017E-21,-1.));
#2602 = ( GEOMETRIC_REPRESENTATION_CONTEXT(2) 
PARAMETRIC_REPRESENTATION_CONTEXT() REPRESENTATION_CONTEXT('2D SPACE',''
  ) );
#2603 = ORIENTED_EDGE('',*,*,#2604,.T.);
#2604 = EDGE_CURVE('',#2582,#2605,#2607,.T.);
#2605 = VERTEX_POINT('',#2606);
#2606 = CARTESIAN_POINT('',(-0.503273020729,4.034357118988,
    -8.026748316524));
#2607 = SURFACE_CURVE('',#2608,(#2612,#2619),.PCURVE_S1.);
#2608 = LINE('',#2609,#2610);
#2609 = CARTESIAN_POINT('',(0.508591037415,4.034138796949,
    -8.026735192067));
#2610 = VECTOR('',#2611,1.);
#2611 = DIRECTION('',(-0.999999976639,2.157622180403E-04,
    -1.297057329236E-05));
#2612 = PCURVE('',#2544,#2613);
#2613 = DEFINITIONAL_REPRESENTATION('',(#2614),#2618);
#2614 = LINE('',#2615,#2616);
#2615 = CARTESIAN_POINT('',(-0.505932040891,6.2738));
#2616 = VECTOR('',#2617,1.);
#2617 = DIRECTION('',(1.,0.));
#2618 = ( GEOMETRIC_REPRESENTATION_CONTEXT(2) 
PARAMETRIC_REPRESENTATION_CONTEXT() REPRESENTATION_CONTEXT('2D SPACE',''
  ) );
#2619 = PCURVE('',#2436,#2620);
#2620 = DEFINITIONAL_REPRESENTATION('',(#2621),#2625);
#2621 = LINE('',#2622,#2623);
#2622 = CARTESIAN_POINT('',(-6.616731922435E-18,-1.7526));
#2623 = VECTOR('',#2624,1.);
#2624 = DIRECTION('',(1.,3.459928481247E-20));
#2625 = ( GEOMETRIC_REPRESENTATION_CONTEXT(2) 
PARAMETRIC_REPRESENTATION_CONTEXT() REPRESENTATION_CONTEXT('2D SPACE',''
  ) );
#2626 = ORIENTED_EDGE('',*,*,#2627,.T.);
#2627 = EDGE_CURVE('',#2605,#2628,#2630,.T.);
#2628 = VERTEX_POINT('',#2629);
#2629 = CARTESIAN_POINT('',(-1.009216413239,4.03447867922,
    -7.150454878914));
#2630 = SURFACE_CURVE('',#2631,(#2635,#2642),.PCURVE_S1.);
#2631 = LINE('',#2632,#2633);
#2632 = CARTESIAN_POINT('',(-0.503273020729,4.034357118988,
    -8.026748316524));
#2633 = VECTOR('',#2634,1.);
#2634 = DIRECTION('',(-0.500011218522,1.201349412384E-04,0.866018918338)
  );
#2635 = PCURVE('',#2544,#2636);
#2636 = DEFINITIONAL_REPRESENTATION('',(#2637),#2641);
#2637 = LINE('',#2638,#2639);
#2638 = CARTESIAN_POINT('',(0.505932040891,6.2738));
#2639 = VECTOR('',#2640,1.);
#2640 = DIRECTION('',(0.5,0.866025403784));
#2641 = ( GEOMETRIC_REPRESENTATION_CONTEXT(2) 
PARAMETRIC_REPRESENTATION_CONTEXT() REPRESENTATION_CONTEXT('2D SPACE',''
  ) );
#2642 = PCURVE('',#2408,#2643);
#2643 = DEFINITIONAL_REPRESENTATION('',(#2644),#2648);
#2644 = LINE('',#2645,#2646);
#2645 = CARTESIAN_POINT('',(1.7526,-1.20348474025E-15));
#2646 = VECTOR('',#2647,1.);
#2647 = DIRECTION('',(1.694065894509E-21,1.));
#2648 = ( GEOMETRIC_REPRESENTATION_CONTEXT(2) 
PARAMETRIC_REPRESENTATION_CONTEXT() REPRESENTATION_CONTEXT('2D SPACE',''
  ) );
#2649 = ORIENTED_EDGE('',*,*,#2650,.T.);
#2650 = EDGE_CURVE('',#2628,#2651,#2653,.T.);
#2651 = VERTEX_POINT('',#2652);
#2652 = CARTESIAN_POINT('',(-0.503295747606,4.034381917413,
    -6.274148316847));
#2653 = SURFACE_CURVE('',#2654,(#2658,#2665),.PCURVE_S1.);
#2654 = LINE('',#2655,#2656);
#2655 = CARTESIAN_POINT('',(-1.009216413239,4.03447867922,
    -7.150454878914));
#2656 = VECTOR('',#2657,1.);
#2657 = DIRECTION('',(0.499988758117,-9.562727680193E-05,0.866031888911)
  );
#2658 = PCURVE('',#2544,#2659);
#2659 = DEFINITIONAL_REPRESENTATION('',(#2660),#2664);
#2660 = LINE('',#2661,#2662);
#2661 = CARTESIAN_POINT('',(1.011864081782,7.1501));
#2662 = VECTOR('',#2663,1.);
#2663 = DIRECTION('',(-0.5,0.866025403784));
#2664 = ( GEOMETRIC_REPRESENTATION_CONTEXT(2) 
PARAMETRIC_REPRESENTATION_CONTEXT() REPRESENTATION_CONTEXT('2D SPACE',''
  ) );
#2665 = PCURVE('',#2380,#2666);
#2666 = DEFINITIONAL_REPRESENTATION('',(#2667),#2671);
#2667 = LINE('',#2668,#2669);
#2668 = CARTESIAN_POINT('',(1.7526,-2.612215728014E-16));
#2669 = VECTOR('',#2670,1.);
#2670 = DIRECTION('',(-3.388131789017E-21,1.));
#2671 = ( GEOMETRIC_REPRESENTATION_CONTEXT(2) 
PARAMETRIC_REPRESENTATION_CONTEXT() REPRESENTATION_CONTEXT('2D SPACE',''
  ) );
#2672 = ORIENTED_EDGE('',*,*,#2673,.T.);
#2673 = EDGE_CURVE('',#2651,#2529,#2674,.T.);
#2674 = SURFACE_CURVE('',#2675,(#2679,#2686),.PCURVE_S1.);
#2675 = LINE('',#2676,#2677);
#2676 = CARTESIAN_POINT('',(-0.503295747606,4.034381917413,
    -6.274148316847));
#2677 = VECTOR('',#2678,1.);
#2678 = DIRECTION('',(0.999999976639,-2.157622180403E-04,
    1.297057329236E-05));
#2679 = PCURVE('',#2544,#2680);
#2680 = DEFINITIONAL_REPRESENTATION('',(#2681),#2685);
#2681 = LINE('',#2682,#2683);
#2682 = CARTESIAN_POINT('',(0.505932040891,8.0264));
#2683 = VECTOR('',#2684,1.);
#2684 = DIRECTION('',(-1.,0.));
#2685 = ( GEOMETRIC_REPRESENTATION_CONTEXT(2) 
PARAMETRIC_REPRESENTATION_CONTEXT() REPRESENTATION_CONTEXT('2D SPACE',''
  ) );
#2686 = PCURVE('',#2352,#2687);
#2687 = DEFINITIONAL_REPRESENTATION('',(#2688),#2692);
#2688 = LINE('',#2689,#2690);
#2689 = CARTESIAN_POINT('',(1.7526,6.605211726345E-18));
#2690 = VECTOR('',#2691,1.);
#2691 = DIRECTION('',(3.459928481247E-20,1.));
#2692 = ( GEOMETRIC_REPRESENTATION_CONTEXT(2) 
PARAMETRIC_REPRESENTATION_CONTEXT() REPRESENTATION_CONTEXT('2D SPACE',''
  ) );
#2693 = ORIENTED_EDGE('',*,*,#2528,.T.);
#2694 = ADVANCED_FACE('',(#2695),#2464,.F.);
#2695 = FACE_BOUND('',#2696,.T.);
#2696 = EDGE_LOOP('',(#2697,#2718,#2719,#2720));
#2697 = ORIENTED_EDGE('',*,*,#2698,.T.);
#2698 = EDGE_CURVE('',#2421,#2582,#2699,.T.);
#2699 = SURFACE_CURVE('',#2700,(#2704,#2711),.PCURVE_S1.);
#2700 = LINE('',#2701,#2702);
#2701 = CARTESIAN_POINT('',(0.5089691826,5.786738755979,-8.026759985588)
  );
#2702 = VECTOR('',#2703,1.);
#2703 = DIRECTION('',(-2.157624015277E-04,-0.999999976623,
    1.414670842806E-05));
#2704 = PCURVE('',#2464,#2705);
#2705 = DEFINITIONAL_REPRESENTATION('',(#2706),#2710);
#2706 = LINE('',#2707,#2708);
#2707 = CARTESIAN_POINT('',(-6.031484448173E-16,-1.011864081782));
#2708 = VECTOR('',#2709,1.);
#2709 = DIRECTION('',(-1.,-3.388131789017E-21));
#2710 = ( GEOMETRIC_REPRESENTATION_CONTEXT(2) 
PARAMETRIC_REPRESENTATION_CONTEXT() REPRESENTATION_CONTEXT('2D SPACE',''
  ) );
#2711 = PCURVE('',#2436,#2712);
#2712 = DEFINITIONAL_REPRESENTATION('',(#2713),#2717);
#2713 = LINE('',#2714,#2715);
#2714 = CARTESIAN_POINT('',(0.,0.));
#2715 = VECTOR('',#2716,1.);
#2716 = DIRECTION('',(-3.459928481247E-20,-1.));
#2717 = ( GEOMETRIC_REPRESENTATION_CONTEXT(2) 
PARAMETRIC_REPRESENTATION_CONTEXT() REPRESENTATION_CONTEXT('2D SPACE',''
  ) );
#2718 = ORIENTED_EDGE('',*,*,#2581,.F.);
#2719 = ORIENTED_EDGE('',*,*,#2505,.F.);
#2720 = ORIENTED_EDGE('',*,*,#2448,.T.);
#2721 = ADVANCED_FACE('',(#2722),#2436,.F.);
#2722 = FACE_BOUND('',#2723,.T.);
#2723 = EDGE_LOOP('',(#2724,#2745,#2746,#2747));
#2724 = ORIENTED_EDGE('',*,*,#2725,.T.);
#2725 = EDGE_CURVE('',#2393,#2605,#2726,.T.);
#2726 = SURFACE_CURVE('',#2727,(#2731,#2738),.PCURVE_S1.);
#2727 = LINE('',#2728,#2729);
#2728 = CARTESIAN_POINT('',(-0.502894875544,5.786957078018,
    -8.026773110045));
#2729 = VECTOR('',#2730,1.);
#2730 = DIRECTION('',(-2.157624015277E-04,-0.999999976623,
    1.414670842806E-05));
#2731 = PCURVE('',#2436,#2732);
#2732 = DEFINITIONAL_REPRESENTATION('',(#2733),#2737);
#2733 = LINE('',#2734,#2735);
#2734 = CARTESIAN_POINT('',(1.011864081782,7.923884777669E-16));
#2735 = VECTOR('',#2736,1.);
#2736 = DIRECTION('',(-3.459928481247E-20,-1.));
#2737 = ( GEOMETRIC_REPRESENTATION_CONTEXT(2) 
PARAMETRIC_REPRESENTATION_CONTEXT() REPRESENTATION_CONTEXT('2D SPACE',''
  ) );
#2738 = PCURVE('',#2408,#2739);
#2739 = DEFINITIONAL_REPRESENTATION('',(#2740),#2744);
#2740 = LINE('',#2741,#2742);
#2741 = CARTESIAN_POINT('',(0.,0.));
#2742 = VECTOR('',#2743,1.);
#2743 = DIRECTION('',(1.,-8.470329472543E-21));
#2744 = ( GEOMETRIC_REPRESENTATION_CONTEXT(2) 
PARAMETRIC_REPRESENTATION_CONTEXT() REPRESENTATION_CONTEXT('2D SPACE',''
  ) );
#2745 = ORIENTED_EDGE('',*,*,#2604,.F.);
#2746 = ORIENTED_EDGE('',*,*,#2698,.F.);
#2747 = ORIENTED_EDGE('',*,*,#2420,.T.);
#2748 = ADVANCED_FACE('',(#2749),#2408,.F.);
#2749 = FACE_BOUND('',#2750,.T.);
#2750 = EDGE_LOOP('',(#2751,#2772,#2773,#2774));
#2751 = ORIENTED_EDGE('',*,*,#2752,.T.);
#2752 = EDGE_CURVE('',#2365,#2628,#2753,.T.);
#2753 = SURFACE_CURVE('',#2754,(#2758,#2765),.PCURVE_S1.);
#2754 = LINE('',#2755,#2756);
#2755 = CARTESIAN_POINT('',(-1.008838268054,5.78707863825,
    -7.150479672435));
#2756 = VECTOR('',#2757,1.);
#2757 = DIRECTION('',(-2.157624015277E-04,-0.999999976623,
    1.414670842806E-05));
#2758 = PCURVE('',#2408,#2759);
#2759 = DEFINITIONAL_REPRESENTATION('',(#2760),#2764);
#2760 = LINE('',#2761,#2762);
#2761 = CARTESIAN_POINT('',(4.215327224647E-16,1.011864081782));
#2762 = VECTOR('',#2763,1.);
#2763 = DIRECTION('',(1.,-8.470329472543E-21));
#2764 = ( GEOMETRIC_REPRESENTATION_CONTEXT(2) 
PARAMETRIC_REPRESENTATION_CONTEXT() REPRESENTATION_CONTEXT('2D SPACE',''
  ) );
#2765 = PCURVE('',#2380,#2766);
#2766 = DEFINITIONAL_REPRESENTATION('',(#2767),#2771);
#2767 = LINE('',#2768,#2769);
#2768 = CARTESIAN_POINT('',(0.,0.));
#2769 = VECTOR('',#2770,1.);
#2770 = DIRECTION('',(1.,-3.388131789017E-21));
#2771 = ( GEOMETRIC_REPRESENTATION_CONTEXT(2) 
PARAMETRIC_REPRESENTATION_CONTEXT() REPRESENTATION_CONTEXT('2D SPACE',''
  ) );
#2772 = ORIENTED_EDGE('',*,*,#2627,.F.);
#2773 = ORIENTED_EDGE('',*,*,#2725,.F.);
#2774 = ORIENTED_EDGE('',*,*,#2392,.T.);
#2775 = ADVANCED_FACE('',(#2776),#2380,.F.);
#2776 = FACE_BOUND('',#2777,.T.);
#2777 = EDGE_LOOP('',(#2778,#2799,#2800,#2801));
#2778 = ORIENTED_EDGE('',*,*,#2779,.T.);
#2779 = EDGE_CURVE('',#2335,#2651,#2780,.T.);
#2780 = SURFACE_CURVE('',#2781,(#2785,#2792),.PCURVE_S1.);
#2781 = LINE('',#2782,#2783);
#2782 = CARTESIAN_POINT('',(-0.502917602421,5.786981876443,
    -6.274173110368));
#2783 = VECTOR('',#2784,1.);
#2784 = DIRECTION('',(-2.157624015277E-04,-0.999999976623,
    1.414670842806E-05));
#2785 = PCURVE('',#2380,#2786);
#2786 = DEFINITIONAL_REPRESENTATION('',(#2787),#2791);
#2787 = LINE('',#2788,#2789);
#2788 = CARTESIAN_POINT('',(-6.030112254798E-16,1.011864081782));
#2789 = VECTOR('',#2790,1.);
#2790 = DIRECTION('',(1.,-3.388131789017E-21));
#2791 = ( GEOMETRIC_REPRESENTATION_CONTEXT(2) 
PARAMETRIC_REPRESENTATION_CONTEXT() REPRESENTATION_CONTEXT('2D SPACE',''
  ) );
#2792 = PCURVE('',#2352,#2793);
#2793 = DEFINITIONAL_REPRESENTATION('',(#2794),#2798);
#2794 = LINE('',#2795,#2796);
#2795 = CARTESIAN_POINT('',(0.,0.));
#2796 = VECTOR('',#2797,1.);
#2797 = DIRECTION('',(1.,3.459928481247E-20));
#2798 = ( GEOMETRIC_REPRESENTATION_CONTEXT(2) 
PARAMETRIC_REPRESENTATION_CONTEXT() REPRESENTATION_CONTEXT('2D SPACE',''
  ) );
#2799 = ORIENTED_EDGE('',*,*,#2650,.F.);
#2800 = ORIENTED_EDGE('',*,*,#2752,.F.);
#2801 = ORIENTED_EDGE('',*,*,#2364,.T.);
#2802 = ADVANCED_FACE('',(#2803),#2352,.F.);
#2803 = FACE_BOUND('',#2804,.T.);
#2804 = EDGE_LOOP('',(#2805,#2806,#2807,#2808));
#2805 = ORIENTED_EDGE('',*,*,#2556,.T.);
#2806 = ORIENTED_EDGE('',*,*,#2673,.F.);
#2807 = ORIENTED_EDGE('',*,*,#2779,.F.);
#2808 = ORIENTED_EDGE('',*,*,#2334,.T.);
#2809 = ADVANCED_FACE('',(#2810),#2118,.T.);
#2810 = FACE_BOUND('',#2811,.T.);
#2811 = EDGE_LOOP('',(#2812,#2835,#2859,#2887,#2916,#2937,#2938));
#2812 = ORIENTED_EDGE('',*,*,#2813,.F.);
#2813 = EDGE_CURVE('',#2814,#164,#2816,.T.);
#2814 = VERTEX_POINT('',#2815);
#2815 = CARTESIAN_POINT('',(-1.722800668838,7.644413251896,
    -12.61151521213));
#2816 = SURFACE_CURVE('',#2817,(#2821,#2828),.PCURVE_S1.);
#2817 = LINE('',#2818,#2819);
#2818 = CARTESIAN_POINT('',(-1.722800668838,7.644413251896,
    -12.61151521213));
#2819 = VECTOR('',#2820,1.);
#2820 = DIRECTION('',(-1.296752066396E-05,1.414950665963E-05,
    0.999999999816));
#2821 = PCURVE('',#2118,#2822);
#2822 = DEFINITIONAL_REPRESENTATION('',(#2823),#2827);
#2823 = LINE('',#2824,#2825);
#2824 = CARTESIAN_POINT('',(4.490260518313,-1.6891));
#2825 = VECTOR('',#2826,1.);
#2826 = DIRECTION('',(0.,-1.));
#2827 = ( GEOMETRIC_REPRESENTATION_CONTEXT(2) 
PARAMETRIC_REPRESENTATION_CONTEXT() REPRESENTATION_CONTEXT('2D SPACE',''
  ) );
#2828 = PCURVE('',#289,#2829);
#2829 = DEFINITIONAL_REPRESENTATION('',(#2830),#2834);
#2830 = LINE('',#2831,#2832);
#2831 = CARTESIAN_POINT('',(4.934517442457,0.));
#2832 = VECTOR('',#2833,1.);
#2833 = DIRECTION('',(0.,1.));
#2834 = ( GEOMETRIC_REPRESENTATION_CONTEXT(2) 
PARAMETRIC_REPRESENTATION_CONTEXT() REPRESENTATION_CONTEXT('2D SPACE',''
  ) );
#2835 = ORIENTED_EDGE('',*,*,#2836,.T.);
#2836 = EDGE_CURVE('',#2814,#2837,#2839,.T.);
#2837 = VERTEX_POINT('',#2838);
#2838 = CARTESIAN_POINT('',(-3.09265890719,7.199646073483,
    -12.61152668256));
#2839 = SURFACE_CURVE('',#2840,(#2845,#2852),.PCURVE_S1.);
#2840 = CIRCLE('',#2841,7.8359);
#2841 = AXIS2_PLACEMENT_3D('',#2842,#2843,#2844);
#2842 = CARTESIAN_POINT('',(1.84817857334E-03,6.631810159544E-04,
    -12.61138469241));
#2843 = DIRECTION('',(-1.296752066396E-05,1.414950665963E-05,
    0.999999999816));
#2844 = DIRECTION('',(-0.220095821464,0.975478256599,-1.665663320402E-05
    ));
#2845 = PCURVE('',#2118,#2846);
#2846 = DEFINITIONAL_REPRESENTATION('',(#2847),#2851);
#2847 = LINE('',#2848,#2849);
#2848 = CARTESIAN_POINT('',(4.490260518313,-1.6891));
#2849 = VECTOR('',#2850,1.);
#2850 = DIRECTION('',(-1.,0.));
#2851 = ( GEOMETRIC_REPRESENTATION_CONTEXT(2) 
PARAMETRIC_REPRESENTATION_CONTEXT() REPRESENTATION_CONTEXT('2D SPACE',''
  ) );
#2852 = PCURVE('',#72,#2853);
#2853 = DEFINITIONAL_REPRESENTATION('',(#2854),#2858);
#2854 = CIRCLE('',#2855,7.8359);
#2855 = AXIS2_PLACEMENT_2D('',#2856,#2857);
#2856 = CARTESIAN_POINT('',(0.,0.));
#2857 = DIRECTION('',(-0.975430745628,-0.220306287891));
#2858 = ( GEOMETRIC_REPRESENTATION_CONTEXT(2) 
PARAMETRIC_REPRESENTATION_CONTEXT() REPRESENTATION_CONTEXT('2D SPACE',''
  ) );
#2859 = ORIENTED_EDGE('',*,*,#2860,.T.);
#2860 = EDGE_CURVE('',#2837,#2861,#2863,.T.);
#2861 = VERTEX_POINT('',#2862);
#2862 = CARTESIAN_POINT('',(-3.09280053845,7.199800614394,
    -1.689526684572));
#2863 = SURFACE_CURVE('',#2864,(#2868,#2875),.PCURVE_S1.);
#2864 = LINE('',#2865,#2866);
#2865 = CARTESIAN_POINT('',(-3.09265890719,7.199646073483,
    -12.61152668256));
#2866 = VECTOR('',#2867,1.);
#2867 = DIRECTION('',(-1.296752066396E-05,1.414950665963E-05,
    0.999999999816));
#2868 = PCURVE('',#2118,#2869);
#2869 = DEFINITIONAL_REPRESENTATION('',(#2870),#2874);
#2870 = LINE('',#2871,#2872);
#2871 = CARTESIAN_POINT('',(4.306198911738,-1.6891));
#2872 = VECTOR('',#2873,1.);
#2873 = DIRECTION('',(0.,-1.));
#2874 = ( GEOMETRIC_REPRESENTATION_CONTEXT(2) 
PARAMETRIC_REPRESENTATION_CONTEXT() REPRESENTATION_CONTEXT('2D SPACE',''
  ) );
#2875 = PCURVE('',#2876,#2881);
#2876 = CYLINDRICAL_SURFACE('',#2877,0.6096);
#2877 = AXIS2_PLACEMENT_3D('',#2878,#2879,#2880);
#2878 = CARTESIAN_POINT('',(-2.851919295979,6.639595540519,
    -12.61151563632));
#2879 = DIRECTION('',(-1.296752066396E-05,1.414950665963E-05,
    0.999999999816));
#2880 = DIRECTION('',(-0.809143797433,-0.587610683251,
    -2.178187637803E-06));
#2881 = DEFINITIONAL_REPRESENTATION('',(#2882),#2886);
#2882 = LINE('',#2883,#2884);
#2883 = CARTESIAN_POINT('',(4.490260518313,0.));
#2884 = VECTOR('',#2885,1.);
#2885 = DIRECTION('',(0.,1.));
#2886 = ( GEOMETRIC_REPRESENTATION_CONTEXT(2) 
PARAMETRIC_REPRESENTATION_CONTEXT() REPRESENTATION_CONTEXT('2D SPACE',''
  ) );
#2887 = ORIENTED_EDGE('',*,*,#2888,.F.);
#2888 = EDGE_CURVE('',#2889,#2861,#2891,.T.);
#2889 = VERTEX_POINT('',#2890);
#2890 = CARTESIAN_POINT('',(-1.722942300099,7.644567792808,
    -1.689515214143));
#2891 = SURFACE_CURVE('',#2892,(#2897,#2904),.PCURVE_S1.);
#2892 = CIRCLE('',#2893,7.8359);
#2893 = AXIS2_PLACEMENT_3D('',#2894,#2895,#2896);
#2894 = CARTESIAN_POINT('',(1.706547312648E-03,8.177219276909E-04,
    -1.689384694431));
#2895 = DIRECTION('',(-1.296752066396E-05,1.414950665963E-05,
    0.999999999816));
#2896 = DIRECTION('',(-0.220095821464,0.975478256599,-1.665663320402E-05
    ));
#2897 = PCURVE('',#2118,#2898);
#2898 = DEFINITIONAL_REPRESENTATION('',(#2899),#2903);
#2899 = LINE('',#2900,#2901);
#2900 = CARTESIAN_POINT('',(4.490260518313,-12.6111));
#2901 = VECTOR('',#2902,1.);
#2902 = DIRECTION('',(-1.,0.));
#2903 = ( GEOMETRIC_REPRESENTATION_CONTEXT(2) 
PARAMETRIC_REPRESENTATION_CONTEXT() REPRESENTATION_CONTEXT('2D SPACE',''
  ) );
#2904 = PCURVE('',#2905,#2910);
#2905 = PLANE('',#2906);
#2906 = AXIS2_PLACEMENT_3D('',#2907,#2908,#2909);
#2907 = CARTESIAN_POINT('',(1.706547312648E-03,8.177219276909E-04,
    -1.689384694431));
#2908 = DIRECTION('',(-1.296752066396E-05,1.414950665963E-05,
    0.999999999816));
#2909 = DIRECTION('',(-2.157624015277E-04,-0.999999976623,
    1.414670842806E-05));
#2910 = DEFINITIONAL_REPRESENTATION('',(#2911),#2915);
#2911 = CIRCLE('',#2912,7.8359);
#2912 = AXIS2_PLACEMENT_2D('',#2913,#2914);
#2913 = CARTESIAN_POINT('',(0.,0.));
#2914 = DIRECTION('',(-0.975430745628,-0.220306287891));
#2915 = ( GEOMETRIC_REPRESENTATION_CONTEXT(2) 
PARAMETRIC_REPRESENTATION_CONTEXT() REPRESENTATION_CONTEXT('2D SPACE',''
  ) );
#2916 = ORIENTED_EDGE('',*,*,#2917,.F.);
#2917 = EDGE_CURVE('',#1854,#2889,#2918,.T.);
#2918 = SURFACE_CURVE('',#2919,(#2923,#2930),.PCURVE_S1.);
#2919 = LINE('',#2920,#2921);
#2920 = CARTESIAN_POINT('',(-1.722875407049,7.644494802474,
    -6.848022514674));
#2921 = VECTOR('',#2922,1.);
#2922 = DIRECTION('',(-1.296752066396E-05,1.414950665963E-05,
    0.999999999816));
#2923 = PCURVE('',#2118,#2924);
#2924 = DEFINITIONAL_REPRESENTATION('',(#2925),#2929);
#2925 = LINE('',#2926,#2927);
#2926 = CARTESIAN_POINT('',(4.490260518313,-7.452592698519));
#2927 = VECTOR('',#2928,1.);
#2928 = DIRECTION('',(0.,-1.));
#2929 = ( GEOMETRIC_REPRESENTATION_CONTEXT(2) 
PARAMETRIC_REPRESENTATION_CONTEXT() REPRESENTATION_CONTEXT('2D SPACE',''
  ) );
#2930 = PCURVE('',#1977,#2931);
#2931 = DEFINITIONAL_REPRESENTATION('',(#2932),#2936);
#2932 = LINE('',#2933,#2934);
#2933 = CARTESIAN_POINT('',(4.934517442457,5.763492698519));
#2934 = VECTOR('',#2935,1.);
#2935 = DIRECTION('',(0.,1.));
#2936 = ( GEOMETRIC_REPRESENTATION_CONTEXT(2) 
PARAMETRIC_REPRESENTATION_CONTEXT() REPRESENTATION_CONTEXT('2D SPACE',''
  ) );
#2937 = ORIENTED_EDGE('',*,*,#2077,.T.);
#2938 = ORIENTED_EDGE('',*,*,#2202,.T.);
#2939 = ADVANCED_FACE('',(#2940,#2975),#2905,.F.);
#2940 = FACE_BOUND('',#2941,.T.);
#2941 = EDGE_LOOP('',(#2942));
#2942 = ORIENTED_EDGE('',*,*,#2943,.T.);
#2943 = EDGE_CURVE('',#2944,#2944,#2946,.T.);
#2944 = VERTEX_POINT('',#2945);
#2945 = CARTESIAN_POINT('',(-2.733095424136E-04,-9.175279664645,
    -1.689254882854));
#2946 = SURFACE_CURVE('',#2947,(#2952,#2963),.PCURVE_S1.);
#2947 = CIRCLE('',#2948,9.1760976);
#2948 = AXIS2_PLACEMENT_3D('',#2949,#2950,#2951);
#2949 = CARTESIAN_POINT('',(1.706547312648E-03,8.177219276909E-04,
    -1.689384694431));
#2950 = DIRECTION('',(1.296752066396E-05,-1.414950665963E-05,
    -0.999999999816));
#2951 = DIRECTION('',(-2.157624015277E-04,-0.999999976623,
    1.414670842806E-05));
#2952 = PCURVE('',#2905,#2953);
#2953 = DEFINITIONAL_REPRESENTATION('',(#2954),#2962);
#2954 = ( BOUNDED_CURVE() B_SPLINE_CURVE(2,(#2955,#2956,#2957,#2958,
#2959,#2960,#2961),.UNSPECIFIED.,.T.,.F.) B_SPLINE_CURVE_WITH_KNOTS((1,2
    ,2,2,2,1),(-2.094395102393,0.,2.094395102393,4.188790204786,
6.28318530718,8.377580409573),.UNSPECIFIED.) CURVE() 
GEOMETRIC_REPRESENTATION_ITEM() RATIONAL_B_SPLINE_CURVE((1.,0.5,1.,0.5,
1.,0.5,1.)) REPRESENTATION_ITEM('') );
#2955 = CARTESIAN_POINT('',(9.1760976,3.174861771329E-19));
#2956 = CARTESIAN_POINT('',(9.1760976,-15.89346725841));
#2957 = CARTESIAN_POINT('',(-4.5880488,-7.946733629205));
#2958 = CARTESIAN_POINT('',(-18.3521952,-2.248130683255E-15));
#2959 = CARTESIAN_POINT('',(-4.5880488,7.946733629205));
#2960 = CARTESIAN_POINT('',(9.1760976,15.893467258411));
#2961 = CARTESIAN_POINT('',(9.1760976,3.174861771329E-19));
#2962 = ( GEOMETRIC_REPRESENTATION_CONTEXT(2) 
PARAMETRIC_REPRESENTATION_CONTEXT() REPRESENTATION_CONTEXT('2D SPACE',''
  ) );
#2963 = PCURVE('',#2964,#2969);
#2964 = TOROIDAL_SURFACE('',#2965,9.1760976,2.3622);
#2965 = AXIS2_PLACEMENT_3D('',#2966,#2967,#2968);
#2966 = CARTESIAN_POINT('',(1.675915435336E-03,8.511458923222E-04,
    0.672815305134));
#2967 = DIRECTION('',(-1.296752066396E-05,1.414950665963E-05,
    0.999999999816));
#2968 = DIRECTION('',(3.877948153915E-04,-0.999999924707,
    1.415453433416E-05));
#2969 = DEFINITIONAL_REPRESENTATION('',(#2970),#2974);
#2970 = LINE('',#2971,#2972);
#2971 = CARTESIAN_POINT('',(6.282581749951,4.712388980385));
#2972 = VECTOR('',#2973,1.);
#2973 = DIRECTION('',(-1.,0.));
#2974 = ( GEOMETRIC_REPRESENTATION_CONTEXT(2) 
PARAMETRIC_REPRESENTATION_CONTEXT() REPRESENTATION_CONTEXT('2D SPACE',''
  ) );
#2975 = FACE_BOUND('',#2976,.T.);
#2976 = EDGE_LOOP('',(#2977,#3012,#3040,#3073,#3101,#3134,#3162,#3195,
    #3224,#3257,#3285,#3318,#3346,#3379,#3407,#3440,#3464,#3492,#3515,
    #3543,#3566,#3594,#3617,#3643,#3644,#3672,#3700,#3733,#3761,#3794,
    #3822,#3855,#3884,#3917,#3945,#3978,#4006,#4039,#4067,#4100,#4129,
    #4162,#4190,#4223,#4251,#4284,#4312,#4345,#4374,#4407,#4435,#4468,
    #4496,#4529,#4557,#4590,#4619,#4652,#4680,#4713,#4741,#4774,#4802,
    #4835,#4864,#4897,#4925,#4958,#4986,#5019,#5047,#5080,#5109,#5142,
    #5170,#5203,#5231,#5264,#5292,#5325));
#2977 = ORIENTED_EDGE('',*,*,#2978,.F.);
#2978 = EDGE_CURVE('',#2979,#2981,#2983,.T.);
#2979 = VERTEX_POINT('',#2980);
#2980 = CARTESIAN_POINT('',(7.271991175658,1.268409042702,
    -1.689308352657));
#2981 = VERTEX_POINT('',#2982);
#2982 = CARTESIAN_POINT('',(7.804601417253,0.719260795786,
    -1.689293675846));
#2983 = SURFACE_CURVE('',#2984,(#2989,#3000),.PCURVE_S1.);
#2984 = CIRCLE('',#2985,0.6096);
#2985 = AXIS2_PLACEMENT_3D('',#2986,#2987,#2988);
#2986 = CARTESIAN_POINT('',(7.19756907729,0.663368952115,-1.689300756708
    ));
#2987 = DIRECTION('',(1.296752066396E-05,-1.414950665963E-05,
    -0.999999999816));
#2988 = DIRECTION('',(0.122083494699,0.992519833639,-1.246054575794E-05)
  );
#2989 = PCURVE('',#2905,#2990);
#2990 = DEFINITIONAL_REPRESENTATION('',(#2991),#2999);
#2991 = ( BOUNDED_CURVE() B_SPLINE_CURVE(2,(#2992,#2993,#2994,#2995,
#2996,#2997,#2998),.UNSPECIFIED.,.T.,.F.) B_SPLINE_CURVE_WITH_KNOTS((1,2
    ,2,2,2,1),(-2.094395102393,0.,2.094395102393,4.188790204786,
6.28318530718,8.377580409573),.UNSPECIFIED.) CURVE() 
GEOMETRIC_REPRESENTATION_ITEM() RATIONAL_B_SPLINE_CURVE((1.,0.5,1.,0.5,
1.,0.5,1.)) REPRESENTATION_ITEM('') );
#2992 = CARTESIAN_POINT('',(-1.269159944133,7.270010961182));
#2993 = CARTESIAN_POINT('',(-1.140483201946,8.317998926771));
#2994 = CARTESIAN_POINT('',(-0.297237371979,7.682567616367));
#2995 = CARTESIAN_POINT('',(0.546008457989,7.047136305963));
#2996 = CARTESIAN_POINT('',(-0.425914114165,6.634579650777));
#2997 = CARTESIAN_POINT('',(-1.397836686319,6.222022995592));
#2998 = CARTESIAN_POINT('',(-1.269159944133,7.270010961182));
#2999 = ( GEOMETRIC_REPRESENTATION_CONTEXT(2) 
PARAMETRIC_REPRESENTATION_CONTEXT() REPRESENTATION_CONTEXT('2D SPACE',''
  ) );
#3000 = PCURVE('',#3001,#3006);
#3001 = CYLINDRICAL_SURFACE('',#3002,0.6096);
#3002 = AXIS2_PLACEMENT_3D('',#3003,#3004,#3005);
#3003 = CARTESIAN_POINT('',(7.197710708551,0.663214411203,
    -12.61130075469));
#3004 = DIRECTION('',(-1.296752066396E-05,1.414950665963E-05,
    0.999999999816));
#3005 = DIRECTION('',(-0.308811784918,0.951123168255,-1.746244680876E-05
    ));
#3006 = DEFINITIONAL_REPRESENTATION('',(#3007),#3011);
#3007 = LINE('',#3008,#3009);
#3008 = CARTESIAN_POINT('',(5.846852994181,10.922));
#3009 = VECTOR('',#3010,1.);
#3010 = DIRECTION('',(-1.,0.));
#3011 = ( GEOMETRIC_REPRESENTATION_CONTEXT(2) 
PARAMETRIC_REPRESENTATION_CONTEXT() REPRESENTATION_CONTEXT('2D SPACE',''
  ) );
#3012 = ORIENTED_EDGE('',*,*,#3013,.T.);
#3013 = EDGE_CURVE('',#2979,#3014,#3016,.T.);
#3014 = VERTEX_POINT('',#3015);
#3015 = CARTESIAN_POINT('',(6.707442047578,1.337850607541,
    -1.689316656023));
#3016 = SURFACE_CURVE('',#3017,(#3021,#3028),.PCURVE_S1.);
#3017 = LINE('',#3018,#3019);
#3018 = CARTESIAN_POINT('',(7.271991175658,1.268409042702,
    -1.689308352657));
#3019 = VECTOR('',#3020,1.);
#3020 = DIRECTION('',(-0.992519833632,0.122083494515,-1.459794267339E-05
    ));
#3021 = PCURVE('',#2905,#3022);
#3022 = DEFINITIONAL_REPRESENTATION('',(#3023),#3027);
#3023 = LINE('',#3024,#3025);
#3024 = CARTESIAN_POINT('',(-1.269159944133,7.270010961181));
#3025 = VECTOR('',#3026,1.);
#3026 = DIRECTION('',(-0.121869343405,-0.992546151641));
#3027 = ( GEOMETRIC_REPRESENTATION_CONTEXT(2) 
PARAMETRIC_REPRESENTATION_CONTEXT() REPRESENTATION_CONTEXT('2D SPACE',''
  ) );
#3028 = PCURVE('',#3029,#3034);
#3029 = PLANE('',#3030);
#3030 = AXIS2_PLACEMENT_3D('',#3031,#3032,#3033);
#3031 = CARTESIAN_POINT('',(7.272132806919,1.26825450179,-12.61130835064
    ));
#3032 = DIRECTION('',(-0.122083494699,-0.992519833639,1.246054575794E-05
    ));
#3033 = DIRECTION('',(-1.296752066396E-05,1.414950665963E-05,
    0.999999999816));
#3034 = DEFINITIONAL_REPRESENTATION('',(#3035),#3039);
#3035 = LINE('',#3036,#3037);
#3036 = CARTESIAN_POINT('',(10.922,7.779150587583E-17));
#3037 = VECTOR('',#3038,1.);
#3038 = DIRECTION('',(-3.388131789017E-21,1.));
#3039 = ( GEOMETRIC_REPRESENTATION_CONTEXT(2) 
PARAMETRIC_REPRESENTATION_CONTEXT() REPRESENTATION_CONTEXT('2D SPACE',''
  ) );
#3040 = ORIENTED_EDGE('',*,*,#3041,.T.);
#3041 = EDGE_CURVE('',#3014,#3042,#3044,.T.);
#3042 = VERTEX_POINT('',#3043);
#3043 = CARTESIAN_POINT('',(6.202059462537,1.754639033937,
    -1.689329106933));
#3044 = SURFACE_CURVE('',#3045,(#3050,#3061),.PCURVE_S1.);
#3045 = CIRCLE('',#3046,0.6096);
#3046 = AXIS2_PLACEMENT_3D('',#3047,#3048,#3049);
#3047 = CARTESIAN_POINT('',(6.781864145949,1.942890698127,
    -1.689324251972));
#3048 = DIRECTION('',(1.296752066396E-05,-1.414950665963E-05,
    -0.999999999816));
#3049 = DIRECTION('',(-0.122083494699,-0.992519833639,1.246054575794E-05
    ));
#3050 = PCURVE('',#2905,#3051);
#3051 = DEFINITIONAL_REPRESENTATION('',(#3052),#3060);
#3052 = ( BOUNDED_CURVE() B_SPLINE_CURVE(2,(#3053,#3054,#3055,#3056,
#3057,#3058,#3059),.UNSPECIFIED.,.T.,.F.) B_SPLINE_CURVE_WITH_KNOTS((1,2
    ,2,2,2,1),(-2.094395102393,0.,2.094395102393,4.188790204786,
6.28318530718,8.377580409573),.UNSPECIFIED.) CURVE() 
GEOMETRIC_REPRESENTATION_ITEM() RATIONAL_B_SPLINE_CURVE((1.,0.5,1.,0.5,
1.,0.5,1.)) REPRESENTATION_ITEM('') );
#3053 = CARTESIAN_POINT('',(-1.33847969899,6.705446863318));
#3054 = CARTESIAN_POINT('',(-1.467156441177,5.657458897729));
#3055 = CARTESIAN_POINT('',(-2.310402271144,6.292890208133));
#3056 = CARTESIAN_POINT('',(-3.153648101112,6.928321518537));
#3057 = CARTESIAN_POINT('',(-2.181725528958,7.340878173723));
#3058 = CARTESIAN_POINT('',(-1.209802956804,7.753434828908));
#3059 = CARTESIAN_POINT('',(-1.33847969899,6.705446863318));
#3060 = ( GEOMETRIC_REPRESENTATION_CONTEXT(2) 
PARAMETRIC_REPRESENTATION_CONTEXT() REPRESENTATION_CONTEXT('2D SPACE',''
  ) );
#3061 = PCURVE('',#3062,#3067);
#3062 = CYLINDRICAL_SURFACE('',#3063,0.6096);
#3063 = AXIS2_PLACEMENT_3D('',#3064,#3065,#3066);
#3064 = CARTESIAN_POINT('',(6.78200577721,1.942736157215,-12.61132424996
    ));
#3065 = DIRECTION('',(-1.296752066396E-05,1.414950665963E-05,
    0.999999999816));
#3066 = DIRECTION('',(-0.308811784918,0.951123168255,-1.746244680876E-05
    ));
#3067 = DEFINITIONAL_REPRESENTATION('',(#3068),#3072);
#3068 = LINE('',#3069,#3070);
#3069 = CARTESIAN_POINT('',(2.705260340591,10.922));
#3070 = VECTOR('',#3071,1.);
#3071 = DIRECTION('',(-1.,0.));
#3072 = ( GEOMETRIC_REPRESENTATION_CONTEXT(2) 
PARAMETRIC_REPRESENTATION_CONTEXT() REPRESENTATION_CONTEXT('2D SPACE',''
  ) );
#3073 = ORIENTED_EDGE('',*,*,#3074,.T.);
#3074 = EDGE_CURVE('',#3042,#3075,#3077,.T.);
#3075 = VERTEX_POINT('',#3076);
#3076 = CARTESIAN_POINT('',(6.049727569165,2.223812815919,
    -1.689337720877));
#3077 = SURFACE_CURVE('',#3078,(#3082,#3089),.PCURVE_S1.);
#3078 = LINE('',#3079,#3080);
#3079 = CARTESIAN_POINT('',(6.202059462537,1.754639033937,
    -1.689329106933));
#3080 = VECTOR('',#3081,1.);
#3081 = DIRECTION('',(-0.308811784918,0.951123168255,-1.746244680876E-05
    ));
#3082 = PCURVE('',#2905,#3083);
#3083 = DEFINITIONAL_REPRESENTATION('',(#3084),#3088);
#3084 = LINE('',#3085,#3086);
#3085 = CARTESIAN_POINT('',(-1.75515907326,6.199974362724));
#3086 = VECTOR('',#3087,1.);
#3087 = DIRECTION('',(-0.951056516295,-0.309016994375));
#3088 = ( GEOMETRIC_REPRESENTATION_CONTEXT(2) 
PARAMETRIC_REPRESENTATION_CONTEXT() REPRESENTATION_CONTEXT('2D SPACE',''
  ) );
#3089 = PCURVE('',#3090,#3095);
#3090 = PLANE('',#3091);
#3091 = AXIS2_PLACEMENT_3D('',#3092,#3093,#3094);
#3092 = CARTESIAN_POINT('',(6.202201093798,1.754484493026,
    -12.61132910492));
#3093 = DIRECTION('',(-0.951123168327,-0.308811785088,
    -7.964174931045E-06));
#3094 = DIRECTION('',(-1.296752066396E-05,1.414950665963E-05,
    0.999999999816));
#3095 = DEFINITIONAL_REPRESENTATION('',(#3096),#3100);
#3096 = LINE('',#3097,#3098);
#3097 = CARTESIAN_POINT('',(10.922,7.852334234226E-17));
#3098 = VECTOR('',#3099,1.);
#3099 = DIRECTION('',(3.388131789017E-21,1.));
#3100 = ( GEOMETRIC_REPRESENTATION_CONTEXT(2) 
PARAMETRIC_REPRESENTATION_CONTEXT() REPRESENTATION_CONTEXT('2D SPACE',''
  ) );
#3101 = ORIENTED_EDGE('',*,*,#3102,.T.);
#3102 = EDGE_CURVE('',#3075,#3103,#3105,.T.);
#3103 = VERTEX_POINT('',#3104);
#3104 = CARTESIAN_POINT('',(6.213882256039,2.857987388516,
    -1.689344565455));
#3105 = SURFACE_CURVE('',#3106,(#3111,#3122),.PCURVE_S1.);
#3106 = CIRCLE('',#3107,0.6096);
#3107 = AXIS2_PLACEMENT_3D('',#3108,#3109,#3110);
#3108 = CARTESIAN_POINT('',(6.629532252575,2.412064480109,
    -1.689332865916));
#3109 = DIRECTION('',(1.296752066396E-05,-1.414950665963E-05,
    -0.999999999816));
#3110 = DIRECTION('',(-0.951123168327,-0.308811785088,
    -7.964174931045E-06));
#3111 = PCURVE('',#2905,#3112);
#3112 = DEFINITIONAL_REPRESENTATION('',(#3113),#3121);
#3113 = ( BOUNDED_CURVE() B_SPLINE_CURVE(2,(#3114,#3115,#3116,#3117,
#3118,#3119,#3120),.UNSPECIFIED.,.T.,.F.) B_SPLINE_CURVE_WITH_KNOTS((1,2
    ,2,2,2,1),(-2.094395102393,0.,2.094395102393,4.188790204786,
6.28318530718,8.377580409573),.UNSPECIFIED.) CURVE() 
GEOMETRIC_REPRESENTATION_ITEM() RATIONAL_B_SPLINE_CURVE((1.,0.5,1.,0.5,
1.,0.5,1.)) REPRESENTATION_ITEM('') );
#3114 = CARTESIAN_POINT('',(-2.224299976901,6.047541242821));
#3115 = CARTESIAN_POINT('',(-3.228480771945,5.721263123933));
#3116 = CARTESIAN_POINT('',(-3.008955514079,6.754048261877));
#3117 = CARTESIAN_POINT('',(-2.789430256214,7.786833399822));
#3118 = CARTESIAN_POINT('',(-2.004774719036,7.080326380766));
#3119 = CARTESIAN_POINT('',(-1.220119181857,6.37381936171));
#3120 = CARTESIAN_POINT('',(-2.224299976901,6.047541242821));
#3121 = ( GEOMETRIC_REPRESENTATION_CONTEXT(2) 
PARAMETRIC_REPRESENTATION_CONTEXT() REPRESENTATION_CONTEXT('2D SPACE',''
  ) );
#3122 = PCURVE('',#3123,#3128);
#3123 = CYLINDRICAL_SURFACE('',#3124,0.6096);
#3124 = AXIS2_PLACEMENT_3D('',#3125,#3126,#3127);
#3125 = CARTESIAN_POINT('',(6.629673883836,2.411909939197,-12.6113328639
    ));
#3126 = DIRECTION('',(-1.296752066396E-05,1.414950665963E-05,
    0.999999999816));
#3127 = DIRECTION('',(-0.308811784918,0.951123168255,-1.746244680876E-05
    ));
#3128 = DEFINITIONAL_REPRESENTATION('',(#3129),#3133);
#3129 = LINE('',#3130,#3131);
#3130 = CARTESIAN_POINT('',(1.570796326795,10.922));
#3131 = VECTOR('',#3132,1.);
#3132 = DIRECTION('',(-1.,0.));
#3133 = ( GEOMETRIC_REPRESENTATION_CONTEXT(2) 
PARAMETRIC_REPRESENTATION_CONTEXT() REPRESENTATION_CONTEXT('2D SPACE',''
  ) );
#3134 = ORIENTED_EDGE('',*,*,#3135,.T.);
#3135 = EDGE_CURVE('',#3103,#3136,#3138,.T.);
#3136 = VERTEX_POINT('',#3137);
#3137 = CARTESIAN_POINT('',(6.629962765574,3.245820933475,
    -1.689344657576));
#3138 = SURFACE_CURVE('',#3139,(#3143,#3150),.PCURVE_S1.);
#3139 = LINE('',#3140,#3141);
#3140 = CARTESIAN_POINT('',(6.213882256039,2.857987388516,
    -1.689344565455));
#3141 = VECTOR('',#3142,1.);
#3142 = DIRECTION('',(0.731500834138,0.681840545623,-1.619551587236E-07)
  );
#3143 = PCURVE('',#2905,#3144);
#3144 = DEFINITIONAL_REPRESENTATION('',(#3145),#3149);
#3145 = LINE('',#3146,#3147);
#3146 = CARTESIAN_POINT('',(-2.858509953179,6.211559094861));
#3147 = VECTOR('',#3148,1.);
#3148 = DIRECTION('',(-0.681998360062,0.731353701619));
#3149 = ( GEOMETRIC_REPRESENTATION_CONTEXT(2) 
PARAMETRIC_REPRESENTATION_CONTEXT() REPRESENTATION_CONTEXT('2D SPACE',''
  ) );
#3150 = PCURVE('',#3151,#3156);
#3151 = PLANE('',#3152);
#3152 = AXIS2_PLACEMENT_3D('',#3153,#3154,#3155);
#3153 = CARTESIAN_POINT('',(6.2140238873,2.857832847604,-12.61134456344)
  );
#3154 = DIRECTION('',(-0.681840545499,0.731500834002,-1.919215728905E-05
    ));
#3155 = DIRECTION('',(-1.296752066396E-05,1.414950665963E-05,
    0.999999999816));
#3156 = DEFINITIONAL_REPRESENTATION('',(#3157),#3161);
#3157 = LINE('',#3158,#3159);
#3158 = CARTESIAN_POINT('',(10.922,-1.142838028259E-17));
#3159 = VECTOR('',#3160,1.);
#3160 = DIRECTION('',(2.091112588534E-21,1.));
#3161 = ( GEOMETRIC_REPRESENTATION_CONTEXT(2) 
PARAMETRIC_REPRESENTATION_CONTEXT() REPRESENTATION_CONTEXT('2D SPACE',''
  ) );
#3162 = ORIENTED_EDGE('',*,*,#3163,.F.);
#3163 = EDGE_CURVE('',#3164,#3136,#3166,.T.);
#3164 = VERTEX_POINT('',#3165);
#3165 = CARTESIAN_POINT('',(6.738399058394,4.003104920542,
    -1.689353966621));
#3166 = SURFACE_CURVE('',#3167,(#3172,#3183),.PCURVE_S1.);
#3167 = CIRCLE('',#3168,0.6096);
#3168 = AXIS2_PLACEMENT_3D('',#3169,#3170,#3171);
#3169 = CARTESIAN_POINT('',(6.214312769038,3.691743841883,
    -1.689356357115));
#3170 = DIRECTION('',(1.296752066396E-05,-1.414950665963E-05,
    -0.999999999816));
#3171 = DIRECTION('',(0.859721603272,0.510762924312,3.921414257374E-06)
  );
#3172 = PCURVE('',#2905,#3173);
#3173 = DEFINITIONAL_REPRESENTATION('',(#3174),#3182);
#3174 = ( BOUNDED_CURVE() B_SPLINE_CURVE(2,(#3175,#3176,#3177,#3178,
#3179,#3180,#3181),.UNSPECIFIED.,.T.,.F.) B_SPLINE_CURVE_WITH_KNOTS((1,2
    ,2,2,2,1),(-2.094395102393,0.,2.094395102393,4.188790204786,
6.28318530718,8.377580409573),.UNSPECIFIED.) CURVE() 
GEOMETRIC_REPRESENTATION_ITEM() RATIONAL_B_SPLINE_CURVE((1.,0.5,1.,0.5,
1.,0.5,1.)) REPRESENTATION_ITEM('') );
#3175 = CARTESIAN_POINT('',(-4.003740629575,6.735828811741));
#3176 = CARTESIAN_POINT('',(-3.096112929113,7.275317863857));
#3177 = CARTESIAN_POINT('',(-3.082715555148,6.21954469202));
#3178 = CARTESIAN_POINT('',(-3.069318181182,5.163771520183));
#3179 = CARTESIAN_POINT('',(-3.99034325561,5.680055639904));
#3180 = CARTESIAN_POINT('',(-4.911368330038,6.196339759624));
#3181 = CARTESIAN_POINT('',(-4.003740629575,6.735828811741));
#3182 = ( GEOMETRIC_REPRESENTATION_CONTEXT(2) 
PARAMETRIC_REPRESENTATION_CONTEXT() REPRESENTATION_CONTEXT('2D SPACE',''
  ) );
#3183 = PCURVE('',#3184,#3189);
#3184 = CYLINDRICAL_SURFACE('',#3185,0.6096);
#3185 = AXIS2_PLACEMENT_3D('',#3186,#3187,#3188);
#3186 = CARTESIAN_POINT('',(6.214454400298,3.691589300972,-12.6113563551
    ));
#3187 = DIRECTION('',(-1.296752066396E-05,1.414950665963E-05,
    0.999999999816));
#3188 = DIRECTION('',(-0.308811784918,0.951123168255,-1.746244680876E-05
    ));
#3189 = DEFINITIONAL_REPRESENTATION('',(#3190),#3194);
#3190 = LINE('',#3191,#3192);
#3191 = CARTESIAN_POINT('',(4.934517442456,10.922));
#3192 = VECTOR('',#3193,1.);
#3193 = DIRECTION('',(-1.,0.));
#3194 = ( GEOMETRIC_REPRESENTATION_CONTEXT(2) 
PARAMETRIC_REPRESENTATION_CONTEXT() REPRESENTATION_CONTEXT('2D SPACE',''
  ) );
#3195 = ORIENTED_EDGE('',*,*,#3196,.T.);
#3196 = EDGE_CURVE('',#3164,#3197,#3199,.T.);
#3197 = VERTEX_POINT('',#3198);
#3198 = CARTESIAN_POINT('',(5.892090859825,5.168476907759,
    -1.689381430579));
#3199 = SURFACE_CURVE('',#3200,(#3205,#3212),.PCURVE_S1.);
#3200 = CIRCLE('',#3201,7.8359);
#3201 = AXIS2_PLACEMENT_3D('',#3202,#3203,#3204);
#3202 = CARTESIAN_POINT('',(1.706547312648E-03,8.177219276909E-04,
    -1.689384694431));
#3203 = DIRECTION('',(-1.296752066396E-05,1.414950665963E-05,
    0.999999999816));
#3204 = DIRECTION('',(0.859721603272,0.510762924312,3.921414257374E-06)
  );
#3205 = PCURVE('',#2905,#3206);
#3206 = DEFINITIONAL_REPRESENTATION('',(#3207),#3211);
#3207 = CIRCLE('',#3208,7.8359);
#3208 = AXIS2_PLACEMENT_2D('',#3209,#3210);
#3209 = CARTESIAN_POINT('',(0.,0.));
#3210 = DIRECTION('',(-0.510948407914,0.859611379898));
#3211 = ( GEOMETRIC_REPRESENTATION_CONTEXT(2) 
PARAMETRIC_REPRESENTATION_CONTEXT() REPRESENTATION_CONTEXT('2D SPACE',''
  ) );
#3212 = PCURVE('',#3213,#3218);
#3213 = CYLINDRICAL_SURFACE('',#3214,7.8359);
#3214 = AXIS2_PLACEMENT_3D('',#3215,#3216,#3217);
#3215 = CARTESIAN_POINT('',(1.870082012494E-03,6.392810842556E-04,
    -14.3004846921));
#3216 = DIRECTION('',(1.296752066396E-05,-1.414950665963E-05,
    -0.999999999816));
#3217 = DIRECTION('',(0.999999976639,-2.157622180403E-04,
    1.297057329236E-05));
#3218 = DEFINITIONAL_REPRESENTATION('',(#3219),#3223);
#3219 = LINE('',#3220,#3221);
#3220 = CARTESIAN_POINT('',(5.746897579749,-12.6111));
#3221 = VECTOR('',#3222,1.);
#3222 = DIRECTION('',(-1.,0.));
#3223 = ( GEOMETRIC_REPRESENTATION_CONTEXT(2) 
PARAMETRIC_REPRESENTATION_CONTEXT() REPRESENTATION_CONTEXT('2D SPACE',''
  ) );
#3224 = ORIENTED_EDGE('',*,*,#3225,.F.);
#3225 = EDGE_CURVE('',#3226,#3197,#3228,.T.);
#3226 = VERTEX_POINT('',#3227);
#3227 = CARTESIAN_POINT('',(5.138418882073,5.29968672666,-1.68939306039)
  );
#3228 = SURFACE_CURVE('',#3229,(#3234,#3245),.PCURVE_S1.);
#3229 = CIRCLE('',#3230,0.6096);
#3230 = AXIS2_PLACEMENT_3D('',#3231,#3232,#3233);
#3231 = CARTESIAN_POINT('',(5.433843782029,4.766454799299,
    -1.689381684493));
#3232 = DIRECTION('',(1.296752066396E-05,-1.414950665963E-05,
    -0.999999999816));
#3233 = DIRECTION('',(-0.484620898872,0.874724290293,-1.866124869459E-05
    ));
#3234 = PCURVE('',#2905,#3235);
#3235 = DEFINITIONAL_REPRESENTATION('',(#3236),#3244);
#3236 = ( BOUNDED_CURVE() B_SPLINE_CURVE(2,(#3237,#3238,#3239,#3240,
#3241,#3242,#3243),.UNSPECIFIED.,.T.,.F.) B_SPLINE_CURVE_WITH_KNOTS((1,2
    ,2,2,2,1),(-2.094395102393,0.,2.094395102393,4.188790204786,
6.28318530718,8.377580409573),.UNSPECIFIED.) CURVE() 
GEOMETRIC_REPRESENTATION_ITEM() RATIONAL_B_SPLINE_CURVE((1.,0.5,1.,0.5,
1.,0.5,1.)) REPRESENTATION_ITEM('') );
#3237 = CARTESIAN_POINT('',(-5.299977190371,5.135568918928));
#3238 = CARTESIAN_POINT('',(-5.811867389915,6.05904328436));
#3239 = CARTESIAN_POINT('',(-4.756170029935,6.040616018397));
#3240 = CARTESIAN_POINT('',(-3.700472669955,6.022188752434));
#3241 = CARTESIAN_POINT('',(-4.244279830391,5.117141652965));
#3242 = CARTESIAN_POINT('',(-4.788086990827,4.212094553495));
#3243 = CARTESIAN_POINT('',(-5.299977190371,5.135568918928));
#3244 = ( GEOMETRIC_REPRESENTATION_CONTEXT(2) 
PARAMETRIC_REPRESENTATION_CONTEXT() REPRESENTATION_CONTEXT('2D SPACE',''
  ) );
#3245 = PCURVE('',#3246,#3251);
#3246 = CYLINDRICAL_SURFACE('',#3247,0.6096);
#3247 = AXIS2_PLACEMENT_3D('',#3248,#3249,#3250);
#3248 = CARTESIAN_POINT('',(5.433985413289,4.766300258388,
    -12.61138168248));
#3249 = DIRECTION('',(-1.296752066396E-05,1.414950665963E-05,
    0.999999999816));
#3250 = DIRECTION('',(-0.808890153518,0.587959793853,-1.880864080281E-05
    ));
#3251 = DEFINITIONAL_REPRESENTATION('',(#3252),#3256);
#3252 = LINE('',#3253,#3254);
#3253 = CARTESIAN_POINT('',(5.846852994181,10.922));
#3254 = VECTOR('',#3255,1.);
#3255 = DIRECTION('',(-1.,0.));
#3256 = ( GEOMETRIC_REPRESENTATION_CONTEXT(2) 
PARAMETRIC_REPRESENTATION_CONTEXT() REPRESENTATION_CONTEXT('2D SPACE',''
  ) );
#3257 = ORIENTED_EDGE('',*,*,#3258,.T.);
#3258 = EDGE_CURVE('',#3226,#3259,#3261,.T.);
#3259 = VERTEX_POINT('',#3260);
#3260 = CARTESIAN_POINT('',(4.640872315528,5.02403248105,-1.689395611964
    ));
#3261 = SURFACE_CURVE('',#3262,(#3266,#3273),.PCURVE_S1.);
#3262 = LINE('',#3263,#3264);
#3263 = CARTESIAN_POINT('',(5.138418882073,5.29968672666,-1.68939306039)
  );
#3264 = VECTOR('',#3265,1.);
#3265 = DIRECTION('',(-0.874724290396,-0.484620899025,
    -4.485858673654E-06));
#3266 = PCURVE('',#2905,#3267);
#3267 = DEFINITIONAL_REPRESENTATION('',(#3268),#3272);
#3268 = LINE('',#3269,#3270);
#3269 = CARTESIAN_POINT('',(-5.29997719037,5.135568918925));
#3270 = VECTOR('',#3271,1.);
#3271 = DIRECTION('',(0.484809620246,-0.874619707139));
#3272 = ( GEOMETRIC_REPRESENTATION_CONTEXT(2) 
PARAMETRIC_REPRESENTATION_CONTEXT() REPRESENTATION_CONTEXT('2D SPACE',''
  ) );
#3273 = PCURVE('',#3274,#3279);
#3274 = PLANE('',#3275);
#3275 = AXIS2_PLACEMENT_3D('',#3276,#3277,#3278);
#3276 = CARTESIAN_POINT('',(5.138560513334,5.299532185749,
    -12.61139305837));
#3277 = DIRECTION('',(0.484620898872,-0.874724290293,1.866124869459E-05)
  );
#3278 = DIRECTION('',(0.874724290396,0.484620899025,4.485858673654E-06)
  );
#3279 = DEFINITIONAL_REPRESENTATION('',(#3280),#3284);
#3280 = LINE('',#3281,#3282);
#3281 = CARTESIAN_POINT('',(1.818884669616E-16,10.922));
#3282 = VECTOR('',#3283,1.);
#3283 = DIRECTION('',(-1.,-1.694065894509E-21));
#3284 = ( GEOMETRIC_REPRESENTATION_CONTEXT(2) 
PARAMETRIC_REPRESENTATION_CONTEXT() REPRESENTATION_CONTEXT('2D SPACE',''
  ) );
#3285 = ORIENTED_EDGE('',*,*,#3286,.T.);
#3286 = EDGE_CURVE('',#3259,#3287,#3289,.T.);
#3287 = VERTEX_POINT('',#3288);
#3288 = CARTESIAN_POINT('',(3.987027125147,5.064164970771,-1.68940465857
    ));
#3289 = SURFACE_CURVE('',#3290,(#3295,#3306),.PCURVE_S1.);
#3290 = CIRCLE('',#3291,0.6096);
#3291 = AXIS2_PLACEMENT_3D('',#3292,#3293,#3294);
#3292 = CARTESIAN_POINT('',(4.345447415576,5.557264408414,
    -1.689406987861));
#3293 = DIRECTION('',(1.296752066396E-05,-1.414950665963E-05,
    -0.999999999816));
#3294 = DIRECTION('',(0.484620898872,-0.874724290293,1.866124869459E-05)
  );
#3295 = PCURVE('',#2905,#3296);
#3296 = DEFINITIONAL_REPRESENTATION('',(#3297),#3305);
#3297 = ( BOUNDED_CURVE() B_SPLINE_CURVE(2,(#3298,#3299,#3300,#3301,
#3302,#3303,#3304),.UNSPECIFIED.,.T.,.F.) B_SPLINE_CURVE_WITH_KNOTS((1,2
    ,2,2,2,1),(-2.094395102393,0.,2.094395102393,4.188790204786,
6.28318530718,8.377580409573),.UNSPECIFIED.) CURVE() 
GEOMETRIC_REPRESENTATION_ITEM() RATIONAL_B_SPLINE_CURVE((1.,0.5,1.,0.5,
1.,0.5,1.)) REPRESENTATION_ITEM('') );
#3298 = CARTESIAN_POINT('',(-5.024215599399,4.638081839741));
#3299 = CARTESIAN_POINT('',(-4.512325399855,3.714607474309));
#3300 = CARTESIAN_POINT('',(-5.568022759835,3.733034740272));
#3301 = CARTESIAN_POINT('',(-6.623720119815,3.751462006235));
#3302 = CARTESIAN_POINT('',(-6.079912959379,4.656509105704));
#3303 = CARTESIAN_POINT('',(-5.536105798943,5.561556205174));
#3304 = CARTESIAN_POINT('',(-5.024215599399,4.638081839741));
#3305 = ( GEOMETRIC_REPRESENTATION_CONTEXT(2) 
PARAMETRIC_REPRESENTATION_CONTEXT() REPRESENTATION_CONTEXT('2D SPACE',''
  ) );
#3306 = PCURVE('',#3307,#3312);
#3307 = CYLINDRICAL_SURFACE('',#3308,0.6096);
#3308 = AXIS2_PLACEMENT_3D('',#3309,#3310,#3311);
#3309 = CARTESIAN_POINT('',(4.345589046836,5.557109867502,
    -12.61140698584));
#3310 = DIRECTION('',(-1.296752066396E-05,1.414950665963E-05,
    0.999999999816));
#3311 = DIRECTION('',(-0.808890153518,0.587959793853,-1.880864080281E-05
    ));
#3312 = DEFINITIONAL_REPRESENTATION('',(#3313),#3317);
#3313 = LINE('',#3314,#3315);
#3314 = CARTESIAN_POINT('',(2.705260340591,10.922));
#3315 = VECTOR('',#3316,1.);
#3316 = DIRECTION('',(-1.,0.));
#3317 = ( GEOMETRIC_REPRESENTATION_CONTEXT(2) 
PARAMETRIC_REPRESENTATION_CONTEXT() REPRESENTATION_CONTEXT('2D SPACE',''
  ) );
#3318 = ORIENTED_EDGE('',*,*,#3319,.T.);
#3319 = EDGE_CURVE('',#3287,#3320,#3322,.T.);
#3320 = VERTEX_POINT('',#3321);
#3321 = CARTESIAN_POINT('',(3.588014604792,5.354196093282,-1.68941393657
    ));
#3322 = SURFACE_CURVE('',#3323,(#3327,#3334),.PCURVE_S1.);
#3323 = LINE('',#3324,#3325);
#3324 = CARTESIAN_POINT('',(3.987027125147,5.064164970771,-1.68940465857
    ));
#3325 = VECTOR('',#3326,1.);
#3326 = DIRECTION('',(-0.808890153518,0.587959793853,-1.880864080281E-05
    ));
#3327 = PCURVE('',#2905,#3328);
#3328 = DEFINITIONAL_REPRESENTATION('',(#3329),#3333);
#3329 = LINE('',#3330,#3331);
#3330 = CARTESIAN_POINT('',(-5.0642070131,3.984228005442));
#3331 = VECTOR('',#3332,1.);
#3332 = DIRECTION('',(-0.587785252293,-0.809016994375));
#3333 = ( GEOMETRIC_REPRESENTATION_CONTEXT(2) 
PARAMETRIC_REPRESENTATION_CONTEXT() REPRESENTATION_CONTEXT('2D SPACE',''
  ) );
#3334 = PCURVE('',#3335,#3340);
#3335 = PLANE('',#3336);
#3336 = AXIS2_PLACEMENT_3D('',#3337,#3338,#3339);
#3337 = CARTESIAN_POINT('',(3.987168756408,5.06401042986,-12.61140465655
    ));
#3338 = DIRECTION('',(-0.587959794011,-0.808890153613,3.821015837733E-06
    ));
#3339 = DIRECTION('',(-1.296752066396E-05,1.414950665963E-05,
    0.999999999816));
#3340 = DEFINITIONAL_REPRESENTATION('',(#3341),#3345);
#3341 = LINE('',#3342,#3343);
#3342 = CARTESIAN_POINT('',(10.922,3.535583284475E-16));
#3343 = VECTOR('',#3344,1.);
#3344 = DIRECTION('',(0.,1.));
#3345 = ( GEOMETRIC_REPRESENTATION_CONTEXT(2) 
PARAMETRIC_REPRESENTATION_CONTEXT() REPRESENTATION_CONTEXT('2D SPACE',''
  ) );
#3346 = ORIENTED_EDGE('',*,*,#3347,.T.);
#3347 = EDGE_CURVE('',#3320,#3348,#3350,.T.);
#3348 = VERTEX_POINT('',#3349);
#3349 = CARTESIAN_POINT('',(3.34806007504,5.963741803884,-1.689425672957
    ));
#3350 = SURFACE_CURVE('',#3351,(#3356,#3367),.PCURVE_S1.);
#3351 = CIRCLE('',#3352,0.6096);
#3352 = AXIS2_PLACEMENT_3D('',#3353,#3354,#3355);
#3353 = CARTESIAN_POINT('',(3.946434895221,5.847295530924,
    -1.689416265861));
#3354 = DIRECTION('',(1.296752066396E-05,-1.414950665963E-05,
    -0.999999999816));
#3355 = DIRECTION('',(-0.587959794011,-0.808890153613,3.821015837748E-06
    ));
#3356 = PCURVE('',#2905,#3357);
#3357 = DEFINITIONAL_REPRESENTATION('',(#3358),#3366);
#3358 = ( BOUNDED_CURVE() B_SPLINE_CURVE(2,(#3359,#3360,#3361,#3362,
#3363,#3364,#3365),.UNSPECIFIED.,.T.,.F.) B_SPLINE_CURVE_WITH_KNOTS((1,2
    ,2,2,2,1),(-2.094395102393,0.,2.094395102393,4.188790204786,
6.28318530718,8.377580409573),.UNSPECIFIED.) CURVE() 
GEOMETRIC_REPRESENTATION_ITEM() RATIONAL_B_SPLINE_CURVE((1.,0.5,1.,0.5,
1.,0.5,1.)) REPRESENTATION_ITEM('') );
#3359 = CARTESIAN_POINT('',(-5.354152037062,3.58515291653));
#3360 = CARTESIAN_POINT('',(-5.974769899248,2.730945711494));
#3361 = CARTESIAN_POINT('',(-6.404226107812,3.695520148708));
#3362 = CARTESIAN_POINT('',(-6.833682316375,4.660094585922));
#3363 = CARTESIAN_POINT('',(-5.783608245625,4.549727353744));
#3364 = CARTESIAN_POINT('',(-4.733534174875,4.439360121565));
#3365 = CARTESIAN_POINT('',(-5.354152037062,3.58515291653));
#3366 = ( GEOMETRIC_REPRESENTATION_CONTEXT(2) 
PARAMETRIC_REPRESENTATION_CONTEXT() REPRESENTATION_CONTEXT('2D SPACE',''
  ) );
#3367 = PCURVE('',#3368,#3373);
#3368 = CYLINDRICAL_SURFACE('',#3369,0.6096);
#3369 = AXIS2_PLACEMENT_3D('',#3370,#3371,#3372);
#3370 = CARTESIAN_POINT('',(3.946576526482,5.847140990012,
    -12.61141626385));
#3371 = DIRECTION('',(-1.296752066396E-05,1.414950665963E-05,
    0.999999999816));
#3372 = DIRECTION('',(-0.808890153518,0.587959793853,-1.880864080281E-05
    ));
#3373 = DEFINITIONAL_REPRESENTATION('',(#3374),#3378);
#3374 = LINE('',#3375,#3376);
#3375 = CARTESIAN_POINT('',(1.570796326795,10.922));
#3376 = VECTOR('',#3377,1.);
#3377 = DIRECTION('',(-1.,0.));
#3378 = ( GEOMETRIC_REPRESENTATION_CONTEXT(2) 
PARAMETRIC_REPRESENTATION_CONTEXT() REPRESENTATION_CONTEXT('2D SPACE',''
  ) );
#3379 = ORIENTED_EDGE('',*,*,#3380,.T.);
#3380 = EDGE_CURVE('',#3348,#3381,#3383,.T.);
#3381 = VERTEX_POINT('',#3382);
#3382 = CARTESIAN_POINT('',(3.456713440252,6.52207171997,-1.689432164085
    ));
#3383 = SURFACE_CURVE('',#3384,(#3388,#3395),.PCURVE_S1.);
#3384 = LINE('',#3385,#3386);
#3385 = CARTESIAN_POINT('',(3.34806007504,5.963741803884,-1.689425672957
    ));
#3386 = VECTOR('',#3387,1.);
#3387 = DIRECTION('',(0.191020789157,0.981585991128,-1.141189148993E-05)
  );
#3388 = PCURVE('',#2905,#3389);
#3389 = DEFINITIONAL_REPRESENTATION('',(#3390),#3394);
#3390 = LINE('',#3391,#3392);
#3391 = CARTESIAN_POINT('',(-5.963645960416,3.345066875296));
#3392 = VECTOR('',#3393,1.);
#3393 = DIRECTION('',(-0.981627183448,0.190808995376));
#3394 = ( GEOMETRIC_REPRESENTATION_CONTEXT(2) 
PARAMETRIC_REPRESENTATION_CONTEXT() REPRESENTATION_CONTEXT('2D SPACE',''
  ) );
#3395 = PCURVE('',#3396,#3401);
#3396 = PLANE('',#3397);
#3397 = AXIS2_PLACEMENT_3D('',#3398,#3399,#3400);
#3398 = CARTESIAN_POINT('',(3.3482017063,5.963587262973,-12.61142567094)
  );
#3399 = DIRECTION('',(-0.981585991109,0.191020788974,-1.543158655172E-05
    ));
#3400 = DIRECTION('',(-1.296752066396E-05,1.414950665963E-05,
    0.999999999816));
#3401 = DEFINITIONAL_REPRESENTATION('',(#3402),#3406);
#3402 = LINE('',#3403,#3404);
#3403 = CARTESIAN_POINT('',(10.922,4.807081382258E-16));
#3404 = VECTOR('',#3405,1.);
#3405 = DIRECTION('',(1.694065894509E-21,1.));
#3406 = ( GEOMETRIC_REPRESENTATION_CONTEXT(2) 
PARAMETRIC_REPRESENTATION_CONTEXT() REPRESENTATION_CONTEXT('2D SPACE',''
  ) );
#3407 = ORIENTED_EDGE('',*,*,#3408,.F.);
#3408 = EDGE_CURVE('',#3409,#3381,#3411,.T.);
#3409 = VERTEX_POINT('',#3410);
#3410 = CARTESIAN_POINT('',(3.099319884559,7.198464588723,
    -1.689446369218));
#3411 = SURFACE_CURVE('',#3412,(#3417,#3428),.PCURVE_S1.);
#3412 = CIRCLE('',#3413,0.6096);
#3413 = AXIS2_PLACEMENT_3D('',#3414,#3415,#3416);
#3414 = CARTESIAN_POINT('',(2.858338620073,6.63851799293,-1.68944157118)
  );
#3415 = DIRECTION('',(1.296752066396E-05,-1.414950665963E-05,
    -0.999999999816));
#3416 = DIRECTION('',(0.395310473239,0.918547565282,-7.870798163187E-06)
  );
#3417 = PCURVE('',#2905,#3418);
#3418 = DEFINITIONAL_REPRESENTATION('',(#3419),#3427);
#3419 = ( BOUNDED_CURVE() B_SPLINE_CURVE(2,(#3420,#3421,#3422,#3423,
#3424,#3425,#3426),.UNSPECIFIED.,.T.,.F.) B_SPLINE_CURVE_WITH_KNOTS((1,2
    ,2,2,2,1),(-2.094395102393,0.,2.094395102393,4.188790204786,
6.28318530718,8.377580409573),.UNSPECIFIED.) CURVE() 
GEOMETRIC_REPRESENTATION_ITEM() RATIONAL_B_SPLINE_CURVE((1.,0.5,1.,0.5,
1.,0.5,1.)) REPRESENTATION_ITEM('') );
#3420 = CARTESIAN_POINT('',(-7.198315047905,3.096060283831));
#3421 = CARTESIAN_POINT('',(-6.781132522273,4.066006272176));
#3422 = CARTESIAN_POINT('',(-6.149725918883,3.219742612791));
#3423 = CARTESIAN_POINT('',(-5.518319315494,2.373478953406));
#3424 = CARTESIAN_POINT('',(-6.566908444516,2.249796624446));
#3425 = CARTESIAN_POINT('',(-7.615497573538,2.126114295486));
#3426 = CARTESIAN_POINT('',(-7.198315047905,3.096060283831));
#3427 = ( GEOMETRIC_REPRESENTATION_CONTEXT(2) 
PARAMETRIC_REPRESENTATION_CONTEXT() REPRESENTATION_CONTEXT('2D SPACE',''
  ) );
#3428 = PCURVE('',#3429,#3434);
#3429 = CYLINDRICAL_SURFACE('',#3430,0.6096);
#3430 = AXIS2_PLACEMENT_3D('',#3431,#3432,#3433);
#3431 = CARTESIAN_POINT('',(2.858480251333,6.638363452018,
    -12.61144156916));
#3432 = DIRECTION('',(-1.296752066396E-05,1.414950665963E-05,
    0.999999999816));
#3433 = DIRECTION('',(-0.808890153518,0.587959793853,-1.880864080281E-05
    ));
#3434 = DEFINITIONAL_REPRESENTATION('',(#3435),#3439);
#3435 = LINE('',#3436,#3437);
#3436 = CARTESIAN_POINT('',(4.934517442456,10.922));
#3437 = VECTOR('',#3438,1.);
#3438 = DIRECTION('',(-1.,0.));
#3439 = ( GEOMETRIC_REPRESENTATION_CONTEXT(2) 
PARAMETRIC_REPRESENTATION_CONTEXT() REPRESENTATION_CONTEXT('2D SPACE',''
  ) );
#3440 = ORIENTED_EDGE('',*,*,#3441,.T.);
#3441 = EDGE_CURVE('',#3409,#3442,#3444,.T.);
#3442 = VERTEX_POINT('',#3443);
#3443 = CARTESIAN_POINT('',(1.729653701814,7.643822853019,
    -1.689470431993));
#3444 = SURFACE_CURVE('',#3445,(#3450,#3457),.PCURVE_S1.);
#3445 = CIRCLE('',#3446,7.8359);
#3446 = AXIS2_PLACEMENT_3D('',#3447,#3448,#3449);
#3447 = CARTESIAN_POINT('',(1.706547312648E-03,8.177219276909E-04,
    -1.689384694431));
#3448 = DIRECTION('',(-1.296752066396E-05,1.414950665963E-05,
    0.999999999816));
#3449 = DIRECTION('',(0.395310473238,0.918547565282,-7.870798163203E-06)
  );
#3450 = PCURVE('',#2905,#3451);
#3451 = DEFINITIONAL_REPRESENTATION('',(#3452),#3456);
#3452 = CIRCLE('',#3453,7.8359);
#3453 = AXIS2_PLACEMENT_2D('',#3454,#3455);
#3454 = CARTESIAN_POINT('',(0.,0.));
#3455 = DIRECTION('',(-0.918632837058,0.395112276041));
#3456 = ( GEOMETRIC_REPRESENTATION_CONTEXT(2) 
PARAMETRIC_REPRESENTATION_CONTEXT() REPRESENTATION_CONTEXT('2D SPACE',''
  ) );
#3457 = PCURVE('',#1096,#3458);
#3458 = DEFINITIONAL_REPRESENTATION('',(#3459),#3463);
#3459 = LINE('',#3460,#3461);
#3460 = CARTESIAN_POINT('',(5.118579049031,-12.6111));
#3461 = VECTOR('',#3462,1.);
#3462 = DIRECTION('',(-1.,0.));
#3463 = ( GEOMETRIC_REPRESENTATION_CONTEXT(2) 
PARAMETRIC_REPRESENTATION_CONTEXT() REPRESENTATION_CONTEXT('2D SPACE',''
  ) );
#3464 = ORIENTED_EDGE('',*,*,#3465,.F.);
#3465 = EDGE_CURVE('',#3466,#3442,#3468,.T.);
#3466 = VERTEX_POINT('',#3467);
#3467 = CARTESIAN_POINT('',(1.042797067043,7.306976552745,
    -1.689474572611));
#3468 = SURFACE_CURVE('',#3469,(#3474,#3485),.PCURVE_S1.);
#3469 = CIRCLE('',#3470,0.6096);
#3470 = AXIS2_PLACEMENT_3D('',#3471,#3472,#3473);
#3471 = CARTESIAN_POINT('',(1.595226694657,7.049229260974,
    -1.689463761972));
#3472 = DIRECTION('',(1.296752066396E-05,-1.414950665963E-05,
    -0.999999999816));
#3473 = DIRECTION('',(-0.906216580733,0.42281379884,-1.773398890242E-05)
  );
#3474 = PCURVE('',#2905,#3475);
#3475 = DEFINITIONAL_REPRESENTATION('',(#3476),#3484);
#3476 = ( BOUNDED_CURVE() B_SPLINE_CURVE(2,(#3477,#3478,#3479,#3480,
#3481,#3482,#3483),.UNSPECIFIED.,.T.,.F.) B_SPLINE_CURVE_WITH_KNOTS((1,2
    ,2,2,2,1),(-2.094395102393,0.,2.094395102393,4.188790204786,
6.28318530718,8.377580409573),.UNSPECIFIED.) CURVE() 
GEOMETRIC_REPRESENTATION_ITEM() RATIONAL_B_SPLINE_CURVE((1.,0.5,1.,0.5,
1.,0.5,1.)) REPRESENTATION_ITEM('') );
#3477 = CARTESIAN_POINT('',(-7.306383289487,1.039514101208));
#3478 = CARTESIAN_POINT('',(-8.263315773043,1.485739046628));
#3479 = CARTESIAN_POINT('',(-7.39840739273,2.091354414385));
#3480 = CARTESIAN_POINT('',(-6.533499012416,2.696969782141));
#3481 = CARTESIAN_POINT('',(-6.441474909173,1.645129468965));
#3482 = CARTESIAN_POINT('',(-6.349450805931,0.593289155789));
#3483 = CARTESIAN_POINT('',(-7.306383289487,1.039514101208));
#3484 = ( GEOMETRIC_REPRESENTATION_CONTEXT(2) 
PARAMETRIC_REPRESENTATION_CONTEXT() REPRESENTATION_CONTEXT('2D SPACE',''
  ) );
#3485 = PCURVE('',#1276,#3486);
#3486 = DEFINITIONAL_REPRESENTATION('',(#3487),#3491);
#3487 = LINE('',#3488,#3489);
#3488 = CARTESIAN_POINT('',(5.846852994181,10.922));
#3489 = VECTOR('',#3490,1.);
#3490 = DIRECTION('',(-1.,0.));
#3491 = ( GEOMETRIC_REPRESENTATION_CONTEXT(2) 
PARAMETRIC_REPRESENTATION_CONTEXT() REPRESENTATION_CONTEXT('2D SPACE',''
  ) );
#3492 = ORIENTED_EDGE('',*,*,#3493,.T.);
#3493 = EDGE_CURVE('',#3466,#3494,#3496,.T.);
#3494 = VERTEX_POINT('',#3495);
#3495 = CARTESIAN_POINT('',(0.802298939465,6.791517049365,
    -1.689470397778));
#3496 = SURFACE_CURVE('',#3497,(#3501,#3508),.PCURVE_S1.);
#3497 = LINE('',#3498,#3499);
#3498 = CARTESIAN_POINT('',(1.042797067043,7.306976552745,
    -1.689474572611));
#3499 = VECTOR('',#3500,1.);
#3500 = DIRECTION('',(-0.422813799013,-0.906216580797,7.339670870689E-06
    ));
#3501 = PCURVE('',#2905,#3502);
#3502 = DEFINITIONAL_REPRESENTATION('',(#3503),#3507);
#3503 = LINE('',#3504,#3505);
#3504 = CARTESIAN_POINT('',(-7.306383289485,1.039514101209));
#3505 = VECTOR('',#3506,1.);
#3506 = DIRECTION('',(0.906307787037,-0.422618261741));
#3507 = ( GEOMETRIC_REPRESENTATION_CONTEXT(2) 
PARAMETRIC_REPRESENTATION_CONTEXT() REPRESENTATION_CONTEXT('2D SPACE',''
  ) );
#3508 = PCURVE('',#1414,#3509);
#3509 = DEFINITIONAL_REPRESENTATION('',(#3510),#3514);
#3510 = LINE('',#3511,#3512);
#3511 = CARTESIAN_POINT('',(5.201459922499E-16,10.922));
#3512 = VECTOR('',#3513,1.);
#3513 = DIRECTION('',(-1.,-8.470329472543E-22));
#3514 = ( GEOMETRIC_REPRESENTATION_CONTEXT(2) 
PARAMETRIC_REPRESENTATION_CONTEXT() REPRESENTATION_CONTEXT('2D SPACE',''
  ) );
#3515 = ORIENTED_EDGE('',*,*,#3516,.T.);
#3516 = EDGE_CURVE('',#3494,#3517,#3519,.T.);
#3517 = VERTEX_POINT('',#3518);
#3518 = CARTESIAN_POINT('',(0.24973778309,6.439664355389,-1.689472584584
    ));
#3519 = SURFACE_CURVE('',#3520,(#3525,#3536),.PCURVE_S1.);
#3520 = CIRCLE('',#3521,0.6096);
#3521 = AXIS2_PLACEMENT_3D('',#3522,#3523,#3524);
#3522 = CARTESIAN_POINT('',(0.24986931185,7.049264341138,-1.689481208418
    ));
#3523 = DIRECTION('',(1.296752066396E-05,-1.414950665963E-05,
    -0.999999999816));
#3524 = DIRECTION('',(0.906216580733,-0.42281379884,1.773398890242E-05)
  );
#3525 = PCURVE('',#2905,#3526);
#3526 = DEFINITIONAL_REPRESENTATION('',(#3527),#3535);
#3527 = ( BOUNDED_CURVE() B_SPLINE_CURVE(2,(#3528,#3529,#3530,#3531,
#3532,#3533,#3534),.UNSPECIFIED.,.T.,.F.) B_SPLINE_CURVE_WITH_KNOTS((1,2
    ,2,2,2,1),(-2.094395102393,0.,2.094395102393,4.188790204786,
6.28318530718,8.377580409573),.UNSPECIFIED.) CURVE() 
GEOMETRIC_REPRESENTATION_ITEM() RATIONAL_B_SPLINE_CURVE((1.,0.5,1.,0.5,
1.,0.5,1.)) REPRESENTATION_ITEM('') );
#3528 = CARTESIAN_POINT('',(-6.790871907643,0.79912719599));
#3529 = CARTESIAN_POINT('',(-5.833939424087,0.35290225057));
#3530 = CARTESIAN_POINT('',(-6.6988478044,-0.252713117187));
#3531 = CARTESIAN_POINT('',(-7.563756184714,-0.858328484943));
#3532 = CARTESIAN_POINT('',(-7.655780287957,0.193511828233));
#3533 = CARTESIAN_POINT('',(-7.747804391199,1.245352141409));
#3534 = CARTESIAN_POINT('',(-6.790871907643,0.79912719599));
#3535 = ( GEOMETRIC_REPRESENTATION_CONTEXT(2) 
PARAMETRIC_REPRESENTATION_CONTEXT() REPRESENTATION_CONTEXT('2D SPACE',''
  ) );
#3536 = PCURVE('',#1522,#3537);
#3537 = DEFINITIONAL_REPRESENTATION('',(#3538),#3542);
#3538 = LINE('',#3539,#3540);
#3539 = CARTESIAN_POINT('',(2.705260340591,10.922));
#3540 = VECTOR('',#3541,1.);
#3541 = DIRECTION('',(-1.,0.));
#3542 = ( GEOMETRIC_REPRESENTATION_CONTEXT(2) 
PARAMETRIC_REPRESENTATION_CONTEXT() REPRESENTATION_CONTEXT('2D SPACE',''
  ) );
#3543 = ORIENTED_EDGE('',*,*,#3544,.T.);
#3544 = EDGE_CURVE('',#3517,#3545,#3547,.T.);
#3545 = VERTEX_POINT('',#3546);
#3546 = CARTESIAN_POINT('',(-0.24354614341,6.439770787425,-1.68947898276
    ));
#3547 = SURFACE_CURVE('',#3548,(#3552,#3559),.PCURVE_S1.);
#3548 = LINE('',#3549,#3550);
#3549 = CARTESIAN_POINT('',(0.24973778309,6.439664355389,-1.689472584584
    ));
#3550 = VECTOR('',#3551,1.);
#3551 = DIRECTION('',(-0.999999976639,2.157622180403E-04,
    -1.297057329236E-05));
#3552 = PCURVE('',#2905,#3553);
#3553 = DEFINITIONAL_REPRESENTATION('',(#3554),#3558);
#3554 = LINE('',#3555,#3556);
#3555 = CARTESIAN_POINT('',(-6.4389,0.246641969012));
#3556 = VECTOR('',#3557,1.);
#3557 = DIRECTION('',(-3.459928481247E-20,-1.));
#3558 = ( GEOMETRIC_REPRESENTATION_CONTEXT(2) 
PARAMETRIC_REPRESENTATION_CONTEXT() REPRESENTATION_CONTEXT('2D SPACE',''
  ) );
#3559 = PCURVE('',#1617,#3560);
#3560 = DEFINITIONAL_REPRESENTATION('',(#3561),#3565);
#3561 = LINE('',#3562,#3563);
#3562 = CARTESIAN_POINT('',(10.922,-1.233279971202E-17));
#3563 = VECTOR('',#3564,1.);
#3564 = DIRECTION('',(0.,1.));
#3565 = ( GEOMETRIC_REPRESENTATION_CONTEXT(2) 
PARAMETRIC_REPRESENTATION_CONTEXT() REPRESENTATION_CONTEXT('2D SPACE',''
  ) );
#3566 = ORIENTED_EDGE('',*,*,#3567,.T.);
#3567 = EDGE_CURVE('',#3545,#3568,#3570,.T.);
#3568 = VERTEX_POINT('',#3569);
#3569 = CARTESIAN_POINT('',(-0.795955415177,6.791861892277,
    -1.689491128054));
#3570 = SURFACE_CURVE('',#3571,(#3576,#3587),.PCURVE_S1.);
#3571 = CIRCLE('',#3572,0.6096);
#3572 = AXIS2_PLACEMENT_3D('',#3573,#3574,#3575);
#3573 = CARTESIAN_POINT('',(-0.24341461465,7.049370773175,
    -1.689487606593));
#3574 = DIRECTION('',(1.296752066396E-05,-1.414950665963E-05,
    -0.999999999816));
#3575 = DIRECTION('',(-2.157624015277E-04,-0.999999976623,
    1.414670842806E-05));
#3576 = PCURVE('',#2905,#3577);
#3577 = DEFINITIONAL_REPRESENTATION('',(#3578),#3586);
#3578 = ( BOUNDED_CURVE() B_SPLINE_CURVE(2,(#3579,#3580,#3581,#3582,
#3583,#3584,#3585),.UNSPECIFIED.,.T.,.F.) B_SPLINE_CURVE_WITH_KNOTS((1,2
    ,2,2,2,1),(-2.094395102393,0.,2.094395102393,4.188790204786,
6.28318530718,8.377580409573),.UNSPECIFIED.) CURVE() 
GEOMETRIC_REPRESENTATION_ITEM() RATIONAL_B_SPLINE_CURVE((1.,0.5,1.,0.5,
1.,0.5,1.)) REPRESENTATION_ITEM('') );
#3579 = CARTESIAN_POINT('',(-6.4389,-0.246641969012));
#3580 = CARTESIAN_POINT('',(-6.4389,-1.302500141306));
#3581 = CARTESIAN_POINT('',(-7.3533,-0.774571055159));
#3582 = CARTESIAN_POINT('',(-8.2677,-0.246641969012));
#3583 = CARTESIAN_POINT('',(-7.3533,0.281287117135));
#3584 = CARTESIAN_POINT('',(-6.4389,0.809216203282));
#3585 = CARTESIAN_POINT('',(-6.4389,-0.246641969012));
#3586 = ( GEOMETRIC_REPRESENTATION_CONTEXT(2) 
PARAMETRIC_REPRESENTATION_CONTEXT() REPRESENTATION_CONTEXT('2D SPACE',''
  ) );
#3587 = PCURVE('',#1725,#3588);
#3588 = DEFINITIONAL_REPRESENTATION('',(#3589),#3593);
#3589 = LINE('',#3590,#3591);
#3590 = CARTESIAN_POINT('',(1.570796326795,10.922));
#3591 = VECTOR('',#3592,1.);
#3592 = DIRECTION('',(-1.,0.));
#3593 = ( GEOMETRIC_REPRESENTATION_CONTEXT(2) 
PARAMETRIC_REPRESENTATION_CONTEXT() REPRESENTATION_CONTEXT('2D SPACE',''
  ) );
#3594 = ORIENTED_EDGE('',*,*,#3595,.T.);
#3595 = EDGE_CURVE('',#3568,#3596,#3598,.T.);
#3596 = VERTEX_POINT('',#3597);
#3597 = CARTESIAN_POINT('',(-1.036231086807,7.307425128481,
    -1.689501538799));
#3598 = SURFACE_CURVE('',#3599,(#3603,#3610),.PCURVE_S1.);
#3599 = LINE('',#3600,#3601);
#3600 = CARTESIAN_POINT('',(-0.795955415177,6.791861892277,
    -1.689491128054));
#3601 = VECTOR('',#3602,1.);
#3602 = DIRECTION('',(-0.422422704723,0.906398950904,-1.830287314789E-05
    ));
#3603 = PCURVE('',#2905,#3604);
#3604 = DEFINITIONAL_REPRESENTATION('',(#3605),#3609);
#3605 = LINE('',#3606,#3607);
#3606 = CARTESIAN_POINT('',(-6.790871907642,-0.799127195989));
#3607 = VECTOR('',#3608,1.);
#3608 = DIRECTION('',(-0.906307787037,-0.422618261741));
#3609 = ( GEOMETRIC_REPRESENTATION_CONTEXT(2) 
PARAMETRIC_REPRESENTATION_CONTEXT() REPRESENTATION_CONTEXT('2D SPACE',''
  ) );
#3610 = PCURVE('',#1841,#3611);
#3611 = DEFINITIONAL_REPRESENTATION('',(#3612),#3616);
#3612 = LINE('',#3613,#3614);
#3613 = CARTESIAN_POINT('',(10.922,5.333461536999E-16));
#3614 = VECTOR('',#3615,1.);
#3615 = DIRECTION('',(3.388131789017E-21,1.));
#3616 = ( GEOMETRIC_REPRESENTATION_CONTEXT(2) 
PARAMETRIC_REPRESENTATION_CONTEXT() REPRESENTATION_CONTEXT('2D SPACE',''
  ) );
#3617 = ORIENTED_EDGE('',*,*,#3618,.F.);
#3618 = EDGE_CURVE('',#2889,#3596,#3619,.T.);
#3619 = SURFACE_CURVE('',#3620,(#3625,#3636),.PCURVE_S1.);
#3620 = CIRCLE('',#3621,0.6096);
#3621 = AXIS2_PLACEMENT_3D('',#3622,#3623,#3624);
#3622 = CARTESIAN_POINT('',(-1.588771887334,7.049916247587,
    -1.68950506026));
#3623 = DIRECTION('',(1.296752066396E-05,-1.414950665963E-05,
    -0.999999999816));
#3624 = DIRECTION('',(-0.220095821464,0.975478256599,-1.665663320402E-05
    ));
#3625 = PCURVE('',#2905,#3626);
#3626 = DEFINITIONAL_REPRESENTATION('',(#3627),#3635);
#3627 = ( BOUNDED_CURVE() B_SPLINE_CURVE(2,(#3628,#3629,#3630,#3631,
#3632,#3633,#3634),.UNSPECIFIED.,.T.,.F.) B_SPLINE_CURVE_WITH_KNOTS((1,2
    ,2,2,2,1),(-2.094395102393,0.,2.094395102393,4.188790204786,
6.28318530718,8.377580409573),.UNSPECIFIED.) CURVE() 
GEOMETRIC_REPRESENTATION_ITEM() RATIONAL_B_SPLINE_CURVE((1.,0.5,1.,0.5,
1.,0.5,1.)) REPRESENTATION_ITEM('') );
#3628 = CARTESIAN_POINT('',(-7.643377779665,-1.726298041284));
#3629 = CARTESIAN_POINT('',(-7.875989974142,-0.696381517007));
#3630 = CARTESIAN_POINT('',(-6.867750003101,-1.009891709498));
#3631 = CARTESIAN_POINT('',(-5.859510032061,-1.323401901989));
#3632 = CARTESIAN_POINT('',(-6.635137808624,-2.039808233776));
#3633 = CARTESIAN_POINT('',(-7.410765585187,-2.756214565562));
#3634 = CARTESIAN_POINT('',(-7.643377779665,-1.726298041284));
#3635 = ( GEOMETRIC_REPRESENTATION_CONTEXT(2) 
PARAMETRIC_REPRESENTATION_CONTEXT() REPRESENTATION_CONTEXT('2D SPACE',''
  ) );
#3636 = PCURVE('',#1977,#3637);
#3637 = DEFINITIONAL_REPRESENTATION('',(#3638),#3642);
#3638 = LINE('',#3639,#3640);
#3639 = CARTESIAN_POINT('',(4.934517442456,10.922));
#3640 = VECTOR('',#3641,1.);
#3641 = DIRECTION('',(-1.,0.));
#3642 = ( GEOMETRIC_REPRESENTATION_CONTEXT(2) 
PARAMETRIC_REPRESENTATION_CONTEXT() REPRESENTATION_CONTEXT('2D SPACE',''
  ) );
#3643 = ORIENTED_EDGE('',*,*,#2888,.T.);
#3644 = ORIENTED_EDGE('',*,*,#3645,.F.);
#3645 = EDGE_CURVE('',#3646,#2861,#3648,.T.);
#3646 = VERTEX_POINT('',#3647);
#3647 = CARTESIAN_POINT('',(-3.45048594116,6.523562032663,
    -1.689521754423));
#3648 = SURFACE_CURVE('',#3649,(#3654,#3665),.PCURVE_S1.);
#3649 = CIRCLE('',#3650,0.6096);
#3650 = AXIS2_PLACEMENT_3D('',#3651,#3652,#3653);
#3651 = CARTESIAN_POINT('',(-2.85206092724,6.639750081431,
    -1.689515638337));
#3652 = DIRECTION('',(1.296752066396E-05,-1.414950665963E-05,
    -0.999999999816));
#3653 = DIRECTION('',(-0.981668329923,-0.190597192858,
    -1.003294810563E-05));
#3654 = PCURVE('',#2905,#3655);
#3655 = DEFINITIONAL_REPRESENTATION('',(#3656),#3664);
#3656 = ( BOUNDED_CURVE() B_SPLINE_CURVE(2,(#3657,#3658,#3659,#3660,
#3661,#3662,#3663),.UNSPECIFIED.,.T.,.F.) B_SPLINE_CURVE_WITH_KNOTS((1,2
    ,2,2,2,1),(-2.094395102393,0.,2.094395102393,4.188790204786,
6.28318530718,8.377580409573),.UNSPECIFIED.) CURVE() 
GEOMETRIC_REPRESENTATION_ITEM() RATIONAL_B_SPLINE_CURVE((1.,0.5,1.,0.5,
1.,0.5,1.)) REPRESENTATION_ITEM('') );
#3657 = CARTESIAN_POINT('',(-6.521999306853,-3.453599771386));
#3658 = CARTESIAN_POINT('',(-7.558458390642,-3.655067008502));
#3659 = CARTESIAN_POINT('',(-7.21470459412,-2.656733493399));
#3660 = CARTESIAN_POINT('',(-6.870950797599,-1.658399978297));
#3661 = CARTESIAN_POINT('',(-6.178245510331,-2.455266256283));
#3662 = CARTESIAN_POINT('',(-5.485540223064,-3.25213253427));
#3663 = CARTESIAN_POINT('',(-6.521999306853,-3.453599771386));
#3664 = ( GEOMETRIC_REPRESENTATION_CONTEXT(2) 
PARAMETRIC_REPRESENTATION_CONTEXT() REPRESENTATION_CONTEXT('2D SPACE',''
  ) );
#3665 = PCURVE('',#2876,#3666);
#3666 = DEFINITIONAL_REPRESENTATION('',(#3667),#3671);
#3667 = LINE('',#3668,#3669);
#3668 = CARTESIAN_POINT('',(5.846852994181,10.922));
#3669 = VECTOR('',#3670,1.);
#3670 = DIRECTION('',(-1.,0.));
#3671 = ( GEOMETRIC_REPRESENTATION_CONTEXT(2) 
PARAMETRIC_REPRESENTATION_CONTEXT() REPRESENTATION_CONTEXT('2D SPACE',''
  ) );
#3672 = ORIENTED_EDGE('',*,*,#3673,.T.);
#3673 = EDGE_CURVE('',#3646,#3674,#3676,.T.);
#3674 = VERTEX_POINT('',#3675);
#3675 = CARTESIAN_POINT('',(-3.342073519266,5.965185281981,
    -1.689512447827));
#3676 = SURFACE_CURVE('',#3677,(#3681,#3688),.PCURVE_S1.);
#3677 = LINE('',#3678,#3679);
#3678 = CARTESIAN_POINT('',(-3.45048594116,6.523562032663,
    -1.689521754423));
#3679 = VECTOR('',#3680,1.);
#3680 = DIRECTION('',(0.19059719268,-0.981668329873,1.636169560866E-05)
  );
#3681 = PCURVE('',#2905,#3682);
#3682 = DEFINITIONAL_REPRESENTATION('',(#3683),#3687);
#3683 = LINE('',#3684,#3685);
#3684 = CARTESIAN_POINT('',(-6.521999306852,-3.453599771385));
#3685 = VECTOR('',#3686,1.);
#3686 = DIRECTION('',(0.981627183448,0.190808995376));
#3687 = ( GEOMETRIC_REPRESENTATION_CONTEXT(2) 
PARAMETRIC_REPRESENTATION_CONTEXT() REPRESENTATION_CONTEXT('2D SPACE',''
  ) );
#3688 = PCURVE('',#3689,#3694);
#3689 = PLANE('',#3690);
#3690 = AXIS2_PLACEMENT_3D('',#3691,#3692,#3693);
#3691 = CARTESIAN_POINT('',(-3.4503443099,6.523407491752,-12.61152175241
    ));
#3692 = DIRECTION('',(0.981668329923,0.190597192857,1.003294810565E-05)
  );
#3693 = DIRECTION('',(1.296752066396E-05,-1.414950665963E-05,
    -0.999999999816));
#3694 = DEFINITIONAL_REPRESENTATION('',(#3695),#3699);
#3695 = LINE('',#3696,#3697);
#3696 = CARTESIAN_POINT('',(-10.922,5.078674026465E-16));
#3697 = VECTOR('',#3698,1.);
#3698 = DIRECTION('',(0.,-1.));
#3699 = ( GEOMETRIC_REPRESENTATION_CONTEXT(2) 
PARAMETRIC_REPRESENTATION_CONTEXT() REPRESENTATION_CONTEXT('2D SPACE',''
  ) );
#3700 = ORIENTED_EDGE('',*,*,#3701,.T.);
#3701 = EDGE_CURVE('',#3674,#3702,#3704,.T.);
#3702 = VERTEX_POINT('',#3703);
#3703 = CARTESIAN_POINT('',(-3.582291060764,5.355743174372,
    -1.689506939547));
#3704 = SURFACE_CURVE('',#3705,(#3710,#3721),.PCURVE_S1.);
#3705 = CIRCLE('',#3706,0.6096);
#3706 = AXIS2_PLACEMENT_3D('',#3707,#3708,#3709);
#3707 = CARTESIAN_POINT('',(-3.940498533188,5.848997233214,
    -1.689518563912));
#3708 = DIRECTION('',(1.296752066396E-05,-1.414950665963E-05,
    -0.999999999816));
#3709 = DIRECTION('',(0.981668329923,0.190597192858,1.003294810563E-05)
  );
#3710 = PCURVE('',#2905,#3711);
#3711 = DEFINITIONAL_REPRESENTATION('',(#3712),#3720);
#3712 = ( BOUNDED_CURVE() B_SPLINE_CURVE(2,(#3713,#3714,#3715,#3716,
#3717,#3718,#3719),.UNSPECIFIED.,.T.,.F.) B_SPLINE_CURVE_WITH_KNOTS((1,2
    ,2,2,2,1),(-2.094395102393,0.,2.094395102393,4.188790204786,
6.28318530718,8.377580409573),.UNSPECIFIED.) CURVE() 
GEOMETRIC_REPRESENTATION_ITEM() RATIONAL_B_SPLINE_CURVE((1.,0.5,1.,0.5,
1.,0.5,1.)) REPRESENTATION_ITEM('') );
#3713 = CARTESIAN_POINT('',(-5.963645960415,-3.345066875297));
#3714 = CARTESIAN_POINT('',(-4.927186876626,-3.143599638181));
#3715 = CARTESIAN_POINT('',(-5.270940673148,-4.141933153284));
#3716 = CARTESIAN_POINT('',(-5.614694469669,-5.140266668386));
#3717 = CARTESIAN_POINT('',(-6.307399756937,-4.3434003904));
#3718 = CARTESIAN_POINT('',(-7.000105044204,-3.546534112413));
#3719 = CARTESIAN_POINT('',(-5.963645960415,-3.345066875297));
#3720 = ( GEOMETRIC_REPRESENTATION_CONTEXT(2) 
PARAMETRIC_REPRESENTATION_CONTEXT() REPRESENTATION_CONTEXT('2D SPACE',''
  ) );
#3721 = PCURVE('',#3722,#3727);
#3722 = CYLINDRICAL_SURFACE('',#3723,0.6096);
#3723 = AXIS2_PLACEMENT_3D('',#3724,#3725,#3726);
#3724 = CARTESIAN_POINT('',(-3.940356901927,5.848842692302,
    -12.6115185619));
#3725 = DIRECTION('',(-1.296752066396E-05,1.414950665963E-05,
    0.999999999816));
#3726 = DIRECTION('',(-0.809143797433,-0.587610683251,
    -2.178187637803E-06));
#3727 = DEFINITIONAL_REPRESENTATION('',(#3728),#3732);
#3728 = LINE('',#3729,#3730);
#3729 = CARTESIAN_POINT('',(2.705260340591,10.922));
#3730 = VECTOR('',#3731,1.);
#3731 = DIRECTION('',(-1.,0.));
#3732 = ( GEOMETRIC_REPRESENTATION_CONTEXT(2) 
PARAMETRIC_REPRESENTATION_CONTEXT() REPRESENTATION_CONTEXT('2D SPACE',''
  ) );
#3733 = ORIENTED_EDGE('',*,*,#3734,.T.);
#3734 = EDGE_CURVE('',#3702,#3735,#3737,.T.);
#3735 = VERTEX_POINT('',#3736);
#3736 = CARTESIAN_POINT('',(-3.981428699588,5.065884262515,
    -1.689508014012));
#3737 = SURFACE_CURVE('',#3738,(#3742,#3749),.PCURVE_S1.);
#3738 = LINE('',#3739,#3740);
#3739 = CARTESIAN_POINT('',(-3.582291060764,5.355743174372,
    -1.689506939547));
#3740 = VECTOR('',#3741,1.);
#3741 = DIRECTION('',(-0.809143797433,-0.587610683251,
    -2.178187637803E-06));
#3742 = PCURVE('',#2905,#3743);
#3743 = DEFINITIONAL_REPRESENTATION('',(#3744),#3748);
#3744 = LINE('',#3745,#3746);
#3745 = CARTESIAN_POINT('',(-5.354152037062,-3.58515291653));
#3746 = VECTOR('',#3747,1.);
#3747 = DIRECTION('',(0.587785252293,-0.809016994375));
#3748 = ( GEOMETRIC_REPRESENTATION_CONTEXT(2) 
PARAMETRIC_REPRESENTATION_CONTEXT() REPRESENTATION_CONTEXT('2D SPACE',''
  ) );
#3749 = PCURVE('',#3750,#3755);
#3750 = PLANE('',#3751);
#3751 = AXIS2_PLACEMENT_3D('',#3752,#3753,#3754);
#3752 = CARTESIAN_POINT('',(-3.582149429503,5.35558863346,
    -12.61150693753));
#3753 = DIRECTION('',(0.587610683112,-0.809143797312,1.90688392278E-05)
  );
#3754 = DIRECTION('',(0.809143797433,0.587610683251,2.178187637803E-06)
  );
#3755 = DEFINITIONAL_REPRESENTATION('',(#3756),#3760);
#3756 = LINE('',#3757,#3758);
#3757 = CARTESIAN_POINT('',(5.977443746138E-16,10.922));
#3758 = VECTOR('',#3759,1.);
#3759 = DIRECTION('',(-1.,-2.117582368136E-21));
#3760 = ( GEOMETRIC_REPRESENTATION_CONTEXT(2) 
PARAMETRIC_REPRESENTATION_CONTEXT() REPRESENTATION_CONTEXT('2D SPACE',''
  ) );
#3761 = ORIENTED_EDGE('',*,*,#3762,.T.);
#3762 = EDGE_CURVE('',#3735,#3763,#3765,.T.);
#3763 = VERTEX_POINT('',#3764);
#3764 = CARTESIAN_POINT('',(-4.635291147256,5.0260339267,-1.689515929125
    ));
#3765 = SURFACE_CURVE('',#3766,(#3771,#3782),.PCURVE_S1.);
#3766 = CIRCLE('',#3767,0.6096);
#3767 = AXIS2_PLACEMENT_3D('',#3768,#3769,#3770);
#3768 = CARTESIAN_POINT('',(-4.339636172012,5.559138321356,
    -1.689519638377));
#3769 = DIRECTION('',(1.296752066396E-05,-1.414950665963E-05,
    -0.999999999816));
#3770 = DIRECTION('',(0.587610683112,-0.809143797312,1.90688392278E-05)
  );
#3771 = PCURVE('',#2905,#3772);
#3772 = DEFINITIONAL_REPRESENTATION('',(#3773),#3781);
#3773 = ( BOUNDED_CURVE() B_SPLINE_CURVE(2,(#3774,#3775,#3776,#3777,
#3778,#3779,#3780),.UNSPECIFIED.,.T.,.F.) B_SPLINE_CURVE_WITH_KNOTS((1,2
    ,2,2,2,1),(-2.094395102393,0.,2.094395102393,4.188790204786,
6.28318530718,8.377580409573),.UNSPECIFIED.) CURVE() 
GEOMETRIC_REPRESENTATION_ITEM() RATIONAL_B_SPLINE_CURVE((1.,0.5,1.,0.5,
1.,0.5,1.)) REPRESENTATION_ITEM('') );
#3774 = CARTESIAN_POINT('',(-5.0642070131,-3.984228005441));
#3775 = CARTESIAN_POINT('',(-4.443589150913,-4.838435210477));
#3776 = CARTESIAN_POINT('',(-5.493663221663,-4.948802442655));
#3777 = CARTESIAN_POINT('',(-6.543737292413,-5.059169674834));
#3778 = CARTESIAN_POINT('',(-6.11428108385,-4.09459523762));
#3779 = CARTESIAN_POINT('',(-5.684824875287,-3.130020800406));
#3780 = CARTESIAN_POINT('',(-5.0642070131,-3.984228005441));
#3781 = ( GEOMETRIC_REPRESENTATION_CONTEXT(2) 
PARAMETRIC_REPRESENTATION_CONTEXT() REPRESENTATION_CONTEXT('2D SPACE',''
  ) );
#3782 = PCURVE('',#3783,#3788);
#3783 = CYLINDRICAL_SURFACE('',#3784,0.6096);
#3784 = AXIS2_PLACEMENT_3D('',#3785,#3786,#3787);
#3785 = CARTESIAN_POINT('',(-4.339494540751,5.558983780445,
    -12.61151963636));
#3786 = DIRECTION('',(-1.296752066396E-05,1.414950665963E-05,
    0.999999999816));
#3787 = DIRECTION('',(-0.809143797433,-0.587610683251,
    -2.178187637803E-06));
#3788 = DEFINITIONAL_REPRESENTATION('',(#3789),#3793);
#3789 = LINE('',#3790,#3791);
#3790 = CARTESIAN_POINT('',(1.570796326795,10.922));
#3791 = VECTOR('',#3792,1.);
#3792 = DIRECTION('',(-1.,0.));
#3793 = ( GEOMETRIC_REPRESENTATION_CONTEXT(2) 
PARAMETRIC_REPRESENTATION_CONTEXT() REPRESENTATION_CONTEXT('2D SPACE',''
  ) );
#3794 = ORIENTED_EDGE('',*,*,#3795,.T.);
#3795 = EDGE_CURVE('',#3763,#3796,#3798,.T.);
#3796 = VERTEX_POINT('',#3797);
#3797 = CARTESIAN_POINT('',(-5.132718715835,5.301902850142,
    -1.689526282936));
#3798 = SURFACE_CURVE('',#3799,(#3803,#3810),.PCURVE_S1.);
#3799 = LINE('',#3800,#3801);
#3800 = CARTESIAN_POINT('',(-4.635291147256,5.0260339267,-1.689515929125
    ));
#3801 = VECTOR('',#3802,1.);
#3802 = DIRECTION('',(-0.87451508302,0.484998318801,-1.820277935514E-05)
  );
#3803 = PCURVE('',#2905,#3804);
#3804 = DEFINITIONAL_REPRESENTATION('',(#3805),#3809);
#3805 = LINE('',#3806,#3807);
#3806 = CARTESIAN_POINT('',(-5.024215599397,-4.638081839741));
#3807 = VECTOR('',#3808,1.);
#3808 = DIRECTION('',(-0.484809620246,-0.874619707139));
#3809 = ( GEOMETRIC_REPRESENTATION_CONTEXT(2) 
PARAMETRIC_REPRESENTATION_CONTEXT() REPRESENTATION_CONTEXT('2D SPACE',''
  ) );
#3810 = PCURVE('',#3811,#3816);
#3811 = PLANE('',#3812);
#3812 = AXIS2_PLACEMENT_3D('',#3813,#3814,#3815);
#3813 = CARTESIAN_POINT('',(-4.635149515995,5.025879385788,
    -12.61151592711));
#3814 = DIRECTION('',(-0.484998318969,-0.874515083095,6.084731270092E-06
    ));
#3815 = DIRECTION('',(-1.296752066396E-05,1.414950665963E-05,
    0.999999999816));
#3816 = DEFINITIONAL_REPRESENTATION('',(#3817),#3821);
#3817 = LINE('',#3818,#3819);
#3818 = CARTESIAN_POINT('',(10.922,3.063684288901E-16));
#3819 = VECTOR('',#3820,1.);
#3820 = DIRECTION('',(0.,1.));
#3821 = ( GEOMETRIC_REPRESENTATION_CONTEXT(2) 
PARAMETRIC_REPRESENTATION_CONTEXT() REPRESENTATION_CONTEXT('2D SPACE',''
  ) );
#3822 = ORIENTED_EDGE('',*,*,#3823,.F.);
#3823 = EDGE_CURVE('',#3824,#3796,#3826,.T.);
#3824 = VERTEX_POINT('',#3825);
#3825 = CARTESIAN_POINT('',(-5.886447243705,5.171018271325,
    -1.689534204974));
#3826 = SURFACE_CURVE('',#3827,(#3832,#3843),.PCURVE_S1.);
#3827 = CIRCLE('',#3828,0.6096);
#3828 = AXIS2_PLACEMENT_3D('',#3829,#3830,#3831);
#3829 = CARTESIAN_POINT('',(-5.428373691081,4.768798455489,
    -1.689522573684));
#3830 = DIRECTION('',(1.296752066396E-05,-1.414950665963E-05,
    -0.999999999816));
#3831 = DIRECTION('',(-0.75143299315,0.659809409179,-1.908020049904E-05)
  );
#3832 = PCURVE('',#2905,#3833);
#3833 = DEFINITIONAL_REPRESENTATION('',(#3834),#3842);
#3834 = ( BOUNDED_CURVE() B_SPLINE_CURVE(2,(#3835,#3836,#3837,#3838,
#3839,#3840,#3841),.UNSPECIFIED.,.T.,.F.) B_SPLINE_CURVE_WITH_KNOTS((1,2
    ,2,2,2,1),(-2.094395102393,0.,2.094395102393,4.188790204786,
6.28318530718,8.377580409573),.UNSPECIFIED.) CURVE() 
GEOMETRIC_REPRESENTATION_ITEM() RATIONAL_B_SPLINE_CURVE((1.,0.5,1.,0.5,
1.,0.5,1.)) REPRESENTATION_ITEM('') );
#3835 = CARTESIAN_POINT('',(-5.168929988447,-5.889269189344));
#3836 = CARTESIAN_POINT('',(-5.962486950942,-5.192775235834));
#3837 = CARTESIAN_POINT('',(-4.962527012372,-4.853781723718));
#3838 = CARTESIAN_POINT('',(-3.962567073803,-4.514788211603));
#3839 = CARTESIAN_POINT('',(-4.168970049878,-5.550275677228));
#3840 = CARTESIAN_POINT('',(-4.375373025952,-6.585763142854));
#3841 = CARTESIAN_POINT('',(-5.168929988447,-5.889269189344));
#3842 = ( GEOMETRIC_REPRESENTATION_CONTEXT(2) 
PARAMETRIC_REPRESENTATION_CONTEXT() REPRESENTATION_CONTEXT('2D SPACE',''
  ) );
#3843 = PCURVE('',#3844,#3849);
#3844 = CYLINDRICAL_SURFACE('',#3845,0.6096);
#3845 = AXIS2_PLACEMENT_3D('',#3846,#3847,#3848);
#3846 = CARTESIAN_POINT('',(-5.428232059821,4.768643914577,
    -12.61152257167));
#3847 = DIRECTION('',(-1.296752066396E-05,1.414950665963E-05,
    0.999999999816));
#3848 = DIRECTION('',(-0.809143797433,-0.587610683251,
    -2.178187637803E-06));
#3849 = DEFINITIONAL_REPRESENTATION('',(#3850),#3854);
#3850 = LINE('',#3851,#3852);
#3851 = CARTESIAN_POINT('',(4.934517442457,10.922));
#3852 = VECTOR('',#3853,1.);
#3853 = DIRECTION('',(-1.,0.));
#3854 = ( GEOMETRIC_REPRESENTATION_CONTEXT(2) 
PARAMETRIC_REPRESENTATION_CONTEXT() REPRESENTATION_CONTEXT('2D SPACE',''
  ) );
#3855 = ORIENTED_EDGE('',*,*,#3856,.T.);
#3856 = EDGE_CURVE('',#3824,#3857,#3859,.T.);
#3857 = VERTEX_POINT('',#3858);
#3858 = CARTESIAN_POINT('',(-6.733258250382,4.006011595275,
    -1.689528701744));
#3859 = SURFACE_CURVE('',#3860,(#3865,#3872),.PCURVE_S1.);
#3860 = CIRCLE('',#3861,7.8359);
#3861 = AXIS2_PLACEMENT_3D('',#3862,#3863,#3864);
#3862 = CARTESIAN_POINT('',(1.706547312648E-03,8.177219276909E-04,
    -1.689384694431));
#3863 = DIRECTION('',(-1.296752066396E-05,1.414950665963E-05,
    0.999999999816));
#3864 = DIRECTION('',(-0.751432993149,0.65980940918,-1.908020049904E-05)
  );
#3865 = PCURVE('',#2905,#3866);
#3866 = DEFINITIONAL_REPRESENTATION('',(#3867),#3871);
#3867 = CIRCLE('',#3868,7.8359);
#3868 = AXIS2_PLACEMENT_2D('',#3869,#3870);
#3869 = CARTESIAN_POINT('',(0.,0.));
#3870 = DIRECTION('',(-0.659647263039,-0.751575337784));
#3871 = ( GEOMETRIC_REPRESENTATION_CONTEXT(2) 
PARAMETRIC_REPRESENTATION_CONTEXT() REPRESENTATION_CONTEXT('2D SPACE',''
  ) );
#3872 = PCURVE('',#3873,#3878);
#3873 = CYLINDRICAL_SURFACE('',#3874,7.8359);
#3874 = AXIS2_PLACEMENT_3D('',#3875,#3876,#3877);
#3875 = CARTESIAN_POINT('',(1.870082012494E-03,6.392810842556E-04,
    -14.3004846921));
#3876 = DIRECTION('',(1.296752066396E-05,-1.414950665963E-05,
    -0.999999999816));
#3877 = DIRECTION('',(0.999999976639,-2.157622180403E-04,
    1.297057329236E-05));
#3878 = DEFINITIONAL_REPRESENTATION('',(#3879),#3883);
#3879 = LINE('',#3880,#3881);
#3880 = CARTESIAN_POINT('',(3.861941987595,-12.6111));
#3881 = VECTOR('',#3882,1.);
#3882 = DIRECTION('',(-1.,0.));
#3883 = ( GEOMETRIC_REPRESENTATION_CONTEXT(2) 
PARAMETRIC_REPRESENTATION_CONTEXT() REPRESENTATION_CONTEXT('2D SPACE',''
  ) );
#3884 = ORIENTED_EDGE('',*,*,#3885,.F.);
#3885 = EDGE_CURVE('',#3886,#3857,#3888,.T.);
#3886 = VERTEX_POINT('',#3887);
#3887 = CARTESIAN_POINT('',(-6.625148754474,3.248680885804,
    -1.689516583976));
#3888 = SURFACE_CURVE('',#3889,(#3894,#3905),.PCURVE_S1.);
#3889 = CIRCLE('',#3890,0.6096);
#3890 = AXIS2_PLACEMENT_3D('',#3891,#3892,#3893);
#3891 = CARTESIAN_POINT('',(-6.209306369847,3.694424389567,
    -1.689517498582));
#3892 = DIRECTION('',(1.296752066396E-05,-1.414950665963E-05,
    -0.999999999816));
#3893 = DIRECTION('',(-0.682156142761,-0.731206535044,1.500337860133E-06
    ));
#3894 = PCURVE('',#2905,#3895);
#3895 = DEFINITIONAL_REPRESENTATION('',(#3896),#3904);
#3896 = ( BOUNDED_CURVE() B_SPLINE_CURVE(2,(#3897,#3898,#3899,#3900,
#3901,#3902,#3903),.UNSPECIFIED.,.T.,.F.) B_SPLINE_CURVE_WITH_KNOTS((1,2
    ,2,2,2,1),(-2.094395102393,0.,2.094395102393,4.188790204786,
6.28318530718,8.377580409573),.UNSPECIFIED.) CURVE() 
GEOMETRIC_REPRESENTATION_ITEM() RATIONAL_B_SPLINE_CURVE((1.,0.5,1.,0.5,
1.,0.5,1.)) REPRESENTATION_ITEM('') );
#3897 = CARTESIAN_POINT('',(-3.246433263604,-6.627555914849));
#3898 = CARTESIAN_POINT('',(-3.966526805567,-7.399761697541));
#3899 = CARTESIAN_POINT('',(-4.275229859346,-6.390039505754));
#3900 = CARTESIAN_POINT('',(-4.583932913125,-5.380317313967));
#3901 = CARTESIAN_POINT('',(-3.555136317383,-5.617833723062));
#3902 = CARTESIAN_POINT('',(-2.526339721641,-5.855350132157));
#3903 = CARTESIAN_POINT('',(-3.246433263604,-6.627555914849));
#3904 = ( GEOMETRIC_REPRESENTATION_CONTEXT(2) 
PARAMETRIC_REPRESENTATION_CONTEXT() REPRESENTATION_CONTEXT('2D SPACE',''
  ) );
#3905 = PCURVE('',#3906,#3911);
#3906 = CYLINDRICAL_SURFACE('',#3907,0.6096);
#3907 = AXIS2_PLACEMENT_3D('',#3908,#3909,#3910);
#3908 = CARTESIAN_POINT('',(-6.209164738586,3.694269848656,
    -12.61151749657));
#3909 = DIRECTION('',(-1.296752066396E-05,1.414950665963E-05,
    0.999999999816));
#3910 = DIRECTION('',(-0.309222189394,-0.95098981987,9.446191660508E-06)
  );
#3911 = DEFINITIONAL_REPRESENTATION('',(#3912),#3916);
#3912 = LINE('',#3913,#3914);
#3913 = CARTESIAN_POINT('',(5.846852994181,10.922));
#3914 = VECTOR('',#3915,1.);
#3915 = DIRECTION('',(-1.,0.));
#3916 = ( GEOMETRIC_REPRESENTATION_CONTEXT(2) 
PARAMETRIC_REPRESENTATION_CONTEXT() REPRESENTATION_CONTEXT('2D SPACE',''
  ) );
#3917 = ORIENTED_EDGE('',*,*,#3918,.T.);
#3918 = EDGE_CURVE('',#3886,#3919,#3921,.T.);
#3919 = VERTEX_POINT('',#3920);
#3920 = CARTESIAN_POINT('',(-6.209235643469,2.860667828052,
    -1.68950570042));
#3921 = SURFACE_CURVE('',#3922,(#3926,#3933),.PCURVE_S1.);
#3922 = LINE('',#3923,#3924);
#3923 = CARTESIAN_POINT('',(-6.625148754474,3.248680885804,
    -1.689516583976));
#3924 = VECTOR('',#3925,1.);
#3925 = DIRECTION('',(0.73120653493,-0.682156142616,1.913410873771E-05)
  );
#3926 = PCURVE('',#2905,#3927);
#3927 = DEFINITIONAL_REPRESENTATION('',(#3928),#3932);
#3928 = LINE('',#3929,#3930);
#3929 = CARTESIAN_POINT('',(-3.246433263603,-6.627555914849));
#3930 = VECTOR('',#3931,1.);
#3931 = DIRECTION('',(0.681998360062,0.731353701619));
#3932 = ( GEOMETRIC_REPRESENTATION_CONTEXT(2) 
PARAMETRIC_REPRESENTATION_CONTEXT() REPRESENTATION_CONTEXT('2D SPACE',''
  ) );
#3933 = PCURVE('',#3934,#3939);
#3934 = PLANE('',#3935);
#3935 = AXIS2_PLACEMENT_3D('',#3936,#3937,#3938);
#3936 = CARTESIAN_POINT('',(-6.625007123213,3.248526344892,
    -12.61151658196));
#3937 = DIRECTION('',(0.682156142761,0.731206535044,-1.500337860133E-06)
  );
#3938 = DIRECTION('',(1.296752066396E-05,-1.414950665963E-05,
    -0.999999999816));
#3939 = DEFINITIONAL_REPRESENTATION('',(#3940),#3944);
#3940 = LINE('',#3941,#3942);
#3941 = CARTESIAN_POINT('',(-10.922,9.253665542164E-17));
#3942 = VECTOR('',#3943,1.);
#3943 = DIRECTION('',(0.,-1.));
#3944 = ( GEOMETRIC_REPRESENTATION_CONTEXT(2) 
PARAMETRIC_REPRESENTATION_CONTEXT() REPRESENTATION_CONTEXT('2D SPACE',''
  ) );
#3945 = ORIENTED_EDGE('',*,*,#3946,.T.);
#3946 = EDGE_CURVE('',#3919,#3947,#3949,.T.);
#3947 = VERTEX_POINT('',#3948);
#3948 = CARTESIAN_POINT('',(-6.04535463393,2.226422477744,
    -1.689494601031));
#3949 = SURFACE_CURVE('',#3950,(#3955,#3966),.PCURVE_S1.);
#3950 = CIRCLE('',#3951,0.6096);
#3951 = AXIS2_PLACEMENT_3D('',#3952,#3953,#3954);
#3952 = CARTESIAN_POINT('',(-6.625078028096,2.414924324289,
    -1.689504785814));
#3953 = DIRECTION('',(1.296752066396E-05,-1.414950665963E-05,
    -0.999999999816));
#3954 = DIRECTION('',(0.682156142761,0.731206535044,-1.500337860133E-06)
  );
#3955 = PCURVE('',#2905,#3956);
#3956 = DEFINITIONAL_REPRESENTATION('',(#3957),#3965);
#3957 = ( BOUNDED_CURVE() B_SPLINE_CURVE(2,(#3958,#3959,#3960,#3961,
#3962,#3963,#3964),.UNSPECIFIED.,.T.,.F.) B_SPLINE_CURVE_WITH_KNOTS((1,2
    ,2,2,2,1),(-2.094395102393,0.,2.094395102393,4.188790204786,
6.28318530718,8.377580409573),.UNSPECIFIED.) CURVE() 
GEOMETRIC_REPRESENTATION_ITEM() RATIONAL_B_SPLINE_CURVE((1.,0.5,1.,0.5,
1.,0.5,1.)) REPRESENTATION_ITEM('') );
#3958 = CARTESIAN_POINT('',(-2.858509953179,-6.211559094861));
#3959 = CARTESIAN_POINT('',(-2.138416411216,-5.439353312169));
#3960 = CARTESIAN_POINT('',(-1.829713357437,-6.449075503956));
#3961 = CARTESIAN_POINT('',(-1.521010303658,-7.458797695743));
#3962 = CARTESIAN_POINT('',(-2.5498068994,-7.221281286648));
#3963 = CARTESIAN_POINT('',(-3.578603495142,-6.983764877553));
#3964 = CARTESIAN_POINT('',(-2.858509953179,-6.211559094861));
#3965 = ( GEOMETRIC_REPRESENTATION_CONTEXT(2) 
PARAMETRIC_REPRESENTATION_CONTEXT() REPRESENTATION_CONTEXT('2D SPACE',''
  ) );
#3966 = PCURVE('',#3967,#3972);
#3967 = CYLINDRICAL_SURFACE('',#3968,0.6096);
#3968 = AXIS2_PLACEMENT_3D('',#3969,#3970,#3971);
#3969 = CARTESIAN_POINT('',(-6.624936396836,2.414769783377,
    -12.6115047838));
#3970 = DIRECTION('',(-1.296752066396E-05,1.414950665963E-05,
    0.999999999816));
#3971 = DIRECTION('',(-0.309222189394,-0.95098981987,9.446191660508E-06)
  );
#3972 = DEFINITIONAL_REPRESENTATION('',(#3973),#3977);
#3973 = LINE('',#3974,#3975);
#3974 = CARTESIAN_POINT('',(2.705260340591,10.922));
#3975 = VECTOR('',#3976,1.);
#3976 = DIRECTION('',(-1.,0.));
#3977 = ( GEOMETRIC_REPRESENTATION_CONTEXT(2) 
PARAMETRIC_REPRESENTATION_CONTEXT() REPRESENTATION_CONTEXT('2D SPACE',''
  ) );
#3978 = ORIENTED_EDGE('',*,*,#3979,.T.);
#3979 = EDGE_CURVE('',#3947,#3980,#3982,.T.);
#3980 = VERTEX_POINT('',#3981);
#3981 = CARTESIAN_POINT('',(-6.197888973238,1.757314474378,
    -1.689489941377));
#3982 = SURFACE_CURVE('',#3983,(#3987,#3994),.PCURVE_S1.);
#3983 = LINE('',#3984,#3985);
#3984 = CARTESIAN_POINT('',(-6.04535463393,2.226422477744,
    -1.689494601031));
#3985 = VECTOR('',#3986,1.);
#3986 = DIRECTION('',(-0.309222189394,-0.95098981987,9.446191660508E-06)
  );
#3987 = PCURVE('',#2905,#3988);
#3988 = DEFINITIONAL_REPRESENTATION('',(#3989),#3993);
#3989 = LINE('',#3990,#3991);
#3990 = CARTESIAN_POINT('',(-2.224299976901,-6.047541242823));
#3991 = VECTOR('',#3992,1.);
#3992 = DIRECTION('',(0.951056516295,-0.309016994375));
#3993 = ( GEOMETRIC_REPRESENTATION_CONTEXT(2) 
PARAMETRIC_REPRESENTATION_CONTEXT() REPRESENTATION_CONTEXT('2D SPACE',''
  ) );
#3994 = PCURVE('',#3995,#4000);
#3995 = PLANE('',#3996);
#3996 = AXIS2_PLACEMENT_3D('',#3997,#3998,#3999);
#3997 = CARTESIAN_POINT('',(-6.04521300267,2.226267936832,
    -12.61149459902));
#3998 = DIRECTION('',(0.950989819829,-0.309222189215,1.670732156852E-05)
  );
#3999 = DIRECTION('',(0.309222189394,0.95098981987,-9.446191660508E-06)
  );
#4000 = DEFINITIONAL_REPRESENTATION('',(#4001),#4005);
#4001 = LINE('',#4002,#4003);
#4002 = CARTESIAN_POINT('',(3.459960182944E-17,10.922));
#4003 = VECTOR('',#4004,1.);
#4004 = DIRECTION('',(-1.,-1.694065894509E-21));
#4005 = ( GEOMETRIC_REPRESENTATION_CONTEXT(2) 
PARAMETRIC_REPRESENTATION_CONTEXT() REPRESENTATION_CONTEXT('2D SPACE',''
  ) );
#4006 = ORIENTED_EDGE('',*,*,#4007,.T.);
#4007 = EDGE_CURVE('',#3980,#4008,#4010,.T.);
#4008 = VERTEX_POINT('',#4009);
#4009 = CARTESIAN_POINT('',(-6.703451365765,1.340744171718,
    -1.689490603003));
#4010 = SURFACE_CURVE('',#4011,(#4016,#4027),.PCURVE_S1.);
#4011 = CIRCLE('',#4012,0.6096);
#4012 = AXIS2_PLACEMENT_3D('',#4013,#4014,#4015);
#4013 = CARTESIAN_POINT('',(-6.777612367407,1.945816320923,
    -1.68950012616));
#4014 = DIRECTION('',(1.296752066396E-05,-1.414950665963E-05,
    -0.999999999816));
#4015 = DIRECTION('',(0.950989819829,-0.309222189215,1.670732156852E-05)
  );
#4016 = PCURVE('',#2905,#4017);
#4017 = DEFINITIONAL_REPRESENTATION('',(#4018),#4026);
#4018 = ( BOUNDED_CURVE() B_SPLINE_CURVE(2,(#4019,#4020,#4021,#4022,
#4023,#4024,#4025),.UNSPECIFIED.,.T.,.F.) B_SPLINE_CURVE_WITH_KNOTS((1,2
    ,2,2,2,1),(-2.094395102393,0.,2.094395102393,4.188790204786,
6.28318530718,8.377580409573),.UNSPECIFIED.) CURVE() 
GEOMETRIC_REPRESENTATION_ITEM() RATIONAL_B_SPLINE_CURVE((1.,0.5,1.,0.5,
1.,0.5,1.)) REPRESENTATION_ITEM('') );
#4019 = CARTESIAN_POINT('',(-1.75515907326,-6.199974362724));
#4020 = CARTESIAN_POINT('',(-0.750978278216,-6.526252481613));
#4021 = CARTESIAN_POINT('',(-1.535633815395,-7.232759500669));
#4022 = CARTESIAN_POINT('',(-2.320289352573,-7.939266519725));
#4023 = CARTESIAN_POINT('',(-2.539814610438,-6.90648138178));
#4024 = CARTESIAN_POINT('',(-2.759339868304,-5.873696243836));
#4025 = CARTESIAN_POINT('',(-1.75515907326,-6.199974362724));
#4026 = ( GEOMETRIC_REPRESENTATION_CONTEXT(2) 
PARAMETRIC_REPRESENTATION_CONTEXT() REPRESENTATION_CONTEXT('2D SPACE',''
  ) );
#4027 = PCURVE('',#4028,#4033);
#4028 = CYLINDRICAL_SURFACE('',#4029,0.6096);
#4029 = AXIS2_PLACEMENT_3D('',#4030,#4031,#4032);
#4030 = CARTESIAN_POINT('',(-6.777470736146,1.945661780012,
    -12.61150012414));
#4031 = DIRECTION('',(-1.296752066396E-05,1.414950665963E-05,
    0.999999999816));
#4032 = DIRECTION('',(-0.309222189394,-0.95098981987,9.446191660508E-06)
  );
#4033 = DEFINITIONAL_REPRESENTATION('',(#4034),#4038);
#4034 = LINE('',#4035,#4036);
#4035 = CARTESIAN_POINT('',(1.570796326795,10.922));
#4036 = VECTOR('',#4037,1.);
#4037 = DIRECTION('',(-1.,0.));
#4038 = ( GEOMETRIC_REPRESENTATION_CONTEXT(2) 
PARAMETRIC_REPRESENTATION_CONTEXT() REPRESENTATION_CONTEXT('2D SPACE',''
  ) );
#4039 = ORIENTED_EDGE('',*,*,#4040,.T.);
#4040 = EDGE_CURVE('',#4008,#4041,#4043,.T.);
#4041 = VERTEX_POINT('',#4042);
#4042 = CARTESIAN_POINT('',(-7.268030407038,1.271546230082,
    -1.689496945077));
#4043 = SURFACE_CURVE('',#4044,(#4048,#4055),.PCURVE_S1.);
#4044 = LINE('',#4045,#4046);
#4045 = CARTESIAN_POINT('',(-6.703451365765,1.340744171718,
    -1.689490603003));
#4046 = VECTOR('',#4047,1.);
#4047 = DIRECTION('',(-0.992572423277,-0.121655186597,
    -1.114984253845E-05));
#4048 = PCURVE('',#2905,#4049);
#4049 = DEFINITIONAL_REPRESENTATION('',(#4050),#4054);
#4050 = LINE('',#4051,#4052);
#4051 = CARTESIAN_POINT('',(-1.338479698991,-6.705446863316));
#4052 = VECTOR('',#4053,1.);
#4053 = DIRECTION('',(0.121869343405,-0.992546151641));
#4054 = ( GEOMETRIC_REPRESENTATION_CONTEXT(2) 
PARAMETRIC_REPRESENTATION_CONTEXT() REPRESENTATION_CONTEXT('2D SPACE',''
  ) );
#4055 = PCURVE('',#4056,#4061);
#4056 = PLANE('',#4057);
#4057 = AXIS2_PLACEMENT_3D('',#4058,#4059,#4060);
#4058 = CARTESIAN_POINT('',(-6.703309734504,1.340589630806,
    -12.61149060099));
#4059 = DIRECTION('',(0.121655186417,-0.992572423239,1.562197625939E-05)
  );
#4060 = DIRECTION('',(0.992572423277,0.121655186597,1.114984253845E-05)
  );
#4061 = DEFINITIONAL_REPRESENTATION('',(#4062),#4066);
#4062 = LINE('',#4063,#4064);
#4063 = CARTESIAN_POINT('',(-6.329030181884E-17,10.922));
#4064 = VECTOR('',#4065,1.);
#4065 = DIRECTION('',(-1.,0.));
#4066 = ( GEOMETRIC_REPRESENTATION_CONTEXT(2) 
PARAMETRIC_REPRESENTATION_CONTEXT() REPRESENTATION_CONTEXT('2D SPACE',''
  ) );
#4067 = ORIENTED_EDGE('',*,*,#4068,.F.);
#4068 = EDGE_CURVE('',#4069,#4041,#4071,.T.);
#4069 = VERTEX_POINT('',#4070);
#4070 = CARTESIAN_POINT('',(-7.800877570127,0.722627868625,
    -1.689496087859));
#4071 = SURFACE_CURVE('',#4072,(#4077,#4088),.PCURVE_S1.);
#4072 = CIRCLE('',#4073,0.6096);
#4073 = AXIS2_PLACEMENT_3D('',#4074,#4075,#4076);
#4074 = CARTESIAN_POINT('',(-7.193869405399,0.666474080875,
    -1.68948742192));
#4075 = DIRECTION('',(1.296752066396E-05,-1.414950665963E-05,
    -0.999999999816));
#4076 = DIRECTION('',(-0.995748301719,9.211579355213E-02,
    -1.421577971559E-05));
#4077 = PCURVE('',#2905,#4078);
#4078 = DEFINITIONAL_REPRESENTATION('',(#4079),#4087);
#4079 = ( BOUNDED_CURVE() B_SPLINE_CURVE(2,(#4080,#4081,#4082,#4083,
#4084,#4085,#4086),.UNSPECIFIED.,.T.,.F.) B_SPLINE_CURVE_WITH_KNOTS((1,2
    ,2,2,2,1),(-2.094395102393,0.,2.094395102393,4.188790204786,
6.28318530718,8.377580409573),.UNSPECIFIED.) CURVE() 
GEOMETRIC_REPRESENTATION_ITEM() RATIONAL_B_SPLINE_CURVE((1.,0.5,1.,0.5,
1.,0.5,1.)) REPRESENTATION_ITEM('') );
#4080 = CARTESIAN_POINT('',(-0.720126627112,-7.802739675968));
#4081 = CARTESIAN_POINT('',(-1.771516569959,-7.705705310506));
#4082 = CARTESIAN_POINT('',(-1.161787373005,-6.843692093448));
#4083 = CARTESIAN_POINT('',(-0.552058176052,-5.98167887639));
#4084 = CARTESIAN_POINT('',(-0.110397430159,-6.94072645891));
#4085 = CARTESIAN_POINT('',(0.331263315735,-7.89977404143));
#4086 = CARTESIAN_POINT('',(-0.720126627112,-7.802739675968));
#4087 = ( GEOMETRIC_REPRESENTATION_CONTEXT(2) 
PARAMETRIC_REPRESENTATION_CONTEXT() REPRESENTATION_CONTEXT('2D SPACE',''
  ) );
#4088 = PCURVE('',#4089,#4094);
#4089 = CYLINDRICAL_SURFACE('',#4090,0.6096);
#4090 = AXIS2_PLACEMENT_3D('',#4091,#4092,#4093);
#4091 = CARTESIAN_POINT('',(-7.193727774138,0.666319539964,
    -12.6114874199));
#4092 = DIRECTION('',(-1.296752066396E-05,1.414950665963E-05,
    0.999999999816));
#4093 = DIRECTION('',(-0.309222189394,-0.95098981987,9.446191660508E-06)
  );
#4094 = DEFINITIONAL_REPRESENTATION('',(#4095),#4099);
#4095 = LINE('',#4096,#4097);
#4096 = CARTESIAN_POINT('',(4.934517442456,10.922));
#4097 = VECTOR('',#4098,1.);
#4098 = DIRECTION('',(-1.,0.));
#4099 = ( GEOMETRIC_REPRESENTATION_CONTEXT(2) 
PARAMETRIC_REPRESENTATION_CONTEXT() REPRESENTATION_CONTEXT('2D SPACE',''
  ) );
#4100 = ORIENTED_EDGE('',*,*,#4101,.T.);
#4101 = EDGE_CURVE('',#4069,#4102,#4104,.T.);
#4102 = VERTEX_POINT('',#4103);
#4103 = CARTESIAN_POINT('',(-7.801188322628,-0.717625351931,
    -1.689475713016));
#4104 = SURFACE_CURVE('',#4105,(#4110,#4117),.PCURVE_S1.);
#4105 = CIRCLE('',#4106,7.8359);
#4106 = AXIS2_PLACEMENT_3D('',#4107,#4108,#4109);
#4107 = CARTESIAN_POINT('',(1.706547312648E-03,8.177219276909E-04,
    -1.689384694431));
#4108 = DIRECTION('',(-1.296752066396E-05,1.414950665963E-05,
    0.999999999816));
#4109 = DIRECTION('',(-0.995748301719,9.211579355238E-02,
    -1.421577971559E-05));
#4110 = PCURVE('',#2905,#4111);
#4111 = DEFINITIONAL_REPRESENTATION('',(#4112),#4116);
#4112 = CIRCLE('',#4113,7.8359);
#4113 = AXIS2_PLACEMENT_2D('',#4114,#4115);
#4114 = CARTESIAN_POINT('',(0.,0.));
#4115 = DIRECTION('',(-9.190094655522E-02,-0.99576815375));
#4116 = ( GEOMETRIC_REPRESENTATION_CONTEXT(2) 
PARAMETRIC_REPRESENTATION_CONTEXT() REPRESENTATION_CONTEXT('2D SPACE',''
  ) );
#4117 = PCURVE('',#4118,#4123);
#4118 = CYLINDRICAL_SURFACE('',#4119,7.8359);
#4119 = AXIS2_PLACEMENT_3D('',#4120,#4121,#4122);
#4120 = CARTESIAN_POINT('',(1.870082012494E-03,6.392810842556E-04,
    -14.3004846921));
#4121 = DIRECTION('',(1.296752066396E-05,-1.414950665963E-05,
    -0.999999999816));
#4122 = DIRECTION('',(0.999999976639,-2.157622180403E-04,
    1.297057329236E-05));
#4123 = DEFINITIONAL_REPRESENTATION('',(#4124),#4128);
#4124 = LINE('',#4125,#4126);
#4125 = CARTESIAN_POINT('',(3.233623456877,-12.6111));
#4126 = VECTOR('',#4127,1.);
#4127 = DIRECTION('',(-1.,0.));
#4128 = ( GEOMETRIC_REPRESENTATION_CONTEXT(2) 
PARAMETRIC_REPRESENTATION_CONTEXT() REPRESENTATION_CONTEXT('2D SPACE',''
  ) );
#4129 = ORIENTED_EDGE('',*,*,#4130,.F.);
#4130 = EDGE_CURVE('',#4131,#4102,#4133,.T.);
#4131 = VERTEX_POINT('',#4132);
#4132 = CARTESIAN_POINT('',(-7.268578081033,-1.266773598846,
    -1.689461036205));
#4133 = SURFACE_CURVE('',#4134,(#4139,#4150),.PCURVE_S1.);
#4134 = CIRCLE('',#4135,0.6096);
#4135 = AXIS2_PLACEMENT_3D('',#4136,#4137,#4138);
#4136 = CARTESIAN_POINT('',(-7.194155982665,-0.66173350826,
    -1.689468632154));
#4137 = DIRECTION('',(1.296752066396E-05,-1.414950665963E-05,
    -0.999999999816));
#4138 = DIRECTION('',(-0.122083494699,-0.992519833639,1.246054575794E-05
    ));
#4139 = PCURVE('',#2905,#4140);
#4140 = DEFINITIONAL_REPRESENTATION('',(#4141),#4149);
#4141 = ( BOUNDED_CURVE() B_SPLINE_CURVE(2,(#4142,#4143,#4144,#4145,
#4146,#4147,#4148),.UNSPECIFIED.,.T.,.F.) B_SPLINE_CURVE_WITH_KNOTS((1,2
    ,2,2,2,1),(-2.094395102393,0.,2.094395102393,4.188790204786,
6.28318530718,8.377580409573),.UNSPECIFIED.) CURVE() 
GEOMETRIC_REPRESENTATION_ITEM() RATIONAL_B_SPLINE_CURVE((1.,0.5,1.,0.5,
1.,0.5,1.)) REPRESENTATION_ITEM('') );
#4142 = CARTESIAN_POINT('',(1.269159944133,-7.270010961182));
#4143 = CARTESIAN_POINT('',(1.140483201946,-8.317998926771));
#4144 = CARTESIAN_POINT('',(0.297237371979,-7.682567616367));
#4145 = CARTESIAN_POINT('',(-0.546008457989,-7.047136305963));
#4146 = CARTESIAN_POINT('',(0.425914114165,-6.634579650777));
#4147 = CARTESIAN_POINT('',(1.397836686319,-6.222022995592));
#4148 = CARTESIAN_POINT('',(1.269159944133,-7.270010961182));
#4149 = ( GEOMETRIC_REPRESENTATION_CONTEXT(2) 
PARAMETRIC_REPRESENTATION_CONTEXT() REPRESENTATION_CONTEXT('2D SPACE',''
  ) );
#4150 = PCURVE('',#4151,#4156);
#4151 = CYLINDRICAL_SURFACE('',#4152,0.6096);
#4152 = AXIS2_PLACEMENT_3D('',#4153,#4154,#4155);
#4153 = CARTESIAN_POINT('',(-7.194014351404,-0.661888049171,
    -12.61146863014));
#4154 = DIRECTION('',(-1.296752066396E-05,1.414950665963E-05,
    0.999999999816));
#4155 = DIRECTION('',(0.308811784918,-0.951123168255,1.746244680876E-05)
  );
#4156 = DEFINITIONAL_REPRESENTATION('',(#4157),#4161);
#4157 = LINE('',#4158,#4159);
#4158 = CARTESIAN_POINT('',(5.846852994181,10.922));
#4159 = VECTOR('',#4160,1.);
#4160 = DIRECTION('',(-1.,0.));
#4161 = ( GEOMETRIC_REPRESENTATION_CONTEXT(2) 
PARAMETRIC_REPRESENTATION_CONTEXT() REPRESENTATION_CONTEXT('2D SPACE',''
  ) );
#4162 = ORIENTED_EDGE('',*,*,#4163,.T.);
#4163 = EDGE_CURVE('',#4131,#4164,#4166,.T.);
#4164 = VERTEX_POINT('',#4165);
#4165 = CARTESIAN_POINT('',(-6.704028952953,-1.336215163686,
    -1.689452732839));
#4166 = SURFACE_CURVE('',#4167,(#4171,#4178),.PCURVE_S1.);
#4167 = LINE('',#4168,#4169);
#4168 = CARTESIAN_POINT('',(-7.268578081033,-1.266773598846,
    -1.689461036205));
#4169 = VECTOR('',#4170,1.);
#4170 = DIRECTION('',(0.992519833632,-0.122083494515,1.459794267339E-05)
  );
#4171 = PCURVE('',#2905,#4172);
#4172 = DEFINITIONAL_REPRESENTATION('',(#4173),#4177);
#4173 = LINE('',#4174,#4175);
#4174 = CARTESIAN_POINT('',(1.269159944133,-7.270010961181));
#4175 = VECTOR('',#4176,1.);
#4176 = DIRECTION('',(0.121869343405,0.992546151641));
#4177 = ( GEOMETRIC_REPRESENTATION_CONTEXT(2) 
PARAMETRIC_REPRESENTATION_CONTEXT() REPRESENTATION_CONTEXT('2D SPACE',''
  ) );
#4178 = PCURVE('',#4179,#4184);
#4179 = PLANE('',#4180);
#4180 = AXIS2_PLACEMENT_3D('',#4181,#4182,#4183);
#4181 = CARTESIAN_POINT('',(-7.268436449772,-1.266928139758,
    -12.61146103419));
#4182 = DIRECTION('',(0.122083494699,0.992519833639,-1.246054575794E-05)
  );
#4183 = DIRECTION('',(1.296752066396E-05,-1.414950665963E-05,
    -0.999999999816));
#4184 = DEFINITIONAL_REPRESENTATION('',(#4185),#4189);
#4185 = LINE('',#4186,#4187);
#4186 = CARTESIAN_POINT('',(-10.922,7.779150587583E-17));
#4187 = VECTOR('',#4188,1.);
#4188 = DIRECTION('',(-3.388131789017E-21,-1.));
#4189 = ( GEOMETRIC_REPRESENTATION_CONTEXT(2) 
PARAMETRIC_REPRESENTATION_CONTEXT() REPRESENTATION_CONTEXT('2D SPACE',''
  ) );
#4190 = ORIENTED_EDGE('',*,*,#4191,.T.);
#4191 = EDGE_CURVE('',#4164,#4192,#4194,.T.);
#4192 = VERTEX_POINT('',#4193);
#4193 = CARTESIAN_POINT('',(-6.198646367912,-1.753003590082,
    -1.689440281929));
#4194 = SURFACE_CURVE('',#4195,(#4200,#4211),.PCURVE_S1.);
#4195 = CIRCLE('',#4196,0.6096);
#4196 = AXIS2_PLACEMENT_3D('',#4197,#4198,#4199);
#4197 = CARTESIAN_POINT('',(-6.778451051324,-1.941255254272,
    -1.68944513689));
#4198 = DIRECTION('',(1.296752066396E-05,-1.414950665963E-05,
    -0.999999999816));
#4199 = DIRECTION('',(0.122083494699,0.992519833639,-1.246054575794E-05)
  );
#4200 = PCURVE('',#2905,#4201);
#4201 = DEFINITIONAL_REPRESENTATION('',(#4202),#4210);
#4202 = ( BOUNDED_CURVE() B_SPLINE_CURVE(2,(#4203,#4204,#4205,#4206,
#4207,#4208,#4209),.UNSPECIFIED.,.T.,.F.) B_SPLINE_CURVE_WITH_KNOTS((1,2
    ,2,2,2,1),(-2.094395102393,0.,2.094395102393,4.188790204786,
6.28318530718,8.377580409573),.UNSPECIFIED.) CURVE() 
GEOMETRIC_REPRESENTATION_ITEM() RATIONAL_B_SPLINE_CURVE((1.,0.5,1.,0.5,
1.,0.5,1.)) REPRESENTATION_ITEM('') );
#4203 = CARTESIAN_POINT('',(1.33847969899,-6.705446863318));
#4204 = CARTESIAN_POINT('',(1.467156441177,-5.657458897729));
#4205 = CARTESIAN_POINT('',(2.310402271144,-6.292890208133));
#4206 = CARTESIAN_POINT('',(3.153648101112,-6.928321518537));
#4207 = CARTESIAN_POINT('',(2.181725528958,-7.340878173723));
#4208 = CARTESIAN_POINT('',(1.209802956804,-7.753434828908));
#4209 = CARTESIAN_POINT('',(1.33847969899,-6.705446863318));
#4210 = ( GEOMETRIC_REPRESENTATION_CONTEXT(2) 
PARAMETRIC_REPRESENTATION_CONTEXT() REPRESENTATION_CONTEXT('2D SPACE',''
  ) );
#4211 = PCURVE('',#4212,#4217);
#4212 = CYLINDRICAL_SURFACE('',#4213,0.6096);
#4213 = AXIS2_PLACEMENT_3D('',#4214,#4215,#4216);
#4214 = CARTESIAN_POINT('',(-6.778309420063,-1.941409795183,
    -12.61144513487));
#4215 = DIRECTION('',(-1.296752066396E-05,1.414950665963E-05,
    0.999999999816));
#4216 = DIRECTION('',(0.308811784918,-0.951123168255,1.746244680876E-05)
  );
#4217 = DEFINITIONAL_REPRESENTATION('',(#4218),#4222);
#4218 = LINE('',#4219,#4220);
#4219 = CARTESIAN_POINT('',(2.705260340591,10.922));
#4220 = VECTOR('',#4221,1.);
#4221 = DIRECTION('',(-1.,0.));
#4222 = ( GEOMETRIC_REPRESENTATION_CONTEXT(2) 
PARAMETRIC_REPRESENTATION_CONTEXT() REPRESENTATION_CONTEXT('2D SPACE',''
  ) );
#4223 = ORIENTED_EDGE('',*,*,#4224,.T.);
#4224 = EDGE_CURVE('',#4192,#4225,#4227,.T.);
#4225 = VERTEX_POINT('',#4226);
#4226 = CARTESIAN_POINT('',(-6.04631447454,-2.222177372064,
    -1.689431667985));
#4227 = SURFACE_CURVE('',#4228,(#4232,#4239),.PCURVE_S1.);
#4228 = LINE('',#4229,#4230);
#4229 = CARTESIAN_POINT('',(-6.198646367912,-1.753003590082,
    -1.689440281929));
#4230 = VECTOR('',#4231,1.);
#4231 = DIRECTION('',(0.308811784918,-0.951123168255,1.746244680876E-05)
  );
#4232 = PCURVE('',#2905,#4233);
#4233 = DEFINITIONAL_REPRESENTATION('',(#4234),#4238);
#4234 = LINE('',#4235,#4236);
#4235 = CARTESIAN_POINT('',(1.75515907326,-6.199974362724));
#4236 = VECTOR('',#4237,1.);
#4237 = DIRECTION('',(0.951056516295,0.309016994375));
#4238 = ( GEOMETRIC_REPRESENTATION_CONTEXT(2) 
PARAMETRIC_REPRESENTATION_CONTEXT() REPRESENTATION_CONTEXT('2D SPACE',''
  ) );
#4239 = PCURVE('',#4240,#4245);
#4240 = PLANE('',#4241);
#4241 = AXIS2_PLACEMENT_3D('',#4242,#4243,#4244);
#4242 = CARTESIAN_POINT('',(-6.198504736651,-1.753158130994,
    -12.61144027991));
#4243 = DIRECTION('',(0.951123168327,0.308811785088,7.964174931045E-06)
  );
#4244 = DIRECTION('',(1.296752066396E-05,-1.414950665963E-05,
    -0.999999999816));
#4245 = DEFINITIONAL_REPRESENTATION('',(#4246),#4250);
#4246 = LINE('',#4247,#4248);
#4247 = CARTESIAN_POINT('',(-10.922,7.849623728795E-17));
#4248 = VECTOR('',#4249,1.);
#4249 = DIRECTION('',(3.388131789017E-21,-1.));
#4250 = ( GEOMETRIC_REPRESENTATION_CONTEXT(2) 
PARAMETRIC_REPRESENTATION_CONTEXT() REPRESENTATION_CONTEXT('2D SPACE',''
  ) );
#4251 = ORIENTED_EDGE('',*,*,#4252,.T.);
#4252 = EDGE_CURVE('',#4225,#4253,#4255,.T.);
#4253 = VERTEX_POINT('',#4254);
#4254 = CARTESIAN_POINT('',(-6.210469161414,-2.856351944661,
    -1.689424823407));
#4255 = SURFACE_CURVE('',#4256,(#4261,#4272),.PCURVE_S1.);
#4256 = CIRCLE('',#4257,0.6096);
#4257 = AXIS2_PLACEMENT_3D('',#4258,#4259,#4260);
#4258 = CARTESIAN_POINT('',(-6.62611915795,-2.410429036254,
    -1.689436522946));
#4259 = DIRECTION('',(1.296752066396E-05,-1.414950665963E-05,
    -0.999999999816));
#4260 = DIRECTION('',(0.951123168327,0.308811785088,7.964174931045E-06)
  );
#4261 = PCURVE('',#2905,#4262);
#4262 = DEFINITIONAL_REPRESENTATION('',(#4263),#4271);
#4263 = ( BOUNDED_CURVE() B_SPLINE_CURVE(2,(#4264,#4265,#4266,#4267,
#4268,#4269,#4270),.UNSPECIFIED.,.T.,.F.) B_SPLINE_CURVE_WITH_KNOTS((1,2
    ,2,2,2,1),(-2.094395102393,0.,2.094395102393,4.188790204786,
6.28318530718,8.377580409573),.UNSPECIFIED.) CURVE() 
GEOMETRIC_REPRESENTATION_ITEM() RATIONAL_B_SPLINE_CURVE((1.,0.5,1.,0.5,
1.,0.5,1.)) REPRESENTATION_ITEM('') );
#4264 = CARTESIAN_POINT('',(2.224299976901,-6.047541242821));
#4265 = CARTESIAN_POINT('',(3.228480771945,-5.721263123933));
#4266 = CARTESIAN_POINT('',(3.008955514079,-6.754048261877));
#4267 = CARTESIAN_POINT('',(2.789430256214,-7.786833399822));
#4268 = CARTESIAN_POINT('',(2.004774719036,-7.080326380766));
#4269 = CARTESIAN_POINT('',(1.220119181857,-6.37381936171));
#4270 = CARTESIAN_POINT('',(2.224299976901,-6.047541242821));
#4271 = ( GEOMETRIC_REPRESENTATION_CONTEXT(2) 
PARAMETRIC_REPRESENTATION_CONTEXT() REPRESENTATION_CONTEXT('2D SPACE',''
  ) );
#4272 = PCURVE('',#4273,#4278);
#4273 = CYLINDRICAL_SURFACE('',#4274,0.6096);
#4274 = AXIS2_PLACEMENT_3D('',#4275,#4276,#4277);
#4275 = CARTESIAN_POINT('',(-6.625977526689,-2.410583577165,
    -12.61143652093));
#4276 = DIRECTION('',(-1.296752066396E-05,1.414950665963E-05,
    0.999999999816));
#4277 = DIRECTION('',(0.308811784918,-0.951123168255,1.746244680876E-05)
  );
#4278 = DEFINITIONAL_REPRESENTATION('',(#4279),#4283);
#4279 = LINE('',#4280,#4281);
#4280 = CARTESIAN_POINT('',(1.570796326795,10.922));
#4281 = VECTOR('',#4282,1.);
#4282 = DIRECTION('',(-1.,0.));
#4283 = ( GEOMETRIC_REPRESENTATION_CONTEXT(2) 
PARAMETRIC_REPRESENTATION_CONTEXT() REPRESENTATION_CONTEXT('2D SPACE',''
  ) );
#4284 = ORIENTED_EDGE('',*,*,#4285,.T.);
#4285 = EDGE_CURVE('',#4253,#4286,#4288,.T.);
#4286 = VERTEX_POINT('',#4287);
#4287 = CARTESIAN_POINT('',(-6.626549670949,-3.24418548962,
    -1.689424731286));
#4288 = SURFACE_CURVE('',#4289,(#4293,#4300),.PCURVE_S1.);
#4289 = LINE('',#4290,#4291);
#4290 = CARTESIAN_POINT('',(-6.210469161414,-2.856351944661,
    -1.689424823407));
#4291 = VECTOR('',#4292,1.);
#4292 = DIRECTION('',(-0.731500834138,-0.681840545623,1.619551587236E-07
    ));
#4293 = PCURVE('',#2905,#4294);
#4294 = DEFINITIONAL_REPRESENTATION('',(#4295),#4299);
#4295 = LINE('',#4296,#4297);
#4296 = CARTESIAN_POINT('',(2.858509953179,-6.211559094861));
#4297 = VECTOR('',#4298,1.);
#4298 = DIRECTION('',(0.681998360062,-0.731353701619));
#4299 = ( GEOMETRIC_REPRESENTATION_CONTEXT(2) 
PARAMETRIC_REPRESENTATION_CONTEXT() REPRESENTATION_CONTEXT('2D SPACE',''
  ) );
#4300 = PCURVE('',#4301,#4306);
#4301 = PLANE('',#4302);
#4302 = AXIS2_PLACEMENT_3D('',#4303,#4304,#4305);
#4303 = CARTESIAN_POINT('',(-6.210327530153,-2.856506485573,
    -12.61142482139));
#4304 = DIRECTION('',(0.681840545499,-0.731500834002,1.919215728905E-05)
  );
#4305 = DIRECTION('',(0.731500834138,0.681840545623,-1.619551587236E-07)
  );
#4306 = DEFINITIONAL_REPRESENTATION('',(#4307),#4311);
#4307 = LINE('',#4308,#4309);
#4308 = CARTESIAN_POINT('',(-1.142838028259E-17,10.922));
#4309 = VECTOR('',#4310,1.);
#4310 = DIRECTION('',(-1.,-2.091112588534E-21));
#4311 = ( GEOMETRIC_REPRESENTATION_CONTEXT(2) 
PARAMETRIC_REPRESENTATION_CONTEXT() REPRESENTATION_CONTEXT('2D SPACE',''
  ) );
#4312 = ORIENTED_EDGE('',*,*,#4313,.F.);
#4313 = EDGE_CURVE('',#4314,#4286,#4316,.T.);
#4314 = VERTEX_POINT('',#4315);
#4315 = CARTESIAN_POINT('',(-6.734985963768,-4.001469476687,
    -1.689415422241));
#4316 = SURFACE_CURVE('',#4317,(#4322,#4333),.PCURVE_S1.);
#4317 = CIRCLE('',#4318,0.6096);
#4318 = AXIS2_PLACEMENT_3D('',#4319,#4320,#4321);
#4319 = CARTESIAN_POINT('',(-6.210899674412,-3.690108398028,
    -1.689413031747));
#4320 = DIRECTION('',(1.296752066396E-05,-1.414950665963E-05,
    -0.999999999816));
#4321 = DIRECTION('',(-0.859721603272,-0.510762924312,
    -3.921414257374E-06));
#4322 = PCURVE('',#2905,#4323);
#4323 = DEFINITIONAL_REPRESENTATION('',(#4324),#4332);
#4324 = ( BOUNDED_CURVE() B_SPLINE_CURVE(2,(#4325,#4326,#4327,#4328,
#4329,#4330,#4331),.UNSPECIFIED.,.T.,.F.) B_SPLINE_CURVE_WITH_KNOTS((1,2
    ,2,2,2,1),(-2.094395102393,0.,2.094395102393,4.188790204786,
6.28318530718,8.377580409573),.UNSPECIFIED.) CURVE() 
GEOMETRIC_REPRESENTATION_ITEM() RATIONAL_B_SPLINE_CURVE((1.,0.5,1.,0.5,
1.,0.5,1.)) REPRESENTATION_ITEM('') );
#4325 = CARTESIAN_POINT('',(4.003740629575,-6.735828811741));
#4326 = CARTESIAN_POINT('',(3.096112929113,-7.275317863857));
#4327 = CARTESIAN_POINT('',(3.082715555148,-6.21954469202));
#4328 = CARTESIAN_POINT('',(3.069318181182,-5.163771520183));
#4329 = CARTESIAN_POINT('',(3.99034325561,-5.680055639904));
#4330 = CARTESIAN_POINT('',(4.911368330038,-6.196339759624));
#4331 = CARTESIAN_POINT('',(4.003740629575,-6.735828811741));
#4332 = ( GEOMETRIC_REPRESENTATION_CONTEXT(2) 
PARAMETRIC_REPRESENTATION_CONTEXT() REPRESENTATION_CONTEXT('2D SPACE',''
  ) );
#4333 = PCURVE('',#4334,#4339);
#4334 = CYLINDRICAL_SURFACE('',#4335,0.6096);
#4335 = AXIS2_PLACEMENT_3D('',#4336,#4337,#4338);
#4336 = CARTESIAN_POINT('',(-6.210758043152,-3.69026293894,
    -12.61141302973));
#4337 = DIRECTION('',(-1.296752066396E-05,1.414950665963E-05,
    0.999999999816));
#4338 = DIRECTION('',(0.308811784918,-0.951123168255,1.746244680876E-05)
  );
#4339 = DEFINITIONAL_REPRESENTATION('',(#4340),#4344);
#4340 = LINE('',#4341,#4342);
#4341 = CARTESIAN_POINT('',(4.934517442456,10.922));
#4342 = VECTOR('',#4343,1.);
#4343 = DIRECTION('',(-1.,0.));
#4344 = ( GEOMETRIC_REPRESENTATION_CONTEXT(2) 
PARAMETRIC_REPRESENTATION_CONTEXT() REPRESENTATION_CONTEXT('2D SPACE',''
  ) );
#4345 = ORIENTED_EDGE('',*,*,#4346,.T.);
#4346 = EDGE_CURVE('',#4314,#4347,#4349,.T.);
#4347 = VERTEX_POINT('',#4348);
#4348 = CARTESIAN_POINT('',(-5.8886777652,-5.166841463903,
    -1.689387958283));
#4349 = SURFACE_CURVE('',#4350,(#4355,#4362),.PCURVE_S1.);
#4350 = CIRCLE('',#4351,7.8359);
#4351 = AXIS2_PLACEMENT_3D('',#4352,#4353,#4354);
#4352 = CARTESIAN_POINT('',(1.706547312648E-03,8.177219276909E-04,
    -1.689384694431));
#4353 = DIRECTION('',(-1.296752066396E-05,1.414950665963E-05,
    0.999999999816));
#4354 = DIRECTION('',(-0.859721603272,-0.510762924312,
    -3.921414257374E-06));
#4355 = PCURVE('',#2905,#4356);
#4356 = DEFINITIONAL_REPRESENTATION('',(#4357),#4361);
#4357 = CIRCLE('',#4358,7.8359);
#4358 = AXIS2_PLACEMENT_2D('',#4359,#4360);
#4359 = CARTESIAN_POINT('',(0.,0.));
#4360 = DIRECTION('',(0.510948407914,-0.859611379898));
#4361 = ( GEOMETRIC_REPRESENTATION_CONTEXT(2) 
PARAMETRIC_REPRESENTATION_CONTEXT() REPRESENTATION_CONTEXT('2D SPACE',''
  ) );
#4362 = PCURVE('',#4363,#4368);
#4363 = CYLINDRICAL_SURFACE('',#4364,7.8359);
#4364 = AXIS2_PLACEMENT_3D('',#4365,#4366,#4367);
#4365 = CARTESIAN_POINT('',(1.870082012494E-03,6.392810842556E-04,
    -14.3004846921));
#4366 = DIRECTION('',(1.296752066396E-05,-1.414950665963E-05,
    -0.999999999816));
#4367 = DIRECTION('',(0.999999976639,-2.157622180403E-04,
    1.297057329236E-05));
#4368 = DEFINITIONAL_REPRESENTATION('',(#4369),#4373);
#4369 = LINE('',#4370,#4371);
#4370 = CARTESIAN_POINT('',(2.605304926159,-12.6111));
#4371 = VECTOR('',#4372,1.);
#4372 = DIRECTION('',(-1.,0.));
#4373 = ( GEOMETRIC_REPRESENTATION_CONTEXT(2) 
PARAMETRIC_REPRESENTATION_CONTEXT() REPRESENTATION_CONTEXT('2D SPACE',''
  ) );
#4374 = ORIENTED_EDGE('',*,*,#4375,.F.);
#4375 = EDGE_CURVE('',#4376,#4347,#4378,.T.);
#4376 = VERTEX_POINT('',#4377);
#4377 = CARTESIAN_POINT('',(-5.135005787448,-5.298051282805,
    -1.689376328472));
#4378 = SURFACE_CURVE('',#4379,(#4384,#4395),.PCURVE_S1.);
#4379 = CIRCLE('',#4380,0.6096);
#4380 = AXIS2_PLACEMENT_3D('',#4381,#4382,#4383);
#4381 = CARTESIAN_POINT('',(-5.430430687403,-4.764819355444,
    -1.689387704369));
#4382 = DIRECTION('',(1.296752066396E-05,-1.414950665963E-05,
    -0.999999999816));
#4383 = DIRECTION('',(0.484620898872,-0.874724290293,1.866124869459E-05)
  );
#4384 = PCURVE('',#2905,#4385);
#4385 = DEFINITIONAL_REPRESENTATION('',(#4386),#4394);
#4386 = ( BOUNDED_CURVE() B_SPLINE_CURVE(2,(#4387,#4388,#4389,#4390,
#4391,#4392,#4393),.UNSPECIFIED.,.T.,.F.) B_SPLINE_CURVE_WITH_KNOTS((1,2
    ,2,2,2,1),(-2.094395102393,0.,2.094395102393,4.188790204786,
6.28318530718,8.377580409573),.UNSPECIFIED.) CURVE() 
GEOMETRIC_REPRESENTATION_ITEM() RATIONAL_B_SPLINE_CURVE((1.,0.5,1.,0.5,
1.,0.5,1.)) REPRESENTATION_ITEM('') );
#4387 = CARTESIAN_POINT('',(5.299977190371,-5.135568918928));
#4388 = CARTESIAN_POINT('',(5.811867389915,-6.05904328436));
#4389 = CARTESIAN_POINT('',(4.756170029935,-6.040616018397));
#4390 = CARTESIAN_POINT('',(3.700472669955,-6.022188752434));
#4391 = CARTESIAN_POINT('',(4.244279830391,-5.117141652965));
#4392 = CARTESIAN_POINT('',(4.788086990827,-4.212094553495));
#4393 = CARTESIAN_POINT('',(5.299977190371,-5.135568918928));
#4394 = ( GEOMETRIC_REPRESENTATION_CONTEXT(2) 
PARAMETRIC_REPRESENTATION_CONTEXT() REPRESENTATION_CONTEXT('2D SPACE',''
  ) );
#4395 = PCURVE('',#4396,#4401);
#4396 = CYLINDRICAL_SURFACE('',#4397,0.6096);
#4397 = AXIS2_PLACEMENT_3D('',#4398,#4399,#4400);
#4398 = CARTESIAN_POINT('',(-5.430289056143,-4.764973896356,
    -12.61138770235));
#4399 = DIRECTION('',(-1.296752066396E-05,1.414950665963E-05,
    0.999999999816));
#4400 = DIRECTION('',(0.808890153518,-0.587959793853,1.880864080281E-05)
  );
#4401 = DEFINITIONAL_REPRESENTATION('',(#4402),#4406);
#4402 = LINE('',#4403,#4404);
#4403 = CARTESIAN_POINT('',(5.846852994181,10.922));
#4404 = VECTOR('',#4405,1.);
#4405 = DIRECTION('',(-1.,0.));
#4406 = ( GEOMETRIC_REPRESENTATION_CONTEXT(2) 
PARAMETRIC_REPRESENTATION_CONTEXT() REPRESENTATION_CONTEXT('2D SPACE',''
  ) );
#4407 = ORIENTED_EDGE('',*,*,#4408,.T.);
#4408 = EDGE_CURVE('',#4376,#4409,#4411,.T.);
#4409 = VERTEX_POINT('',#4410);
#4410 = CARTESIAN_POINT('',(-4.637459220903,-5.022397037194,
    -1.689373776898));
#4411 = SURFACE_CURVE('',#4412,(#4416,#4423),.PCURVE_S1.);
#4412 = LINE('',#4413,#4414);
#4413 = CARTESIAN_POINT('',(-5.135005787448,-5.298051282805,
    -1.689376328472));
#4414 = VECTOR('',#4415,1.);
#4415 = DIRECTION('',(0.874724290396,0.484620899025,4.485858673654E-06)
  );
#4416 = PCURVE('',#2905,#4417);
#4417 = DEFINITIONAL_REPRESENTATION('',(#4418),#4422);
#4418 = LINE('',#4419,#4420);
#4419 = CARTESIAN_POINT('',(5.29997719037,-5.135568918925));
#4420 = VECTOR('',#4421,1.);
#4421 = DIRECTION('',(-0.484809620246,0.874619707139));
#4422 = ( GEOMETRIC_REPRESENTATION_CONTEXT(2) 
PARAMETRIC_REPRESENTATION_CONTEXT() REPRESENTATION_CONTEXT('2D SPACE',''
  ) );
#4423 = PCURVE('',#4424,#4429);
#4424 = PLANE('',#4425);
#4425 = AXIS2_PLACEMENT_3D('',#4426,#4427,#4428);
#4426 = CARTESIAN_POINT('',(-5.134864156187,-5.298205823717,
    -12.61137632646));
#4427 = DIRECTION('',(-0.484620898872,0.874724290293,-1.866124869459E-05
    ));
#4428 = DIRECTION('',(-1.296752066396E-05,1.414950665963E-05,
    0.999999999816));
#4429 = DEFINITIONAL_REPRESENTATION('',(#4430),#4434);
#4430 = LINE('',#4431,#4432);
#4431 = CARTESIAN_POINT('',(10.922,1.818884669616E-16));
#4432 = VECTOR('',#4433,1.);
#4433 = DIRECTION('',(1.694065894509E-21,1.));
#4434 = ( GEOMETRIC_REPRESENTATION_CONTEXT(2) 
PARAMETRIC_REPRESENTATION_CONTEXT() REPRESENTATION_CONTEXT('2D SPACE',''
  ) );
#4435 = ORIENTED_EDGE('',*,*,#4436,.T.);
#4436 = EDGE_CURVE('',#4409,#4437,#4439,.T.);
#4437 = VERTEX_POINT('',#4438);
#4438 = CARTESIAN_POINT('',(-3.983614030522,-5.062529526916,
    -1.689364730292));
#4439 = SURFACE_CURVE('',#4440,(#4445,#4456),.PCURVE_S1.);
#4440 = CIRCLE('',#4441,0.6096);
#4441 = AXIS2_PLACEMENT_3D('',#4442,#4443,#4444);
#4442 = CARTESIAN_POINT('',(-4.34203432095,-5.555628964558,
    -1.689362401001));
#4443 = DIRECTION('',(1.296752066396E-05,-1.414950665963E-05,
    -0.999999999816));
#4444 = DIRECTION('',(-0.484620898872,0.874724290293,-1.866124869459E-05
    ));
#4445 = PCURVE('',#2905,#4446);
#4446 = DEFINITIONAL_REPRESENTATION('',(#4447),#4455);
#4447 = ( BOUNDED_CURVE() B_SPLINE_CURVE(2,(#4448,#4449,#4450,#4451,
#4452,#4453,#4454),.UNSPECIFIED.,.T.,.F.) B_SPLINE_CURVE_WITH_KNOTS((1,2
    ,2,2,2,1),(-2.094395102393,0.,2.094395102393,4.188790204786,
6.28318530718,8.377580409573),.UNSPECIFIED.) CURVE() 
GEOMETRIC_REPRESENTATION_ITEM() RATIONAL_B_SPLINE_CURVE((1.,0.5,1.,0.5,
1.,0.5,1.)) REPRESENTATION_ITEM('') );
#4448 = CARTESIAN_POINT('',(5.024215599399,-4.638081839741));
#4449 = CARTESIAN_POINT('',(4.512325399855,-3.714607474309));
#4450 = CARTESIAN_POINT('',(5.568022759835,-3.733034740272));
#4451 = CARTESIAN_POINT('',(6.623720119815,-3.751462006235));
#4452 = CARTESIAN_POINT('',(6.079912959379,-4.656509105704));
#4453 = CARTESIAN_POINT('',(5.536105798943,-5.561556205174));
#4454 = CARTESIAN_POINT('',(5.024215599399,-4.638081839741));
#4455 = ( GEOMETRIC_REPRESENTATION_CONTEXT(2) 
PARAMETRIC_REPRESENTATION_CONTEXT() REPRESENTATION_CONTEXT('2D SPACE',''
  ) );
#4456 = PCURVE('',#4457,#4462);
#4457 = CYLINDRICAL_SURFACE('',#4458,0.6096);
#4458 = AXIS2_PLACEMENT_3D('',#4459,#4460,#4461);
#4459 = CARTESIAN_POINT('',(-4.34189268969,-5.55578350547,
    -12.61136239898));
#4460 = DIRECTION('',(-1.296752066396E-05,1.414950665963E-05,
    0.999999999816));
#4461 = DIRECTION('',(0.808890153518,-0.587959793853,1.880864080281E-05)
  );
#4462 = DEFINITIONAL_REPRESENTATION('',(#4463),#4467);
#4463 = LINE('',#4464,#4465);
#4464 = CARTESIAN_POINT('',(2.705260340591,10.922));
#4465 = VECTOR('',#4466,1.);
#4466 = DIRECTION('',(-1.,0.));
#4467 = ( GEOMETRIC_REPRESENTATION_CONTEXT(2) 
PARAMETRIC_REPRESENTATION_CONTEXT() REPRESENTATION_CONTEXT('2D SPACE',''
  ) );
#4468 = ORIENTED_EDGE('',*,*,#4469,.T.);
#4469 = EDGE_CURVE('',#4437,#4470,#4472,.T.);
#4470 = VERTEX_POINT('',#4471);
#4471 = CARTESIAN_POINT('',(-3.584601510167,-5.352560649426,
    -1.689355452292));
#4472 = SURFACE_CURVE('',#4473,(#4477,#4484),.PCURVE_S1.);
#4473 = LINE('',#4474,#4475);
#4474 = CARTESIAN_POINT('',(-3.983614030522,-5.062529526916,
    -1.689364730292));
#4475 = VECTOR('',#4476,1.);
#4476 = DIRECTION('',(0.808890153518,-0.587959793853,1.880864080281E-05)
  );
#4477 = PCURVE('',#2905,#4478);
#4478 = DEFINITIONAL_REPRESENTATION('',(#4479),#4483);
#4479 = LINE('',#4480,#4481);
#4480 = CARTESIAN_POINT('',(5.0642070131,-3.984228005442));
#4481 = VECTOR('',#4482,1.);
#4482 = DIRECTION('',(0.587785252293,0.809016994375));
#4483 = ( GEOMETRIC_REPRESENTATION_CONTEXT(2) 
PARAMETRIC_REPRESENTATION_CONTEXT() REPRESENTATION_CONTEXT('2D SPACE',''
  ) );
#4484 = PCURVE('',#4485,#4490);
#4485 = PLANE('',#4486);
#4486 = AXIS2_PLACEMENT_3D('',#4487,#4488,#4489);
#4487 = CARTESIAN_POINT('',(-3.983472399261,-5.062684067828,
    -12.61136472828));
#4488 = DIRECTION('',(0.587959794011,0.808890153613,-3.821015837733E-06)
  );
#4489 = DIRECTION('',(1.296752066396E-05,-1.414950665963E-05,
    -0.999999999816));
#4490 = DEFINITIONAL_REPRESENTATION('',(#4491),#4495);
#4491 = LINE('',#4492,#4493);
#4492 = CARTESIAN_POINT('',(-10.922,3.535041183389E-16));
#4493 = VECTOR('',#4494,1.);
#4494 = DIRECTION('',(0.,-1.));
#4495 = ( GEOMETRIC_REPRESENTATION_CONTEXT(2) 
PARAMETRIC_REPRESENTATION_CONTEXT() REPRESENTATION_CONTEXT('2D SPACE',''
  ) );
#4496 = ORIENTED_EDGE('',*,*,#4497,.T.);
#4497 = EDGE_CURVE('',#4470,#4498,#4500,.T.);
#4498 = VERTEX_POINT('',#4499);
#4499 = CARTESIAN_POINT('',(-3.344646980414,-5.962106360029,
    -1.689343715906));
#4500 = SURFACE_CURVE('',#4501,(#4506,#4517),.PCURVE_S1.);
#4501 = CIRCLE('',#4502,0.6096);
#4502 = AXIS2_PLACEMENT_3D('',#4503,#4504,#4505);
#4503 = CARTESIAN_POINT('',(-3.943021800596,-5.845660087069,
    -1.689353123001));
#4504 = DIRECTION('',(1.296752066396E-05,-1.414950665963E-05,
    -0.999999999816));
#4505 = DIRECTION('',(0.587959794011,0.808890153613,-3.821015837733E-06)
  );
#4506 = PCURVE('',#2905,#4507);
#4507 = DEFINITIONAL_REPRESENTATION('',(#4508),#4516);
#4508 = ( BOUNDED_CURVE() B_SPLINE_CURVE(2,(#4509,#4510,#4511,#4512,
#4513,#4514,#4515),.UNSPECIFIED.,.T.,.F.) B_SPLINE_CURVE_WITH_KNOTS((1,2
    ,2,2,2,1),(-2.094395102393,0.,2.094395102393,4.188790204786,
6.28318530718,8.377580409573),.UNSPECIFIED.) CURVE() 
GEOMETRIC_REPRESENTATION_ITEM() RATIONAL_B_SPLINE_CURVE((1.,0.5,1.,0.5,
1.,0.5,1.)) REPRESENTATION_ITEM('') );
#4509 = CARTESIAN_POINT('',(5.354152037062,-3.585152916529));
#4510 = CARTESIAN_POINT('',(5.974769899249,-2.730945711494));
#4511 = CARTESIAN_POINT('',(6.404226107812,-3.695520148708));
#4512 = CARTESIAN_POINT('',(6.833682316375,-4.660094585922));
#4513 = CARTESIAN_POINT('',(5.783608245625,-4.549727353743));
#4514 = CARTESIAN_POINT('',(4.733534174875,-4.439360121565));
#4515 = CARTESIAN_POINT('',(5.354152037062,-3.585152916529));
#4516 = ( GEOMETRIC_REPRESENTATION_CONTEXT(2) 
PARAMETRIC_REPRESENTATION_CONTEXT() REPRESENTATION_CONTEXT('2D SPACE',''
  ) );
#4517 = PCURVE('',#4518,#4523);
#4518 = CYLINDRICAL_SURFACE('',#4519,0.6096);
#4519 = AXIS2_PLACEMENT_3D('',#4520,#4521,#4522);
#4520 = CARTESIAN_POINT('',(-3.942880169335,-5.84581462798,
    -12.61135312098));
#4521 = DIRECTION('',(-1.296752066396E-05,1.414950665963E-05,
    0.999999999816));
#4522 = DIRECTION('',(0.808890153518,-0.587959793853,1.880864080281E-05)
  );
#4523 = DEFINITIONAL_REPRESENTATION('',(#4524),#4528);
#4524 = LINE('',#4525,#4526);
#4525 = CARTESIAN_POINT('',(1.570796326795,10.922));
#4526 = VECTOR('',#4527,1.);
#4527 = DIRECTION('',(-1.,0.));
#4528 = ( GEOMETRIC_REPRESENTATION_CONTEXT(2) 
PARAMETRIC_REPRESENTATION_CONTEXT() REPRESENTATION_CONTEXT('2D SPACE',''
  ) );
#4529 = ORIENTED_EDGE('',*,*,#4530,.T.);
#4530 = EDGE_CURVE('',#4498,#4531,#4533,.T.);
#4531 = VERTEX_POINT('',#4532);
#4532 = CARTESIAN_POINT('',(-3.453300345627,-6.520436276114,
    -1.689337224777));
#4533 = SURFACE_CURVE('',#4534,(#4538,#4545),.PCURVE_S1.);
#4534 = LINE('',#4535,#4536);
#4535 = CARTESIAN_POINT('',(-3.344646980414,-5.962106360029,
    -1.689343715906));
#4536 = VECTOR('',#4537,1.);
#4537 = DIRECTION('',(-0.191020789157,-0.981585991128,1.141189148993E-05
    ));
#4538 = PCURVE('',#2905,#4539);
#4539 = DEFINITIONAL_REPRESENTATION('',(#4540),#4544);
#4540 = LINE('',#4541,#4542);
#4541 = CARTESIAN_POINT('',(5.963645960416,-3.345066875296));
#4542 = VECTOR('',#4543,1.);
#4543 = DIRECTION('',(0.981627183448,-0.190808995376));
#4544 = ( GEOMETRIC_REPRESENTATION_CONTEXT(2) 
PARAMETRIC_REPRESENTATION_CONTEXT() REPRESENTATION_CONTEXT('2D SPACE',''
  ) );
#4545 = PCURVE('',#4546,#4551);
#4546 = PLANE('',#4547);
#4547 = AXIS2_PLACEMENT_3D('',#4548,#4549,#4550);
#4548 = CARTESIAN_POINT('',(-3.344505349154,-5.962260900941,
    -12.61134371389));
#4549 = DIRECTION('',(0.981585991109,-0.191020788974,1.543158655172E-05)
  );
#4550 = DIRECTION('',(0.191020789157,0.981585991128,-1.141189148993E-05)
  );
#4551 = DEFINITIONAL_REPRESENTATION('',(#4552),#4556);
#4552 = LINE('',#4553,#4554);
#4553 = CARTESIAN_POINT('',(4.807081382258E-16,10.922));
#4554 = VECTOR('',#4555,1.);
#4555 = DIRECTION('',(-1.,-1.694065894509E-21));
#4556 = ( GEOMETRIC_REPRESENTATION_CONTEXT(2) 
PARAMETRIC_REPRESENTATION_CONTEXT() REPRESENTATION_CONTEXT('2D SPACE',''
  ) );
#4557 = ORIENTED_EDGE('',*,*,#4558,.F.);
#4558 = EDGE_CURVE('',#4559,#4531,#4561,.T.);
#4559 = VERTEX_POINT('',#4560);
#4560 = CARTESIAN_POINT('',(-3.095906789934,-7.196829144868,
    -1.689323019644));
#4561 = SURFACE_CURVE('',#4562,(#4567,#4578),.PCURVE_S1.);
#4562 = CIRCLE('',#4563,0.6096);
#4563 = AXIS2_PLACEMENT_3D('',#4564,#4565,#4566);
#4564 = CARTESIAN_POINT('',(-2.854925525447,-6.636882549074,
    -1.689327817682));
#4565 = DIRECTION('',(1.296752066396E-05,-1.414950665963E-05,
    -0.999999999816));
#4566 = DIRECTION('',(-0.395310473239,-0.918547565282,7.870798163187E-06
    ));
#4567 = PCURVE('',#2905,#4568);
#4568 = DEFINITIONAL_REPRESENTATION('',(#4569),#4577);
#4569 = ( BOUNDED_CURVE() B_SPLINE_CURVE(2,(#4570,#4571,#4572,#4573,
#4574,#4575,#4576),.UNSPECIFIED.,.T.,.F.) B_SPLINE_CURVE_WITH_KNOTS((1,2
    ,2,2,2,1),(-2.094395102393,0.,2.094395102393,4.188790204786,
6.28318530718,8.377580409573),.UNSPECIFIED.) CURVE() 
GEOMETRIC_REPRESENTATION_ITEM() RATIONAL_B_SPLINE_CURVE((1.,0.5,1.,0.5,
1.,0.5,1.)) REPRESENTATION_ITEM('') );
#4570 = CARTESIAN_POINT('',(7.198315047905,-3.096060283831));
#4571 = CARTESIAN_POINT('',(6.781132522273,-4.066006272176));
#4572 = CARTESIAN_POINT('',(6.149725918883,-3.219742612791));
#4573 = CARTESIAN_POINT('',(5.518319315494,-2.373478953406));
#4574 = CARTESIAN_POINT('',(6.566908444516,-2.249796624446));
#4575 = CARTESIAN_POINT('',(7.615497573538,-2.126114295486));
#4576 = CARTESIAN_POINT('',(7.198315047905,-3.096060283831));
#4577 = ( GEOMETRIC_REPRESENTATION_CONTEXT(2) 
PARAMETRIC_REPRESENTATION_CONTEXT() REPRESENTATION_CONTEXT('2D SPACE',''
  ) );
#4578 = PCURVE('',#4579,#4584);
#4579 = CYLINDRICAL_SURFACE('',#4580,0.6096);
#4580 = AXIS2_PLACEMENT_3D('',#4581,#4582,#4583);
#4581 = CARTESIAN_POINT('',(-2.854783894187,-6.637037089986,
    -12.61132781567));
#4582 = DIRECTION('',(-1.296752066396E-05,1.414950665963E-05,
    0.999999999816));
#4583 = DIRECTION('',(0.808890153518,-0.587959793853,1.880864080281E-05)
  );
#4584 = DEFINITIONAL_REPRESENTATION('',(#4585),#4589);
#4585 = LINE('',#4586,#4587);
#4586 = CARTESIAN_POINT('',(4.934517442456,10.922));
#4587 = VECTOR('',#4588,1.);
#4588 = DIRECTION('',(-1.,0.));
#4589 = ( GEOMETRIC_REPRESENTATION_CONTEXT(2) 
PARAMETRIC_REPRESENTATION_CONTEXT() REPRESENTATION_CONTEXT('2D SPACE',''
  ) );
#4590 = ORIENTED_EDGE('',*,*,#4591,.T.);
#4591 = EDGE_CURVE('',#4559,#4592,#4594,.T.);
#4592 = VERTEX_POINT('',#4593);
#4593 = CARTESIAN_POINT('',(-1.726240607189,-7.642187409163,
    -1.689298956869));
#4594 = SURFACE_CURVE('',#4595,(#4600,#4607),.PCURVE_S1.);
#4595 = CIRCLE('',#4596,7.8359);
#4596 = AXIS2_PLACEMENT_3D('',#4597,#4598,#4599);
#4597 = CARTESIAN_POINT('',(1.706547312648E-03,8.177219276909E-04,
    -1.689384694431));
#4598 = DIRECTION('',(-1.296752066396E-05,1.414950665963E-05,
    0.999999999816));
#4599 = DIRECTION('',(-0.395310473238,-0.918547565282,7.870798163203E-06
    ));
#4600 = PCURVE('',#2905,#4601);
#4601 = DEFINITIONAL_REPRESENTATION('',(#4602),#4606);
#4602 = CIRCLE('',#4603,7.8359);
#4603 = AXIS2_PLACEMENT_2D('',#4604,#4605);
#4604 = CARTESIAN_POINT('',(0.,0.));
#4605 = DIRECTION('',(0.918632837058,-0.395112276041));
#4606 = ( GEOMETRIC_REPRESENTATION_CONTEXT(2) 
PARAMETRIC_REPRESENTATION_CONTEXT() REPRESENTATION_CONTEXT('2D SPACE',''
  ) );
#4607 = PCURVE('',#4608,#4613);
#4608 = CYLINDRICAL_SURFACE('',#4609,7.8359);
#4609 = AXIS2_PLACEMENT_3D('',#4610,#4611,#4612);
#4610 = CARTESIAN_POINT('',(1.870082012494E-03,6.392810842556E-04,
    -14.3004846921));
#4611 = DIRECTION('',(1.296752066396E-05,-1.414950665963E-05,
    -0.999999999816));
#4612 = DIRECTION('',(0.999999976639,-2.157622180403E-04,
    1.297057329236E-05));
#4613 = DEFINITIONAL_REPRESENTATION('',(#4614),#4618);
#4614 = LINE('',#4615,#4616);
#4615 = CARTESIAN_POINT('',(1.976986395441,-12.6111));
#4616 = VECTOR('',#4617,1.);
#4617 = DIRECTION('',(-1.,0.));
#4618 = ( GEOMETRIC_REPRESENTATION_CONTEXT(2) 
PARAMETRIC_REPRESENTATION_CONTEXT() REPRESENTATION_CONTEXT('2D SPACE',''
  ) );
#4619 = ORIENTED_EDGE('',*,*,#4620,.F.);
#4620 = EDGE_CURVE('',#4621,#4592,#4623,.T.);
#4621 = VERTEX_POINT('',#4622);
#4622 = CARTESIAN_POINT('',(-1.039383972418,-7.305341108889,
    -1.689294816251));
#4623 = SURFACE_CURVE('',#4624,(#4629,#4640),.PCURVE_S1.);
#4624 = CIRCLE('',#4625,0.6096);
#4625 = AXIS2_PLACEMENT_3D('',#4626,#4627,#4628);
#4626 = CARTESIAN_POINT('',(-1.591813600032,-7.047593817119,
    -1.68930562689));
#4627 = DIRECTION('',(1.296752066396E-05,-1.414950665963E-05,
    -0.999999999816));
#4628 = DIRECTION('',(0.906216580733,-0.42281379884,1.773398890242E-05)
  );
#4629 = PCURVE('',#2905,#4630);
#4630 = DEFINITIONAL_REPRESENTATION('',(#4631),#4639);
#4631 = ( BOUNDED_CURVE() B_SPLINE_CURVE(2,(#4632,#4633,#4634,#4635,
#4636,#4637,#4638),.UNSPECIFIED.,.T.,.F.) B_SPLINE_CURVE_WITH_KNOTS((1,2
    ,2,2,2,1),(-2.094395102393,0.,2.094395102393,4.188790204786,
6.28318530718,8.377580409573),.UNSPECIFIED.) CURVE() 
GEOMETRIC_REPRESENTATION_ITEM() RATIONAL_B_SPLINE_CURVE((1.,0.5,1.,0.5,
1.,0.5,1.)) REPRESENTATION_ITEM('') );
#4632 = CARTESIAN_POINT('',(7.306383289487,-1.039514101208));
#4633 = CARTESIAN_POINT('',(8.263315773043,-1.485739046628));
#4634 = CARTESIAN_POINT('',(7.39840739273,-2.091354414385));
#4635 = CARTESIAN_POINT('',(6.533499012416,-2.696969782141));
#4636 = CARTESIAN_POINT('',(6.441474909173,-1.645129468965));
#4637 = CARTESIAN_POINT('',(6.349450805931,-0.593289155789));
#4638 = CARTESIAN_POINT('',(7.306383289487,-1.039514101208));
#4639 = ( GEOMETRIC_REPRESENTATION_CONTEXT(2) 
PARAMETRIC_REPRESENTATION_CONTEXT() REPRESENTATION_CONTEXT('2D SPACE',''
  ) );
#4640 = PCURVE('',#4641,#4646);
#4641 = CYLINDRICAL_SURFACE('',#4642,0.6096);
#4642 = AXIS2_PLACEMENT_3D('',#4643,#4644,#4645);
#4643 = CARTESIAN_POINT('',(-1.591671968771,-7.047748358031,
    -12.61130562487));
#4644 = DIRECTION('',(-1.296752066396E-05,1.414950665963E-05,
    0.999999999816));
#4645 = DIRECTION('',(0.999999976639,-2.157622180403E-04,
    1.297057329236E-05));
#4646 = DEFINITIONAL_REPRESENTATION('',(#4647),#4651);
#4647 = LINE('',#4648,#4649);
#4648 = CARTESIAN_POINT('',(5.846852994181,10.922));
#4649 = VECTOR('',#4650,1.);
#4650 = DIRECTION('',(-1.,0.));
#4651 = ( GEOMETRIC_REPRESENTATION_CONTEXT(2) 
PARAMETRIC_REPRESENTATION_CONTEXT() REPRESENTATION_CONTEXT('2D SPACE',''
  ) );
#4652 = ORIENTED_EDGE('',*,*,#4653,.T.);
#4653 = EDGE_CURVE('',#4621,#4654,#4656,.T.);
#4654 = VERTEX_POINT('',#4655);
#4655 = CARTESIAN_POINT('',(-0.798885844839,-6.789881605509,
    -1.689298991084));
#4656 = SURFACE_CURVE('',#4657,(#4661,#4668),.PCURVE_S1.);
#4657 = LINE('',#4658,#4659);
#4658 = CARTESIAN_POINT('',(-1.039383972418,-7.305341108889,
    -1.689294816251));
#4659 = VECTOR('',#4660,1.);
#4660 = DIRECTION('',(0.422813799013,0.906216580797,-7.339670870689E-06)
  );
#4661 = PCURVE('',#2905,#4662);
#4662 = DEFINITIONAL_REPRESENTATION('',(#4663),#4667);
#4663 = LINE('',#4664,#4665);
#4664 = CARTESIAN_POINT('',(7.306383289485,-1.039514101209));
#4665 = VECTOR('',#4666,1.);
#4666 = DIRECTION('',(-0.906307787037,0.422618261741));
#4667 = ( GEOMETRIC_REPRESENTATION_CONTEXT(2) 
PARAMETRIC_REPRESENTATION_CONTEXT() REPRESENTATION_CONTEXT('2D SPACE',''
  ) );
#4668 = PCURVE('',#4669,#4674);
#4669 = PLANE('',#4670);
#4670 = AXIS2_PLACEMENT_3D('',#4671,#4672,#4673);
#4671 = CARTESIAN_POINT('',(-1.039242341157,-7.305495649801,
    -12.61129481423));
#4672 = DIRECTION('',(-0.906216580733,0.42281379884,-1.773398890242E-05)
  );
#4673 = DIRECTION('',(-1.296752066396E-05,1.414950665963E-05,
    0.999999999816));
#4674 = DEFINITIONAL_REPRESENTATION('',(#4675),#4679);
#4675 = LINE('',#4676,#4677);
#4676 = CARTESIAN_POINT('',(10.922,5.201595447771E-16));
#4677 = VECTOR('',#4678,1.);
#4678 = DIRECTION('',(8.470329472543E-22,1.));
#4679 = ( GEOMETRIC_REPRESENTATION_CONTEXT(2) 
PARAMETRIC_REPRESENTATION_CONTEXT() REPRESENTATION_CONTEXT('2D SPACE',''
  ) );
#4680 = ORIENTED_EDGE('',*,*,#4681,.T.);
#4681 = EDGE_CURVE('',#4654,#4682,#4684,.T.);
#4682 = VERTEX_POINT('',#4683);
#4683 = CARTESIAN_POINT('',(-0.246324688465,-6.438028911533,
    -1.689296804278));
#4684 = SURFACE_CURVE('',#4685,(#4690,#4701),.PCURVE_S1.);
#4685 = CIRCLE('',#4686,0.6096);
#4686 = AXIS2_PLACEMENT_3D('',#4687,#4688,#4689);
#4687 = CARTESIAN_POINT('',(-0.246456217225,-7.047628897283,
    -1.689288180444));
#4688 = DIRECTION('',(1.296752066396E-05,-1.414950665963E-05,
    -0.999999999816));
#4689 = DIRECTION('',(-0.906216580733,0.42281379884,-1.773398890242E-05)
  );
#4690 = PCURVE('',#2905,#4691);
#4691 = DEFINITIONAL_REPRESENTATION('',(#4692),#4700);
#4692 = ( BOUNDED_CURVE() B_SPLINE_CURVE(2,(#4693,#4694,#4695,#4696,
#4697,#4698,#4699),.UNSPECIFIED.,.T.,.F.) B_SPLINE_CURVE_WITH_KNOTS((1,2
    ,2,2,2,1),(-2.094395102393,0.,2.094395102393,4.188790204786,
6.28318530718,8.377580409573),.UNSPECIFIED.) CURVE() 
GEOMETRIC_REPRESENTATION_ITEM() RATIONAL_B_SPLINE_CURVE((1.,0.5,1.,0.5,
1.,0.5,1.)) REPRESENTATION_ITEM('') );
#4693 = CARTESIAN_POINT('',(6.790871907643,-0.79912719599));
#4694 = CARTESIAN_POINT('',(5.833939424087,-0.35290225057));
#4695 = CARTESIAN_POINT('',(6.6988478044,0.252713117187));
#4696 = CARTESIAN_POINT('',(7.563756184714,0.858328484943));
#4697 = CARTESIAN_POINT('',(7.655780287957,-0.193511828233));
#4698 = CARTESIAN_POINT('',(7.747804391199,-1.245352141409));
#4699 = CARTESIAN_POINT('',(6.790871907643,-0.79912719599));
#4700 = ( GEOMETRIC_REPRESENTATION_CONTEXT(2) 
PARAMETRIC_REPRESENTATION_CONTEXT() REPRESENTATION_CONTEXT('2D SPACE',''
  ) );
#4701 = PCURVE('',#4702,#4707);
#4702 = CYLINDRICAL_SURFACE('',#4703,0.6096);
#4703 = AXIS2_PLACEMENT_3D('',#4704,#4705,#4706);
#4704 = CARTESIAN_POINT('',(-0.246314585964,-7.047783438195,
    -12.61128817843));
#4705 = DIRECTION('',(-1.296752066396E-05,1.414950665963E-05,
    0.999999999816));
#4706 = DIRECTION('',(0.999999976639,-2.157622180403E-04,
    1.297057329236E-05));
#4707 = DEFINITIONAL_REPRESENTATION('',(#4708),#4712);
#4708 = LINE('',#4709,#4710);
#4709 = CARTESIAN_POINT('',(2.705260340591,10.922));
#4710 = VECTOR('',#4711,1.);
#4711 = DIRECTION('',(-1.,0.));
#4712 = ( GEOMETRIC_REPRESENTATION_CONTEXT(2) 
PARAMETRIC_REPRESENTATION_CONTEXT() REPRESENTATION_CONTEXT('2D SPACE',''
  ) );
#4713 = ORIENTED_EDGE('',*,*,#4714,.T.);
#4714 = EDGE_CURVE('',#4682,#4715,#4717,.T.);
#4715 = VERTEX_POINT('',#4716);
#4716 = CARTESIAN_POINT('',(0.246959238036,-6.43813534357,
    -1.689290406102));
#4717 = SURFACE_CURVE('',#4718,(#4722,#4729),.PCURVE_S1.);
#4718 = LINE('',#4719,#4720);
#4719 = CARTESIAN_POINT('',(-0.246324688465,-6.438028911533,
    -1.689296804278));
#4720 = VECTOR('',#4721,1.);
#4721 = DIRECTION('',(0.999999976639,-2.157622180403E-04,
    1.297057329236E-05));
#4722 = PCURVE('',#2905,#4723);
#4723 = DEFINITIONAL_REPRESENTATION('',(#4724),#4728);
#4724 = LINE('',#4725,#4726);
#4725 = CARTESIAN_POINT('',(6.4389,-0.246641969012));
#4726 = VECTOR('',#4727,1.);
#4727 = DIRECTION('',(3.459928481247E-20,1.));
#4728 = ( GEOMETRIC_REPRESENTATION_CONTEXT(2) 
PARAMETRIC_REPRESENTATION_CONTEXT() REPRESENTATION_CONTEXT('2D SPACE',''
  ) );
#4729 = PCURVE('',#4730,#4735);
#4730 = PLANE('',#4731);
#4731 = AXIS2_PLACEMENT_3D('',#4732,#4733,#4734);
#4732 = CARTESIAN_POINT('',(-0.246183057204,-6.438183452445,
    -12.61129680226));
#4733 = DIRECTION('',(2.157624015277E-04,0.999999976623,
    -1.414670842806E-05));
#4734 = DIRECTION('',(-0.999999976639,2.157622180403E-04,
    -1.297057329236E-05));
#4735 = DEFINITIONAL_REPRESENTATION('',(#4736),#4740);
#4736 = LINE('',#4737,#4738);
#4737 = CARTESIAN_POINT('',(-1.230569465771E-17,10.922));
#4738 = VECTOR('',#4739,1.);
#4739 = DIRECTION('',(-1.,0.));
#4740 = ( GEOMETRIC_REPRESENTATION_CONTEXT(2) 
PARAMETRIC_REPRESENTATION_CONTEXT() REPRESENTATION_CONTEXT('2D SPACE',''
  ) );
#4741 = ORIENTED_EDGE('',*,*,#4742,.T.);
#4742 = EDGE_CURVE('',#4715,#4743,#4745,.T.);
#4743 = VERTEX_POINT('',#4744);
#4744 = CARTESIAN_POINT('',(0.799368509802,-6.790226448422,
    -1.689278260808));
#4745 = SURFACE_CURVE('',#4746,(#4751,#4762),.PCURVE_S1.);
#4746 = CIRCLE('',#4747,0.6096);
#4747 = AXIS2_PLACEMENT_3D('',#4748,#4749,#4750);
#4748 = CARTESIAN_POINT('',(0.246827709276,-7.047735329319,
    -1.689281782269));
#4749 = DIRECTION('',(1.296752066396E-05,-1.414950665963E-05,
    -0.999999999816));
#4750 = DIRECTION('',(2.157624015277E-04,0.999999976623,
    -1.414670842806E-05));
#4751 = PCURVE('',#2905,#4752);
#4752 = DEFINITIONAL_REPRESENTATION('',(#4753),#4761);
#4753 = ( BOUNDED_CURVE() B_SPLINE_CURVE(2,(#4754,#4755,#4756,#4757,
#4758,#4759,#4760),.UNSPECIFIED.,.T.,.F.) B_SPLINE_CURVE_WITH_KNOTS((1,2
    ,2,2,2,1),(-2.094395102393,0.,2.094395102393,4.188790204786,
6.28318530718,8.377580409573),.UNSPECIFIED.) CURVE() 
GEOMETRIC_REPRESENTATION_ITEM() RATIONAL_B_SPLINE_CURVE((1.,0.5,1.,0.5,
1.,0.5,1.)) REPRESENTATION_ITEM('') );
#4754 = CARTESIAN_POINT('',(6.4389,0.246641969012));
#4755 = CARTESIAN_POINT('',(6.4389,1.302500141306));
#4756 = CARTESIAN_POINT('',(7.3533,0.774571055159));
#4757 = CARTESIAN_POINT('',(8.2677,0.246641969012));
#4758 = CARTESIAN_POINT('',(7.3533,-0.281287117135));
#4759 = CARTESIAN_POINT('',(6.4389,-0.809216203282));
#4760 = CARTESIAN_POINT('',(6.4389,0.246641969012));
#4761 = ( GEOMETRIC_REPRESENTATION_CONTEXT(2) 
PARAMETRIC_REPRESENTATION_CONTEXT() REPRESENTATION_CONTEXT('2D SPACE',''
  ) );
#4762 = PCURVE('',#4763,#4768);
#4763 = CYLINDRICAL_SURFACE('',#4764,0.6096);
#4764 = AXIS2_PLACEMENT_3D('',#4765,#4766,#4767);
#4765 = CARTESIAN_POINT('',(0.246969340536,-7.047889870231,
    -12.61128178025));
#4766 = DIRECTION('',(-1.296752066396E-05,1.414950665963E-05,
    0.999999999816));
#4767 = DIRECTION('',(0.999999976639,-2.157622180403E-04,
    1.297057329236E-05));
#4768 = DEFINITIONAL_REPRESENTATION('',(#4769),#4773);
#4769 = LINE('',#4770,#4771);
#4770 = CARTESIAN_POINT('',(1.570796326795,10.922));
#4771 = VECTOR('',#4772,1.);
#4772 = DIRECTION('',(-1.,0.));
#4773 = ( GEOMETRIC_REPRESENTATION_CONTEXT(2) 
PARAMETRIC_REPRESENTATION_CONTEXT() REPRESENTATION_CONTEXT('2D SPACE',''
  ) );
#4774 = ORIENTED_EDGE('',*,*,#4775,.T.);
#4775 = EDGE_CURVE('',#4743,#4776,#4778,.T.);
#4776 = VERTEX_POINT('',#4777);
#4777 = CARTESIAN_POINT('',(1.039644181433,-7.305789684626,
    -1.689267850063));
#4778 = SURFACE_CURVE('',#4779,(#4783,#4790),.PCURVE_S1.);
#4779 = LINE('',#4780,#4781);
#4780 = CARTESIAN_POINT('',(0.799368509802,-6.790226448422,
    -1.689278260808));
#4781 = VECTOR('',#4782,1.);
#4782 = DIRECTION('',(0.422422704723,-0.906398950904,1.830287314789E-05)
  );
#4783 = PCURVE('',#2905,#4784);
#4784 = DEFINITIONAL_REPRESENTATION('',(#4785),#4789);
#4785 = LINE('',#4786,#4787);
#4786 = CARTESIAN_POINT('',(6.790871907642,0.799127195989));
#4787 = VECTOR('',#4788,1.);
#4788 = DIRECTION('',(0.906307787037,0.422618261741));
#4789 = ( GEOMETRIC_REPRESENTATION_CONTEXT(2) 
PARAMETRIC_REPRESENTATION_CONTEXT() REPRESENTATION_CONTEXT('2D SPACE',''
  ) );
#4790 = PCURVE('',#4791,#4796);
#4791 = PLANE('',#4792);
#4792 = AXIS2_PLACEMENT_3D('',#4793,#4794,#4795);
#4793 = CARTESIAN_POINT('',(0.799510141063,-6.790380989334,
    -12.61127825879));
#4794 = DIRECTION('',(0.906398950996,0.422422704883,5.776674251976E-06)
  );
#4795 = DIRECTION('',(1.296752066396E-05,-1.414950665963E-05,
    -0.999999999816));
#4796 = DEFINITIONAL_REPRESENTATION('',(#4797),#4801);
#4797 = LINE('',#4798,#4799);
#4798 = CARTESIAN_POINT('',(-10.922,5.333461536999E-16));
#4799 = VECTOR('',#4800,1.);
#4800 = DIRECTION('',(3.388131789017E-21,-1.));
#4801 = ( GEOMETRIC_REPRESENTATION_CONTEXT(2) 
PARAMETRIC_REPRESENTATION_CONTEXT() REPRESENTATION_CONTEXT('2D SPACE',''
  ) );
#4802 = ORIENTED_EDGE('',*,*,#4803,.F.);
#4803 = EDGE_CURVE('',#4804,#4776,#4806,.T.);
#4804 = VERTEX_POINT('',#4805);
#4805 = CARTESIAN_POINT('',(1.726355394723,-7.642932348952,
    -1.689254174719));
#4806 = SURFACE_CURVE('',#4807,(#4812,#4823),.PCURVE_S1.);
#4807 = CIRCLE('',#4808,0.6096);
#4808 = AXIS2_PLACEMENT_3D('',#4809,#4810,#4811);
#4809 = CARTESIAN_POINT('',(1.592184981959,-7.048280803731,
    -1.689264328603));
#4810 = DIRECTION('',(1.296752066396E-05,-1.414950665963E-05,
    -0.999999999816));
#4811 = DIRECTION('',(0.220095821463,-0.975478256599,1.665663320401E-05)
  );
#4812 = PCURVE('',#2905,#4813);
#4813 = DEFINITIONAL_REPRESENTATION('',(#4814),#4822);
#4814 = ( BOUNDED_CURVE() B_SPLINE_CURVE(2,(#4815,#4816,#4817,#4818,
#4819,#4820,#4821),.UNSPECIFIED.,.T.,.F.) B_SPLINE_CURVE_WITH_KNOTS((1,2
    ,2,2,2,1),(-2.094395102393,0.,2.094395102393,4.188790204786,
6.28318530718,8.377580409573),.UNSPECIFIED.) CURVE() 
GEOMETRIC_REPRESENTATION_ITEM() RATIONAL_B_SPLINE_CURVE((1.,0.5,1.,0.5,
1.,0.5,1.)) REPRESENTATION_ITEM('') );
#4815 = CARTESIAN_POINT('',(7.643377779665,1.726298041284));
#4816 = CARTESIAN_POINT('',(7.875989974141,0.696381517006));
#4817 = CARTESIAN_POINT('',(6.867750003101,1.009891709498));
#4818 = CARTESIAN_POINT('',(5.859510032061,1.323401901991));
#4819 = CARTESIAN_POINT('',(6.635137808624,2.039808233776));
#4820 = CARTESIAN_POINT('',(7.410765585188,2.756214565562));
#4821 = CARTESIAN_POINT('',(7.643377779665,1.726298041284));
#4822 = ( GEOMETRIC_REPRESENTATION_CONTEXT(2) 
PARAMETRIC_REPRESENTATION_CONTEXT() REPRESENTATION_CONTEXT('2D SPACE',''
  ) );
#4823 = PCURVE('',#4824,#4829);
#4824 = CYLINDRICAL_SURFACE('',#4825,0.6096);
#4825 = AXIS2_PLACEMENT_3D('',#4826,#4827,#4828);
#4826 = CARTESIAN_POINT('',(1.59232661322,-7.048435344643,
    -12.61126432659));
#4827 = DIRECTION('',(-1.296752066396E-05,1.414950665963E-05,
    0.999999999816));
#4828 = DIRECTION('',(0.999999976639,-2.157622180403E-04,
    1.297057329236E-05));
#4829 = DEFINITIONAL_REPRESENTATION('',(#4830),#4834);
#4830 = LINE('',#4831,#4832);
#4831 = CARTESIAN_POINT('',(4.934517442455,10.922));
#4832 = VECTOR('',#4833,1.);
#4833 = DIRECTION('',(-1.,0.));
#4834 = ( GEOMETRIC_REPRESENTATION_CONTEXT(2) 
PARAMETRIC_REPRESENTATION_CONTEXT() REPRESENTATION_CONTEXT('2D SPACE',''
  ) );
#4835 = ORIENTED_EDGE('',*,*,#4836,.T.);
#4836 = EDGE_CURVE('',#4804,#4837,#4839,.T.);
#4837 = VERTEX_POINT('',#4838);
#4838 = CARTESIAN_POINT('',(3.096213633076,-7.198165170536,
    -1.68924270429));
#4839 = SURFACE_CURVE('',#4840,(#4845,#4852),.PCURVE_S1.);
#4840 = CIRCLE('',#4841,7.8359);
#4841 = AXIS2_PLACEMENT_3D('',#4842,#4843,#4844);
#4842 = CARTESIAN_POINT('',(1.706547312648E-03,8.177219276909E-04,
    -1.689384694431));
#4843 = DIRECTION('',(-1.296752066396E-05,1.414950665963E-05,
    0.999999999816));
#4844 = DIRECTION('',(0.220095821464,-0.975478256599,1.665663320402E-05)
  );
#4845 = PCURVE('',#2905,#4846);
#4846 = DEFINITIONAL_REPRESENTATION('',(#4847),#4851);
#4847 = CIRCLE('',#4848,7.8359);
#4848 = AXIS2_PLACEMENT_2D('',#4849,#4850);
#4849 = CARTESIAN_POINT('',(0.,0.));
#4850 = DIRECTION('',(0.975430745628,0.220306287891));
#4851 = ( GEOMETRIC_REPRESENTATION_CONTEXT(2) 
PARAMETRIC_REPRESENTATION_CONTEXT() REPRESENTATION_CONTEXT('2D SPACE',''
  ) );
#4852 = PCURVE('',#4853,#4858);
#4853 = CYLINDRICAL_SURFACE('',#4854,7.8359);
#4854 = AXIS2_PLACEMENT_3D('',#4855,#4856,#4857);
#4855 = CARTESIAN_POINT('',(1.870082012494E-03,6.392810842556E-04,
    -14.3004846921));
#4856 = DIRECTION('',(1.296752066396E-05,-1.414950665963E-05,
    -0.999999999816));
#4857 = DIRECTION('',(0.999999976639,-2.157622180403E-04,
    1.297057329236E-05));
#4858 = DEFINITIONAL_REPRESENTATION('',(#4859),#4863);
#4859 = LINE('',#4860,#4861);
#4860 = CARTESIAN_POINT('',(1.348667864723,-12.6111));
#4861 = VECTOR('',#4862,1.);
#4862 = DIRECTION('',(-1.,0.));
#4863 = ( GEOMETRIC_REPRESENTATION_CONTEXT(2) 
PARAMETRIC_REPRESENTATION_CONTEXT() REPRESENTATION_CONTEXT('2D SPACE',''
  ) );
#4864 = ORIENTED_EDGE('',*,*,#4865,.F.);
#4865 = EDGE_CURVE('',#4866,#4837,#4868,.T.);
#4866 = VERTEX_POINT('',#4867);
#4867 = CARTESIAN_POINT('',(3.453899035786,-6.521926588808,
    -1.68924763444));
#4868 = SURFACE_CURVE('',#4869,(#4874,#4885),.PCURVE_S1.);
#4869 = CIRCLE('',#4870,0.6096);
#4870 = AXIS2_PLACEMENT_3D('',#4871,#4872,#4873);
#4871 = CARTESIAN_POINT('',(2.855474021865,-6.638114637575,
    -1.689253750525));
#4872 = DIRECTION('',(1.296752066396E-05,-1.414950665963E-05,
    -0.999999999816));
#4873 = DIRECTION('',(0.981668329923,0.190597192858,1.003294810563E-05)
  );
#4874 = PCURVE('',#2905,#4875);
#4875 = DEFINITIONAL_REPRESENTATION('',(#4876),#4884);
#4876 = ( BOUNDED_CURVE() B_SPLINE_CURVE(2,(#4877,#4878,#4879,#4880,
#4881,#4882,#4883),.UNSPECIFIED.,.T.,.F.) B_SPLINE_CURVE_WITH_KNOTS((1,2
    ,2,2,2,1),(-2.094395102393,0.,2.094395102393,4.188790204786,
6.28318530718,8.377580409573),.UNSPECIFIED.) CURVE() 
GEOMETRIC_REPRESENTATION_ITEM() RATIONAL_B_SPLINE_CURVE((1.,0.5,1.,0.5,
1.,0.5,1.)) REPRESENTATION_ITEM('') );
#4877 = CARTESIAN_POINT('',(6.521999306853,3.453599771386));
#4878 = CARTESIAN_POINT('',(7.558458390642,3.655067008502));
#4879 = CARTESIAN_POINT('',(7.21470459412,2.656733493399));
#4880 = CARTESIAN_POINT('',(6.870950797599,1.658399978297));
#4881 = CARTESIAN_POINT('',(6.178245510331,2.455266256283));
#4882 = CARTESIAN_POINT('',(5.485540223064,3.25213253427));
#4883 = CARTESIAN_POINT('',(6.521999306853,3.453599771386));
#4884 = ( GEOMETRIC_REPRESENTATION_CONTEXT(2) 
PARAMETRIC_REPRESENTATION_CONTEXT() REPRESENTATION_CONTEXT('2D SPACE',''
  ) );
#4885 = PCURVE('',#4886,#4891);
#4886 = CYLINDRICAL_SURFACE('',#4887,0.6096);
#4887 = AXIS2_PLACEMENT_3D('',#4888,#4889,#4890);
#4888 = CARTESIAN_POINT('',(2.855615653126,-6.638269178487,
    -12.61125374851));
#4889 = DIRECTION('',(-1.296752066396E-05,1.414950665963E-05,
    0.999999999816));
#4890 = DIRECTION('',(0.809143797433,0.587610683251,2.178187637803E-06)
  );
#4891 = DEFINITIONAL_REPRESENTATION('',(#4892),#4896);
#4892 = LINE('',#4893,#4894);
#4893 = CARTESIAN_POINT('',(5.846852994181,10.922));
#4894 = VECTOR('',#4895,1.);
#4895 = DIRECTION('',(-1.,0.));
#4896 = ( GEOMETRIC_REPRESENTATION_CONTEXT(2) 
PARAMETRIC_REPRESENTATION_CONTEXT() REPRESENTATION_CONTEXT('2D SPACE',''
  ) );
#4897 = ORIENTED_EDGE('',*,*,#4898,.T.);
#4898 = EDGE_CURVE('',#4866,#4899,#4901,.T.);
#4899 = VERTEX_POINT('',#4900);
#4900 = CARTESIAN_POINT('',(3.345486613891,-5.963549838126,
    -1.689256941035));
#4901 = SURFACE_CURVE('',#4902,(#4906,#4913),.PCURVE_S1.);
#4902 = LINE('',#4903,#4904);
#4903 = CARTESIAN_POINT('',(3.453899035786,-6.521926588808,
    -1.68924763444));
#4904 = VECTOR('',#4905,1.);
#4905 = DIRECTION('',(-0.19059719268,0.981668329873,-1.636169560866E-05)
  );
#4906 = PCURVE('',#2905,#4907);
#4907 = DEFINITIONAL_REPRESENTATION('',(#4908),#4912);
#4908 = LINE('',#4909,#4910);
#4909 = CARTESIAN_POINT('',(6.521999306852,3.453599771385));
#4910 = VECTOR('',#4911,1.);
#4911 = DIRECTION('',(-0.981627183448,-0.190808995376));
#4912 = ( GEOMETRIC_REPRESENTATION_CONTEXT(2) 
PARAMETRIC_REPRESENTATION_CONTEXT() REPRESENTATION_CONTEXT('2D SPACE',''
  ) );
#4913 = PCURVE('',#4914,#4919);
#4914 = PLANE('',#4915);
#4915 = AXIS2_PLACEMENT_3D('',#4916,#4917,#4918);
#4916 = CARTESIAN_POINT('',(3.454040667046,-6.52208112972,
    -12.61124763242));
#4917 = DIRECTION('',(-0.981668329923,-0.190597192857,
    -1.003294810565E-05));
#4918 = DIRECTION('',(-1.296752066396E-05,1.414950665963E-05,
    0.999999999816));
#4919 = DEFINITIONAL_REPRESENTATION('',(#4920),#4924);
#4920 = LINE('',#4921,#4922);
#4921 = CARTESIAN_POINT('',(10.922,5.078674026465E-16));
#4922 = VECTOR('',#4923,1.);
#4923 = DIRECTION('',(0.,1.));
#4924 = ( GEOMETRIC_REPRESENTATION_CONTEXT(2) 
PARAMETRIC_REPRESENTATION_CONTEXT() REPRESENTATION_CONTEXT('2D SPACE',''
  ) );
#4925 = ORIENTED_EDGE('',*,*,#4926,.T.);
#4926 = EDGE_CURVE('',#4899,#4927,#4929,.T.);
#4927 = VERTEX_POINT('',#4928);
#4928 = CARTESIAN_POINT('',(3.585704155389,-5.354107730517,
    -1.689262449315));
#4929 = SURFACE_CURVE('',#4930,(#4935,#4946),.PCURVE_S1.);
#4930 = CIRCLE('',#4931,0.6096);
#4931 = AXIS2_PLACEMENT_3D('',#4932,#4933,#4934);
#4932 = CARTESIAN_POINT('',(3.943911627813,-5.847361789359,
    -1.68925082495));
#4933 = DIRECTION('',(1.296752066396E-05,-1.414950665963E-05,
    -0.999999999816));
#4934 = DIRECTION('',(-0.981668329923,-0.190597192858,
    -1.003294810563E-05));
#4935 = PCURVE('',#2905,#4936);
#4936 = DEFINITIONAL_REPRESENTATION('',(#4937),#4945);
#4937 = ( BOUNDED_CURVE() B_SPLINE_CURVE(2,(#4938,#4939,#4940,#4941,
#4942,#4943,#4944),.UNSPECIFIED.,.T.,.F.) B_SPLINE_CURVE_WITH_KNOTS((1,2
    ,2,2,2,1),(-2.094395102393,0.,2.094395102393,4.188790204786,
6.28318530718,8.377580409573),.UNSPECIFIED.) CURVE() 
GEOMETRIC_REPRESENTATION_ITEM() RATIONAL_B_SPLINE_CURVE((1.,0.5,1.,0.5,
1.,0.5,1.)) REPRESENTATION_ITEM('') );
#4938 = CARTESIAN_POINT('',(5.963645960415,3.345066875297));
#4939 = CARTESIAN_POINT('',(4.927186876626,3.143599638181));
#4940 = CARTESIAN_POINT('',(5.270940673148,4.141933153284));
#4941 = CARTESIAN_POINT('',(5.614694469669,5.140266668386));
#4942 = CARTESIAN_POINT('',(6.307399756937,4.3434003904));
#4943 = CARTESIAN_POINT('',(7.000105044204,3.546534112413));
#4944 = CARTESIAN_POINT('',(5.963645960415,3.345066875297));
#4945 = ( GEOMETRIC_REPRESENTATION_CONTEXT(2) 
PARAMETRIC_REPRESENTATION_CONTEXT() REPRESENTATION_CONTEXT('2D SPACE',''
  ) );
#4946 = PCURVE('',#4947,#4952);
#4947 = CYLINDRICAL_SURFACE('',#4948,0.6096);
#4948 = AXIS2_PLACEMENT_3D('',#4949,#4950,#4951);
#4949 = CARTESIAN_POINT('',(3.944053259074,-5.84751633027,
    -12.61125082293));
#4950 = DIRECTION('',(-1.296752066396E-05,1.414950665963E-05,
    0.999999999816));
#4951 = DIRECTION('',(0.809143797433,0.587610683251,2.178187637803E-06)
  );
#4952 = DEFINITIONAL_REPRESENTATION('',(#4953),#4957);
#4953 = LINE('',#4954,#4955);
#4954 = CARTESIAN_POINT('',(2.705260340591,10.922));
#4955 = VECTOR('',#4956,1.);
#4956 = DIRECTION('',(-1.,0.));
#4957 = ( GEOMETRIC_REPRESENTATION_CONTEXT(2) 
PARAMETRIC_REPRESENTATION_CONTEXT() REPRESENTATION_CONTEXT('2D SPACE',''
  ) );
#4958 = ORIENTED_EDGE('',*,*,#4959,.T.);
#4959 = EDGE_CURVE('',#4927,#4960,#4962,.T.);
#4960 = VERTEX_POINT('',#4961);
#4961 = CARTESIAN_POINT('',(3.984841794213,-5.064248818659,
    -1.68926137485));
#4962 = SURFACE_CURVE('',#4963,(#4967,#4974),.PCURVE_S1.);
#4963 = LINE('',#4964,#4965);
#4964 = CARTESIAN_POINT('',(3.585704155389,-5.354107730517,
    -1.689262449315));
#4965 = VECTOR('',#4966,1.);
#4966 = DIRECTION('',(0.809143797433,0.587610683251,2.178187637803E-06)
  );
#4967 = PCURVE('',#2905,#4968);
#4968 = DEFINITIONAL_REPRESENTATION('',(#4969),#4973);
#4969 = LINE('',#4970,#4971);
#4970 = CARTESIAN_POINT('',(5.354152037062,3.58515291653));
#4971 = VECTOR('',#4972,1.);
#4972 = DIRECTION('',(-0.587785252293,0.809016994375));
#4973 = ( GEOMETRIC_REPRESENTATION_CONTEXT(2) 
PARAMETRIC_REPRESENTATION_CONTEXT() REPRESENTATION_CONTEXT('2D SPACE',''
  ) );
#4974 = PCURVE('',#4975,#4980);
#4975 = PLANE('',#4976);
#4976 = AXIS2_PLACEMENT_3D('',#4977,#4978,#4979);
#4977 = CARTESIAN_POINT('',(3.58584578665,-5.354262271429,-12.6112624473
    ));
#4978 = DIRECTION('',(-0.587610683112,0.809143797312,-1.90688392278E-05)
  );
#4979 = DIRECTION('',(-1.296752066396E-05,1.414950665963E-05,
    0.999999999816));
#4980 = DEFINITIONAL_REPRESENTATION('',(#4981),#4985);
#4981 = LINE('',#4982,#4983);
#4982 = CARTESIAN_POINT('',(10.922,5.97740986482E-16));
#4983 = VECTOR('',#4984,1.);
#4984 = DIRECTION('',(2.117582368136E-21,1.));
#4985 = ( GEOMETRIC_REPRESENTATION_CONTEXT(2) 
PARAMETRIC_REPRESENTATION_CONTEXT() REPRESENTATION_CONTEXT('2D SPACE',''
  ) );
#4986 = ORIENTED_EDGE('',*,*,#4987,.T.);
#4987 = EDGE_CURVE('',#4960,#4988,#4990,.T.);
#4988 = VERTEX_POINT('',#4989);
#4989 = CARTESIAN_POINT('',(4.638704241881,-5.024398482845,
    -1.689253459737));
#4990 = SURFACE_CURVE('',#4991,(#4996,#5007),.PCURVE_S1.);
#4991 = CIRCLE('',#4992,0.6096);
#4992 = AXIS2_PLACEMENT_3D('',#4993,#4994,#4995);
#4993 = CARTESIAN_POINT('',(4.343049266637,-5.557502877501,
    -1.689249750485));
#4994 = DIRECTION('',(1.296752066396E-05,-1.414950665963E-05,
    -0.999999999816));
#4995 = DIRECTION('',(-0.587610683112,0.809143797312,-1.90688392278E-05)
  );
#4996 = PCURVE('',#2905,#4997);
#4997 = DEFINITIONAL_REPRESENTATION('',(#4998),#5006);
#4998 = ( BOUNDED_CURVE() B_SPLINE_CURVE(2,(#4999,#5000,#5001,#5002,
#5003,#5004,#5005),.UNSPECIFIED.,.T.,.F.) B_SPLINE_CURVE_WITH_KNOTS((1,2
    ,2,2,2,1),(-2.094395102393,0.,2.094395102393,4.188790204786,
6.28318530718,8.377580409573),.UNSPECIFIED.) CURVE() 
GEOMETRIC_REPRESENTATION_ITEM() RATIONAL_B_SPLINE_CURVE((1.,0.5,1.,0.5,
1.,0.5,1.)) REPRESENTATION_ITEM('') );
#4999 = CARTESIAN_POINT('',(5.0642070131,3.984228005441));
#5000 = CARTESIAN_POINT('',(4.443589150913,4.838435210477));
#5001 = CARTESIAN_POINT('',(5.493663221663,4.948802442655));
#5002 = CARTESIAN_POINT('',(6.543737292413,5.059169674834));
#5003 = CARTESIAN_POINT('',(6.11428108385,4.09459523762));
#5004 = CARTESIAN_POINT('',(5.684824875287,3.130020800406));
#5005 = CARTESIAN_POINT('',(5.0642070131,3.984228005441));
#5006 = ( GEOMETRIC_REPRESENTATION_CONTEXT(2) 
PARAMETRIC_REPRESENTATION_CONTEXT() REPRESENTATION_CONTEXT('2D SPACE',''
  ) );
#5007 = PCURVE('',#5008,#5013);
#5008 = CYLINDRICAL_SURFACE('',#5009,0.6096);
#5009 = AXIS2_PLACEMENT_3D('',#5010,#5011,#5012);
#5010 = CARTESIAN_POINT('',(4.343190897898,-5.557657418413,
    -12.61124974847));
#5011 = DIRECTION('',(-1.296752066396E-05,1.414950665963E-05,
    0.999999999816));
#5012 = DIRECTION('',(0.809143797433,0.587610683251,2.178187637803E-06)
  );
#5013 = DEFINITIONAL_REPRESENTATION('',(#5014),#5018);
#5014 = LINE('',#5015,#5016);
#5015 = CARTESIAN_POINT('',(1.570796326795,10.922));
#5016 = VECTOR('',#5017,1.);
#5017 = DIRECTION('',(-1.,0.));
#5018 = ( GEOMETRIC_REPRESENTATION_CONTEXT(2) 
PARAMETRIC_REPRESENTATION_CONTEXT() REPRESENTATION_CONTEXT('2D SPACE',''
  ) );
#5019 = ORIENTED_EDGE('',*,*,#5020,.T.);
#5020 = EDGE_CURVE('',#4988,#5021,#5023,.T.);
#5021 = VERTEX_POINT('',#5022);
#5022 = CARTESIAN_POINT('',(5.13613181046,-5.300267406287,
    -1.689243105926));
#5023 = SURFACE_CURVE('',#5024,(#5028,#5035),.PCURVE_S1.);
#5024 = LINE('',#5025,#5026);
#5025 = CARTESIAN_POINT('',(4.638704241881,-5.024398482845,
    -1.689253459737));
#5026 = VECTOR('',#5027,1.);
#5027 = DIRECTION('',(0.87451508302,-0.484998318801,1.820277935514E-05)
  );
#5028 = PCURVE('',#2905,#5029);
#5029 = DEFINITIONAL_REPRESENTATION('',(#5030),#5034);
#5030 = LINE('',#5031,#5032);
#5031 = CARTESIAN_POINT('',(5.024215599397,4.638081839741));
#5032 = VECTOR('',#5033,1.);
#5033 = DIRECTION('',(0.484809620246,0.874619707139));
#5034 = ( GEOMETRIC_REPRESENTATION_CONTEXT(2) 
PARAMETRIC_REPRESENTATION_CONTEXT() REPRESENTATION_CONTEXT('2D SPACE',''
  ) );
#5035 = PCURVE('',#5036,#5041);
#5036 = PLANE('',#5037);
#5037 = AXIS2_PLACEMENT_3D('',#5038,#5039,#5040);
#5038 = CARTESIAN_POINT('',(4.638845873142,-5.024553023756,
    -12.61125345772));
#5039 = DIRECTION('',(0.484998318969,0.874515083095,-6.084731270092E-06)
  );
#5040 = DIRECTION('',(1.296752066396E-05,-1.414950665963E-05,
    -0.999999999816));
#5041 = DEFINITIONAL_REPRESENTATION('',(#5042),#5046);
#5042 = LINE('',#5043,#5044);
#5043 = CARTESIAN_POINT('',(-10.922,3.063684288901E-16));
#5044 = VECTOR('',#5045,1.);
#5045 = DIRECTION('',(0.,-1.));
#5046 = ( GEOMETRIC_REPRESENTATION_CONTEXT(2) 
PARAMETRIC_REPRESENTATION_CONTEXT() REPRESENTATION_CONTEXT('2D SPACE',''
  ) );
#5047 = ORIENTED_EDGE('',*,*,#5048,.F.);
#5048 = EDGE_CURVE('',#5049,#5021,#5051,.T.);
#5049 = VERTEX_POINT('',#5050);
#5050 = CARTESIAN_POINT('',(5.88986033833,-5.169382827469,
    -1.689235183888));
#5051 = SURFACE_CURVE('',#5052,(#5057,#5068),.PCURVE_S1.);
#5052 = CIRCLE('',#5053,0.6096);
#5053 = AXIS2_PLACEMENT_3D('',#5054,#5055,#5056);
#5054 = CARTESIAN_POINT('',(5.431786785707,-4.767163011633,
    -1.689246815178));
#5055 = DIRECTION('',(1.296752066396E-05,-1.414950665963E-05,
    -0.999999999816));
#5056 = DIRECTION('',(0.751432993149,-0.65980940918,1.908020049904E-05)
  );
#5057 = PCURVE('',#2905,#5058);
#5058 = DEFINITIONAL_REPRESENTATION('',(#5059),#5067);
#5059 = ( BOUNDED_CURVE() B_SPLINE_CURVE(2,(#5060,#5061,#5062,#5063,
#5064,#5065,#5066),.UNSPECIFIED.,.T.,.F.) B_SPLINE_CURVE_WITH_KNOTS((1,2
    ,2,2,2,1),(-2.094395102393,0.,2.094395102393,4.188790204786,
6.28318530718,8.377580409573),.UNSPECIFIED.) CURVE() 
GEOMETRIC_REPRESENTATION_ITEM() RATIONAL_B_SPLINE_CURVE((1.,0.5,1.,0.5,
1.,0.5,1.)) REPRESENTATION_ITEM('') );
#5060 = CARTESIAN_POINT('',(5.168929988448,5.889269189343));
#5061 = CARTESIAN_POINT('',(5.962486950941,5.192775235832));
#5062 = CARTESIAN_POINT('',(4.962527012372,4.853781723718));
#5063 = CARTESIAN_POINT('',(3.962567073802,4.514788211604));
#5064 = CARTESIAN_POINT('',(4.168970049878,5.550275677229));
#5065 = CARTESIAN_POINT('',(4.375373025954,6.585763142854));
#5066 = CARTESIAN_POINT('',(5.168929988448,5.889269189343));
#5067 = ( GEOMETRIC_REPRESENTATION_CONTEXT(2) 
PARAMETRIC_REPRESENTATION_CONTEXT() REPRESENTATION_CONTEXT('2D SPACE',''
  ) );
#5068 = PCURVE('',#5069,#5074);
#5069 = CYLINDRICAL_SURFACE('',#5070,0.6096);
#5070 = AXIS2_PLACEMENT_3D('',#5071,#5072,#5073);
#5071 = CARTESIAN_POINT('',(5.431928416967,-4.767317552545,
    -12.61124681316));
#5072 = DIRECTION('',(-1.296752066396E-05,1.414950665963E-05,
    0.999999999816));
#5073 = DIRECTION('',(0.809143797433,0.587610683251,2.178187637803E-06)
  );
#5074 = DEFINITIONAL_REPRESENTATION('',(#5075),#5079);
#5075 = LINE('',#5076,#5077);
#5076 = CARTESIAN_POINT('',(4.934517442457,10.922));
#5077 = VECTOR('',#5078,1.);
#5078 = DIRECTION('',(-1.,0.));
#5079 = ( GEOMETRIC_REPRESENTATION_CONTEXT(2) 
PARAMETRIC_REPRESENTATION_CONTEXT() REPRESENTATION_CONTEXT('2D SPACE',''
  ) );
#5080 = ORIENTED_EDGE('',*,*,#5081,.T.);
#5081 = EDGE_CURVE('',#5049,#5082,#5084,.T.);
#5082 = VERTEX_POINT('',#5083);
#5083 = CARTESIAN_POINT('',(6.736671345007,-4.004376151417,
    -1.689240687118));
#5084 = SURFACE_CURVE('',#5085,(#5090,#5097),.PCURVE_S1.);
#5085 = CIRCLE('',#5086,7.8359);
#5086 = AXIS2_PLACEMENT_3D('',#5087,#5088,#5089);
#5087 = CARTESIAN_POINT('',(1.706547312648E-03,8.177219276909E-04,
    -1.689384694431));
#5088 = DIRECTION('',(-1.296752066396E-05,1.414950665963E-05,
    0.999999999816));
#5089 = DIRECTION('',(0.751432993149,-0.65980940918,1.908020049904E-05)
  );
#5090 = PCURVE('',#2905,#5091);
#5091 = DEFINITIONAL_REPRESENTATION('',(#5092),#5096);
#5092 = CIRCLE('',#5093,7.8359);
#5093 = AXIS2_PLACEMENT_2D('',#5094,#5095);
#5094 = CARTESIAN_POINT('',(0.,0.));
#5095 = DIRECTION('',(0.659647263039,0.751575337784));
#5096 = ( GEOMETRIC_REPRESENTATION_CONTEXT(2) 
PARAMETRIC_REPRESENTATION_CONTEXT() REPRESENTATION_CONTEXT('2D SPACE',''
  ) );
#5097 = PCURVE('',#5098,#5103);
#5098 = CYLINDRICAL_SURFACE('',#5099,7.8359);
#5099 = AXIS2_PLACEMENT_3D('',#5100,#5101,#5102);
#5100 = CARTESIAN_POINT('',(1.870082012494E-03,6.392810842556E-04,
    -14.3004846921));
#5101 = DIRECTION('',(1.296752066396E-05,-1.414950665963E-05,
    -0.999999999816));
#5102 = DIRECTION('',(0.999999976639,-2.157622180403E-04,
    1.297057329236E-05));
#5103 = DEFINITIONAL_REPRESENTATION('',(#5104),#5108);
#5104 = LINE('',#5105,#5106);
#5105 = CARTESIAN_POINT('',(0.720349334005,-12.6111));
#5106 = VECTOR('',#5107,1.);
#5107 = DIRECTION('',(-1.,0.));
#5108 = ( GEOMETRIC_REPRESENTATION_CONTEXT(2) 
PARAMETRIC_REPRESENTATION_CONTEXT() REPRESENTATION_CONTEXT('2D SPACE',''
  ) );
#5109 = ORIENTED_EDGE('',*,*,#5110,.F.);
#5110 = EDGE_CURVE('',#5111,#5082,#5113,.T.);
#5111 = VERTEX_POINT('',#5112);
#5112 = CARTESIAN_POINT('',(6.628561849099,-3.247045441949,
    -1.689252804887));
#5113 = SURFACE_CURVE('',#5114,(#5119,#5130),.PCURVE_S1.);
#5114 = CIRCLE('',#5115,0.6096);
#5115 = AXIS2_PLACEMENT_3D('',#5116,#5117,#5118);
#5116 = CARTESIAN_POINT('',(6.212719464472,-3.692788945712,
    -1.689251890281));
#5117 = DIRECTION('',(1.296752066396E-05,-1.414950665963E-05,
    -0.999999999816));
#5118 = DIRECTION('',(0.682156142761,0.731206535044,-1.500337860133E-06)
  );
#5119 = PCURVE('',#2905,#5120);
#5120 = DEFINITIONAL_REPRESENTATION('',(#5121),#5129);
#5121 = ( BOUNDED_CURVE() B_SPLINE_CURVE(2,(#5122,#5123,#5124,#5125,
#5126,#5127,#5128),.UNSPECIFIED.,.T.,.F.) B_SPLINE_CURVE_WITH_KNOTS((1,2
    ,2,2,2,1),(-2.094395102393,0.,2.094395102393,4.188790204786,
6.28318530718,8.377580409573),.UNSPECIFIED.) CURVE() 
GEOMETRIC_REPRESENTATION_ITEM() RATIONAL_B_SPLINE_CURVE((1.,0.5,1.,0.5,
1.,0.5,1.)) REPRESENTATION_ITEM('') );
#5122 = CARTESIAN_POINT('',(3.246433263604,6.627555914849));
#5123 = CARTESIAN_POINT('',(3.966526805567,7.399761697541));
#5124 = CARTESIAN_POINT('',(4.275229859346,6.390039505754));
#5125 = CARTESIAN_POINT('',(4.583932913125,5.380317313967));
#5126 = CARTESIAN_POINT('',(3.555136317383,5.617833723062));
#5127 = CARTESIAN_POINT('',(2.526339721641,5.855350132157));
#5128 = CARTESIAN_POINT('',(3.246433263604,6.627555914849));
#5129 = ( GEOMETRIC_REPRESENTATION_CONTEXT(2) 
PARAMETRIC_REPRESENTATION_CONTEXT() REPRESENTATION_CONTEXT('2D SPACE',''
  ) );
#5130 = PCURVE('',#5131,#5136);
#5131 = CYLINDRICAL_SURFACE('',#5132,0.6096);
#5132 = AXIS2_PLACEMENT_3D('',#5133,#5134,#5135);
#5133 = CARTESIAN_POINT('',(6.212861095733,-3.692943486624,
    -12.61125188826));
#5134 = DIRECTION('',(-1.296752066396E-05,1.414950665963E-05,
    0.999999999816));
#5135 = DIRECTION('',(0.309222189394,0.95098981987,-9.446191660508E-06)
  );
#5136 = DEFINITIONAL_REPRESENTATION('',(#5137),#5141);
#5137 = LINE('',#5138,#5139);
#5138 = CARTESIAN_POINT('',(5.846852994181,10.922));
#5139 = VECTOR('',#5140,1.);
#5140 = DIRECTION('',(-1.,0.));
#5141 = ( GEOMETRIC_REPRESENTATION_CONTEXT(2) 
PARAMETRIC_REPRESENTATION_CONTEXT() REPRESENTATION_CONTEXT('2D SPACE',''
  ) );
#5142 = ORIENTED_EDGE('',*,*,#5143,.T.);
#5143 = EDGE_CURVE('',#5111,#5144,#5146,.T.);
#5144 = VERTEX_POINT('',#5145);
#5145 = CARTESIAN_POINT('',(6.212648738094,-2.859032384196,
    -1.689263688442));
#5146 = SURFACE_CURVE('',#5147,(#5151,#5158),.PCURVE_S1.);
#5147 = LINE('',#5148,#5149);
#5148 = CARTESIAN_POINT('',(6.628561849099,-3.247045441949,
    -1.689252804887));
#5149 = VECTOR('',#5150,1.);
#5150 = DIRECTION('',(-0.73120653493,0.682156142616,-1.913410873771E-05)
  );
#5151 = PCURVE('',#2905,#5152);
#5152 = DEFINITIONAL_REPRESENTATION('',(#5153),#5157);
#5153 = LINE('',#5154,#5155);
#5154 = CARTESIAN_POINT('',(3.246433263603,6.627555914849));
#5155 = VECTOR('',#5156,1.);
#5156 = DIRECTION('',(-0.681998360062,-0.731353701619));
#5157 = ( GEOMETRIC_REPRESENTATION_CONTEXT(2) 
PARAMETRIC_REPRESENTATION_CONTEXT() REPRESENTATION_CONTEXT('2D SPACE',''
  ) );
#5158 = PCURVE('',#5159,#5164);
#5159 = PLANE('',#5160);
#5160 = AXIS2_PLACEMENT_3D('',#5161,#5162,#5163);
#5161 = CARTESIAN_POINT('',(6.62870348036,-3.24719998286,-12.61125280287
    ));
#5162 = DIRECTION('',(-0.682156142761,-0.731206535044,1.500337860133E-06
    ));
#5163 = DIRECTION('',(-1.296752066396E-05,1.414950665963E-05,
    0.999999999816));
#5164 = DEFINITIONAL_REPRESENTATION('',(#5165),#5169);
#5165 = LINE('',#5166,#5167);
#5166 = CARTESIAN_POINT('',(10.922,9.248244531301E-17));
#5167 = VECTOR('',#5168,1.);
#5168 = DIRECTION('',(0.,1.));
#5169 = ( GEOMETRIC_REPRESENTATION_CONTEXT(2) 
PARAMETRIC_REPRESENTATION_CONTEXT() REPRESENTATION_CONTEXT('2D SPACE',''
  ) );
#5170 = ORIENTED_EDGE('',*,*,#5171,.T.);
#5171 = EDGE_CURVE('',#5144,#5172,#5174,.T.);
#5172 = VERTEX_POINT('',#5173);
#5173 = CARTESIAN_POINT('',(6.048767728556,-2.224787033889,
    -1.689274787831));
#5174 = SURFACE_CURVE('',#5175,(#5180,#5191),.PCURVE_S1.);
#5175 = CIRCLE('',#5176,0.6096);
#5176 = AXIS2_PLACEMENT_3D('',#5177,#5178,#5179);
#5177 = CARTESIAN_POINT('',(6.628491122722,-2.413288880434,
    -1.689264603048));
#5178 = DIRECTION('',(1.296752066396E-05,-1.414950665963E-05,
    -0.999999999816));
#5179 = DIRECTION('',(-0.682156142761,-0.731206535044,1.500337860133E-06
    ));
#5180 = PCURVE('',#2905,#5181);
#5181 = DEFINITIONAL_REPRESENTATION('',(#5182),#5190);
#5182 = ( BOUNDED_CURVE() B_SPLINE_CURVE(2,(#5183,#5184,#5185,#5186,
#5187,#5188,#5189),.UNSPECIFIED.,.T.,.F.) B_SPLINE_CURVE_WITH_KNOTS((1,2
    ,2,2,2,1),(-2.094395102393,0.,2.094395102393,4.188790204786,
6.28318530718,8.377580409573),.UNSPECIFIED.) CURVE() 
GEOMETRIC_REPRESENTATION_ITEM() RATIONAL_B_SPLINE_CURVE((1.,0.5,1.,0.5,
1.,0.5,1.)) REPRESENTATION_ITEM('') );
#5183 = CARTESIAN_POINT('',(2.858509953179,6.211559094861));
#5184 = CARTESIAN_POINT('',(2.138416411216,5.439353312169));
#5185 = CARTESIAN_POINT('',(1.829713357437,6.449075503956));
#5186 = CARTESIAN_POINT('',(1.521010303658,7.458797695743));
#5187 = CARTESIAN_POINT('',(2.5498068994,7.221281286648));
#5188 = CARTESIAN_POINT('',(3.578603495142,6.983764877553));
#5189 = CARTESIAN_POINT('',(2.858509953179,6.211559094861));
#5190 = ( GEOMETRIC_REPRESENTATION_CONTEXT(2) 
PARAMETRIC_REPRESENTATION_CONTEXT() REPRESENTATION_CONTEXT('2D SPACE',''
  ) );
#5191 = PCURVE('',#5192,#5197);
#5192 = CYLINDRICAL_SURFACE('',#5193,0.6096);
#5193 = AXIS2_PLACEMENT_3D('',#5194,#5195,#5196);
#5194 = CARTESIAN_POINT('',(6.628632753982,-2.413443421346,
    -12.61126460103));
#5195 = DIRECTION('',(-1.296752066396E-05,1.414950665963E-05,
    0.999999999816));
#5196 = DIRECTION('',(0.309222189394,0.95098981987,-9.446191660508E-06)
  );
#5197 = DEFINITIONAL_REPRESENTATION('',(#5198),#5202);
#5198 = LINE('',#5199,#5200);
#5199 = CARTESIAN_POINT('',(2.705260340591,10.922));
#5200 = VECTOR('',#5201,1.);
#5201 = DIRECTION('',(-1.,0.));
#5202 = ( GEOMETRIC_REPRESENTATION_CONTEXT(2) 
PARAMETRIC_REPRESENTATION_CONTEXT() REPRESENTATION_CONTEXT('2D SPACE',''
  ) );
#5203 = ORIENTED_EDGE('',*,*,#5204,.T.);
#5204 = EDGE_CURVE('',#5172,#5205,#5207,.T.);
#5205 = VERTEX_POINT('',#5206);
#5206 = CARTESIAN_POINT('',(6.201302067864,-1.755679030523,
    -1.689279447486));
#5207 = SURFACE_CURVE('',#5208,(#5212,#5219),.PCURVE_S1.);
#5208 = LINE('',#5209,#5210);
#5209 = CARTESIAN_POINT('',(6.048767728556,-2.224787033889,
    -1.689274787831));
#5210 = VECTOR('',#5211,1.);
#5211 = DIRECTION('',(0.309222189394,0.95098981987,-9.446191660508E-06)
  );
#5212 = PCURVE('',#2905,#5213);
#5213 = DEFINITIONAL_REPRESENTATION('',(#5214),#5218);
#5214 = LINE('',#5215,#5216);
#5215 = CARTESIAN_POINT('',(2.224299976901,6.047541242823));
#5216 = VECTOR('',#5217,1.);
#5217 = DIRECTION('',(-0.951056516295,0.309016994375));
#5218 = ( GEOMETRIC_REPRESENTATION_CONTEXT(2) 
PARAMETRIC_REPRESENTATION_CONTEXT() REPRESENTATION_CONTEXT('2D SPACE',''
  ) );
#5219 = PCURVE('',#5220,#5225);
#5220 = PLANE('',#5221);
#5221 = AXIS2_PLACEMENT_3D('',#5222,#5223,#5224);
#5222 = CARTESIAN_POINT('',(6.048909359816,-2.2249415748,-12.61127478581
    ));
#5223 = DIRECTION('',(-0.950989819829,0.309222189215,-1.670732156852E-05
    ));
#5224 = DIRECTION('',(-1.296752066396E-05,1.414950665963E-05,
    0.999999999816));
#5225 = DEFINITIONAL_REPRESENTATION('',(#5226),#5230);
#5226 = LINE('',#5227,#5228);
#5227 = CARTESIAN_POINT('',(10.922,3.459960182944E-17));
#5228 = VECTOR('',#5229,1.);
#5229 = DIRECTION('',(1.694065894509E-21,1.));
#5230 = ( GEOMETRIC_REPRESENTATION_CONTEXT(2) 
PARAMETRIC_REPRESENTATION_CONTEXT() REPRESENTATION_CONTEXT('2D SPACE',''
  ) );
#5231 = ORIENTED_EDGE('',*,*,#5232,.T.);
#5232 = EDGE_CURVE('',#5205,#5233,#5235,.T.);
#5233 = VERTEX_POINT('',#5234);
#5234 = CARTESIAN_POINT('',(6.70686446039,-1.339108727862,
    -1.689278785859));
#5235 = SURFACE_CURVE('',#5236,(#5241,#5252),.PCURVE_S1.);
#5236 = CIRCLE('',#5237,0.6096);
#5237 = AXIS2_PLACEMENT_3D('',#5238,#5239,#5240);
#5238 = CARTESIAN_POINT('',(6.781025462032,-1.944180877068,
    -1.689269262702));
#5239 = DIRECTION('',(1.296752066396E-05,-1.414950665963E-05,
    -0.999999999816));
#5240 = DIRECTION('',(-0.950989819829,0.309222189215,-1.670732156852E-05
    ));
#5241 = PCURVE('',#2905,#5242);
#5242 = DEFINITIONAL_REPRESENTATION('',(#5243),#5251);
#5243 = ( BOUNDED_CURVE() B_SPLINE_CURVE(2,(#5244,#5245,#5246,#5247,
#5248,#5249,#5250),.UNSPECIFIED.,.T.,.F.) B_SPLINE_CURVE_WITH_KNOTS((1,2
    ,2,2,2,1),(-2.094395102393,0.,2.094395102393,4.188790204786,
6.28318530718,8.377580409573),.UNSPECIFIED.) CURVE() 
GEOMETRIC_REPRESENTATION_ITEM() RATIONAL_B_SPLINE_CURVE((1.,0.5,1.,0.5,
1.,0.5,1.)) REPRESENTATION_ITEM('') );
#5244 = CARTESIAN_POINT('',(1.75515907326,6.199974362724));
#5245 = CARTESIAN_POINT('',(0.750978278216,6.526252481613));
#5246 = CARTESIAN_POINT('',(1.535633815395,7.232759500669));
#5247 = CARTESIAN_POINT('',(2.320289352573,7.939266519725));
#5248 = CARTESIAN_POINT('',(2.539814610438,6.90648138178));
#5249 = CARTESIAN_POINT('',(2.759339868304,5.873696243836));
#5250 = CARTESIAN_POINT('',(1.75515907326,6.199974362724));
#5251 = ( GEOMETRIC_REPRESENTATION_CONTEXT(2) 
PARAMETRIC_REPRESENTATION_CONTEXT() REPRESENTATION_CONTEXT('2D SPACE',''
  ) );
#5252 = PCURVE('',#5253,#5258);
#5253 = CYLINDRICAL_SURFACE('',#5254,0.6096);
#5254 = AXIS2_PLACEMENT_3D('',#5255,#5256,#5257);
#5255 = CARTESIAN_POINT('',(6.781167093293,-1.94433541798,
    -12.61126926069));
#5256 = DIRECTION('',(-1.296752066396E-05,1.414950665963E-05,
    0.999999999816));
#5257 = DIRECTION('',(0.309222189394,0.95098981987,-9.446191660508E-06)
  );
#5258 = DEFINITIONAL_REPRESENTATION('',(#5259),#5263);
#5259 = LINE('',#5260,#5261);
#5260 = CARTESIAN_POINT('',(1.570796326795,10.922));
#5261 = VECTOR('',#5262,1.);
#5262 = DIRECTION('',(-1.,0.));
#5263 = ( GEOMETRIC_REPRESENTATION_CONTEXT(2) 
PARAMETRIC_REPRESENTATION_CONTEXT() REPRESENTATION_CONTEXT('2D SPACE',''
  ) );
#5264 = ORIENTED_EDGE('',*,*,#5265,.T.);
#5265 = EDGE_CURVE('',#5233,#5266,#5268,.T.);
#5266 = VERTEX_POINT('',#5267);
#5267 = CARTESIAN_POINT('',(7.271443501663,-1.269910786227,
    -1.689272443785));
#5268 = SURFACE_CURVE('',#5269,(#5273,#5280),.PCURVE_S1.);
#5269 = LINE('',#5270,#5271);
#5270 = CARTESIAN_POINT('',(6.70686446039,-1.339108727862,
    -1.689278785859));
#5271 = VECTOR('',#5272,1.);
#5272 = DIRECTION('',(0.992572423277,0.121655186597,1.114984253845E-05)
  );
#5273 = PCURVE('',#2905,#5274);
#5274 = DEFINITIONAL_REPRESENTATION('',(#5275),#5279);
#5275 = LINE('',#5276,#5277);
#5276 = CARTESIAN_POINT('',(1.338479698991,6.705446863316));
#5277 = VECTOR('',#5278,1.);
#5278 = DIRECTION('',(-0.121869343405,0.992546151641));
#5279 = ( GEOMETRIC_REPRESENTATION_CONTEXT(2) 
PARAMETRIC_REPRESENTATION_CONTEXT() REPRESENTATION_CONTEXT('2D SPACE',''
  ) );
#5280 = PCURVE('',#5281,#5286);
#5281 = PLANE('',#5282);
#5282 = AXIS2_PLACEMENT_3D('',#5283,#5284,#5285);
#5283 = CARTESIAN_POINT('',(6.707006091651,-1.339263268774,
    -12.61127878384));
#5284 = DIRECTION('',(-0.121655186417,0.992572423239,-1.562197625939E-05
    ));
#5285 = DIRECTION('',(-1.296752066396E-05,1.414950665963E-05,
    0.999999999816));
#5286 = DEFINITIONAL_REPRESENTATION('',(#5287),#5291);
#5287 = LINE('',#5288,#5289);
#5288 = CARTESIAN_POINT('',(10.922,-6.329030181884E-17));
#5289 = VECTOR('',#5290,1.);
#5290 = DIRECTION('',(0.,1.));
#5291 = ( GEOMETRIC_REPRESENTATION_CONTEXT(2) 
PARAMETRIC_REPRESENTATION_CONTEXT() REPRESENTATION_CONTEXT('2D SPACE',''
  ) );
#5292 = ORIENTED_EDGE('',*,*,#5293,.F.);
#5293 = EDGE_CURVE('',#5294,#5266,#5296,.T.);
#5294 = VERTEX_POINT('',#5295);
#5295 = CARTESIAN_POINT('',(7.804290664752,-0.720992424769,
    -1.689273301003));
#5296 = SURFACE_CURVE('',#5297,(#5302,#5313),.PCURVE_S1.);
#5297 = CIRCLE('',#5298,0.6096);
#5298 = AXIS2_PLACEMENT_3D('',#5299,#5300,#5301);
#5299 = CARTESIAN_POINT('',(7.197282500024,-0.66483863702,
    -1.689281966942));
#5300 = DIRECTION('',(1.296752066396E-05,-1.414950665963E-05,
    -0.999999999816));
#5301 = DIRECTION('',(0.995748301719,-9.21157935524E-02,
    1.421577971559E-05));
#5302 = PCURVE('',#2905,#5303);
#5303 = DEFINITIONAL_REPRESENTATION('',(#5304),#5312);
#5304 = ( BOUNDED_CURVE() B_SPLINE_CURVE(2,(#5305,#5306,#5307,#5308,
#5309,#5310,#5311),.UNSPECIFIED.,.T.,.F.) B_SPLINE_CURVE_WITH_KNOTS((1,2
    ,2,2,2,1),(-2.094395102393,0.,2.094395102393,4.188790204786,
6.28318530718,8.377580409573),.UNSPECIFIED.) CURVE() 
GEOMETRIC_REPRESENTATION_ITEM() RATIONAL_B_SPLINE_CURVE((1.,0.5,1.,0.5,
1.,0.5,1.)) REPRESENTATION_ITEM('') );
#5305 = CARTESIAN_POINT('',(0.720126627112,7.802739675968));
#5306 = CARTESIAN_POINT('',(1.771516569959,7.705705310506));
#5307 = CARTESIAN_POINT('',(1.161787373005,6.843692093448));
#5308 = CARTESIAN_POINT('',(0.552058176052,5.98167887639));
#5309 = CARTESIAN_POINT('',(0.110397430159,6.94072645891));
#5310 = CARTESIAN_POINT('',(-0.331263315735,7.89977404143));
#5311 = CARTESIAN_POINT('',(0.720126627112,7.802739675968));
#5312 = ( GEOMETRIC_REPRESENTATION_CONTEXT(2) 
PARAMETRIC_REPRESENTATION_CONTEXT() REPRESENTATION_CONTEXT('2D SPACE',''
  ) );
#5313 = PCURVE('',#5314,#5319);
#5314 = CYLINDRICAL_SURFACE('',#5315,0.6096);
#5315 = AXIS2_PLACEMENT_3D('',#5316,#5317,#5318);
#5316 = CARTESIAN_POINT('',(7.197424131285,-0.664993177932,
    -12.61128196493));
#5317 = DIRECTION('',(-1.296752066396E-05,1.414950665963E-05,
    0.999999999816));
#5318 = DIRECTION('',(0.309222189394,0.95098981987,-9.446191660508E-06)
  );
#5319 = DEFINITIONAL_REPRESENTATION('',(#5320),#5324);
#5320 = LINE('',#5321,#5322);
#5321 = CARTESIAN_POINT('',(4.934517442456,10.922));
#5322 = VECTOR('',#5323,1.);
#5323 = DIRECTION('',(-1.,0.));
#5324 = ( GEOMETRIC_REPRESENTATION_CONTEXT(2) 
PARAMETRIC_REPRESENTATION_CONTEXT() REPRESENTATION_CONTEXT('2D SPACE',''
  ) );
#5325 = ORIENTED_EDGE('',*,*,#5326,.T.);
#5326 = EDGE_CURVE('',#5294,#2981,#5327,.T.);
#5327 = SURFACE_CURVE('',#5328,(#5333,#5340),.PCURVE_S1.);
#5328 = CIRCLE('',#5329,7.8359);
#5329 = AXIS2_PLACEMENT_3D('',#5330,#5331,#5332);
#5330 = CARTESIAN_POINT('',(1.706547312648E-03,8.177219276909E-04,
    -1.689384694431));
#5331 = DIRECTION('',(-1.296752066396E-05,1.414950665963E-05,
    0.999999999816));
#5332 = DIRECTION('',(0.995748301719,-9.21157935524E-02,
    1.421577971559E-05));
#5333 = PCURVE('',#2905,#5334);
#5334 = DEFINITIONAL_REPRESENTATION('',(#5335),#5339);
#5335 = CIRCLE('',#5336,7.8359);
#5336 = AXIS2_PLACEMENT_2D('',#5337,#5338);
#5337 = CARTESIAN_POINT('',(0.,0.));
#5338 = DIRECTION('',(9.190094655524E-02,0.99576815375));
#5339 = ( GEOMETRIC_REPRESENTATION_CONTEXT(2) 
PARAMETRIC_REPRESENTATION_CONTEXT() REPRESENTATION_CONTEXT('2D SPACE',''
  ) );
#5340 = PCURVE('',#5341,#5346);
#5341 = CYLINDRICAL_SURFACE('',#5342,7.8359);
#5342 = AXIS2_PLACEMENT_3D('',#5343,#5344,#5345);
#5343 = CARTESIAN_POINT('',(1.870082012494E-03,6.392810842556E-04,
    -14.3004846921));
#5344 = DIRECTION('',(1.296752066396E-05,-1.414950665963E-05,
    -0.999999999816));
#5345 = DIRECTION('',(0.999999976639,-2.157622180403E-04,
    1.297057329236E-05));
#5346 = DEFINITIONAL_REPRESENTATION('',(#5347),#5351);
#5347 = LINE('',#5348,#5349);
#5348 = CARTESIAN_POINT('',(9.20308032874E-02,-12.6111));
#5349 = VECTOR('',#5350,1.);
#5350 = DIRECTION('',(-1.,0.));
#5351 = ( GEOMETRIC_REPRESENTATION_CONTEXT(2) 
PARAMETRIC_REPRESENTATION_CONTEXT() REPRESENTATION_CONTEXT('2D SPACE',''
  ) );
#5352 = ADVANCED_FACE('',(#5353),#5341,.T.);
#5353 = FACE_BOUND('',#5354,.T.);
#5354 = EDGE_LOOP('',(#5355,#5378,#5402,#5423));
#5355 = ORIENTED_EDGE('',*,*,#5356,.F.);
#5356 = EDGE_CURVE('',#5357,#5294,#5359,.T.);
#5357 = VERTEX_POINT('',#5358);
#5358 = CARTESIAN_POINT('',(7.804432296013,-0.721146965681,
    -12.61127329899));
#5359 = SURFACE_CURVE('',#5360,(#5364,#5371),.PCURVE_S1.);
#5360 = LINE('',#5361,#5362);
#5361 = CARTESIAN_POINT('',(7.804432296013,-0.721146965681,
    -12.61127329899));
#5362 = VECTOR('',#5363,1.);
#5363 = DIRECTION('',(-1.296752066396E-05,1.414950665963E-05,
    0.999999999816));
#5364 = PCURVE('',#5341,#5365);
#5365 = DEFINITIONAL_REPRESENTATION('',(#5366),#5370);
#5366 = LINE('',#5367,#5368);
#5367 = CARTESIAN_POINT('',(9.203080328739E-02,-1.6891));
#5368 = VECTOR('',#5369,1.);
#5369 = DIRECTION('',(0.,-1.));
#5370 = ( GEOMETRIC_REPRESENTATION_CONTEXT(2) 
PARAMETRIC_REPRESENTATION_CONTEXT() REPRESENTATION_CONTEXT('2D SPACE',''
  ) );
#5371 = PCURVE('',#5314,#5372);
#5372 = DEFINITIONAL_REPRESENTATION('',(#5373),#5377);
#5373 = LINE('',#5374,#5375);
#5374 = CARTESIAN_POINT('',(4.934517442457,0.));
#5375 = VECTOR('',#5376,1.);
#5376 = DIRECTION('',(0.,1.));
#5377 = ( GEOMETRIC_REPRESENTATION_CONTEXT(2) 
PARAMETRIC_REPRESENTATION_CONTEXT() REPRESENTATION_CONTEXT('2D SPACE',''
  ) );
#5378 = ORIENTED_EDGE('',*,*,#5379,.T.);
#5379 = EDGE_CURVE('',#5357,#5380,#5382,.T.);
#5380 = VERTEX_POINT('',#5381);
#5381 = CARTESIAN_POINT('',(7.804743048514,0.719106254874,
    -12.61129367383));
#5382 = SURFACE_CURVE('',#5383,(#5388,#5395),.PCURVE_S1.);
#5383 = CIRCLE('',#5384,7.8359);
#5384 = AXIS2_PLACEMENT_3D('',#5385,#5386,#5387);
#5385 = CARTESIAN_POINT('',(1.84817857334E-03,6.631810159544E-04,
    -12.61138469241));
#5386 = DIRECTION('',(-1.296752066396E-05,1.414950665963E-05,
    0.999999999816));
#5387 = DIRECTION('',(0.995748301719,-9.21157935524E-02,
    1.421577971559E-05));
#5388 = PCURVE('',#5341,#5389);
#5389 = DEFINITIONAL_REPRESENTATION('',(#5390),#5394);
#5390 = LINE('',#5391,#5392);
#5391 = CARTESIAN_POINT('',(9.20308032874E-02,-1.6891));
#5392 = VECTOR('',#5393,1.);
#5393 = DIRECTION('',(-1.,0.));
#5394 = ( GEOMETRIC_REPRESENTATION_CONTEXT(2) 
PARAMETRIC_REPRESENTATION_CONTEXT() REPRESENTATION_CONTEXT('2D SPACE',''
  ) );
#5395 = PCURVE('',#72,#5396);
#5396 = DEFINITIONAL_REPRESENTATION('',(#5397),#5401);
#5397 = CIRCLE('',#5398,7.8359);
#5398 = AXIS2_PLACEMENT_2D('',#5399,#5400);
#5399 = CARTESIAN_POINT('',(0.,0.));
#5400 = DIRECTION('',(9.190094655524E-02,0.99576815375));
#5401 = ( GEOMETRIC_REPRESENTATION_CONTEXT(2) 
PARAMETRIC_REPRESENTATION_CONTEXT() REPRESENTATION_CONTEXT('2D SPACE',''
  ) );
#5402 = ORIENTED_EDGE('',*,*,#5403,.T.);
#5403 = EDGE_CURVE('',#5380,#2981,#5404,.T.);
#5404 = SURFACE_CURVE('',#5405,(#5409,#5416),.PCURVE_S1.);
#5405 = LINE('',#5406,#5407);
#5406 = CARTESIAN_POINT('',(7.804743048514,0.719106254874,
    -12.61129367383));
#5407 = VECTOR('',#5408,1.);
#5408 = DIRECTION('',(-1.296752066396E-05,1.414950665963E-05,
    0.999999999816));
#5409 = PCURVE('',#5341,#5410);
#5410 = DEFINITIONAL_REPRESENTATION('',(#5411),#5415);
#5411 = LINE('',#5412,#5413);
#5412 = CARTESIAN_POINT('',(-9.203080328736E-02,-1.6891));
#5413 = VECTOR('',#5414,1.);
#5414 = DIRECTION('',(0.,-1.));
#5415 = ( GEOMETRIC_REPRESENTATION_CONTEXT(2) 
PARAMETRIC_REPRESENTATION_CONTEXT() REPRESENTATION_CONTEXT('2D SPACE',''
  ) );
#5416 = PCURVE('',#3001,#5417);
#5417 = DEFINITIONAL_REPRESENTATION('',(#5418),#5422);
#5418 = LINE('',#5419,#5420);
#5419 = CARTESIAN_POINT('',(4.490260518312,0.));
#5420 = VECTOR('',#5421,1.);
#5421 = DIRECTION('',(0.,1.));
#5422 = ( GEOMETRIC_REPRESENTATION_CONTEXT(2) 
PARAMETRIC_REPRESENTATION_CONTEXT() REPRESENTATION_CONTEXT('2D SPACE',''
  ) );
#5423 = ORIENTED_EDGE('',*,*,#5326,.F.);
#5424 = ADVANCED_FACE('',(#5425),#5314,.T.);
#5425 = FACE_BOUND('',#5426,.T.);
#5426 = EDGE_LOOP('',(#5427,#5450,#5476,#5477));
#5427 = ORIENTED_EDGE('',*,*,#5428,.F.);
#5428 = EDGE_CURVE('',#5429,#5266,#5431,.T.);
#5429 = VERTEX_POINT('',#5430);
#5430 = CARTESIAN_POINT('',(7.271585132924,-1.270065327138,
    -12.61127244177));
#5431 = SURFACE_CURVE('',#5432,(#5436,#5443),.PCURVE_S1.);
#5432 = LINE('',#5433,#5434);
#5433 = CARTESIAN_POINT('',(7.271585132924,-1.270065327138,
    -12.61127244177));
#5434 = VECTOR('',#5435,1.);
#5435 = DIRECTION('',(-1.296752066396E-05,1.414950665963E-05,
    0.999999999816));
#5436 = PCURVE('',#5314,#5437);
#5437 = DEFINITIONAL_REPRESENTATION('',(#5438),#5442);
#5438 = LINE('',#5439,#5440);
#5439 = CARTESIAN_POINT('',(3.577924966587,0.));
#5440 = VECTOR('',#5441,1.);
#5441 = DIRECTION('',(0.,1.));
#5442 = ( GEOMETRIC_REPRESENTATION_CONTEXT(2) 
PARAMETRIC_REPRESENTATION_CONTEXT() REPRESENTATION_CONTEXT('2D SPACE',''
  ) );
#5443 = PCURVE('',#5281,#5444);
#5444 = DEFINITIONAL_REPRESENTATION('',(#5445),#5449);
#5445 = LINE('',#5446,#5447);
#5446 = CARTESIAN_POINT('',(9.287978846857E-16,0.5688038757));
#5447 = VECTOR('',#5448,1.);
#5448 = DIRECTION('',(1.,0.));
#5449 = ( GEOMETRIC_REPRESENTATION_CONTEXT(2) 
PARAMETRIC_REPRESENTATION_CONTEXT() REPRESENTATION_CONTEXT('2D SPACE',''
  ) );
#5450 = ORIENTED_EDGE('',*,*,#5451,.F.);
#5451 = EDGE_CURVE('',#5357,#5429,#5452,.T.);
#5452 = SURFACE_CURVE('',#5453,(#5458,#5465),.PCURVE_S1.);
#5453 = CIRCLE('',#5454,0.6096);
#5454 = AXIS2_PLACEMENT_3D('',#5455,#5456,#5457);
#5455 = CARTESIAN_POINT('',(7.197424131285,-0.664993177932,
    -12.61128196493));
#5456 = DIRECTION('',(1.296752066396E-05,-1.414950665963E-05,
    -0.999999999816));
#5457 = DIRECTION('',(0.995748301719,-9.21157935524E-02,
    1.421577971559E-05));
#5458 = PCURVE('',#5314,#5459);
#5459 = DEFINITIONAL_REPRESENTATION('',(#5460),#5464);
#5460 = LINE('',#5461,#5462);
#5461 = CARTESIAN_POINT('',(4.934517442456,0.));
#5462 = VECTOR('',#5463,1.);
#5463 = DIRECTION('',(-1.,0.));
#5464 = ( GEOMETRIC_REPRESENTATION_CONTEXT(2) 
PARAMETRIC_REPRESENTATION_CONTEXT() REPRESENTATION_CONTEXT('2D SPACE',''
  ) );
#5465 = PCURVE('',#72,#5466);
#5466 = DEFINITIONAL_REPRESENTATION('',(#5467),#5475);
#5467 = ( BOUNDED_CURVE() B_SPLINE_CURVE(2,(#5468,#5469,#5470,#5471,
#5472,#5473,#5474),.UNSPECIFIED.,.T.,.F.) B_SPLINE_CURVE_WITH_KNOTS((1,2
    ,2,2,2,1),(-2.094395102393,0.,2.094395102393,4.188790204786,
6.28318530718,8.377580409573),.UNSPECIFIED.) CURVE() 
GEOMETRIC_REPRESENTATION_ITEM() RATIONAL_B_SPLINE_CURVE((1.,0.5,1.,0.5,
1.,0.5,1.)) REPRESENTATION_ITEM('') );
#5468 = CARTESIAN_POINT('',(0.720126627112,7.802739675968));
#5469 = CARTESIAN_POINT('',(1.771516569959,7.705705310506));
#5470 = CARTESIAN_POINT('',(1.161787373005,6.843692093448));
#5471 = CARTESIAN_POINT('',(0.552058176052,5.98167887639));
#5472 = CARTESIAN_POINT('',(0.110397430159,6.94072645891));
#5473 = CARTESIAN_POINT('',(-0.331263315735,7.89977404143));
#5474 = CARTESIAN_POINT('',(0.720126627112,7.802739675968));
#5475 = ( GEOMETRIC_REPRESENTATION_CONTEXT(2) 
PARAMETRIC_REPRESENTATION_CONTEXT() REPRESENTATION_CONTEXT('2D SPACE',''
  ) );
#5476 = ORIENTED_EDGE('',*,*,#5356,.T.);
#5477 = ORIENTED_EDGE('',*,*,#5293,.T.);
#5478 = ADVANCED_FACE('',(#5479),#5281,.F.);
#5479 = FACE_BOUND('',#5480,.T.);
#5480 = EDGE_LOOP('',(#5481,#5504,#5525,#5526));
#5481 = ORIENTED_EDGE('',*,*,#5482,.F.);
#5482 = EDGE_CURVE('',#5483,#5233,#5485,.T.);
#5483 = VERTEX_POINT('',#5484);
#5484 = CARTESIAN_POINT('',(6.707006091651,-1.339263268774,
    -12.61127878384));
#5485 = SURFACE_CURVE('',#5486,(#5490,#5497),.PCURVE_S1.);
#5486 = LINE('',#5487,#5488);
#5487 = CARTESIAN_POINT('',(6.707006091651,-1.339263268774,
    -12.61127878384));
#5488 = VECTOR('',#5489,1.);
#5489 = DIRECTION('',(-1.296752066396E-05,1.414950665963E-05,
    0.999999999816));
#5490 = PCURVE('',#5281,#5491);
#5491 = DEFINITIONAL_REPRESENTATION('',(#5492),#5496);
#5492 = LINE('',#5493,#5494);
#5493 = CARTESIAN_POINT('',(0.,0.));
#5494 = VECTOR('',#5495,1.);
#5495 = DIRECTION('',(1.,0.));
#5496 = ( GEOMETRIC_REPRESENTATION_CONTEXT(2) 
PARAMETRIC_REPRESENTATION_CONTEXT() REPRESENTATION_CONTEXT('2D SPACE',''
  ) );
#5497 = PCURVE('',#5253,#5498);
#5498 = DEFINITIONAL_REPRESENTATION('',(#5499),#5503);
#5499 = LINE('',#5500,#5501);
#5500 = CARTESIAN_POINT('',(0.436332313002,0.));
#5501 = VECTOR('',#5502,1.);
#5502 = DIRECTION('',(0.,1.));
#5503 = ( GEOMETRIC_REPRESENTATION_CONTEXT(2) 
PARAMETRIC_REPRESENTATION_CONTEXT() REPRESENTATION_CONTEXT('2D SPACE',''
  ) );
#5504 = ORIENTED_EDGE('',*,*,#5505,.T.);
#5505 = EDGE_CURVE('',#5483,#5429,#5506,.T.);
#5506 = SURFACE_CURVE('',#5507,(#5511,#5518),.PCURVE_S1.);
#5507 = LINE('',#5508,#5509);
#5508 = CARTESIAN_POINT('',(6.707006091651,-1.339263268774,
    -12.61127878384));
#5509 = VECTOR('',#5510,1.);
#5510 = DIRECTION('',(0.992572423277,0.121655186597,1.114984253845E-05)
  );
#5511 = PCURVE('',#5281,#5512);
#5512 = DEFINITIONAL_REPRESENTATION('',(#5513),#5517);
#5513 = LINE('',#5514,#5515);
#5514 = CARTESIAN_POINT('',(0.,0.));
#5515 = VECTOR('',#5516,1.);
#5516 = DIRECTION('',(0.,1.));
#5517 = ( GEOMETRIC_REPRESENTATION_CONTEXT(2) 
PARAMETRIC_REPRESENTATION_CONTEXT() REPRESENTATION_CONTEXT('2D SPACE',''
  ) );
#5518 = PCURVE('',#72,#5519);
#5519 = DEFINITIONAL_REPRESENTATION('',(#5520),#5524);
#5520 = LINE('',#5521,#5522);
#5521 = CARTESIAN_POINT('',(1.338479698991,6.705446863316));
#5522 = VECTOR('',#5523,1.);
#5523 = DIRECTION('',(-0.121869343405,0.992546151641));
#5524 = ( GEOMETRIC_REPRESENTATION_CONTEXT(2) 
PARAMETRIC_REPRESENTATION_CONTEXT() REPRESENTATION_CONTEXT('2D SPACE',''
  ) );
#5525 = ORIENTED_EDGE('',*,*,#5428,.T.);
#5526 = ORIENTED_EDGE('',*,*,#5265,.F.);
#5527 = ADVANCED_FACE('',(#5528),#5253,.F.);
#5528 = FACE_BOUND('',#5529,.F.);
#5529 = EDGE_LOOP('',(#5530,#5531,#5532,#5560));
#5530 = ORIENTED_EDGE('',*,*,#5232,.T.);
#5531 = ORIENTED_EDGE('',*,*,#5482,.F.);
#5532 = ORIENTED_EDGE('',*,*,#5533,.F.);
#5533 = EDGE_CURVE('',#5534,#5483,#5536,.T.);
#5534 = VERTEX_POINT('',#5535);
#5535 = CARTESIAN_POINT('',(6.201443699124,-1.755833571434,
    -12.61127944547));
#5536 = SURFACE_CURVE('',#5537,(#5542,#5549),.PCURVE_S1.);
#5537 = CIRCLE('',#5538,0.6096);
#5538 = AXIS2_PLACEMENT_3D('',#5539,#5540,#5541);
#5539 = CARTESIAN_POINT('',(6.781167093293,-1.94433541798,
    -12.61126926069));
#5540 = DIRECTION('',(1.296752066396E-05,-1.414950665963E-05,
    -0.999999999816));
#5541 = DIRECTION('',(-0.950989819829,0.309222189215,-1.670732156852E-05
    ));
#5542 = PCURVE('',#5253,#5543);
#5543 = DEFINITIONAL_REPRESENTATION('',(#5544),#5548);
#5544 = LINE('',#5545,#5546);
#5545 = CARTESIAN_POINT('',(1.570796326795,0.));
#5546 = VECTOR('',#5547,1.);
#5547 = DIRECTION('',(-1.,0.));
#5548 = ( GEOMETRIC_REPRESENTATION_CONTEXT(2) 
PARAMETRIC_REPRESENTATION_CONTEXT() REPRESENTATION_CONTEXT('2D SPACE',''
  ) );
#5549 = PCURVE('',#72,#5550);
#5550 = DEFINITIONAL_REPRESENTATION('',(#5551),#5559);
#5551 = ( BOUNDED_CURVE() B_SPLINE_CURVE(2,(#5552,#5553,#5554,#5555,
#5556,#5557,#5558),.UNSPECIFIED.,.T.,.F.) B_SPLINE_CURVE_WITH_KNOTS((1,2
    ,2,2,2,1),(-2.094395102393,0.,2.094395102393,4.188790204786,
6.28318530718,8.377580409573),.UNSPECIFIED.) CURVE() 
GEOMETRIC_REPRESENTATION_ITEM() RATIONAL_B_SPLINE_CURVE((1.,0.5,1.,0.5,
1.,0.5,1.)) REPRESENTATION_ITEM('') );
#5552 = CARTESIAN_POINT('',(1.75515907326,6.199974362724));
#5553 = CARTESIAN_POINT('',(0.750978278216,6.526252481613));
#5554 = CARTESIAN_POINT('',(1.535633815395,7.232759500669));
#5555 = CARTESIAN_POINT('',(2.320289352573,7.939266519725));
#5556 = CARTESIAN_POINT('',(2.539814610438,6.90648138178));
#5557 = CARTESIAN_POINT('',(2.759339868304,5.873696243836));
#5558 = CARTESIAN_POINT('',(1.75515907326,6.199974362724));
#5559 = ( GEOMETRIC_REPRESENTATION_CONTEXT(2) 
PARAMETRIC_REPRESENTATION_CONTEXT() REPRESENTATION_CONTEXT('2D SPACE',''
  ) );
#5560 = ORIENTED_EDGE('',*,*,#5561,.T.);
#5561 = EDGE_CURVE('',#5534,#5205,#5562,.T.);
#5562 = SURFACE_CURVE('',#5563,(#5567,#5574),.PCURVE_S1.);
#5563 = LINE('',#5564,#5565);
#5564 = CARTESIAN_POINT('',(6.201443699124,-1.755833571434,
    -12.61127944547));
#5565 = VECTOR('',#5566,1.);
#5566 = DIRECTION('',(-1.296752066396E-05,1.414950665963E-05,
    0.999999999816));
#5567 = PCURVE('',#5253,#5568);
#5568 = DEFINITIONAL_REPRESENTATION('',(#5569),#5573);
#5569 = LINE('',#5570,#5571);
#5570 = CARTESIAN_POINT('',(1.570796326795,0.));
#5571 = VECTOR('',#5572,1.);
#5572 = DIRECTION('',(0.,1.));
#5573 = ( GEOMETRIC_REPRESENTATION_CONTEXT(2) 
PARAMETRIC_REPRESENTATION_CONTEXT() REPRESENTATION_CONTEXT('2D SPACE',''
  ) );
#5574 = PCURVE('',#5220,#5575);
#5575 = DEFINITIONAL_REPRESENTATION('',(#5576),#5580);
#5576 = LINE('',#5577,#5578);
#5577 = CARTESIAN_POINT('',(-1.421273851648E-15,0.493283938023));
#5578 = VECTOR('',#5579,1.);
#5579 = DIRECTION('',(1.,1.694065894509E-21));
#5580 = ( GEOMETRIC_REPRESENTATION_CONTEXT(2) 
PARAMETRIC_REPRESENTATION_CONTEXT() REPRESENTATION_CONTEXT('2D SPACE',''
  ) );
#5581 = ADVANCED_FACE('',(#5582),#5220,.F.);
#5582 = FACE_BOUND('',#5583,.T.);
#5583 = EDGE_LOOP('',(#5584,#5607,#5628,#5629));
#5584 = ORIENTED_EDGE('',*,*,#5585,.F.);
#5585 = EDGE_CURVE('',#5586,#5172,#5588,.T.);
#5586 = VERTEX_POINT('',#5587);
#5587 = CARTESIAN_POINT('',(6.048909359816,-2.2249415748,-12.61127478581
    ));
#5588 = SURFACE_CURVE('',#5589,(#5593,#5600),.PCURVE_S1.);
#5589 = LINE('',#5590,#5591);
#5590 = CARTESIAN_POINT('',(6.048909359816,-2.2249415748,-12.61127478581
    ));
#5591 = VECTOR('',#5592,1.);
#5592 = DIRECTION('',(-1.296752066396E-05,1.414950665963E-05,
    0.999999999816));
#5593 = PCURVE('',#5220,#5594);
#5594 = DEFINITIONAL_REPRESENTATION('',(#5595),#5599);
#5595 = LINE('',#5596,#5597);
#5596 = CARTESIAN_POINT('',(0.,0.));
#5597 = VECTOR('',#5598,1.);
#5598 = DIRECTION('',(1.,1.694065894509E-21));
#5599 = ( GEOMETRIC_REPRESENTATION_CONTEXT(2) 
PARAMETRIC_REPRESENTATION_CONTEXT() REPRESENTATION_CONTEXT('2D SPACE',''
  ) );
#5600 = PCURVE('',#5192,#5601);
#5601 = DEFINITIONAL_REPRESENTATION('',(#5602),#5606);
#5602 = LINE('',#5603,#5604);
#5603 = CARTESIAN_POINT('',(1.570796326794,0.));
#5604 = VECTOR('',#5605,1.);
#5605 = DIRECTION('',(0.,1.));
#5606 = ( GEOMETRIC_REPRESENTATION_CONTEXT(2) 
PARAMETRIC_REPRESENTATION_CONTEXT() REPRESENTATION_CONTEXT('2D SPACE',''
  ) );
#5607 = ORIENTED_EDGE('',*,*,#5608,.T.);
#5608 = EDGE_CURVE('',#5586,#5534,#5609,.T.);
#5609 = SURFACE_CURVE('',#5610,(#5614,#5621),.PCURVE_S1.);
#5610 = LINE('',#5611,#5612);
#5611 = CARTESIAN_POINT('',(6.048909359816,-2.2249415748,-12.61127478581
    ));
#5612 = VECTOR('',#5613,1.);
#5613 = DIRECTION('',(0.309222189394,0.95098981987,-9.446191660508E-06)
  );
#5614 = PCURVE('',#5220,#5615);
#5615 = DEFINITIONAL_REPRESENTATION('',(#5616),#5620);
#5616 = LINE('',#5617,#5618);
#5617 = CARTESIAN_POINT('',(0.,0.));
#5618 = VECTOR('',#5619,1.);
#5619 = DIRECTION('',(1.694065894509E-21,1.));
#5620 = ( GEOMETRIC_REPRESENTATION_CONTEXT(2) 
PARAMETRIC_REPRESENTATION_CONTEXT() REPRESENTATION_CONTEXT('2D SPACE',''
  ) );
#5621 = PCURVE('',#72,#5622);
#5622 = DEFINITIONAL_REPRESENTATION('',(#5623),#5627);
#5623 = LINE('',#5624,#5625);
#5624 = CARTESIAN_POINT('',(2.224299976901,6.047541242823));
#5625 = VECTOR('',#5626,1.);
#5626 = DIRECTION('',(-0.951056516295,0.309016994375));
#5627 = ( GEOMETRIC_REPRESENTATION_CONTEXT(2) 
PARAMETRIC_REPRESENTATION_CONTEXT() REPRESENTATION_CONTEXT('2D SPACE',''
  ) );
#5628 = ORIENTED_EDGE('',*,*,#5561,.T.);
#5629 = ORIENTED_EDGE('',*,*,#5204,.F.);
#5630 = ADVANCED_FACE('',(#5631),#5192,.F.);
#5631 = FACE_BOUND('',#5632,.F.);
#5632 = EDGE_LOOP('',(#5633,#5634,#5635,#5663));
#5633 = ORIENTED_EDGE('',*,*,#5171,.T.);
#5634 = ORIENTED_EDGE('',*,*,#5585,.F.);
#5635 = ORIENTED_EDGE('',*,*,#5636,.F.);
#5636 = EDGE_CURVE('',#5637,#5586,#5639,.T.);
#5637 = VERTEX_POINT('',#5638);
#5638 = CARTESIAN_POINT('',(6.212790369355,-2.859186925108,
    -12.61126368643));
#5639 = SURFACE_CURVE('',#5640,(#5645,#5652),.PCURVE_S1.);
#5640 = CIRCLE('',#5641,0.6096);
#5641 = AXIS2_PLACEMENT_3D('',#5642,#5643,#5644);
#5642 = CARTESIAN_POINT('',(6.628632753982,-2.413443421346,
    -12.61126460103));
#5643 = DIRECTION('',(1.296752066396E-05,-1.414950665963E-05,
    -0.999999999816));
#5644 = DIRECTION('',(-0.682156142761,-0.731206535044,1.500337860133E-06
    ));
#5645 = PCURVE('',#5192,#5646);
#5646 = DEFINITIONAL_REPRESENTATION('',(#5647),#5651);
#5647 = LINE('',#5648,#5649);
#5648 = CARTESIAN_POINT('',(2.705260340591,0.));
#5649 = VECTOR('',#5650,1.);
#5650 = DIRECTION('',(-1.,0.));
#5651 = ( GEOMETRIC_REPRESENTATION_CONTEXT(2) 
PARAMETRIC_REPRESENTATION_CONTEXT() REPRESENTATION_CONTEXT('2D SPACE',''
  ) );
#5652 = PCURVE('',#72,#5653);
#5653 = DEFINITIONAL_REPRESENTATION('',(#5654),#5662);
#5654 = ( BOUNDED_CURVE() B_SPLINE_CURVE(2,(#5655,#5656,#5657,#5658,
#5659,#5660,#5661),.UNSPECIFIED.,.T.,.F.) B_SPLINE_CURVE_WITH_KNOTS((1,2
    ,2,2,2,1),(-2.094395102393,0.,2.094395102393,4.188790204786,
6.28318530718,8.377580409573),.UNSPECIFIED.) CURVE() 
GEOMETRIC_REPRESENTATION_ITEM() RATIONAL_B_SPLINE_CURVE((1.,0.5,1.,0.5,
1.,0.5,1.)) REPRESENTATION_ITEM('') );
#5655 = CARTESIAN_POINT('',(2.858509953179,6.211559094861));
#5656 = CARTESIAN_POINT('',(2.138416411216,5.439353312169));
#5657 = CARTESIAN_POINT('',(1.829713357437,6.449075503956));
#5658 = CARTESIAN_POINT('',(1.521010303658,7.458797695743));
#5659 = CARTESIAN_POINT('',(2.5498068994,7.221281286648));
#5660 = CARTESIAN_POINT('',(3.578603495142,6.983764877553));
#5661 = CARTESIAN_POINT('',(2.858509953179,6.211559094861));
#5662 = ( GEOMETRIC_REPRESENTATION_CONTEXT(2) 
PARAMETRIC_REPRESENTATION_CONTEXT() REPRESENTATION_CONTEXT('2D SPACE',''
  ) );
#5663 = ORIENTED_EDGE('',*,*,#5664,.T.);
#5664 = EDGE_CURVE('',#5637,#5144,#5665,.T.);
#5665 = SURFACE_CURVE('',#5666,(#5670,#5677),.PCURVE_S1.);
#5666 = LINE('',#5667,#5668);
#5667 = CARTESIAN_POINT('',(6.212790369355,-2.859186925108,
    -12.61126368643));
#5668 = VECTOR('',#5669,1.);
#5669 = DIRECTION('',(-1.296752066396E-05,1.414950665963E-05,
    0.999999999816));
#5670 = PCURVE('',#5192,#5671);
#5671 = DEFINITIONAL_REPRESENTATION('',(#5672),#5676);
#5672 = LINE('',#5673,#5674);
#5673 = CARTESIAN_POINT('',(2.705260340591,0.));
#5674 = VECTOR('',#5675,1.);
#5675 = DIRECTION('',(0.,1.));
#5676 = ( GEOMETRIC_REPRESENTATION_CONTEXT(2) 
PARAMETRIC_REPRESENTATION_CONTEXT() REPRESENTATION_CONTEXT('2D SPACE',''
  ) );
#5677 = PCURVE('',#5159,#5678);
#5678 = DEFINITIONAL_REPRESENTATION('',(#5679),#5683);
#5679 = LINE('',#5680,#5681);
#5680 = CARTESIAN_POINT('',(7.748657401482E-16,0.568803875699));
#5681 = VECTOR('',#5682,1.);
#5682 = DIRECTION('',(1.,0.));
#5683 = ( GEOMETRIC_REPRESENTATION_CONTEXT(2) 
PARAMETRIC_REPRESENTATION_CONTEXT() REPRESENTATION_CONTEXT('2D SPACE',''
  ) );
#5684 = ADVANCED_FACE('',(#5685),#5159,.F.);
#5685 = FACE_BOUND('',#5686,.T.);
#5686 = EDGE_LOOP('',(#5687,#5710,#5731,#5732));
#5687 = ORIENTED_EDGE('',*,*,#5688,.F.);
#5688 = EDGE_CURVE('',#5689,#5111,#5691,.T.);
#5689 = VERTEX_POINT('',#5690);
#5690 = CARTESIAN_POINT('',(6.62870348036,-3.24719998286,-12.61125280287
    ));
#5691 = SURFACE_CURVE('',#5692,(#5696,#5703),.PCURVE_S1.);
#5692 = LINE('',#5693,#5694);
#5693 = CARTESIAN_POINT('',(6.62870348036,-3.24719998286,-12.61125280287
    ));
#5694 = VECTOR('',#5695,1.);
#5695 = DIRECTION('',(-1.296752066396E-05,1.414950665963E-05,
    0.999999999816));
#5696 = PCURVE('',#5159,#5697);
#5697 = DEFINITIONAL_REPRESENTATION('',(#5698),#5702);
#5698 = LINE('',#5699,#5700);
#5699 = CARTESIAN_POINT('',(0.,0.));
#5700 = VECTOR('',#5701,1.);
#5701 = DIRECTION('',(1.,0.));
#5702 = ( GEOMETRIC_REPRESENTATION_CONTEXT(2) 
PARAMETRIC_REPRESENTATION_CONTEXT() REPRESENTATION_CONTEXT('2D SPACE',''
  ) );
#5703 = PCURVE('',#5131,#5704);
#5704 = DEFINITIONAL_REPRESENTATION('',(#5705),#5709);
#5705 = LINE('',#5706,#5707);
#5706 = CARTESIAN_POINT('',(5.846852994182,0.));
#5707 = VECTOR('',#5708,1.);
#5708 = DIRECTION('',(0.,1.));
#5709 = ( GEOMETRIC_REPRESENTATION_CONTEXT(2) 
PARAMETRIC_REPRESENTATION_CONTEXT() REPRESENTATION_CONTEXT('2D SPACE',''
  ) );
#5710 = ORIENTED_EDGE('',*,*,#5711,.T.);
#5711 = EDGE_CURVE('',#5689,#5637,#5712,.T.);
#5712 = SURFACE_CURVE('',#5713,(#5717,#5724),.PCURVE_S1.);
#5713 = LINE('',#5714,#5715);
#5714 = CARTESIAN_POINT('',(6.62870348036,-3.24719998286,-12.61125280287
    ));
#5715 = VECTOR('',#5716,1.);
#5716 = DIRECTION('',(-0.73120653493,0.682156142616,-1.913410873771E-05)
  );
#5717 = PCURVE('',#5159,#5718);
#5718 = DEFINITIONAL_REPRESENTATION('',(#5719),#5723);
#5719 = LINE('',#5720,#5721);
#5720 = CARTESIAN_POINT('',(0.,0.));
#5721 = VECTOR('',#5722,1.);
#5722 = DIRECTION('',(0.,1.));
#5723 = ( GEOMETRIC_REPRESENTATION_CONTEXT(2) 
PARAMETRIC_REPRESENTATION_CONTEXT() REPRESENTATION_CONTEXT('2D SPACE',''
  ) );
#5724 = PCURVE('',#72,#5725);
#5725 = DEFINITIONAL_REPRESENTATION('',(#5726),#5730);
#5726 = LINE('',#5727,#5728);
#5727 = CARTESIAN_POINT('',(3.246433263603,6.627555914849));
#5728 = VECTOR('',#5729,1.);
#5729 = DIRECTION('',(-0.681998360062,-0.731353701619));
#5730 = ( GEOMETRIC_REPRESENTATION_CONTEXT(2) 
PARAMETRIC_REPRESENTATION_CONTEXT() REPRESENTATION_CONTEXT('2D SPACE',''
  ) );
#5731 = ORIENTED_EDGE('',*,*,#5664,.T.);
#5732 = ORIENTED_EDGE('',*,*,#5143,.F.);
#5733 = ADVANCED_FACE('',(#5734),#5131,.T.);
#5734 = FACE_BOUND('',#5735,.T.);
#5735 = EDGE_LOOP('',(#5736,#5759,#5785,#5786));
#5736 = ORIENTED_EDGE('',*,*,#5737,.F.);
#5737 = EDGE_CURVE('',#5738,#5082,#5740,.T.);
#5738 = VERTEX_POINT('',#5739);
#5739 = CARTESIAN_POINT('',(6.736812976268,-4.004530692328,
    -12.6112406851));
#5740 = SURFACE_CURVE('',#5741,(#5745,#5752),.PCURVE_S1.);
#5741 = LINE('',#5742,#5743);
#5742 = CARTESIAN_POINT('',(6.736812976268,-4.004530692328,
    -12.6112406851));
#5743 = VECTOR('',#5744,1.);
#5744 = DIRECTION('',(-1.296752066396E-05,1.414950665963E-05,
    0.999999999816));
#5745 = PCURVE('',#5131,#5746);
#5746 = DEFINITIONAL_REPRESENTATION('',(#5747),#5751);
#5747 = LINE('',#5748,#5749);
#5748 = CARTESIAN_POINT('',(4.490260518316,0.));
#5749 = VECTOR('',#5750,1.);
#5750 = DIRECTION('',(0.,1.));
#5751 = ( GEOMETRIC_REPRESENTATION_CONTEXT(2) 
PARAMETRIC_REPRESENTATION_CONTEXT() REPRESENTATION_CONTEXT('2D SPACE',''
  ) );
#5752 = PCURVE('',#5098,#5753);
#5753 = DEFINITIONAL_REPRESENTATION('',(#5754),#5758);
#5754 = LINE('',#5755,#5756);
#5755 = CARTESIAN_POINT('',(0.53628772743,-1.6891));
#5756 = VECTOR('',#5757,1.);
#5757 = DIRECTION('',(0.,-1.));
#5758 = ( GEOMETRIC_REPRESENTATION_CONTEXT(2) 
PARAMETRIC_REPRESENTATION_CONTEXT() REPRESENTATION_CONTEXT('2D SPACE',''
  ) );
#5759 = ORIENTED_EDGE('',*,*,#5760,.F.);
#5760 = EDGE_CURVE('',#5689,#5738,#5761,.T.);
#5761 = SURFACE_CURVE('',#5762,(#5767,#5774),.PCURVE_S1.);
#5762 = CIRCLE('',#5763,0.6096);
#5763 = AXIS2_PLACEMENT_3D('',#5764,#5765,#5766);
#5764 = CARTESIAN_POINT('',(6.212861095733,-3.692943486624,
    -12.61125188826));
#5765 = DIRECTION('',(1.296752066396E-05,-1.414950665963E-05,
    -0.999999999816));
#5766 = DIRECTION('',(0.682156142761,0.731206535044,-1.500337860133E-06)
  );
#5767 = PCURVE('',#5131,#5768);
#5768 = DEFINITIONAL_REPRESENTATION('',(#5769),#5773);
#5769 = LINE('',#5770,#5771);
#5770 = CARTESIAN_POINT('',(5.846852994181,0.));
#5771 = VECTOR('',#5772,1.);
#5772 = DIRECTION('',(-1.,0.));
#5773 = ( GEOMETRIC_REPRESENTATION_CONTEXT(2) 
PARAMETRIC_REPRESENTATION_CONTEXT() REPRESENTATION_CONTEXT('2D SPACE',''
  ) );
#5774 = PCURVE('',#72,#5775);
#5775 = DEFINITIONAL_REPRESENTATION('',(#5776),#5784);
#5776 = ( BOUNDED_CURVE() B_SPLINE_CURVE(2,(#5777,#5778,#5779,#5780,
#5781,#5782,#5783),.UNSPECIFIED.,.T.,.F.) B_SPLINE_CURVE_WITH_KNOTS((1,2
    ,2,2,2,1),(-2.094395102393,0.,2.094395102393,4.188790204786,
6.28318530718,8.377580409573),.UNSPECIFIED.) CURVE() 
GEOMETRIC_REPRESENTATION_ITEM() RATIONAL_B_SPLINE_CURVE((1.,0.5,1.,0.5,
1.,0.5,1.)) REPRESENTATION_ITEM('') );
#5777 = CARTESIAN_POINT('',(3.246433263604,6.627555914849));
#5778 = CARTESIAN_POINT('',(3.966526805567,7.399761697541));
#5779 = CARTESIAN_POINT('',(4.275229859346,6.390039505754));
#5780 = CARTESIAN_POINT('',(4.583932913125,5.380317313967));
#5781 = CARTESIAN_POINT('',(3.555136317383,5.617833723062));
#5782 = CARTESIAN_POINT('',(2.526339721641,5.855350132157));
#5783 = CARTESIAN_POINT('',(3.246433263604,6.627555914849));
#5784 = ( GEOMETRIC_REPRESENTATION_CONTEXT(2) 
PARAMETRIC_REPRESENTATION_CONTEXT() REPRESENTATION_CONTEXT('2D SPACE',''
  ) );
#5785 = ORIENTED_EDGE('',*,*,#5688,.T.);
#5786 = ORIENTED_EDGE('',*,*,#5110,.T.);
#5787 = ADVANCED_FACE('',(#5788),#5098,.T.);
#5788 = FACE_BOUND('',#5789,.T.);
#5789 = EDGE_LOOP('',(#5790,#5813,#5835,#5836));
#5790 = ORIENTED_EDGE('',*,*,#5791,.F.);
#5791 = EDGE_CURVE('',#5792,#5049,#5794,.T.);
#5792 = VERTEX_POINT('',#5793);
#5793 = CARTESIAN_POINT('',(5.890001969591,-5.169537368381,
    -12.61123518187));
#5794 = SURFACE_CURVE('',#5795,(#5799,#5806),.PCURVE_S1.);
#5795 = LINE('',#5796,#5797);
#5796 = CARTESIAN_POINT('',(5.890001969591,-5.169537368381,
    -12.61123518187));
#5797 = VECTOR('',#5798,1.);
#5798 = DIRECTION('',(-1.296752066396E-05,1.414950665963E-05,
    0.999999999816));
#5799 = PCURVE('',#5098,#5800);
#5800 = DEFINITIONAL_REPRESENTATION('',(#5801),#5805);
#5801 = LINE('',#5802,#5803);
#5802 = CARTESIAN_POINT('',(0.720349334005,-1.6891));
#5803 = VECTOR('',#5804,1.);
#5804 = DIRECTION('',(0.,-1.));
#5805 = ( GEOMETRIC_REPRESENTATION_CONTEXT(2) 
PARAMETRIC_REPRESENTATION_CONTEXT() REPRESENTATION_CONTEXT('2D SPACE',''
  ) );
#5806 = PCURVE('',#5069,#5807);
#5807 = DEFINITIONAL_REPRESENTATION('',(#5808),#5812);
#5808 = LINE('',#5809,#5810);
#5809 = CARTESIAN_POINT('',(4.934517442457,0.));
#5810 = VECTOR('',#5811,1.);
#5811 = DIRECTION('',(0.,1.));
#5812 = ( GEOMETRIC_REPRESENTATION_CONTEXT(2) 
PARAMETRIC_REPRESENTATION_CONTEXT() REPRESENTATION_CONTEXT('2D SPACE',''
  ) );
#5813 = ORIENTED_EDGE('',*,*,#5814,.T.);
#5814 = EDGE_CURVE('',#5792,#5738,#5815,.T.);
#5815 = SURFACE_CURVE('',#5816,(#5821,#5828),.PCURVE_S1.);
#5816 = CIRCLE('',#5817,7.8359);
#5817 = AXIS2_PLACEMENT_3D('',#5818,#5819,#5820);
#5818 = CARTESIAN_POINT('',(1.84817857334E-03,6.631810159544E-04,
    -12.61138469241));
#5819 = DIRECTION('',(-1.296752066396E-05,1.414950665963E-05,
    0.999999999816));
#5820 = DIRECTION('',(0.751432993149,-0.65980940918,1.908020049904E-05)
  );
#5821 = PCURVE('',#5098,#5822);
#5822 = DEFINITIONAL_REPRESENTATION('',(#5823),#5827);
#5823 = LINE('',#5824,#5825);
#5824 = CARTESIAN_POINT('',(0.720349334005,-1.6891));
#5825 = VECTOR('',#5826,1.);
#5826 = DIRECTION('',(-1.,0.));
#5827 = ( GEOMETRIC_REPRESENTATION_CONTEXT(2) 
PARAMETRIC_REPRESENTATION_CONTEXT() REPRESENTATION_CONTEXT('2D SPACE',''
  ) );
#5828 = PCURVE('',#72,#5829);
#5829 = DEFINITIONAL_REPRESENTATION('',(#5830),#5834);
#5830 = CIRCLE('',#5831,7.8359);
#5831 = AXIS2_PLACEMENT_2D('',#5832,#5833);
#5832 = CARTESIAN_POINT('',(0.,0.));
#5833 = DIRECTION('',(0.659647263039,0.751575337784));
#5834 = ( GEOMETRIC_REPRESENTATION_CONTEXT(2) 
PARAMETRIC_REPRESENTATION_CONTEXT() REPRESENTATION_CONTEXT('2D SPACE',''
  ) );
#5835 = ORIENTED_EDGE('',*,*,#5737,.T.);
#5836 = ORIENTED_EDGE('',*,*,#5081,.F.);
#5837 = ADVANCED_FACE('',(#5838),#5069,.T.);
#5838 = FACE_BOUND('',#5839,.T.);
#5839 = EDGE_LOOP('',(#5840,#5863,#5889,#5890));
#5840 = ORIENTED_EDGE('',*,*,#5841,.F.);
#5841 = EDGE_CURVE('',#5842,#5021,#5844,.T.);
#5842 = VERTEX_POINT('',#5843);
#5843 = CARTESIAN_POINT('',(5.136273441721,-5.300421947199,
    -12.61124310391));
#5844 = SURFACE_CURVE('',#5845,(#5849,#5856),.PCURVE_S1.);
#5845 = LINE('',#5846,#5847);
#5846 = CARTESIAN_POINT('',(5.136273441721,-5.300421947199,
    -12.61124310391));
#5847 = VECTOR('',#5848,1.);
#5848 = DIRECTION('',(-1.296752066396E-05,1.414950665963E-05,
    0.999999999816));
#5849 = PCURVE('',#5069,#5850);
#5850 = DEFINITIONAL_REPRESENTATION('',(#5851),#5855);
#5851 = LINE('',#5852,#5853);
#5852 = CARTESIAN_POINT('',(3.577924966584,0.));
#5853 = VECTOR('',#5854,1.);
#5854 = DIRECTION('',(0.,1.));
#5855 = ( GEOMETRIC_REPRESENTATION_CONTEXT(2) 
PARAMETRIC_REPRESENTATION_CONTEXT() REPRESENTATION_CONTEXT('2D SPACE',''
  ) );
#5856 = PCURVE('',#5036,#5857);
#5857 = DEFINITIONAL_REPRESENTATION('',(#5858),#5862);
#5858 = LINE('',#5859,#5860);
#5859 = CARTESIAN_POINT('',(1.69645452742E-16,-0.5688038757));
#5860 = VECTOR('',#5861,1.);
#5861 = DIRECTION('',(-1.,0.));
#5862 = ( GEOMETRIC_REPRESENTATION_CONTEXT(2) 
PARAMETRIC_REPRESENTATION_CONTEXT() REPRESENTATION_CONTEXT('2D SPACE',''
  ) );
#5863 = ORIENTED_EDGE('',*,*,#5864,.F.);
#5864 = EDGE_CURVE('',#5792,#5842,#5865,.T.);
#5865 = SURFACE_CURVE('',#5866,(#5871,#5878),.PCURVE_S1.);
#5866 = CIRCLE('',#5867,0.6096);
#5867 = AXIS2_PLACEMENT_3D('',#5868,#5869,#5870);
#5868 = CARTESIAN_POINT('',(5.431928416967,-4.767317552545,
    -12.61124681316));
#5869 = DIRECTION('',(1.296752066396E-05,-1.414950665963E-05,
    -0.999999999816));
#5870 = DIRECTION('',(0.751432993149,-0.65980940918,1.908020049904E-05)
  );
#5871 = PCURVE('',#5069,#5872);
#5872 = DEFINITIONAL_REPRESENTATION('',(#5873),#5877);
#5873 = LINE('',#5874,#5875);
#5874 = CARTESIAN_POINT('',(4.934517442457,0.));
#5875 = VECTOR('',#5876,1.);
#5876 = DIRECTION('',(-1.,0.));
#5877 = ( GEOMETRIC_REPRESENTATION_CONTEXT(2) 
PARAMETRIC_REPRESENTATION_CONTEXT() REPRESENTATION_CONTEXT('2D SPACE',''
  ) );
#5878 = PCURVE('',#72,#5879);
#5879 = DEFINITIONAL_REPRESENTATION('',(#5880),#5888);
#5880 = ( BOUNDED_CURVE() B_SPLINE_CURVE(2,(#5881,#5882,#5883,#5884,
#5885,#5886,#5887),.UNSPECIFIED.,.T.,.F.) B_SPLINE_CURVE_WITH_KNOTS((1,2
    ,2,2,2,1),(-2.094395102393,0.,2.094395102393,4.188790204786,
6.28318530718,8.377580409573),.UNSPECIFIED.) CURVE() 
GEOMETRIC_REPRESENTATION_ITEM() RATIONAL_B_SPLINE_CURVE((1.,0.5,1.,0.5,
1.,0.5,1.)) REPRESENTATION_ITEM('') );
#5881 = CARTESIAN_POINT('',(5.168929988448,5.889269189343));
#5882 = CARTESIAN_POINT('',(5.962486950941,5.192775235832));
#5883 = CARTESIAN_POINT('',(4.962527012372,4.853781723718));
#5884 = CARTESIAN_POINT('',(3.962567073802,4.514788211604));
#5885 = CARTESIAN_POINT('',(4.168970049878,5.550275677229));
#5886 = CARTESIAN_POINT('',(4.375373025954,6.585763142854));
#5887 = CARTESIAN_POINT('',(5.168929988448,5.889269189343));
#5888 = ( GEOMETRIC_REPRESENTATION_CONTEXT(2) 
PARAMETRIC_REPRESENTATION_CONTEXT() REPRESENTATION_CONTEXT('2D SPACE',''
  ) );
#5889 = ORIENTED_EDGE('',*,*,#5791,.T.);
#5890 = ORIENTED_EDGE('',*,*,#5048,.T.);
#5891 = ADVANCED_FACE('',(#5892),#5036,.F.);
#5892 = FACE_BOUND('',#5893,.T.);
#5893 = EDGE_LOOP('',(#5894,#5917,#5938,#5939));
#5894 = ORIENTED_EDGE('',*,*,#5895,.F.);
#5895 = EDGE_CURVE('',#5896,#4988,#5898,.T.);
#5896 = VERTEX_POINT('',#5897);
#5897 = CARTESIAN_POINT('',(4.638845873142,-5.024553023756,
    -12.61125345772));
#5898 = SURFACE_CURVE('',#5899,(#5903,#5910),.PCURVE_S1.);
#5899 = LINE('',#5900,#5901);
#5900 = CARTESIAN_POINT('',(4.638845873142,-5.024553023756,
    -12.61125345772));
#5901 = VECTOR('',#5902,1.);
#5902 = DIRECTION('',(-1.296752066396E-05,1.414950665963E-05,
    0.999999999816));
#5903 = PCURVE('',#5036,#5904);
#5904 = DEFINITIONAL_REPRESENTATION('',(#5905),#5909);
#5905 = LINE('',#5906,#5907);
#5906 = CARTESIAN_POINT('',(0.,0.));
#5907 = VECTOR('',#5908,1.);
#5908 = DIRECTION('',(-1.,0.));
#5909 = ( GEOMETRIC_REPRESENTATION_CONTEXT(2) 
PARAMETRIC_REPRESENTATION_CONTEXT() REPRESENTATION_CONTEXT('2D SPACE',''
  ) );
#5910 = PCURVE('',#5008,#5911);
#5911 = DEFINITIONAL_REPRESENTATION('',(#5912),#5916);
#5912 = LINE('',#5913,#5914);
#5913 = CARTESIAN_POINT('',(0.436332313,0.));
#5914 = VECTOR('',#5915,1.);
#5915 = DIRECTION('',(0.,1.));
#5916 = ( GEOMETRIC_REPRESENTATION_CONTEXT(2) 
PARAMETRIC_REPRESENTATION_CONTEXT() REPRESENTATION_CONTEXT('2D SPACE',''
  ) );
#5917 = ORIENTED_EDGE('',*,*,#5918,.T.);
#5918 = EDGE_CURVE('',#5896,#5842,#5919,.T.);
#5919 = SURFACE_CURVE('',#5920,(#5924,#5931),.PCURVE_S1.);
#5920 = LINE('',#5921,#5922);
#5921 = CARTESIAN_POINT('',(4.638845873142,-5.024553023756,
    -12.61125345772));
#5922 = VECTOR('',#5923,1.);
#5923 = DIRECTION('',(0.87451508302,-0.484998318801,1.820277935514E-05)
  );
#5924 = PCURVE('',#5036,#5925);
#5925 = DEFINITIONAL_REPRESENTATION('',(#5926),#5930);
#5926 = LINE('',#5927,#5928);
#5927 = CARTESIAN_POINT('',(0.,0.));
#5928 = VECTOR('',#5929,1.);
#5929 = DIRECTION('',(0.,-1.));
#5930 = ( GEOMETRIC_REPRESENTATION_CONTEXT(2) 
PARAMETRIC_REPRESENTATION_CONTEXT() REPRESENTATION_CONTEXT('2D SPACE',''
  ) );
#5931 = PCURVE('',#72,#5932);
#5932 = DEFINITIONAL_REPRESENTATION('',(#5933),#5937);
#5933 = LINE('',#5934,#5935);
#5934 = CARTESIAN_POINT('',(5.024215599397,4.638081839741));
#5935 = VECTOR('',#5936,1.);
#5936 = DIRECTION('',(0.484809620246,0.874619707139));
#5937 = ( GEOMETRIC_REPRESENTATION_CONTEXT(2) 
PARAMETRIC_REPRESENTATION_CONTEXT() REPRESENTATION_CONTEXT('2D SPACE',''
  ) );
#5938 = ORIENTED_EDGE('',*,*,#5841,.T.);
#5939 = ORIENTED_EDGE('',*,*,#5020,.F.);
#5940 = ADVANCED_FACE('',(#5941),#5008,.F.);
#5941 = FACE_BOUND('',#5942,.F.);
#5942 = EDGE_LOOP('',(#5943,#5944,#5945,#5973));
#5943 = ORIENTED_EDGE('',*,*,#4987,.T.);
#5944 = ORIENTED_EDGE('',*,*,#5895,.F.);
#5945 = ORIENTED_EDGE('',*,*,#5946,.F.);
#5946 = EDGE_CURVE('',#5947,#5896,#5949,.T.);
#5947 = VERTEX_POINT('',#5948);
#5948 = CARTESIAN_POINT('',(3.984983425474,-5.064403359571,
    -12.61126137283));
#5949 = SURFACE_CURVE('',#5950,(#5955,#5962),.PCURVE_S1.);
#5950 = CIRCLE('',#5951,0.6096);
#5951 = AXIS2_PLACEMENT_3D('',#5952,#5953,#5954);
#5952 = CARTESIAN_POINT('',(4.343190897898,-5.557657418413,
    -12.61124974847));
#5953 = DIRECTION('',(1.296752066396E-05,-1.414950665963E-05,
    -0.999999999816));
#5954 = DIRECTION('',(-0.587610683112,0.809143797312,-1.90688392278E-05)
  );
#5955 = PCURVE('',#5008,#5956);
#5956 = DEFINITIONAL_REPRESENTATION('',(#5957),#5961);
#5957 = LINE('',#5958,#5959);
#5958 = CARTESIAN_POINT('',(1.570796326795,0.));
#5959 = VECTOR('',#5960,1.);
#5960 = DIRECTION('',(-1.,0.));
#5961 = ( GEOMETRIC_REPRESENTATION_CONTEXT(2) 
PARAMETRIC_REPRESENTATION_CONTEXT() REPRESENTATION_CONTEXT('2D SPACE',''
  ) );
#5962 = PCURVE('',#72,#5963);
#5963 = DEFINITIONAL_REPRESENTATION('',(#5964),#5972);
#5964 = ( BOUNDED_CURVE() B_SPLINE_CURVE(2,(#5965,#5966,#5967,#5968,
#5969,#5970,#5971),.UNSPECIFIED.,.T.,.F.) B_SPLINE_CURVE_WITH_KNOTS((1,2
    ,2,2,2,1),(-2.094395102393,0.,2.094395102393,4.188790204786,
6.28318530718,8.377580409573),.UNSPECIFIED.) CURVE() 
GEOMETRIC_REPRESENTATION_ITEM() RATIONAL_B_SPLINE_CURVE((1.,0.5,1.,0.5,
1.,0.5,1.)) REPRESENTATION_ITEM('') );
#5965 = CARTESIAN_POINT('',(5.0642070131,3.984228005441));
#5966 = CARTESIAN_POINT('',(4.443589150913,4.838435210477));
#5967 = CARTESIAN_POINT('',(5.493663221663,4.948802442655));
#5968 = CARTESIAN_POINT('',(6.543737292413,5.059169674834));
#5969 = CARTESIAN_POINT('',(6.11428108385,4.09459523762));
#5970 = CARTESIAN_POINT('',(5.684824875287,3.130020800406));
#5971 = CARTESIAN_POINT('',(5.0642070131,3.984228005441));
#5972 = ( GEOMETRIC_REPRESENTATION_CONTEXT(2) 
PARAMETRIC_REPRESENTATION_CONTEXT() REPRESENTATION_CONTEXT('2D SPACE',''
  ) );
#5973 = ORIENTED_EDGE('',*,*,#5974,.T.);
#5974 = EDGE_CURVE('',#5947,#4960,#5975,.T.);
#5975 = SURFACE_CURVE('',#5976,(#5980,#5987),.PCURVE_S1.);
#5976 = LINE('',#5977,#5978);
#5977 = CARTESIAN_POINT('',(3.984983425474,-5.064403359571,
    -12.61126137283));
#5978 = VECTOR('',#5979,1.);
#5979 = DIRECTION('',(-1.296752066396E-05,1.414950665963E-05,
    0.999999999816));
#5980 = PCURVE('',#5008,#5981);
#5981 = DEFINITIONAL_REPRESENTATION('',(#5982),#5986);
#5982 = LINE('',#5983,#5984);
#5983 = CARTESIAN_POINT('',(1.570796326794,0.));
#5984 = VECTOR('',#5985,1.);
#5985 = DIRECTION('',(0.,1.));
#5986 = ( GEOMETRIC_REPRESENTATION_CONTEXT(2) 
PARAMETRIC_REPRESENTATION_CONTEXT() REPRESENTATION_CONTEXT('2D SPACE',''
  ) );
#5987 = PCURVE('',#4975,#5988);
#5988 = DEFINITIONAL_REPRESENTATION('',(#5989),#5993);
#5989 = LINE('',#5990,#5991);
#5990 = CARTESIAN_POINT('',(-6.743017534855E-17,0.493283938022));
#5991 = VECTOR('',#5992,1.);
#5992 = DIRECTION('',(1.,1.270549420881E-21));
#5993 = ( GEOMETRIC_REPRESENTATION_CONTEXT(2) 
PARAMETRIC_REPRESENTATION_CONTEXT() REPRESENTATION_CONTEXT('2D SPACE',''
  ) );
#5994 = ADVANCED_FACE('',(#5995),#4975,.F.);
#5995 = FACE_BOUND('',#5996,.T.);
#5996 = EDGE_LOOP('',(#5997,#6020,#6041,#6042));
#5997 = ORIENTED_EDGE('',*,*,#5998,.F.);
#5998 = EDGE_CURVE('',#5999,#4927,#6001,.T.);
#5999 = VERTEX_POINT('',#6000);
#6000 = CARTESIAN_POINT('',(3.58584578665,-5.354262271429,-12.6112624473
    ));
#6001 = SURFACE_CURVE('',#6002,(#6006,#6013),.PCURVE_S1.);
#6002 = LINE('',#6003,#6004);
#6003 = CARTESIAN_POINT('',(3.58584578665,-5.354262271429,-12.6112624473
    ));
#6004 = VECTOR('',#6005,1.);
#6005 = DIRECTION('',(-1.296752066396E-05,1.414950665963E-05,
    0.999999999816));
#6006 = PCURVE('',#4975,#6007);
#6007 = DEFINITIONAL_REPRESENTATION('',(#6008),#6012);
#6008 = LINE('',#6009,#6010);
#6009 = CARTESIAN_POINT('',(0.,0.));
#6010 = VECTOR('',#6011,1.);
#6011 = DIRECTION('',(1.,1.270549420881E-21));
#6012 = ( GEOMETRIC_REPRESENTATION_CONTEXT(2) 
PARAMETRIC_REPRESENTATION_CONTEXT() REPRESENTATION_CONTEXT('2D SPACE',''
  ) );
#6013 = PCURVE('',#4947,#6014);
#6014 = DEFINITIONAL_REPRESENTATION('',(#6015),#6019);
#6015 = LINE('',#6016,#6017);
#6016 = CARTESIAN_POINT('',(1.570796326794,0.));
#6017 = VECTOR('',#6018,1.);
#6018 = DIRECTION('',(0.,1.));
#6019 = ( GEOMETRIC_REPRESENTATION_CONTEXT(2) 
PARAMETRIC_REPRESENTATION_CONTEXT() REPRESENTATION_CONTEXT('2D SPACE',''
  ) );
#6020 = ORIENTED_EDGE('',*,*,#6021,.T.);
#6021 = EDGE_CURVE('',#5999,#5947,#6022,.T.);
#6022 = SURFACE_CURVE('',#6023,(#6027,#6034),.PCURVE_S1.);
#6023 = LINE('',#6024,#6025);
#6024 = CARTESIAN_POINT('',(3.58584578665,-5.354262271429,-12.6112624473
    ));
#6025 = VECTOR('',#6026,1.);
#6026 = DIRECTION('',(0.809143797433,0.587610683251,2.178187637803E-06)
  );
#6027 = PCURVE('',#4975,#6028);
#6028 = DEFINITIONAL_REPRESENTATION('',(#6029),#6033);
#6029 = LINE('',#6030,#6031);
#6030 = CARTESIAN_POINT('',(0.,0.));
#6031 = VECTOR('',#6032,1.);
#6032 = DIRECTION('',(2.117582368136E-21,1.));
#6033 = ( GEOMETRIC_REPRESENTATION_CONTEXT(2) 
PARAMETRIC_REPRESENTATION_CONTEXT() REPRESENTATION_CONTEXT('2D SPACE',''
  ) );
#6034 = PCURVE('',#72,#6035);
#6035 = DEFINITIONAL_REPRESENTATION('',(#6036),#6040);
#6036 = LINE('',#6037,#6038);
#6037 = CARTESIAN_POINT('',(5.354152037062,3.58515291653));
#6038 = VECTOR('',#6039,1.);
#6039 = DIRECTION('',(-0.587785252293,0.809016994375));
#6040 = ( GEOMETRIC_REPRESENTATION_CONTEXT(2) 
PARAMETRIC_REPRESENTATION_CONTEXT() REPRESENTATION_CONTEXT('2D SPACE',''
  ) );
#6041 = ORIENTED_EDGE('',*,*,#5974,.T.);
#6042 = ORIENTED_EDGE('',*,*,#4959,.F.);
#6043 = ADVANCED_FACE('',(#6044),#4947,.F.);
#6044 = FACE_BOUND('',#6045,.F.);
#6045 = EDGE_LOOP('',(#6046,#6047,#6048,#6076));
#6046 = ORIENTED_EDGE('',*,*,#4926,.T.);
#6047 = ORIENTED_EDGE('',*,*,#5998,.F.);
#6048 = ORIENTED_EDGE('',*,*,#6049,.F.);
#6049 = EDGE_CURVE('',#6050,#5999,#6052,.T.);
#6050 = VERTEX_POINT('',#6051);
#6051 = CARTESIAN_POINT('',(3.345628245152,-5.963704379038,
    -12.61125693902));
#6052 = SURFACE_CURVE('',#6053,(#6058,#6065),.PCURVE_S1.);
#6053 = CIRCLE('',#6054,0.6096);
#6054 = AXIS2_PLACEMENT_3D('',#6055,#6056,#6057);
#6055 = CARTESIAN_POINT('',(3.944053259074,-5.84751633027,
    -12.61125082293));
#6056 = DIRECTION('',(1.296752066396E-05,-1.414950665963E-05,
    -0.999999999816));
#6057 = DIRECTION('',(-0.981668329923,-0.190597192858,
    -1.003294810563E-05));
#6058 = PCURVE('',#4947,#6059);
#6059 = DEFINITIONAL_REPRESENTATION('',(#6060),#6064);
#6060 = LINE('',#6061,#6062);
#6061 = CARTESIAN_POINT('',(2.705260340591,0.));
#6062 = VECTOR('',#6063,1.);
#6063 = DIRECTION('',(-1.,0.));
#6064 = ( GEOMETRIC_REPRESENTATION_CONTEXT(2) 
PARAMETRIC_REPRESENTATION_CONTEXT() REPRESENTATION_CONTEXT('2D SPACE',''
  ) );
#6065 = PCURVE('',#72,#6066);
#6066 = DEFINITIONAL_REPRESENTATION('',(#6067),#6075);
#6067 = ( BOUNDED_CURVE() B_SPLINE_CURVE(2,(#6068,#6069,#6070,#6071,
#6072,#6073,#6074),.UNSPECIFIED.,.T.,.F.) B_SPLINE_CURVE_WITH_KNOTS((1,2
    ,2,2,2,1),(-2.094395102393,0.,2.094395102393,4.188790204786,
6.28318530718,8.377580409573),.UNSPECIFIED.) CURVE() 
GEOMETRIC_REPRESENTATION_ITEM() RATIONAL_B_SPLINE_CURVE((1.,0.5,1.,0.5,
1.,0.5,1.)) REPRESENTATION_ITEM('') );
#6068 = CARTESIAN_POINT('',(5.963645960415,3.345066875297));
#6069 = CARTESIAN_POINT('',(4.927186876626,3.143599638181));
#6070 = CARTESIAN_POINT('',(5.270940673148,4.141933153284));
#6071 = CARTESIAN_POINT('',(5.614694469669,5.140266668386));
#6072 = CARTESIAN_POINT('',(6.307399756937,4.3434003904));
#6073 = CARTESIAN_POINT('',(7.000105044204,3.546534112413));
#6074 = CARTESIAN_POINT('',(5.963645960415,3.345066875297));
#6075 = ( GEOMETRIC_REPRESENTATION_CONTEXT(2) 
PARAMETRIC_REPRESENTATION_CONTEXT() REPRESENTATION_CONTEXT('2D SPACE',''
  ) );
#6076 = ORIENTED_EDGE('',*,*,#6077,.T.);
#6077 = EDGE_CURVE('',#6050,#4899,#6078,.T.);
#6078 = SURFACE_CURVE('',#6079,(#6083,#6090),.PCURVE_S1.);
#6079 = LINE('',#6080,#6081);
#6080 = CARTESIAN_POINT('',(3.345628245152,-5.963704379038,
    -12.61125693902));
#6081 = VECTOR('',#6082,1.);
#6082 = DIRECTION('',(-1.296752066396E-05,1.414950665963E-05,
    0.999999999816));
#6083 = PCURVE('',#4947,#6084);
#6084 = DEFINITIONAL_REPRESENTATION('',(#6085),#6089);
#6085 = LINE('',#6086,#6087);
#6086 = CARTESIAN_POINT('',(2.705260340593,0.));
#6087 = VECTOR('',#6088,1.);
#6088 = DIRECTION('',(0.,1.));
#6089 = ( GEOMETRIC_REPRESENTATION_CONTEXT(2) 
PARAMETRIC_REPRESENTATION_CONTEXT() REPRESENTATION_CONTEXT('2D SPACE',''
  ) );
#6090 = PCURVE('',#4914,#6091);
#6091 = DEFINITIONAL_REPRESENTATION('',(#6092),#6096);
#6092 = LINE('',#6093,#6094);
#6093 = CARTESIAN_POINT('',(-9.611113445905E-16,0.568803875699));
#6094 = VECTOR('',#6095,1.);
#6095 = DIRECTION('',(1.,0.));
#6096 = ( GEOMETRIC_REPRESENTATION_CONTEXT(2) 
PARAMETRIC_REPRESENTATION_CONTEXT() REPRESENTATION_CONTEXT('2D SPACE',''
  ) );
#6097 = ADVANCED_FACE('',(#6098),#4914,.F.);
#6098 = FACE_BOUND('',#6099,.T.);
#6099 = EDGE_LOOP('',(#6100,#6123,#6144,#6145));
#6100 = ORIENTED_EDGE('',*,*,#6101,.F.);
#6101 = EDGE_CURVE('',#6102,#4866,#6104,.T.);
#6102 = VERTEX_POINT('',#6103);
#6103 = CARTESIAN_POINT('',(3.454040667046,-6.52208112972,
    -12.61124763242));
#6104 = SURFACE_CURVE('',#6105,(#6109,#6116),.PCURVE_S1.);
#6105 = LINE('',#6106,#6107);
#6106 = CARTESIAN_POINT('',(3.454040667046,-6.52208112972,
    -12.61124763242));
#6107 = VECTOR('',#6108,1.);
#6108 = DIRECTION('',(-1.296752066396E-05,1.414950665963E-05,
    0.999999999816));
#6109 = PCURVE('',#4914,#6110);
#6110 = DEFINITIONAL_REPRESENTATION('',(#6111),#6115);
#6111 = LINE('',#6112,#6113);
#6112 = CARTESIAN_POINT('',(0.,0.));
#6113 = VECTOR('',#6114,1.);
#6114 = DIRECTION('',(1.,0.));
#6115 = ( GEOMETRIC_REPRESENTATION_CONTEXT(2) 
PARAMETRIC_REPRESENTATION_CONTEXT() REPRESENTATION_CONTEXT('2D SPACE',''
  ) );
#6116 = PCURVE('',#4886,#6117);
#6117 = DEFINITIONAL_REPRESENTATION('',(#6118),#6122);
#6118 = LINE('',#6119,#6120);
#6119 = CARTESIAN_POINT('',(5.846852994184,0.));
#6120 = VECTOR('',#6121,1.);
#6121 = DIRECTION('',(0.,1.));
#6122 = ( GEOMETRIC_REPRESENTATION_CONTEXT(2) 
PARAMETRIC_REPRESENTATION_CONTEXT() REPRESENTATION_CONTEXT('2D SPACE',''
  ) );
#6123 = ORIENTED_EDGE('',*,*,#6124,.T.);
#6124 = EDGE_CURVE('',#6102,#6050,#6125,.T.);
#6125 = SURFACE_CURVE('',#6126,(#6130,#6137),.PCURVE_S1.);
#6126 = LINE('',#6127,#6128);
#6127 = CARTESIAN_POINT('',(3.454040667046,-6.52208112972,
    -12.61124763242));
#6128 = VECTOR('',#6129,1.);
#6129 = DIRECTION('',(-0.19059719268,0.981668329873,-1.636169560866E-05)
  );
#6130 = PCURVE('',#4914,#6131);
#6131 = DEFINITIONAL_REPRESENTATION('',(#6132),#6136);
#6132 = LINE('',#6133,#6134);
#6133 = CARTESIAN_POINT('',(0.,0.));
#6134 = VECTOR('',#6135,1.);
#6135 = DIRECTION('',(0.,1.));
#6136 = ( GEOMETRIC_REPRESENTATION_CONTEXT(2) 
PARAMETRIC_REPRESENTATION_CONTEXT() REPRESENTATION_CONTEXT('2D SPACE',''
  ) );
#6137 = PCURVE('',#72,#6138);
#6138 = DEFINITIONAL_REPRESENTATION('',(#6139),#6143);
#6139 = LINE('',#6140,#6141);
#6140 = CARTESIAN_POINT('',(6.521999306852,3.453599771385));
#6141 = VECTOR('',#6142,1.);
#6142 = DIRECTION('',(-0.981627183448,-0.190808995376));
#6143 = ( GEOMETRIC_REPRESENTATION_CONTEXT(2) 
PARAMETRIC_REPRESENTATION_CONTEXT() REPRESENTATION_CONTEXT('2D SPACE',''
  ) );
#6144 = ORIENTED_EDGE('',*,*,#6077,.T.);
#6145 = ORIENTED_EDGE('',*,*,#4898,.F.);
#6146 = ADVANCED_FACE('',(#6147),#4886,.T.);
#6147 = FACE_BOUND('',#6148,.T.);
#6148 = EDGE_LOOP('',(#6149,#6172,#6198,#6199));
#6149 = ORIENTED_EDGE('',*,*,#6150,.F.);
#6150 = EDGE_CURVE('',#6151,#4837,#6153,.T.);
#6151 = VERTEX_POINT('',#6152);
#6152 = CARTESIAN_POINT('',(3.096355264336,-7.198319711451,
    -12.61124270227));
#6153 = SURFACE_CURVE('',#6154,(#6158,#6165),.PCURVE_S1.);
#6154 = LINE('',#6155,#6156);
#6155 = CARTESIAN_POINT('',(3.096355264336,-7.198319711451,
    -12.61124270227));
#6156 = VECTOR('',#6157,1.);
#6157 = DIRECTION('',(-1.296752066396E-05,1.414950665963E-05,
    0.999999999816));
#6158 = PCURVE('',#4886,#6159);
#6159 = DEFINITIONAL_REPRESENTATION('',(#6160),#6164);
#6160 = LINE('',#6161,#6162);
#6161 = CARTESIAN_POINT('',(4.490260518313,0.));
#6162 = VECTOR('',#6163,1.);
#6163 = DIRECTION('',(0.,1.));
#6164 = ( GEOMETRIC_REPRESENTATION_CONTEXT(2) 
PARAMETRIC_REPRESENTATION_CONTEXT() REPRESENTATION_CONTEXT('2D SPACE',''
  ) );
#6165 = PCURVE('',#4853,#6166);
#6166 = DEFINITIONAL_REPRESENTATION('',(#6167),#6171);
#6167 = LINE('',#6168,#6169);
#6168 = CARTESIAN_POINT('',(1.164606258149,-1.6891));
#6169 = VECTOR('',#6170,1.);
#6170 = DIRECTION('',(0.,-1.));
#6171 = ( GEOMETRIC_REPRESENTATION_CONTEXT(2) 
PARAMETRIC_REPRESENTATION_CONTEXT() REPRESENTATION_CONTEXT('2D SPACE',''
  ) );
#6172 = ORIENTED_EDGE('',*,*,#6173,.F.);
#6173 = EDGE_CURVE('',#6102,#6151,#6174,.T.);
#6174 = SURFACE_CURVE('',#6175,(#6180,#6187),.PCURVE_S1.);
#6175 = CIRCLE('',#6176,0.6096);
#6176 = AXIS2_PLACEMENT_3D('',#6177,#6178,#6179);
#6177 = CARTESIAN_POINT('',(2.855615653126,-6.638269178487,
    -12.61125374851));
#6178 = DIRECTION('',(1.296752066396E-05,-1.414950665963E-05,
    -0.999999999816));
#6179 = DIRECTION('',(0.981668329923,0.190597192858,1.003294810563E-05)
  );
#6180 = PCURVE('',#4886,#6181);
#6181 = DEFINITIONAL_REPRESENTATION('',(#6182),#6186);
#6182 = LINE('',#6183,#6184);
#6183 = CARTESIAN_POINT('',(5.846852994181,0.));
#6184 = VECTOR('',#6185,1.);
#6185 = DIRECTION('',(-1.,0.));
#6186 = ( GEOMETRIC_REPRESENTATION_CONTEXT(2) 
PARAMETRIC_REPRESENTATION_CONTEXT() REPRESENTATION_CONTEXT('2D SPACE',''
  ) );
#6187 = PCURVE('',#72,#6188);
#6188 = DEFINITIONAL_REPRESENTATION('',(#6189),#6197);
#6189 = ( BOUNDED_CURVE() B_SPLINE_CURVE(2,(#6190,#6191,#6192,#6193,
#6194,#6195,#6196),.UNSPECIFIED.,.T.,.F.) B_SPLINE_CURVE_WITH_KNOTS((1,2
    ,2,2,2,1),(-2.094395102393,0.,2.094395102393,4.188790204786,
6.28318530718,8.377580409573),.UNSPECIFIED.) CURVE() 
GEOMETRIC_REPRESENTATION_ITEM() RATIONAL_B_SPLINE_CURVE((1.,0.5,1.,0.5,
1.,0.5,1.)) REPRESENTATION_ITEM('') );
#6190 = CARTESIAN_POINT('',(6.521999306853,3.453599771386));
#6191 = CARTESIAN_POINT('',(7.558458390642,3.655067008502));
#6192 = CARTESIAN_POINT('',(7.21470459412,2.656733493399));
#6193 = CARTESIAN_POINT('',(6.870950797599,1.658399978297));
#6194 = CARTESIAN_POINT('',(6.178245510331,2.455266256283));
#6195 = CARTESIAN_POINT('',(5.485540223064,3.25213253427));
#6196 = CARTESIAN_POINT('',(6.521999306853,3.453599771386));
#6197 = ( GEOMETRIC_REPRESENTATION_CONTEXT(2) 
PARAMETRIC_REPRESENTATION_CONTEXT() REPRESENTATION_CONTEXT('2D SPACE',''
  ) );
#6198 = ORIENTED_EDGE('',*,*,#6101,.T.);
#6199 = ORIENTED_EDGE('',*,*,#4865,.T.);
#6200 = ADVANCED_FACE('',(#6201),#4853,.T.);
#6201 = FACE_BOUND('',#6202,.T.);
#6202 = EDGE_LOOP('',(#6203,#6226,#6248,#6249));
#6203 = ORIENTED_EDGE('',*,*,#6204,.F.);
#6204 = EDGE_CURVE('',#6205,#4804,#6207,.T.);
#6205 = VERTEX_POINT('',#6206);
#6206 = CARTESIAN_POINT('',(1.726497025984,-7.643086889864,
    -12.6112541727));
#6207 = SURFACE_CURVE('',#6208,(#6212,#6219),.PCURVE_S1.);
#6208 = LINE('',#6209,#6210);
#6209 = CARTESIAN_POINT('',(1.726497025984,-7.643086889864,
    -12.6112541727));
#6210 = VECTOR('',#6211,1.);
#6211 = DIRECTION('',(-1.296752066396E-05,1.414950665963E-05,
    0.999999999816));
#6212 = PCURVE('',#4853,#6213);
#6213 = DEFINITIONAL_REPRESENTATION('',(#6214),#6218);
#6214 = LINE('',#6215,#6216);
#6215 = CARTESIAN_POINT('',(1.348667864723,-1.6891));
#6216 = VECTOR('',#6217,1.);
#6217 = DIRECTION('',(0.,-1.));
#6218 = ( GEOMETRIC_REPRESENTATION_CONTEXT(2) 
PARAMETRIC_REPRESENTATION_CONTEXT() REPRESENTATION_CONTEXT('2D SPACE',''
  ) );
#6219 = PCURVE('',#4824,#6220);
#6220 = DEFINITIONAL_REPRESENTATION('',(#6221),#6225);
#6221 = LINE('',#6222,#6223);
#6222 = CARTESIAN_POINT('',(4.934517442456,0.));
#6223 = VECTOR('',#6224,1.);
#6224 = DIRECTION('',(0.,1.));
#6225 = ( GEOMETRIC_REPRESENTATION_CONTEXT(2) 
PARAMETRIC_REPRESENTATION_CONTEXT() REPRESENTATION_CONTEXT('2D SPACE',''
  ) );
#6226 = ORIENTED_EDGE('',*,*,#6227,.T.);
#6227 = EDGE_CURVE('',#6205,#6151,#6228,.T.);
#6228 = SURFACE_CURVE('',#6229,(#6234,#6241),.PCURVE_S1.);
#6229 = CIRCLE('',#6230,7.8359);
#6230 = AXIS2_PLACEMENT_3D('',#6231,#6232,#6233);
#6231 = CARTESIAN_POINT('',(1.84817857334E-03,6.631810159544E-04,
    -12.61138469241));
#6232 = DIRECTION('',(-1.296752066396E-05,1.414950665963E-05,
    0.999999999816));
#6233 = DIRECTION('',(0.220095821464,-0.975478256599,1.665663320402E-05)
  );
#6234 = PCURVE('',#4853,#6235);
#6235 = DEFINITIONAL_REPRESENTATION('',(#6236),#6240);
#6236 = LINE('',#6237,#6238);
#6237 = CARTESIAN_POINT('',(1.348667864723,-1.6891));
#6238 = VECTOR('',#6239,1.);
#6239 = DIRECTION('',(-1.,0.));
#6240 = ( GEOMETRIC_REPRESENTATION_CONTEXT(2) 
PARAMETRIC_REPRESENTATION_CONTEXT() REPRESENTATION_CONTEXT('2D SPACE',''
  ) );
#6241 = PCURVE('',#72,#6242);
#6242 = DEFINITIONAL_REPRESENTATION('',(#6243),#6247);
#6243 = CIRCLE('',#6244,7.8359);
#6244 = AXIS2_PLACEMENT_2D('',#6245,#6246);
#6245 = CARTESIAN_POINT('',(0.,0.));
#6246 = DIRECTION('',(0.975430745628,0.220306287891));
#6247 = ( GEOMETRIC_REPRESENTATION_CONTEXT(2) 
PARAMETRIC_REPRESENTATION_CONTEXT() REPRESENTATION_CONTEXT('2D SPACE',''
  ) );
#6248 = ORIENTED_EDGE('',*,*,#6150,.T.);
#6249 = ORIENTED_EDGE('',*,*,#4836,.F.);
#6250 = ADVANCED_FACE('',(#6251),#4824,.T.);
#6251 = FACE_BOUND('',#6252,.T.);
#6252 = EDGE_LOOP('',(#6253,#6276,#6302,#6303));
#6253 = ORIENTED_EDGE('',*,*,#6254,.F.);
#6254 = EDGE_CURVE('',#6255,#4776,#6257,.T.);
#6255 = VERTEX_POINT('',#6256);
#6256 = CARTESIAN_POINT('',(1.039785812693,-7.305944225538,
    -12.61126784805));
#6257 = SURFACE_CURVE('',#6258,(#6262,#6269),.PCURVE_S1.);
#6258 = LINE('',#6259,#6260);
#6259 = CARTESIAN_POINT('',(1.039785812693,-7.305944225538,
    -12.61126784805));
#6260 = VECTOR('',#6261,1.);
#6261 = DIRECTION('',(-1.296752066396E-05,1.414950665963E-05,
    0.999999999816));
#6262 = PCURVE('',#4824,#6263);
#6263 = DEFINITIONAL_REPRESENTATION('',(#6264),#6268);
#6264 = LINE('',#6265,#6266);
#6265 = CARTESIAN_POINT('',(3.577924966585,0.));
#6266 = VECTOR('',#6267,1.);
#6267 = DIRECTION('',(0.,1.));
#6268 = ( GEOMETRIC_REPRESENTATION_CONTEXT(2) 
PARAMETRIC_REPRESENTATION_CONTEXT() REPRESENTATION_CONTEXT('2D SPACE',''
  ) );
#6269 = PCURVE('',#4791,#6270);
#6270 = DEFINITIONAL_REPRESENTATION('',(#6271),#6275);
#6271 = LINE('',#6272,#6273);
#6272 = CARTESIAN_POINT('',(-3.066039040494E-16,-0.5688038757));
#6273 = VECTOR('',#6274,1.);
#6274 = DIRECTION('',(-1.,3.388131789017E-21));
#6275 = ( GEOMETRIC_REPRESENTATION_CONTEXT(2) 
PARAMETRIC_REPRESENTATION_CONTEXT() REPRESENTATION_CONTEXT('2D SPACE',''
  ) );
#6276 = ORIENTED_EDGE('',*,*,#6277,.F.);
#6277 = EDGE_CURVE('',#6205,#6255,#6278,.T.);
#6278 = SURFACE_CURVE('',#6279,(#6284,#6291),.PCURVE_S1.);
#6279 = CIRCLE('',#6280,0.6096);
#6280 = AXIS2_PLACEMENT_3D('',#6281,#6282,#6283);
#6281 = CARTESIAN_POINT('',(1.59232661322,-7.048435344643,
    -12.61126432659));
#6282 = DIRECTION('',(1.296752066396E-05,-1.414950665963E-05,
    -0.999999999816));
#6283 = DIRECTION('',(0.220095821463,-0.975478256599,1.665663320401E-05)
  );
#6284 = PCURVE('',#4824,#6285);
#6285 = DEFINITIONAL_REPRESENTATION('',(#6286),#6290);
#6286 = LINE('',#6287,#6288);
#6287 = CARTESIAN_POINT('',(4.934517442455,0.));
#6288 = VECTOR('',#6289,1.);
#6289 = DIRECTION('',(-1.,0.));
#6290 = ( GEOMETRIC_REPRESENTATION_CONTEXT(2) 
PARAMETRIC_REPRESENTATION_CONTEXT() REPRESENTATION_CONTEXT('2D SPACE',''
  ) );
#6291 = PCURVE('',#72,#6292);
#6292 = DEFINITIONAL_REPRESENTATION('',(#6293),#6301);
#6293 = ( BOUNDED_CURVE() B_SPLINE_CURVE(2,(#6294,#6295,#6296,#6297,
#6298,#6299,#6300),.UNSPECIFIED.,.T.,.F.) B_SPLINE_CURVE_WITH_KNOTS((1,2
    ,2,2,2,1),(-2.094395102393,0.,2.094395102393,4.188790204786,
6.28318530718,8.377580409573),.UNSPECIFIED.) CURVE() 
GEOMETRIC_REPRESENTATION_ITEM() RATIONAL_B_SPLINE_CURVE((1.,0.5,1.,0.5,
1.,0.5,1.)) REPRESENTATION_ITEM('') );
#6294 = CARTESIAN_POINT('',(7.643377779665,1.726298041284));
#6295 = CARTESIAN_POINT('',(7.875989974141,0.696381517006));
#6296 = CARTESIAN_POINT('',(6.867750003101,1.009891709498));
#6297 = CARTESIAN_POINT('',(5.859510032061,1.323401901991));
#6298 = CARTESIAN_POINT('',(6.635137808624,2.039808233776));
#6299 = CARTESIAN_POINT('',(7.410765585188,2.756214565562));
#6300 = CARTESIAN_POINT('',(7.643377779665,1.726298041284));
#6301 = ( GEOMETRIC_REPRESENTATION_CONTEXT(2) 
PARAMETRIC_REPRESENTATION_CONTEXT() REPRESENTATION_CONTEXT('2D SPACE',''
  ) );
#6302 = ORIENTED_EDGE('',*,*,#6204,.T.);
#6303 = ORIENTED_EDGE('',*,*,#4803,.T.);
#6304 = ADVANCED_FACE('',(#6305),#4791,.F.);
#6305 = FACE_BOUND('',#6306,.T.);
#6306 = EDGE_LOOP('',(#6307,#6330,#6351,#6352));
#6307 = ORIENTED_EDGE('',*,*,#6308,.F.);
#6308 = EDGE_CURVE('',#6309,#4743,#6311,.T.);
#6309 = VERTEX_POINT('',#6310);
#6310 = CARTESIAN_POINT('',(0.799510141063,-6.790380989334,
    -12.61127825879));
#6311 = SURFACE_CURVE('',#6312,(#6316,#6323),.PCURVE_S1.);
#6312 = LINE('',#6313,#6314);
#6313 = CARTESIAN_POINT('',(0.799510141063,-6.790380989334,
    -12.61127825879));
#6314 = VECTOR('',#6315,1.);
#6315 = DIRECTION('',(-1.296752066396E-05,1.414950665963E-05,
    0.999999999816));
#6316 = PCURVE('',#4791,#6317);
#6317 = DEFINITIONAL_REPRESENTATION('',(#6318),#6322);
#6318 = LINE('',#6319,#6320);
#6319 = CARTESIAN_POINT('',(0.,0.));
#6320 = VECTOR('',#6321,1.);
#6321 = DIRECTION('',(-1.,3.388131789017E-21));
#6322 = ( GEOMETRIC_REPRESENTATION_CONTEXT(2) 
PARAMETRIC_REPRESENTATION_CONTEXT() REPRESENTATION_CONTEXT('2D SPACE',''
  ) );
#6323 = PCURVE('',#4763,#6324);
#6324 = DEFINITIONAL_REPRESENTATION('',(#6325),#6329);
#6325 = LINE('',#6326,#6327);
#6326 = CARTESIAN_POINT('',(0.436332312999,0.));
#6327 = VECTOR('',#6328,1.);
#6328 = DIRECTION('',(0.,1.));
#6329 = ( GEOMETRIC_REPRESENTATION_CONTEXT(2) 
PARAMETRIC_REPRESENTATION_CONTEXT() REPRESENTATION_CONTEXT('2D SPACE',''
  ) );
#6330 = ORIENTED_EDGE('',*,*,#6331,.T.);
#6331 = EDGE_CURVE('',#6309,#6255,#6332,.T.);
#6332 = SURFACE_CURVE('',#6333,(#6337,#6344),.PCURVE_S1.);
#6333 = LINE('',#6334,#6335);
#6334 = CARTESIAN_POINT('',(0.799510141063,-6.790380989334,
    -12.61127825879));
#6335 = VECTOR('',#6336,1.);
#6336 = DIRECTION('',(0.422422704723,-0.906398950904,1.830287314789E-05)
  );
#6337 = PCURVE('',#4791,#6338);
#6338 = DEFINITIONAL_REPRESENTATION('',(#6339),#6343);
#6339 = LINE('',#6340,#6341);
#6340 = CARTESIAN_POINT('',(0.,0.));
#6341 = VECTOR('',#6342,1.);
#6342 = DIRECTION('',(3.388131789017E-21,-1.));
#6343 = ( GEOMETRIC_REPRESENTATION_CONTEXT(2) 
PARAMETRIC_REPRESENTATION_CONTEXT() REPRESENTATION_CONTEXT('2D SPACE',''
  ) );
#6344 = PCURVE('',#72,#6345);
#6345 = DEFINITIONAL_REPRESENTATION('',(#6346),#6350);
#6346 = LINE('',#6347,#6348);
#6347 = CARTESIAN_POINT('',(6.790871907642,0.799127195989));
#6348 = VECTOR('',#6349,1.);
#6349 = DIRECTION('',(0.906307787037,0.422618261741));
#6350 = ( GEOMETRIC_REPRESENTATION_CONTEXT(2) 
PARAMETRIC_REPRESENTATION_CONTEXT() REPRESENTATION_CONTEXT('2D SPACE',''
  ) );
#6351 = ORIENTED_EDGE('',*,*,#6254,.T.);
#6352 = ORIENTED_EDGE('',*,*,#4775,.F.);
#6353 = ADVANCED_FACE('',(#6354),#4763,.F.);
#6354 = FACE_BOUND('',#6355,.F.);
#6355 = EDGE_LOOP('',(#6356,#6357,#6358,#6386));
#6356 = ORIENTED_EDGE('',*,*,#4742,.T.);
#6357 = ORIENTED_EDGE('',*,*,#6308,.F.);
#6358 = ORIENTED_EDGE('',*,*,#6359,.F.);
#6359 = EDGE_CURVE('',#6360,#6309,#6362,.T.);
#6360 = VERTEX_POINT('',#6361);
#6361 = CARTESIAN_POINT('',(0.247100869296,-6.438289884482,
    -12.61129040409));
#6362 = SURFACE_CURVE('',#6363,(#6368,#6375),.PCURVE_S1.);
#6363 = CIRCLE('',#6364,0.6096);
#6364 = AXIS2_PLACEMENT_3D('',#6365,#6366,#6367);
#6365 = CARTESIAN_POINT('',(0.246969340536,-7.047889870231,
    -12.61128178025));
#6366 = DIRECTION('',(1.296752066396E-05,-1.414950665963E-05,
    -0.999999999816));
#6367 = DIRECTION('',(2.157624015277E-04,0.999999976623,
    -1.414670842806E-05));
#6368 = PCURVE('',#4763,#6369);
#6369 = DEFINITIONAL_REPRESENTATION('',(#6370),#6374);
#6370 = LINE('',#6371,#6372);
#6371 = CARTESIAN_POINT('',(1.570796326795,0.));
#6372 = VECTOR('',#6373,1.);
#6373 = DIRECTION('',(-1.,0.));
#6374 = ( GEOMETRIC_REPRESENTATION_CONTEXT(2) 
PARAMETRIC_REPRESENTATION_CONTEXT() REPRESENTATION_CONTEXT('2D SPACE',''
  ) );
#6375 = PCURVE('',#72,#6376);
#6376 = DEFINITIONAL_REPRESENTATION('',(#6377),#6385);
#6377 = ( BOUNDED_CURVE() B_SPLINE_CURVE(2,(#6378,#6379,#6380,#6381,
#6382,#6383,#6384),.UNSPECIFIED.,.T.,.F.) B_SPLINE_CURVE_WITH_KNOTS((1,2
    ,2,2,2,1),(-2.094395102393,0.,2.094395102393,4.188790204786,
6.28318530718,8.377580409573),.UNSPECIFIED.) CURVE() 
GEOMETRIC_REPRESENTATION_ITEM() RATIONAL_B_SPLINE_CURVE((1.,0.5,1.,0.5,
1.,0.5,1.)) REPRESENTATION_ITEM('') );
#6378 = CARTESIAN_POINT('',(6.4389,0.246641969012));
#6379 = CARTESIAN_POINT('',(6.4389,1.302500141306));
#6380 = CARTESIAN_POINT('',(7.3533,0.774571055159));
#6381 = CARTESIAN_POINT('',(8.2677,0.246641969012));
#6382 = CARTESIAN_POINT('',(7.3533,-0.281287117135));
#6383 = CARTESIAN_POINT('',(6.4389,-0.809216203282));
#6384 = CARTESIAN_POINT('',(6.4389,0.246641969012));
#6385 = ( GEOMETRIC_REPRESENTATION_CONTEXT(2) 
PARAMETRIC_REPRESENTATION_CONTEXT() REPRESENTATION_CONTEXT('2D SPACE',''
  ) );
#6386 = ORIENTED_EDGE('',*,*,#6387,.T.);
#6387 = EDGE_CURVE('',#6360,#4715,#6388,.T.);
#6388 = SURFACE_CURVE('',#6389,(#6393,#6400),.PCURVE_S1.);
#6389 = LINE('',#6390,#6391);
#6390 = CARTESIAN_POINT('',(0.247100869296,-6.438289884482,
    -12.61129040409));
#6391 = VECTOR('',#6392,1.);
#6392 = DIRECTION('',(-1.296752066396E-05,1.414950665963E-05,
    0.999999999816));
#6393 = PCURVE('',#4763,#6394);
#6394 = DEFINITIONAL_REPRESENTATION('',(#6395),#6399);
#6395 = LINE('',#6396,#6397);
#6396 = CARTESIAN_POINT('',(1.570796326795,0.));
#6397 = VECTOR('',#6398,1.);
#6398 = DIRECTION('',(0.,1.));
#6399 = ( GEOMETRIC_REPRESENTATION_CONTEXT(2) 
PARAMETRIC_REPRESENTATION_CONTEXT() REPRESENTATION_CONTEXT('2D SPACE',''
  ) );
#6400 = PCURVE('',#4730,#6401);
#6401 = DEFINITIONAL_REPRESENTATION('',(#6402),#6406);
#6402 = LINE('',#6403,#6404);
#6403 = CARTESIAN_POINT('',(-0.493283938024,1.425556450229E-17));
#6404 = VECTOR('',#6405,1.);
#6405 = DIRECTION('',(0.,1.));
#6406 = ( GEOMETRIC_REPRESENTATION_CONTEXT(2) 
PARAMETRIC_REPRESENTATION_CONTEXT() REPRESENTATION_CONTEXT('2D SPACE',''
  ) );
#6407 = ADVANCED_FACE('',(#6408),#4730,.F.);
#6408 = FACE_BOUND('',#6409,.T.);
#6409 = EDGE_LOOP('',(#6410,#6433,#6454,#6455));
#6410 = ORIENTED_EDGE('',*,*,#6411,.F.);
#6411 = EDGE_CURVE('',#6412,#4682,#6414,.T.);
#6412 = VERTEX_POINT('',#6413);
#6413 = CARTESIAN_POINT('',(-0.246183057204,-6.438183452445,
    -12.61129680226));
#6414 = SURFACE_CURVE('',#6415,(#6419,#6426),.PCURVE_S1.);
#6415 = LINE('',#6416,#6417);
#6416 = CARTESIAN_POINT('',(-0.246183057204,-6.438183452445,
    -12.61129680226));
#6417 = VECTOR('',#6418,1.);
#6418 = DIRECTION('',(-1.296752066396E-05,1.414950665963E-05,
    0.999999999816));
#6419 = PCURVE('',#4730,#6420);
#6420 = DEFINITIONAL_REPRESENTATION('',(#6421),#6425);
#6421 = LINE('',#6422,#6423);
#6422 = CARTESIAN_POINT('',(0.,0.));
#6423 = VECTOR('',#6424,1.);
#6424 = DIRECTION('',(0.,1.));
#6425 = ( GEOMETRIC_REPRESENTATION_CONTEXT(2) 
PARAMETRIC_REPRESENTATION_CONTEXT() REPRESENTATION_CONTEXT('2D SPACE',''
  ) );
#6426 = PCURVE('',#4702,#6427);
#6427 = DEFINITIONAL_REPRESENTATION('',(#6428),#6432);
#6428 = LINE('',#6429,#6430);
#6429 = CARTESIAN_POINT('',(1.570796326795,0.));
#6430 = VECTOR('',#6431,1.);
#6431 = DIRECTION('',(0.,1.));
#6432 = ( GEOMETRIC_REPRESENTATION_CONTEXT(2) 
PARAMETRIC_REPRESENTATION_CONTEXT() REPRESENTATION_CONTEXT('2D SPACE',''
  ) );
#6433 = ORIENTED_EDGE('',*,*,#6434,.T.);
#6434 = EDGE_CURVE('',#6412,#6360,#6435,.T.);
#6435 = SURFACE_CURVE('',#6436,(#6440,#6447),.PCURVE_S1.);
#6436 = LINE('',#6437,#6438);
#6437 = CARTESIAN_POINT('',(-0.246183057204,-6.438183452445,
    -12.61129680226));
#6438 = VECTOR('',#6439,1.);
#6439 = DIRECTION('',(0.999999976639,-2.157622180403E-04,
    1.297057329236E-05));
#6440 = PCURVE('',#4730,#6441);
#6441 = DEFINITIONAL_REPRESENTATION('',(#6442),#6446);
#6442 = LINE('',#6443,#6444);
#6443 = CARTESIAN_POINT('',(0.,0.));
#6444 = VECTOR('',#6445,1.);
#6445 = DIRECTION('',(-1.,0.));
#6446 = ( GEOMETRIC_REPRESENTATION_CONTEXT(2) 
PARAMETRIC_REPRESENTATION_CONTEXT() REPRESENTATION_CONTEXT('2D SPACE',''
  ) );
#6447 = PCURVE('',#72,#6448);
#6448 = DEFINITIONAL_REPRESENTATION('',(#6449),#6453);
#6449 = LINE('',#6450,#6451);
#6450 = CARTESIAN_POINT('',(6.4389,-0.246641969012));
#6451 = VECTOR('',#6452,1.);
#6452 = DIRECTION('',(3.459928481247E-20,1.));
#6453 = ( GEOMETRIC_REPRESENTATION_CONTEXT(2) 
PARAMETRIC_REPRESENTATION_CONTEXT() REPRESENTATION_CONTEXT('2D SPACE',''
  ) );
#6454 = ORIENTED_EDGE('',*,*,#6387,.T.);
#6455 = ORIENTED_EDGE('',*,*,#4714,.F.);
#6456 = ADVANCED_FACE('',(#6457),#4702,.F.);
#6457 = FACE_BOUND('',#6458,.F.);
#6458 = EDGE_LOOP('',(#6459,#6460,#6461,#6489));
#6459 = ORIENTED_EDGE('',*,*,#4681,.T.);
#6460 = ORIENTED_EDGE('',*,*,#6411,.F.);
#6461 = ORIENTED_EDGE('',*,*,#6462,.F.);
#6462 = EDGE_CURVE('',#6463,#6412,#6465,.T.);
#6463 = VERTEX_POINT('',#6464);
#6464 = CARTESIAN_POINT('',(-0.798744213579,-6.790036146421,
    -12.61129898907));
#6465 = SURFACE_CURVE('',#6466,(#6471,#6478),.PCURVE_S1.);
#6466 = CIRCLE('',#6467,0.6096);
#6467 = AXIS2_PLACEMENT_3D('',#6468,#6469,#6470);
#6468 = CARTESIAN_POINT('',(-0.246314585964,-7.047783438195,
    -12.61128817843));
#6469 = DIRECTION('',(1.296752066396E-05,-1.414950665963E-05,
    -0.999999999816));
#6470 = DIRECTION('',(-0.906216580733,0.42281379884,-1.773398890242E-05)
  );
#6471 = PCURVE('',#4702,#6472);
#6472 = DEFINITIONAL_REPRESENTATION('',(#6473),#6477);
#6473 = LINE('',#6474,#6475);
#6474 = CARTESIAN_POINT('',(2.705260340591,0.));
#6475 = VECTOR('',#6476,1.);
#6476 = DIRECTION('',(-1.,0.));
#6477 = ( GEOMETRIC_REPRESENTATION_CONTEXT(2) 
PARAMETRIC_REPRESENTATION_CONTEXT() REPRESENTATION_CONTEXT('2D SPACE',''
  ) );
#6478 = PCURVE('',#72,#6479);
#6479 = DEFINITIONAL_REPRESENTATION('',(#6480),#6488);
#6480 = ( BOUNDED_CURVE() B_SPLINE_CURVE(2,(#6481,#6482,#6483,#6484,
#6485,#6486,#6487),.UNSPECIFIED.,.T.,.F.) B_SPLINE_CURVE_WITH_KNOTS((1,2
    ,2,2,2,1),(-2.094395102393,0.,2.094395102393,4.188790204786,
6.28318530718,8.377580409573),.UNSPECIFIED.) CURVE() 
GEOMETRIC_REPRESENTATION_ITEM() RATIONAL_B_SPLINE_CURVE((1.,0.5,1.,0.5,
1.,0.5,1.)) REPRESENTATION_ITEM('') );
#6481 = CARTESIAN_POINT('',(6.790871907643,-0.79912719599));
#6482 = CARTESIAN_POINT('',(5.833939424087,-0.35290225057));
#6483 = CARTESIAN_POINT('',(6.6988478044,0.252713117187));
#6484 = CARTESIAN_POINT('',(7.563756184714,0.858328484943));
#6485 = CARTESIAN_POINT('',(7.655780287957,-0.193511828233));
#6486 = CARTESIAN_POINT('',(7.747804391199,-1.245352141409));
#6487 = CARTESIAN_POINT('',(6.790871907643,-0.79912719599));
#6488 = ( GEOMETRIC_REPRESENTATION_CONTEXT(2) 
PARAMETRIC_REPRESENTATION_CONTEXT() REPRESENTATION_CONTEXT('2D SPACE',''
  ) );
#6489 = ORIENTED_EDGE('',*,*,#6490,.T.);
#6490 = EDGE_CURVE('',#6463,#4654,#6491,.T.);
#6491 = SURFACE_CURVE('',#6492,(#6496,#6503),.PCURVE_S1.);
#6492 = LINE('',#6493,#6494);
#6493 = CARTESIAN_POINT('',(-0.798744213579,-6.790036146421,
    -12.61129898907));
#6494 = VECTOR('',#6495,1.);
#6495 = DIRECTION('',(-1.296752066396E-05,1.414950665963E-05,
    0.999999999816));
#6496 = PCURVE('',#4702,#6497);
#6497 = DEFINITIONAL_REPRESENTATION('',(#6498),#6502);
#6498 = LINE('',#6499,#6500);
#6499 = CARTESIAN_POINT('',(2.70526034059,0.));
#6500 = VECTOR('',#6501,1.);
#6501 = DIRECTION('',(0.,1.));
#6502 = ( GEOMETRIC_REPRESENTATION_CONTEXT(2) 
PARAMETRIC_REPRESENTATION_CONTEXT() REPRESENTATION_CONTEXT('2D SPACE',''
  ) );
#6503 = PCURVE('',#4669,#6504);
#6504 = DEFINITIONAL_REPRESENTATION('',(#6505),#6509);
#6505 = LINE('',#6506,#6507);
#6506 = CARTESIAN_POINT('',(1.159735488524E-15,0.5688038757));
#6507 = VECTOR('',#6508,1.);
#6508 = DIRECTION('',(1.,8.470329472543E-22));
#6509 = ( GEOMETRIC_REPRESENTATION_CONTEXT(2) 
PARAMETRIC_REPRESENTATION_CONTEXT() REPRESENTATION_CONTEXT('2D SPACE',''
  ) );
#6510 = ADVANCED_FACE('',(#6511),#4669,.F.);
#6511 = FACE_BOUND('',#6512,.T.);
#6512 = EDGE_LOOP('',(#6513,#6536,#6557,#6558));
#6513 = ORIENTED_EDGE('',*,*,#6514,.F.);
#6514 = EDGE_CURVE('',#6515,#4621,#6517,.T.);
#6515 = VERTEX_POINT('',#6516);
#6516 = CARTESIAN_POINT('',(-1.039242341157,-7.305495649801,
    -12.61129481423));
#6517 = SURFACE_CURVE('',#6518,(#6522,#6529),.PCURVE_S1.);
#6518 = LINE('',#6519,#6520);
#6519 = CARTESIAN_POINT('',(-1.039242341157,-7.305495649801,
    -12.61129481423));
#6520 = VECTOR('',#6521,1.);
#6521 = DIRECTION('',(-1.296752066396E-05,1.414950665963E-05,
    0.999999999816));
#6522 = PCURVE('',#4669,#6523);
#6523 = DEFINITIONAL_REPRESENTATION('',(#6524),#6528);
#6524 = LINE('',#6525,#6526);
#6525 = CARTESIAN_POINT('',(0.,0.));
#6526 = VECTOR('',#6527,1.);
#6527 = DIRECTION('',(1.,8.470329472543E-22));
#6528 = ( GEOMETRIC_REPRESENTATION_CONTEXT(2) 
PARAMETRIC_REPRESENTATION_CONTEXT() REPRESENTATION_CONTEXT('2D SPACE',''
  ) );
#6529 = PCURVE('',#4641,#6530);
#6530 = DEFINITIONAL_REPRESENTATION('',(#6531),#6535);
#6531 = LINE('',#6532,#6533);
#6532 = CARTESIAN_POINT('',(5.846852994184,0.));
#6533 = VECTOR('',#6534,1.);
#6534 = DIRECTION('',(0.,1.));
#6535 = ( GEOMETRIC_REPRESENTATION_CONTEXT(2) 
PARAMETRIC_REPRESENTATION_CONTEXT() REPRESENTATION_CONTEXT('2D SPACE',''
  ) );
#6536 = ORIENTED_EDGE('',*,*,#6537,.T.);
#6537 = EDGE_CURVE('',#6515,#6463,#6538,.T.);
#6538 = SURFACE_CURVE('',#6539,(#6543,#6550),.PCURVE_S1.);
#6539 = LINE('',#6540,#6541);
#6540 = CARTESIAN_POINT('',(-1.039242341157,-7.305495649801,
    -12.61129481423));
#6541 = VECTOR('',#6542,1.);
#6542 = DIRECTION('',(0.422813799013,0.906216580797,-7.339670870689E-06)
  );
#6543 = PCURVE('',#4669,#6544);
#6544 = DEFINITIONAL_REPRESENTATION('',(#6545),#6549);
#6545 = LINE('',#6546,#6547);
#6546 = CARTESIAN_POINT('',(0.,0.));
#6547 = VECTOR('',#6548,1.);
#6548 = DIRECTION('',(8.470329472543E-22,1.));
#6549 = ( GEOMETRIC_REPRESENTATION_CONTEXT(2) 
PARAMETRIC_REPRESENTATION_CONTEXT() REPRESENTATION_CONTEXT('2D SPACE',''
  ) );
#6550 = PCURVE('',#72,#6551);
#6551 = DEFINITIONAL_REPRESENTATION('',(#6552),#6556);
#6552 = LINE('',#6553,#6554);
#6553 = CARTESIAN_POINT('',(7.306383289485,-1.039514101209));
#6554 = VECTOR('',#6555,1.);
#6555 = DIRECTION('',(-0.906307787037,0.422618261741));
#6556 = ( GEOMETRIC_REPRESENTATION_CONTEXT(2) 
PARAMETRIC_REPRESENTATION_CONTEXT() REPRESENTATION_CONTEXT('2D SPACE',''
  ) );
#6557 = ORIENTED_EDGE('',*,*,#6490,.T.);
#6558 = ORIENTED_EDGE('',*,*,#4653,.F.);
#6559 = ADVANCED_FACE('',(#6560),#4641,.T.);
#6560 = FACE_BOUND('',#6561,.T.);
#6561 = EDGE_LOOP('',(#6562,#6585,#6611,#6612));
#6562 = ORIENTED_EDGE('',*,*,#6563,.F.);
#6563 = EDGE_CURVE('',#6564,#4592,#6566,.T.);
#6564 = VERTEX_POINT('',#6565);
#6565 = CARTESIAN_POINT('',(-1.726098975929,-7.642341950075,
    -12.61129895485));
#6566 = SURFACE_CURVE('',#6567,(#6571,#6578),.PCURVE_S1.);
#6567 = LINE('',#6568,#6569);
#6568 = CARTESIAN_POINT('',(-1.726098975929,-7.642341950075,
    -12.61129895485));
#6569 = VECTOR('',#6570,1.);
#6570 = DIRECTION('',(-1.296752066396E-05,1.414950665963E-05,
    0.999999999816));
#6571 = PCURVE('',#4641,#6572);
#6572 = DEFINITIONAL_REPRESENTATION('',(#6573),#6577);
#6573 = LINE('',#6574,#6575);
#6574 = CARTESIAN_POINT('',(4.490260518313,0.));
#6575 = VECTOR('',#6576,1.);
#6576 = DIRECTION('',(0.,1.));
#6577 = ( GEOMETRIC_REPRESENTATION_CONTEXT(2) 
PARAMETRIC_REPRESENTATION_CONTEXT() REPRESENTATION_CONTEXT('2D SPACE',''
  ) );
#6578 = PCURVE('',#4608,#6579);
#6579 = DEFINITIONAL_REPRESENTATION('',(#6580),#6584);
#6580 = LINE('',#6581,#6582);
#6581 = CARTESIAN_POINT('',(1.792924788866,-1.6891));
#6582 = VECTOR('',#6583,1.);
#6583 = DIRECTION('',(0.,-1.));
#6584 = ( GEOMETRIC_REPRESENTATION_CONTEXT(2) 
PARAMETRIC_REPRESENTATION_CONTEXT() REPRESENTATION_CONTEXT('2D SPACE',''
  ) );
#6585 = ORIENTED_EDGE('',*,*,#6586,.F.);
#6586 = EDGE_CURVE('',#6515,#6564,#6587,.T.);
#6587 = SURFACE_CURVE('',#6588,(#6593,#6600),.PCURVE_S1.);
#6588 = CIRCLE('',#6589,0.6096);
#6589 = AXIS2_PLACEMENT_3D('',#6590,#6591,#6592);
#6590 = CARTESIAN_POINT('',(-1.591671968771,-7.047748358031,
    -12.61130562487));
#6591 = DIRECTION('',(1.296752066396E-05,-1.414950665963E-05,
    -0.999999999816));
#6592 = DIRECTION('',(0.906216580733,-0.42281379884,1.773398890242E-05)
  );
#6593 = PCURVE('',#4641,#6594);
#6594 = DEFINITIONAL_REPRESENTATION('',(#6595),#6599);
#6595 = LINE('',#6596,#6597);
#6596 = CARTESIAN_POINT('',(5.846852994181,0.));
#6597 = VECTOR('',#6598,1.);
#6598 = DIRECTION('',(-1.,0.));
#6599 = ( GEOMETRIC_REPRESENTATION_CONTEXT(2) 
PARAMETRIC_REPRESENTATION_CONTEXT() REPRESENTATION_CONTEXT('2D SPACE',''
  ) );
#6600 = PCURVE('',#72,#6601);
#6601 = DEFINITIONAL_REPRESENTATION('',(#6602),#6610);
#6602 = ( BOUNDED_CURVE() B_SPLINE_CURVE(2,(#6603,#6604,#6605,#6606,
#6607,#6608,#6609),.UNSPECIFIED.,.T.,.F.) B_SPLINE_CURVE_WITH_KNOTS((1,2
    ,2,2,2,1),(-2.094395102393,0.,2.094395102393,4.188790204786,
6.28318530718,8.377580409573),.UNSPECIFIED.) CURVE() 
GEOMETRIC_REPRESENTATION_ITEM() RATIONAL_B_SPLINE_CURVE((1.,0.5,1.,0.5,
1.,0.5,1.)) REPRESENTATION_ITEM('') );
#6603 = CARTESIAN_POINT('',(7.306383289487,-1.039514101208));
#6604 = CARTESIAN_POINT('',(8.263315773043,-1.485739046628));
#6605 = CARTESIAN_POINT('',(7.39840739273,-2.091354414385));
#6606 = CARTESIAN_POINT('',(6.533499012416,-2.696969782141));
#6607 = CARTESIAN_POINT('',(6.441474909173,-1.645129468965));
#6608 = CARTESIAN_POINT('',(6.349450805931,-0.593289155789));
#6609 = CARTESIAN_POINT('',(7.306383289487,-1.039514101208));
#6610 = ( GEOMETRIC_REPRESENTATION_CONTEXT(2) 
PARAMETRIC_REPRESENTATION_CONTEXT() REPRESENTATION_CONTEXT('2D SPACE',''
  ) );
#6611 = ORIENTED_EDGE('',*,*,#6514,.T.);
#6612 = ORIENTED_EDGE('',*,*,#4620,.T.);
#6613 = ADVANCED_FACE('',(#6614),#4608,.T.);
#6614 = FACE_BOUND('',#6615,.T.);
#6615 = EDGE_LOOP('',(#6616,#6639,#6661,#6662));
#6616 = ORIENTED_EDGE('',*,*,#6617,.F.);
#6617 = EDGE_CURVE('',#6618,#4559,#6620,.T.);
#6618 = VERTEX_POINT('',#6619);
#6619 = CARTESIAN_POINT('',(-3.095765158673,-7.19698368578,
    -12.61132301763));
#6620 = SURFACE_CURVE('',#6621,(#6625,#6632),.PCURVE_S1.);
#6621 = LINE('',#6622,#6623);
#6622 = CARTESIAN_POINT('',(-3.095765158673,-7.19698368578,
    -12.61132301763));
#6623 = VECTOR('',#6624,1.);
#6624 = DIRECTION('',(-1.296752066396E-05,1.414950665963E-05,
    0.999999999816));
#6625 = PCURVE('',#4608,#6626);
#6626 = DEFINITIONAL_REPRESENTATION('',(#6627),#6631);
#6627 = LINE('',#6628,#6629);
#6628 = CARTESIAN_POINT('',(1.976986395441,-1.6891));
#6629 = VECTOR('',#6630,1.);
#6630 = DIRECTION('',(0.,-1.));
#6631 = ( GEOMETRIC_REPRESENTATION_CONTEXT(2) 
PARAMETRIC_REPRESENTATION_CONTEXT() REPRESENTATION_CONTEXT('2D SPACE',''
  ) );
#6632 = PCURVE('',#4579,#6633);
#6633 = DEFINITIONAL_REPRESENTATION('',(#6634),#6638);
#6634 = LINE('',#6635,#6636);
#6635 = CARTESIAN_POINT('',(4.934517442454,0.));
#6636 = VECTOR('',#6637,1.);
#6637 = DIRECTION('',(0.,1.));
#6638 = ( GEOMETRIC_REPRESENTATION_CONTEXT(2) 
PARAMETRIC_REPRESENTATION_CONTEXT() REPRESENTATION_CONTEXT('2D SPACE',''
  ) );
#6639 = ORIENTED_EDGE('',*,*,#6640,.T.);
#6640 = EDGE_CURVE('',#6618,#6564,#6641,.T.);
#6641 = SURFACE_CURVE('',#6642,(#6647,#6654),.PCURVE_S1.);
#6642 = CIRCLE('',#6643,7.8359);
#6643 = AXIS2_PLACEMENT_3D('',#6644,#6645,#6646);
#6644 = CARTESIAN_POINT('',(1.84817857334E-03,6.631810159544E-04,
    -12.61138469241));
#6645 = DIRECTION('',(-1.296752066396E-05,1.414950665963E-05,
    0.999999999816));
#6646 = DIRECTION('',(-0.395310473238,-0.918547565282,7.870798163203E-06
    ));
#6647 = PCURVE('',#4608,#6648);
#6648 = DEFINITIONAL_REPRESENTATION('',(#6649),#6653);
#6649 = LINE('',#6650,#6651);
#6650 = CARTESIAN_POINT('',(1.976986395441,-1.6891));
#6651 = VECTOR('',#6652,1.);
#6652 = DIRECTION('',(-1.,0.));
#6653 = ( GEOMETRIC_REPRESENTATION_CONTEXT(2) 
PARAMETRIC_REPRESENTATION_CONTEXT() REPRESENTATION_CONTEXT('2D SPACE',''
  ) );
#6654 = PCURVE('',#72,#6655);
#6655 = DEFINITIONAL_REPRESENTATION('',(#6656),#6660);
#6656 = CIRCLE('',#6657,7.8359);
#6657 = AXIS2_PLACEMENT_2D('',#6658,#6659);
#6658 = CARTESIAN_POINT('',(0.,0.));
#6659 = DIRECTION('',(0.918632837058,-0.395112276041));
#6660 = ( GEOMETRIC_REPRESENTATION_CONTEXT(2) 
PARAMETRIC_REPRESENTATION_CONTEXT() REPRESENTATION_CONTEXT('2D SPACE',''
  ) );
#6661 = ORIENTED_EDGE('',*,*,#6563,.T.);
#6662 = ORIENTED_EDGE('',*,*,#4591,.F.);
#6663 = ADVANCED_FACE('',(#6664),#4579,.T.);
#6664 = FACE_BOUND('',#6665,.T.);
#6665 = EDGE_LOOP('',(#6666,#6689,#6715,#6716));
#6666 = ORIENTED_EDGE('',*,*,#6667,.F.);
#6667 = EDGE_CURVE('',#6668,#4531,#6670,.T.);
#6668 = VERTEX_POINT('',#6669);
#6669 = CARTESIAN_POINT('',(-3.453158714366,-6.520590817026,
    -12.61133722276));
#6670 = SURFACE_CURVE('',#6671,(#6675,#6682),.PCURVE_S1.);
#6671 = LINE('',#6672,#6673);
#6672 = CARTESIAN_POINT('',(-3.453158714366,-6.520590817026,
    -12.61133722276));
#6673 = VECTOR('',#6674,1.);
#6674 = DIRECTION('',(-1.296752066396E-05,1.414950665963E-05,
    0.999999999816));
#6675 = PCURVE('',#4579,#6676);
#6676 = DEFINITIONAL_REPRESENTATION('',(#6677),#6681);
#6677 = LINE('',#6678,#6679);
#6678 = CARTESIAN_POINT('',(3.577924966586,0.));
#6679 = VECTOR('',#6680,1.);
#6680 = DIRECTION('',(0.,1.));
#6681 = ( GEOMETRIC_REPRESENTATION_CONTEXT(2) 
PARAMETRIC_REPRESENTATION_CONTEXT() REPRESENTATION_CONTEXT('2D SPACE',''
  ) );
#6682 = PCURVE('',#4546,#6683);
#6683 = DEFINITIONAL_REPRESENTATION('',(#6684),#6688);
#6684 = LINE('',#6685,#6686);
#6685 = CARTESIAN_POINT('',(-0.568803875699,1.163138019873E-15));
#6686 = VECTOR('',#6687,1.);
#6687 = DIRECTION('',(1.694065894509E-21,1.));
#6688 = ( GEOMETRIC_REPRESENTATION_CONTEXT(2) 
PARAMETRIC_REPRESENTATION_CONTEXT() REPRESENTATION_CONTEXT('2D SPACE',''
  ) );
#6689 = ORIENTED_EDGE('',*,*,#6690,.F.);
#6690 = EDGE_CURVE('',#6618,#6668,#6691,.T.);
#6691 = SURFACE_CURVE('',#6692,(#6697,#6704),.PCURVE_S1.);
#6692 = CIRCLE('',#6693,0.6096);
#6693 = AXIS2_PLACEMENT_3D('',#6694,#6695,#6696);
#6694 = CARTESIAN_POINT('',(-2.854783894187,-6.637037089986,
    -12.61132781567));
#6695 = DIRECTION('',(1.296752066396E-05,-1.414950665963E-05,
    -0.999999999816));
#6696 = DIRECTION('',(-0.395310473239,-0.918547565282,7.870798163187E-06
    ));
#6697 = PCURVE('',#4579,#6698);
#6698 = DEFINITIONAL_REPRESENTATION('',(#6699),#6703);
#6699 = LINE('',#6700,#6701);
#6700 = CARTESIAN_POINT('',(4.934517442456,0.));
#6701 = VECTOR('',#6702,1.);
#6702 = DIRECTION('',(-1.,0.));
#6703 = ( GEOMETRIC_REPRESENTATION_CONTEXT(2) 
PARAMETRIC_REPRESENTATION_CONTEXT() REPRESENTATION_CONTEXT('2D SPACE',''
  ) );
#6704 = PCURVE('',#72,#6705);
#6705 = DEFINITIONAL_REPRESENTATION('',(#6706),#6714);
#6706 = ( BOUNDED_CURVE() B_SPLINE_CURVE(2,(#6707,#6708,#6709,#6710,
#6711,#6712,#6713),.UNSPECIFIED.,.T.,.F.) B_SPLINE_CURVE_WITH_KNOTS((1,2
    ,2,2,2,1),(-2.094395102393,0.,2.094395102393,4.188790204786,
6.28318530718,8.377580409573),.UNSPECIFIED.) CURVE() 
GEOMETRIC_REPRESENTATION_ITEM() RATIONAL_B_SPLINE_CURVE((1.,0.5,1.,0.5,
1.,0.5,1.)) REPRESENTATION_ITEM('') );
#6707 = CARTESIAN_POINT('',(7.198315047905,-3.096060283831));
#6708 = CARTESIAN_POINT('',(6.781132522273,-4.066006272176));
#6709 = CARTESIAN_POINT('',(6.149725918883,-3.219742612791));
#6710 = CARTESIAN_POINT('',(5.518319315494,-2.373478953406));
#6711 = CARTESIAN_POINT('',(6.566908444516,-2.249796624446));
#6712 = CARTESIAN_POINT('',(7.615497573538,-2.126114295486));
#6713 = CARTESIAN_POINT('',(7.198315047905,-3.096060283831));
#6714 = ( GEOMETRIC_REPRESENTATION_CONTEXT(2) 
PARAMETRIC_REPRESENTATION_CONTEXT() REPRESENTATION_CONTEXT('2D SPACE',''
  ) );
#6715 = ORIENTED_EDGE('',*,*,#6617,.T.);
#6716 = ORIENTED_EDGE('',*,*,#4558,.T.);
#6717 = ADVANCED_FACE('',(#6718),#4546,.F.);
#6718 = FACE_BOUND('',#6719,.T.);
#6719 = EDGE_LOOP('',(#6720,#6743,#6764,#6765));
#6720 = ORIENTED_EDGE('',*,*,#6721,.F.);
#6721 = EDGE_CURVE('',#6722,#4498,#6724,.T.);
#6722 = VERTEX_POINT('',#6723);
#6723 = CARTESIAN_POINT('',(-3.344505349154,-5.962260900941,
    -12.61134371389));
#6724 = SURFACE_CURVE('',#6725,(#6729,#6736),.PCURVE_S1.);
#6725 = LINE('',#6726,#6727);
#6726 = CARTESIAN_POINT('',(-3.344505349154,-5.962260900941,
    -12.61134371389));
#6727 = VECTOR('',#6728,1.);
#6728 = DIRECTION('',(-1.296752066396E-05,1.414950665963E-05,
    0.999999999816));
#6729 = PCURVE('',#4546,#6730);
#6730 = DEFINITIONAL_REPRESENTATION('',(#6731),#6735);
#6731 = LINE('',#6732,#6733);
#6732 = CARTESIAN_POINT('',(0.,0.));
#6733 = VECTOR('',#6734,1.);
#6734 = DIRECTION('',(1.694065894509E-21,1.));
#6735 = ( GEOMETRIC_REPRESENTATION_CONTEXT(2) 
PARAMETRIC_REPRESENTATION_CONTEXT() REPRESENTATION_CONTEXT('2D SPACE',''
  ) );
#6736 = PCURVE('',#4518,#6737);
#6737 = DEFINITIONAL_REPRESENTATION('',(#6738),#6742);
#6738 = LINE('',#6739,#6740);
#6739 = CARTESIAN_POINT('',(0.436332312997,0.));
#6740 = VECTOR('',#6741,1.);
#6741 = DIRECTION('',(0.,1.));
#6742 = ( GEOMETRIC_REPRESENTATION_CONTEXT(2) 
PARAMETRIC_REPRESENTATION_CONTEXT() REPRESENTATION_CONTEXT('2D SPACE',''
  ) );
#6743 = ORIENTED_EDGE('',*,*,#6744,.T.);
#6744 = EDGE_CURVE('',#6722,#6668,#6745,.T.);
#6745 = SURFACE_CURVE('',#6746,(#6750,#6757),.PCURVE_S1.);
#6746 = LINE('',#6747,#6748);
#6747 = CARTESIAN_POINT('',(-3.344505349154,-5.962260900941,
    -12.61134371389));
#6748 = VECTOR('',#6749,1.);
#6749 = DIRECTION('',(-0.191020789157,-0.981585991128,1.141189148993E-05
    ));
#6750 = PCURVE('',#4546,#6751);
#6751 = DEFINITIONAL_REPRESENTATION('',(#6752),#6756);
#6752 = LINE('',#6753,#6754);
#6753 = CARTESIAN_POINT('',(0.,0.));
#6754 = VECTOR('',#6755,1.);
#6755 = DIRECTION('',(-1.,-1.694065894509E-21));
#6756 = ( GEOMETRIC_REPRESENTATION_CONTEXT(2) 
PARAMETRIC_REPRESENTATION_CONTEXT() REPRESENTATION_CONTEXT('2D SPACE',''
  ) );
#6757 = PCURVE('',#72,#6758);
#6758 = DEFINITIONAL_REPRESENTATION('',(#6759),#6763);
#6759 = LINE('',#6760,#6761);
#6760 = CARTESIAN_POINT('',(5.963645960416,-3.345066875296));
#6761 = VECTOR('',#6762,1.);
#6762 = DIRECTION('',(0.981627183448,-0.190808995376));
#6763 = ( GEOMETRIC_REPRESENTATION_CONTEXT(2) 
PARAMETRIC_REPRESENTATION_CONTEXT() REPRESENTATION_CONTEXT('2D SPACE',''
  ) );
#6764 = ORIENTED_EDGE('',*,*,#6667,.T.);
#6765 = ORIENTED_EDGE('',*,*,#4530,.F.);
#6766 = ADVANCED_FACE('',(#6767),#4518,.F.);
#6767 = FACE_BOUND('',#6768,.F.);
#6768 = EDGE_LOOP('',(#6769,#6770,#6771,#6799));
#6769 = ORIENTED_EDGE('',*,*,#4497,.T.);
#6770 = ORIENTED_EDGE('',*,*,#6721,.F.);
#6771 = ORIENTED_EDGE('',*,*,#6772,.F.);
#6772 = EDGE_CURVE('',#6773,#6722,#6775,.T.);
#6773 = VERTEX_POINT('',#6774);
#6774 = CARTESIAN_POINT('',(-3.584459878906,-5.352715190338,
    -12.61135545028));
#6775 = SURFACE_CURVE('',#6776,(#6781,#6788),.PCURVE_S1.);
#6776 = CIRCLE('',#6777,0.6096);
#6777 = AXIS2_PLACEMENT_3D('',#6778,#6779,#6780);
#6778 = CARTESIAN_POINT('',(-3.942880169335,-5.84581462798,
    -12.61135312098));
#6779 = DIRECTION('',(1.296752066396E-05,-1.414950665963E-05,
    -0.999999999816));
#6780 = DIRECTION('',(0.587959794011,0.808890153613,-3.821015837733E-06)
  );
#6781 = PCURVE('',#4518,#6782);
#6782 = DEFINITIONAL_REPRESENTATION('',(#6783),#6787);
#6783 = LINE('',#6784,#6785);
#6784 = CARTESIAN_POINT('',(1.570796326795,0.));
#6785 = VECTOR('',#6786,1.);
#6786 = DIRECTION('',(-1.,0.));
#6787 = ( GEOMETRIC_REPRESENTATION_CONTEXT(2) 
PARAMETRIC_REPRESENTATION_CONTEXT() REPRESENTATION_CONTEXT('2D SPACE',''
  ) );
#6788 = PCURVE('',#72,#6789);
#6789 = DEFINITIONAL_REPRESENTATION('',(#6790),#6798);
#6790 = ( BOUNDED_CURVE() B_SPLINE_CURVE(2,(#6791,#6792,#6793,#6794,
#6795,#6796,#6797),.UNSPECIFIED.,.T.,.F.) B_SPLINE_CURVE_WITH_KNOTS((1,2
    ,2,2,2,1),(-2.094395102393,0.,2.094395102393,4.188790204786,
6.28318530718,8.377580409573),.UNSPECIFIED.) CURVE() 
GEOMETRIC_REPRESENTATION_ITEM() RATIONAL_B_SPLINE_CURVE((1.,0.5,1.,0.5,
1.,0.5,1.)) REPRESENTATION_ITEM('') );
#6791 = CARTESIAN_POINT('',(5.354152037062,-3.585152916529));
#6792 = CARTESIAN_POINT('',(5.974769899249,-2.730945711494));
#6793 = CARTESIAN_POINT('',(6.404226107812,-3.695520148708));
#6794 = CARTESIAN_POINT('',(6.833682316375,-4.660094585922));
#6795 = CARTESIAN_POINT('',(5.783608245625,-4.549727353743));
#6796 = CARTESIAN_POINT('',(4.733534174875,-4.439360121565));
#6797 = CARTESIAN_POINT('',(5.354152037062,-3.585152916529));
#6798 = ( GEOMETRIC_REPRESENTATION_CONTEXT(2) 
PARAMETRIC_REPRESENTATION_CONTEXT() REPRESENTATION_CONTEXT('2D SPACE',''
  ) );
#6799 = ORIENTED_EDGE('',*,*,#6800,.T.);
#6800 = EDGE_CURVE('',#6773,#4470,#6801,.T.);
#6801 = SURFACE_CURVE('',#6802,(#6806,#6813),.PCURVE_S1.);
#6802 = LINE('',#6803,#6804);
#6803 = CARTESIAN_POINT('',(-3.584459878906,-5.352715190338,
    -12.61135545028));
#6804 = VECTOR('',#6805,1.);
#6805 = DIRECTION('',(-1.296752066396E-05,1.414950665963E-05,
    0.999999999816));
#6806 = PCURVE('',#4518,#6807);
#6807 = DEFINITIONAL_REPRESENTATION('',(#6808),#6812);
#6808 = LINE('',#6809,#6810);
#6809 = CARTESIAN_POINT('',(1.570796326796,0.));
#6810 = VECTOR('',#6811,1.);
#6811 = DIRECTION('',(0.,1.));
#6812 = ( GEOMETRIC_REPRESENTATION_CONTEXT(2) 
PARAMETRIC_REPRESENTATION_CONTEXT() REPRESENTATION_CONTEXT('2D SPACE',''
  ) );
#6813 = PCURVE('',#4485,#6814);
#6814 = DEFINITIONAL_REPRESENTATION('',(#6815),#6819);
#6815 = LINE('',#6816,#6817);
#6816 = CARTESIAN_POINT('',(-1.240203618513E-15,-0.493283938022));
#6817 = VECTOR('',#6818,1.);
#6818 = DIRECTION('',(-1.,0.));
#6819 = ( GEOMETRIC_REPRESENTATION_CONTEXT(2) 
PARAMETRIC_REPRESENTATION_CONTEXT() REPRESENTATION_CONTEXT('2D SPACE',''
  ) );
#6820 = ADVANCED_FACE('',(#6821),#4485,.F.);
#6821 = FACE_BOUND('',#6822,.T.);
#6822 = EDGE_LOOP('',(#6823,#6846,#6867,#6868));
#6823 = ORIENTED_EDGE('',*,*,#6824,.F.);
#6824 = EDGE_CURVE('',#6825,#4437,#6827,.T.);
#6825 = VERTEX_POINT('',#6826);
#6826 = CARTESIAN_POINT('',(-3.983472399261,-5.062684067828,
    -12.61136472828));
#6827 = SURFACE_CURVE('',#6828,(#6832,#6839),.PCURVE_S1.);
#6828 = LINE('',#6829,#6830);
#6829 = CARTESIAN_POINT('',(-3.983472399261,-5.062684067828,
    -12.61136472828));
#6830 = VECTOR('',#6831,1.);
#6831 = DIRECTION('',(-1.296752066396E-05,1.414950665963E-05,
    0.999999999816));
#6832 = PCURVE('',#4485,#6833);
#6833 = DEFINITIONAL_REPRESENTATION('',(#6834),#6838);
#6834 = LINE('',#6835,#6836);
#6835 = CARTESIAN_POINT('',(0.,0.));
#6836 = VECTOR('',#6837,1.);
#6837 = DIRECTION('',(-1.,0.));
#6838 = ( GEOMETRIC_REPRESENTATION_CONTEXT(2) 
PARAMETRIC_REPRESENTATION_CONTEXT() REPRESENTATION_CONTEXT('2D SPACE',''
  ) );
#6839 = PCURVE('',#4457,#6840);
#6840 = DEFINITIONAL_REPRESENTATION('',(#6841),#6845);
#6841 = LINE('',#6842,#6843);
#6842 = CARTESIAN_POINT('',(1.570796326796,0.));
#6843 = VECTOR('',#6844,1.);
#6844 = DIRECTION('',(0.,1.));
#6845 = ( GEOMETRIC_REPRESENTATION_CONTEXT(2) 
PARAMETRIC_REPRESENTATION_CONTEXT() REPRESENTATION_CONTEXT('2D SPACE',''
  ) );
#6846 = ORIENTED_EDGE('',*,*,#6847,.T.);
#6847 = EDGE_CURVE('',#6825,#6773,#6848,.T.);
#6848 = SURFACE_CURVE('',#6849,(#6853,#6860),.PCURVE_S1.);
#6849 = LINE('',#6850,#6851);
#6850 = CARTESIAN_POINT('',(-3.983472399261,-5.062684067828,
    -12.61136472828));
#6851 = VECTOR('',#6852,1.);
#6852 = DIRECTION('',(0.808890153518,-0.587959793853,1.880864080281E-05)
  );
#6853 = PCURVE('',#4485,#6854);
#6854 = DEFINITIONAL_REPRESENTATION('',(#6855),#6859);
#6855 = LINE('',#6856,#6857);
#6856 = CARTESIAN_POINT('',(0.,0.));
#6857 = VECTOR('',#6858,1.);
#6858 = DIRECTION('',(0.,-1.));
#6859 = ( GEOMETRIC_REPRESENTATION_CONTEXT(2) 
PARAMETRIC_REPRESENTATION_CONTEXT() REPRESENTATION_CONTEXT('2D SPACE',''
  ) );
#6860 = PCURVE('',#72,#6861);
#6861 = DEFINITIONAL_REPRESENTATION('',(#6862),#6866);
#6862 = LINE('',#6863,#6864);
#6863 = CARTESIAN_POINT('',(5.0642070131,-3.984228005442));
#6864 = VECTOR('',#6865,1.);
#6865 = DIRECTION('',(0.587785252293,0.809016994375));
#6866 = ( GEOMETRIC_REPRESENTATION_CONTEXT(2) 
PARAMETRIC_REPRESENTATION_CONTEXT() REPRESENTATION_CONTEXT('2D SPACE',''
  ) );
#6867 = ORIENTED_EDGE('',*,*,#6800,.T.);
#6868 = ORIENTED_EDGE('',*,*,#4469,.F.);
#6869 = ADVANCED_FACE('',(#6870),#4457,.F.);
#6870 = FACE_BOUND('',#6871,.F.);
#6871 = EDGE_LOOP('',(#6872,#6873,#6874,#6902));
#6872 = ORIENTED_EDGE('',*,*,#4436,.T.);
#6873 = ORIENTED_EDGE('',*,*,#6824,.F.);
#6874 = ORIENTED_EDGE('',*,*,#6875,.F.);
#6875 = EDGE_CURVE('',#6876,#6825,#6878,.T.);
#6876 = VERTEX_POINT('',#6877);
#6877 = CARTESIAN_POINT('',(-4.637317589642,-5.022551578106,
    -12.61137377488));
#6878 = SURFACE_CURVE('',#6879,(#6884,#6891),.PCURVE_S1.);
#6879 = CIRCLE('',#6880,0.6096);
#6880 = AXIS2_PLACEMENT_3D('',#6881,#6882,#6883);
#6881 = CARTESIAN_POINT('',(-4.34189268969,-5.55578350547,
    -12.61136239898));
#6882 = DIRECTION('',(1.296752066396E-05,-1.414950665963E-05,
    -0.999999999816));
#6883 = DIRECTION('',(-0.484620898872,0.874724290293,-1.866124869459E-05
    ));
#6884 = PCURVE('',#4457,#6885);
#6885 = DEFINITIONAL_REPRESENTATION('',(#6886),#6890);
#6886 = LINE('',#6887,#6888);
#6887 = CARTESIAN_POINT('',(2.705260340591,0.));
#6888 = VECTOR('',#6889,1.);
#6889 = DIRECTION('',(-1.,0.));
#6890 = ( GEOMETRIC_REPRESENTATION_CONTEXT(2) 
PARAMETRIC_REPRESENTATION_CONTEXT() REPRESENTATION_CONTEXT('2D SPACE',''
  ) );
#6891 = PCURVE('',#72,#6892);
#6892 = DEFINITIONAL_REPRESENTATION('',(#6893),#6901);
#6893 = ( BOUNDED_CURVE() B_SPLINE_CURVE(2,(#6894,#6895,#6896,#6897,
#6898,#6899,#6900),.UNSPECIFIED.,.T.,.F.) B_SPLINE_CURVE_WITH_KNOTS((1,2
    ,2,2,2,1),(-2.094395102393,0.,2.094395102393,4.188790204786,
6.28318530718,8.377580409573),.UNSPECIFIED.) CURVE() 
GEOMETRIC_REPRESENTATION_ITEM() RATIONAL_B_SPLINE_CURVE((1.,0.5,1.,0.5,
1.,0.5,1.)) REPRESENTATION_ITEM('') );
#6894 = CARTESIAN_POINT('',(5.024215599399,-4.638081839741));
#6895 = CARTESIAN_POINT('',(4.512325399855,-3.714607474309));
#6896 = CARTESIAN_POINT('',(5.568022759835,-3.733034740272));
#6897 = CARTESIAN_POINT('',(6.623720119815,-3.751462006235));
#6898 = CARTESIAN_POINT('',(6.079912959379,-4.656509105704));
#6899 = CARTESIAN_POINT('',(5.536105798943,-5.561556205174));
#6900 = CARTESIAN_POINT('',(5.024215599399,-4.638081839741));
#6901 = ( GEOMETRIC_REPRESENTATION_CONTEXT(2) 
PARAMETRIC_REPRESENTATION_CONTEXT() REPRESENTATION_CONTEXT('2D SPACE',''
  ) );
#6902 = ORIENTED_EDGE('',*,*,#6903,.T.);
#6903 = EDGE_CURVE('',#6876,#4409,#6904,.T.);
#6904 = SURFACE_CURVE('',#6905,(#6909,#6916),.PCURVE_S1.);
#6905 = LINE('',#6906,#6907);
#6906 = CARTESIAN_POINT('',(-4.637317589642,-5.022551578106,
    -12.61137377488));
#6907 = VECTOR('',#6908,1.);
#6908 = DIRECTION('',(-1.296752066396E-05,1.414950665963E-05,
    0.999999999816));
#6909 = PCURVE('',#4457,#6910);
#6910 = DEFINITIONAL_REPRESENTATION('',(#6911),#6915);
#6911 = LINE('',#6912,#6913);
#6912 = CARTESIAN_POINT('',(2.70526034059,0.));
#6913 = VECTOR('',#6914,1.);
#6914 = DIRECTION('',(0.,1.));
#6915 = ( GEOMETRIC_REPRESENTATION_CONTEXT(2) 
PARAMETRIC_REPRESENTATION_CONTEXT() REPRESENTATION_CONTEXT('2D SPACE',''
  ) );
#6916 = PCURVE('',#4424,#6917);
#6917 = DEFINITIONAL_REPRESENTATION('',(#6918),#6922);
#6918 = LINE('',#6919,#6920);
#6919 = CARTESIAN_POINT('',(-9.449215803532E-16,0.5688038757));
#6920 = VECTOR('',#6921,1.);
#6921 = DIRECTION('',(1.,0.));
#6922 = ( GEOMETRIC_REPRESENTATION_CONTEXT(2) 
PARAMETRIC_REPRESENTATION_CONTEXT() REPRESENTATION_CONTEXT('2D SPACE',''
  ) );
#6923 = ADVANCED_FACE('',(#6924),#4424,.F.);
#6924 = FACE_BOUND('',#6925,.T.);
#6925 = EDGE_LOOP('',(#6926,#6949,#6970,#6971));
#6926 = ORIENTED_EDGE('',*,*,#6927,.F.);
#6927 = EDGE_CURVE('',#6928,#4376,#6930,.T.);
#6928 = VERTEX_POINT('',#6929);
#6929 = CARTESIAN_POINT('',(-5.134864156187,-5.298205823717,
    -12.61137632646));
#6930 = SURFACE_CURVE('',#6931,(#6935,#6942),.PCURVE_S1.);
#6931 = LINE('',#6932,#6933);
#6932 = CARTESIAN_POINT('',(-5.134864156187,-5.298205823717,
    -12.61137632646));
#6933 = VECTOR('',#6934,1.);
#6934 = DIRECTION('',(-1.296752066396E-05,1.414950665963E-05,
    0.999999999816));
#6935 = PCURVE('',#4424,#6936);
#6936 = DEFINITIONAL_REPRESENTATION('',(#6937),#6941);
#6937 = LINE('',#6938,#6939);
#6938 = CARTESIAN_POINT('',(0.,0.));
#6939 = VECTOR('',#6940,1.);
#6940 = DIRECTION('',(1.,0.));
#6941 = ( GEOMETRIC_REPRESENTATION_CONTEXT(2) 
PARAMETRIC_REPRESENTATION_CONTEXT() REPRESENTATION_CONTEXT('2D SPACE',''
  ) );
#6942 = PCURVE('',#4396,#6943);
#6943 = DEFINITIONAL_REPRESENTATION('',(#6944),#6948);
#6944 = LINE('',#6945,#6946);
#6945 = CARTESIAN_POINT('',(5.846852994185,0.));
#6946 = VECTOR('',#6947,1.);
#6947 = DIRECTION('',(0.,1.));
#6948 = ( GEOMETRIC_REPRESENTATION_CONTEXT(2) 
PARAMETRIC_REPRESENTATION_CONTEXT() REPRESENTATION_CONTEXT('2D SPACE',''
  ) );
#6949 = ORIENTED_EDGE('',*,*,#6950,.T.);
#6950 = EDGE_CURVE('',#6928,#6876,#6951,.T.);
#6951 = SURFACE_CURVE('',#6952,(#6956,#6963),.PCURVE_S1.);
#6952 = LINE('',#6953,#6954);
#6953 = CARTESIAN_POINT('',(-5.134864156187,-5.298205823717,
    -12.61137632646));
#6954 = VECTOR('',#6955,1.);
#6955 = DIRECTION('',(0.874724290396,0.484620899025,4.485858673654E-06)
  );
#6956 = PCURVE('',#4424,#6957);
#6957 = DEFINITIONAL_REPRESENTATION('',(#6958),#6962);
#6958 = LINE('',#6959,#6960);
#6959 = CARTESIAN_POINT('',(0.,0.));
#6960 = VECTOR('',#6961,1.);
#6961 = DIRECTION('',(1.694065894509E-21,1.));
#6962 = ( GEOMETRIC_REPRESENTATION_CONTEXT(2) 
PARAMETRIC_REPRESENTATION_CONTEXT() REPRESENTATION_CONTEXT('2D SPACE',''
  ) );
#6963 = PCURVE('',#72,#6964);
#6964 = DEFINITIONAL_REPRESENTATION('',(#6965),#6969);
#6965 = LINE('',#6966,#6967);
#6966 = CARTESIAN_POINT('',(5.29997719037,-5.135568918925));
#6967 = VECTOR('',#6968,1.);
#6968 = DIRECTION('',(-0.484809620246,0.874619707139));
#6969 = ( GEOMETRIC_REPRESENTATION_CONTEXT(2) 
PARAMETRIC_REPRESENTATION_CONTEXT() REPRESENTATION_CONTEXT('2D SPACE',''
  ) );
#6970 = ORIENTED_EDGE('',*,*,#6903,.T.);
#6971 = ORIENTED_EDGE('',*,*,#4408,.F.);
#6972 = ADVANCED_FACE('',(#6973),#4396,.T.);
#6973 = FACE_BOUND('',#6974,.T.);
#6974 = EDGE_LOOP('',(#6975,#6998,#7024,#7025));
#6975 = ORIENTED_EDGE('',*,*,#6976,.F.);
#6976 = EDGE_CURVE('',#6977,#4347,#6979,.T.);
#6977 = VERTEX_POINT('',#6978);
#6978 = CARTESIAN_POINT('',(-5.888536133939,-5.166996004815,
    -12.61138795627));
#6979 = SURFACE_CURVE('',#6980,(#6984,#6991),.PCURVE_S1.);
#6980 = LINE('',#6981,#6982);
#6981 = CARTESIAN_POINT('',(-5.888536133939,-5.166996004815,
    -12.61138795627));
#6982 = VECTOR('',#6983,1.);
#6983 = DIRECTION('',(-1.296752066396E-05,1.414950665963E-05,
    0.999999999816));
#6984 = PCURVE('',#4396,#6985);
#6985 = DEFINITIONAL_REPRESENTATION('',(#6986),#6990);
#6986 = LINE('',#6987,#6988);
#6987 = CARTESIAN_POINT('',(4.490260518312,0.));
#6988 = VECTOR('',#6989,1.);
#6989 = DIRECTION('',(0.,1.));
#6990 = ( GEOMETRIC_REPRESENTATION_CONTEXT(2) 
PARAMETRIC_REPRESENTATION_CONTEXT() REPRESENTATION_CONTEXT('2D SPACE',''
  ) );
#6991 = PCURVE('',#4363,#6992);
#6992 = DEFINITIONAL_REPRESENTATION('',(#6993),#6997);
#6993 = LINE('',#6994,#6995);
#6994 = CARTESIAN_POINT('',(2.421243319585,-1.6891));
#6995 = VECTOR('',#6996,1.);
#6996 = DIRECTION('',(0.,-1.));
#6997 = ( GEOMETRIC_REPRESENTATION_CONTEXT(2) 
PARAMETRIC_REPRESENTATION_CONTEXT() REPRESENTATION_CONTEXT('2D SPACE',''
  ) );
#6998 = ORIENTED_EDGE('',*,*,#6999,.F.);
#6999 = EDGE_CURVE('',#6928,#6977,#7000,.T.);
#7000 = SURFACE_CURVE('',#7001,(#7006,#7013),.PCURVE_S1.);
#7001 = CIRCLE('',#7002,0.6096);
#7002 = AXIS2_PLACEMENT_3D('',#7003,#7004,#7005);
#7003 = CARTESIAN_POINT('',(-5.430289056143,-4.764973896356,
    -12.61138770235));
#7004 = DIRECTION('',(1.296752066396E-05,-1.414950665963E-05,
    -0.999999999816));
#7005 = DIRECTION('',(0.484620898872,-0.874724290293,1.866124869459E-05)
  );
#7006 = PCURVE('',#4396,#7007);
#7007 = DEFINITIONAL_REPRESENTATION('',(#7008),#7012);
#7008 = LINE('',#7009,#7010);
#7009 = CARTESIAN_POINT('',(5.846852994181,0.));
#7010 = VECTOR('',#7011,1.);
#7011 = DIRECTION('',(-1.,0.));
#7012 = ( GEOMETRIC_REPRESENTATION_CONTEXT(2) 
PARAMETRIC_REPRESENTATION_CONTEXT() REPRESENTATION_CONTEXT('2D SPACE',''
  ) );
#7013 = PCURVE('',#72,#7014);
#7014 = DEFINITIONAL_REPRESENTATION('',(#7015),#7023);
#7015 = ( BOUNDED_CURVE() B_SPLINE_CURVE(2,(#7016,#7017,#7018,#7019,
#7020,#7021,#7022),.UNSPECIFIED.,.T.,.F.) B_SPLINE_CURVE_WITH_KNOTS((1,2
    ,2,2,2,1),(-2.094395102393,0.,2.094395102393,4.188790204786,
6.28318530718,8.377580409573),.UNSPECIFIED.) CURVE() 
GEOMETRIC_REPRESENTATION_ITEM() RATIONAL_B_SPLINE_CURVE((1.,0.5,1.,0.5,
1.,0.5,1.)) REPRESENTATION_ITEM('') );
#7016 = CARTESIAN_POINT('',(5.299977190371,-5.135568918928));
#7017 = CARTESIAN_POINT('',(5.811867389915,-6.05904328436));
#7018 = CARTESIAN_POINT('',(4.756170029935,-6.040616018397));
#7019 = CARTESIAN_POINT('',(3.700472669955,-6.022188752434));
#7020 = CARTESIAN_POINT('',(4.244279830391,-5.117141652965));
#7021 = CARTESIAN_POINT('',(4.788086990827,-4.212094553495));
#7022 = CARTESIAN_POINT('',(5.299977190371,-5.135568918928));
#7023 = ( GEOMETRIC_REPRESENTATION_CONTEXT(2) 
PARAMETRIC_REPRESENTATION_CONTEXT() REPRESENTATION_CONTEXT('2D SPACE',''
  ) );
#7024 = ORIENTED_EDGE('',*,*,#6927,.T.);
#7025 = ORIENTED_EDGE('',*,*,#4375,.T.);
#7026 = ADVANCED_FACE('',(#7027),#4363,.T.);
#7027 = FACE_BOUND('',#7028,.T.);
#7028 = EDGE_LOOP('',(#7029,#7052,#7074,#7075));
#7029 = ORIENTED_EDGE('',*,*,#7030,.F.);
#7030 = EDGE_CURVE('',#7031,#4314,#7033,.T.);
#7031 = VERTEX_POINT('',#7032);
#7032 = CARTESIAN_POINT('',(-6.734844332508,-4.001624017599,
    -12.61141542022));
#7033 = SURFACE_CURVE('',#7034,(#7038,#7045),.PCURVE_S1.);
#7034 = LINE('',#7035,#7036);
#7035 = CARTESIAN_POINT('',(-6.734844332508,-4.001624017599,
    -12.61141542022));
#7036 = VECTOR('',#7037,1.);
#7037 = DIRECTION('',(-1.296752066396E-05,1.414950665963E-05,
    0.999999999816));
#7038 = PCURVE('',#4363,#7039);
#7039 = DEFINITIONAL_REPRESENTATION('',(#7040),#7044);
#7040 = LINE('',#7041,#7042);
#7041 = CARTESIAN_POINT('',(2.605304926159,-1.6891));
#7042 = VECTOR('',#7043,1.);
#7043 = DIRECTION('',(0.,-1.));
#7044 = ( GEOMETRIC_REPRESENTATION_CONTEXT(2) 
PARAMETRIC_REPRESENTATION_CONTEXT() REPRESENTATION_CONTEXT('2D SPACE',''
  ) );
#7045 = PCURVE('',#4334,#7046);
#7046 = DEFINITIONAL_REPRESENTATION('',(#7047),#7051);
#7047 = LINE('',#7048,#7049);
#7048 = CARTESIAN_POINT('',(4.934517442454,0.));
#7049 = VECTOR('',#7050,1.);
#7050 = DIRECTION('',(0.,1.));
#7051 = ( GEOMETRIC_REPRESENTATION_CONTEXT(2) 
PARAMETRIC_REPRESENTATION_CONTEXT() REPRESENTATION_CONTEXT('2D SPACE',''
  ) );
#7052 = ORIENTED_EDGE('',*,*,#7053,.T.);
#7053 = EDGE_CURVE('',#7031,#6977,#7054,.T.);
#7054 = SURFACE_CURVE('',#7055,(#7060,#7067),.PCURVE_S1.);
#7055 = CIRCLE('',#7056,7.8359);
#7056 = AXIS2_PLACEMENT_3D('',#7057,#7058,#7059);
#7057 = CARTESIAN_POINT('',(1.84817857334E-03,6.631810159544E-04,
    -12.61138469241));
#7058 = DIRECTION('',(-1.296752066396E-05,1.414950665963E-05,
    0.999999999816));
#7059 = DIRECTION('',(-0.859721603272,-0.510762924312,
    -3.921414257374E-06));
#7060 = PCURVE('',#4363,#7061);
#7061 = DEFINITIONAL_REPRESENTATION('',(#7062),#7066);
#7062 = LINE('',#7063,#7064);
#7063 = CARTESIAN_POINT('',(2.605304926159,-1.6891));
#7064 = VECTOR('',#7065,1.);
#7065 = DIRECTION('',(-1.,0.));
#7066 = ( GEOMETRIC_REPRESENTATION_CONTEXT(2) 
PARAMETRIC_REPRESENTATION_CONTEXT() REPRESENTATION_CONTEXT('2D SPACE',''
  ) );
#7067 = PCURVE('',#72,#7068);
#7068 = DEFINITIONAL_REPRESENTATION('',(#7069),#7073);
#7069 = CIRCLE('',#7070,7.8359);
#7070 = AXIS2_PLACEMENT_2D('',#7071,#7072);
#7071 = CARTESIAN_POINT('',(0.,0.));
#7072 = DIRECTION('',(0.510948407914,-0.859611379898));
#7073 = ( GEOMETRIC_REPRESENTATION_CONTEXT(2) 
PARAMETRIC_REPRESENTATION_CONTEXT() REPRESENTATION_CONTEXT('2D SPACE',''
  ) );
#7074 = ORIENTED_EDGE('',*,*,#6976,.T.);
#7075 = ORIENTED_EDGE('',*,*,#4346,.F.);
#7076 = ADVANCED_FACE('',(#7077),#4334,.T.);
#7077 = FACE_BOUND('',#7078,.T.);
#7078 = EDGE_LOOP('',(#7079,#7102,#7128,#7129));
#7079 = ORIENTED_EDGE('',*,*,#7080,.F.);
#7080 = EDGE_CURVE('',#7081,#4286,#7083,.T.);
#7081 = VERTEX_POINT('',#7082);
#7082 = CARTESIAN_POINT('',(-6.626408039688,-3.244340030532,
    -12.61142472927));
#7083 = SURFACE_CURVE('',#7084,(#7088,#7095),.PCURVE_S1.);
#7084 = LINE('',#7085,#7086);
#7085 = CARTESIAN_POINT('',(-6.626408039688,-3.244340030532,
    -12.61142472927));
#7086 = VECTOR('',#7087,1.);
#7087 = DIRECTION('',(-1.296752066396E-05,1.414950665963E-05,
    0.999999999816));
#7088 = PCURVE('',#4334,#7089);
#7089 = DEFINITIONAL_REPRESENTATION('',(#7090),#7094);
#7090 = LINE('',#7091,#7092);
#7091 = CARTESIAN_POINT('',(3.577924966587,0.));
#7092 = VECTOR('',#7093,1.);
#7093 = DIRECTION('',(0.,1.));
#7094 = ( GEOMETRIC_REPRESENTATION_CONTEXT(2) 
PARAMETRIC_REPRESENTATION_CONTEXT() REPRESENTATION_CONTEXT('2D SPACE',''
  ) );
#7095 = PCURVE('',#4301,#7096);
#7096 = DEFINITIONAL_REPRESENTATION('',(#7097),#7101);
#7097 = LINE('',#7098,#7099);
#7098 = CARTESIAN_POINT('',(-0.568803875699,-2.539795602164E-16));
#7099 = VECTOR('',#7100,1.);
#7100 = DIRECTION('',(1.905824131322E-21,1.));
#7101 = ( GEOMETRIC_REPRESENTATION_CONTEXT(2) 
PARAMETRIC_REPRESENTATION_CONTEXT() REPRESENTATION_CONTEXT('2D SPACE',''
  ) );
#7102 = ORIENTED_EDGE('',*,*,#7103,.F.);
#7103 = EDGE_CURVE('',#7031,#7081,#7104,.T.);
#7104 = SURFACE_CURVE('',#7105,(#7110,#7117),.PCURVE_S1.);
#7105 = CIRCLE('',#7106,0.6096);
#7106 = AXIS2_PLACEMENT_3D('',#7107,#7108,#7109);
#7107 = CARTESIAN_POINT('',(-6.210758043152,-3.69026293894,
    -12.61141302973));
#7108 = DIRECTION('',(1.296752066396E-05,-1.414950665963E-05,
    -0.999999999816));
#7109 = DIRECTION('',(-0.859721603272,-0.510762924312,
    -3.921414257374E-06));
#7110 = PCURVE('',#4334,#7111);
#7111 = DEFINITIONAL_REPRESENTATION('',(#7112),#7116);
#7112 = LINE('',#7113,#7114);
#7113 = CARTESIAN_POINT('',(4.934517442456,0.));
#7114 = VECTOR('',#7115,1.);
#7115 = DIRECTION('',(-1.,0.));
#7116 = ( GEOMETRIC_REPRESENTATION_CONTEXT(2) 
PARAMETRIC_REPRESENTATION_CONTEXT() REPRESENTATION_CONTEXT('2D SPACE',''
  ) );
#7117 = PCURVE('',#72,#7118);
#7118 = DEFINITIONAL_REPRESENTATION('',(#7119),#7127);
#7119 = ( BOUNDED_CURVE() B_SPLINE_CURVE(2,(#7120,#7121,#7122,#7123,
#7124,#7125,#7126),.UNSPECIFIED.,.T.,.F.) B_SPLINE_CURVE_WITH_KNOTS((1,2
    ,2,2,2,1),(-2.094395102393,0.,2.094395102393,4.188790204786,
6.28318530718,8.377580409573),.UNSPECIFIED.) CURVE() 
GEOMETRIC_REPRESENTATION_ITEM() RATIONAL_B_SPLINE_CURVE((1.,0.5,1.,0.5,
1.,0.5,1.)) REPRESENTATION_ITEM('') );
#7120 = CARTESIAN_POINT('',(4.003740629575,-6.735828811741));
#7121 = CARTESIAN_POINT('',(3.096112929113,-7.275317863857));
#7122 = CARTESIAN_POINT('',(3.082715555148,-6.21954469202));
#7123 = CARTESIAN_POINT('',(3.069318181182,-5.163771520183));
#7124 = CARTESIAN_POINT('',(3.99034325561,-5.680055639904));
#7125 = CARTESIAN_POINT('',(4.911368330038,-6.196339759624));
#7126 = CARTESIAN_POINT('',(4.003740629575,-6.735828811741));
#7127 = ( GEOMETRIC_REPRESENTATION_CONTEXT(2) 
PARAMETRIC_REPRESENTATION_CONTEXT() REPRESENTATION_CONTEXT('2D SPACE',''
  ) );
#7128 = ORIENTED_EDGE('',*,*,#7030,.T.);
#7129 = ORIENTED_EDGE('',*,*,#4313,.T.);
#7130 = ADVANCED_FACE('',(#7131),#4301,.F.);
#7131 = FACE_BOUND('',#7132,.T.);
#7132 = EDGE_LOOP('',(#7133,#7156,#7177,#7178));
#7133 = ORIENTED_EDGE('',*,*,#7134,.F.);
#7134 = EDGE_CURVE('',#7135,#4253,#7137,.T.);
#7135 = VERTEX_POINT('',#7136);
#7136 = CARTESIAN_POINT('',(-6.210327530153,-2.856506485573,
    -12.61142482139));
#7137 = SURFACE_CURVE('',#7138,(#7142,#7149),.PCURVE_S1.);
#7138 = LINE('',#7139,#7140);
#7139 = CARTESIAN_POINT('',(-6.210327530153,-2.856506485573,
    -12.61142482139));
#7140 = VECTOR('',#7141,1.);
#7141 = DIRECTION('',(-1.296752066396E-05,1.414950665963E-05,
    0.999999999816));
#7142 = PCURVE('',#4301,#7143);
#7143 = DEFINITIONAL_REPRESENTATION('',(#7144),#7148);
#7144 = LINE('',#7145,#7146);
#7145 = CARTESIAN_POINT('',(0.,0.));
#7146 = VECTOR('',#7147,1.);
#7147 = DIRECTION('',(1.905824131322E-21,1.));
#7148 = ( GEOMETRIC_REPRESENTATION_CONTEXT(2) 
PARAMETRIC_REPRESENTATION_CONTEXT() REPRESENTATION_CONTEXT('2D SPACE',''
  ) );
#7149 = PCURVE('',#4273,#7150);
#7150 = DEFINITIONAL_REPRESENTATION('',(#7151),#7155);
#7151 = LINE('',#7152,#7153);
#7152 = CARTESIAN_POINT('',(0.436332312999,0.));
#7153 = VECTOR('',#7154,1.);
#7154 = DIRECTION('',(0.,1.));
#7155 = ( GEOMETRIC_REPRESENTATION_CONTEXT(2) 
PARAMETRIC_REPRESENTATION_CONTEXT() REPRESENTATION_CONTEXT('2D SPACE',''
  ) );
#7156 = ORIENTED_EDGE('',*,*,#7157,.T.);
#7157 = EDGE_CURVE('',#7135,#7081,#7158,.T.);
#7158 = SURFACE_CURVE('',#7159,(#7163,#7170),.PCURVE_S1.);
#7159 = LINE('',#7160,#7161);
#7160 = CARTESIAN_POINT('',(-6.210327530153,-2.856506485573,
    -12.61142482139));
#7161 = VECTOR('',#7162,1.);
#7162 = DIRECTION('',(-0.731500834138,-0.681840545623,1.619551587236E-07
    ));
#7163 = PCURVE('',#4301,#7164);
#7164 = DEFINITIONAL_REPRESENTATION('',(#7165),#7169);
#7165 = LINE('',#7166,#7167);
#7166 = CARTESIAN_POINT('',(0.,0.));
#7167 = VECTOR('',#7168,1.);
#7168 = DIRECTION('',(-1.,-2.091112588534E-21));
#7169 = ( GEOMETRIC_REPRESENTATION_CONTEXT(2) 
PARAMETRIC_REPRESENTATION_CONTEXT() REPRESENTATION_CONTEXT('2D SPACE',''
  ) );
#7170 = PCURVE('',#72,#7171);
#7171 = DEFINITIONAL_REPRESENTATION('',(#7172),#7176);
#7172 = LINE('',#7173,#7174);
#7173 = CARTESIAN_POINT('',(2.858509953179,-6.211559094861));
#7174 = VECTOR('',#7175,1.);
#7175 = DIRECTION('',(0.681998360062,-0.731353701619));
#7176 = ( GEOMETRIC_REPRESENTATION_CONTEXT(2) 
PARAMETRIC_REPRESENTATION_CONTEXT() REPRESENTATION_CONTEXT('2D SPACE',''
  ) );
#7177 = ORIENTED_EDGE('',*,*,#7080,.T.);
#7178 = ORIENTED_EDGE('',*,*,#4285,.F.);
#7179 = ADVANCED_FACE('',(#7180),#4273,.F.);
#7180 = FACE_BOUND('',#7181,.F.);
#7181 = EDGE_LOOP('',(#7182,#7183,#7184,#7212));
#7182 = ORIENTED_EDGE('',*,*,#4252,.T.);
#7183 = ORIENTED_EDGE('',*,*,#7134,.F.);
#7184 = ORIENTED_EDGE('',*,*,#7185,.F.);
#7185 = EDGE_CURVE('',#7186,#7135,#7188,.T.);
#7186 = VERTEX_POINT('',#7187);
#7187 = CARTESIAN_POINT('',(-6.046172843279,-2.222331912976,
    -12.61143166597));
#7188 = SURFACE_CURVE('',#7189,(#7194,#7201),.PCURVE_S1.);
#7189 = CIRCLE('',#7190,0.6096);
#7190 = AXIS2_PLACEMENT_3D('',#7191,#7192,#7193);
#7191 = CARTESIAN_POINT('',(-6.625977526689,-2.410583577165,
    -12.61143652093));
#7192 = DIRECTION('',(1.296752066396E-05,-1.414950665963E-05,
    -0.999999999816));
#7193 = DIRECTION('',(0.951123168327,0.308811785088,7.964174931045E-06)
  );
#7194 = PCURVE('',#4273,#7195);
#7195 = DEFINITIONAL_REPRESENTATION('',(#7196),#7200);
#7196 = LINE('',#7197,#7198);
#7197 = CARTESIAN_POINT('',(1.570796326795,0.));
#7198 = VECTOR('',#7199,1.);
#7199 = DIRECTION('',(-1.,0.));
#7200 = ( GEOMETRIC_REPRESENTATION_CONTEXT(2) 
PARAMETRIC_REPRESENTATION_CONTEXT() REPRESENTATION_CONTEXT('2D SPACE',''
  ) );
#7201 = PCURVE('',#72,#7202);
#7202 = DEFINITIONAL_REPRESENTATION('',(#7203),#7211);
#7203 = ( BOUNDED_CURVE() B_SPLINE_CURVE(2,(#7204,#7205,#7206,#7207,
#7208,#7209,#7210),.UNSPECIFIED.,.T.,.F.) B_SPLINE_CURVE_WITH_KNOTS((1,2
    ,2,2,2,1),(-2.094395102393,0.,2.094395102393,4.188790204786,
6.28318530718,8.377580409573),.UNSPECIFIED.) CURVE() 
GEOMETRIC_REPRESENTATION_ITEM() RATIONAL_B_SPLINE_CURVE((1.,0.5,1.,0.5,
1.,0.5,1.)) REPRESENTATION_ITEM('') );
#7204 = CARTESIAN_POINT('',(2.224299976901,-6.047541242821));
#7205 = CARTESIAN_POINT('',(3.228480771945,-5.721263123933));
#7206 = CARTESIAN_POINT('',(3.008955514079,-6.754048261877));
#7207 = CARTESIAN_POINT('',(2.789430256214,-7.786833399822));
#7208 = CARTESIAN_POINT('',(2.004774719036,-7.080326380766));
#7209 = CARTESIAN_POINT('',(1.220119181857,-6.37381936171));
#7210 = CARTESIAN_POINT('',(2.224299976901,-6.047541242821));
#7211 = ( GEOMETRIC_REPRESENTATION_CONTEXT(2) 
PARAMETRIC_REPRESENTATION_CONTEXT() REPRESENTATION_CONTEXT('2D SPACE',''
  ) );
#7212 = ORIENTED_EDGE('',*,*,#7213,.T.);
#7213 = EDGE_CURVE('',#7186,#4225,#7214,.T.);
#7214 = SURFACE_CURVE('',#7215,(#7219,#7226),.PCURVE_S1.);
#7215 = LINE('',#7216,#7217);
#7216 = CARTESIAN_POINT('',(-6.046172843279,-2.222331912976,
    -12.61143166597));
#7217 = VECTOR('',#7218,1.);
#7218 = DIRECTION('',(-1.296752066396E-05,1.414950665963E-05,
    0.999999999816));
#7219 = PCURVE('',#4273,#7220);
#7220 = DEFINITIONAL_REPRESENTATION('',(#7221),#7225);
#7221 = LINE('',#7222,#7223);
#7222 = CARTESIAN_POINT('',(1.570796326796,0.));
#7223 = VECTOR('',#7224,1.);
#7224 = DIRECTION('',(0.,1.));
#7225 = ( GEOMETRIC_REPRESENTATION_CONTEXT(2) 
PARAMETRIC_REPRESENTATION_CONTEXT() REPRESENTATION_CONTEXT('2D SPACE',''
  ) );
#7226 = PCURVE('',#4240,#7227);
#7227 = DEFINITIONAL_REPRESENTATION('',(#7228),#7232);
#7228 = LINE('',#7229,#7230);
#7229 = CARTESIAN_POINT('',(-7.613233773875E-16,-0.493283938023));
#7230 = VECTOR('',#7231,1.);
#7231 = DIRECTION('',(-1.,0.));
#7232 = ( GEOMETRIC_REPRESENTATION_CONTEXT(2) 
PARAMETRIC_REPRESENTATION_CONTEXT() REPRESENTATION_CONTEXT('2D SPACE',''
  ) );
#7233 = ADVANCED_FACE('',(#7234),#4240,.F.);
#7234 = FACE_BOUND('',#7235,.T.);
#7235 = EDGE_LOOP('',(#7236,#7259,#7280,#7281));
#7236 = ORIENTED_EDGE('',*,*,#7237,.F.);
#7237 = EDGE_CURVE('',#7238,#4192,#7240,.T.);
#7238 = VERTEX_POINT('',#7239);
#7239 = CARTESIAN_POINT('',(-6.198504736651,-1.753158130994,
    -12.61144027991));
#7240 = SURFACE_CURVE('',#7241,(#7245,#7252),.PCURVE_S1.);
#7241 = LINE('',#7242,#7243);
#7242 = CARTESIAN_POINT('',(-6.198504736651,-1.753158130994,
    -12.61144027991));
#7243 = VECTOR('',#7244,1.);
#7244 = DIRECTION('',(-1.296752066396E-05,1.414950665963E-05,
    0.999999999816));
#7245 = PCURVE('',#4240,#7246);
#7246 = DEFINITIONAL_REPRESENTATION('',(#7247),#7251);
#7247 = LINE('',#7248,#7249);
#7248 = CARTESIAN_POINT('',(0.,0.));
#7249 = VECTOR('',#7250,1.);
#7250 = DIRECTION('',(-1.,0.));
#7251 = ( GEOMETRIC_REPRESENTATION_CONTEXT(2) 
PARAMETRIC_REPRESENTATION_CONTEXT() REPRESENTATION_CONTEXT('2D SPACE',''
  ) );
#7252 = PCURVE('',#4212,#7253);
#7253 = DEFINITIONAL_REPRESENTATION('',(#7254),#7258);
#7254 = LINE('',#7255,#7256);
#7255 = CARTESIAN_POINT('',(1.570796326795,0.));
#7256 = VECTOR('',#7257,1.);
#7257 = DIRECTION('',(0.,1.));
#7258 = ( GEOMETRIC_REPRESENTATION_CONTEXT(2) 
PARAMETRIC_REPRESENTATION_CONTEXT() REPRESENTATION_CONTEXT('2D SPACE',''
  ) );
#7259 = ORIENTED_EDGE('',*,*,#7260,.T.);
#7260 = EDGE_CURVE('',#7238,#7186,#7261,.T.);
#7261 = SURFACE_CURVE('',#7262,(#7266,#7273),.PCURVE_S1.);
#7262 = LINE('',#7263,#7264);
#7263 = CARTESIAN_POINT('',(-6.198504736651,-1.753158130994,
    -12.61144027991));
#7264 = VECTOR('',#7265,1.);
#7265 = DIRECTION('',(0.308811784918,-0.951123168255,1.746244680876E-05)
  );
#7266 = PCURVE('',#4240,#7267);
#7267 = DEFINITIONAL_REPRESENTATION('',(#7268),#7272);
#7268 = LINE('',#7269,#7270);
#7269 = CARTESIAN_POINT('',(0.,0.));
#7270 = VECTOR('',#7271,1.);
#7271 = DIRECTION('',(3.388131789017E-21,-1.));
#7272 = ( GEOMETRIC_REPRESENTATION_CONTEXT(2) 
PARAMETRIC_REPRESENTATION_CONTEXT() REPRESENTATION_CONTEXT('2D SPACE',''
  ) );
#7273 = PCURVE('',#72,#7274);
#7274 = DEFINITIONAL_REPRESENTATION('',(#7275),#7279);
#7275 = LINE('',#7276,#7277);
#7276 = CARTESIAN_POINT('',(1.75515907326,-6.199974362724));
#7277 = VECTOR('',#7278,1.);
#7278 = DIRECTION('',(0.951056516295,0.309016994375));
#7279 = ( GEOMETRIC_REPRESENTATION_CONTEXT(2) 
PARAMETRIC_REPRESENTATION_CONTEXT() REPRESENTATION_CONTEXT('2D SPACE',''
  ) );
#7280 = ORIENTED_EDGE('',*,*,#7213,.T.);
#7281 = ORIENTED_EDGE('',*,*,#4224,.F.);
#7282 = ADVANCED_FACE('',(#7283),#4212,.F.);
#7283 = FACE_BOUND('',#7284,.F.);
#7284 = EDGE_LOOP('',(#7285,#7286,#7287,#7315));
#7285 = ORIENTED_EDGE('',*,*,#4191,.T.);
#7286 = ORIENTED_EDGE('',*,*,#7237,.F.);
#7287 = ORIENTED_EDGE('',*,*,#7288,.F.);
#7288 = EDGE_CURVE('',#7289,#7238,#7291,.T.);
#7289 = VERTEX_POINT('',#7290);
#7290 = CARTESIAN_POINT('',(-6.703887321692,-1.336369704598,
    -12.61145273082));
#7291 = SURFACE_CURVE('',#7292,(#7297,#7304),.PCURVE_S1.);
#7292 = CIRCLE('',#7293,0.6096);
#7293 = AXIS2_PLACEMENT_3D('',#7294,#7295,#7296);
#7294 = CARTESIAN_POINT('',(-6.778309420063,-1.941409795183,
    -12.61144513487));
#7295 = DIRECTION('',(1.296752066396E-05,-1.414950665963E-05,
    -0.999999999816));
#7296 = DIRECTION('',(0.122083494699,0.992519833639,-1.246054575794E-05)
  );
#7297 = PCURVE('',#4212,#7298);
#7298 = DEFINITIONAL_REPRESENTATION('',(#7299),#7303);
#7299 = LINE('',#7300,#7301);
#7300 = CARTESIAN_POINT('',(2.705260340591,0.));
#7301 = VECTOR('',#7302,1.);
#7302 = DIRECTION('',(-1.,0.));
#7303 = ( GEOMETRIC_REPRESENTATION_CONTEXT(2) 
PARAMETRIC_REPRESENTATION_CONTEXT() REPRESENTATION_CONTEXT('2D SPACE',''
  ) );
#7304 = PCURVE('',#72,#7305);
#7305 = DEFINITIONAL_REPRESENTATION('',(#7306),#7314);
#7306 = ( BOUNDED_CURVE() B_SPLINE_CURVE(2,(#7307,#7308,#7309,#7310,
#7311,#7312,#7313),.UNSPECIFIED.,.T.,.F.) B_SPLINE_CURVE_WITH_KNOTS((1,2
    ,2,2,2,1),(-2.094395102393,0.,2.094395102393,4.188790204786,
6.28318530718,8.377580409573),.UNSPECIFIED.) CURVE() 
GEOMETRIC_REPRESENTATION_ITEM() RATIONAL_B_SPLINE_CURVE((1.,0.5,1.,0.5,
1.,0.5,1.)) REPRESENTATION_ITEM('') );
#7307 = CARTESIAN_POINT('',(1.33847969899,-6.705446863318));
#7308 = CARTESIAN_POINT('',(1.467156441177,-5.657458897729));
#7309 = CARTESIAN_POINT('',(2.310402271144,-6.292890208133));
#7310 = CARTESIAN_POINT('',(3.153648101112,-6.928321518537));
#7311 = CARTESIAN_POINT('',(2.181725528958,-7.340878173723));
#7312 = CARTESIAN_POINT('',(1.209802956804,-7.753434828908));
#7313 = CARTESIAN_POINT('',(1.33847969899,-6.705446863318));
#7314 = ( GEOMETRIC_REPRESENTATION_CONTEXT(2) 
PARAMETRIC_REPRESENTATION_CONTEXT() REPRESENTATION_CONTEXT('2D SPACE',''
  ) );
#7315 = ORIENTED_EDGE('',*,*,#7316,.T.);
#7316 = EDGE_CURVE('',#7289,#4164,#7317,.T.);
#7317 = SURFACE_CURVE('',#7318,(#7322,#7329),.PCURVE_S1.);
#7318 = LINE('',#7319,#7320);
#7319 = CARTESIAN_POINT('',(-6.703887321692,-1.336369704598,
    -12.61145273082));
#7320 = VECTOR('',#7321,1.);
#7321 = DIRECTION('',(-1.296752066396E-05,1.414950665963E-05,
    0.999999999816));
#7322 = PCURVE('',#4212,#7323);
#7323 = DEFINITIONAL_REPRESENTATION('',(#7324),#7328);
#7324 = LINE('',#7325,#7326);
#7325 = CARTESIAN_POINT('',(2.705260340588,0.));
#7326 = VECTOR('',#7327,1.);
#7327 = DIRECTION('',(0.,1.));
#7328 = ( GEOMETRIC_REPRESENTATION_CONTEXT(2) 
PARAMETRIC_REPRESENTATION_CONTEXT() REPRESENTATION_CONTEXT('2D SPACE',''
  ) );
#7329 = PCURVE('',#4179,#7330);
#7330 = DEFINITIONAL_REPRESENTATION('',(#7331),#7335);
#7331 = LINE('',#7332,#7333);
#7332 = CARTESIAN_POINT('',(2.848436276345E-16,-0.5688038757));
#7333 = VECTOR('',#7334,1.);
#7334 = DIRECTION('',(-1.,-3.388131789017E-21));
#7335 = ( GEOMETRIC_REPRESENTATION_CONTEXT(2) 
PARAMETRIC_REPRESENTATION_CONTEXT() REPRESENTATION_CONTEXT('2D SPACE',''
  ) );
#7336 = ADVANCED_FACE('',(#7337),#4179,.F.);
#7337 = FACE_BOUND('',#7338,.T.);
#7338 = EDGE_LOOP('',(#7339,#7362,#7383,#7384));
#7339 = ORIENTED_EDGE('',*,*,#7340,.F.);
#7340 = EDGE_CURVE('',#7341,#4131,#7343,.T.);
#7341 = VERTEX_POINT('',#7342);
#7342 = CARTESIAN_POINT('',(-7.268436449772,-1.266928139758,
    -12.61146103419));
#7343 = SURFACE_CURVE('',#7344,(#7348,#7355),.PCURVE_S1.);
#7344 = LINE('',#7345,#7346);
#7345 = CARTESIAN_POINT('',(-7.268436449772,-1.266928139758,
    -12.61146103419));
#7346 = VECTOR('',#7347,1.);
#7347 = DIRECTION('',(-1.296752066396E-05,1.414950665963E-05,
    0.999999999816));
#7348 = PCURVE('',#4179,#7349);
#7349 = DEFINITIONAL_REPRESENTATION('',(#7350),#7354);
#7350 = LINE('',#7351,#7352);
#7351 = CARTESIAN_POINT('',(0.,0.));
#7352 = VECTOR('',#7353,1.);
#7353 = DIRECTION('',(-1.,-3.388131789017E-21));
#7354 = ( GEOMETRIC_REPRESENTATION_CONTEXT(2) 
PARAMETRIC_REPRESENTATION_CONTEXT() REPRESENTATION_CONTEXT('2D SPACE',''
  ) );
#7355 = PCURVE('',#4151,#7356);
#7356 = DEFINITIONAL_REPRESENTATION('',(#7357),#7361);
#7357 = LINE('',#7358,#7359);
#7358 = CARTESIAN_POINT('',(5.846852994182,0.));
#7359 = VECTOR('',#7360,1.);
#7360 = DIRECTION('',(0.,1.));
#7361 = ( GEOMETRIC_REPRESENTATION_CONTEXT(2) 
PARAMETRIC_REPRESENTATION_CONTEXT() REPRESENTATION_CONTEXT('2D SPACE',''
  ) );
#7362 = ORIENTED_EDGE('',*,*,#7363,.T.);
#7363 = EDGE_CURVE('',#7341,#7289,#7364,.T.);
#7364 = SURFACE_CURVE('',#7365,(#7369,#7376),.PCURVE_S1.);
#7365 = LINE('',#7366,#7367);
#7366 = CARTESIAN_POINT('',(-7.268436449772,-1.266928139758,
    -12.61146103419));
#7367 = VECTOR('',#7368,1.);
#7368 = DIRECTION('',(0.992519833632,-0.122083494515,1.459794267339E-05)
  );
#7369 = PCURVE('',#4179,#7370);
#7370 = DEFINITIONAL_REPRESENTATION('',(#7371),#7375);
#7371 = LINE('',#7372,#7373);
#7372 = CARTESIAN_POINT('',(0.,0.));
#7373 = VECTOR('',#7374,1.);
#7374 = DIRECTION('',(-3.388131789017E-21,-1.));
#7375 = ( GEOMETRIC_REPRESENTATION_CONTEXT(2) 
PARAMETRIC_REPRESENTATION_CONTEXT() REPRESENTATION_CONTEXT('2D SPACE',''
  ) );
#7376 = PCURVE('',#72,#7377);
#7377 = DEFINITIONAL_REPRESENTATION('',(#7378),#7382);
#7378 = LINE('',#7379,#7380);
#7379 = CARTESIAN_POINT('',(1.269159944133,-7.270010961181));
#7380 = VECTOR('',#7381,1.);
#7381 = DIRECTION('',(0.121869343405,0.992546151641));
#7382 = ( GEOMETRIC_REPRESENTATION_CONTEXT(2) 
PARAMETRIC_REPRESENTATION_CONTEXT() REPRESENTATION_CONTEXT('2D SPACE',''
  ) );
#7383 = ORIENTED_EDGE('',*,*,#7316,.T.);
#7384 = ORIENTED_EDGE('',*,*,#4163,.F.);
#7385 = ADVANCED_FACE('',(#7386),#4151,.T.);
#7386 = FACE_BOUND('',#7387,.T.);
#7387 = EDGE_LOOP('',(#7388,#7411,#7437,#7438));
#7388 = ORIENTED_EDGE('',*,*,#7389,.F.);
#7389 = EDGE_CURVE('',#7390,#4102,#7392,.T.);
#7390 = VERTEX_POINT('',#7391);
#7391 = CARTESIAN_POINT('',(-7.801046691367,-0.717779892843,
    -12.611475711));
#7392 = SURFACE_CURVE('',#7393,(#7397,#7404),.PCURVE_S1.);
#7393 = LINE('',#7394,#7395);
#7394 = CARTESIAN_POINT('',(-7.801046691367,-0.717779892843,
    -12.611475711));
#7395 = VECTOR('',#7396,1.);
#7396 = DIRECTION('',(-1.296752066396E-05,1.414950665963E-05,
    0.999999999816));
#7397 = PCURVE('',#4151,#7398);
#7398 = DEFINITIONAL_REPRESENTATION('',(#7399),#7403);
#7399 = LINE('',#7400,#7401);
#7400 = CARTESIAN_POINT('',(4.490260518312,0.));
#7401 = VECTOR('',#7402,1.);
#7402 = DIRECTION('',(0.,1.));
#7403 = ( GEOMETRIC_REPRESENTATION_CONTEXT(2) 
PARAMETRIC_REPRESENTATION_CONTEXT() REPRESENTATION_CONTEXT('2D SPACE',''
  ) );
#7404 = PCURVE('',#4118,#7405);
#7405 = DEFINITIONAL_REPRESENTATION('',(#7406),#7410);
#7406 = LINE('',#7407,#7408);
#7407 = CARTESIAN_POINT('',(3.049561850302,-1.6891));
#7408 = VECTOR('',#7409,1.);
#7409 = DIRECTION('',(0.,-1.));
#7410 = ( GEOMETRIC_REPRESENTATION_CONTEXT(2) 
PARAMETRIC_REPRESENTATION_CONTEXT() REPRESENTATION_CONTEXT('2D SPACE',''
  ) );
#7411 = ORIENTED_EDGE('',*,*,#7412,.F.);
#7412 = EDGE_CURVE('',#7341,#7390,#7413,.T.);
#7413 = SURFACE_CURVE('',#7414,(#7419,#7426),.PCURVE_S1.);
#7414 = CIRCLE('',#7415,0.6096);
#7415 = AXIS2_PLACEMENT_3D('',#7416,#7417,#7418);
#7416 = CARTESIAN_POINT('',(-7.194014351404,-0.661888049171,
    -12.61146863014));
#7417 = DIRECTION('',(1.296752066396E-05,-1.414950665963E-05,
    -0.999999999816));
#7418 = DIRECTION('',(-0.122083494699,-0.992519833639,1.246054575794E-05
    ));
#7419 = PCURVE('',#4151,#7420);
#7420 = DEFINITIONAL_REPRESENTATION('',(#7421),#7425);
#7421 = LINE('',#7422,#7423);
#7422 = CARTESIAN_POINT('',(5.846852994181,0.));
#7423 = VECTOR('',#7424,1.);
#7424 = DIRECTION('',(-1.,0.));
#7425 = ( GEOMETRIC_REPRESENTATION_CONTEXT(2) 
PARAMETRIC_REPRESENTATION_CONTEXT() REPRESENTATION_CONTEXT('2D SPACE',''
  ) );
#7426 = PCURVE('',#72,#7427);
#7427 = DEFINITIONAL_REPRESENTATION('',(#7428),#7436);
#7428 = ( BOUNDED_CURVE() B_SPLINE_CURVE(2,(#7429,#7430,#7431,#7432,
#7433,#7434,#7435),.UNSPECIFIED.,.T.,.F.) B_SPLINE_CURVE_WITH_KNOTS((1,2
    ,2,2,2,1),(-2.094395102393,0.,2.094395102393,4.188790204786,
6.28318530718,8.377580409573),.UNSPECIFIED.) CURVE() 
GEOMETRIC_REPRESENTATION_ITEM() RATIONAL_B_SPLINE_CURVE((1.,0.5,1.,0.5,
1.,0.5,1.)) REPRESENTATION_ITEM('') );
#7429 = CARTESIAN_POINT('',(1.269159944133,-7.270010961182));
#7430 = CARTESIAN_POINT('',(1.140483201946,-8.317998926771));
#7431 = CARTESIAN_POINT('',(0.297237371979,-7.682567616367));
#7432 = CARTESIAN_POINT('',(-0.546008457989,-7.047136305963));
#7433 = CARTESIAN_POINT('',(0.425914114165,-6.634579650777));
#7434 = CARTESIAN_POINT('',(1.397836686319,-6.222022995592));
#7435 = CARTESIAN_POINT('',(1.269159944133,-7.270010961182));
#7436 = ( GEOMETRIC_REPRESENTATION_CONTEXT(2) 
PARAMETRIC_REPRESENTATION_CONTEXT() REPRESENTATION_CONTEXT('2D SPACE',''
  ) );
#7437 = ORIENTED_EDGE('',*,*,#7340,.T.);
#7438 = ORIENTED_EDGE('',*,*,#4130,.T.);
#7439 = ADVANCED_FACE('',(#7440),#4118,.T.);
#7440 = FACE_BOUND('',#7441,.T.);
#7441 = EDGE_LOOP('',(#7442,#7465,#7487,#7488));
#7442 = ORIENTED_EDGE('',*,*,#7443,.F.);
#7443 = EDGE_CURVE('',#7444,#4069,#7446,.T.);
#7444 = VERTEX_POINT('',#7445);
#7445 = CARTESIAN_POINT('',(-7.800735938866,0.722473327713,
    -12.61149608584));
#7446 = SURFACE_CURVE('',#7447,(#7451,#7458),.PCURVE_S1.);
#7447 = LINE('',#7448,#7449);
#7448 = CARTESIAN_POINT('',(-7.800735938866,0.722473327713,
    -12.61149608584));
#7449 = VECTOR('',#7450,1.);
#7450 = DIRECTION('',(-1.296752066396E-05,1.414950665963E-05,
    0.999999999816));
#7451 = PCURVE('',#4118,#7452);
#7452 = DEFINITIONAL_REPRESENTATION('',(#7453),#7457);
#7453 = LINE('',#7454,#7455);
#7454 = CARTESIAN_POINT('',(3.233623456877,-1.6891));
#7455 = VECTOR('',#7456,1.);
#7456 = DIRECTION('',(0.,-1.));
#7457 = ( GEOMETRIC_REPRESENTATION_CONTEXT(2) 
PARAMETRIC_REPRESENTATION_CONTEXT() REPRESENTATION_CONTEXT('2D SPACE',''
  ) );
#7458 = PCURVE('',#4089,#7459);
#7459 = DEFINITIONAL_REPRESENTATION('',(#7460),#7464);
#7460 = LINE('',#7461,#7462);
#7461 = CARTESIAN_POINT('',(4.934517442457,0.));
#7462 = VECTOR('',#7463,1.);
#7463 = DIRECTION('',(0.,1.));
#7464 = ( GEOMETRIC_REPRESENTATION_CONTEXT(2) 
PARAMETRIC_REPRESENTATION_CONTEXT() REPRESENTATION_CONTEXT('2D SPACE',''
  ) );
#7465 = ORIENTED_EDGE('',*,*,#7466,.T.);
#7466 = EDGE_CURVE('',#7444,#7390,#7467,.T.);
#7467 = SURFACE_CURVE('',#7468,(#7473,#7480),.PCURVE_S1.);
#7468 = CIRCLE('',#7469,7.8359);
#7469 = AXIS2_PLACEMENT_3D('',#7470,#7471,#7472);
#7470 = CARTESIAN_POINT('',(1.84817857334E-03,6.631810159544E-04,
    -12.61138469241));
#7471 = DIRECTION('',(-1.296752066396E-05,1.414950665963E-05,
    0.999999999816));
#7472 = DIRECTION('',(-0.995748301719,9.211579355238E-02,
    -1.421577971559E-05));
#7473 = PCURVE('',#4118,#7474);
#7474 = DEFINITIONAL_REPRESENTATION('',(#7475),#7479);
#7475 = LINE('',#7476,#7477);
#7476 = CARTESIAN_POINT('',(3.233623456877,-1.6891));
#7477 = VECTOR('',#7478,1.);
#7478 = DIRECTION('',(-1.,0.));
#7479 = ( GEOMETRIC_REPRESENTATION_CONTEXT(2) 
PARAMETRIC_REPRESENTATION_CONTEXT() REPRESENTATION_CONTEXT('2D SPACE',''
  ) );
#7480 = PCURVE('',#72,#7481);
#7481 = DEFINITIONAL_REPRESENTATION('',(#7482),#7486);
#7482 = CIRCLE('',#7483,7.8359);
#7483 = AXIS2_PLACEMENT_2D('',#7484,#7485);
#7484 = CARTESIAN_POINT('',(0.,0.));
#7485 = DIRECTION('',(-9.190094655522E-02,-0.99576815375));
#7486 = ( GEOMETRIC_REPRESENTATION_CONTEXT(2) 
PARAMETRIC_REPRESENTATION_CONTEXT() REPRESENTATION_CONTEXT('2D SPACE',''
  ) );
#7487 = ORIENTED_EDGE('',*,*,#7389,.T.);
#7488 = ORIENTED_EDGE('',*,*,#4101,.F.);
#7489 = ADVANCED_FACE('',(#7490),#4089,.T.);
#7490 = FACE_BOUND('',#7491,.T.);
#7491 = EDGE_LOOP('',(#7492,#7515,#7541,#7542));
#7492 = ORIENTED_EDGE('',*,*,#7493,.F.);
#7493 = EDGE_CURVE('',#7494,#4041,#7496,.T.);
#7494 = VERTEX_POINT('',#7495);
#7495 = CARTESIAN_POINT('',(-7.267888775777,1.27139168917,
    -12.61149694306));
#7496 = SURFACE_CURVE('',#7497,(#7501,#7508),.PCURVE_S1.);
#7497 = LINE('',#7498,#7499);
#7498 = CARTESIAN_POINT('',(-7.267888775777,1.27139168917,
    -12.61149694306));
#7499 = VECTOR('',#7500,1.);
#7500 = DIRECTION('',(-1.296752066396E-05,1.414950665963E-05,
    0.999999999816));
#7501 = PCURVE('',#4089,#7502);
#7502 = DEFINITIONAL_REPRESENTATION('',(#7503),#7507);
#7503 = LINE('',#7504,#7505);
#7504 = CARTESIAN_POINT('',(3.577924966587,0.));
#7505 = VECTOR('',#7506,1.);
#7506 = DIRECTION('',(0.,1.));
#7507 = ( GEOMETRIC_REPRESENTATION_CONTEXT(2) 
PARAMETRIC_REPRESENTATION_CONTEXT() REPRESENTATION_CONTEXT('2D SPACE',''
  ) );
#7508 = PCURVE('',#4056,#7509);
#7509 = DEFINITIONAL_REPRESENTATION('',(#7510),#7514);
#7510 = LINE('',#7511,#7512);
#7511 = CARTESIAN_POINT('',(-0.5688038757,-9.287978846857E-16));
#7512 = VECTOR('',#7513,1.);
#7513 = DIRECTION('',(0.,1.));
#7514 = ( GEOMETRIC_REPRESENTATION_CONTEXT(2) 
PARAMETRIC_REPRESENTATION_CONTEXT() REPRESENTATION_CONTEXT('2D SPACE',''
  ) );
#7515 = ORIENTED_EDGE('',*,*,#7516,.F.);
#7516 = EDGE_CURVE('',#7444,#7494,#7517,.T.);
#7517 = SURFACE_CURVE('',#7518,(#7523,#7530),.PCURVE_S1.);
#7518 = CIRCLE('',#7519,0.6096);
#7519 = AXIS2_PLACEMENT_3D('',#7520,#7521,#7522);
#7520 = CARTESIAN_POINT('',(-7.193727774138,0.666319539964,
    -12.6114874199));
#7521 = DIRECTION('',(1.296752066396E-05,-1.414950665963E-05,
    -0.999999999816));
#7522 = DIRECTION('',(-0.995748301719,9.211579355213E-02,
    -1.421577971559E-05));
#7523 = PCURVE('',#4089,#7524);
#7524 = DEFINITIONAL_REPRESENTATION('',(#7525),#7529);
#7525 = LINE('',#7526,#7527);
#7526 = CARTESIAN_POINT('',(4.934517442456,0.));
#7527 = VECTOR('',#7528,1.);
#7528 = DIRECTION('',(-1.,0.));
#7529 = ( GEOMETRIC_REPRESENTATION_CONTEXT(2) 
PARAMETRIC_REPRESENTATION_CONTEXT() REPRESENTATION_CONTEXT('2D SPACE',''
  ) );
#7530 = PCURVE('',#72,#7531);
#7531 = DEFINITIONAL_REPRESENTATION('',(#7532),#7540);
#7532 = ( BOUNDED_CURVE() B_SPLINE_CURVE(2,(#7533,#7534,#7535,#7536,
#7537,#7538,#7539),.UNSPECIFIED.,.T.,.F.) B_SPLINE_CURVE_WITH_KNOTS((1,2
    ,2,2,2,1),(-2.094395102393,0.,2.094395102393,4.188790204786,
6.28318530718,8.377580409573),.UNSPECIFIED.) CURVE() 
GEOMETRIC_REPRESENTATION_ITEM() RATIONAL_B_SPLINE_CURVE((1.,0.5,1.,0.5,
1.,0.5,1.)) REPRESENTATION_ITEM('') );
#7533 = CARTESIAN_POINT('',(-0.720126627112,-7.802739675968));
#7534 = CARTESIAN_POINT('',(-1.771516569959,-7.705705310506));
#7535 = CARTESIAN_POINT('',(-1.161787373005,-6.843692093448));
#7536 = CARTESIAN_POINT('',(-0.552058176052,-5.98167887639));
#7537 = CARTESIAN_POINT('',(-0.110397430159,-6.94072645891));
#7538 = CARTESIAN_POINT('',(0.331263315735,-7.89977404143));
#7539 = CARTESIAN_POINT('',(-0.720126627112,-7.802739675968));
#7540 = ( GEOMETRIC_REPRESENTATION_CONTEXT(2) 
PARAMETRIC_REPRESENTATION_CONTEXT() REPRESENTATION_CONTEXT('2D SPACE',''
  ) );
#7541 = ORIENTED_EDGE('',*,*,#7443,.T.);
#7542 = ORIENTED_EDGE('',*,*,#4068,.T.);
#7543 = ADVANCED_FACE('',(#7544),#4056,.F.);
#7544 = FACE_BOUND('',#7545,.T.);
#7545 = EDGE_LOOP('',(#7546,#7569,#7590,#7591));
#7546 = ORIENTED_EDGE('',*,*,#7547,.F.);
#7547 = EDGE_CURVE('',#7548,#4008,#7550,.T.);
#7548 = VERTEX_POINT('',#7549);
#7549 = CARTESIAN_POINT('',(-6.703309734504,1.340589630806,
    -12.61149060099));
#7550 = SURFACE_CURVE('',#7551,(#7555,#7562),.PCURVE_S1.);
#7551 = LINE('',#7552,#7553);
#7552 = CARTESIAN_POINT('',(-6.703309734504,1.340589630806,
    -12.61149060099));
#7553 = VECTOR('',#7554,1.);
#7554 = DIRECTION('',(-1.296752066396E-05,1.414950665963E-05,
    0.999999999816));
#7555 = PCURVE('',#4056,#7556);
#7556 = DEFINITIONAL_REPRESENTATION('',(#7557),#7561);
#7557 = LINE('',#7558,#7559);
#7558 = CARTESIAN_POINT('',(0.,0.));
#7559 = VECTOR('',#7560,1.);
#7560 = DIRECTION('',(0.,1.));
#7561 = ( GEOMETRIC_REPRESENTATION_CONTEXT(2) 
PARAMETRIC_REPRESENTATION_CONTEXT() REPRESENTATION_CONTEXT('2D SPACE',''
  ) );
#7562 = PCURVE('',#4028,#7563);
#7563 = DEFINITIONAL_REPRESENTATION('',(#7564),#7568);
#7564 = LINE('',#7565,#7566);
#7565 = CARTESIAN_POINT('',(0.436332313002,0.));
#7566 = VECTOR('',#7567,1.);
#7567 = DIRECTION('',(0.,1.));
#7568 = ( GEOMETRIC_REPRESENTATION_CONTEXT(2) 
PARAMETRIC_REPRESENTATION_CONTEXT() REPRESENTATION_CONTEXT('2D SPACE',''
  ) );
#7569 = ORIENTED_EDGE('',*,*,#7570,.T.);
#7570 = EDGE_CURVE('',#7548,#7494,#7571,.T.);
#7571 = SURFACE_CURVE('',#7572,(#7576,#7583),.PCURVE_S1.);
#7572 = LINE('',#7573,#7574);
#7573 = CARTESIAN_POINT('',(-6.703309734504,1.340589630806,
    -12.61149060099));
#7574 = VECTOR('',#7575,1.);
#7575 = DIRECTION('',(-0.992572423277,-0.121655186597,
    -1.114984253845E-05));
#7576 = PCURVE('',#4056,#7577);
#7577 = DEFINITIONAL_REPRESENTATION('',(#7578),#7582);
#7578 = LINE('',#7579,#7580);
#7579 = CARTESIAN_POINT('',(0.,0.));
#7580 = VECTOR('',#7581,1.);
#7581 = DIRECTION('',(-1.,0.));
#7582 = ( GEOMETRIC_REPRESENTATION_CONTEXT(2) 
PARAMETRIC_REPRESENTATION_CONTEXT() REPRESENTATION_CONTEXT('2D SPACE',''
  ) );
#7583 = PCURVE('',#72,#7584);
#7584 = DEFINITIONAL_REPRESENTATION('',(#7585),#7589);
#7585 = LINE('',#7586,#7587);
#7586 = CARTESIAN_POINT('',(-1.338479698991,-6.705446863316));
#7587 = VECTOR('',#7588,1.);
#7588 = DIRECTION('',(0.121869343405,-0.992546151641));
#7589 = ( GEOMETRIC_REPRESENTATION_CONTEXT(2) 
PARAMETRIC_REPRESENTATION_CONTEXT() REPRESENTATION_CONTEXT('2D SPACE',''
  ) );
#7590 = ORIENTED_EDGE('',*,*,#7493,.T.);
#7591 = ORIENTED_EDGE('',*,*,#4040,.F.);
#7592 = ADVANCED_FACE('',(#7593),#4028,.F.);
#7593 = FACE_BOUND('',#7594,.F.);
#7594 = EDGE_LOOP('',(#7595,#7596,#7597,#7625));
#7595 = ORIENTED_EDGE('',*,*,#4007,.T.);
#7596 = ORIENTED_EDGE('',*,*,#7547,.F.);
#7597 = ORIENTED_EDGE('',*,*,#7598,.F.);
#7598 = EDGE_CURVE('',#7599,#7548,#7601,.T.);
#7599 = VERTEX_POINT('',#7600);
#7600 = CARTESIAN_POINT('',(-6.197747341978,1.757159933466,
    -12.61148993936));
#7601 = SURFACE_CURVE('',#7602,(#7607,#7614),.PCURVE_S1.);
#7602 = CIRCLE('',#7603,0.6096);
#7603 = AXIS2_PLACEMENT_3D('',#7604,#7605,#7606);
#7604 = CARTESIAN_POINT('',(-6.777470736146,1.945661780012,
    -12.61150012414));
#7605 = DIRECTION('',(1.296752066396E-05,-1.414950665963E-05,
    -0.999999999816));
#7606 = DIRECTION('',(0.950989819829,-0.309222189215,1.670732156852E-05)
  );
#7607 = PCURVE('',#4028,#7608);
#7608 = DEFINITIONAL_REPRESENTATION('',(#7609),#7613);
#7609 = LINE('',#7610,#7611);
#7610 = CARTESIAN_POINT('',(1.570796326795,0.));
#7611 = VECTOR('',#7612,1.);
#7612 = DIRECTION('',(-1.,0.));
#7613 = ( GEOMETRIC_REPRESENTATION_CONTEXT(2) 
PARAMETRIC_REPRESENTATION_CONTEXT() REPRESENTATION_CONTEXT('2D SPACE',''
  ) );
#7614 = PCURVE('',#72,#7615);
#7615 = DEFINITIONAL_REPRESENTATION('',(#7616),#7624);
#7616 = ( BOUNDED_CURVE() B_SPLINE_CURVE(2,(#7617,#7618,#7619,#7620,
#7621,#7622,#7623),.UNSPECIFIED.,.T.,.F.) B_SPLINE_CURVE_WITH_KNOTS((1,2
    ,2,2,2,1),(-2.094395102393,0.,2.094395102393,4.188790204786,
6.28318530718,8.377580409573),.UNSPECIFIED.) CURVE() 
GEOMETRIC_REPRESENTATION_ITEM() RATIONAL_B_SPLINE_CURVE((1.,0.5,1.,0.5,
1.,0.5,1.)) REPRESENTATION_ITEM('') );
#7617 = CARTESIAN_POINT('',(-1.75515907326,-6.199974362724));
#7618 = CARTESIAN_POINT('',(-0.750978278216,-6.526252481613));
#7619 = CARTESIAN_POINT('',(-1.535633815395,-7.232759500669));
#7620 = CARTESIAN_POINT('',(-2.320289352573,-7.939266519725));
#7621 = CARTESIAN_POINT('',(-2.539814610438,-6.90648138178));
#7622 = CARTESIAN_POINT('',(-2.759339868304,-5.873696243836));
#7623 = CARTESIAN_POINT('',(-1.75515907326,-6.199974362724));
#7624 = ( GEOMETRIC_REPRESENTATION_CONTEXT(2) 
PARAMETRIC_REPRESENTATION_CONTEXT() REPRESENTATION_CONTEXT('2D SPACE',''
  ) );
#7625 = ORIENTED_EDGE('',*,*,#7626,.T.);
#7626 = EDGE_CURVE('',#7599,#3980,#7627,.T.);
#7627 = SURFACE_CURVE('',#7628,(#7632,#7639),.PCURVE_S1.);
#7628 = LINE('',#7629,#7630);
#7629 = CARTESIAN_POINT('',(-6.197747341978,1.757159933466,
    -12.61148993936));
#7630 = VECTOR('',#7631,1.);
#7631 = DIRECTION('',(-1.296752066396E-05,1.414950665963E-05,
    0.999999999816));
#7632 = PCURVE('',#4028,#7633);
#7633 = DEFINITIONAL_REPRESENTATION('',(#7634),#7638);
#7634 = LINE('',#7635,#7636);
#7635 = CARTESIAN_POINT('',(1.570796326795,0.));
#7636 = VECTOR('',#7637,1.);
#7637 = DIRECTION('',(0.,1.));
#7638 = ( GEOMETRIC_REPRESENTATION_CONTEXT(2) 
PARAMETRIC_REPRESENTATION_CONTEXT() REPRESENTATION_CONTEXT('2D SPACE',''
  ) );
#7639 = PCURVE('',#3995,#7640);
#7640 = DEFINITIONAL_REPRESENTATION('',(#7641),#7645);
#7641 = LINE('',#7642,#7643);
#7642 = CARTESIAN_POINT('',(-0.493283938023,-3.550736703902E-16));
#7643 = VECTOR('',#7644,1.);
#7644 = DIRECTION('',(1.694065894509E-21,1.));
#7645 = ( GEOMETRIC_REPRESENTATION_CONTEXT(2) 
PARAMETRIC_REPRESENTATION_CONTEXT() REPRESENTATION_CONTEXT('2D SPACE',''
  ) );
#7646 = ADVANCED_FACE('',(#7647),#3995,.F.);
#7647 = FACE_BOUND('',#7648,.T.);
#7648 = EDGE_LOOP('',(#7649,#7672,#7693,#7694));
#7649 = ORIENTED_EDGE('',*,*,#7650,.F.);
#7650 = EDGE_CURVE('',#7651,#3947,#7653,.T.);
#7651 = VERTEX_POINT('',#7652);
#7652 = CARTESIAN_POINT('',(-6.04521300267,2.226267936832,
    -12.61149459902));
#7653 = SURFACE_CURVE('',#7654,(#7658,#7665),.PCURVE_S1.);
#7654 = LINE('',#7655,#7656);
#7655 = CARTESIAN_POINT('',(-6.04521300267,2.226267936832,
    -12.61149459902));
#7656 = VECTOR('',#7657,1.);
#7657 = DIRECTION('',(-1.296752066396E-05,1.414950665963E-05,
    0.999999999816));
#7658 = PCURVE('',#3995,#7659);
#7659 = DEFINITIONAL_REPRESENTATION('',(#7660),#7664);
#7660 = LINE('',#7661,#7662);
#7661 = CARTESIAN_POINT('',(0.,0.));
#7662 = VECTOR('',#7663,1.);
#7663 = DIRECTION('',(1.694065894509E-21,1.));
#7664 = ( GEOMETRIC_REPRESENTATION_CONTEXT(2) 
PARAMETRIC_REPRESENTATION_CONTEXT() REPRESENTATION_CONTEXT('2D SPACE',''
  ) );
#7665 = PCURVE('',#3967,#7666);
#7666 = DEFINITIONAL_REPRESENTATION('',(#7667),#7671);
#7667 = LINE('',#7668,#7669);
#7668 = CARTESIAN_POINT('',(1.570796326794,0.));
#7669 = VECTOR('',#7670,1.);
#7670 = DIRECTION('',(0.,1.));
#7671 = ( GEOMETRIC_REPRESENTATION_CONTEXT(2) 
PARAMETRIC_REPRESENTATION_CONTEXT() REPRESENTATION_CONTEXT('2D SPACE',''
  ) );
#7672 = ORIENTED_EDGE('',*,*,#7673,.T.);
#7673 = EDGE_CURVE('',#7651,#7599,#7674,.T.);
#7674 = SURFACE_CURVE('',#7675,(#7679,#7686),.PCURVE_S1.);
#7675 = LINE('',#7676,#7677);
#7676 = CARTESIAN_POINT('',(-6.04521300267,2.226267936832,
    -12.61149459902));
#7677 = VECTOR('',#7678,1.);
#7678 = DIRECTION('',(-0.309222189394,-0.95098981987,9.446191660508E-06)
  );
#7679 = PCURVE('',#3995,#7680);
#7680 = DEFINITIONAL_REPRESENTATION('',(#7681),#7685);
#7681 = LINE('',#7682,#7683);
#7682 = CARTESIAN_POINT('',(0.,0.));
#7683 = VECTOR('',#7684,1.);
#7684 = DIRECTION('',(-1.,-1.694065894509E-21));
#7685 = ( GEOMETRIC_REPRESENTATION_CONTEXT(2) 
PARAMETRIC_REPRESENTATION_CONTEXT() REPRESENTATION_CONTEXT('2D SPACE',''
  ) );
#7686 = PCURVE('',#72,#7687);
#7687 = DEFINITIONAL_REPRESENTATION('',(#7688),#7692);
#7688 = LINE('',#7689,#7690);
#7689 = CARTESIAN_POINT('',(-2.224299976901,-6.047541242823));
#7690 = VECTOR('',#7691,1.);
#7691 = DIRECTION('',(0.951056516295,-0.309016994375));
#7692 = ( GEOMETRIC_REPRESENTATION_CONTEXT(2) 
PARAMETRIC_REPRESENTATION_CONTEXT() REPRESENTATION_CONTEXT('2D SPACE',''
  ) );
#7693 = ORIENTED_EDGE('',*,*,#7626,.T.);
#7694 = ORIENTED_EDGE('',*,*,#3979,.F.);
#7695 = ADVANCED_FACE('',(#7696),#3967,.F.);
#7696 = FACE_BOUND('',#7697,.F.);
#7697 = EDGE_LOOP('',(#7698,#7699,#7700,#7728));
#7698 = ORIENTED_EDGE('',*,*,#3946,.T.);
#7699 = ORIENTED_EDGE('',*,*,#7650,.F.);
#7700 = ORIENTED_EDGE('',*,*,#7701,.F.);
#7701 = EDGE_CURVE('',#7702,#7651,#7704,.T.);
#7702 = VERTEX_POINT('',#7703);
#7703 = CARTESIAN_POINT('',(-6.209094012208,2.86051328714,-12.6115056984
    ));
#7704 = SURFACE_CURVE('',#7705,(#7710,#7717),.PCURVE_S1.);
#7705 = CIRCLE('',#7706,0.6096);
#7706 = AXIS2_PLACEMENT_3D('',#7707,#7708,#7709);
#7707 = CARTESIAN_POINT('',(-6.624936396836,2.414769783377,
    -12.6115047838));
#7708 = DIRECTION('',(1.296752066396E-05,-1.414950665963E-05,
    -0.999999999816));
#7709 = DIRECTION('',(0.682156142761,0.731206535044,-1.500337860133E-06)
  );
#7710 = PCURVE('',#3967,#7711);
#7711 = DEFINITIONAL_REPRESENTATION('',(#7712),#7716);
#7712 = LINE('',#7713,#7714);
#7713 = CARTESIAN_POINT('',(2.705260340591,0.));
#7714 = VECTOR('',#7715,1.);
#7715 = DIRECTION('',(-1.,0.));
#7716 = ( GEOMETRIC_REPRESENTATION_CONTEXT(2) 
PARAMETRIC_REPRESENTATION_CONTEXT() REPRESENTATION_CONTEXT('2D SPACE',''
  ) );
#7717 = PCURVE('',#72,#7718);
#7718 = DEFINITIONAL_REPRESENTATION('',(#7719),#7727);
#7719 = ( BOUNDED_CURVE() B_SPLINE_CURVE(2,(#7720,#7721,#7722,#7723,
#7724,#7725,#7726),.UNSPECIFIED.,.T.,.F.) B_SPLINE_CURVE_WITH_KNOTS((1,2
    ,2,2,2,1),(-2.094395102393,0.,2.094395102393,4.188790204786,
6.28318530718,8.377580409573),.UNSPECIFIED.) CURVE() 
GEOMETRIC_REPRESENTATION_ITEM() RATIONAL_B_SPLINE_CURVE((1.,0.5,1.,0.5,
1.,0.5,1.)) REPRESENTATION_ITEM('') );
#7720 = CARTESIAN_POINT('',(-2.858509953179,-6.211559094861));
#7721 = CARTESIAN_POINT('',(-2.138416411216,-5.439353312169));
#7722 = CARTESIAN_POINT('',(-1.829713357437,-6.449075503956));
#7723 = CARTESIAN_POINT('',(-1.521010303658,-7.458797695743));
#7724 = CARTESIAN_POINT('',(-2.5498068994,-7.221281286648));
#7725 = CARTESIAN_POINT('',(-3.578603495142,-6.983764877553));
#7726 = CARTESIAN_POINT('',(-2.858509953179,-6.211559094861));
#7727 = ( GEOMETRIC_REPRESENTATION_CONTEXT(2) 
PARAMETRIC_REPRESENTATION_CONTEXT() REPRESENTATION_CONTEXT('2D SPACE',''
  ) );
#7728 = ORIENTED_EDGE('',*,*,#7729,.T.);
#7729 = EDGE_CURVE('',#7702,#3919,#7730,.T.);
#7730 = SURFACE_CURVE('',#7731,(#7735,#7742),.PCURVE_S1.);
#7731 = LINE('',#7732,#7733);
#7732 = CARTESIAN_POINT('',(-6.209094012208,2.86051328714,-12.6115056984
    ));
#7733 = VECTOR('',#7734,1.);
#7734 = DIRECTION('',(-1.296752066396E-05,1.414950665963E-05,
    0.999999999816));
#7735 = PCURVE('',#3967,#7736);
#7736 = DEFINITIONAL_REPRESENTATION('',(#7737),#7741);
#7737 = LINE('',#7738,#7739);
#7738 = CARTESIAN_POINT('',(2.705260340591,0.));
#7739 = VECTOR('',#7740,1.);
#7740 = DIRECTION('',(0.,1.));
#7741 = ( GEOMETRIC_REPRESENTATION_CONTEXT(2) 
PARAMETRIC_REPRESENTATION_CONTEXT() REPRESENTATION_CONTEXT('2D SPACE',''
  ) );
#7742 = PCURVE('',#3934,#7743);
#7743 = DEFINITIONAL_REPRESENTATION('',(#7744),#7748);
#7744 = LINE('',#7745,#7746);
#7745 = CARTESIAN_POINT('',(-1.001491099252E-15,-0.568803875699));
#7746 = VECTOR('',#7747,1.);
#7747 = DIRECTION('',(-1.,0.));
#7748 = ( GEOMETRIC_REPRESENTATION_CONTEXT(2) 
PARAMETRIC_REPRESENTATION_CONTEXT() REPRESENTATION_CONTEXT('2D SPACE',''
  ) );
#7749 = ADVANCED_FACE('',(#7750),#3934,.F.);
#7750 = FACE_BOUND('',#7751,.T.);
#7751 = EDGE_LOOP('',(#7752,#7775,#7796,#7797));
#7752 = ORIENTED_EDGE('',*,*,#7753,.F.);
#7753 = EDGE_CURVE('',#7754,#3886,#7756,.T.);
#7754 = VERTEX_POINT('',#7755);
#7755 = CARTESIAN_POINT('',(-6.625007123213,3.248526344892,
    -12.61151658196));
#7756 = SURFACE_CURVE('',#7757,(#7761,#7768),.PCURVE_S1.);
#7757 = LINE('',#7758,#7759);
#7758 = CARTESIAN_POINT('',(-6.625007123213,3.248526344892,
    -12.61151658196));
#7759 = VECTOR('',#7760,1.);
#7760 = DIRECTION('',(-1.296752066396E-05,1.414950665963E-05,
    0.999999999816));
#7761 = PCURVE('',#3934,#7762);
#7762 = DEFINITIONAL_REPRESENTATION('',(#7763),#7767);
#7763 = LINE('',#7764,#7765);
#7764 = CARTESIAN_POINT('',(0.,0.));
#7765 = VECTOR('',#7766,1.);
#7766 = DIRECTION('',(-1.,0.));
#7767 = ( GEOMETRIC_REPRESENTATION_CONTEXT(2) 
PARAMETRIC_REPRESENTATION_CONTEXT() REPRESENTATION_CONTEXT('2D SPACE',''
  ) );
#7768 = PCURVE('',#3906,#7769);
#7769 = DEFINITIONAL_REPRESENTATION('',(#7770),#7774);
#7770 = LINE('',#7771,#7772);
#7771 = CARTESIAN_POINT('',(5.846852994182,0.));
#7772 = VECTOR('',#7773,1.);
#7773 = DIRECTION('',(0.,1.));
#7774 = ( GEOMETRIC_REPRESENTATION_CONTEXT(2) 
PARAMETRIC_REPRESENTATION_CONTEXT() REPRESENTATION_CONTEXT('2D SPACE',''
  ) );
#7775 = ORIENTED_EDGE('',*,*,#7776,.T.);
#7776 = EDGE_CURVE('',#7754,#7702,#7777,.T.);
#7777 = SURFACE_CURVE('',#7778,(#7782,#7789),.PCURVE_S1.);
#7778 = LINE('',#7779,#7780);
#7779 = CARTESIAN_POINT('',(-6.625007123213,3.248526344892,
    -12.61151658196));
#7780 = VECTOR('',#7781,1.);
#7781 = DIRECTION('',(0.73120653493,-0.682156142616,1.913410873771E-05)
  );
#7782 = PCURVE('',#3934,#7783);
#7783 = DEFINITIONAL_REPRESENTATION('',(#7784),#7788);
#7784 = LINE('',#7785,#7786);
#7785 = CARTESIAN_POINT('',(0.,0.));
#7786 = VECTOR('',#7787,1.);
#7787 = DIRECTION('',(0.,-1.));
#7788 = ( GEOMETRIC_REPRESENTATION_CONTEXT(2) 
PARAMETRIC_REPRESENTATION_CONTEXT() REPRESENTATION_CONTEXT('2D SPACE',''
  ) );
#7789 = PCURVE('',#72,#7790);
#7790 = DEFINITIONAL_REPRESENTATION('',(#7791),#7795);
#7791 = LINE('',#7792,#7793);
#7792 = CARTESIAN_POINT('',(-3.246433263603,-6.627555914849));
#7793 = VECTOR('',#7794,1.);
#7794 = DIRECTION('',(0.681998360062,0.731353701619));
#7795 = ( GEOMETRIC_REPRESENTATION_CONTEXT(2) 
PARAMETRIC_REPRESENTATION_CONTEXT() REPRESENTATION_CONTEXT('2D SPACE',''
  ) );
#7796 = ORIENTED_EDGE('',*,*,#7729,.T.);
#7797 = ORIENTED_EDGE('',*,*,#3918,.F.);
#7798 = ADVANCED_FACE('',(#7799),#3906,.T.);
#7799 = FACE_BOUND('',#7800,.T.);
#7800 = EDGE_LOOP('',(#7801,#7824,#7850,#7851));
#7801 = ORIENTED_EDGE('',*,*,#7802,.F.);
#7802 = EDGE_CURVE('',#7803,#3857,#7805,.T.);
#7803 = VERTEX_POINT('',#7804);
#7804 = CARTESIAN_POINT('',(-6.733116619121,4.005857054363,
    -12.61152869973));
#7805 = SURFACE_CURVE('',#7806,(#7810,#7817),.PCURVE_S1.);
#7806 = LINE('',#7807,#7808);
#7807 = CARTESIAN_POINT('',(-6.733116619121,4.005857054363,
    -12.61152869973));
#7808 = VECTOR('',#7809,1.);
#7809 = DIRECTION('',(-1.296752066396E-05,1.414950665963E-05,
    0.999999999816));
#7810 = PCURVE('',#3906,#7811);
#7811 = DEFINITIONAL_REPRESENTATION('',(#7812),#7816);
#7812 = LINE('',#7813,#7814);
#7813 = CARTESIAN_POINT('',(4.490260518312,0.));
#7814 = VECTOR('',#7815,1.);
#7815 = DIRECTION('',(0.,1.));
#7816 = ( GEOMETRIC_REPRESENTATION_CONTEXT(2) 
PARAMETRIC_REPRESENTATION_CONTEXT() REPRESENTATION_CONTEXT('2D SPACE',''
  ) );
#7817 = PCURVE('',#3873,#7818);
#7818 = DEFINITIONAL_REPRESENTATION('',(#7819),#7823);
#7819 = LINE('',#7820,#7821);
#7820 = CARTESIAN_POINT('',(3.67788038102,-1.6891));
#7821 = VECTOR('',#7822,1.);
#7822 = DIRECTION('',(0.,-1.));
#7823 = ( GEOMETRIC_REPRESENTATION_CONTEXT(2) 
PARAMETRIC_REPRESENTATION_CONTEXT() REPRESENTATION_CONTEXT('2D SPACE',''
  ) );
#7824 = ORIENTED_EDGE('',*,*,#7825,.F.);
#7825 = EDGE_CURVE('',#7754,#7803,#7826,.T.);
#7826 = SURFACE_CURVE('',#7827,(#7832,#7839),.PCURVE_S1.);
#7827 = CIRCLE('',#7828,0.6096);
#7828 = AXIS2_PLACEMENT_3D('',#7829,#7830,#7831);
#7829 = CARTESIAN_POINT('',(-6.209164738586,3.694269848656,
    -12.61151749657));
#7830 = DIRECTION('',(1.296752066396E-05,-1.414950665963E-05,
    -0.999999999816));
#7831 = DIRECTION('',(-0.682156142761,-0.731206535044,1.500337860133E-06
    ));
#7832 = PCURVE('',#3906,#7833);
#7833 = DEFINITIONAL_REPRESENTATION('',(#7834),#7838);
#7834 = LINE('',#7835,#7836);
#7835 = CARTESIAN_POINT('',(5.846852994181,0.));
#7836 = VECTOR('',#7837,1.);
#7837 = DIRECTION('',(-1.,0.));
#7838 = ( GEOMETRIC_REPRESENTATION_CONTEXT(2) 
PARAMETRIC_REPRESENTATION_CONTEXT() REPRESENTATION_CONTEXT('2D SPACE',''
  ) );
#7839 = PCURVE('',#72,#7840);
#7840 = DEFINITIONAL_REPRESENTATION('',(#7841),#7849);
#7841 = ( BOUNDED_CURVE() B_SPLINE_CURVE(2,(#7842,#7843,#7844,#7845,
#7846,#7847,#7848),.UNSPECIFIED.,.T.,.F.) B_SPLINE_CURVE_WITH_KNOTS((1,2
    ,2,2,2,1),(-2.094395102393,0.,2.094395102393,4.188790204786,
6.28318530718,8.377580409573),.UNSPECIFIED.) CURVE() 
GEOMETRIC_REPRESENTATION_ITEM() RATIONAL_B_SPLINE_CURVE((1.,0.5,1.,0.5,
1.,0.5,1.)) REPRESENTATION_ITEM('') );
#7842 = CARTESIAN_POINT('',(-3.246433263604,-6.627555914849));
#7843 = CARTESIAN_POINT('',(-3.966526805567,-7.399761697541));
#7844 = CARTESIAN_POINT('',(-4.275229859346,-6.390039505754));
#7845 = CARTESIAN_POINT('',(-4.583932913125,-5.380317313967));
#7846 = CARTESIAN_POINT('',(-3.555136317383,-5.617833723062));
#7847 = CARTESIAN_POINT('',(-2.526339721641,-5.855350132157));
#7848 = CARTESIAN_POINT('',(-3.246433263604,-6.627555914849));
#7849 = ( GEOMETRIC_REPRESENTATION_CONTEXT(2) 
PARAMETRIC_REPRESENTATION_CONTEXT() REPRESENTATION_CONTEXT('2D SPACE',''
  ) );
#7850 = ORIENTED_EDGE('',*,*,#7753,.T.);
#7851 = ORIENTED_EDGE('',*,*,#3885,.T.);
#7852 = ADVANCED_FACE('',(#7853),#3873,.T.);
#7853 = FACE_BOUND('',#7854,.T.);
#7854 = EDGE_LOOP('',(#7855,#7878,#7900,#7901));
#7855 = ORIENTED_EDGE('',*,*,#7856,.F.);
#7856 = EDGE_CURVE('',#7857,#3824,#7859,.T.);
#7857 = VERTEX_POINT('',#7858);
#7858 = CARTESIAN_POINT('',(-5.886305612444,5.170863730413,
    -12.61153420296));
#7859 = SURFACE_CURVE('',#7860,(#7864,#7871),.PCURVE_S1.);
#7860 = LINE('',#7861,#7862);
#7861 = CARTESIAN_POINT('',(-5.886305612444,5.170863730413,
    -12.61153420296));
#7862 = VECTOR('',#7863,1.);
#7863 = DIRECTION('',(-1.296752066396E-05,1.414950665963E-05,
    0.999999999816));
#7864 = PCURVE('',#3873,#7865);
#7865 = DEFINITIONAL_REPRESENTATION('',(#7866),#7870);
#7866 = LINE('',#7867,#7868);
#7867 = CARTESIAN_POINT('',(3.861941987595,-1.6891));
#7868 = VECTOR('',#7869,1.);
#7869 = DIRECTION('',(0.,-1.));
#7870 = ( GEOMETRIC_REPRESENTATION_CONTEXT(2) 
PARAMETRIC_REPRESENTATION_CONTEXT() REPRESENTATION_CONTEXT('2D SPACE',''
  ) );
#7871 = PCURVE('',#3844,#7872);
#7872 = DEFINITIONAL_REPRESENTATION('',(#7873),#7877);
#7873 = LINE('',#7874,#7875);
#7874 = CARTESIAN_POINT('',(4.934517442457,0.));
#7875 = VECTOR('',#7876,1.);
#7876 = DIRECTION('',(0.,1.));
#7877 = ( GEOMETRIC_REPRESENTATION_CONTEXT(2) 
PARAMETRIC_REPRESENTATION_CONTEXT() REPRESENTATION_CONTEXT('2D SPACE',''
  ) );
#7878 = ORIENTED_EDGE('',*,*,#7879,.T.);
#7879 = EDGE_CURVE('',#7857,#7803,#7880,.T.);
#7880 = SURFACE_CURVE('',#7881,(#7886,#7893),.PCURVE_S1.);
#7881 = CIRCLE('',#7882,7.8359);
#7882 = AXIS2_PLACEMENT_3D('',#7883,#7884,#7885);
#7883 = CARTESIAN_POINT('',(1.84817857334E-03,6.631810159544E-04,
    -12.61138469241));
#7884 = DIRECTION('',(-1.296752066396E-05,1.414950665963E-05,
    0.999999999816));
#7885 = DIRECTION('',(-0.751432993149,0.65980940918,-1.908020049904E-05)
  );
#7886 = PCURVE('',#3873,#7887);
#7887 = DEFINITIONAL_REPRESENTATION('',(#7888),#7892);
#7888 = LINE('',#7889,#7890);
#7889 = CARTESIAN_POINT('',(3.861941987595,-1.6891));
#7890 = VECTOR('',#7891,1.);
#7891 = DIRECTION('',(-1.,0.));
#7892 = ( GEOMETRIC_REPRESENTATION_CONTEXT(2) 
PARAMETRIC_REPRESENTATION_CONTEXT() REPRESENTATION_CONTEXT('2D SPACE',''
  ) );
#7893 = PCURVE('',#72,#7894);
#7894 = DEFINITIONAL_REPRESENTATION('',(#7895),#7899);
#7895 = CIRCLE('',#7896,7.8359);
#7896 = AXIS2_PLACEMENT_2D('',#7897,#7898);
#7897 = CARTESIAN_POINT('',(0.,0.));
#7898 = DIRECTION('',(-0.659647263039,-0.751575337784));
#7899 = ( GEOMETRIC_REPRESENTATION_CONTEXT(2) 
PARAMETRIC_REPRESENTATION_CONTEXT() REPRESENTATION_CONTEXT('2D SPACE',''
  ) );
#7900 = ORIENTED_EDGE('',*,*,#7802,.T.);
#7901 = ORIENTED_EDGE('',*,*,#3856,.F.);
#7902 = ADVANCED_FACE('',(#7903),#3844,.T.);
#7903 = FACE_BOUND('',#7904,.T.);
#7904 = EDGE_LOOP('',(#7905,#7928,#7954,#7955));
#7905 = ORIENTED_EDGE('',*,*,#7906,.F.);
#7906 = EDGE_CURVE('',#7907,#3796,#7909,.T.);
#7907 = VERTEX_POINT('',#7908);
#7908 = CARTESIAN_POINT('',(-5.132577084574,5.30174830923,
    -12.61152628092));
#7909 = SURFACE_CURVE('',#7910,(#7914,#7921),.PCURVE_S1.);
#7910 = LINE('',#7911,#7912);
#7911 = CARTESIAN_POINT('',(-5.132577084574,5.30174830923,
    -12.61152628092));
#7912 = VECTOR('',#7913,1.);
#7913 = DIRECTION('',(-1.296752066396E-05,1.414950665963E-05,
    0.999999999816));
#7914 = PCURVE('',#3844,#7915);
#7915 = DEFINITIONAL_REPRESENTATION('',(#7916),#7920);
#7916 = LINE('',#7917,#7918);
#7917 = CARTESIAN_POINT('',(3.577924966584,0.));
#7918 = VECTOR('',#7919,1.);
#7919 = DIRECTION('',(0.,1.));
#7920 = ( GEOMETRIC_REPRESENTATION_CONTEXT(2) 
PARAMETRIC_REPRESENTATION_CONTEXT() REPRESENTATION_CONTEXT('2D SPACE',''
  ) );
#7921 = PCURVE('',#3811,#7922);
#7922 = DEFINITIONAL_REPRESENTATION('',(#7923),#7927);
#7923 = LINE('',#7924,#7925);
#7924 = CARTESIAN_POINT('',(1.69645452742E-16,0.5688038757));
#7925 = VECTOR('',#7926,1.);
#7926 = DIRECTION('',(1.,0.));
#7927 = ( GEOMETRIC_REPRESENTATION_CONTEXT(2) 
PARAMETRIC_REPRESENTATION_CONTEXT() REPRESENTATION_CONTEXT('2D SPACE',''
  ) );
#7928 = ORIENTED_EDGE('',*,*,#7929,.F.);
#7929 = EDGE_CURVE('',#7857,#7907,#7930,.T.);
#7930 = SURFACE_CURVE('',#7931,(#7936,#7943),.PCURVE_S1.);
#7931 = CIRCLE('',#7932,0.6096);
#7932 = AXIS2_PLACEMENT_3D('',#7933,#7934,#7935);
#7933 = CARTESIAN_POINT('',(-5.428232059821,4.768643914577,
    -12.61152257167));
#7934 = DIRECTION('',(1.296752066396E-05,-1.414950665963E-05,
    -0.999999999816));
#7935 = DIRECTION('',(-0.75143299315,0.659809409179,-1.908020049904E-05)
  );
#7936 = PCURVE('',#3844,#7937);
#7937 = DEFINITIONAL_REPRESENTATION('',(#7938),#7942);
#7938 = LINE('',#7939,#7940);
#7939 = CARTESIAN_POINT('',(4.934517442457,0.));
#7940 = VECTOR('',#7941,1.);
#7941 = DIRECTION('',(-1.,0.));
#7942 = ( GEOMETRIC_REPRESENTATION_CONTEXT(2) 
PARAMETRIC_REPRESENTATION_CONTEXT() REPRESENTATION_CONTEXT('2D SPACE',''
  ) );
#7943 = PCURVE('',#72,#7944);
#7944 = DEFINITIONAL_REPRESENTATION('',(#7945),#7953);
#7945 = ( BOUNDED_CURVE() B_SPLINE_CURVE(2,(#7946,#7947,#7948,#7949,
#7950,#7951,#7952),.UNSPECIFIED.,.T.,.F.) B_SPLINE_CURVE_WITH_KNOTS((1,2
    ,2,2,2,1),(-2.094395102393,0.,2.094395102393,4.188790204786,
6.28318530718,8.377580409573),.UNSPECIFIED.) CURVE() 
GEOMETRIC_REPRESENTATION_ITEM() RATIONAL_B_SPLINE_CURVE((1.,0.5,1.,0.5,
1.,0.5,1.)) REPRESENTATION_ITEM('') );
#7946 = CARTESIAN_POINT('',(-5.168929988447,-5.889269189344));
#7947 = CARTESIAN_POINT('',(-5.962486950942,-5.192775235834));
#7948 = CARTESIAN_POINT('',(-4.962527012372,-4.853781723718));
#7949 = CARTESIAN_POINT('',(-3.962567073803,-4.514788211603));
#7950 = CARTESIAN_POINT('',(-4.168970049878,-5.550275677228));
#7951 = CARTESIAN_POINT('',(-4.375373025952,-6.585763142854));
#7952 = CARTESIAN_POINT('',(-5.168929988447,-5.889269189344));
#7953 = ( GEOMETRIC_REPRESENTATION_CONTEXT(2) 
PARAMETRIC_REPRESENTATION_CONTEXT() REPRESENTATION_CONTEXT('2D SPACE',''
  ) );
#7954 = ORIENTED_EDGE('',*,*,#7856,.T.);
#7955 = ORIENTED_EDGE('',*,*,#3823,.T.);
#7956 = ADVANCED_FACE('',(#7957),#3811,.F.);
#7957 = FACE_BOUND('',#7958,.T.);
#7958 = EDGE_LOOP('',(#7959,#7982,#8003,#8004));
#7959 = ORIENTED_EDGE('',*,*,#7960,.F.);
#7960 = EDGE_CURVE('',#7961,#3763,#7963,.T.);
#7961 = VERTEX_POINT('',#7962);
#7962 = CARTESIAN_POINT('',(-4.635149515995,5.025879385788,
    -12.61151592711));
#7963 = SURFACE_CURVE('',#7964,(#7968,#7975),.PCURVE_S1.);
#7964 = LINE('',#7965,#7966);
#7965 = CARTESIAN_POINT('',(-4.635149515995,5.025879385788,
    -12.61151592711));
#7966 = VECTOR('',#7967,1.);
#7967 = DIRECTION('',(-1.296752066396E-05,1.414950665963E-05,
    0.999999999816));
#7968 = PCURVE('',#3811,#7969);
#7969 = DEFINITIONAL_REPRESENTATION('',(#7970),#7974);
#7970 = LINE('',#7971,#7972);
#7971 = CARTESIAN_POINT('',(0.,0.));
#7972 = VECTOR('',#7973,1.);
#7973 = DIRECTION('',(1.,0.));
#7974 = ( GEOMETRIC_REPRESENTATION_CONTEXT(2) 
PARAMETRIC_REPRESENTATION_CONTEXT() REPRESENTATION_CONTEXT('2D SPACE',''
  ) );
#7975 = PCURVE('',#3783,#7976);
#7976 = DEFINITIONAL_REPRESENTATION('',(#7977),#7981);
#7977 = LINE('',#7978,#7979);
#7978 = CARTESIAN_POINT('',(0.436332313,0.));
#7979 = VECTOR('',#7980,1.);
#7980 = DIRECTION('',(0.,1.));
#7981 = ( GEOMETRIC_REPRESENTATION_CONTEXT(2) 
PARAMETRIC_REPRESENTATION_CONTEXT() REPRESENTATION_CONTEXT('2D SPACE',''
  ) );
#7982 = ORIENTED_EDGE('',*,*,#7983,.T.);
#7983 = EDGE_CURVE('',#7961,#7907,#7984,.T.);
#7984 = SURFACE_CURVE('',#7985,(#7989,#7996),.PCURVE_S1.);
#7985 = LINE('',#7986,#7987);
#7986 = CARTESIAN_POINT('',(-4.635149515995,5.025879385788,
    -12.61151592711));
#7987 = VECTOR('',#7988,1.);
#7988 = DIRECTION('',(-0.87451508302,0.484998318801,-1.820277935514E-05)
  );
#7989 = PCURVE('',#3811,#7990);
#7990 = DEFINITIONAL_REPRESENTATION('',(#7991),#7995);
#7991 = LINE('',#7992,#7993);
#7992 = CARTESIAN_POINT('',(0.,0.));
#7993 = VECTOR('',#7994,1.);
#7994 = DIRECTION('',(0.,1.));
#7995 = ( GEOMETRIC_REPRESENTATION_CONTEXT(2) 
PARAMETRIC_REPRESENTATION_CONTEXT() REPRESENTATION_CONTEXT('2D SPACE',''
  ) );
#7996 = PCURVE('',#72,#7997);
#7997 = DEFINITIONAL_REPRESENTATION('',(#7998),#8002);
#7998 = LINE('',#7999,#8000);
#7999 = CARTESIAN_POINT('',(-5.024215599397,-4.638081839741));
#8000 = VECTOR('',#8001,1.);
#8001 = DIRECTION('',(-0.484809620246,-0.874619707139));
#8002 = ( GEOMETRIC_REPRESENTATION_CONTEXT(2) 
PARAMETRIC_REPRESENTATION_CONTEXT() REPRESENTATION_CONTEXT('2D SPACE',''
  ) );
#8003 = ORIENTED_EDGE('',*,*,#7906,.T.);
#8004 = ORIENTED_EDGE('',*,*,#3795,.F.);
#8005 = ADVANCED_FACE('',(#8006),#3783,.F.);
#8006 = FACE_BOUND('',#8007,.F.);
#8007 = EDGE_LOOP('',(#8008,#8009,#8010,#8038));
#8008 = ORIENTED_EDGE('',*,*,#3762,.T.);
#8009 = ORIENTED_EDGE('',*,*,#7960,.F.);
#8010 = ORIENTED_EDGE('',*,*,#8011,.F.);
#8011 = EDGE_CURVE('',#8012,#7961,#8014,.T.);
#8012 = VERTEX_POINT('',#8013);
#8013 = CARTESIAN_POINT('',(-3.981287068327,5.065729721603,-12.611508012
    ));
#8014 = SURFACE_CURVE('',#8015,(#8020,#8027),.PCURVE_S1.);
#8015 = CIRCLE('',#8016,0.6096);
#8016 = AXIS2_PLACEMENT_3D('',#8017,#8018,#8019);
#8017 = CARTESIAN_POINT('',(-4.339494540751,5.558983780445,
    -12.61151963636));
#8018 = DIRECTION('',(1.296752066396E-05,-1.414950665963E-05,
    -0.999999999816));
#8019 = DIRECTION('',(0.587610683112,-0.809143797312,1.90688392278E-05)
  );
#8020 = PCURVE('',#3783,#8021);
#8021 = DEFINITIONAL_REPRESENTATION('',(#8022),#8026);
#8022 = LINE('',#8023,#8024);
#8023 = CARTESIAN_POINT('',(1.570796326795,0.));
#8024 = VECTOR('',#8025,1.);
#8025 = DIRECTION('',(-1.,0.));
#8026 = ( GEOMETRIC_REPRESENTATION_CONTEXT(2) 
PARAMETRIC_REPRESENTATION_CONTEXT() REPRESENTATION_CONTEXT('2D SPACE',''
  ) );
#8027 = PCURVE('',#72,#8028);
#8028 = DEFINITIONAL_REPRESENTATION('',(#8029),#8037);
#8029 = ( BOUNDED_CURVE() B_SPLINE_CURVE(2,(#8030,#8031,#8032,#8033,
#8034,#8035,#8036),.UNSPECIFIED.,.T.,.F.) B_SPLINE_CURVE_WITH_KNOTS((1,2
    ,2,2,2,1),(-2.094395102393,0.,2.094395102393,4.188790204786,
6.28318530718,8.377580409573),.UNSPECIFIED.) CURVE() 
GEOMETRIC_REPRESENTATION_ITEM() RATIONAL_B_SPLINE_CURVE((1.,0.5,1.,0.5,
1.,0.5,1.)) REPRESENTATION_ITEM('') );
#8030 = CARTESIAN_POINT('',(-5.0642070131,-3.984228005441));
#8031 = CARTESIAN_POINT('',(-4.443589150913,-4.838435210477));
#8032 = CARTESIAN_POINT('',(-5.493663221663,-4.948802442655));
#8033 = CARTESIAN_POINT('',(-6.543737292413,-5.059169674834));
#8034 = CARTESIAN_POINT('',(-6.11428108385,-4.09459523762));
#8035 = CARTESIAN_POINT('',(-5.684824875287,-3.130020800406));
#8036 = CARTESIAN_POINT('',(-5.0642070131,-3.984228005441));
#8037 = ( GEOMETRIC_REPRESENTATION_CONTEXT(2) 
PARAMETRIC_REPRESENTATION_CONTEXT() REPRESENTATION_CONTEXT('2D SPACE',''
  ) );
#8038 = ORIENTED_EDGE('',*,*,#8039,.T.);
#8039 = EDGE_CURVE('',#8012,#3735,#8040,.T.);
#8040 = SURFACE_CURVE('',#8041,(#8045,#8052),.PCURVE_S1.);
#8041 = LINE('',#8042,#8043);
#8042 = CARTESIAN_POINT('',(-3.981287068327,5.065729721603,-12.611508012
    ));
#8043 = VECTOR('',#8044,1.);
#8044 = DIRECTION('',(-1.296752066396E-05,1.414950665963E-05,
    0.999999999816));
#8045 = PCURVE('',#3783,#8046);
#8046 = DEFINITIONAL_REPRESENTATION('',(#8047),#8051);
#8047 = LINE('',#8048,#8049);
#8048 = CARTESIAN_POINT('',(1.570796326794,0.));
#8049 = VECTOR('',#8050,1.);
#8050 = DIRECTION('',(0.,1.));
#8051 = ( GEOMETRIC_REPRESENTATION_CONTEXT(2) 
PARAMETRIC_REPRESENTATION_CONTEXT() REPRESENTATION_CONTEXT('2D SPACE',''
  ) );
#8052 = PCURVE('',#3750,#8053);
#8053 = DEFINITIONAL_REPRESENTATION('',(#8054),#8058);
#8054 = LINE('',#8055,#8056);
#8055 = CARTESIAN_POINT('',(-0.493283938022,6.743017534855E-17));
#8056 = VECTOR('',#8057,1.);
#8057 = DIRECTION('',(1.270549420881E-21,1.));
#8058 = ( GEOMETRIC_REPRESENTATION_CONTEXT(2) 
PARAMETRIC_REPRESENTATION_CONTEXT() REPRESENTATION_CONTEXT('2D SPACE',''
  ) );
#8059 = ADVANCED_FACE('',(#8060),#3750,.F.);
#8060 = FACE_BOUND('',#8061,.T.);
#8061 = EDGE_LOOP('',(#8062,#8085,#8106,#8107));
#8062 = ORIENTED_EDGE('',*,*,#8063,.F.);
#8063 = EDGE_CURVE('',#8064,#3702,#8066,.T.);
#8064 = VERTEX_POINT('',#8065);
#8065 = CARTESIAN_POINT('',(-3.582149429503,5.35558863346,
    -12.61150693753));
#8066 = SURFACE_CURVE('',#8067,(#8071,#8078),.PCURVE_S1.);
#8067 = LINE('',#8068,#8069);
#8068 = CARTESIAN_POINT('',(-3.582149429503,5.35558863346,
    -12.61150693753));
#8069 = VECTOR('',#8070,1.);
#8070 = DIRECTION('',(-1.296752066396E-05,1.414950665963E-05,
    0.999999999816));
#8071 = PCURVE('',#3750,#8072);
#8072 = DEFINITIONAL_REPRESENTATION('',(#8073),#8077);
#8073 = LINE('',#8074,#8075);
#8074 = CARTESIAN_POINT('',(0.,0.));
#8075 = VECTOR('',#8076,1.);
#8076 = DIRECTION('',(1.270549420881E-21,1.));
#8077 = ( GEOMETRIC_REPRESENTATION_CONTEXT(2) 
PARAMETRIC_REPRESENTATION_CONTEXT() REPRESENTATION_CONTEXT('2D SPACE',''
  ) );
#8078 = PCURVE('',#3722,#8079);
#8079 = DEFINITIONAL_REPRESENTATION('',(#8080),#8084);
#8080 = LINE('',#8081,#8082);
#8081 = CARTESIAN_POINT('',(1.570796326794,0.));
#8082 = VECTOR('',#8083,1.);
#8083 = DIRECTION('',(0.,1.));
#8084 = ( GEOMETRIC_REPRESENTATION_CONTEXT(2) 
PARAMETRIC_REPRESENTATION_CONTEXT() REPRESENTATION_CONTEXT('2D SPACE',''
  ) );
#8085 = ORIENTED_EDGE('',*,*,#8086,.T.);
#8086 = EDGE_CURVE('',#8064,#8012,#8087,.T.);
#8087 = SURFACE_CURVE('',#8088,(#8092,#8099),.PCURVE_S1.);
#8088 = LINE('',#8089,#8090);
#8089 = CARTESIAN_POINT('',(-3.582149429503,5.35558863346,
    -12.61150693753));
#8090 = VECTOR('',#8091,1.);
#8091 = DIRECTION('',(-0.809143797433,-0.587610683251,
    -2.178187637803E-06));
#8092 = PCURVE('',#3750,#8093);
#8093 = DEFINITIONAL_REPRESENTATION('',(#8094),#8098);
#8094 = LINE('',#8095,#8096);
#8095 = CARTESIAN_POINT('',(0.,0.));
#8096 = VECTOR('',#8097,1.);
#8097 = DIRECTION('',(-1.,-2.117582368136E-21));
#8098 = ( GEOMETRIC_REPRESENTATION_CONTEXT(2) 
PARAMETRIC_REPRESENTATION_CONTEXT() REPRESENTATION_CONTEXT('2D SPACE',''
  ) );
#8099 = PCURVE('',#72,#8100);
#8100 = DEFINITIONAL_REPRESENTATION('',(#8101),#8105);
#8101 = LINE('',#8102,#8103);
#8102 = CARTESIAN_POINT('',(-5.354152037062,-3.58515291653));
#8103 = VECTOR('',#8104,1.);
#8104 = DIRECTION('',(0.587785252293,-0.809016994375));
#8105 = ( GEOMETRIC_REPRESENTATION_CONTEXT(2) 
PARAMETRIC_REPRESENTATION_CONTEXT() REPRESENTATION_CONTEXT('2D SPACE',''
  ) );
#8106 = ORIENTED_EDGE('',*,*,#8039,.T.);
#8107 = ORIENTED_EDGE('',*,*,#3734,.F.);
#8108 = ADVANCED_FACE('',(#8109),#3722,.F.);
#8109 = FACE_BOUND('',#8110,.F.);
#8110 = EDGE_LOOP('',(#8111,#8112,#8113,#8141));
#8111 = ORIENTED_EDGE('',*,*,#3701,.T.);
#8112 = ORIENTED_EDGE('',*,*,#8063,.F.);
#8113 = ORIENTED_EDGE('',*,*,#8114,.F.);
#8114 = EDGE_CURVE('',#8115,#8064,#8117,.T.);
#8115 = VERTEX_POINT('',#8116);
#8116 = CARTESIAN_POINT('',(-3.341931888005,5.96503074107,
    -12.61151244581));
#8117 = SURFACE_CURVE('',#8118,(#8123,#8130),.PCURVE_S1.);
#8118 = CIRCLE('',#8119,0.6096);
#8119 = AXIS2_PLACEMENT_3D('',#8120,#8121,#8122);
#8120 = CARTESIAN_POINT('',(-3.940356901927,5.848842692302,
    -12.6115185619));
#8121 = DIRECTION('',(1.296752066396E-05,-1.414950665963E-05,
    -0.999999999816));
#8122 = DIRECTION('',(0.981668329923,0.190597192858,1.003294810563E-05)
  );
#8123 = PCURVE('',#3722,#8124);
#8124 = DEFINITIONAL_REPRESENTATION('',(#8125),#8129);
#8125 = LINE('',#8126,#8127);
#8126 = CARTESIAN_POINT('',(2.705260340591,0.));
#8127 = VECTOR('',#8128,1.);
#8128 = DIRECTION('',(-1.,0.));
#8129 = ( GEOMETRIC_REPRESENTATION_CONTEXT(2) 
PARAMETRIC_REPRESENTATION_CONTEXT() REPRESENTATION_CONTEXT('2D SPACE',''
  ) );
#8130 = PCURVE('',#72,#8131);
#8131 = DEFINITIONAL_REPRESENTATION('',(#8132),#8140);
#8132 = ( BOUNDED_CURVE() B_SPLINE_CURVE(2,(#8133,#8134,#8135,#8136,
#8137,#8138,#8139),.UNSPECIFIED.,.T.,.F.) B_SPLINE_CURVE_WITH_KNOTS((1,2
    ,2,2,2,1),(-2.094395102393,0.,2.094395102393,4.188790204786,
6.28318530718,8.377580409573),.UNSPECIFIED.) CURVE() 
GEOMETRIC_REPRESENTATION_ITEM() RATIONAL_B_SPLINE_CURVE((1.,0.5,1.,0.5,
1.,0.5,1.)) REPRESENTATION_ITEM('') );
#8133 = CARTESIAN_POINT('',(-5.963645960415,-3.345066875297));
#8134 = CARTESIAN_POINT('',(-4.927186876626,-3.143599638181));
#8135 = CARTESIAN_POINT('',(-5.270940673148,-4.141933153284));
#8136 = CARTESIAN_POINT('',(-5.614694469669,-5.140266668386));
#8137 = CARTESIAN_POINT('',(-6.307399756937,-4.3434003904));
#8138 = CARTESIAN_POINT('',(-7.000105044204,-3.546534112413));
#8139 = CARTESIAN_POINT('',(-5.963645960415,-3.345066875297));
#8140 = ( GEOMETRIC_REPRESENTATION_CONTEXT(2) 
PARAMETRIC_REPRESENTATION_CONTEXT() REPRESENTATION_CONTEXT('2D SPACE',''
  ) );
#8141 = ORIENTED_EDGE('',*,*,#8142,.T.);
#8142 = EDGE_CURVE('',#8115,#3674,#8143,.T.);
#8143 = SURFACE_CURVE('',#8144,(#8148,#8155),.PCURVE_S1.);
#8144 = LINE('',#8145,#8146);
#8145 = CARTESIAN_POINT('',(-3.341931888005,5.96503074107,
    -12.61151244581));
#8146 = VECTOR('',#8147,1.);
#8147 = DIRECTION('',(-1.296752066396E-05,1.414950665963E-05,
    0.999999999816));
#8148 = PCURVE('',#3722,#8149);
#8149 = DEFINITIONAL_REPRESENTATION('',(#8150),#8154);
#8150 = LINE('',#8151,#8152);
#8151 = CARTESIAN_POINT('',(2.705260340593,0.));
#8152 = VECTOR('',#8153,1.);
#8153 = DIRECTION('',(0.,1.));
#8154 = ( GEOMETRIC_REPRESENTATION_CONTEXT(2) 
PARAMETRIC_REPRESENTATION_CONTEXT() REPRESENTATION_CONTEXT('2D SPACE',''
  ) );
#8155 = PCURVE('',#3689,#8156);
#8156 = DEFINITIONAL_REPRESENTATION('',(#8157),#8161);
#8157 = LINE('',#8158,#8159);
#8158 = CARTESIAN_POINT('',(-9.611113445905E-16,-0.568803875699));
#8159 = VECTOR('',#8160,1.);
#8160 = DIRECTION('',(-1.,0.));
#8161 = ( GEOMETRIC_REPRESENTATION_CONTEXT(2) 
PARAMETRIC_REPRESENTATION_CONTEXT() REPRESENTATION_CONTEXT('2D SPACE',''
  ) );
#8162 = ADVANCED_FACE('',(#8163),#3689,.F.);
#8163 = FACE_BOUND('',#8164,.T.);
#8164 = EDGE_LOOP('',(#8165,#8188,#8209,#8210));
#8165 = ORIENTED_EDGE('',*,*,#8166,.F.);
#8166 = EDGE_CURVE('',#8167,#3646,#8169,.T.);
#8167 = VERTEX_POINT('',#8168);
#8168 = CARTESIAN_POINT('',(-3.4503443099,6.523407491752,-12.61152175241
    ));
#8169 = SURFACE_CURVE('',#8170,(#8174,#8181),.PCURVE_S1.);
#8170 = LINE('',#8171,#8172);
#8171 = CARTESIAN_POINT('',(-3.4503443099,6.523407491752,-12.61152175241
    ));
#8172 = VECTOR('',#8173,1.);
#8173 = DIRECTION('',(-1.296752066396E-05,1.414950665963E-05,
    0.999999999816));
#8174 = PCURVE('',#3689,#8175);
#8175 = DEFINITIONAL_REPRESENTATION('',(#8176),#8180);
#8176 = LINE('',#8177,#8178);
#8177 = CARTESIAN_POINT('',(0.,0.));
#8178 = VECTOR('',#8179,1.);
#8179 = DIRECTION('',(-1.,0.));
#8180 = ( GEOMETRIC_REPRESENTATION_CONTEXT(2) 
PARAMETRIC_REPRESENTATION_CONTEXT() REPRESENTATION_CONTEXT('2D SPACE',''
  ) );
#8181 = PCURVE('',#2876,#8182);
#8182 = DEFINITIONAL_REPRESENTATION('',(#8183),#8187);
#8183 = LINE('',#8184,#8185);
#8184 = CARTESIAN_POINT('',(5.846852994184,0.));
#8185 = VECTOR('',#8186,1.);
#8186 = DIRECTION('',(0.,1.));
#8187 = ( GEOMETRIC_REPRESENTATION_CONTEXT(2) 
PARAMETRIC_REPRESENTATION_CONTEXT() REPRESENTATION_CONTEXT('2D SPACE',''
  ) );
#8188 = ORIENTED_EDGE('',*,*,#8189,.T.);
#8189 = EDGE_CURVE('',#8167,#8115,#8190,.T.);
#8190 = SURFACE_CURVE('',#8191,(#8195,#8202),.PCURVE_S1.);
#8191 = LINE('',#8192,#8193);
#8192 = CARTESIAN_POINT('',(-3.4503443099,6.523407491752,-12.61152175241
    ));
#8193 = VECTOR('',#8194,1.);
#8194 = DIRECTION('',(0.19059719268,-0.981668329873,1.636169560866E-05)
  );
#8195 = PCURVE('',#3689,#8196);
#8196 = DEFINITIONAL_REPRESENTATION('',(#8197),#8201);
#8197 = LINE('',#8198,#8199);
#8198 = CARTESIAN_POINT('',(0.,0.));
#8199 = VECTOR('',#8200,1.);
#8200 = DIRECTION('',(0.,-1.));
#8201 = ( GEOMETRIC_REPRESENTATION_CONTEXT(2) 
PARAMETRIC_REPRESENTATION_CONTEXT() REPRESENTATION_CONTEXT('2D SPACE',''
  ) );
#8202 = PCURVE('',#72,#8203);
#8203 = DEFINITIONAL_REPRESENTATION('',(#8204),#8208);
#8204 = LINE('',#8205,#8206);
#8205 = CARTESIAN_POINT('',(-6.521999306852,-3.453599771385));
#8206 = VECTOR('',#8207,1.);
#8207 = DIRECTION('',(0.981627183448,0.190808995376));
#8208 = ( GEOMETRIC_REPRESENTATION_CONTEXT(2) 
PARAMETRIC_REPRESENTATION_CONTEXT() REPRESENTATION_CONTEXT('2D SPACE',''
  ) );
#8209 = ORIENTED_EDGE('',*,*,#8142,.T.);
#8210 = ORIENTED_EDGE('',*,*,#3673,.F.);
#8211 = ADVANCED_FACE('',(#8212),#3429,.T.);
#8212 = FACE_BOUND('',#8213,.T.);
#8213 = EDGE_LOOP('',(#8214,#8237,#8265,#8286));
#8214 = ORIENTED_EDGE('',*,*,#8215,.F.);
#8215 = EDGE_CURVE('',#8216,#3381,#8218,.T.);
#8216 = VERTEX_POINT('',#8217);
#8217 = CARTESIAN_POINT('',(3.456855071513,6.521917179058,
    -12.61143216207));
#8218 = SURFACE_CURVE('',#8219,(#8223,#8230),.PCURVE_S1.);
#8219 = LINE('',#8220,#8221);
#8220 = CARTESIAN_POINT('',(3.456855071513,6.521917179058,
    -12.61143216207));
#8221 = VECTOR('',#8222,1.);
#8222 = DIRECTION('',(-1.296752066396E-05,1.414950665963E-05,
    0.999999999816));
#8223 = PCURVE('',#3429,#8224);
#8224 = DEFINITIONAL_REPRESENTATION('',(#8225),#8229);
#8225 = LINE('',#8226,#8227);
#8226 = CARTESIAN_POINT('',(3.577924966586,0.));
#8227 = VECTOR('',#8228,1.);
#8228 = DIRECTION('',(0.,1.));
#8229 = ( GEOMETRIC_REPRESENTATION_CONTEXT(2) 
PARAMETRIC_REPRESENTATION_CONTEXT() REPRESENTATION_CONTEXT('2D SPACE',''
  ) );
#8230 = PCURVE('',#3396,#8231);
#8231 = DEFINITIONAL_REPRESENTATION('',(#8232),#8236);
#8232 = LINE('',#8233,#8234);
#8233 = CARTESIAN_POINT('',(-1.163138019873E-15,0.568803875699));
#8234 = VECTOR('',#8235,1.);
#8235 = DIRECTION('',(1.,1.694065894509E-21));
#8236 = ( GEOMETRIC_REPRESENTATION_CONTEXT(2) 
PARAMETRIC_REPRESENTATION_CONTEXT() REPRESENTATION_CONTEXT('2D SPACE',''
  ) );
#8237 = ORIENTED_EDGE('',*,*,#8238,.F.);
#8238 = EDGE_CURVE('',#8239,#8216,#8241,.T.);
#8239 = VERTEX_POINT('',#8240);
#8240 = CARTESIAN_POINT('',(3.09946151582,7.198310047812,-12.6114463672)
  );
#8241 = SURFACE_CURVE('',#8242,(#8247,#8254),.PCURVE_S1.);
#8242 = CIRCLE('',#8243,0.6096);
#8243 = AXIS2_PLACEMENT_3D('',#8244,#8245,#8246);
#8244 = CARTESIAN_POINT('',(2.858480251333,6.638363452018,
    -12.61144156916));
#8245 = DIRECTION('',(1.296752066396E-05,-1.414950665963E-05,
    -0.999999999816));
#8246 = DIRECTION('',(0.395310473239,0.918547565282,-7.870798163187E-06)
  );
#8247 = PCURVE('',#3429,#8248);
#8248 = DEFINITIONAL_REPRESENTATION('',(#8249),#8253);
#8249 = LINE('',#8250,#8251);
#8250 = CARTESIAN_POINT('',(4.934517442456,0.));
#8251 = VECTOR('',#8252,1.);
#8252 = DIRECTION('',(-1.,0.));
#8253 = ( GEOMETRIC_REPRESENTATION_CONTEXT(2) 
PARAMETRIC_REPRESENTATION_CONTEXT() REPRESENTATION_CONTEXT('2D SPACE',''
  ) );
#8254 = PCURVE('',#72,#8255);
#8255 = DEFINITIONAL_REPRESENTATION('',(#8256),#8264);
#8256 = ( BOUNDED_CURVE() B_SPLINE_CURVE(2,(#8257,#8258,#8259,#8260,
#8261,#8262,#8263),.UNSPECIFIED.,.T.,.F.) B_SPLINE_CURVE_WITH_KNOTS((1,2
    ,2,2,2,1),(-2.094395102393,0.,2.094395102393,4.188790204786,
6.28318530718,8.377580409573),.UNSPECIFIED.) CURVE() 
GEOMETRIC_REPRESENTATION_ITEM() RATIONAL_B_SPLINE_CURVE((1.,0.5,1.,0.5,
1.,0.5,1.)) REPRESENTATION_ITEM('') );
#8257 = CARTESIAN_POINT('',(-7.198315047905,3.096060283831));
#8258 = CARTESIAN_POINT('',(-6.781132522273,4.066006272176));
#8259 = CARTESIAN_POINT('',(-6.149725918883,3.219742612791));
#8260 = CARTESIAN_POINT('',(-5.518319315494,2.373478953406));
#8261 = CARTESIAN_POINT('',(-6.566908444516,2.249796624446));
#8262 = CARTESIAN_POINT('',(-7.615497573538,2.126114295486));
#8263 = CARTESIAN_POINT('',(-7.198315047905,3.096060283831));
#8264 = ( GEOMETRIC_REPRESENTATION_CONTEXT(2) 
PARAMETRIC_REPRESENTATION_CONTEXT() REPRESENTATION_CONTEXT('2D SPACE',''
  ) );
#8265 = ORIENTED_EDGE('',*,*,#8266,.T.);
#8266 = EDGE_CURVE('',#8239,#3409,#8267,.T.);
#8267 = SURFACE_CURVE('',#8268,(#8272,#8279),.PCURVE_S1.);
#8268 = LINE('',#8269,#8270);
#8269 = CARTESIAN_POINT('',(3.09946151582,7.198310047812,-12.6114463672)
  );
#8270 = VECTOR('',#8271,1.);
#8271 = DIRECTION('',(-1.296752066396E-05,1.414950665963E-05,
    0.999999999816));
#8272 = PCURVE('',#3429,#8273);
#8273 = DEFINITIONAL_REPRESENTATION('',(#8274),#8278);
#8274 = LINE('',#8275,#8276);
#8275 = CARTESIAN_POINT('',(4.934517442454,0.));
#8276 = VECTOR('',#8277,1.);
#8277 = DIRECTION('',(0.,1.));
#8278 = ( GEOMETRIC_REPRESENTATION_CONTEXT(2) 
PARAMETRIC_REPRESENTATION_CONTEXT() REPRESENTATION_CONTEXT('2D SPACE',''
  ) );
#8279 = PCURVE('',#1096,#8280);
#8280 = DEFINITIONAL_REPRESENTATION('',(#8281),#8285);
#8281 = LINE('',#8282,#8283);
#8282 = CARTESIAN_POINT('',(5.118579049031,-1.6891));
#8283 = VECTOR('',#8284,1.);
#8284 = DIRECTION('',(0.,-1.));
#8285 = ( GEOMETRIC_REPRESENTATION_CONTEXT(2) 
PARAMETRIC_REPRESENTATION_CONTEXT() REPRESENTATION_CONTEXT('2D SPACE',''
  ) );
#8286 = ORIENTED_EDGE('',*,*,#3408,.T.);
#8287 = ADVANCED_FACE('',(#8288),#3396,.F.);
#8288 = FACE_BOUND('',#8289,.T.);
#8289 = EDGE_LOOP('',(#8290,#8313,#8334,#8335));
#8290 = ORIENTED_EDGE('',*,*,#8291,.F.);
#8291 = EDGE_CURVE('',#8292,#3348,#8294,.T.);
#8292 = VERTEX_POINT('',#8293);
#8293 = CARTESIAN_POINT('',(3.3482017063,5.963587262973,-12.61142567094)
  );
#8294 = SURFACE_CURVE('',#8295,(#8299,#8306),.PCURVE_S1.);
#8295 = LINE('',#8296,#8297);
#8296 = CARTESIAN_POINT('',(3.3482017063,5.963587262973,-12.61142567094)
  );
#8297 = VECTOR('',#8298,1.);
#8298 = DIRECTION('',(-1.296752066396E-05,1.414950665963E-05,
    0.999999999816));
#8299 = PCURVE('',#3396,#8300);
#8300 = DEFINITIONAL_REPRESENTATION('',(#8301),#8305);
#8301 = LINE('',#8302,#8303);
#8302 = CARTESIAN_POINT('',(0.,0.));
#8303 = VECTOR('',#8304,1.);
#8304 = DIRECTION('',(1.,1.694065894509E-21));
#8305 = ( GEOMETRIC_REPRESENTATION_CONTEXT(2) 
PARAMETRIC_REPRESENTATION_CONTEXT() REPRESENTATION_CONTEXT('2D SPACE',''
  ) );
#8306 = PCURVE('',#3368,#8307);
#8307 = DEFINITIONAL_REPRESENTATION('',(#8308),#8312);
#8308 = LINE('',#8309,#8310);
#8309 = CARTESIAN_POINT('',(0.436332312997,0.));
#8310 = VECTOR('',#8311,1.);
#8311 = DIRECTION('',(0.,1.));
#8312 = ( GEOMETRIC_REPRESENTATION_CONTEXT(2) 
PARAMETRIC_REPRESENTATION_CONTEXT() REPRESENTATION_CONTEXT('2D SPACE',''
  ) );
#8313 = ORIENTED_EDGE('',*,*,#8314,.T.);
#8314 = EDGE_CURVE('',#8292,#8216,#8315,.T.);
#8315 = SURFACE_CURVE('',#8316,(#8320,#8327),.PCURVE_S1.);
#8316 = LINE('',#8317,#8318);
#8317 = CARTESIAN_POINT('',(3.3482017063,5.963587262973,-12.61142567094)
  );
#8318 = VECTOR('',#8319,1.);
#8319 = DIRECTION('',(0.191020789157,0.981585991128,-1.141189148993E-05)
  );
#8320 = PCURVE('',#3396,#8321);
#8321 = DEFINITIONAL_REPRESENTATION('',(#8322),#8326);
#8322 = LINE('',#8323,#8324);
#8323 = CARTESIAN_POINT('',(0.,0.));
#8324 = VECTOR('',#8325,1.);
#8325 = DIRECTION('',(1.694065894509E-21,1.));
#8326 = ( GEOMETRIC_REPRESENTATION_CONTEXT(2) 
PARAMETRIC_REPRESENTATION_CONTEXT() REPRESENTATION_CONTEXT('2D SPACE',''
  ) );
#8327 = PCURVE('',#72,#8328);
#8328 = DEFINITIONAL_REPRESENTATION('',(#8329),#8333);
#8329 = LINE('',#8330,#8331);
#8330 = CARTESIAN_POINT('',(-5.963645960416,3.345066875296));
#8331 = VECTOR('',#8332,1.);
#8332 = DIRECTION('',(-0.981627183448,0.190808995376));
#8333 = ( GEOMETRIC_REPRESENTATION_CONTEXT(2) 
PARAMETRIC_REPRESENTATION_CONTEXT() REPRESENTATION_CONTEXT('2D SPACE',''
  ) );
#8334 = ORIENTED_EDGE('',*,*,#8215,.T.);
#8335 = ORIENTED_EDGE('',*,*,#3380,.F.);
#8336 = ADVANCED_FACE('',(#8337),#3368,.F.);
#8337 = FACE_BOUND('',#8338,.F.);
#8338 = EDGE_LOOP('',(#8339,#8340,#8341,#8369));
#8339 = ORIENTED_EDGE('',*,*,#3347,.T.);
#8340 = ORIENTED_EDGE('',*,*,#8291,.F.);
#8341 = ORIENTED_EDGE('',*,*,#8342,.F.);
#8342 = EDGE_CURVE('',#8343,#8292,#8345,.T.);
#8343 = VERTEX_POINT('',#8344);
#8344 = CARTESIAN_POINT('',(3.588156236053,5.35404155237,-12.61141393455
    ));
#8345 = SURFACE_CURVE('',#8346,(#8351,#8358),.PCURVE_S1.);
#8346 = CIRCLE('',#8347,0.6096);
#8347 = AXIS2_PLACEMENT_3D('',#8348,#8349,#8350);
#8348 = CARTESIAN_POINT('',(3.946576526482,5.847140990012,
    -12.61141626385));
#8349 = DIRECTION('',(1.296752066396E-05,-1.414950665963E-05,
    -0.999999999816));
#8350 = DIRECTION('',(-0.587959794011,-0.808890153613,3.821015837748E-06
    ));
#8351 = PCURVE('',#3368,#8352);
#8352 = DEFINITIONAL_REPRESENTATION('',(#8353),#8357);
#8353 = LINE('',#8354,#8355);
#8354 = CARTESIAN_POINT('',(1.570796326795,0.));
#8355 = VECTOR('',#8356,1.);
#8356 = DIRECTION('',(-1.,0.));
#8357 = ( GEOMETRIC_REPRESENTATION_CONTEXT(2) 
PARAMETRIC_REPRESENTATION_CONTEXT() REPRESENTATION_CONTEXT('2D SPACE',''
  ) );
#8358 = PCURVE('',#72,#8359);
#8359 = DEFINITIONAL_REPRESENTATION('',(#8360),#8368);
#8360 = ( BOUNDED_CURVE() B_SPLINE_CURVE(2,(#8361,#8362,#8363,#8364,
#8365,#8366,#8367),.UNSPECIFIED.,.T.,.F.) B_SPLINE_CURVE_WITH_KNOTS((1,2
    ,2,2,2,1),(-2.094395102393,0.,2.094395102393,4.188790204786,
6.28318530718,8.377580409573),.UNSPECIFIED.) CURVE() 
GEOMETRIC_REPRESENTATION_ITEM() RATIONAL_B_SPLINE_CURVE((1.,0.5,1.,0.5,
1.,0.5,1.)) REPRESENTATION_ITEM('') );
#8361 = CARTESIAN_POINT('',(-5.354152037062,3.58515291653));
#8362 = CARTESIAN_POINT('',(-5.974769899248,2.730945711494));
#8363 = CARTESIAN_POINT('',(-6.404226107812,3.695520148708));
#8364 = CARTESIAN_POINT('',(-6.833682316375,4.660094585922));
#8365 = CARTESIAN_POINT('',(-5.783608245625,4.549727353744));
#8366 = CARTESIAN_POINT('',(-4.733534174875,4.439360121565));
#8367 = CARTESIAN_POINT('',(-5.354152037062,3.58515291653));
#8368 = ( GEOMETRIC_REPRESENTATION_CONTEXT(2) 
PARAMETRIC_REPRESENTATION_CONTEXT() REPRESENTATION_CONTEXT('2D SPACE',''
  ) );
#8369 = ORIENTED_EDGE('',*,*,#8370,.T.);
#8370 = EDGE_CURVE('',#8343,#3320,#8371,.T.);
#8371 = SURFACE_CURVE('',#8372,(#8376,#8383),.PCURVE_S1.);
#8372 = LINE('',#8373,#8374);
#8373 = CARTESIAN_POINT('',(3.588156236053,5.35404155237,-12.61141393455
    ));
#8374 = VECTOR('',#8375,1.);
#8375 = DIRECTION('',(-1.296752066396E-05,1.414950665963E-05,
    0.999999999816));
#8376 = PCURVE('',#3368,#8377);
#8377 = DEFINITIONAL_REPRESENTATION('',(#8378),#8382);
#8378 = LINE('',#8379,#8380);
#8379 = CARTESIAN_POINT('',(1.570796326796,0.));
#8380 = VECTOR('',#8381,1.);
#8381 = DIRECTION('',(0.,1.));
#8382 = ( GEOMETRIC_REPRESENTATION_CONTEXT(2) 
PARAMETRIC_REPRESENTATION_CONTEXT() REPRESENTATION_CONTEXT('2D SPACE',''
  ) );
#8383 = PCURVE('',#3335,#8384);
#8384 = DEFINITIONAL_REPRESENTATION('',(#8385),#8389);
#8385 = LINE('',#8386,#8387);
#8386 = CARTESIAN_POINT('',(5.361532208871E-16,0.493283938022));
#8387 = VECTOR('',#8388,1.);
#8388 = DIRECTION('',(1.,0.));
#8389 = ( GEOMETRIC_REPRESENTATION_CONTEXT(2) 
PARAMETRIC_REPRESENTATION_CONTEXT() REPRESENTATION_CONTEXT('2D SPACE',''
  ) );
#8390 = ADVANCED_FACE('',(#8391),#3335,.F.);
#8391 = FACE_BOUND('',#8392,.T.);
#8392 = EDGE_LOOP('',(#8393,#8416,#8437,#8438));
#8393 = ORIENTED_EDGE('',*,*,#8394,.F.);
#8394 = EDGE_CURVE('',#8395,#3287,#8397,.T.);
#8395 = VERTEX_POINT('',#8396);
#8396 = CARTESIAN_POINT('',(3.987168756408,5.06401042986,-12.61140465655
    ));
#8397 = SURFACE_CURVE('',#8398,(#8402,#8409),.PCURVE_S1.);
#8398 = LINE('',#8399,#8400);
#8399 = CARTESIAN_POINT('',(3.987168756408,5.06401042986,-12.61140465655
    ));
#8400 = VECTOR('',#8401,1.);
#8401 = DIRECTION('',(-1.296752066396E-05,1.414950665963E-05,
    0.999999999816));
#8402 = PCURVE('',#3335,#8403);
#8403 = DEFINITIONAL_REPRESENTATION('',(#8404),#8408);
#8404 = LINE('',#8405,#8406);
#8405 = CARTESIAN_POINT('',(0.,0.));
#8406 = VECTOR('',#8407,1.);
#8407 = DIRECTION('',(1.,0.));
#8408 = ( GEOMETRIC_REPRESENTATION_CONTEXT(2) 
PARAMETRIC_REPRESENTATION_CONTEXT() REPRESENTATION_CONTEXT('2D SPACE',''
  ) );
#8409 = PCURVE('',#3307,#8410);
#8410 = DEFINITIONAL_REPRESENTATION('',(#8411),#8415);
#8411 = LINE('',#8412,#8413);
#8412 = CARTESIAN_POINT('',(1.570796326796,0.));
#8413 = VECTOR('',#8414,1.);
#8414 = DIRECTION('',(0.,1.));
#8415 = ( GEOMETRIC_REPRESENTATION_CONTEXT(2) 
PARAMETRIC_REPRESENTATION_CONTEXT() REPRESENTATION_CONTEXT('2D SPACE',''
  ) );
#8416 = ORIENTED_EDGE('',*,*,#8417,.T.);
#8417 = EDGE_CURVE('',#8395,#8343,#8418,.T.);
#8418 = SURFACE_CURVE('',#8419,(#8423,#8430),.PCURVE_S1.);
#8419 = LINE('',#8420,#8421);
#8420 = CARTESIAN_POINT('',(3.987168756408,5.06401042986,-12.61140465655
    ));
#8421 = VECTOR('',#8422,1.);
#8422 = DIRECTION('',(-0.808890153518,0.587959793853,-1.880864080281E-05
    ));
#8423 = PCURVE('',#3335,#8424);
#8424 = DEFINITIONAL_REPRESENTATION('',(#8425),#8429);
#8425 = LINE('',#8426,#8427);
#8426 = CARTESIAN_POINT('',(0.,0.));
#8427 = VECTOR('',#8428,1.);
#8428 = DIRECTION('',(0.,1.));
#8429 = ( GEOMETRIC_REPRESENTATION_CONTEXT(2) 
PARAMETRIC_REPRESENTATION_CONTEXT() REPRESENTATION_CONTEXT('2D SPACE',''
  ) );
#8430 = PCURVE('',#72,#8431);
#8431 = DEFINITIONAL_REPRESENTATION('',(#8432),#8436);
#8432 = LINE('',#8433,#8434);
#8433 = CARTESIAN_POINT('',(-5.0642070131,3.984228005442));
#8434 = VECTOR('',#8435,1.);
#8435 = DIRECTION('',(-0.587785252293,-0.809016994375));
#8436 = ( GEOMETRIC_REPRESENTATION_CONTEXT(2) 
PARAMETRIC_REPRESENTATION_CONTEXT() REPRESENTATION_CONTEXT('2D SPACE',''
  ) );
#8437 = ORIENTED_EDGE('',*,*,#8370,.T.);
#8438 = ORIENTED_EDGE('',*,*,#3319,.F.);
#8439 = ADVANCED_FACE('',(#8440),#3307,.F.);
#8440 = FACE_BOUND('',#8441,.F.);
#8441 = EDGE_LOOP('',(#8442,#8443,#8444,#8472));
#8442 = ORIENTED_EDGE('',*,*,#3286,.T.);
#8443 = ORIENTED_EDGE('',*,*,#8394,.F.);
#8444 = ORIENTED_EDGE('',*,*,#8445,.F.);
#8445 = EDGE_CURVE('',#8446,#8395,#8448,.T.);
#8446 = VERTEX_POINT('',#8447);
#8447 = CARTESIAN_POINT('',(4.641013946789,5.023877940138,
    -12.61139560995));
#8448 = SURFACE_CURVE('',#8449,(#8454,#8461),.PCURVE_S1.);
#8449 = CIRCLE('',#8450,0.6096);
#8450 = AXIS2_PLACEMENT_3D('',#8451,#8452,#8453);
#8451 = CARTESIAN_POINT('',(4.345589046836,5.557109867502,
    -12.61140698584));
#8452 = DIRECTION('',(1.296752066396E-05,-1.414950665963E-05,
    -0.999999999816));
#8453 = DIRECTION('',(0.484620898872,-0.874724290293,1.866124869459E-05)
  );
#8454 = PCURVE('',#3307,#8455);
#8455 = DEFINITIONAL_REPRESENTATION('',(#8456),#8460);
#8456 = LINE('',#8457,#8458);
#8457 = CARTESIAN_POINT('',(2.705260340591,0.));
#8458 = VECTOR('',#8459,1.);
#8459 = DIRECTION('',(-1.,0.));
#8460 = ( GEOMETRIC_REPRESENTATION_CONTEXT(2) 
PARAMETRIC_REPRESENTATION_CONTEXT() REPRESENTATION_CONTEXT('2D SPACE',''
  ) );
#8461 = PCURVE('',#72,#8462);
#8462 = DEFINITIONAL_REPRESENTATION('',(#8463),#8471);
#8463 = ( BOUNDED_CURVE() B_SPLINE_CURVE(2,(#8464,#8465,#8466,#8467,
#8468,#8469,#8470),.UNSPECIFIED.,.T.,.F.) B_SPLINE_CURVE_WITH_KNOTS((1,2
    ,2,2,2,1),(-2.094395102393,0.,2.094395102393,4.188790204786,
6.28318530718,8.377580409573),.UNSPECIFIED.) CURVE() 
GEOMETRIC_REPRESENTATION_ITEM() RATIONAL_B_SPLINE_CURVE((1.,0.5,1.,0.5,
1.,0.5,1.)) REPRESENTATION_ITEM('') );
#8464 = CARTESIAN_POINT('',(-5.024215599399,4.638081839741));
#8465 = CARTESIAN_POINT('',(-4.512325399855,3.714607474309));
#8466 = CARTESIAN_POINT('',(-5.568022759835,3.733034740272));
#8467 = CARTESIAN_POINT('',(-6.623720119815,3.751462006235));
#8468 = CARTESIAN_POINT('',(-6.079912959379,4.656509105704));
#8469 = CARTESIAN_POINT('',(-5.536105798943,5.561556205174));
#8470 = CARTESIAN_POINT('',(-5.024215599399,4.638081839741));
#8471 = ( GEOMETRIC_REPRESENTATION_CONTEXT(2) 
PARAMETRIC_REPRESENTATION_CONTEXT() REPRESENTATION_CONTEXT('2D SPACE',''
  ) );
#8472 = ORIENTED_EDGE('',*,*,#8473,.T.);
#8473 = EDGE_CURVE('',#8446,#3259,#8474,.T.);
#8474 = SURFACE_CURVE('',#8475,(#8479,#8486),.PCURVE_S1.);
#8475 = LINE('',#8476,#8477);
#8476 = CARTESIAN_POINT('',(4.641013946789,5.023877940138,
    -12.61139560995));
#8477 = VECTOR('',#8478,1.);
#8478 = DIRECTION('',(-1.296752066396E-05,1.414950665963E-05,
    0.999999999816));
#8479 = PCURVE('',#3307,#8480);
#8480 = DEFINITIONAL_REPRESENTATION('',(#8481),#8485);
#8481 = LINE('',#8482,#8483);
#8482 = CARTESIAN_POINT('',(2.70526034059,0.));
#8483 = VECTOR('',#8484,1.);
#8484 = DIRECTION('',(0.,1.));
#8485 = ( GEOMETRIC_REPRESENTATION_CONTEXT(2) 
PARAMETRIC_REPRESENTATION_CONTEXT() REPRESENTATION_CONTEXT('2D SPACE',''
  ) );
#8486 = PCURVE('',#3274,#8487);
#8487 = DEFINITIONAL_REPRESENTATION('',(#8488),#8492);
#8488 = LINE('',#8489,#8490);
#8489 = CARTESIAN_POINT('',(-0.5688038757,-8.314352590471E-16));
#8490 = VECTOR('',#8491,1.);
#8491 = DIRECTION('',(0.,1.));
#8492 = ( GEOMETRIC_REPRESENTATION_CONTEXT(2) 
PARAMETRIC_REPRESENTATION_CONTEXT() REPRESENTATION_CONTEXT('2D SPACE',''
  ) );
#8493 = ADVANCED_FACE('',(#8494),#3274,.F.);
#8494 = FACE_BOUND('',#8495,.T.);
#8495 = EDGE_LOOP('',(#8496,#8519,#8540,#8541));
#8496 = ORIENTED_EDGE('',*,*,#8497,.F.);
#8497 = EDGE_CURVE('',#8498,#3226,#8500,.T.);
#8498 = VERTEX_POINT('',#8499);
#8499 = CARTESIAN_POINT('',(5.138560513334,5.299532185749,
    -12.61139305837));
#8500 = SURFACE_CURVE('',#8501,(#8505,#8512),.PCURVE_S1.);
#8501 = LINE('',#8502,#8503);
#8502 = CARTESIAN_POINT('',(5.138560513334,5.299532185749,
    -12.61139305837));
#8503 = VECTOR('',#8504,1.);
#8504 = DIRECTION('',(-1.296752066396E-05,1.414950665963E-05,
    0.999999999816));
#8505 = PCURVE('',#3274,#8506);
#8506 = DEFINITIONAL_REPRESENTATION('',(#8507),#8511);
#8507 = LINE('',#8508,#8509);
#8508 = CARTESIAN_POINT('',(0.,0.));
#8509 = VECTOR('',#8510,1.);
#8510 = DIRECTION('',(0.,1.));
#8511 = ( GEOMETRIC_REPRESENTATION_CONTEXT(2) 
PARAMETRIC_REPRESENTATION_CONTEXT() REPRESENTATION_CONTEXT('2D SPACE',''
  ) );
#8512 = PCURVE('',#3246,#8513);
#8513 = DEFINITIONAL_REPRESENTATION('',(#8514),#8518);
#8514 = LINE('',#8515,#8516);
#8515 = CARTESIAN_POINT('',(5.846852994185,0.));
#8516 = VECTOR('',#8517,1.);
#8517 = DIRECTION('',(0.,1.));
#8518 = ( GEOMETRIC_REPRESENTATION_CONTEXT(2) 
PARAMETRIC_REPRESENTATION_CONTEXT() REPRESENTATION_CONTEXT('2D SPACE',''
  ) );
#8519 = ORIENTED_EDGE('',*,*,#8520,.T.);
#8520 = EDGE_CURVE('',#8498,#8446,#8521,.T.);
#8521 = SURFACE_CURVE('',#8522,(#8526,#8533),.PCURVE_S1.);
#8522 = LINE('',#8523,#8524);
#8523 = CARTESIAN_POINT('',(5.138560513334,5.299532185749,
    -12.61139305837));
#8524 = VECTOR('',#8525,1.);
#8525 = DIRECTION('',(-0.874724290396,-0.484620899025,
    -4.485858673654E-06));
#8526 = PCURVE('',#3274,#8527);
#8527 = DEFINITIONAL_REPRESENTATION('',(#8528),#8532);
#8528 = LINE('',#8529,#8530);
#8529 = CARTESIAN_POINT('',(0.,0.));
#8530 = VECTOR('',#8531,1.);
#8531 = DIRECTION('',(-1.,-1.694065894509E-21));
#8532 = ( GEOMETRIC_REPRESENTATION_CONTEXT(2) 
PARAMETRIC_REPRESENTATION_CONTEXT() REPRESENTATION_CONTEXT('2D SPACE',''
  ) );
#8533 = PCURVE('',#72,#8534);
#8534 = DEFINITIONAL_REPRESENTATION('',(#8535),#8539);
#8535 = LINE('',#8536,#8537);
#8536 = CARTESIAN_POINT('',(-5.29997719037,5.135568918925));
#8537 = VECTOR('',#8538,1.);
#8538 = DIRECTION('',(0.484809620246,-0.874619707139));
#8539 = ( GEOMETRIC_REPRESENTATION_CONTEXT(2) 
PARAMETRIC_REPRESENTATION_CONTEXT() REPRESENTATION_CONTEXT('2D SPACE',''
  ) );
#8540 = ORIENTED_EDGE('',*,*,#8473,.T.);
#8541 = ORIENTED_EDGE('',*,*,#3258,.F.);
#8542 = ADVANCED_FACE('',(#8543),#3246,.T.);
#8543 = FACE_BOUND('',#8544,.T.);
#8544 = EDGE_LOOP('',(#8545,#8568,#8594,#8595));
#8545 = ORIENTED_EDGE('',*,*,#8546,.F.);
#8546 = EDGE_CURVE('',#8547,#3197,#8549,.T.);
#8547 = VERTEX_POINT('',#8548);
#8548 = CARTESIAN_POINT('',(5.892232491086,5.168322366847,
    -12.61138142856));
#8549 = SURFACE_CURVE('',#8550,(#8554,#8561),.PCURVE_S1.);
#8550 = LINE('',#8551,#8552);
#8551 = CARTESIAN_POINT('',(5.892232491086,5.168322366847,
    -12.61138142856));
#8552 = VECTOR('',#8553,1.);
#8553 = DIRECTION('',(-1.296752066396E-05,1.414950665963E-05,
    0.999999999816));
#8554 = PCURVE('',#3246,#8555);
#8555 = DEFINITIONAL_REPRESENTATION('',(#8556),#8560);
#8556 = LINE('',#8557,#8558);
#8557 = CARTESIAN_POINT('',(4.490260518312,0.));
#8558 = VECTOR('',#8559,1.);
#8559 = DIRECTION('',(0.,1.));
#8560 = ( GEOMETRIC_REPRESENTATION_CONTEXT(2) 
PARAMETRIC_REPRESENTATION_CONTEXT() REPRESENTATION_CONTEXT('2D SPACE',''
  ) );
#8561 = PCURVE('',#3213,#8562);
#8562 = DEFINITIONAL_REPRESENTATION('',(#8563),#8567);
#8563 = LINE('',#8564,#8565);
#8564 = CARTESIAN_POINT('',(5.562835973174,-1.6891));
#8565 = VECTOR('',#8566,1.);
#8566 = DIRECTION('',(0.,-1.));
#8567 = ( GEOMETRIC_REPRESENTATION_CONTEXT(2) 
PARAMETRIC_REPRESENTATION_CONTEXT() REPRESENTATION_CONTEXT('2D SPACE',''
  ) );
#8568 = ORIENTED_EDGE('',*,*,#8569,.F.);
#8569 = EDGE_CURVE('',#8498,#8547,#8570,.T.);
#8570 = SURFACE_CURVE('',#8571,(#8576,#8583),.PCURVE_S1.);
#8571 = CIRCLE('',#8572,0.6096);
#8572 = AXIS2_PLACEMENT_3D('',#8573,#8574,#8575);
#8573 = CARTESIAN_POINT('',(5.433985413289,4.766300258388,
    -12.61138168248));
#8574 = DIRECTION('',(1.296752066396E-05,-1.414950665963E-05,
    -0.999999999816));
#8575 = DIRECTION('',(-0.484620898872,0.874724290293,-1.866124869459E-05
    ));
#8576 = PCURVE('',#3246,#8577);
#8577 = DEFINITIONAL_REPRESENTATION('',(#8578),#8582);
#8578 = LINE('',#8579,#8580);
#8579 = CARTESIAN_POINT('',(5.846852994181,0.));
#8580 = VECTOR('',#8581,1.);
#8581 = DIRECTION('',(-1.,0.));
#8582 = ( GEOMETRIC_REPRESENTATION_CONTEXT(2) 
PARAMETRIC_REPRESENTATION_CONTEXT() REPRESENTATION_CONTEXT('2D SPACE',''
  ) );
#8583 = PCURVE('',#72,#8584);
#8584 = DEFINITIONAL_REPRESENTATION('',(#8585),#8593);
#8585 = ( BOUNDED_CURVE() B_SPLINE_CURVE(2,(#8586,#8587,#8588,#8589,
#8590,#8591,#8592),.UNSPECIFIED.,.T.,.F.) B_SPLINE_CURVE_WITH_KNOTS((1,2
    ,2,2,2,1),(-2.094395102393,0.,2.094395102393,4.188790204786,
6.28318530718,8.377580409573),.UNSPECIFIED.) CURVE() 
GEOMETRIC_REPRESENTATION_ITEM() RATIONAL_B_SPLINE_CURVE((1.,0.5,1.,0.5,
1.,0.5,1.)) REPRESENTATION_ITEM('') );
#8586 = CARTESIAN_POINT('',(-5.299977190371,5.135568918928));
#8587 = CARTESIAN_POINT('',(-5.811867389915,6.05904328436));
#8588 = CARTESIAN_POINT('',(-4.756170029935,6.040616018397));
#8589 = CARTESIAN_POINT('',(-3.700472669955,6.022188752434));
#8590 = CARTESIAN_POINT('',(-4.244279830391,5.117141652965));
#8591 = CARTESIAN_POINT('',(-4.788086990827,4.212094553495));
#8592 = CARTESIAN_POINT('',(-5.299977190371,5.135568918928));
#8593 = ( GEOMETRIC_REPRESENTATION_CONTEXT(2) 
PARAMETRIC_REPRESENTATION_CONTEXT() REPRESENTATION_CONTEXT('2D SPACE',''
  ) );
#8594 = ORIENTED_EDGE('',*,*,#8497,.T.);
#8595 = ORIENTED_EDGE('',*,*,#3225,.T.);
#8596 = ADVANCED_FACE('',(#8597),#3213,.T.);
#8597 = FACE_BOUND('',#8598,.T.);
#8598 = EDGE_LOOP('',(#8599,#8622,#8644,#8645));
#8599 = ORIENTED_EDGE('',*,*,#8600,.F.);
#8600 = EDGE_CURVE('',#8601,#3164,#8603,.T.);
#8601 = VERTEX_POINT('',#8602);
#8602 = CARTESIAN_POINT('',(6.738540689654,4.002950379631,-12.6113539646
    ));
#8603 = SURFACE_CURVE('',#8604,(#8608,#8615),.PCURVE_S1.);
#8604 = LINE('',#8605,#8606);
#8605 = CARTESIAN_POINT('',(6.738540689654,4.002950379631,-12.6113539646
    ));
#8606 = VECTOR('',#8607,1.);
#8607 = DIRECTION('',(-1.296752066396E-05,1.414950665963E-05,
    0.999999999816));
#8608 = PCURVE('',#3213,#8609);
#8609 = DEFINITIONAL_REPRESENTATION('',(#8610),#8614);
#8610 = LINE('',#8611,#8612);
#8611 = CARTESIAN_POINT('',(5.746897579749,-1.6891));
#8612 = VECTOR('',#8613,1.);
#8613 = DIRECTION('',(0.,-1.));
#8614 = ( GEOMETRIC_REPRESENTATION_CONTEXT(2) 
PARAMETRIC_REPRESENTATION_CONTEXT() REPRESENTATION_CONTEXT('2D SPACE',''
  ) );
#8615 = PCURVE('',#3184,#8616);
#8616 = DEFINITIONAL_REPRESENTATION('',(#8617),#8621);
#8617 = LINE('',#8618,#8619);
#8618 = CARTESIAN_POINT('',(4.934517442454,0.));
#8619 = VECTOR('',#8620,1.);
#8620 = DIRECTION('',(0.,1.));
#8621 = ( GEOMETRIC_REPRESENTATION_CONTEXT(2) 
PARAMETRIC_REPRESENTATION_CONTEXT() REPRESENTATION_CONTEXT('2D SPACE',''
  ) );
#8622 = ORIENTED_EDGE('',*,*,#8623,.T.);
#8623 = EDGE_CURVE('',#8601,#8547,#8624,.T.);
#8624 = SURFACE_CURVE('',#8625,(#8630,#8637),.PCURVE_S1.);
#8625 = CIRCLE('',#8626,7.8359);
#8626 = AXIS2_PLACEMENT_3D('',#8627,#8628,#8629);
#8627 = CARTESIAN_POINT('',(1.84817857334E-03,6.631810159544E-04,
    -12.61138469241));
#8628 = DIRECTION('',(-1.296752066396E-05,1.414950665963E-05,
    0.999999999816));
#8629 = DIRECTION('',(0.859721603272,0.510762924312,3.921414257374E-06)
  );
#8630 = PCURVE('',#3213,#8631);
#8631 = DEFINITIONAL_REPRESENTATION('',(#8632),#8636);
#8632 = LINE('',#8633,#8634);
#8633 = CARTESIAN_POINT('',(5.746897579749,-1.6891));
#8634 = VECTOR('',#8635,1.);
#8635 = DIRECTION('',(-1.,0.));
#8636 = ( GEOMETRIC_REPRESENTATION_CONTEXT(2) 
PARAMETRIC_REPRESENTATION_CONTEXT() REPRESENTATION_CONTEXT('2D SPACE',''
  ) );
#8637 = PCURVE('',#72,#8638);
#8638 = DEFINITIONAL_REPRESENTATION('',(#8639),#8643);
#8639 = CIRCLE('',#8640,7.8359);
#8640 = AXIS2_PLACEMENT_2D('',#8641,#8642);
#8641 = CARTESIAN_POINT('',(0.,0.));
#8642 = DIRECTION('',(-0.510948407914,0.859611379898));
#8643 = ( GEOMETRIC_REPRESENTATION_CONTEXT(2) 
PARAMETRIC_REPRESENTATION_CONTEXT() REPRESENTATION_CONTEXT('2D SPACE',''
  ) );
#8644 = ORIENTED_EDGE('',*,*,#8546,.T.);
#8645 = ORIENTED_EDGE('',*,*,#3196,.F.);
#8646 = ADVANCED_FACE('',(#8647),#3184,.T.);
#8647 = FACE_BOUND('',#8648,.T.);
#8648 = EDGE_LOOP('',(#8649,#8672,#8698,#8699));
#8649 = ORIENTED_EDGE('',*,*,#8650,.F.);
#8650 = EDGE_CURVE('',#8651,#3136,#8653,.T.);
#8651 = VERTEX_POINT('',#8652);
#8652 = CARTESIAN_POINT('',(6.630104396835,3.245666392563,
    -12.61134465556));
#8653 = SURFACE_CURVE('',#8654,(#8658,#8665),.PCURVE_S1.);
#8654 = LINE('',#8655,#8656);
#8655 = CARTESIAN_POINT('',(6.630104396835,3.245666392563,
    -12.61134465556));
#8656 = VECTOR('',#8657,1.);
#8657 = DIRECTION('',(-1.296752066396E-05,1.414950665963E-05,
    0.999999999816));
#8658 = PCURVE('',#3184,#8659);
#8659 = DEFINITIONAL_REPRESENTATION('',(#8660),#8664);
#8660 = LINE('',#8661,#8662);
#8661 = CARTESIAN_POINT('',(3.577924966587,0.));
#8662 = VECTOR('',#8663,1.);
#8663 = DIRECTION('',(0.,1.));
#8664 = ( GEOMETRIC_REPRESENTATION_CONTEXT(2) 
PARAMETRIC_REPRESENTATION_CONTEXT() REPRESENTATION_CONTEXT('2D SPACE',''
  ) );
#8665 = PCURVE('',#3151,#8666);
#8666 = DEFINITIONAL_REPRESENTATION('',(#8667),#8671);
#8667 = LINE('',#8668,#8669);
#8668 = CARTESIAN_POINT('',(2.539795602164E-16,0.568803875699));
#8669 = VECTOR('',#8670,1.);
#8670 = DIRECTION('',(1.,1.905824131322E-21));
#8671 = ( GEOMETRIC_REPRESENTATION_CONTEXT(2) 
PARAMETRIC_REPRESENTATION_CONTEXT() REPRESENTATION_CONTEXT('2D SPACE',''
  ) );
#8672 = ORIENTED_EDGE('',*,*,#8673,.F.);
#8673 = EDGE_CURVE('',#8601,#8651,#8674,.T.);
#8674 = SURFACE_CURVE('',#8675,(#8680,#8687),.PCURVE_S1.);
#8675 = CIRCLE('',#8676,0.6096);
#8676 = AXIS2_PLACEMENT_3D('',#8677,#8678,#8679);
#8677 = CARTESIAN_POINT('',(6.214454400298,3.691589300972,-12.6113563551
    ));
#8678 = DIRECTION('',(1.296752066396E-05,-1.414950665963E-05,
    -0.999999999816));
#8679 = DIRECTION('',(0.859721603272,0.510762924312,3.921414257374E-06)
  );
#8680 = PCURVE('',#3184,#8681);
#8681 = DEFINITIONAL_REPRESENTATION('',(#8682),#8686);
#8682 = LINE('',#8683,#8684);
#8683 = CARTESIAN_POINT('',(4.934517442456,0.));
#8684 = VECTOR('',#8685,1.);
#8685 = DIRECTION('',(-1.,0.));
#8686 = ( GEOMETRIC_REPRESENTATION_CONTEXT(2) 
PARAMETRIC_REPRESENTATION_CONTEXT() REPRESENTATION_CONTEXT('2D SPACE',''
  ) );
#8687 = PCURVE('',#72,#8688);
#8688 = DEFINITIONAL_REPRESENTATION('',(#8689),#8697);
#8689 = ( BOUNDED_CURVE() B_SPLINE_CURVE(2,(#8690,#8691,#8692,#8693,
#8694,#8695,#8696),.UNSPECIFIED.,.T.,.F.) B_SPLINE_CURVE_WITH_KNOTS((1,2
    ,2,2,2,1),(-2.094395102393,0.,2.094395102393,4.188790204786,
6.28318530718,8.377580409573),.UNSPECIFIED.) CURVE() 
GEOMETRIC_REPRESENTATION_ITEM() RATIONAL_B_SPLINE_CURVE((1.,0.5,1.,0.5,
1.,0.5,1.)) REPRESENTATION_ITEM('') );
#8690 = CARTESIAN_POINT('',(-4.003740629575,6.735828811741));
#8691 = CARTESIAN_POINT('',(-3.096112929113,7.275317863857));
#8692 = CARTESIAN_POINT('',(-3.082715555148,6.21954469202));
#8693 = CARTESIAN_POINT('',(-3.069318181182,5.163771520183));
#8694 = CARTESIAN_POINT('',(-3.99034325561,5.680055639904));
#8695 = CARTESIAN_POINT('',(-4.911368330038,6.196339759624));
#8696 = CARTESIAN_POINT('',(-4.003740629575,6.735828811741));
#8697 = ( GEOMETRIC_REPRESENTATION_CONTEXT(2) 
PARAMETRIC_REPRESENTATION_CONTEXT() REPRESENTATION_CONTEXT('2D SPACE',''
  ) );
#8698 = ORIENTED_EDGE('',*,*,#8600,.T.);
#8699 = ORIENTED_EDGE('',*,*,#3163,.T.);
#8700 = ADVANCED_FACE('',(#8701),#3151,.F.);
#8701 = FACE_BOUND('',#8702,.T.);
#8702 = EDGE_LOOP('',(#8703,#8726,#8747,#8748));
#8703 = ORIENTED_EDGE('',*,*,#8704,.F.);
#8704 = EDGE_CURVE('',#8705,#3103,#8707,.T.);
#8705 = VERTEX_POINT('',#8706);
#8706 = CARTESIAN_POINT('',(6.2140238873,2.857832847604,-12.61134456344)
  );
#8707 = SURFACE_CURVE('',#8708,(#8712,#8719),.PCURVE_S1.);
#8708 = LINE('',#8709,#8710);
#8709 = CARTESIAN_POINT('',(6.2140238873,2.857832847604,-12.61134456344)
  );
#8710 = VECTOR('',#8711,1.);
#8711 = DIRECTION('',(-1.296752066396E-05,1.414950665963E-05,
    0.999999999816));
#8712 = PCURVE('',#3151,#8713);
#8713 = DEFINITIONAL_REPRESENTATION('',(#8714),#8718);
#8714 = LINE('',#8715,#8716);
#8715 = CARTESIAN_POINT('',(0.,0.));
#8716 = VECTOR('',#8717,1.);
#8717 = DIRECTION('',(1.,1.905824131322E-21));
#8718 = ( GEOMETRIC_REPRESENTATION_CONTEXT(2) 
PARAMETRIC_REPRESENTATION_CONTEXT() REPRESENTATION_CONTEXT('2D SPACE',''
  ) );
#8719 = PCURVE('',#3123,#8720);
#8720 = DEFINITIONAL_REPRESENTATION('',(#8721),#8725);
#8721 = LINE('',#8722,#8723);
#8722 = CARTESIAN_POINT('',(0.436332312998,0.));
#8723 = VECTOR('',#8724,1.);
#8724 = DIRECTION('',(0.,1.));
#8725 = ( GEOMETRIC_REPRESENTATION_CONTEXT(2) 
PARAMETRIC_REPRESENTATION_CONTEXT() REPRESENTATION_CONTEXT('2D SPACE',''
  ) );
#8726 = ORIENTED_EDGE('',*,*,#8727,.T.);
#8727 = EDGE_CURVE('',#8705,#8651,#8728,.T.);
#8728 = SURFACE_CURVE('',#8729,(#8733,#8740),.PCURVE_S1.);
#8729 = LINE('',#8730,#8731);
#8730 = CARTESIAN_POINT('',(6.2140238873,2.857832847604,-12.61134456344)
  );
#8731 = VECTOR('',#8732,1.);
#8732 = DIRECTION('',(0.731500834138,0.681840545623,-1.619551587236E-07)
  );
#8733 = PCURVE('',#3151,#8734);
#8734 = DEFINITIONAL_REPRESENTATION('',(#8735),#8739);
#8735 = LINE('',#8736,#8737);
#8736 = CARTESIAN_POINT('',(0.,0.));
#8737 = VECTOR('',#8738,1.);
#8738 = DIRECTION('',(2.091112588534E-21,1.));
#8739 = ( GEOMETRIC_REPRESENTATION_CONTEXT(2) 
PARAMETRIC_REPRESENTATION_CONTEXT() REPRESENTATION_CONTEXT('2D SPACE',''
  ) );
#8740 = PCURVE('',#72,#8741);
#8741 = DEFINITIONAL_REPRESENTATION('',(#8742),#8746);
#8742 = LINE('',#8743,#8744);
#8743 = CARTESIAN_POINT('',(-2.858509953179,6.211559094861));
#8744 = VECTOR('',#8745,1.);
#8745 = DIRECTION('',(-0.681998360062,0.731353701619));
#8746 = ( GEOMETRIC_REPRESENTATION_CONTEXT(2) 
PARAMETRIC_REPRESENTATION_CONTEXT() REPRESENTATION_CONTEXT('2D SPACE',''
  ) );
#8747 = ORIENTED_EDGE('',*,*,#8650,.T.);
#8748 = ORIENTED_EDGE('',*,*,#3135,.F.);
#8749 = ADVANCED_FACE('',(#8750),#3123,.F.);
#8750 = FACE_BOUND('',#8751,.F.);
#8751 = EDGE_LOOP('',(#8752,#8753,#8754,#8782));
#8752 = ORIENTED_EDGE('',*,*,#3102,.T.);
#8753 = ORIENTED_EDGE('',*,*,#8704,.F.);
#8754 = ORIENTED_EDGE('',*,*,#8755,.F.);
#8755 = EDGE_CURVE('',#8756,#8705,#8758,.T.);
#8756 = VERTEX_POINT('',#8757);
#8757 = CARTESIAN_POINT('',(6.049869200426,2.223658275008,
    -12.61133771886));
#8758 = SURFACE_CURVE('',#8759,(#8764,#8771),.PCURVE_S1.);
#8759 = CIRCLE('',#8760,0.6096);
#8760 = AXIS2_PLACEMENT_3D('',#8761,#8762,#8763);
#8761 = CARTESIAN_POINT('',(6.629673883836,2.411909939197,-12.6113328639
    ));
#8762 = DIRECTION('',(1.296752066396E-05,-1.414950665963E-05,
    -0.999999999816));
#8763 = DIRECTION('',(-0.951123168327,-0.308811785088,
    -7.964174931045E-06));
#8764 = PCURVE('',#3123,#8765);
#8765 = DEFINITIONAL_REPRESENTATION('',(#8766),#8770);
#8766 = LINE('',#8767,#8768);
#8767 = CARTESIAN_POINT('',(1.570796326795,0.));
#8768 = VECTOR('',#8769,1.);
#8769 = DIRECTION('',(-1.,0.));
#8770 = ( GEOMETRIC_REPRESENTATION_CONTEXT(2) 
PARAMETRIC_REPRESENTATION_CONTEXT() REPRESENTATION_CONTEXT('2D SPACE',''
  ) );
#8771 = PCURVE('',#72,#8772);
#8772 = DEFINITIONAL_REPRESENTATION('',(#8773),#8781);
#8773 = ( BOUNDED_CURVE() B_SPLINE_CURVE(2,(#8774,#8775,#8776,#8777,
#8778,#8779,#8780),.UNSPECIFIED.,.T.,.F.) B_SPLINE_CURVE_WITH_KNOTS((1,2
    ,2,2,2,1),(-2.094395102393,0.,2.094395102393,4.188790204786,
6.28318530718,8.377580409573),.UNSPECIFIED.) CURVE() 
GEOMETRIC_REPRESENTATION_ITEM() RATIONAL_B_SPLINE_CURVE((1.,0.5,1.,0.5,
1.,0.5,1.)) REPRESENTATION_ITEM('') );
#8774 = CARTESIAN_POINT('',(-2.224299976901,6.047541242821));
#8775 = CARTESIAN_POINT('',(-3.228480771945,5.721263123933));
#8776 = CARTESIAN_POINT('',(-3.008955514079,6.754048261877));
#8777 = CARTESIAN_POINT('',(-2.789430256214,7.786833399822));
#8778 = CARTESIAN_POINT('',(-2.004774719036,7.080326380766));
#8779 = CARTESIAN_POINT('',(-1.220119181857,6.37381936171));
#8780 = CARTESIAN_POINT('',(-2.224299976901,6.047541242821));
#8781 = ( GEOMETRIC_REPRESENTATION_CONTEXT(2) 
PARAMETRIC_REPRESENTATION_CONTEXT() REPRESENTATION_CONTEXT('2D SPACE',''
  ) );
#8782 = ORIENTED_EDGE('',*,*,#8783,.T.);
#8783 = EDGE_CURVE('',#8756,#3075,#8784,.T.);
#8784 = SURFACE_CURVE('',#8785,(#8789,#8796),.PCURVE_S1.);
#8785 = LINE('',#8786,#8787);
#8786 = CARTESIAN_POINT('',(6.049869200426,2.223658275008,
    -12.61133771886));
#8787 = VECTOR('',#8788,1.);
#8788 = DIRECTION('',(-1.296752066396E-05,1.414950665963E-05,
    0.999999999816));
#8789 = PCURVE('',#3123,#8790);
#8790 = DEFINITIONAL_REPRESENTATION('',(#8791),#8795);
#8791 = LINE('',#8792,#8793);
#8792 = CARTESIAN_POINT('',(1.570796326796,0.));
#8793 = VECTOR('',#8794,1.);
#8794 = DIRECTION('',(0.,1.));
#8795 = ( GEOMETRIC_REPRESENTATION_CONTEXT(2) 
PARAMETRIC_REPRESENTATION_CONTEXT() REPRESENTATION_CONTEXT('2D SPACE',''
  ) );
#8796 = PCURVE('',#3090,#8797);
#8797 = DEFINITIONAL_REPRESENTATION('',(#8798),#8802);
#8798 = LINE('',#8799,#8800);
#8799 = CARTESIAN_POINT('',(1.015021603551E-15,0.493283938023));
#8800 = VECTOR('',#8801,1.);
#8801 = DIRECTION('',(1.,0.));
#8802 = ( GEOMETRIC_REPRESENTATION_CONTEXT(2) 
PARAMETRIC_REPRESENTATION_CONTEXT() REPRESENTATION_CONTEXT('2D SPACE',''
  ) );
#8803 = ADVANCED_FACE('',(#8804),#3090,.F.);
#8804 = FACE_BOUND('',#8805,.T.);
#8805 = EDGE_LOOP('',(#8806,#8829,#8850,#8851));
#8806 = ORIENTED_EDGE('',*,*,#8807,.F.);
#8807 = EDGE_CURVE('',#8808,#3042,#8810,.T.);
#8808 = VERTEX_POINT('',#8809);
#8809 = CARTESIAN_POINT('',(6.202201093798,1.754484493026,
    -12.61132910492));
#8810 = SURFACE_CURVE('',#8811,(#8815,#8822),.PCURVE_S1.);
#8811 = LINE('',#8812,#8813);
#8812 = CARTESIAN_POINT('',(6.202201093798,1.754484493026,
    -12.61132910492));
#8813 = VECTOR('',#8814,1.);
#8814 = DIRECTION('',(-1.296752066396E-05,1.414950665963E-05,
    0.999999999816));
#8815 = PCURVE('',#3090,#8816);
#8816 = DEFINITIONAL_REPRESENTATION('',(#8817),#8821);
#8817 = LINE('',#8818,#8819);
#8818 = CARTESIAN_POINT('',(0.,0.));
#8819 = VECTOR('',#8820,1.);
#8820 = DIRECTION('',(1.,0.));
#8821 = ( GEOMETRIC_REPRESENTATION_CONTEXT(2) 
PARAMETRIC_REPRESENTATION_CONTEXT() REPRESENTATION_CONTEXT('2D SPACE',''
  ) );
#8822 = PCURVE('',#3062,#8823);
#8823 = DEFINITIONAL_REPRESENTATION('',(#8824),#8828);
#8824 = LINE('',#8825,#8826);
#8825 = CARTESIAN_POINT('',(1.570796326795,0.));
#8826 = VECTOR('',#8827,1.);
#8827 = DIRECTION('',(0.,1.));
#8828 = ( GEOMETRIC_REPRESENTATION_CONTEXT(2) 
PARAMETRIC_REPRESENTATION_CONTEXT() REPRESENTATION_CONTEXT('2D SPACE',''
  ) );
#8829 = ORIENTED_EDGE('',*,*,#8830,.T.);
#8830 = EDGE_CURVE('',#8808,#8756,#8831,.T.);
#8831 = SURFACE_CURVE('',#8832,(#8836,#8843),.PCURVE_S1.);
#8832 = LINE('',#8833,#8834);
#8833 = CARTESIAN_POINT('',(6.202201093798,1.754484493026,
    -12.61132910492));
#8834 = VECTOR('',#8835,1.);
#8835 = DIRECTION('',(-0.308811784918,0.951123168255,-1.746244680876E-05
    ));
#8836 = PCURVE('',#3090,#8837);
#8837 = DEFINITIONAL_REPRESENTATION('',(#8838),#8842);
#8838 = LINE('',#8839,#8840);
#8839 = CARTESIAN_POINT('',(0.,0.));
#8840 = VECTOR('',#8841,1.);
#8841 = DIRECTION('',(3.388131789017E-21,1.));
#8842 = ( GEOMETRIC_REPRESENTATION_CONTEXT(2) 
PARAMETRIC_REPRESENTATION_CONTEXT() REPRESENTATION_CONTEXT('2D SPACE',''
  ) );
#8843 = PCURVE('',#72,#8844);
#8844 = DEFINITIONAL_REPRESENTATION('',(#8845),#8849);
#8845 = LINE('',#8846,#8847);
#8846 = CARTESIAN_POINT('',(-1.75515907326,6.199974362724));
#8847 = VECTOR('',#8848,1.);
#8848 = DIRECTION('',(-0.951056516295,-0.309016994375));
#8849 = ( GEOMETRIC_REPRESENTATION_CONTEXT(2) 
PARAMETRIC_REPRESENTATION_CONTEXT() REPRESENTATION_CONTEXT('2D SPACE',''
  ) );
#8850 = ORIENTED_EDGE('',*,*,#8783,.T.);
#8851 = ORIENTED_EDGE('',*,*,#3074,.F.);
#8852 = ADVANCED_FACE('',(#8853),#3062,.F.);
#8853 = FACE_BOUND('',#8854,.F.);
#8854 = EDGE_LOOP('',(#8855,#8856,#8857,#8885));
#8855 = ORIENTED_EDGE('',*,*,#3041,.T.);
#8856 = ORIENTED_EDGE('',*,*,#8807,.F.);
#8857 = ORIENTED_EDGE('',*,*,#8858,.F.);
#8858 = EDGE_CURVE('',#8859,#8808,#8861,.T.);
#8859 = VERTEX_POINT('',#8860);
#8860 = CARTESIAN_POINT('',(6.707583678839,1.337696066629,
    -12.61131665401));
#8861 = SURFACE_CURVE('',#8862,(#8867,#8874),.PCURVE_S1.);
#8862 = CIRCLE('',#8863,0.6096);
#8863 = AXIS2_PLACEMENT_3D('',#8864,#8865,#8866);
#8864 = CARTESIAN_POINT('',(6.78200577721,1.942736157215,-12.61132424996
    ));
#8865 = DIRECTION('',(1.296752066396E-05,-1.414950665963E-05,
    -0.999999999816));
#8866 = DIRECTION('',(-0.122083494699,-0.992519833639,1.246054575794E-05
    ));
#8867 = PCURVE('',#3062,#8868);
#8868 = DEFINITIONAL_REPRESENTATION('',(#8869),#8873);
#8869 = LINE('',#8870,#8871);
#8870 = CARTESIAN_POINT('',(2.705260340591,0.));
#8871 = VECTOR('',#8872,1.);
#8872 = DIRECTION('',(-1.,0.));
#8873 = ( GEOMETRIC_REPRESENTATION_CONTEXT(2) 
PARAMETRIC_REPRESENTATION_CONTEXT() REPRESENTATION_CONTEXT('2D SPACE',''
  ) );
#8874 = PCURVE('',#72,#8875);
#8875 = DEFINITIONAL_REPRESENTATION('',(#8876),#8884);
#8876 = ( BOUNDED_CURVE() B_SPLINE_CURVE(2,(#8877,#8878,#8879,#8880,
#8881,#8882,#8883),.UNSPECIFIED.,.T.,.F.) B_SPLINE_CURVE_WITH_KNOTS((1,2
    ,2,2,2,1),(-2.094395102393,0.,2.094395102393,4.188790204786,
6.28318530718,8.377580409573),.UNSPECIFIED.) CURVE() 
GEOMETRIC_REPRESENTATION_ITEM() RATIONAL_B_SPLINE_CURVE((1.,0.5,1.,0.5,
1.,0.5,1.)) REPRESENTATION_ITEM('') );
#8877 = CARTESIAN_POINT('',(-1.33847969899,6.705446863318));
#8878 = CARTESIAN_POINT('',(-1.467156441177,5.657458897729));
#8879 = CARTESIAN_POINT('',(-2.310402271144,6.292890208133));
#8880 = CARTESIAN_POINT('',(-3.153648101112,6.928321518537));
#8881 = CARTESIAN_POINT('',(-2.181725528958,7.340878173723));
#8882 = CARTESIAN_POINT('',(-1.209802956804,7.753434828908));
#8883 = CARTESIAN_POINT('',(-1.33847969899,6.705446863318));
#8884 = ( GEOMETRIC_REPRESENTATION_CONTEXT(2) 
PARAMETRIC_REPRESENTATION_CONTEXT() REPRESENTATION_CONTEXT('2D SPACE',''
  ) );
#8885 = ORIENTED_EDGE('',*,*,#8886,.T.);
#8886 = EDGE_CURVE('',#8859,#3014,#8887,.T.);
#8887 = SURFACE_CURVE('',#8888,(#8892,#8899),.PCURVE_S1.);
#8888 = LINE('',#8889,#8890);
#8889 = CARTESIAN_POINT('',(6.707583678839,1.337696066629,
    -12.61131665401));
#8890 = VECTOR('',#8891,1.);
#8891 = DIRECTION('',(-1.296752066396E-05,1.414950665963E-05,
    0.999999999816));
#8892 = PCURVE('',#3062,#8893);
#8893 = DEFINITIONAL_REPRESENTATION('',(#8894),#8898);
#8894 = LINE('',#8895,#8896);
#8895 = CARTESIAN_POINT('',(2.705260340588,0.));
#8896 = VECTOR('',#8897,1.);
#8897 = DIRECTION('',(0.,1.));
#8898 = ( GEOMETRIC_REPRESENTATION_CONTEXT(2) 
PARAMETRIC_REPRESENTATION_CONTEXT() REPRESENTATION_CONTEXT('2D SPACE',''
  ) );
#8899 = PCURVE('',#3029,#8900);
#8900 = DEFINITIONAL_REPRESENTATION('',(#8901),#8905);
#8901 = LINE('',#8902,#8903);
#8902 = CARTESIAN_POINT('',(2.848436276345E-16,0.5688038757));
#8903 = VECTOR('',#8904,1.);
#8904 = DIRECTION('',(1.,-3.388131789017E-21));
#8905 = ( GEOMETRIC_REPRESENTATION_CONTEXT(2) 
PARAMETRIC_REPRESENTATION_CONTEXT() REPRESENTATION_CONTEXT('2D SPACE',''
  ) );
#8906 = ADVANCED_FACE('',(#8907),#3029,.F.);
#8907 = FACE_BOUND('',#8908,.T.);
#8908 = EDGE_LOOP('',(#8909,#8932,#8953,#8954));
#8909 = ORIENTED_EDGE('',*,*,#8910,.F.);
#8910 = EDGE_CURVE('',#8911,#2979,#8913,.T.);
#8911 = VERTEX_POINT('',#8912);
#8912 = CARTESIAN_POINT('',(7.272132806919,1.26825450179,-12.61130835064
    ));
#8913 = SURFACE_CURVE('',#8914,(#8918,#8925),.PCURVE_S1.);
#8914 = LINE('',#8915,#8916);
#8915 = CARTESIAN_POINT('',(7.272132806919,1.26825450179,-12.61130835064
    ));
#8916 = VECTOR('',#8917,1.);
#8917 = DIRECTION('',(-1.296752066396E-05,1.414950665963E-05,
    0.999999999816));
#8918 = PCURVE('',#3029,#8919);
#8919 = DEFINITIONAL_REPRESENTATION('',(#8920),#8924);
#8920 = LINE('',#8921,#8922);
#8921 = CARTESIAN_POINT('',(0.,0.));
#8922 = VECTOR('',#8923,1.);
#8923 = DIRECTION('',(1.,-3.388131789017E-21));
#8924 = ( GEOMETRIC_REPRESENTATION_CONTEXT(2) 
PARAMETRIC_REPRESENTATION_CONTEXT() REPRESENTATION_CONTEXT('2D SPACE',''
  ) );
#8925 = PCURVE('',#3001,#8926);
#8926 = DEFINITIONAL_REPRESENTATION('',(#8927),#8931);
#8927 = LINE('',#8928,#8929);
#8928 = CARTESIAN_POINT('',(5.846852994182,0.));
#8929 = VECTOR('',#8930,1.);
#8930 = DIRECTION('',(0.,1.));
#8931 = ( GEOMETRIC_REPRESENTATION_CONTEXT(2) 
PARAMETRIC_REPRESENTATION_CONTEXT() REPRESENTATION_CONTEXT('2D SPACE',''
  ) );
#8932 = ORIENTED_EDGE('',*,*,#8933,.T.);
#8933 = EDGE_CURVE('',#8911,#8859,#8934,.T.);
#8934 = SURFACE_CURVE('',#8935,(#8939,#8946),.PCURVE_S1.);
#8935 = LINE('',#8936,#8937);
#8936 = CARTESIAN_POINT('',(7.272132806919,1.26825450179,-12.61130835064
    ));
#8937 = VECTOR('',#8938,1.);
#8938 = DIRECTION('',(-0.992519833632,0.122083494515,-1.459794267339E-05
    ));
#8939 = PCURVE('',#3029,#8940);
#8940 = DEFINITIONAL_REPRESENTATION('',(#8941),#8945);
#8941 = LINE('',#8942,#8943);
#8942 = CARTESIAN_POINT('',(0.,0.));
#8943 = VECTOR('',#8944,1.);
#8944 = DIRECTION('',(-3.388131789017E-21,1.));
#8945 = ( GEOMETRIC_REPRESENTATION_CONTEXT(2) 
PARAMETRIC_REPRESENTATION_CONTEXT() REPRESENTATION_CONTEXT('2D SPACE',''
  ) );
#8946 = PCURVE('',#72,#8947);
#8947 = DEFINITIONAL_REPRESENTATION('',(#8948),#8952);
#8948 = LINE('',#8949,#8950);
#8949 = CARTESIAN_POINT('',(-1.269159944133,7.270010961181));
#8950 = VECTOR('',#8951,1.);
#8951 = DIRECTION('',(-0.121869343405,-0.992546151641));
#8952 = ( GEOMETRIC_REPRESENTATION_CONTEXT(2) 
PARAMETRIC_REPRESENTATION_CONTEXT() REPRESENTATION_CONTEXT('2D SPACE',''
  ) );
#8953 = ORIENTED_EDGE('',*,*,#8886,.T.);
#8954 = ORIENTED_EDGE('',*,*,#3013,.F.);
#8955 = ADVANCED_FACE('',(#8956),#3001,.T.);
#8956 = FACE_BOUND('',#8957,.T.);
#8957 = EDGE_LOOP('',(#8958,#8959,#8985,#8986));
#8958 = ORIENTED_EDGE('',*,*,#5403,.F.);
#8959 = ORIENTED_EDGE('',*,*,#8960,.F.);
#8960 = EDGE_CURVE('',#8911,#5380,#8961,.T.);
#8961 = SURFACE_CURVE('',#8962,(#8967,#8974),.PCURVE_S1.);
#8962 = CIRCLE('',#8963,0.6096);
#8963 = AXIS2_PLACEMENT_3D('',#8964,#8965,#8966);
#8964 = CARTESIAN_POINT('',(7.197710708551,0.663214411203,
    -12.61130075469));
#8965 = DIRECTION('',(1.296752066396E-05,-1.414950665963E-05,
    -0.999999999816));
#8966 = DIRECTION('',(0.122083494699,0.992519833639,-1.246054575794E-05)
  );
#8967 = PCURVE('',#3001,#8968);
#8968 = DEFINITIONAL_REPRESENTATION('',(#8969),#8973);
#8969 = LINE('',#8970,#8971);
#8970 = CARTESIAN_POINT('',(5.846852994181,0.));
#8971 = VECTOR('',#8972,1.);
#8972 = DIRECTION('',(-1.,0.));
#8973 = ( GEOMETRIC_REPRESENTATION_CONTEXT(2) 
PARAMETRIC_REPRESENTATION_CONTEXT() REPRESENTATION_CONTEXT('2D SPACE',''
  ) );
#8974 = PCURVE('',#72,#8975);
#8975 = DEFINITIONAL_REPRESENTATION('',(#8976),#8984);
#8976 = ( BOUNDED_CURVE() B_SPLINE_CURVE(2,(#8977,#8978,#8979,#8980,
#8981,#8982,#8983),.UNSPECIFIED.,.T.,.F.) B_SPLINE_CURVE_WITH_KNOTS((1,2
    ,2,2,2,1),(-2.094395102393,0.,2.094395102393,4.188790204786,
6.28318530718,8.377580409573),.UNSPECIFIED.) CURVE() 
GEOMETRIC_REPRESENTATION_ITEM() RATIONAL_B_SPLINE_CURVE((1.,0.5,1.,0.5,
1.,0.5,1.)) REPRESENTATION_ITEM('') );
#8977 = CARTESIAN_POINT('',(-1.269159944133,7.270010961182));
#8978 = CARTESIAN_POINT('',(-1.140483201946,8.317998926771));
#8979 = CARTESIAN_POINT('',(-0.297237371979,7.682567616367));
#8980 = CARTESIAN_POINT('',(0.546008457989,7.047136305963));
#8981 = CARTESIAN_POINT('',(-0.425914114165,6.634579650777));
#8982 = CARTESIAN_POINT('',(-1.397836686319,6.222022995592));
#8983 = CARTESIAN_POINT('',(-1.269159944133,7.270010961182));
#8984 = ( GEOMETRIC_REPRESENTATION_CONTEXT(2) 
PARAMETRIC_REPRESENTATION_CONTEXT() REPRESENTATION_CONTEXT('2D SPACE',''
  ) );
#8985 = ORIENTED_EDGE('',*,*,#8910,.T.);
#8986 = ORIENTED_EDGE('',*,*,#2978,.T.);
#8987 = ADVANCED_FACE('',(#8988),#2964,.T.);
#8988 = FACE_BOUND('',#8989,.T.);
#8989 = EDGE_LOOP('',(#8990,#9019,#9044,#9045));
#8990 = ORIENTED_EDGE('',*,*,#8991,.T.);
#8991 = EDGE_CURVE('',#8992,#8992,#8994,.T.);
#8992 = VERTEX_POINT('',#8993);
#8993 = CARTESIAN_POINT('',(-4.975756928508E-04,-10.20061721842,
    -1.455106377148));
#8994 = SURFACE_CURVE('',#8995,(#9000,#9007),.PCURVE_S1.);
#8995 = CIRCLE('',#8996,10.2014385);
#8996 = AXIS2_PLACEMENT_3D('',#8997,#8998,#8999);
#8997 = CARTESIAN_POINT('',(1.703511175158E-03,8.210348082909E-04,
    -1.455250693924));
#8998 = DIRECTION('',(1.296752066396E-05,-1.414950665963E-05,
    -0.999999999816));
#8999 = DIRECTION('',(-2.157624015277E-04,-0.999999976623,
    1.414670842806E-05));
#9000 = PCURVE('',#2964,#9001);
#9001 = DEFINITIONAL_REPRESENTATION('',(#9002),#9006);
#9002 = LINE('',#9003,#9004);
#9003 = CARTESIAN_POINT('',(6.282581749951,5.161385626673));
#9004 = VECTOR('',#9005,1.);
#9005 = DIRECTION('',(-1.,0.));
#9006 = ( GEOMETRIC_REPRESENTATION_CONTEXT(2) 
PARAMETRIC_REPRESENTATION_CONTEXT() REPRESENTATION_CONTEXT('2D SPACE',''
  ) );
#9007 = PCURVE('',#9008,#9013);
#9008 = CONICAL_SURFACE('',#9009,10.6569692,1.1217996841);
#9009 = AXIS2_PLACEMENT_3D('',#9010,#9011,#9012);
#9010 = CARTESIAN_POINT('',(1.70066502483E-03,8.241403844506E-04,
    -1.235767694705));
#9011 = DIRECTION('',(-1.296752066396E-05,1.414950665963E-05,
    0.999999999816));
#9012 = DIRECTION('',(-2.157624015277E-04,-0.999999976623,
    1.414670842806E-05));
#9013 = DEFINITIONAL_REPRESENTATION('',(#9014),#9018);
#9014 = LINE('',#9015,#9016);
#9015 = CARTESIAN_POINT('',(6.28318530718,-0.219482978453));
#9016 = VECTOR('',#9017,1.);
#9017 = DIRECTION('',(-1.,0.));
#9018 = ( GEOMETRIC_REPRESENTATION_CONTEXT(2) 
PARAMETRIC_REPRESENTATION_CONTEXT() REPRESENTATION_CONTEXT('2D SPACE',''
  ) );
#9019 = ORIENTED_EDGE('',*,*,#9020,.F.);
#9020 = EDGE_CURVE('',#2944,#8992,#9021,.T.);
#9021 = SEAM_CURVE('',#9022,(#9030,#9037),.PCURVE_S1.);
#9022 = ( BOUNDED_CURVE() B_SPLINE_CURVE(6,(#9023,#9024,#9025,#9026,
#9027,#9028,#9029),.UNSPECIFIED.,.F.,.F.) B_SPLINE_CURVE_WITH_KNOTS((7,7
),(4.712388980385,5.161385626673),.PIECEWISE_BEZIER_KNOTS.) CURVE() 
GEOMETRIC_REPRESENTATION_ITEM() RATIONAL_B_SPLINE_CURVE((1.002523607566,
    1.000838371366,0.999831768985,0.999496962946,0.999831768985,
1.000838371366,1.002523607566)) REPRESENTATION_ITEM('') );
#9023 = CARTESIAN_POINT('',(-2.733095421781E-04,-9.175279663565,
    -1.689254882854));
#9024 = CARTESIAN_POINT('',(-3.115140790056E-04,-9.352347288248,
    -1.68925237793));
#9025 = CARTESIAN_POINT('',(-3.498476540978E-04,-9.529056144776,
    -1.673333315591));
#9026 = CARTESIAN_POINT('',(-3.879627168929E-04,-9.703801709666,
    -1.641602163686));
#9027 = CARTESIAN_POINT('',(-4.255137279106E-04,-9.874998975951,
    -1.594332992877));
#9028 = CARTESIAN_POINT('',(-4.621612121276E-04,-10.04110108654,
    -1.531966932368));
#9029 = CARTESIAN_POINT('',(-4.975756943023E-04,-10.20061722494,
    -1.455106373488));
#9030 = PCURVE('',#2964,#9031);
#9031 = DEFINITIONAL_REPRESENTATION('',(#9032),#9036);
#9032 = LINE('',#9033,#9034);
#9033 = CARTESIAN_POINT('',(-6.035572285858E-04,0.));
#9034 = VECTOR('',#9035,1.);
#9035 = DIRECTION('',(0.,1.));
#9036 = ( GEOMETRIC_REPRESENTATION_CONTEXT(2) 
PARAMETRIC_REPRESENTATION_CONTEXT() REPRESENTATION_CONTEXT('2D SPACE',''
  ) );
#9037 = PCURVE('',#2964,#9038);
#9038 = DEFINITIONAL_REPRESENTATION('',(#9039),#9043);
#9039 = LINE('',#9040,#9041);
#9040 = CARTESIAN_POINT('',(6.282581749951,0.));
#9041 = VECTOR('',#9042,1.);
#9042 = DIRECTION('',(0.,1.));
#9043 = ( GEOMETRIC_REPRESENTATION_CONTEXT(2) 
PARAMETRIC_REPRESENTATION_CONTEXT() REPRESENTATION_CONTEXT('2D SPACE',''
  ) );
#9044 = ORIENTED_EDGE('',*,*,#2943,.F.);
#9045 = ORIENTED_EDGE('',*,*,#9020,.T.);
#9046 = ADVANCED_FACE('',(#9047),#9008,.T.);
#9047 = FACE_BOUND('',#9048,.T.);
#9048 = EDGE_LOOP('',(#9049,#9050,#9072,#9101,#9123));
#9049 = ORIENTED_EDGE('',*,*,#8991,.F.);
#9050 = ORIENTED_EDGE('',*,*,#9051,.T.);
#9051 = EDGE_CURVE('',#8992,#9052,#9054,.T.);
#9052 = VERTEX_POINT('',#9053);
#9053 = CARTESIAN_POINT('',(-6.998408108897E-04,-11.1116724858,
    -1.016127471718));
#9054 = SEAM_CURVE('',#9055,(#9058,#9065),.PCURVE_S1.);
#9055 = B_SPLINE_CURVE_WITH_KNOTS('',1,(#9056,#9057),.UNSPECIFIED.,.F.,
  .F.,(2,2),(-0.50564909335,0.505649183842),.PIECEWISE_BEZIER_KNOTS.);
#9056 = CARTESIAN_POINT('',(-4.975756927452E-04,-10.20061721668,
    -1.455106356338));
#9057 = CARTESIAN_POINT('',(-6.998408108897E-04,-11.1116724858,
    -1.016127471718));
#9058 = PCURVE('',#9008,#9059);
#9059 = DEFINITIONAL_REPRESENTATION('',(#9060),#9064);
#9060 = LINE('',#9061,#9062);
#9061 = CARTESIAN_POINT('',(6.28318530718,0.));
#9062 = VECTOR('',#9063,1.);
#9063 = DIRECTION('',(0.,1.));
#9064 = ( GEOMETRIC_REPRESENTATION_CONTEXT(2) 
PARAMETRIC_REPRESENTATION_CONTEXT() REPRESENTATION_CONTEXT('2D SPACE',''
  ) );
#9065 = PCURVE('',#9008,#9066);
#9066 = DEFINITIONAL_REPRESENTATION('',(#9067),#9071);
#9067 = LINE('',#9068,#9069);
#9068 = CARTESIAN_POINT('',(4.138911435803E-13,0.));
#9069 = VECTOR('',#9070,1.);
#9070 = DIRECTION('',(0.,1.));
#9071 = ( GEOMETRIC_REPRESENTATION_CONTEXT(2) 
PARAMETRIC_REPRESENTATION_CONTEXT() REPRESENTATION_CONTEXT('2D SPACE',''
  ) );
#9072 = ORIENTED_EDGE('',*,*,#9073,.T.);
#9073 = EDGE_CURVE('',#9052,#9074,#9076,.T.);
#9074 = VERTEX_POINT('',#9075);
#9075 = CARTESIAN_POINT('',(4.095478561467E-03,11.113326986186,
    -1.016441899852));
#9076 = SURFACE_CURVE('',#9077,(#9082,#9089),.PCURVE_S1.);
#9077 = CIRCLE('',#9078,11.1125);
#9078 = AXIS2_PLACEMENT_3D('',#9079,#9080,#9081);
#9079 = CARTESIAN_POINT('',(1.697818874489E-03,8.272459606235E-04,
    -1.016284694555));
#9080 = DIRECTION('',(1.296752066396E-05,-1.414950665963E-05,
    -0.999999999816));
#9081 = DIRECTION('',(2.157624015277E-04,0.999999976623,
    -1.414670842806E-05));
#9082 = PCURVE('',#9008,#9083);
#9083 = DEFINITIONAL_REPRESENTATION('',(#9084),#9088);
#9084 = LINE('',#9085,#9086);
#9085 = CARTESIAN_POINT('',(9.424777960769,0.219483017732));
#9086 = VECTOR('',#9087,1.);
#9087 = DIRECTION('',(-1.,0.));
#9088 = ( GEOMETRIC_REPRESENTATION_CONTEXT(2) 
PARAMETRIC_REPRESENTATION_CONTEXT() REPRESENTATION_CONTEXT('2D SPACE',''
  ) );
#9089 = PCURVE('',#9090,#9095);
#9090 = CYLINDRICAL_SURFACE('',#9091,11.1125);
#9091 = AXIS2_PLACEMENT_3D('',#9092,#9093,#9094);
#9092 = CARTESIAN_POINT('',(1.879353919444E-03,6.291640454989E-04,
    -15.01549469197));
#9093 = DIRECTION('',(1.296752066396E-05,-1.414950665963E-05,
    -0.999999999816));
#9094 = DIRECTION('',(-2.157624015277E-04,-0.999999976623,
    1.414670842806E-05));
#9095 = DEFINITIONAL_REPRESENTATION('',(#9096),#9100);
#9096 = LINE('',#9097,#9098);
#9097 = CARTESIAN_POINT('',(3.14159265359,-13.99921));
#9098 = VECTOR('',#9099,1.);
#9099 = DIRECTION('',(1.,0.));
#9100 = ( GEOMETRIC_REPRESENTATION_CONTEXT(2) 
PARAMETRIC_REPRESENTATION_CONTEXT() REPRESENTATION_CONTEXT('2D SPACE',''
  ) );
#9101 = ORIENTED_EDGE('',*,*,#9102,.T.);
#9102 = EDGE_CURVE('',#9074,#9052,#9103,.T.);
#9103 = SURFACE_CURVE('',#9104,(#9109,#9116),.PCURVE_S1.);
#9104 = CIRCLE('',#9105,11.1125);
#9105 = AXIS2_PLACEMENT_3D('',#9106,#9107,#9108);
#9106 = CARTESIAN_POINT('',(1.697818874489E-03,8.272459606235E-04,
    -1.016284694555));
#9107 = DIRECTION('',(1.296752066396E-05,-1.414950665963E-05,
    -0.999999999816));
#9108 = DIRECTION('',(2.157624015277E-04,0.999999976623,
    -1.414670842806E-05));
#9109 = PCURVE('',#9008,#9110);
#9110 = DEFINITIONAL_REPRESENTATION('',(#9111),#9115);
#9111 = LINE('',#9112,#9113);
#9112 = CARTESIAN_POINT('',(3.14159265359,0.219483017732));
#9113 = VECTOR('',#9114,1.);
#9114 = DIRECTION('',(-1.,0.));
#9115 = ( GEOMETRIC_REPRESENTATION_CONTEXT(2) 
PARAMETRIC_REPRESENTATION_CONTEXT() REPRESENTATION_CONTEXT('2D SPACE',''
  ) );
#9116 = PCURVE('',#9090,#9117);
#9117 = DEFINITIONAL_REPRESENTATION('',(#9118),#9122);
#9118 = LINE('',#9119,#9120);
#9119 = CARTESIAN_POINT('',(3.14159265359,-13.99921));
#9120 = VECTOR('',#9121,1.);
#9121 = DIRECTION('',(1.,0.));
#9122 = ( GEOMETRIC_REPRESENTATION_CONTEXT(2) 
PARAMETRIC_REPRESENTATION_CONTEXT() REPRESENTATION_CONTEXT('2D SPACE',''
  ) );
#9123 = ORIENTED_EDGE('',*,*,#9051,.F.);
#9124 = ADVANCED_FACE('',(#9125),#9090,.T.);
#9125 = FACE_BOUND('',#9126,.T.);
#9126 = EDGE_LOOP('',(#9127,#9128,#9150,#9177,#9178));
#9127 = ORIENTED_EDGE('',*,*,#9102,.F.);
#9128 = ORIENTED_EDGE('',*,*,#9129,.F.);
#9129 = EDGE_CURVE('',#9130,#9074,#9132,.T.);
#9130 = VERTEX_POINT('',#9131);
#9131 = CARTESIAN_POINT('',(4.082303560472E-03,11.113341362085,
    -4.419000395774E-04));
#9132 = SEAM_CURVE('',#9133,(#9136,#9143),.PCURVE_S1.);
#9133 = B_SPLINE_CURVE_WITH_KNOTS('',1,(#9134,#9135),.UNSPECIFIED.,.F.,
  .F.,(2,2),(-15.01521,-13.99921),.PIECEWISE_BEZIER_KNOTS.);
#9134 = CARTESIAN_POINT('',(4.082303560471E-03,11.113341362085,
    -4.419000395774E-04));
#9135 = CARTESIAN_POINT('',(4.095478561465E-03,11.113326986186,
    -1.016441899852));
#9136 = PCURVE('',#9090,#9137);
#9137 = DEFINITIONAL_REPRESENTATION('',(#9138),#9142);
#9138 = LINE('',#9139,#9140);
#9139 = CARTESIAN_POINT('',(3.14159265359,0.));
#9140 = VECTOR('',#9141,1.);
#9141 = DIRECTION('',(0.,1.));
#9142 = ( GEOMETRIC_REPRESENTATION_CONTEXT(2) 
PARAMETRIC_REPRESENTATION_CONTEXT() REPRESENTATION_CONTEXT('2D SPACE',''
  ) );
#9143 = PCURVE('',#9090,#9144);
#9144 = DEFINITIONAL_REPRESENTATION('',(#9145),#9149);
#9145 = LINE('',#9146,#9147);
#9146 = CARTESIAN_POINT('',(9.424777960769,0.));
#9147 = VECTOR('',#9148,1.);
#9148 = DIRECTION('',(0.,1.));
#9149 = ( GEOMETRIC_REPRESENTATION_CONTEXT(2) 
PARAMETRIC_REPRESENTATION_CONTEXT() REPRESENTATION_CONTEXT('2D SPACE',''
  ) );
#9150 = ORIENTED_EDGE('',*,*,#9151,.F.);
#9151 = EDGE_CURVE('',#9130,#9130,#9152,.T.);
#9152 = SURFACE_CURVE('',#9153,(#9158,#9165),.PCURVE_S1.);
#9153 = CIRCLE('',#9154,11.1125);
#9154 = AXIS2_PLACEMENT_3D('',#9155,#9156,#9157);
#9155 = CARTESIAN_POINT('',(1.684643873495E-03,8.416218593896E-04,
    -2.846947421702E-04));
#9156 = DIRECTION('',(-1.296752066396E-05,1.414950665963E-05,
    0.999999999816));
#9157 = DIRECTION('',(2.157624015277E-04,0.999999976623,
    -1.414670842806E-05));
#9158 = PCURVE('',#9090,#9159);
#9159 = DEFINITIONAL_REPRESENTATION('',(#9160),#9164);
#9160 = LINE('',#9161,#9162);
#9161 = CARTESIAN_POINT('',(9.424777960769,-15.01521));
#9162 = VECTOR('',#9163,1.);
#9163 = DIRECTION('',(-1.,0.));
#9164 = ( GEOMETRIC_REPRESENTATION_CONTEXT(2) 
PARAMETRIC_REPRESENTATION_CONTEXT() REPRESENTATION_CONTEXT('2D SPACE',''
  ) );
#9165 = PCURVE('',#9166,#9171);
#9166 = CONICAL_SURFACE('',#9167,10.414,1.1217996841);
#9167 = AXIS2_PLACEMENT_3D('',#9168,#9169,#9170);
#9168 = CARTESIAN_POINT('',(1.689008092574E-03,8.368598429233E-04,
    -0.33683469468));
#9169 = DIRECTION('',(-1.296752066396E-05,1.414950665963E-05,
    0.999999999816));
#9170 = DIRECTION('',(-2.157624015277E-04,-0.999999976623,
    1.414670842806E-05));
#9171 = DEFINITIONAL_REPRESENTATION('',(#9172),#9176);
#9172 = LINE('',#9173,#9174);
#9173 = CARTESIAN_POINT('',(3.14159265359,0.336549999983));
#9174 = VECTOR('',#9175,1.);
#9175 = DIRECTION('',(1.,0.));
#9176 = ( GEOMETRIC_REPRESENTATION_CONTEXT(2) 
PARAMETRIC_REPRESENTATION_CONTEXT() REPRESENTATION_CONTEXT('2D SPACE',''
  ) );
#9177 = ORIENTED_EDGE('',*,*,#9129,.T.);
#9178 = ORIENTED_EDGE('',*,*,#9073,.F.);
#9179 = ADVANCED_FACE('',(#9180),#9166,.F.);
#9180 = FACE_BOUND('',#9181,.F.);
#9181 = EDGE_LOOP('',(#9182,#9183,#9205,#9236));
#9182 = ORIENTED_EDGE('',*,*,#9151,.F.);
#9183 = ORIENTED_EDGE('',*,*,#9184,.F.);
#9184 = EDGE_CURVE('',#9185,#9130,#9187,.T.);
#9185 = VERTEX_POINT('',#9186);
#9186 = CARTESIAN_POINT('',(3.789611923697E-03,9.716331870709,
    -0.673522136964));
#9187 = SEAM_CURVE('',#9188,(#9191,#9198),.PCURVE_S1.);
#9188 = B_SPLINE_CURVE_WITH_KNOTS('',1,(#9189,#9190),.UNSPECIFIED.,.F.,
  .F.,(2,2),(-0.775350341781,0.775350341781),.PIECEWISE_BEZIER_KNOTS.);
#9189 = CARTESIAN_POINT('',(3.789611923698E-03,9.716331870701,
    -0.673522136954));
#9190 = CARTESIAN_POINT('',(4.082303560478E-03,11.113341362093,
    -4.419000595774E-04));
#9191 = PCURVE('',#9166,#9192);
#9192 = DEFINITIONAL_REPRESENTATION('',(#9193),#9197);
#9193 = LINE('',#9194,#9195);
#9194 = CARTESIAN_POINT('',(3.14159265359,0.));
#9195 = VECTOR('',#9196,1.);
#9196 = DIRECTION('',(0.,1.));
#9197 = ( GEOMETRIC_REPRESENTATION_CONTEXT(2) 
PARAMETRIC_REPRESENTATION_CONTEXT() REPRESENTATION_CONTEXT('2D SPACE',''
  ) );
#9198 = PCURVE('',#9166,#9199);
#9199 = DEFINITIONAL_REPRESENTATION('',(#9200),#9204);
#9200 = LINE('',#9201,#9202);
#9201 = CARTESIAN_POINT('',(9.424777960769,0.));
#9202 = VECTOR('',#9203,1.);
#9203 = DIRECTION('',(0.,1.));
#9204 = ( GEOMETRIC_REPRESENTATION_CONTEXT(2) 
PARAMETRIC_REPRESENTATION_CONTEXT() REPRESENTATION_CONTEXT('2D SPACE',''
  ) );
#9205 = ORIENTED_EDGE('',*,*,#9206,.F.);
#9206 = EDGE_CURVE('',#9185,#9185,#9207,.T.);
#9207 = SURFACE_CURVE('',#9208,(#9213,#9220),.PCURVE_S1.);
#9208 = CIRCLE('',#9209,9.7155);
#9209 = AXIS2_PLACEMENT_3D('',#9210,#9211,#9212);
#9210 = CARTESIAN_POINT('',(1.693372311654E-03,8.32097826457E-04,
    -0.673384694618));
#9211 = DIRECTION('',(1.296752066396E-05,-1.414950665963E-05,
    -0.999999999816));
#9212 = DIRECTION('',(2.157624015277E-04,0.999999976623,
    -1.414670842806E-05));
#9213 = PCURVE('',#9166,#9214);
#9214 = DEFINITIONAL_REPRESENTATION('',(#9215),#9219);
#9215 = LINE('',#9216,#9217);
#9216 = CARTESIAN_POINT('',(9.424777960769,-0.336549999983));
#9217 = VECTOR('',#9218,1.);
#9218 = DIRECTION('',(-1.,0.));
#9219 = ( GEOMETRIC_REPRESENTATION_CONTEXT(2) 
PARAMETRIC_REPRESENTATION_CONTEXT() REPRESENTATION_CONTEXT('2D SPACE',''
  ) );
#9220 = PCURVE('',#9221,#9226);
#9221 = PLANE('',#9222);
#9222 = AXIS2_PLACEMENT_3D('',#9223,#9224,#9225);
#9223 = CARTESIAN_POINT('',(1.693372311654E-03,8.32097826457E-04,
    -0.673384694618));
#9224 = DIRECTION('',(-1.296752066396E-05,1.414950665963E-05,
    0.999999999816));
#9225 = DIRECTION('',(-2.157624015277E-04,-0.999999976623,
    1.414670842806E-05));
#9226 = DEFINITIONAL_REPRESENTATION('',(#9227),#9235);
#9227 = ( BOUNDED_CURVE() B_SPLINE_CURVE(2,(#9228,#9229,#9230,#9231,
#9232,#9233,#9234),.UNSPECIFIED.,.T.,.F.) B_SPLINE_CURVE_WITH_KNOTS((1,2
    ,2,2,2,1),(-2.094395102393,0.,2.094395102393,4.188790204786,
6.28318530718,8.377580409573),.UNSPECIFIED.) CURVE() 
GEOMETRIC_REPRESENTATION_ITEM() RATIONAL_B_SPLINE_CURVE((1.,0.5,1.,0.5,
1.,0.5,1.)) REPRESENTATION_ITEM('') );
#9228 = CARTESIAN_POINT('',(-9.7155,-3.361491004558E-19));
#9229 = CARTESIAN_POINT('',(-9.7155,16.827739620935));
#9230 = CARTESIAN_POINT('',(4.85775,8.413869810468));
#9231 = CARTESIAN_POINT('',(19.431,2.380283493624E-15));
#9232 = CARTESIAN_POINT('',(4.85775,-8.413869810468));
#9233 = CARTESIAN_POINT('',(-9.7155,-16.82773962093));
#9234 = CARTESIAN_POINT('',(-9.7155,-3.361491004558E-19));
#9235 = ( GEOMETRIC_REPRESENTATION_CONTEXT(2) 
PARAMETRIC_REPRESENTATION_CONTEXT() REPRESENTATION_CONTEXT('2D SPACE',''
  ) );
#9236 = ORIENTED_EDGE('',*,*,#9184,.T.);
#9237 = ADVANCED_FACE('',(#9238,#9241),#9221,.T.);
#9238 = FACE_BOUND('',#9239,.T.);
#9239 = EDGE_LOOP('',(#9240));
#9240 = ORIENTED_EDGE('',*,*,#9206,.F.);
#9241 = FACE_BOUND('',#9242,.T.);
#9242 = EDGE_LOOP('',(#9243,#9278,#9311,#9344,#9377,#9410,#9443,#9476));
#9243 = ORIENTED_EDGE('',*,*,#9244,.T.);
#9244 = EDGE_CURVE('',#9245,#9247,#9249,.T.);
#9245 = VERTEX_POINT('',#9246);
#9246 = CARTESIAN_POINT('',(4.70489125447,4.323765279274,-0.673384873174
    ));
#9247 = VERTEX_POINT('',#9248);
#9248 = CARTESIAN_POINT('',(4.703025363724,-4.324130225894,
    -0.673262533915));
#9249 = SURFACE_CURVE('',#9250,(#9255,#9266),.PCURVE_S1.);
#9250 = CIRCLE('',#9251,6.3881);
#9251 = AXIS2_PLACEMENT_3D('',#9252,#9253,#9254);
#9252 = CARTESIAN_POINT('',(1.693372311654E-03,8.32097826457E-04,
    -0.673384694618));
#9253 = DIRECTION('',(1.296752066396E-05,-1.414950665963E-05,
    -0.999999999816));
#9254 = DIRECTION('',(0.736243622072,0.676716579491,-2.795136526591E-08)
  );
#9255 = PCURVE('',#9221,#9256);
#9256 = DEFINITIONAL_REPRESENTATION('',(#9257),#9265);
#9257 = ( BOUNDED_CURVE() B_SPLINE_CURVE(2,(#9258,#9259,#9260,#9261,
#9262,#9263,#9264),.UNSPECIFIED.,.T.,.F.) B_SPLINE_CURVE_WITH_KNOTS((1,2
    ,2,2,2,1),(-2.094395102393,0.,2.094395102393,4.188790204786,
6.28318530718,8.377580409573),.UNSPECIFIED.) CURVE() 
GEOMETRIC_REPRESENTATION_ITEM() RATIONAL_B_SPLINE_CURVE((1.,0.5,1.,0.5,
1.,0.5,1.)) REPRESENTATION_ITEM('') );
#9258 = CARTESIAN_POINT('',(-4.323947853664,4.702265046634));
#9259 = CARTESIAN_POINT('',(3.82061411776,12.191562418458));
#9260 = CARTESIAN_POINT('',(6.234254912544,1.393516162596));
#9261 = CARTESIAN_POINT('',(8.647895707328,-9.404530093267));
#9262 = CARTESIAN_POINT('',(-1.91030705888,-6.095781209229));
#9263 = CARTESIAN_POINT('',(-12.46850982508,-2.787032325191));
#9264 = CARTESIAN_POINT('',(-4.323947853664,4.702265046634));
#9265 = ( GEOMETRIC_REPRESENTATION_CONTEXT(2) 
PARAMETRIC_REPRESENTATION_CONTEXT() REPRESENTATION_CONTEXT('2D SPACE',''
  ) );
#9266 = PCURVE('',#9267,#9272);
#9267 = CYLINDRICAL_SURFACE('',#9268,6.3881);
#9268 = AXIS2_PLACEMENT_3D('',#9269,#9270,#9271);
#9269 = CARTESIAN_POINT('',(1.684643873495E-03,8.416218593896E-04,
    -2.846947421702E-04));
#9270 = DIRECTION('',(1.296752066396E-05,-1.414950665963E-05,
    -0.999999999816));
#9271 = DIRECTION('',(0.999999976639,-2.157622180403E-04,
    1.297057329236E-05));
#9272 = DEFINITIONAL_REPRESENTATION('',(#9273),#9277);
#9273 = LINE('',#9274,#9275);
#9274 = CARTESIAN_POINT('',(-0.743509511016,0.6731));
#9275 = VECTOR('',#9276,1.);
#9276 = DIRECTION('',(1.,0.));
#9277 = ( GEOMETRIC_REPRESENTATION_CONTEXT(2) 
PARAMETRIC_REPRESENTATION_CONTEXT() REPRESENTATION_CONTEXT('2D SPACE',''
  ) );
#9278 = ORIENTED_EDGE('',*,*,#9279,.T.);
#9279 = EDGE_CURVE('',#9247,#9280,#9282,.T.);
#9280 = VERTEX_POINT('',#9281);
#9281 = CARTESIAN_POINT('',(4.324626552966,-4.702365783463,
    -0.673262088963));
#9282 = SURFACE_CURVE('',#9283,(#9288,#9299),.PCURVE_S1.);
#9283 = CIRCLE('',#9284,1.389);
#9284 = AXIS2_PLACEMENT_3D('',#9285,#9286,#9287);
#9285 = CARTESIAN_POINT('',(3.550249967219,-3.54925611706,-0.67328844664
    ));
#9286 = DIRECTION('',(1.296752066396E-05,-1.414950665963E-05,
    -0.999999999816));
#9287 = DIRECTION('',(-0.999999976639,2.157622180403E-04,
    -1.297057329236E-05));
#9288 = PCURVE('',#9221,#9289);
#9289 = DEFINITIONAL_REPRESENTATION('',(#9290),#9298);
#9290 = ( BOUNDED_CURVE() B_SPLINE_CURVE(2,(#9291,#9292,#9293,#9294,
#9295,#9296,#9297),.UNSPECIFIED.,.T.,.F.) B_SPLINE_CURVE_WITH_KNOTS((1,2
    ,2,2,2,1),(-2.094395102393,0.,2.094395102393,4.188790204786,
6.28318530718,8.377580409573),.UNSPECIFIED.) CURVE() 
GEOMETRIC_REPRESENTATION_ITEM() RATIONAL_B_SPLINE_CURVE((1.,0.5,1.,0.5,
1.,0.5,1.)) REPRESENTATION_ITEM('') );
#9291 = CARTESIAN_POINT('',(3.549322488166,2.160322488166));
#9292 = CARTESIAN_POINT('',(1.143503916453,2.160322488166));
#9293 = CARTESIAN_POINT('',(2.346413202309,4.243822488166));
#9294 = CARTESIAN_POINT('',(3.549322488166,6.327322488166));
#9295 = CARTESIAN_POINT('',(4.752231774023,4.243822488166));
#9296 = CARTESIAN_POINT('',(5.955141059879,2.160322488166));
#9297 = CARTESIAN_POINT('',(3.549322488166,2.160322488166));
#9298 = ( GEOMETRIC_REPRESENTATION_CONTEXT(2) 
PARAMETRIC_REPRESENTATION_CONTEXT() REPRESENTATION_CONTEXT('2D SPACE',''
  ) );
#9299 = PCURVE('',#9300,#9305);
#9300 = CYLINDRICAL_SURFACE('',#9301,1.389);
#9301 = AXIS2_PLACEMENT_3D('',#9302,#9303,#9304);
#9302 = CARTESIAN_POINT('',(3.550215303738,-3.549218294013,
    1.999811652867));
#9303 = DIRECTION('',(1.296752066396E-05,-1.414950665963E-05,
    -0.999999999816));
#9304 = DIRECTION('',(-0.999999976639,2.157622180403E-04,
    -1.297057329236E-05));
#9305 = DEFINITIONAL_REPRESENTATION('',(#9306),#9310);
#9306 = LINE('',#9307,#9308);
#9307 = CARTESIAN_POINT('',(0.,2.6731001));
#9308 = VECTOR('',#9309,1.);
#9309 = DIRECTION('',(1.,0.));
#9310 = ( GEOMETRIC_REPRESENTATION_CONTEXT(2) 
PARAMETRIC_REPRESENTATION_CONTEXT() REPRESENTATION_CONTEXT('2D SPACE',''
  ) );
#9311 = ORIENTED_EDGE('',*,*,#9312,.T.);
#9312 = EDGE_CURVE('',#9280,#9313,#9315,.T.);
#9313 = VERTEX_POINT('',#9314);
#9314 = CARTESIAN_POINT('',(-4.323268952341,-4.700499894304,
    -0.673374257128));
#9315 = SURFACE_CURVE('',#9316,(#9321,#9332),.PCURVE_S1.);
#9316 = CIRCLE('',#9317,6.3881);
#9317 = AXIS2_PLACEMENT_3D('',#9318,#9319,#9320);
#9318 = CARTESIAN_POINT('',(1.693372311654E-03,8.32097826457E-04,
    -0.673384694618));
#9319 = DIRECTION('',(1.296752066396E-05,-1.414950665963E-05,
    -0.999999999816));
#9320 = DIRECTION('',(0.999999976639,-2.157622180403E-04,
    1.297057329236E-05));
#9321 = PCURVE('',#9221,#9322);
#9322 = DEFINITIONAL_REPRESENTATION('',(#9323),#9331);
#9323 = ( BOUNDED_CURVE() B_SPLINE_CURVE(2,(#9324,#9325,#9326,#9327,
#9328,#9329,#9330),.UNSPECIFIED.,.T.,.F.) B_SPLINE_CURVE_WITH_KNOTS((1,2
    ,2,2,2,1),(-2.094395102393,0.,2.094395102393,4.188790204786,
6.28318530718,8.377580409573),.UNSPECIFIED.) CURVE() 
GEOMETRIC_REPRESENTATION_ITEM() RATIONAL_B_SPLINE_CURVE((1.,0.5,1.,0.5,
1.,0.5,1.)) REPRESENTATION_ITEM('') );
#9324 = CARTESIAN_POINT('',(2.21023526182E-19,6.3881));
#9325 = CARTESIAN_POINT('',(11.064513763831,6.3881));
#9326 = CARTESIAN_POINT('',(5.532256881915,-3.19405));
#9327 = CARTESIAN_POINT('',(1.564191196474E-15,-12.7762));
#9328 = CARTESIAN_POINT('',(-5.532256881915,-3.19405));
#9329 = CARTESIAN_POINT('',(-11.06451376383,6.3881));
#9330 = CARTESIAN_POINT('',(2.21023526182E-19,6.3881));
#9331 = ( GEOMETRIC_REPRESENTATION_CONTEXT(2) 
PARAMETRIC_REPRESENTATION_CONTEXT() REPRESENTATION_CONTEXT('2D SPACE',''
  ) );
#9332 = PCURVE('',#9333,#9338);
#9333 = CYLINDRICAL_SURFACE('',#9334,6.3881);
#9334 = AXIS2_PLACEMENT_3D('',#9335,#9336,#9337);
#9335 = CARTESIAN_POINT('',(1.684643873495E-03,8.416218593896E-04,
    -2.846947421702E-04));
#9336 = DIRECTION('',(1.296752066396E-05,-1.414950665963E-05,
    -0.999999999816));
#9337 = DIRECTION('',(0.999999976639,-2.157622180403E-04,
    1.297057329236E-05));
#9338 = DEFINITIONAL_REPRESENTATION('',(#9339),#9343);
#9339 = LINE('',#9340,#9341);
#9340 = CARTESIAN_POINT('',(0.,0.6731));
#9341 = VECTOR('',#9342,1.);
#9342 = DIRECTION('',(1.,0.));
#9343 = ( GEOMETRIC_REPRESENTATION_CONTEXT(2) 
PARAMETRIC_REPRESENTATION_CONTEXT() REPRESENTATION_CONTEXT('2D SPACE',''
  ) );
#9344 = ORIENTED_EDGE('',*,*,#9345,.T.);
#9345 = EDGE_CURVE('',#9313,#9346,#9348,.T.);
#9346 = VERTEX_POINT('',#9347);
#9347 = CARTESIAN_POINT('',(-4.701504509847,-4.322101083621,
    -0.673384516062));
#9348 = SURFACE_CURVE('',#9349,(#9354,#9365),.PCURVE_S1.);
#9349 = CIRCLE('',#9350,1.389);
#9350 = AXIS2_PLACEMENT_3D('',#9351,#9352,#9353);
#9351 = CARTESIAN_POINT('',(-3.548394843283,-3.547724497675,
    -0.673380520135));
#9352 = DIRECTION('',(1.296752066396E-05,-1.414950665963E-05,
    -0.999999999816));
#9353 = DIRECTION('',(-0.999999976639,2.157622180403E-04,
    -1.297057329236E-05));
#9354 = PCURVE('',#9221,#9355);
#9355 = DEFINITIONAL_REPRESENTATION('',(#9356),#9364);
#9356 = ( BOUNDED_CURVE() B_SPLINE_CURVE(2,(#9357,#9358,#9359,#9360,
#9361,#9362,#9363),.UNSPECIFIED.,.T.,.F.) B_SPLINE_CURVE_WITH_KNOTS((1,2
    ,2,2,2,1),(-2.094395102393,0.,2.094395102393,4.188790204786,
6.28318530718,8.377580409573),.UNSPECIFIED.) CURVE() 
GEOMETRIC_REPRESENTATION_ITEM() RATIONAL_B_SPLINE_CURVE((1.,0.5,1.,0.5,
1.,0.5,1.)) REPRESENTATION_ITEM('') );
#9357 = CARTESIAN_POINT('',(3.549322488166,-4.938322488166));
#9358 = CARTESIAN_POINT('',(1.143503916453,-4.938322488166));
#9359 = CARTESIAN_POINT('',(2.346413202309,-2.854822488166));
#9360 = CARTESIAN_POINT('',(3.549322488166,-0.771322488166));
#9361 = CARTESIAN_POINT('',(4.752231774023,-2.854822488166));
#9362 = CARTESIAN_POINT('',(5.955141059879,-4.938322488166));
#9363 = CARTESIAN_POINT('',(3.549322488166,-4.938322488166));
#9364 = ( GEOMETRIC_REPRESENTATION_CONTEXT(2) 
PARAMETRIC_REPRESENTATION_CONTEXT() REPRESENTATION_CONTEXT('2D SPACE',''
  ) );
#9365 = PCURVE('',#9366,#9371);
#9366 = CYLINDRICAL_SURFACE('',#9367,1.389);
#9367 = AXIS2_PLACEMENT_3D('',#9368,#9369,#9370);
#9368 = CARTESIAN_POINT('',(-3.548429506764,-3.547686674628,
    1.999719579372));
#9369 = DIRECTION('',(1.296752066396E-05,-1.414950665963E-05,
    -0.999999999816));
#9370 = DIRECTION('',(-0.999999976639,2.157622180403E-04,
    -1.297057329236E-05));
#9371 = DEFINITIONAL_REPRESENTATION('',(#9372),#9376);
#9372 = LINE('',#9373,#9374);
#9373 = CARTESIAN_POINT('',(0.,2.6731001));
#9374 = VECTOR('',#9375,1.);
#9375 = DIRECTION('',(1.,0.));
#9376 = ( GEOMETRIC_REPRESENTATION_CONTEXT(2) 
PARAMETRIC_REPRESENTATION_CONTEXT() REPRESENTATION_CONTEXT('2D SPACE',''
  ) );
#9377 = ORIENTED_EDGE('',*,*,#9378,.T.);
#9378 = EDGE_CURVE('',#9346,#9379,#9381,.T.);
#9379 = VERTEX_POINT('',#9380);
#9380 = CARTESIAN_POINT('',(-4.699638619101,4.325794421547,
    -0.673506855321));
#9381 = SURFACE_CURVE('',#9382,(#9387,#9398),.PCURVE_S1.);
#9382 = CIRCLE('',#9383,6.3881);
#9383 = AXIS2_PLACEMENT_3D('',#9384,#9385,#9386);
#9384 = CARTESIAN_POINT('',(1.693372311654E-03,8.32097826457E-04,
    -0.673384694618));
#9385 = DIRECTION('',(1.296752066396E-05,-1.414950665963E-05,
    -0.999999999816));
#9386 = DIRECTION('',(0.999999976639,-2.157622180403E-04,
    1.297057329236E-05));
#9387 = PCURVE('',#9221,#9388);
#9388 = DEFINITIONAL_REPRESENTATION('',(#9389),#9397);
#9389 = ( BOUNDED_CURVE() B_SPLINE_CURVE(2,(#9390,#9391,#9392,#9393,
#9394,#9395,#9396),.UNSPECIFIED.,.T.,.F.) B_SPLINE_CURVE_WITH_KNOTS((1,2
    ,2,2,2,1),(-2.094395102393,0.,2.094395102393,4.188790204786,
6.28318530718,8.377580409573),.UNSPECIFIED.) CURVE() 
GEOMETRIC_REPRESENTATION_ITEM() RATIONAL_B_SPLINE_CURVE((1.,0.5,1.,0.5,
1.,0.5,1.)) REPRESENTATION_ITEM('') );
#9390 = CARTESIAN_POINT('',(2.21023526182E-19,6.3881));
#9391 = CARTESIAN_POINT('',(11.064513763831,6.3881));
#9392 = CARTESIAN_POINT('',(5.532256881915,-3.19405));
#9393 = CARTESIAN_POINT('',(1.564191196474E-15,-12.7762));
#9394 = CARTESIAN_POINT('',(-5.532256881915,-3.19405));
#9395 = CARTESIAN_POINT('',(-11.06451376383,6.3881));
#9396 = CARTESIAN_POINT('',(2.21023526182E-19,6.3881));
#9397 = ( GEOMETRIC_REPRESENTATION_CONTEXT(2) 
PARAMETRIC_REPRESENTATION_CONTEXT() REPRESENTATION_CONTEXT('2D SPACE',''
  ) );
#9398 = PCURVE('',#9399,#9404);
#9399 = CYLINDRICAL_SURFACE('',#9400,6.3881);
#9400 = AXIS2_PLACEMENT_3D('',#9401,#9402,#9403);
#9401 = CARTESIAN_POINT('',(1.684643873495E-03,8.416218593896E-04,
    -2.846947421702E-04));
#9402 = DIRECTION('',(1.296752066396E-05,-1.414950665963E-05,
    -0.999999999816));
#9403 = DIRECTION('',(0.999999976639,-2.157622180403E-04,
    1.297057329236E-05));
#9404 = DEFINITIONAL_REPRESENTATION('',(#9405),#9409);
#9405 = LINE('',#9406,#9407);
#9406 = CARTESIAN_POINT('',(0.,0.6731));
#9407 = VECTOR('',#9408,1.);
#9408 = DIRECTION('',(1.,0.));
#9409 = ( GEOMETRIC_REPRESENTATION_CONTEXT(2) 
PARAMETRIC_REPRESENTATION_CONTEXT() REPRESENTATION_CONTEXT('2D SPACE',''
  ) );
#9410 = ORIENTED_EDGE('',*,*,#9411,.T.);
#9411 = EDGE_CURVE('',#9379,#9412,#9414,.T.);
#9412 = VERTEX_POINT('',#9413);
#9413 = CARTESIAN_POINT('',(-4.321239808342,4.704029979116,
    -0.673507300273));
#9414 = SURFACE_CURVE('',#9415,(#9420,#9431),.PCURVE_S1.);
#9415 = CIRCLE('',#9416,1.389);
#9416 = AXIS2_PLACEMENT_3D('',#9417,#9418,#9419);
#9417 = CARTESIAN_POINT('',(-3.546863222596,3.550920312713,
    -0.673480942596));
#9418 = DIRECTION('',(1.296752066396E-05,-1.414950665963E-05,
    -0.999999999816));
#9419 = DIRECTION('',(-0.999999976639,2.157622180403E-04,
    -1.297057329236E-05));
#9420 = PCURVE('',#9221,#9421);
#9421 = DEFINITIONAL_REPRESENTATION('',(#9422),#9430);
#9422 = ( BOUNDED_CURVE() B_SPLINE_CURVE(2,(#9423,#9424,#9425,#9426,
#9427,#9428,#9429),.UNSPECIFIED.,.T.,.F.) B_SPLINE_CURVE_WITH_KNOTS((1,2
    ,2,2,2,1),(-2.094395102393,0.,2.094395102393,4.188790204786,
6.28318530718,8.377580409573),.UNSPECIFIED.) CURVE() 
GEOMETRIC_REPRESENTATION_ITEM() RATIONAL_B_SPLINE_CURVE((1.,0.5,1.,0.5,
1.,0.5,1.)) REPRESENTATION_ITEM('') );
#9423 = CARTESIAN_POINT('',(-3.549322488166,-4.938322488166));
#9424 = CARTESIAN_POINT('',(-5.955141059879,-4.938322488166));
#9425 = CARTESIAN_POINT('',(-4.752231774023,-2.854822488166));
#9426 = CARTESIAN_POINT('',(-3.549322488166,-0.771322488166));
#9427 = CARTESIAN_POINT('',(-2.346413202309,-2.854822488166));
#9428 = CARTESIAN_POINT('',(-1.143503916453,-4.938322488166));
#9429 = CARTESIAN_POINT('',(-3.549322488166,-4.938322488166));
#9430 = ( GEOMETRIC_REPRESENTATION_CONTEXT(2) 
PARAMETRIC_REPRESENTATION_CONTEXT() REPRESENTATION_CONTEXT('2D SPACE',''
  ) );
#9431 = PCURVE('',#9432,#9437);
#9432 = CYLINDRICAL_SURFACE('',#9433,1.389);
#9433 = AXIS2_PLACEMENT_3D('',#9434,#9435,#9436);
#9434 = CARTESIAN_POINT('',(-3.546897886076,3.550958135761,
    1.999619156912));
#9435 = DIRECTION('',(1.296752066396E-05,-1.414950665963E-05,
    -0.999999999816));
#9436 = DIRECTION('',(-0.999999976639,2.157622180403E-04,
    -1.297057329236E-05));
#9437 = DEFINITIONAL_REPRESENTATION('',(#9438),#9442);
#9438 = LINE('',#9439,#9440);
#9439 = CARTESIAN_POINT('',(0.,2.6731001));
#9440 = VECTOR('',#9441,1.);
#9441 = DIRECTION('',(1.,0.));
#9442 = ( GEOMETRIC_REPRESENTATION_CONTEXT(2) 
PARAMETRIC_REPRESENTATION_CONTEXT() REPRESENTATION_CONTEXT('2D SPACE',''
  ) );
#9443 = ORIENTED_EDGE('',*,*,#9444,.T.);
#9444 = EDGE_CURVE('',#9412,#9445,#9447,.T.);
#9445 = VERTEX_POINT('',#9446);
#9446 = CARTESIAN_POINT('',(4.326655696964,4.702164089957,
    -0.673395132108));
#9447 = SURFACE_CURVE('',#9448,(#9453,#9464),.PCURVE_S1.);
#9448 = CIRCLE('',#9449,6.3881);
#9449 = AXIS2_PLACEMENT_3D('',#9450,#9451,#9452);
#9450 = CARTESIAN_POINT('',(1.693372311654E-03,8.32097826457E-04,
    -0.673384694618));
#9451 = DIRECTION('',(1.296752066396E-05,-1.414950665963E-05,
    -0.999999999816));
#9452 = DIRECTION('',(0.999999976639,-2.157622180403E-04,
    1.297057329236E-05));
#9453 = PCURVE('',#9221,#9454);
#9454 = DEFINITIONAL_REPRESENTATION('',(#9455),#9463);
#9455 = ( BOUNDED_CURVE() B_SPLINE_CURVE(2,(#9456,#9457,#9458,#9459,
#9460,#9461,#9462),.UNSPECIFIED.,.T.,.F.) B_SPLINE_CURVE_WITH_KNOTS((1,2
    ,2,2,2,1),(-2.094395102393,0.,2.094395102393,4.188790204786,
6.28318530718,8.377580409573),.UNSPECIFIED.) CURVE() 
GEOMETRIC_REPRESENTATION_ITEM() RATIONAL_B_SPLINE_CURVE((1.,0.5,1.,0.5,
1.,0.5,1.)) REPRESENTATION_ITEM('') );
#9456 = CARTESIAN_POINT('',(2.21023526182E-19,6.3881));
#9457 = CARTESIAN_POINT('',(11.064513763831,6.3881));
#9458 = CARTESIAN_POINT('',(5.532256881915,-3.19405));
#9459 = CARTESIAN_POINT('',(1.564191196474E-15,-12.7762));
#9460 = CARTESIAN_POINT('',(-5.532256881915,-3.19405));
#9461 = CARTESIAN_POINT('',(-11.06451376383,6.3881));
#9462 = CARTESIAN_POINT('',(2.21023526182E-19,6.3881));
#9463 = ( GEOMETRIC_REPRESENTATION_CONTEXT(2) 
PARAMETRIC_REPRESENTATION_CONTEXT() REPRESENTATION_CONTEXT('2D SPACE',''
  ) );
#9464 = PCURVE('',#9465,#9470);
#9465 = CYLINDRICAL_SURFACE('',#9466,6.3881);
#9466 = AXIS2_PLACEMENT_3D('',#9467,#9468,#9469);
#9467 = CARTESIAN_POINT('',(1.684643873495E-03,8.416218593896E-04,
    -2.846947421702E-04));
#9468 = DIRECTION('',(1.296752066396E-05,-1.414950665963E-05,
    -0.999999999816));
#9469 = DIRECTION('',(0.999999976639,-2.157622180403E-04,
    1.297057329236E-05));
#9470 = DEFINITIONAL_REPRESENTATION('',(#9471),#9475);
#9471 = LINE('',#9472,#9473);
#9472 = CARTESIAN_POINT('',(0.,0.6731));
#9473 = VECTOR('',#9474,1.);
#9474 = DIRECTION('',(1.,0.));
#9475 = ( GEOMETRIC_REPRESENTATION_CONTEXT(2) 
PARAMETRIC_REPRESENTATION_CONTEXT() REPRESENTATION_CONTEXT('2D SPACE',''
  ) );
#9476 = ORIENTED_EDGE('',*,*,#9477,.T.);
#9477 = EDGE_CURVE('',#9445,#9245,#9478,.T.);
#9478 = SURFACE_CURVE('',#9479,(#9484,#9495),.PCURVE_S1.);
#9479 = CIRCLE('',#9480,1.389);
#9480 = AXIS2_PLACEMENT_3D('',#9481,#9482,#9483);
#9481 = CARTESIAN_POINT('',(3.551781587907,3.549388693328,
    -0.673388869101));
#9482 = DIRECTION('',(1.296752066396E-05,-1.414950665963E-05,
    -0.999999999816));
#9483 = DIRECTION('',(-0.999999976639,2.157622180403E-04,
    -1.297057329236E-05));
#9484 = PCURVE('',#9221,#9485);
#9485 = DEFINITIONAL_REPRESENTATION('',(#9486),#9494);
#9486 = ( BOUNDED_CURVE() B_SPLINE_CURVE(2,(#9487,#9488,#9489,#9490,
#9491,#9492,#9493),.UNSPECIFIED.,.T.,.F.) B_SPLINE_CURVE_WITH_KNOTS((1,2
    ,2,2,2,1),(-2.094395102393,0.,2.094395102393,4.188790204786,
6.28318530718,8.377580409573),.UNSPECIFIED.) CURVE() 
GEOMETRIC_REPRESENTATION_ITEM() RATIONAL_B_SPLINE_CURVE((1.,0.5,1.,0.5,
1.,0.5,1.)) REPRESENTATION_ITEM('') );
#9487 = CARTESIAN_POINT('',(-3.549322488166,2.160322488166));
#9488 = CARTESIAN_POINT('',(-5.955141059879,2.160322488166));
#9489 = CARTESIAN_POINT('',(-4.752231774023,4.243822488166));
#9490 = CARTESIAN_POINT('',(-3.549322488166,6.327322488166));
#9491 = CARTESIAN_POINT('',(-2.346413202309,4.243822488166));
#9492 = CARTESIAN_POINT('',(-1.143503916453,2.160322488166));
#9493 = CARTESIAN_POINT('',(-3.549322488166,2.160322488166));
#9494 = ( GEOMETRIC_REPRESENTATION_CONTEXT(2) 
PARAMETRIC_REPRESENTATION_CONTEXT() REPRESENTATION_CONTEXT('2D SPACE',''
  ) );
#9495 = PCURVE('',#9496,#9501);
#9496 = CYLINDRICAL_SURFACE('',#9497,1.389);
#9497 = AXIS2_PLACEMENT_3D('',#9498,#9499,#9500);
#9498 = CARTESIAN_POINT('',(3.551746924426,3.549426516376,1.999711230407
    ));
#9499 = DIRECTION('',(1.296752066396E-05,-1.414950665963E-05,
    -0.999999999816));
#9500 = DIRECTION('',(-0.999999976639,2.157622180403E-04,
    -1.297057329236E-05));
#9501 = DEFINITIONAL_REPRESENTATION('',(#9502),#9506);
#9502 = LINE('',#9503,#9504);
#9503 = CARTESIAN_POINT('',(0.,2.6731001));
#9504 = VECTOR('',#9505,1.);
#9505 = DIRECTION('',(1.,0.));
#9506 = ( GEOMETRIC_REPRESENTATION_CONTEXT(2) 
PARAMETRIC_REPRESENTATION_CONTEXT() REPRESENTATION_CONTEXT('2D SPACE',''
  ) );
#9507 = ADVANCED_FACE('',(#9508),#9496,.F.);
#9508 = FACE_BOUND('',#9509,.F.);
#9509 = EDGE_LOOP('',(#9510,#9545,#9568,#9601,#9620,#9621,#9642,#9675,
    #9736,#9762,#9763,#9791,#9852,#9885,#9911,#9944));
#9510 = ORIENTED_EDGE('',*,*,#9511,.F.);
#9511 = EDGE_CURVE('',#9512,#9514,#9516,.T.);
#9512 = VERTEX_POINT('',#9513);
#9513 = CARTESIAN_POINT('',(2.162958330056,3.549495570307,
    -14.30050688271));
#9514 = VERTEX_POINT('',#9515);
#9515 = CARTESIAN_POINT('',(4.326832406665,4.701971273215,
    -14.30049512959));
#9516 = SURFACE_CURVE('',#9517,(#9522,#9529),.PCURVE_S1.);
#9517 = CIRCLE('',#9518,1.389);
#9518 = AXIS2_PLACEMENT_3D('',#9519,#9520,#9521);
#9519 = CARTESIAN_POINT('',(3.551958297607,3.549195876586,
    -14.30048886659));
#9520 = DIRECTION('',(1.296752066396E-05,-1.414950665963E-05,
    -0.999999999816));
#9521 = DIRECTION('',(-0.999999976639,2.157622180403E-04,
    -1.297057329236E-05));
#9522 = PCURVE('',#9496,#9523);
#9523 = DEFINITIONAL_REPRESENTATION('',(#9524),#9528);
#9524 = LINE('',#9525,#9526);
#9525 = CARTESIAN_POINT('',(0.,16.3002001));
#9526 = VECTOR('',#9527,1.);
#9527 = DIRECTION('',(1.,0.));
#9528 = ( GEOMETRIC_REPRESENTATION_CONTEXT(2) 
PARAMETRIC_REPRESENTATION_CONTEXT() REPRESENTATION_CONTEXT('2D SPACE',''
  ) );
#9529 = PCURVE('',#9530,#9535);
#9530 = PLANE('',#9531);
#9531 = AXIS2_PLACEMENT_3D('',#9532,#9533,#9534);
#9532 = CARTESIAN_POINT('',(1.870082012494E-03,6.392810842556E-04,
    -14.3004846921));
#9533 = DIRECTION('',(-1.296752066396E-05,1.414950665963E-05,
    0.999999999816));
#9534 = DIRECTION('',(-2.157624015277E-04,-0.999999976623,
    1.414670842806E-05));
#9535 = DEFINITIONAL_REPRESENTATION('',(#9536),#9544);
#9536 = ( BOUNDED_CURVE() B_SPLINE_CURVE(2,(#9537,#9538,#9539,#9540,
#9541,#9542,#9543),.UNSPECIFIED.,.T.,.F.) B_SPLINE_CURVE_WITH_KNOTS((1,2
    ,2,2,2,1),(-2.094395102393,0.,2.094395102393,4.188790204786,
6.28318530718,8.377580409573),.UNSPECIFIED.) CURVE() 
GEOMETRIC_REPRESENTATION_ITEM() RATIONAL_B_SPLINE_CURVE((1.,0.5,1.,0.5,
1.,0.5,1.)) REPRESENTATION_ITEM('') );
#9537 = CARTESIAN_POINT('',(-3.549322488166,2.160322488166));
#9538 = CARTESIAN_POINT('',(-5.955141059879,2.160322488166));
#9539 = CARTESIAN_POINT('',(-4.752231774023,4.243822488166));
#9540 = CARTESIAN_POINT('',(-3.549322488166,6.327322488166));
#9541 = CARTESIAN_POINT('',(-2.346413202309,4.243822488166));
#9542 = CARTESIAN_POINT('',(-1.143503916453,2.160322488166));
#9543 = CARTESIAN_POINT('',(-3.549322488166,2.160322488166));
#9544 = ( GEOMETRIC_REPRESENTATION_CONTEXT(2) 
PARAMETRIC_REPRESENTATION_CONTEXT() REPRESENTATION_CONTEXT('2D SPACE',''
  ) );
#9545 = ORIENTED_EDGE('',*,*,#9546,.F.);
#9546 = EDGE_CURVE('',#9547,#9512,#9549,.T.);
#9547 = VERTEX_POINT('',#9548);
#9548 = CARTESIAN_POINT('',(2.162772891917,3.549697911082,
    -3.068853513604E-04));
#9549 = SEAM_CURVE('',#9550,(#9554,#9561),.PCURVE_S1.);
#9550 = LINE('',#9551,#9552);
#9551 = CARTESIAN_POINT('',(2.162746956874,3.549726210097,1.99969321428)
  );
#9552 = VECTOR('',#9553,1.);
#9553 = DIRECTION('',(1.296752066396E-05,-1.414950665963E-05,
    -0.999999999816));
#9554 = PCURVE('',#9496,#9555);
#9555 = DEFINITIONAL_REPRESENTATION('',(#9556),#9560);
#9556 = LINE('',#9557,#9558);
#9557 = CARTESIAN_POINT('',(0.,-0.));
#9558 = VECTOR('',#9559,1.);
#9559 = DIRECTION('',(0.,1.));
#9560 = ( GEOMETRIC_REPRESENTATION_CONTEXT(2) 
PARAMETRIC_REPRESENTATION_CONTEXT() REPRESENTATION_CONTEXT('2D SPACE',''
  ) );
#9561 = PCURVE('',#9496,#9562);
#9562 = DEFINITIONAL_REPRESENTATION('',(#9563),#9567);
#9563 = LINE('',#9564,#9565);
#9564 = CARTESIAN_POINT('',(6.28318530718,-0.));
#9565 = VECTOR('',#9566,1.);
#9566 = DIRECTION('',(0.,1.));
#9567 = ( GEOMETRIC_REPRESENTATION_CONTEXT(2) 
PARAMETRIC_REPRESENTATION_CONTEXT() REPRESENTATION_CONTEXT('2D SPACE',''
  ) );
#9568 = ORIENTED_EDGE('',*,*,#9569,.T.);
#9569 = EDGE_CURVE('',#9547,#9570,#9572,.T.);
#9570 = VERTEX_POINT('',#9571);
#9571 = CARTESIAN_POINT('',(4.326646968526,4.70217361399,
    -2.951322321874E-04));
#9572 = SURFACE_CURVE('',#9573,(#9578,#9585),.PCURVE_S1.);
#9573 = CIRCLE('',#9574,1.389);
#9574 = AXIS2_PLACEMENT_3D('',#9575,#9576,#9577);
#9575 = CARTESIAN_POINT('',(3.551772859468,3.549398217361,
    -2.888692250558E-04));
#9576 = DIRECTION('',(1.296752066396E-05,-1.414950665963E-05,
    -0.999999999816));
#9577 = DIRECTION('',(-0.999999976639,2.157622180403E-04,
    -1.297057329236E-05));
#9578 = PCURVE('',#9496,#9579);
#9579 = DEFINITIONAL_REPRESENTATION('',(#9580),#9584);
#9580 = LINE('',#9581,#9582);
#9581 = CARTESIAN_POINT('',(0.,2.0000001));
#9582 = VECTOR('',#9583,1.);
#9583 = DIRECTION('',(1.,0.));
#9584 = ( GEOMETRIC_REPRESENTATION_CONTEXT(2) 
PARAMETRIC_REPRESENTATION_CONTEXT() REPRESENTATION_CONTEXT('2D SPACE',''
  ) );
#9585 = PCURVE('',#9586,#9591);
#9586 = PLANE('',#9587);
#9587 = AXIS2_PLACEMENT_3D('',#9588,#9589,#9590);
#9588 = CARTESIAN_POINT('',(1.684643873495E-03,8.416218593896E-04,
    -2.846947421702E-04));
#9589 = DIRECTION('',(-1.296752066396E-05,1.414950665963E-05,
    0.999999999816));
#9590 = DIRECTION('',(-2.157624015277E-04,-0.999999976623,
    1.414670842806E-05));
#9591 = DEFINITIONAL_REPRESENTATION('',(#9592),#9600);
#9592 = ( BOUNDED_CURVE() B_SPLINE_CURVE(2,(#9593,#9594,#9595,#9596,
#9597,#9598,#9599),.UNSPECIFIED.,.T.,.F.) B_SPLINE_CURVE_WITH_KNOTS((1,2
    ,2,2,2,1),(-2.094395102393,0.,2.094395102393,4.188790204786,
6.28318530718,8.377580409573),.UNSPECIFIED.) CURVE() 
GEOMETRIC_REPRESENTATION_ITEM() RATIONAL_B_SPLINE_CURVE((1.,0.5,1.,0.5,
1.,0.5,1.)) REPRESENTATION_ITEM('') );
#9593 = CARTESIAN_POINT('',(-3.549322488166,2.160322488166));
#9594 = CARTESIAN_POINT('',(-5.955141059879,2.160322488166));
#9595 = CARTESIAN_POINT('',(-4.752231774023,4.243822488166));
#9596 = CARTESIAN_POINT('',(-3.549322488166,6.327322488166));
#9597 = CARTESIAN_POINT('',(-2.346413202309,4.243822488166));
#9598 = CARTESIAN_POINT('',(-1.143503916453,2.160322488166));
#9599 = CARTESIAN_POINT('',(-3.549322488166,2.160322488166));
#9600 = ( GEOMETRIC_REPRESENTATION_CONTEXT(2) 
PARAMETRIC_REPRESENTATION_CONTEXT() REPRESENTATION_CONTEXT('2D SPACE',''
  ) );
#9601 = ORIENTED_EDGE('',*,*,#9602,.T.);
#9602 = EDGE_CURVE('',#9570,#9445,#9603,.T.);
#9603 = SURFACE_CURVE('',#9604,(#9608,#9614),.PCURVE_S1.);
#9604 = LINE('',#9605,#9606);
#9605 = CARTESIAN_POINT('',(4.326646968526,4.70217361399,
    -2.951322321874E-04));
#9606 = VECTOR('',#9607,1.);
#9607 = DIRECTION('',(1.296752066396E-05,-1.414950665963E-05,
    -0.999999999816));
#9608 = PCURVE('',#9496,#9609);
#9609 = DEFINITIONAL_REPRESENTATION('',(#9610),#9613);
#9610 = B_SPLINE_CURVE_WITH_KNOTS('',1,(#9611,#9612),.UNSPECIFIED.,.F.,
  .F.,(2,2),(-5.999999999062E-07,0.6731006),.PIECEWISE_BEZIER_KNOTS.);
#9611 = CARTESIAN_POINT('',(2.16239130664,1.9999995));
#9612 = CARTESIAN_POINT('',(2.16239130664,2.6731007));
#9613 = ( GEOMETRIC_REPRESENTATION_CONTEXT(2) 
PARAMETRIC_REPRESENTATION_CONTEXT() REPRESENTATION_CONTEXT('2D SPACE',''
  ) );
#9614 = PCURVE('',#9465,#9615);
#9615 = DEFINITIONAL_REPRESENTATION('',(#9616),#9619);
#9616 = B_SPLINE_CURVE_WITH_KNOTS('',1,(#9617,#9618),.UNSPECIFIED.,.F.,
  .F.,(2,2),(-5.999999999062E-07,0.6731006),.PIECEWISE_BEZIER_KNOTS.);
#9617 = CARTESIAN_POINT('',(5.455898491401,-5.999999999062E-07));
#9618 = CARTESIAN_POINT('',(5.455898491401,0.6731006));
#9619 = ( GEOMETRIC_REPRESENTATION_CONTEXT(2) 
PARAMETRIC_REPRESENTATION_CONTEXT() REPRESENTATION_CONTEXT('2D SPACE',''
  ) );
#9620 = ORIENTED_EDGE('',*,*,#9477,.T.);
#9621 = ORIENTED_EDGE('',*,*,#9622,.F.);
#9622 = EDGE_CURVE('',#9623,#9245,#9625,.T.);
#9623 = VERTEX_POINT('',#9624);
#9624 = CARTESIAN_POINT('',(4.704882526032,4.323774803307,
    -2.848732982859E-04));
#9625 = SURFACE_CURVE('',#9626,(#9630,#9636),.PCURVE_S1.);
#9626 = LINE('',#9627,#9628);
#9627 = CARTESIAN_POINT('',(4.704882526032,4.323774803307,
    -2.848732982859E-04));
#9628 = VECTOR('',#9629,1.);
#9629 = DIRECTION('',(1.296752066396E-05,-1.414950665963E-05,
    -0.999999999816));
#9630 = PCURVE('',#9496,#9631);
#9631 = DEFINITIONAL_REPRESENTATION('',(#9632),#9635);
#9632 = B_SPLINE_CURVE_WITH_KNOTS('',1,(#9633,#9634),.UNSPECIFIED.,.F.,
  .F.,(2,2),(-5.999999999062E-07,0.6731006),.PIECEWISE_BEZIER_KNOTS.);
#9633 = CARTESIAN_POINT('',(2.549997673744,1.9999995));
#9634 = CARTESIAN_POINT('',(2.549997673744,2.6731007));
#9635 = ( GEOMETRIC_REPRESENTATION_CONTEXT(2) 
PARAMETRIC_REPRESENTATION_CONTEXT() REPRESENTATION_CONTEXT('2D SPACE',''
  ) );
#9636 = PCURVE('',#9267,#9637);
#9637 = DEFINITIONAL_REPRESENTATION('',(#9638),#9641);
#9638 = B_SPLINE_CURVE_WITH_KNOTS('',1,(#9639,#9640),.UNSPECIFIED.,.F.,
  .F.,(2,2),(0.,0.6731),.PIECEWISE_BEZIER_KNOTS.);
#9639 = CARTESIAN_POINT('',(-0.743509511016,0.));
#9640 = CARTESIAN_POINT('',(-0.743509511016,0.6731));
#9641 = ( GEOMETRIC_REPRESENTATION_CONTEXT(2) 
PARAMETRIC_REPRESENTATION_CONTEXT() REPRESENTATION_CONTEXT('2D SPACE',''
  ) );
#9642 = ORIENTED_EDGE('',*,*,#9643,.T.);
#9643 = EDGE_CURVE('',#9623,#9644,#9646,.T.);
#9644 = VERTEX_POINT('',#9645);
#9645 = CARTESIAN_POINT('',(2.724199422949,2.433852069888,
    -2.838163730523E-04));
#9646 = SURFACE_CURVE('',#9647,(#9652,#9659),.PCURVE_S1.);
#9647 = CIRCLE('',#9648,1.389);
#9648 = AXIS2_PLACEMENT_3D('',#9649,#9650,#9651);
#9649 = CARTESIAN_POINT('',(3.551772859468,3.549398217361,
    -2.888692250558E-04));
#9650 = DIRECTION('',(1.296752066396E-05,-1.414950665963E-05,
    -0.999999999816));
#9651 = DIRECTION('',(-0.999999976639,2.157622180403E-04,
    -1.297057329236E-05));
#9652 = PCURVE('',#9496,#9653);
#9653 = DEFINITIONAL_REPRESENTATION('',(#9654),#9658);
#9654 = LINE('',#9655,#9656);
#9655 = CARTESIAN_POINT('',(0.,2.0000001));
#9656 = VECTOR('',#9657,1.);
#9657 = DIRECTION('',(1.,0.));
#9658 = ( GEOMETRIC_REPRESENTATION_CONTEXT(2) 
PARAMETRIC_REPRESENTATION_CONTEXT() REPRESENTATION_CONTEXT('2D SPACE',''
  ) );
#9659 = PCURVE('',#9660,#9665);
#9660 = PLANE('',#9661);
#9661 = AXIS2_PLACEMENT_3D('',#9662,#9663,#9664);
#9662 = CARTESIAN_POINT('',(1.684643873495E-03,8.416218593896E-04,
    -2.846947421702E-04));
#9663 = DIRECTION('',(-1.296752066396E-05,1.414950665963E-05,
    0.999999999816));
#9664 = DIRECTION('',(-2.157624015277E-04,-0.999999976623,
    1.414670842806E-05));
#9665 = DEFINITIONAL_REPRESENTATION('',(#9666),#9674);
#9666 = ( BOUNDED_CURVE() B_SPLINE_CURVE(2,(#9667,#9668,#9669,#9670,
#9671,#9672,#9673),.UNSPECIFIED.,.T.,.F.) B_SPLINE_CURVE_WITH_KNOTS((1,2
    ,2,2,2,1),(-2.094395102393,0.,2.094395102393,4.188790204786,
6.28318530718,8.377580409573),.UNSPECIFIED.) CURVE() 
GEOMETRIC_REPRESENTATION_ITEM() RATIONAL_B_SPLINE_CURVE((1.,0.5,1.,0.5,
1.,0.5,1.)) REPRESENTATION_ITEM('') );
#9667 = CARTESIAN_POINT('',(-3.549322488166,2.160322488166));
#9668 = CARTESIAN_POINT('',(-5.955141059879,2.160322488166));
#9669 = CARTESIAN_POINT('',(-4.752231774023,4.243822488166));
#9670 = CARTESIAN_POINT('',(-3.549322488166,6.327322488166));
#9671 = CARTESIAN_POINT('',(-2.346413202309,4.243822488166));
#9672 = CARTESIAN_POINT('',(-1.143503916453,2.160322488166));
#9673 = CARTESIAN_POINT('',(-3.549322488166,2.160322488166));
#9674 = ( GEOMETRIC_REPRESENTATION_CONTEXT(2) 
PARAMETRIC_REPRESENTATION_CONTEXT() REPRESENTATION_CONTEXT('2D SPACE',''
  ) );
#9675 = ORIENTED_EDGE('',*,*,#9676,.T.);
#9676 = EDGE_CURVE('',#9644,#9677,#9679,.T.);
#9677 = VERTEX_POINT('',#9678);
#9678 = CARTESIAN_POINT('',(2.435869697538,2.722306243523,
    -2.916367789769E-04));
#9679 = SURFACE_CURVE('',#9680,(#9695,#9713),.PCURVE_S1.);
#9680 = B_SPLINE_CURVE_WITH_KNOTS('',5,(#9681,#9682,#9683,#9684,#9685,
    #9686,#9687,#9688,#9689,#9690,#9691,#9692,#9693,#9694),
  .UNSPECIFIED.,.F.,.F.,(6,4,4,6),(0.,0.500653963673,0.837401938155,1.),
  .UNSPECIFIED.);
#9681 = CARTESIAN_POINT('',(2.724199422951,2.433852069887,
    -2.838163830532E-04));
#9682 = CARTESIAN_POINT('',(2.69229589149,2.45751982645,
    -8.302077871312E-03));
#9683 = CARTESIAN_POINT('',(2.660534716031,2.482850343516,
    -1.458800620049E-02));
#9684 = CARTESIAN_POINT('',(2.629203982424,2.509784926793,
    -1.889926724428E-02));
#9685 = CARTESIAN_POINT('',(2.598641853316,2.538162311061,
    -2.104832693571E-02));
#9686 = CARTESIAN_POINT('',(2.549388297108,2.587456710036,
    -2.103052111364E-02));
#9687 = CARTESIAN_POINT('',(2.530080325962,2.607780493005,
    -2.004632984148E-02));
#9688 = CARTESIAN_POINT('',(2.511372178634,2.628503980779,
    -1.808488105653E-02));
#9689 = CARTESIAN_POINT('',(2.493332532015,2.64952308116,
    -1.518359356539E-02));
#9690 = CARTESIAN_POINT('',(2.467639775171,2.68097934962,
    -9.576679926388E-03));
#9691 = CARTESIAN_POINT('',(2.459439465799,2.691268048331,
    -7.545678983707E-03));
#9692 = CARTESIAN_POINT('',(2.451409412863,2.701591798038,
    -5.316129879137E-03));
#9693 = CARTESIAN_POINT('',(2.443552428329,2.71194079851,
    -2.895426197552E-03));
#9694 = CARTESIAN_POINT('',(2.435869697537,2.722306243525,
    -2.916367889778E-04));
#9695 = PCURVE('',#9496,#9696);
#9696 = DEFINITIONAL_REPRESENTATION('',(#9697),#9712);
#9697 = B_SPLINE_CURVE_WITH_KNOTS('',5,(#9698,#9699,#9700,#9701,#9702,
    #9703,#9704,#9705,#9706,#9707,#9708,#9709,#9710,#9711),
  .UNSPECIFIED.,.F.,.F.,(6,4,4,6),(0.,0.500653963673,0.837401938155,1.),
  .UNSPECIFIED.);
#9698 = CARTESIAN_POINT('',(5.350441085328,2.000000100001));
#9699 = CARTESIAN_POINT('',(5.379040202903,2.008017612894));
#9700 = CARTESIAN_POINT('',(5.408270344986,2.014302770942));
#9701 = CARTESIAN_POINT('',(5.437987696158,2.018613244591));
#9702 = CARTESIAN_POINT('',(5.467991846263,2.020761506449));
#9703 = CARTESIAN_POINT('',(5.518160264559,2.02074236444));
#9704 = CARTESIAN_POINT('',(5.538336035674,2.019757635213));
#9705 = CARTESIAN_POINT('',(5.558427283249,2.017795650601));
#9706 = CARTESIAN_POINT('',(5.578362971239,2.014893831778));
#9707 = CARTESIAN_POINT('',(5.607603676858,2.00928613988));
#9708 = CARTESIAN_POINT('',(5.617075134286,2.007254887014));
#9709 = CARTESIAN_POINT('',(5.62649039961,2.005025087706));
#9710 = CARTESIAN_POINT('',(5.635844396071,2.002604135702));
#9711 = CARTESIAN_POINT('',(5.645133202236,2.000000100001));
#9712 = ( GEOMETRIC_REPRESENTATION_CONTEXT(2) 
PARAMETRIC_REPRESENTATION_CONTEXT() REPRESENTATION_CONTEXT('2D SPACE',''
  ) );
#9713 = PCURVE('',#9714,#9719);
#9714 = CONICAL_SURFACE('',#9715,3.413125,0.7853981634);
#9715 = AXIS2_PLACEMENT_3D('',#9716,#9717,#9718);
#9716 = CARTESIAN_POINT('',(1.687731764353E-03,8.382525081163E-04,
    -0.238409694698));
#9717 = DIRECTION('',(-1.296752066396E-05,1.414950665963E-05,
    0.999999999816));
#9718 = DIRECTION('',(0.999999976639,-2.157622180403E-04,
    1.297057329236E-05));
#9719 = DEFINITIONAL_REPRESENTATION('',(#9720),#9735);
#9720 = B_SPLINE_CURVE_WITH_KNOTS('',5,(#9721,#9722,#9723,#9724,#9725,
    #9726,#9727,#9728,#9729,#9730,#9731,#9732,#9733,#9734),
  .UNSPECIFIED.,.F.,.F.,(6,4,4,6),(0.,0.500653963673,0.837401938155,1.),
  .UNSPECIFIED.);
#9721 = CARTESIAN_POINT('',(0.729518650166,0.238124999999));
#9722 = CARTESIAN_POINT('',(0.740174364498,0.230107487106));
#9723 = CARTESIAN_POINT('',(0.751202060811,0.223822329058));
#9724 = CARTESIAN_POINT('',(0.762519042203,0.219511855409));
#9725 = CARTESIAN_POINT('',(0.773998723582,0.217363593551));
#9726 = CARTESIAN_POINT('',(0.793192754612,0.21738273556));
#9727 = CARTESIAN_POINT('',(0.800911756782,0.218367464787));
#9728 = CARTESIAN_POINT('',(0.808582301551,0.220329449399));
#9729 = CARTESIAN_POINT('',(0.8161614388,0.223231268222));
#9730 = CARTESIAN_POINT('',(0.827212216378,0.22883896012));
#9731 = CARTESIAN_POINT('',(0.830781229643,0.230870212986));
#9732 = CARTESIAN_POINT('',(0.83431712297,0.233100012294));
#9733 = CARTESIAN_POINT('',(0.837816770371,0.235520964298));
#9734 = CARTESIAN_POINT('',(0.841277676629,0.238124999999));
#9735 = ( GEOMETRIC_REPRESENTATION_CONTEXT(2) 
PARAMETRIC_REPRESENTATION_CONTEXT() REPRESENTATION_CONTEXT('2D SPACE',''
  ) );
#9736 = ORIENTED_EDGE('',*,*,#9737,.T.);
#9737 = EDGE_CURVE('',#9677,#9547,#9738,.T.);
#9738 = SURFACE_CURVE('',#9739,(#9744,#9751),.PCURVE_S1.);
#9739 = CIRCLE('',#9740,1.389);
#9740 = AXIS2_PLACEMENT_3D('',#9741,#9742,#9743);
#9741 = CARTESIAN_POINT('',(3.551772859468,3.549398217361,
    -2.888692250558E-04));
#9742 = DIRECTION('',(1.296752066396E-05,-1.414950665963E-05,
    -0.999999999816));
#9743 = DIRECTION('',(-0.999999976639,2.157622180403E-04,
    -1.297057329236E-05));
#9744 = PCURVE('',#9496,#9745);
#9745 = DEFINITIONAL_REPRESENTATION('',(#9746),#9750);
#9746 = LINE('',#9747,#9748);
#9747 = CARTESIAN_POINT('',(0.,2.0000001));
#9748 = VECTOR('',#9749,1.);
#9749 = DIRECTION('',(1.,0.));
#9750 = ( GEOMETRIC_REPRESENTATION_CONTEXT(2) 
PARAMETRIC_REPRESENTATION_CONTEXT() REPRESENTATION_CONTEXT('2D SPACE',''
  ) );
#9751 = PCURVE('',#9586,#9752);
#9752 = DEFINITIONAL_REPRESENTATION('',(#9753),#9761);
#9753 = ( BOUNDED_CURVE() B_SPLINE_CURVE(2,(#9754,#9755,#9756,#9757,
#9758,#9759,#9760),.UNSPECIFIED.,.T.,.F.) B_SPLINE_CURVE_WITH_KNOTS((1,2
    ,2,2,2,1),(-2.094395102393,0.,2.094395102393,4.188790204786,
6.28318530718,8.377580409573),.UNSPECIFIED.) CURVE() 
GEOMETRIC_REPRESENTATION_ITEM() RATIONAL_B_SPLINE_CURVE((1.,0.5,1.,0.5,
1.,0.5,1.)) REPRESENTATION_ITEM('') );
#9754 = CARTESIAN_POINT('',(-3.549322488166,2.160322488166));
#9755 = CARTESIAN_POINT('',(-5.955141059879,2.160322488166));
#9756 = CARTESIAN_POINT('',(-4.752231774023,4.243822488166));
#9757 = CARTESIAN_POINT('',(-3.549322488166,6.327322488166));
#9758 = CARTESIAN_POINT('',(-2.346413202309,4.243822488166));
#9759 = CARTESIAN_POINT('',(-1.143503916453,2.160322488166));
#9760 = CARTESIAN_POINT('',(-3.549322488166,2.160322488166));
#9761 = ( GEOMETRIC_REPRESENTATION_CONTEXT(2) 
PARAMETRIC_REPRESENTATION_CONTEXT() REPRESENTATION_CONTEXT('2D SPACE',''
  ) );
#9762 = ORIENTED_EDGE('',*,*,#9546,.T.);
#9763 = ORIENTED_EDGE('',*,*,#9764,.F.);
#9764 = EDGE_CURVE('',#9765,#9512,#9767,.T.);
#9765 = VERTEX_POINT('',#9766);
#9766 = CARTESIAN_POINT('',(2.436055135677,2.722103902748,
    -14.30049163414));
#9767 = SURFACE_CURVE('',#9768,(#9773,#9780),.PCURVE_S1.);
#9768 = CIRCLE('',#9769,1.389);
#9769 = AXIS2_PLACEMENT_3D('',#9770,#9771,#9772);
#9770 = CARTESIAN_POINT('',(3.551958297607,3.549195876586,
    -14.30048886659));
#9771 = DIRECTION('',(1.296752066396E-05,-1.414950665963E-05,
    -0.999999999816));
#9772 = DIRECTION('',(-0.999999976639,2.157622180403E-04,
    -1.297057329236E-05));
#9773 = PCURVE('',#9496,#9774);
#9774 = DEFINITIONAL_REPRESENTATION('',(#9775),#9779);
#9775 = LINE('',#9776,#9777);
#9776 = CARTESIAN_POINT('',(0.,16.3002001));
#9777 = VECTOR('',#9778,1.);
#9778 = DIRECTION('',(1.,0.));
#9779 = ( GEOMETRIC_REPRESENTATION_CONTEXT(2) 
PARAMETRIC_REPRESENTATION_CONTEXT() REPRESENTATION_CONTEXT('2D SPACE',''
  ) );
#9780 = PCURVE('',#9530,#9781);
#9781 = DEFINITIONAL_REPRESENTATION('',(#9782),#9790);
#9782 = ( BOUNDED_CURVE() B_SPLINE_CURVE(2,(#9783,#9784,#9785,#9786,
#9787,#9788,#9789),.UNSPECIFIED.,.T.,.F.) B_SPLINE_CURVE_WITH_KNOTS((1,2
    ,2,2,2,1),(-2.094395102393,0.,2.094395102393,4.188790204786,
6.28318530718,8.377580409573),.UNSPECIFIED.) CURVE() 
GEOMETRIC_REPRESENTATION_ITEM() RATIONAL_B_SPLINE_CURVE((1.,0.5,1.,0.5,
1.,0.5,1.)) REPRESENTATION_ITEM('') );
#9783 = CARTESIAN_POINT('',(-3.549322488166,2.160322488166));
#9784 = CARTESIAN_POINT('',(-5.955141059879,2.160322488166));
#9785 = CARTESIAN_POINT('',(-4.752231774023,4.243822488166));
#9786 = CARTESIAN_POINT('',(-3.549322488166,6.327322488166));
#9787 = CARTESIAN_POINT('',(-2.346413202309,4.243822488166));
#9788 = CARTESIAN_POINT('',(-1.143503916453,2.160322488166));
#9789 = CARTESIAN_POINT('',(-3.549322488166,2.160322488166));
#9790 = ( GEOMETRIC_REPRESENTATION_CONTEXT(2) 
PARAMETRIC_REPRESENTATION_CONTEXT() REPRESENTATION_CONTEXT('2D SPACE',''
  ) );
#9791 = ORIENTED_EDGE('',*,*,#9792,.F.);
#9792 = EDGE_CURVE('',#9793,#9765,#9795,.T.);
#9793 = VERTEX_POINT('',#9794);
#9794 = CARTESIAN_POINT('',(2.724384861088,2.433649729113,
    -14.30048381373));
#9795 = SURFACE_CURVE('',#9796,(#9811,#9829),.PCURVE_S1.);
#9796 = B_SPLINE_CURVE_WITH_KNOTS('',5,(#9797,#9798,#9799,#9800,#9801,
    #9802,#9803,#9804,#9805,#9806,#9807,#9808,#9809,#9810),
  .UNSPECIFIED.,.F.,.F.,(6,4,4,6),(0.,0.500653963673,0.837401938155,1.),
  .UNSPECIFIED.);
#9797 = CARTESIAN_POINT('',(2.72438486109,2.433649729112,-14.30048381373
    ));
#9798 = CARTESIAN_POINT('',(2.692481121694,2.457317712562,
    -14.29246704944));
#9799 = CARTESIAN_POINT('',(2.66071978323,2.482648407492,-14.28618266168
    ));
#9800 = CARTESIAN_POINT('',(2.629388937831,2.509583112751,
    -14.28187297542));
#9801 = CARTESIAN_POINT('',(2.598826753008,2.537960557813,
    -14.27972551141));
#9802 = CARTESIAN_POINT('',(2.549573197295,2.587254956247,-14.2797459896
    ));
#9803 = CARTESIAN_POINT('',(2.530265251688,2.607578711348,
    -14.28073125678));
#9804 = CARTESIAN_POINT('',(2.511557155245,2.6283021436,-14.28269377721)
  );
#9805 = CARTESIAN_POINT('',(2.493517583885,2.649321161862,
    -14.28559612737));
#9806 = CARTESIAN_POINT('',(2.467824972476,2.680777271631,
    -14.29120459753));
#9807 = CARTESIAN_POINT('',(2.459624715785,2.691065912859,
    -14.29323610231));
#9808 = CARTESIAN_POINT('',(2.451594720679,2.701389599465,
    -14.29546615183));
#9809 = CARTESIAN_POINT('',(2.443737798932,2.711738531427,
    -14.29788735215));
#9810 = CARTESIAN_POINT('',(2.436055135676,2.72210390275,-14.30049163414
    ));
#9811 = PCURVE('',#9496,#9812);
#9812 = DEFINITIONAL_REPRESENTATION('',(#9813),#9828);
#9813 = B_SPLINE_CURVE_WITH_KNOTS('',5,(#9814,#9815,#9816,#9817,#9818,
    #9819,#9820,#9821,#9822,#9823,#9824,#9825,#9826,#9827),
  .UNSPECIFIED.,.F.,.F.,(6,4,4,6),(0.,0.500653963673,0.837401938155,1.),
  .UNSPECIFIED.);
#9814 = CARTESIAN_POINT('',(5.350441085328,16.300200099999));
#9815 = CARTESIAN_POINT('',(5.379040202903,16.292182587106));
#9816 = CARTESIAN_POINT('',(5.408270344986,16.285897429058));
#9817 = CARTESIAN_POINT('',(5.437987696158,16.281586955409));
#9818 = CARTESIAN_POINT('',(5.467991846263,16.279438693551));
#9819 = CARTESIAN_POINT('',(5.51816026456,16.27945783556));
#9820 = CARTESIAN_POINT('',(5.538336035674,16.280442564787));
#9821 = CARTESIAN_POINT('',(5.558427283249,16.282404549399));
#9822 = CARTESIAN_POINT('',(5.578362971239,16.285306368222));
#9823 = CARTESIAN_POINT('',(5.607603676858,16.29091406012));
#9824 = CARTESIAN_POINT('',(5.617075134286,16.292945312986));
#9825 = CARTESIAN_POINT('',(5.62649039961,16.295175112294));
#9826 = CARTESIAN_POINT('',(5.635844396071,16.297596064298));
#9827 = CARTESIAN_POINT('',(5.645133202236,16.300200099999));
#9828 = ( GEOMETRIC_REPRESENTATION_CONTEXT(2) 
PARAMETRIC_REPRESENTATION_CONTEXT() REPRESENTATION_CONTEXT('2D SPACE',''
  ) );
#9829 = PCURVE('',#9830,#9835);
#9830 = CONICAL_SURFACE('',#9831,3.413125,0.7853981634);
#9831 = AXIS2_PLACEMENT_3D('',#9832,#9833,#9834);
#9832 = CARTESIAN_POINT('',(1.866994121636E-03,6.42650435529E-04,
    -14.06235969215));
#9833 = DIRECTION('',(1.296752066396E-05,-1.414950665963E-05,
    -0.999999999816));
#9834 = DIRECTION('',(-0.999999976639,2.157622180403E-04,
    -1.297057329236E-05));
#9835 = DEFINITIONAL_REPRESENTATION('',(#9836),#9851);
#9836 = B_SPLINE_CURVE_WITH_KNOTS('',5,(#9837,#9838,#9839,#9840,#9841,
    #9842,#9843,#9844,#9845,#9846,#9847,#9848,#9849,#9850),
  .UNSPECIFIED.,.F.,.F.,(6,4,4,6),(0.,0.500653963673,0.837401938155,1.),
  .UNSPECIFIED.);
#9837 = CARTESIAN_POINT('',(2.412074003424,0.238124999999));
#9838 = CARTESIAN_POINT('',(2.401418289092,0.230107487106));
#9839 = CARTESIAN_POINT('',(2.390390592779,0.223822329058));
#9840 = CARTESIAN_POINT('',(2.379073611387,0.219511855409));
#9841 = CARTESIAN_POINT('',(2.367593930008,0.217363593551));
#9842 = CARTESIAN_POINT('',(2.348399898978,0.21738273556));
#9843 = CARTESIAN_POINT('',(2.340680896808,0.218367464787));
#9844 = CARTESIAN_POINT('',(2.333010352039,0.220329449399));
#9845 = CARTESIAN_POINT('',(2.32543121479,0.223231268222));
#9846 = CARTESIAN_POINT('',(2.314380437212,0.22883896012));
#9847 = CARTESIAN_POINT('',(2.310811423947,0.230870212986));
#9848 = CARTESIAN_POINT('',(2.30727553062,0.233100012294));
#9849 = CARTESIAN_POINT('',(2.303775883219,0.235520964298));
#9850 = CARTESIAN_POINT('',(2.300314976961,0.238124999999));
#9851 = ( GEOMETRIC_REPRESENTATION_CONTEXT(2) 
PARAMETRIC_REPRESENTATION_CONTEXT() REPRESENTATION_CONTEXT('2D SPACE',''
  ) );
#9852 = ORIENTED_EDGE('',*,*,#9853,.F.);
#9853 = EDGE_CURVE('',#9854,#9793,#9856,.T.);
#9854 = VERTEX_POINT('',#9855);
#9855 = CARTESIAN_POINT('',(4.705067964171,4.323572462532,
    -14.30048487066));
#9856 = SURFACE_CURVE('',#9857,(#9862,#9869),.PCURVE_S1.);
#9857 = CIRCLE('',#9858,1.389);
#9858 = AXIS2_PLACEMENT_3D('',#9859,#9860,#9861);
#9859 = CARTESIAN_POINT('',(3.551958297607,3.549195876586,
    -14.30048886659));
#9860 = DIRECTION('',(1.296752066396E-05,-1.414950665963E-05,
    -0.999999999816));
#9861 = DIRECTION('',(-0.999999976639,2.157622180403E-04,
    -1.297057329236E-05));
#9862 = PCURVE('',#9496,#9863);
#9863 = DEFINITIONAL_REPRESENTATION('',(#9864),#9868);
#9864 = LINE('',#9865,#9866);
#9865 = CARTESIAN_POINT('',(0.,16.3002001));
#9866 = VECTOR('',#9867,1.);
#9867 = DIRECTION('',(1.,0.));
#9868 = ( GEOMETRIC_REPRESENTATION_CONTEXT(2) 
PARAMETRIC_REPRESENTATION_CONTEXT() REPRESENTATION_CONTEXT('2D SPACE',''
  ) );
#9869 = PCURVE('',#9870,#9875);
#9870 = PLANE('',#9871);
#9871 = AXIS2_PLACEMENT_3D('',#9872,#9873,#9874);
#9872 = CARTESIAN_POINT('',(1.870082012494E-03,6.392810842556E-04,
    -14.3004846921));
#9873 = DIRECTION('',(-1.296752066396E-05,1.414950665963E-05,
    0.999999999816));
#9874 = DIRECTION('',(-2.157624015277E-04,-0.999999976623,
    1.414670842806E-05));
#9875 = DEFINITIONAL_REPRESENTATION('',(#9876),#9884);
#9876 = ( BOUNDED_CURVE() B_SPLINE_CURVE(2,(#9877,#9878,#9879,#9880,
#9881,#9882,#9883),.UNSPECIFIED.,.T.,.F.) B_SPLINE_CURVE_WITH_KNOTS((1,2
    ,2,2,2,1),(-2.094395102393,0.,2.094395102393,4.188790204786,
6.28318530718,8.377580409573),.UNSPECIFIED.) CURVE() 
GEOMETRIC_REPRESENTATION_ITEM() RATIONAL_B_SPLINE_CURVE((1.,0.5,1.,0.5,
1.,0.5,1.)) REPRESENTATION_ITEM('') );
#9877 = CARTESIAN_POINT('',(-3.549322488166,2.160322488166));
#9878 = CARTESIAN_POINT('',(-5.955141059879,2.160322488166));
#9879 = CARTESIAN_POINT('',(-4.752231774023,4.243822488166));
#9880 = CARTESIAN_POINT('',(-3.549322488166,6.327322488166));
#9881 = CARTESIAN_POINT('',(-2.346413202309,4.243822488166));
#9882 = CARTESIAN_POINT('',(-1.143503916453,2.160322488166));
#9883 = CARTESIAN_POINT('',(-3.549322488166,2.160322488166));
#9884 = ( GEOMETRIC_REPRESENTATION_CONTEXT(2) 
PARAMETRIC_REPRESENTATION_CONTEXT() REPRESENTATION_CONTEXT('2D SPACE',''
  ) );
#9885 = ORIENTED_EDGE('',*,*,#9886,.F.);
#9886 = EDGE_CURVE('',#9887,#9854,#9889,.T.);
#9887 = VERTEX_POINT('',#9888);
#9888 = CARTESIAN_POINT('',(4.705059235733,4.323581986565,
    -13.62738487078));
#9889 = SURFACE_CURVE('',#9890,(#9894,#9900),.PCURVE_S1.);
#9890 = LINE('',#9891,#9892);
#9891 = CARTESIAN_POINT('',(4.705067964171,4.323572462532,
    -14.30048487066));
#9892 = VECTOR('',#9893,1.);
#9893 = DIRECTION('',(1.296752066396E-05,-1.414950665963E-05,
    -0.999999999816));
#9894 = PCURVE('',#9496,#9895);
#9895 = DEFINITIONAL_REPRESENTATION('',(#9896),#9899);
#9896 = B_SPLINE_CURVE_WITH_KNOTS('',1,(#9897,#9898),.UNSPECIFIED.,.F.,
  .F.,(2,2),(-0.6731006,6.E-07),.PIECEWISE_BEZIER_KNOTS.);
#9897 = CARTESIAN_POINT('',(2.549997673744,15.6270995));
#9898 = CARTESIAN_POINT('',(2.549997673744,16.3002007));
#9899 = ( GEOMETRIC_REPRESENTATION_CONTEXT(2) 
PARAMETRIC_REPRESENTATION_CONTEXT() REPRESENTATION_CONTEXT('2D SPACE',''
  ) );
#9900 = PCURVE('',#9901,#9906);
#9901 = CYLINDRICAL_SURFACE('',#9902,6.3881);
#9902 = AXIS2_PLACEMENT_3D('',#9903,#9904,#9905);
#9903 = CARTESIAN_POINT('',(1.870082012494E-03,6.392810842556E-04,
    -14.3004846921));
#9904 = DIRECTION('',(1.296752066396E-05,-1.414950665963E-05,
    -0.999999999816));
#9905 = DIRECTION('',(0.999999976639,-2.157622180403E-04,
    1.297057329236E-05));
#9906 = DEFINITIONAL_REPRESENTATION('',(#9907),#9910);
#9907 = B_SPLINE_CURVE_WITH_KNOTS('',1,(#9908,#9909),.UNSPECIFIED.,.F.,
  .F.,(2,2),(-0.6731,0.),.PIECEWISE_BEZIER_KNOTS.);
#9908 = CARTESIAN_POINT('',(-0.743509511016,-0.6731));
#9909 = CARTESIAN_POINT('',(-0.743509511016,0.));
#9910 = ( GEOMETRIC_REPRESENTATION_CONTEXT(2) 
PARAMETRIC_REPRESENTATION_CONTEXT() REPRESENTATION_CONTEXT('2D SPACE',''
  ) );
#9911 = ORIENTED_EDGE('',*,*,#9912,.F.);
#9912 = EDGE_CURVE('',#9913,#9887,#9915,.T.);
#9913 = VERTEX_POINT('',#9914);
#9914 = CARTESIAN_POINT('',(4.326823678227,4.701980797248,
    -13.62739512972));
#9915 = SURFACE_CURVE('',#9916,(#9921,#9928),.PCURVE_S1.);
#9916 = CIRCLE('',#9917,1.389);
#9917 = AXIS2_PLACEMENT_3D('',#9918,#9919,#9920);
#9918 = CARTESIAN_POINT('',(3.551949569169,3.549205400619,
    -13.62738886671));
#9919 = DIRECTION('',(1.296752066396E-05,-1.414950665963E-05,
    -0.999999999816));
#9920 = DIRECTION('',(-0.999999976639,2.157622180403E-04,
    -1.297057329236E-05));
#9921 = PCURVE('',#9496,#9922);
#9922 = DEFINITIONAL_REPRESENTATION('',(#9923),#9927);
#9923 = LINE('',#9924,#9925);
#9924 = CARTESIAN_POINT('',(0.,15.6271001));
#9925 = VECTOR('',#9926,1.);
#9926 = DIRECTION('',(1.,0.));
#9927 = ( GEOMETRIC_REPRESENTATION_CONTEXT(2) 
PARAMETRIC_REPRESENTATION_CONTEXT() REPRESENTATION_CONTEXT('2D SPACE',''
  ) );
#9928 = PCURVE('',#9929,#9934);
#9929 = PLANE('',#9930);
#9930 = AXIS2_PLACEMENT_3D('',#9931,#9932,#9933);
#9931 = CARTESIAN_POINT('',(1.861353574335E-03,6.488051171882E-04,
    -13.62738469223));
#9932 = DIRECTION('',(-1.296752066396E-05,1.414950665963E-05,
    0.999999999816));
#9933 = DIRECTION('',(-2.157624015277E-04,-0.999999976623,
    1.414670842806E-05));
#9934 = DEFINITIONAL_REPRESENTATION('',(#9935),#9943);
#9935 = ( BOUNDED_CURVE() B_SPLINE_CURVE(2,(#9936,#9937,#9938,#9939,
#9940,#9941,#9942),.UNSPECIFIED.,.T.,.F.) B_SPLINE_CURVE_WITH_KNOTS((1,2
    ,2,2,2,1),(-2.094395102393,0.,2.094395102393,4.188790204786,
6.28318530718,8.377580409573),.UNSPECIFIED.) CURVE() 
GEOMETRIC_REPRESENTATION_ITEM() RATIONAL_B_SPLINE_CURVE((1.,0.5,1.,0.5,
1.,0.5,1.)) REPRESENTATION_ITEM('') );
#9936 = CARTESIAN_POINT('',(-3.549322488166,2.160322488166));
#9937 = CARTESIAN_POINT('',(-5.955141059879,2.160322488166));
#9938 = CARTESIAN_POINT('',(-4.752231774023,4.243822488166));
#9939 = CARTESIAN_POINT('',(-3.549322488166,6.327322488166));
#9940 = CARTESIAN_POINT('',(-2.346413202309,4.243822488166));
#9941 = CARTESIAN_POINT('',(-1.143503916453,2.160322488166));
#9942 = CARTESIAN_POINT('',(-3.549322488166,2.160322488166));
#9943 = ( GEOMETRIC_REPRESENTATION_CONTEXT(2) 
PARAMETRIC_REPRESENTATION_CONTEXT() REPRESENTATION_CONTEXT('2D SPACE',''
  ) );
#9944 = ORIENTED_EDGE('',*,*,#9945,.T.);
#9945 = EDGE_CURVE('',#9913,#9514,#9946,.T.);
#9946 = SURFACE_CURVE('',#9947,(#9951,#9957),.PCURVE_S1.);
#9947 = LINE('',#9948,#9949);
#9948 = CARTESIAN_POINT('',(4.326832406665,4.701971273215,
    -14.30049512959));
#9949 = VECTOR('',#9950,1.);
#9950 = DIRECTION('',(1.296752066396E-05,-1.414950665963E-05,
    -0.999999999816));
#9951 = PCURVE('',#9496,#9952);
#9952 = DEFINITIONAL_REPRESENTATION('',(#9953),#9956);
#9953 = B_SPLINE_CURVE_WITH_KNOTS('',1,(#9954,#9955),.UNSPECIFIED.,.F.,
  .F.,(2,2),(-0.6731006,6.E-07),.PIECEWISE_BEZIER_KNOTS.);
#9954 = CARTESIAN_POINT('',(2.16239130664,15.6270995));
#9955 = CARTESIAN_POINT('',(2.16239130664,16.3002007));
#9956 = ( GEOMETRIC_REPRESENTATION_CONTEXT(2) 
PARAMETRIC_REPRESENTATION_CONTEXT() REPRESENTATION_CONTEXT('2D SPACE',''
  ) );
#9957 = PCURVE('',#9958,#9963);
#9958 = CYLINDRICAL_SURFACE('',#9959,6.3881);
#9959 = AXIS2_PLACEMENT_3D('',#9960,#9961,#9962);
#9960 = CARTESIAN_POINT('',(1.870082012494E-03,6.392810842556E-04,
    -14.3004846921));
#9961 = DIRECTION('',(1.296752066396E-05,-1.414950665963E-05,
    -0.999999999816));
#9962 = DIRECTION('',(0.999999976639,-2.157622180403E-04,
    1.297057329236E-05));
#9963 = DEFINITIONAL_REPRESENTATION('',(#9964),#9967);
#9964 = B_SPLINE_CURVE_WITH_KNOTS('',1,(#9965,#9966),.UNSPECIFIED.,.F.,
  .F.,(2,2),(-0.6731006,6.E-07),.PIECEWISE_BEZIER_KNOTS.);
#9965 = CARTESIAN_POINT('',(5.455898491401,-0.6731006));
#9966 = CARTESIAN_POINT('',(5.455898491401,6.E-07));
#9967 = ( GEOMETRIC_REPRESENTATION_CONTEXT(2) 
PARAMETRIC_REPRESENTATION_CONTEXT() REPRESENTATION_CONTEXT('2D SPACE',''
  ) );
#9968 = ADVANCED_FACE('',(#9969),#9660,.T.);
#9969 = FACE_BOUND('',#9970,.T.);
#9970 = EDGE_LOOP('',(#9971,#9995,#9996,#10024,#10052));
#9971 = ORIENTED_EDGE('',*,*,#9972,.T.);
#9972 = EDGE_CURVE('',#9973,#9623,#9975,.T.);
#9973 = VERTEX_POINT('',#9974);
#9974 = CARTESIAN_POINT('',(4.703016635286,-4.324120701861,
    -1.625340391982E-04));
#9975 = SURFACE_CURVE('',#9976,(#9981,#9988),.PCURVE_S1.);
#9976 = CIRCLE('',#9977,6.3881);
#9977 = AXIS2_PLACEMENT_3D('',#9978,#9979,#9980);
#9978 = CARTESIAN_POINT('',(1.684643873495E-03,8.416218593896E-04,
    -2.846947421702E-04));
#9979 = DIRECTION('',(-1.296752066396E-05,1.414950665963E-05,
    0.999999999816));
#9980 = DIRECTION('',(0.735951533541,-0.677034223591,1.912316697788E-05)
  );
#9981 = PCURVE('',#9660,#9982);
#9982 = DEFINITIONAL_REPRESENTATION('',(#9983),#9987);
#9983 = CIRCLE('',#9984,6.3881);
#9984 = AXIS2_PLACEMENT_2D('',#9985,#9986);
#9985 = CARTESIAN_POINT('',(0.,0.));
#9986 = DIRECTION('',(0.676875417364,0.736097595002));
#9987 = ( GEOMETRIC_REPRESENTATION_CONTEXT(2) 
PARAMETRIC_REPRESENTATION_CONTEXT() REPRESENTATION_CONTEXT('2D SPACE',''
  ) );
#9988 = PCURVE('',#9267,#9989);
#9989 = DEFINITIONAL_REPRESENTATION('',(#9990),#9994);
#9990 = LINE('',#9991,#9992);
#9991 = CARTESIAN_POINT('',(0.743509511016,0.));
#9992 = VECTOR('',#9993,1.);
#9993 = DIRECTION('',(-1.,0.));
#9994 = ( GEOMETRIC_REPRESENTATION_CONTEXT(2) 
PARAMETRIC_REPRESENTATION_CONTEXT() REPRESENTATION_CONTEXT('2D SPACE',''
  ) );
#9995 = ORIENTED_EDGE('',*,*,#9643,.T.);
#9996 = ORIENTED_EDGE('',*,*,#9997,.T.);
#9997 = EDGE_CURVE('',#9644,#9998,#10000,.T.);
#9998 = VERTEX_POINT('',#9999);
#9999 = CARTESIAN_POINT('',(3.652934558577,5.382006077009E-05,
    -2.373359364363E-04));
#10000 = SURFACE_CURVE('',#10001,(#10006,#10017),.PCURVE_S1.);
#10001 = CIRCLE('',#10002,3.65125);
#10002 = AXIS2_PLACEMENT_3D('',#10003,#10004,#10005);
#10003 = CARTESIAN_POINT('',(1.684643873495E-03,8.416218593896E-04,
    -2.846947421702E-04));
#10004 = DIRECTION('',(1.296752066396E-05,-1.414950665963E-05,
    -0.999999999816));
#10005 = DIRECTION('',(0.999999976639,-2.157622180403E-04,
    1.297057329236E-05));
#10006 = PCURVE('',#9660,#10007);
#10007 = DEFINITIONAL_REPRESENTATION('',(#10008),#10016);
#10008 = ( BOUNDED_CURVE() B_SPLINE_CURVE(2,(#10009,#10010,#10011,#10012
    ,#10013,#10014,#10015),.UNSPECIFIED.,.T.,.F.) 
B_SPLINE_CURVE_WITH_KNOTS((1,2,2,2,2,1),(-2.094395102393,0.,
    2.094395102393,4.188790204786,6.28318530718,8.377580409573),
.UNSPECIFIED.) CURVE() GEOMETRIC_REPRESENTATION_ITEM() 
RATIONAL_B_SPLINE_CURVE((1.,0.5,1.,0.5,1.,0.5,1.)) REPRESENTATION_ITEM(
  '') );
#10009 = CARTESIAN_POINT('',(1.263305442889E-19,3.65125));
#10010 = CARTESIAN_POINT('',(6.324150511136,3.65125));
#10011 = CARTESIAN_POINT('',(3.162075255568,-1.825625));
#10012 = CARTESIAN_POINT('',(8.940456639888E-16,-7.3025));
#10013 = CARTESIAN_POINT('',(-3.162075255568,-1.825625));
#10014 = CARTESIAN_POINT('',(-6.324150511136,3.65125));
#10015 = CARTESIAN_POINT('',(1.263305442889E-19,3.65125));
#10016 = ( GEOMETRIC_REPRESENTATION_CONTEXT(2) 
PARAMETRIC_REPRESENTATION_CONTEXT() REPRESENTATION_CONTEXT('2D SPACE',''
  ) );
#10017 = PCURVE('',#9714,#10018);
#10018 = DEFINITIONAL_REPRESENTATION('',(#10019),#10023);
#10019 = LINE('',#10020,#10021);
#10020 = CARTESIAN_POINT('',(6.28318530718,0.238124999999));
#10021 = VECTOR('',#10022,1.);
#10022 = DIRECTION('',(-1.,0.));
#10023 = ( GEOMETRIC_REPRESENTATION_CONTEXT(2) 
PARAMETRIC_REPRESENTATION_CONTEXT() REPRESENTATION_CONTEXT('2D SPACE',''
  ) );
#10024 = ORIENTED_EDGE('',*,*,#10025,.T.);
#10025 = EDGE_CURVE('',#9998,#10026,#10028,.T.);
#10026 = VERTEX_POINT('',#10027);
#10027 = CARTESIAN_POINT('',(2.723149265134,-2.433343431267,
    -2.149615758249E-04));
#10028 = SURFACE_CURVE('',#10029,(#10034,#10045),.PCURVE_S1.);
#10029 = CIRCLE('',#10030,3.65125);
#10030 = AXIS2_PLACEMENT_3D('',#10031,#10032,#10033);
#10031 = CARTESIAN_POINT('',(1.684643873495E-03,8.416218593896E-04,
    -2.846947421702E-04));
#10032 = DIRECTION('',(1.296752066396E-05,-1.414950665963E-05,
    -0.999999999816));
#10033 = DIRECTION('',(0.999999976639,-2.157622180403E-04,
    1.297057329236E-05));
#10034 = PCURVE('',#9660,#10035);
#10035 = DEFINITIONAL_REPRESENTATION('',(#10036),#10044);
#10036 = ( BOUNDED_CURVE() B_SPLINE_CURVE(2,(#10037,#10038,#10039,#10040
    ,#10041,#10042,#10043),.UNSPECIFIED.,.T.,.F.) 
B_SPLINE_CURVE_WITH_KNOTS((1,2,2,2,2,1),(-2.094395102393,0.,
    2.094395102393,4.188790204786,6.28318530718,8.377580409573),
.UNSPECIFIED.) CURVE() GEOMETRIC_REPRESENTATION_ITEM() 
RATIONAL_B_SPLINE_CURVE((1.,0.5,1.,0.5,1.,0.5,1.)) REPRESENTATION_ITEM(
  '') );
#10037 = CARTESIAN_POINT('',(1.263305442889E-19,3.65125));
#10038 = CARTESIAN_POINT('',(6.324150511136,3.65125));
#10039 = CARTESIAN_POINT('',(3.162075255568,-1.825625));
#10040 = CARTESIAN_POINT('',(8.940456639888E-16,-7.3025));
#10041 = CARTESIAN_POINT('',(-3.162075255568,-1.825625));
#10042 = CARTESIAN_POINT('',(-6.324150511136,3.65125));
#10043 = CARTESIAN_POINT('',(1.263305442889E-19,3.65125));
#10044 = ( GEOMETRIC_REPRESENTATION_CONTEXT(2) 
PARAMETRIC_REPRESENTATION_CONTEXT() REPRESENTATION_CONTEXT('2D SPACE',''
  ) );
#10045 = PCURVE('',#9714,#10046);
#10046 = DEFINITIONAL_REPRESENTATION('',(#10047),#10051);
#10047 = LINE('',#10048,#10049);
#10048 = CARTESIAN_POINT('',(6.28318530718,0.238124999999));
#10049 = VECTOR('',#10050,1.);
#10050 = DIRECTION('',(-1.,0.));
#10051 = ( GEOMETRIC_REPRESENTATION_CONTEXT(2) 
PARAMETRIC_REPRESENTATION_CONTEXT() REPRESENTATION_CONTEXT('2D SPACE',''
  ) );
#10052 = ORIENTED_EDGE('',*,*,#10053,.T.);
#10053 = EDGE_CURVE('',#10026,#9973,#10054,.T.);
#10054 = SURFACE_CURVE('',#10055,(#10060,#10071),.PCURVE_S1.);
#10055 = CIRCLE('',#10056,1.389);
#10056 = AXIS2_PLACEMENT_3D('',#10057,#10058,#10059);
#10057 = CARTESIAN_POINT('',(3.550241238781,-3.549246593027,
    -1.884467643425E-04));
#10058 = DIRECTION('',(1.296752066396E-05,-1.414950665963E-05,
    -0.999999999816));
#10059 = DIRECTION('',(-0.999999976639,2.157622180403E-04,
    -1.297057329236E-05));
#10060 = PCURVE('',#9660,#10061);
#10061 = DEFINITIONAL_REPRESENTATION('',(#10062),#10070);
#10062 = ( BOUNDED_CURVE() B_SPLINE_CURVE(2,(#10063,#10064,#10065,#10066
    ,#10067,#10068,#10069),.UNSPECIFIED.,.T.,.F.) 
B_SPLINE_CURVE_WITH_KNOTS((1,2,2,2,2,1),(-2.094395102393,0.,
    2.094395102393,4.188790204786,6.28318530718,8.377580409573),
.UNSPECIFIED.) CURVE() GEOMETRIC_REPRESENTATION_ITEM() 
RATIONAL_B_SPLINE_CURVE((1.,0.5,1.,0.5,1.,0.5,1.)) REPRESENTATION_ITEM(
  '') );
#10063 = CARTESIAN_POINT('',(3.549322488166,2.160322488166));
#10064 = CARTESIAN_POINT('',(1.143503916453,2.160322488166));
#10065 = CARTESIAN_POINT('',(2.346413202309,4.243822488166));
#10066 = CARTESIAN_POINT('',(3.549322488166,6.327322488166));
#10067 = CARTESIAN_POINT('',(4.752231774023,4.243822488166));
#10068 = CARTESIAN_POINT('',(5.955141059879,2.160322488166));
#10069 = CARTESIAN_POINT('',(3.549322488166,2.160322488166));
#10070 = ( GEOMETRIC_REPRESENTATION_CONTEXT(2) 
PARAMETRIC_REPRESENTATION_CONTEXT() REPRESENTATION_CONTEXT('2D SPACE',''
  ) );
#10071 = PCURVE('',#9300,#10072);
#10072 = DEFINITIONAL_REPRESENTATION('',(#10073),#10077);
#10073 = LINE('',#10074,#10075);
#10074 = CARTESIAN_POINT('',(0.,2.0000001));
#10075 = VECTOR('',#10076,1.);
#10076 = DIRECTION('',(1.,0.));
#10077 = ( GEOMETRIC_REPRESENTATION_CONTEXT(2) 
PARAMETRIC_REPRESENTATION_CONTEXT() REPRESENTATION_CONTEXT('2D SPACE',''
  ) );
#10078 = ADVANCED_FACE('',(#10079),#9714,.F.);
#10079 = FACE_BOUND('',#10080,.F.);
#10080 = EDGE_LOOP('',(#10081,#10110,#10130,#10131,#10175,#10208,#10252,
    #10285,#10341,#10367,#10368,#10369));
#10081 = ORIENTED_EDGE('',*,*,#10082,.F.);
#10082 = EDGE_CURVE('',#10083,#10083,#10085,.T.);
#10083 = VERTEX_POINT('',#10084);
#10084 = CARTESIAN_POINT('',(3.176690745484,1.498381145646E-04,
    -0.476493513084));
#10085 = SURFACE_CURVE('',#10086,(#10091,#10098),.PCURVE_S1.);
#10086 = CIRCLE('',#10087,3.175);
#10087 = AXIS2_PLACEMENT_3D('',#10088,#10089,#10090);
#10088 = CARTESIAN_POINT('',(1.690819655211E-03,8.348831568432E-04,
    -0.476534694654));
#10089 = DIRECTION('',(1.296752066396E-05,-1.414950665963E-05,
    -0.999999999816));
#10090 = DIRECTION('',(0.999999976639,-2.157622180402E-04,
    1.297057329236E-05));
#10091 = PCURVE('',#9714,#10092);
#10092 = DEFINITIONAL_REPRESENTATION('',(#10093),#10097);
#10093 = LINE('',#10094,#10095);
#10094 = CARTESIAN_POINT('',(6.283185307179,-0.238124999999));
#10095 = VECTOR('',#10096,1.);
#10096 = DIRECTION('',(-1.,0.));
#10097 = ( GEOMETRIC_REPRESENTATION_CONTEXT(2) 
PARAMETRIC_REPRESENTATION_CONTEXT() REPRESENTATION_CONTEXT('2D SPACE',''
  ) );
#10098 = PCURVE('',#10099,#10104);
#10099 = CYLINDRICAL_SURFACE('',#10100,3.175);
#10100 = AXIS2_PLACEMENT_3D('',#10101,#10102,#10103);
#10101 = CARTESIAN_POINT('',(1.870082012494E-03,6.392810842556E-04,
    -14.3004846921));
#10102 = DIRECTION('',(1.296752066396E-05,-1.414950665963E-05,
    -0.999999999816));
#10103 = DIRECTION('',(0.999999976639,-2.157622180403E-04,
    1.297057329236E-05));
#10104 = DEFINITIONAL_REPRESENTATION('',(#10105),#10109);
#10105 = LINE('',#10106,#10107);
#10106 = CARTESIAN_POINT('',(0.,-13.82395));
#10107 = VECTOR('',#10108,1.);
#10108 = DIRECTION('',(1.,0.));
#10109 = ( GEOMETRIC_REPRESENTATION_CONTEXT(2) 
PARAMETRIC_REPRESENTATION_CONTEXT() REPRESENTATION_CONTEXT('2D SPACE',''
  ) );
#10110 = ORIENTED_EDGE('',*,*,#10111,.T.);
#10111 = EDGE_CURVE('',#10083,#9998,#10112,.T.);
#10112 = SEAM_CURVE('',#10113,(#10116,#10123),.PCURVE_S1.);
#10113 = B_SPLINE_CURVE_WITH_KNOTS('',1,(#10114,#10115),.UNSPECIFIED.,
  .F.,.F.,(2,2),(-0.33675960454,0.33675960454),
  .PIECEWISE_BEZIER_KNOTS.);
#10114 = CARTESIAN_POINT('',(3.176690745484,1.498381145653E-04,
    -0.476493513084));
#10115 = CARTESIAN_POINT('',(3.652934558578,5.382006076973E-05,
    -2.373359464372E-04));
#10116 = PCURVE('',#9714,#10117);
#10117 = DEFINITIONAL_REPRESENTATION('',(#10118),#10122);
#10118 = LINE('',#10119,#10120);
#10119 = CARTESIAN_POINT('',(6.28318530718,0.));
#10120 = VECTOR('',#10121,1.);
#10121 = DIRECTION('',(0.,1.));
#10122 = ( GEOMETRIC_REPRESENTATION_CONTEXT(2) 
PARAMETRIC_REPRESENTATION_CONTEXT() REPRESENTATION_CONTEXT('2D SPACE',''
  ) );
#10123 = PCURVE('',#9714,#10124);
#10124 = DEFINITIONAL_REPRESENTATION('',(#10125),#10129);
#10125 = LINE('',#10126,#10127);
#10126 = CARTESIAN_POINT('',(4.138911435803E-13,0.));
#10127 = VECTOR('',#10128,1.);
#10128 = DIRECTION('',(0.,1.));
#10129 = ( GEOMETRIC_REPRESENTATION_CONTEXT(2) 
PARAMETRIC_REPRESENTATION_CONTEXT() REPRESENTATION_CONTEXT('2D SPACE',''
  ) );
#10130 = ORIENTED_EDGE('',*,*,#10025,.T.);
#10131 = ORIENTED_EDGE('',*,*,#10132,.F.);
#10132 = EDGE_CURVE('',#10133,#10026,#10135,.T.);
#10133 = VERTEX_POINT('',#10134);
#10134 = CARTESIAN_POINT('',(2.434695091441,-2.721673156726,
    -2.146223879116E-04));
#10135 = SURFACE_CURVE('',#10136,(#10147,#10161),.PCURVE_S1.);
#10136 = B_SPLINE_CURVE_WITH_KNOTS('',5,(#10137,#10138,#10139,#10140,
    #10141,#10142,#10143,#10144,#10145,#10146),.UNSPECIFIED.,.F.,.F.,(6,
    4,6),(0.,0.500550546393,1.),.UNSPECIFIED.);
#10137 = CARTESIAN_POINT('',(2.43469509144,-2.721673156728,
    -2.146223979125E-04));
#10138 = CARTESIAN_POINT('',(2.458357741243,-2.689776811527,
    -8.230476201037E-03));
#10139 = CARTESIAN_POINT('',(2.483682351251,-2.658022763364,
    -1.451472910891E-02));
#10140 = CARTESIAN_POINT('',(2.510610273376,-2.626698883742,
    -1.882521837876E-02));
#10141 = CARTESIAN_POINT('',(2.538980374049,-2.59614309876,
    -2.097451985857E-02));
#10142 = CARTESIAN_POINT('',(2.59784320165,-2.53732507436,
    -2.095561024966E-02));
#10143 = CARTESIAN_POINT('',(2.628349099205,-2.509039973498,
    -1.879688024363E-02));
#10144 = CARTESIAN_POINT('',(2.659617544282,-2.482191837713,
    -1.448725989651E-02));
#10145 = CARTESIAN_POINT('',(2.691312868541,-2.456940317686,
    -8.213122432128E-03));
#10146 = CARTESIAN_POINT('',(2.723149265136,-2.433343431266,
    -2.149615858258E-04));
#10147 = PCURVE('',#9714,#10148);
#10148 = DEFINITIONAL_REPRESENTATION('',(#10149),#10160);
#10149 = B_SPLINE_CURVE_WITH_KNOTS('',5,(#10150,#10151,#10152,#10153,
    #10154,#10155,#10156,#10157,#10158,#10159),.UNSPECIFIED.,.F.,.F.,(6,
    4,6),(0.,0.500550546393,1.),.UNSPECIFIED.);
#10150 = CARTESIAN_POINT('',(5.44190763055,0.238124999999));
#10151 = CARTESIAN_POINT('',(5.452560947849,0.230109290669));
#10152 = CARTESIAN_POINT('',(5.463586077465,0.223825158668));
#10153 = CARTESIAN_POINT('',(5.474900384231,0.219514763424));
#10154 = CARTESIAN_POINT('',(5.486377379522,0.2173655264));
#10155 = CARTESIAN_POINT('',(5.509297895076,0.217384504959));
#10156 = CARTESIAN_POINT('',(5.52074859789,0.219543239597));
#10157 = CARTESIAN_POINT('',(5.532036736308,0.223852834357));
#10158 = CARTESIAN_POINT('',(5.543036767545,0.230126918105));
#10159 = CARTESIAN_POINT('',(5.553666657014,0.238124999999));
#10160 = ( GEOMETRIC_REPRESENTATION_CONTEXT(2) 
PARAMETRIC_REPRESENTATION_CONTEXT() REPRESENTATION_CONTEXT('2D SPACE',''
  ) );
#10161 = PCURVE('',#9300,#10162);
#10162 = DEFINITIONAL_REPRESENTATION('',(#10163),#10174);
#10163 = B_SPLINE_CURVE_WITH_KNOTS('',5,(#10164,#10165,#10166,#10167,
    #10168,#10169,#10170,#10171,#10172,#10173),.UNSPECIFIED.,.F.,.F.,(6,
    4,6),(0.,0.500550546393,1.),.UNSPECIFIED.);
#10164 = CARTESIAN_POINT('',(0.638052104943,2.000000100001));
#10165 = CARTESIAN_POINT('',(0.666644789065,2.008015809331));
#10166 = CARTESIAN_POINT('',(0.69586820733,2.014299941332));
#10167 = CARTESIAN_POINT('',(0.725578658762,2.018610336576));
#10168 = CARTESIAN_POINT('',(0.755575880801,2.0207595736));
#10169 = CARTESIAN_POINT('',(0.815484400945,2.020740595041));
#10170 = CARTESIAN_POINT('',(0.84541380792,2.018581860403));
#10171 = CARTESIAN_POINT('',(0.875056749419,2.014272265643));
#10172 = CARTESIAN_POINT('',(0.904214416223,2.007998181895));
#10173 = CARTESIAN_POINT('',(0.932744221852,2.000000100001));
#10174 = ( GEOMETRIC_REPRESENTATION_CONTEXT(2) 
PARAMETRIC_REPRESENTATION_CONTEXT() REPRESENTATION_CONTEXT('2D SPACE',''
  ) );
#10175 = ORIENTED_EDGE('',*,*,#10176,.T.);
#10176 = EDGE_CURVE('',#10133,#10177,#10179,.T.);
#10177 = VERTEX_POINT('',#10178);
#10178 = CARTESIAN_POINT('',(-2.432500409791,-2.720622999805,
    -2.777527053635E-04));
#10179 = SURFACE_CURVE('',#10180,(#10185,#10192),.PCURVE_S1.);
#10180 = CIRCLE('',#10181,3.65125);
#10181 = AXIS2_PLACEMENT_3D('',#10182,#10183,#10184);
#10182 = CARTESIAN_POINT('',(1.684643873495E-03,8.416218593896E-04,
    -2.846947421702E-04));
#10183 = DIRECTION('',(1.296752066396E-05,-1.414950665963E-05,
    -0.999999999816));
#10184 = DIRECTION('',(0.999999976639,-2.157622180403E-04,
    1.297057329236E-05));
#10185 = PCURVE('',#9714,#10186);
#10186 = DEFINITIONAL_REPRESENTATION('',(#10187),#10191);
#10187 = LINE('',#10188,#10189);
#10188 = CARTESIAN_POINT('',(6.28318530718,0.238124999999));
#10189 = VECTOR('',#10190,1.);
#10190 = DIRECTION('',(-1.,0.));
#10191 = ( GEOMETRIC_REPRESENTATION_CONTEXT(2) 
PARAMETRIC_REPRESENTATION_CONTEXT() REPRESENTATION_CONTEXT('2D SPACE',''
  ) );
#10192 = PCURVE('',#10193,#10198);
#10193 = PLANE('',#10194);
#10194 = AXIS2_PLACEMENT_3D('',#10195,#10196,#10197);
#10195 = CARTESIAN_POINT('',(1.684643873495E-03,8.416218593896E-04,
    -2.846947421702E-04));
#10196 = DIRECTION('',(-1.296752066396E-05,1.414950665963E-05,
    0.999999999816));
#10197 = DIRECTION('',(-2.157624015277E-04,-0.999999976623,
    1.414670842806E-05));
#10198 = DEFINITIONAL_REPRESENTATION('',(#10199),#10207);
#10199 = ( BOUNDED_CURVE() B_SPLINE_CURVE(2,(#10200,#10201,#10202,#10203
    ,#10204,#10205,#10206),.UNSPECIFIED.,.T.,.F.) 
B_SPLINE_CURVE_WITH_KNOTS((1,2,2,2,2,1),(-2.094395102393,0.,
    2.094395102393,4.188790204786,6.28318530718,8.377580409573),
.UNSPECIFIED.) CURVE() GEOMETRIC_REPRESENTATION_ITEM() 
RATIONAL_B_SPLINE_CURVE((1.,0.5,1.,0.5,1.,0.5,1.)) REPRESENTATION_ITEM(
  '') );
#10200 = CARTESIAN_POINT('',(1.263305442889E-19,3.65125));
#10201 = CARTESIAN_POINT('',(6.324150511136,3.65125));
#10202 = CARTESIAN_POINT('',(3.162075255568,-1.825625));
#10203 = CARTESIAN_POINT('',(8.940456639888E-16,-7.3025));
#10204 = CARTESIAN_POINT('',(-3.162075255568,-1.825625));
#10205 = CARTESIAN_POINT('',(-6.324150511136,3.65125));
#10206 = CARTESIAN_POINT('',(1.263305442889E-19,3.65125));
#10207 = ( GEOMETRIC_REPRESENTATION_CONTEXT(2) 
PARAMETRIC_REPRESENTATION_CONTEXT() REPRESENTATION_CONTEXT('2D SPACE',''
  ) );
#10208 = ORIENTED_EDGE('',*,*,#10209,.F.);
#10209 = EDGE_CURVE('',#10210,#10177,#10212,.T.);
#10210 = VERTEX_POINT('',#10211);
#10211 = CARTESIAN_POINT('',(-2.720830135202,-2.432168826169,
    -2.855731112881E-04));
#10212 = SURFACE_CURVE('',#10213,(#10224,#10238),.PCURVE_S1.);
#10213 = B_SPLINE_CURVE_WITH_KNOTS('',5,(#10214,#10215,#10216,#10217,
    #10218,#10219,#10220,#10221,#10222,#10223),.UNSPECIFIED.,.F.,.F.,(6,
    4,6),(0.,0.500224060601,1.),.UNSPECIFIED.);
#10214 = CARTESIAN_POINT('',(-2.720830135204,-2.432168826168,
    -2.85573121289E-04));
#10215 = CARTESIAN_POINT('',(-2.688954367032,-2.455816058996,
    -8.295308806403E-03));
#10216 = CARTESIAN_POINT('',(-2.657220794027,-2.481123056317,
    -1.457569329027E-02));
#10217 = CARTESIAN_POINT('',(-2.625916671861,-2.508031321007,
    -1.888506827554E-02));
#10218 = CARTESIAN_POINT('',(-2.595379239941,-2.536380117162,
    -2.103633112968E-02));
#10219 = CARTESIAN_POINT('',(-2.536555458685,-2.59523719001,
    -2.102701167253E-02));
#10220 = CARTESIAN_POINT('',(-2.508249128008,-2.625761508591,
    -1.887028743516E-02));
#10221 = CARTESIAN_POINT('',(-2.481381462397,-2.657049831881,
    -1.455966041302E-02));
#10222 = CARTESIAN_POINT('',(-2.45611250294,-2.688765803277,
    -8.281819390758E-03));
#10223 = CARTESIAN_POINT('',(-2.43250040979,-2.720622999807,
    -2.777527153643E-04));
#10224 = PCURVE('',#9714,#10225);
#10225 = DEFINITIONAL_REPRESENTATION('',(#10226),#10237);
#10226 = B_SPLINE_CURVE_WITH_KNOTS('',5,(#10227,#10228,#10229,#10230,
    #10231,#10232,#10233,#10234,#10235,#10236),.UNSPECIFIED.,.F.,.F.,(6,
    4,6),(0.,0.500224060601,1.),.UNSPECIFIED.);
#10227 = CARTESIAN_POINT('',(3.871111303755,0.238124999999));
#10228 = CARTESIAN_POINT('',(3.881757675817,0.230114516365));
#10229 = CARTESIAN_POINT('',(3.892775363453,0.223833362291));
#10230 = CARTESIAN_POINT('',(3.904081910259,0.219523200632));
#10231 = CARTESIAN_POINT('',(3.915551108771,0.217371140669));
#10232 = CARTESIAN_POINT('',(3.938471624675,0.217378864523));
#10233 = CARTESIAN_POINT('',(3.949930122738,0.219534789794));
#10234 = CARTESIAN_POINT('',(3.961226019593,0.223844625696));
#10235 = CARTESIAN_POINT('',(3.972233492677,0.230121690275));
#10236 = CARTESIAN_POINT('',(3.982870330219,0.238124999999));
#10237 = ( GEOMETRIC_REPRESENTATION_CONTEXT(2) 
PARAMETRIC_REPRESENTATION_CONTEXT() REPRESENTATION_CONTEXT('2D SPACE',''
  ) );
#10238 = PCURVE('',#9366,#10239);
#10239 = DEFINITIONAL_REPRESENTATION('',(#10240),#10251);
#10240 = B_SPLINE_CURVE_WITH_KNOTS('',5,(#10241,#10242,#10243,#10244,
    #10245,#10246,#10247,#10248,#10249,#10250),.UNSPECIFIED.,.F.,.F.,(6,
    4,6),(0.,0.500224060601,1.),.UNSPECIFIED.);
#10241 = CARTESIAN_POINT('',(2.208848431738,2.000000100001));
#10242 = CARTESIAN_POINT('',(2.237422475377,2.008010583635));
#10243 = CARTESIAN_POINT('',(2.266626397791,2.014291737709));
#10244 = CARTESIAN_POINT('',(2.296316830266,2.018601899368));
#10245 = CARTESIAN_POINT('',(2.326293942382,2.020753959331));
#10246 = CARTESIAN_POINT('',(2.386202461783,2.020746235477));
#10247 = CARTESIAN_POINT('',(2.416151974686,2.018590310206));
#10248 = CARTESIAN_POINT('',(2.445814932084,2.014280474304));
#10249 = CARTESIAN_POINT('',(2.474992094925,2.008003409725));
#10250 = CARTESIAN_POINT('',(2.503540548647,2.000000100001));
#10251 = ( GEOMETRIC_REPRESENTATION_CONTEXT(2) 
PARAMETRIC_REPRESENTATION_CONTEXT() REPRESENTATION_CONTEXT('2D SPACE',''
  ) );
#10252 = ORIENTED_EDGE('',*,*,#10253,.T.);
#10253 = EDGE_CURVE('',#10210,#10254,#10256,.T.);
#10254 = VERTEX_POINT('',#10255);
#10255 = CARTESIAN_POINT('',(-2.719779977387,2.435026674986,
    -3.544279085155E-04));
#10256 = SURFACE_CURVE('',#10257,(#10262,#10269),.PCURVE_S1.);
#10257 = CIRCLE('',#10258,3.65125);
#10258 = AXIS2_PLACEMENT_3D('',#10259,#10260,#10261);
#10259 = CARTESIAN_POINT('',(1.684643873495E-03,8.416218593896E-04,
    -2.846947421702E-04));
#10260 = DIRECTION('',(1.296752066396E-05,-1.414950665963E-05,
    -0.999999999816));
#10261 = DIRECTION('',(0.999999976639,-2.157622180403E-04,
    1.297057329236E-05));
#10262 = PCURVE('',#9714,#10263);
#10263 = DEFINITIONAL_REPRESENTATION('',(#10264),#10268);
#10264 = LINE('',#10265,#10266);
#10265 = CARTESIAN_POINT('',(6.28318530718,0.238124999999));
#10266 = VECTOR('',#10267,1.);
#10267 = DIRECTION('',(-1.,0.));
#10268 = ( GEOMETRIC_REPRESENTATION_CONTEXT(2) 
PARAMETRIC_REPRESENTATION_CONTEXT() REPRESENTATION_CONTEXT('2D SPACE',''
  ) );
#10269 = PCURVE('',#10270,#10275);
#10270 = PLANE('',#10271);
#10271 = AXIS2_PLACEMENT_3D('',#10272,#10273,#10274);
#10272 = CARTESIAN_POINT('',(1.684643873495E-03,8.416218593896E-04,
    -2.846947421702E-04));
#10273 = DIRECTION('',(-1.296752066396E-05,1.414950665963E-05,
    0.999999999816));
#10274 = DIRECTION('',(-2.157624015277E-04,-0.999999976623,
    1.414670842806E-05));
#10275 = DEFINITIONAL_REPRESENTATION('',(#10276),#10284);
#10276 = ( BOUNDED_CURVE() B_SPLINE_CURVE(2,(#10277,#10278,#10279,#10280
    ,#10281,#10282,#10283),.UNSPECIFIED.,.T.,.F.) 
B_SPLINE_CURVE_WITH_KNOTS((1,2,2,2,2,1),(-2.094395102393,0.,
    2.094395102393,4.188790204786,6.28318530718,8.377580409573),
.UNSPECIFIED.) CURVE() GEOMETRIC_REPRESENTATION_ITEM() 
RATIONAL_B_SPLINE_CURVE((1.,0.5,1.,0.5,1.,0.5,1.)) REPRESENTATION_ITEM(
  '') );
#10277 = CARTESIAN_POINT('',(1.263305442889E-19,3.65125));
#10278 = CARTESIAN_POINT('',(6.324150511136,3.65125));
#10279 = CARTESIAN_POINT('',(3.162075255568,-1.825625));
#10280 = CARTESIAN_POINT('',(8.940456639888E-16,-7.3025));
#10281 = CARTESIAN_POINT('',(-3.162075255568,-1.825625));
#10282 = CARTESIAN_POINT('',(-6.324150511136,3.65125));
#10283 = CARTESIAN_POINT('',(1.263305442889E-19,3.65125));
#10284 = ( GEOMETRIC_REPRESENTATION_CONTEXT(2) 
PARAMETRIC_REPRESENTATION_CONTEXT() REPRESENTATION_CONTEXT('2D SPACE',''
  ) );
#10285 = ORIENTED_EDGE('',*,*,#10286,.F.);
#10286 = EDGE_CURVE('',#10287,#10254,#10289,.T.);
#10287 = VERTEX_POINT('',#10288);
#10288 = CARTESIAN_POINT('',(-2.431325803694,2.723356400445,
    -3.547670964288E-04));
#10289 = SURFACE_CURVE('',#10290,(#10305,#10323),.PCURVE_S1.);
#10290 = B_SPLINE_CURVE_WITH_KNOTS('',5,(#10291,#10292,#10293,#10294,
    #10295,#10296,#10297,#10298,#10299,#10300,#10301,#10302,#10303,
    #10304),.UNSPECIFIED.,.F.,.F.,(6,4,4,6),(0.,0.499480247161,
    0.838073975754,1.),.UNSPECIFIED.);
#10291 = CARTESIAN_POINT('',(-2.431325803693,2.723356400447,
    -3.547671064297E-04));
#10292 = CARTESIAN_POINT('',(-2.454938105779,2.691527416052,
    -8.353347276492E-03));
#10293 = CARTESIAN_POINT('',(-2.480205291145,2.659840290052,
    -1.462767518319E-02));
#10294 = CARTESIAN_POINT('',(-2.507069208681,2.628580882293,
    -1.89372050072E-02));
#10295 = CARTESIAN_POINT('',(-2.535370019592,2.598084880945,
    -2.109553067557E-02));
#10296 = CARTESIAN_POINT('',(-2.584686654117,2.548774438953,
    -2.111022220162E-02));
#10297 = CARTESIAN_POINT('',(-2.605118632579,2.529355360963,
    -2.012840083317E-02));
#10298 = CARTESIAN_POINT('',(-2.625955243842,2.510542438832,
    -1.815833436843E-02));
#10299 = CARTESIAN_POINT('',(-2.647090669576,2.492405500718,
    -1.523805043323E-02));
#10300 = CARTESIAN_POINT('',(-2.678623197714,2.466660945677,
    -9.606779798155E-03));
#10301 = CARTESIAN_POINT('',(-2.688869801782,2.458496687287,
    -7.581487780602E-03));
#10302 = CARTESIAN_POINT('',(-2.699151086852,2.450501309095,
    -5.359351082312E-03));
#10303 = CARTESIAN_POINT('',(-2.7094573777,2.442677581339,
    -2.947675067018E-03));
#10304 = CARTESIAN_POINT('',(-2.719779977389,2.435026674985,
    -3.544279185164E-04));
#10305 = PCURVE('',#9714,#10306);
#10306 = DEFINITIONAL_REPRESENTATION('',(#10307),#10322);
#10307 = B_SPLINE_CURVE_WITH_KNOTS('',5,(#10308,#10309,#10310,#10311,
    #10312,#10313,#10314,#10315,#10316,#10317,#10318,#10319,#10320,
    #10321),.UNSPECIFIED.,.F.,.F.,(6,4,4,6),(0.,0.499480247161,
    0.838073975754,1.),.UNSPECIFIED.);
#10308 = CARTESIAN_POINT('',(2.300314976961,0.238124999999));
#10309 = CARTESIAN_POINT('',(2.310945720279,0.230126275657));
#10310 = CARTESIAN_POINT('',(2.321946663969,0.22385182704));
#10311 = CARTESIAN_POINT('',(2.333235752779,0.219542203277));
#10312 = CARTESIAN_POINT('',(2.344687409816,0.217383813098));
#10313 = CARTESIAN_POINT('',(2.363896850044,0.217369063369));
#10314 = CARTESIAN_POINT('',(2.371658670046,0.218350874918));
#10315 = CARTESIAN_POINT('',(2.379371707215,0.220320945385));
#10316 = CARTESIAN_POINT('',(2.386992288536,0.223241246763));
#10317 = CARTESIAN_POINT('',(2.398067545193,0.228872562029));
#10318 = CARTESIAN_POINT('',(2.401621398014,0.23089787139));
#10319 = CARTESIAN_POINT('',(2.405142378455,0.233120028284));
#10320 = CARTESIAN_POINT('',(2.408627401719,0.235531727249));
#10321 = CARTESIAN_POINT('',(2.412074003424,0.238124999999));
#10322 = ( GEOMETRIC_REPRESENTATION_CONTEXT(2) 
PARAMETRIC_REPRESENTATION_CONTEXT() REPRESENTATION_CONTEXT('2D SPACE',''
  ) );
#10323 = PCURVE('',#9432,#10324);
#10324 = DEFINITIONAL_REPRESENTATION('',(#10325),#10340);
#10325 = B_SPLINE_CURVE_WITH_KNOTS('',5,(#10326,#10327,#10328,#10329,
    #10330,#10331,#10332,#10333,#10334,#10335,#10336,#10337,#10338,
    #10339),.UNSPECIFIED.,.F.,.F.,(6,4,4,6),(0.,0.499480247161,
    0.838073975754,1.),.UNSPECIFIED.);
#10326 = CARTESIAN_POINT('',(3.779644758533,2.000000100001));
#10327 = CARTESIAN_POINT('',(3.808176855827,2.007998824343));
#10328 = CARTESIAN_POINT('',(3.83733691295,2.01427327296));
#10329 = CARTESIAN_POINT('',(3.866982306325,2.018582896723));
#10330 = CARTESIAN_POINT('',(3.896914174442,2.020741286902));
#10331 = CARTESIAN_POINT('',(3.947122867559,2.020756036631));
#10332 = CARTESIAN_POINT('',(3.967410113914,2.019774225082));
#10333 = CARTESIAN_POINT('',(3.987612241827,2.017804154615));
#10334 = CARTESIAN_POINT('',(4.007657042236,2.014883853237));
#10335 = CARTESIAN_POINT('',(4.036963933071,2.009252537971));
#10336 = CARTESIAN_POINT('',(4.046395549257,2.00722722861));
#10337 = CARTESIAN_POINT('',(4.055771395198,2.005005071716));
#10338 = CARTESIAN_POINT('',(4.065086461594,2.002593372751));
#10339 = CARTESIAN_POINT('',(4.074336875442,2.000000100001));
#10340 = ( GEOMETRIC_REPRESENTATION_CONTEXT(2) 
PARAMETRIC_REPRESENTATION_CONTEXT() REPRESENTATION_CONTEXT('2D SPACE',''
  ) );
#10341 = ORIENTED_EDGE('',*,*,#10342,.T.);
#10342 = EDGE_CURVE('',#10287,#9677,#10343,.T.);
#10343 = SURFACE_CURVE('',#10344,(#10349,#10356),.PCURVE_S1.);
#10344 = CIRCLE('',#10345,3.65125);
#10345 = AXIS2_PLACEMENT_3D('',#10346,#10347,#10348);
#10346 = CARTESIAN_POINT('',(1.684643873495E-03,8.416218593896E-04,
    -2.846947421702E-04));
#10347 = DIRECTION('',(1.296752066396E-05,-1.414950665963E-05,
    -0.999999999816));
#10348 = DIRECTION('',(0.999999976639,-2.157622180403E-04,
    1.297057329236E-05));
#10349 = PCURVE('',#9714,#10350);
#10350 = DEFINITIONAL_REPRESENTATION('',(#10351),#10355);
#10351 = LINE('',#10352,#10353);
#10352 = CARTESIAN_POINT('',(6.28318530718,0.238124999999));
#10353 = VECTOR('',#10354,1.);
#10354 = DIRECTION('',(-1.,0.));
#10355 = ( GEOMETRIC_REPRESENTATION_CONTEXT(2) 
PARAMETRIC_REPRESENTATION_CONTEXT() REPRESENTATION_CONTEXT('2D SPACE',''
  ) );
#10356 = PCURVE('',#9586,#10357);
#10357 = DEFINITIONAL_REPRESENTATION('',(#10358),#10366);
#10358 = ( BOUNDED_CURVE() B_SPLINE_CURVE(2,(#10359,#10360,#10361,#10362
    ,#10363,#10364,#10365),.UNSPECIFIED.,.T.,.F.) 
B_SPLINE_CURVE_WITH_KNOTS((1,2,2,2,2,1),(-2.094395102393,0.,
    2.094395102393,4.188790204786,6.28318530718,8.377580409573),
.UNSPECIFIED.) CURVE() GEOMETRIC_REPRESENTATION_ITEM() 
RATIONAL_B_SPLINE_CURVE((1.,0.5,1.,0.5,1.,0.5,1.)) REPRESENTATION_ITEM(
  '') );
#10359 = CARTESIAN_POINT('',(1.263305442889E-19,3.65125));
#10360 = CARTESIAN_POINT('',(6.324150511136,3.65125));
#10361 = CARTESIAN_POINT('',(3.162075255568,-1.825625));
#10362 = CARTESIAN_POINT('',(8.940456639888E-16,-7.3025));
#10363 = CARTESIAN_POINT('',(-3.162075255568,-1.825625));
#10364 = CARTESIAN_POINT('',(-6.324150511136,3.65125));
#10365 = CARTESIAN_POINT('',(1.263305442889E-19,3.65125));
#10366 = ( GEOMETRIC_REPRESENTATION_CONTEXT(2) 
PARAMETRIC_REPRESENTATION_CONTEXT() REPRESENTATION_CONTEXT('2D SPACE',''
  ) );
#10367 = ORIENTED_EDGE('',*,*,#9676,.F.);
#10368 = ORIENTED_EDGE('',*,*,#9997,.T.);
#10369 = ORIENTED_EDGE('',*,*,#10111,.F.);
#10370 = ADVANCED_FACE('',(#10371),#10270,.T.);
#10371 = FACE_BOUND('',#10372,.T.);
#10372 = EDGE_LOOP('',(#10373,#10403,#10427,#10455,#10481,#10482));
#10373 = ORIENTED_EDGE('',*,*,#10374,.T.);
#10374 = EDGE_CURVE('',#10375,#10377,#10379,.T.);
#10375 = VERTEX_POINT('',#10376);
#10376 = CARTESIAN_POINT('',(-4.935871918586,3.551229530467,
    -3.989588463007E-04));
#10377 = VERTEX_POINT('',#10378);
#10378 = CARTESIAN_POINT('',(-4.699647347539,4.32580394558,
    -4.068554451422E-04));
#10379 = SURFACE_CURVE('',#10380,(#10385,#10396),.PCURVE_S1.);
#10380 = CIRCLE('',#10381,1.389);
#10381 = AXIS2_PLACEMENT_3D('',#10382,#10383,#10384);
#10382 = CARTESIAN_POINT('',(-3.546871951034,3.550929836746,
    -3.809427199979E-04));
#10383 = DIRECTION('',(1.296752066396E-05,-1.414950665963E-05,
    -0.999999999816));
#10384 = DIRECTION('',(-0.999999976639,2.157622180403E-04,
    -1.297057329236E-05));
#10385 = PCURVE('',#10270,#10386);
#10386 = DEFINITIONAL_REPRESENTATION('',(#10387),#10395);
#10387 = ( BOUNDED_CURVE() B_SPLINE_CURVE(2,(#10388,#10389,#10390,#10391
    ,#10392,#10393,#10394),.UNSPECIFIED.,.T.,.F.) 
B_SPLINE_CURVE_WITH_KNOTS((1,2,2,2,2,1),(-2.094395102393,0.,
    2.094395102393,4.188790204786,6.28318530718,8.377580409573),
.UNSPECIFIED.) CURVE() GEOMETRIC_REPRESENTATION_ITEM() 
RATIONAL_B_SPLINE_CURVE((1.,0.5,1.,0.5,1.,0.5,1.)) REPRESENTATION_ITEM(
  '') );
#10388 = CARTESIAN_POINT('',(-3.549322488166,-4.938322488166));
#10389 = CARTESIAN_POINT('',(-5.955141059879,-4.938322488166));
#10390 = CARTESIAN_POINT('',(-4.752231774023,-2.854822488166));
#10391 = CARTESIAN_POINT('',(-3.549322488166,-0.771322488166));
#10392 = CARTESIAN_POINT('',(-2.346413202309,-2.854822488166));
#10393 = CARTESIAN_POINT('',(-1.143503916453,-4.938322488166));
#10394 = CARTESIAN_POINT('',(-3.549322488166,-4.938322488166));
#10395 = ( GEOMETRIC_REPRESENTATION_CONTEXT(2) 
PARAMETRIC_REPRESENTATION_CONTEXT() REPRESENTATION_CONTEXT('2D SPACE',''
  ) );
#10396 = PCURVE('',#9432,#10397);
#10397 = DEFINITIONAL_REPRESENTATION('',(#10398),#10402);
#10398 = LINE('',#10399,#10400);
#10399 = CARTESIAN_POINT('',(0.,2.0000001));
#10400 = VECTOR('',#10401,1.);
#10401 = DIRECTION('',(1.,0.));
#10402 = ( GEOMETRIC_REPRESENTATION_CONTEXT(2) 
PARAMETRIC_REPRESENTATION_CONTEXT() REPRESENTATION_CONTEXT('2D SPACE',''
  ) );
#10403 = ORIENTED_EDGE('',*,*,#10404,.T.);
#10404 = EDGE_CURVE('',#10377,#10405,#10407,.T.);
#10405 = VERTEX_POINT('',#10406);
#10406 = CARTESIAN_POINT('',(-4.701513238285,-4.322091559588,
    -2.845161860545E-04));
#10407 = SURFACE_CURVE('',#10408,(#10413,#10420),.PCURVE_S1.);
#10408 = CIRCLE('',#10409,6.3881);
#10409 = AXIS2_PLACEMENT_3D('',#10410,#10411,#10412);
#10410 = CARTESIAN_POINT('',(1.684643873495E-03,8.416218593896E-04,
    -2.846947421702E-04));
#10411 = DIRECTION('',(-1.296752066396E-05,1.414950665963E-05,
    0.999999999816));
#10412 = DIRECTION('',(0.999999976639,-2.157622180403E-04,
    1.297057329236E-05));
#10413 = PCURVE('',#10270,#10414);
#10414 = DEFINITIONAL_REPRESENTATION('',(#10415),#10419);
#10415 = CIRCLE('',#10416,6.3881);
#10416 = AXIS2_PLACEMENT_2D('',#10417,#10418);
#10417 = CARTESIAN_POINT('',(0.,0.));
#10418 = DIRECTION('',(3.459925896308E-20,1.));
#10419 = ( GEOMETRIC_REPRESENTATION_CONTEXT(2) 
PARAMETRIC_REPRESENTATION_CONTEXT() REPRESENTATION_CONTEXT('2D SPACE',''
  ) );
#10420 = PCURVE('',#9399,#10421);
#10421 = DEFINITIONAL_REPRESENTATION('',(#10422),#10426);
#10422 = LINE('',#10423,#10424);
#10423 = CARTESIAN_POINT('',(6.28318530718,0.));
#10424 = VECTOR('',#10425,1.);
#10425 = DIRECTION('',(-1.,0.));
#10426 = ( GEOMETRIC_REPRESENTATION_CONTEXT(2) 
PARAMETRIC_REPRESENTATION_CONTEXT() REPRESENTATION_CONTEXT('2D SPACE',''
  ) );
#10427 = ORIENTED_EDGE('',*,*,#10428,.T.);
#10428 = EDGE_CURVE('',#10405,#10429,#10431,.T.);
#10429 = VERTEX_POINT('',#10430);
#10430 = CARTESIAN_POINT('',(-4.937403539273,-3.547415279921,
    -2.985363855874E-04));
#10431 = SURFACE_CURVE('',#10432,(#10437,#10448),.PCURVE_S1.);
#10432 = CIRCLE('',#10433,1.389);
#10433 = AXIS2_PLACEMENT_3D('',#10434,#10435,#10436);
#10434 = CARTESIAN_POINT('',(-3.548403571721,-3.547714973642,
    -2.805202592846E-04));
#10435 = DIRECTION('',(1.296752066396E-05,-1.414950665963E-05,
    -0.999999999816));
#10436 = DIRECTION('',(-0.999999976639,2.157622180403E-04,
    -1.297057329236E-05));
#10437 = PCURVE('',#10270,#10438);
#10438 = DEFINITIONAL_REPRESENTATION('',(#10439),#10447);
#10439 = ( BOUNDED_CURVE() B_SPLINE_CURVE(2,(#10440,#10441,#10442,#10443
    ,#10444,#10445,#10446),.UNSPECIFIED.,.T.,.F.) 
B_SPLINE_CURVE_WITH_KNOTS((1,2,2,2,2,1),(-2.094395102393,0.,
    2.094395102393,4.188790204786,6.28318530718,8.377580409573),
.UNSPECIFIED.) CURVE() GEOMETRIC_REPRESENTATION_ITEM() 
RATIONAL_B_SPLINE_CURVE((1.,0.5,1.,0.5,1.,0.5,1.)) REPRESENTATION_ITEM(
  '') );
#10440 = CARTESIAN_POINT('',(3.549322488166,-4.938322488166));
#10441 = CARTESIAN_POINT('',(1.143503916453,-4.938322488166));
#10442 = CARTESIAN_POINT('',(2.346413202309,-2.854822488166));
#10443 = CARTESIAN_POINT('',(3.549322488166,-0.771322488166));
#10444 = CARTESIAN_POINT('',(4.752231774023,-2.854822488166));
#10445 = CARTESIAN_POINT('',(5.955141059879,-4.938322488166));
#10446 = CARTESIAN_POINT('',(3.549322488166,-4.938322488166));
#10447 = ( GEOMETRIC_REPRESENTATION_CONTEXT(2) 
PARAMETRIC_REPRESENTATION_CONTEXT() REPRESENTATION_CONTEXT('2D SPACE',''
  ) );
#10448 = PCURVE('',#9366,#10449);
#10449 = DEFINITIONAL_REPRESENTATION('',(#10450),#10454);
#10450 = LINE('',#10451,#10452);
#10451 = CARTESIAN_POINT('',(0.,2.0000001));
#10452 = VECTOR('',#10453,1.);
#10453 = DIRECTION('',(1.,0.));
#10454 = ( GEOMETRIC_REPRESENTATION_CONTEXT(2) 
PARAMETRIC_REPRESENTATION_CONTEXT() REPRESENTATION_CONTEXT('2D SPACE',''
  ) );
#10455 = ORIENTED_EDGE('',*,*,#10456,.T.);
#10456 = EDGE_CURVE('',#10429,#10210,#10457,.T.);
#10457 = SURFACE_CURVE('',#10458,(#10463,#10474),.PCURVE_S1.);
#10458 = CIRCLE('',#10459,1.389);
#10459 = AXIS2_PLACEMENT_3D('',#10460,#10461,#10462);
#10460 = CARTESIAN_POINT('',(-3.548403571721,-3.547714973642,
    -2.805202592846E-04));
#10461 = DIRECTION('',(1.296752066396E-05,-1.414950665963E-05,
    -0.999999999816));
#10462 = DIRECTION('',(-0.999999976639,2.157622180403E-04,
    -1.297057329236E-05));
#10463 = PCURVE('',#10270,#10464);
#10464 = DEFINITIONAL_REPRESENTATION('',(#10465),#10473);
#10465 = ( BOUNDED_CURVE() B_SPLINE_CURVE(2,(#10466,#10467,#10468,#10469
    ,#10470,#10471,#10472),.UNSPECIFIED.,.T.,.F.) 
B_SPLINE_CURVE_WITH_KNOTS((1,2,2,2,2,1),(-2.094395102393,0.,
    2.094395102393,4.188790204786,6.28318530718,8.377580409573),
.UNSPECIFIED.) CURVE() GEOMETRIC_REPRESENTATION_ITEM() 
RATIONAL_B_SPLINE_CURVE((1.,0.5,1.,0.5,1.,0.5,1.)) REPRESENTATION_ITEM(
  '') );
#10466 = CARTESIAN_POINT('',(3.549322488166,-4.938322488166));
#10467 = CARTESIAN_POINT('',(1.143503916453,-4.938322488166));
#10468 = CARTESIAN_POINT('',(2.346413202309,-2.854822488166));
#10469 = CARTESIAN_POINT('',(3.549322488166,-0.771322488166));
#10470 = CARTESIAN_POINT('',(4.752231774023,-2.854822488166));
#10471 = CARTESIAN_POINT('',(5.955141059879,-4.938322488166));
#10472 = CARTESIAN_POINT('',(3.549322488166,-4.938322488166));
#10473 = ( GEOMETRIC_REPRESENTATION_CONTEXT(2) 
PARAMETRIC_REPRESENTATION_CONTEXT() REPRESENTATION_CONTEXT('2D SPACE',''
  ) );
#10474 = PCURVE('',#9366,#10475);
#10475 = DEFINITIONAL_REPRESENTATION('',(#10476),#10480);
#10476 = LINE('',#10477,#10478);
#10477 = CARTESIAN_POINT('',(0.,2.0000001));
#10478 = VECTOR('',#10479,1.);
#10479 = DIRECTION('',(1.,0.));
#10480 = ( GEOMETRIC_REPRESENTATION_CONTEXT(2) 
PARAMETRIC_REPRESENTATION_CONTEXT() REPRESENTATION_CONTEXT('2D SPACE',''
  ) );
#10481 = ORIENTED_EDGE('',*,*,#10253,.T.);
#10482 = ORIENTED_EDGE('',*,*,#10483,.T.);
#10483 = EDGE_CURVE('',#10254,#10375,#10484,.T.);
#10484 = SURFACE_CURVE('',#10485,(#10490,#10501),.PCURVE_S1.);
#10485 = CIRCLE('',#10486,1.389);
#10486 = AXIS2_PLACEMENT_3D('',#10487,#10488,#10489);
#10487 = CARTESIAN_POINT('',(-3.546871951034,3.550929836746,
    -3.809427199979E-04));
#10488 = DIRECTION('',(1.296752066396E-05,-1.414950665963E-05,
    -0.999999999816));
#10489 = DIRECTION('',(-0.999999976639,2.157622180403E-04,
    -1.297057329236E-05));
#10490 = PCURVE('',#10270,#10491);
#10491 = DEFINITIONAL_REPRESENTATION('',(#10492),#10500);
#10492 = ( BOUNDED_CURVE() B_SPLINE_CURVE(2,(#10493,#10494,#10495,#10496
    ,#10497,#10498,#10499),.UNSPECIFIED.,.T.,.F.) 
B_SPLINE_CURVE_WITH_KNOTS((1,2,2,2,2,1),(-2.094395102393,0.,
    2.094395102393,4.188790204786,6.28318530718,8.377580409573),
.UNSPECIFIED.) CURVE() GEOMETRIC_REPRESENTATION_ITEM() 
RATIONAL_B_SPLINE_CURVE((1.,0.5,1.,0.5,1.,0.5,1.)) REPRESENTATION_ITEM(
  '') );
#10493 = CARTESIAN_POINT('',(-3.549322488166,-4.938322488166));
#10494 = CARTESIAN_POINT('',(-5.955141059879,-4.938322488166));
#10495 = CARTESIAN_POINT('',(-4.752231774023,-2.854822488166));
#10496 = CARTESIAN_POINT('',(-3.549322488166,-0.771322488166));
#10497 = CARTESIAN_POINT('',(-2.346413202309,-2.854822488166));
#10498 = CARTESIAN_POINT('',(-1.143503916453,-4.938322488166));
#10499 = CARTESIAN_POINT('',(-3.549322488166,-4.938322488166));
#10500 = ( GEOMETRIC_REPRESENTATION_CONTEXT(2) 
PARAMETRIC_REPRESENTATION_CONTEXT() REPRESENTATION_CONTEXT('2D SPACE',''
  ) );
#10501 = PCURVE('',#9432,#10502);
#10502 = DEFINITIONAL_REPRESENTATION('',(#10503),#10507);
#10503 = LINE('',#10504,#10505);
#10504 = CARTESIAN_POINT('',(0.,2.0000001));
#10505 = VECTOR('',#10506,1.);
#10506 = DIRECTION('',(1.,0.));
#10507 = ( GEOMETRIC_REPRESENTATION_CONTEXT(2) 
PARAMETRIC_REPRESENTATION_CONTEXT() REPRESENTATION_CONTEXT('2D SPACE',''
  ) );
#10508 = ADVANCED_FACE('',(#10509),#10193,.T.);
#10509 = FACE_BOUND('',#10510,.T.);
#10510 = EDGE_LOOP('',(#10511,#10537,#10565,#10591,#10592));
#10511 = ORIENTED_EDGE('',*,*,#10512,.T.);
#10512 = EDGE_CURVE('',#10513,#10515,#10517,.T.);
#10513 = VERTEX_POINT('',#10514);
#10514 = CARTESIAN_POINT('',(-4.323277680779,-4.700490370271,
    -2.74257252153E-04));
#10515 = VERTEX_POINT('',#10516);
#10516 = CARTESIAN_POINT('',(4.324617824528,-4.70235625943,
    -1.620890870555E-04));
#10517 = SURFACE_CURVE('',#10518,(#10523,#10530),.PCURVE_S1.);
#10518 = CIRCLE('',#10519,6.3881);
#10519 = AXIS2_PLACEMENT_3D('',#10520,#10521,#10522);
#10520 = CARTESIAN_POINT('',(1.684643873495E-03,8.416218593896E-04,
    -2.846947421702E-04));
#10521 = DIRECTION('',(-1.296752066396E-05,1.414950665963E-05,
    0.999999999816));
#10522 = DIRECTION('',(0.999999976639,-2.157622180403E-04,
    1.297057329236E-05));
#10523 = PCURVE('',#10193,#10524);
#10524 = DEFINITIONAL_REPRESENTATION('',(#10525),#10529);
#10525 = CIRCLE('',#10526,6.3881);
#10526 = AXIS2_PLACEMENT_2D('',#10527,#10528);
#10527 = CARTESIAN_POINT('',(0.,0.));
#10528 = DIRECTION('',(3.459925896308E-20,1.));
#10529 = ( GEOMETRIC_REPRESENTATION_CONTEXT(2) 
PARAMETRIC_REPRESENTATION_CONTEXT() REPRESENTATION_CONTEXT('2D SPACE',''
  ) );
#10530 = PCURVE('',#9333,#10531);
#10531 = DEFINITIONAL_REPRESENTATION('',(#10532),#10536);
#10532 = LINE('',#10533,#10534);
#10533 = CARTESIAN_POINT('',(6.28318530718,0.));
#10534 = VECTOR('',#10535,1.);
#10535 = DIRECTION('',(-1.,0.));
#10536 = ( GEOMETRIC_REPRESENTATION_CONTEXT(2) 
PARAMETRIC_REPRESENTATION_CONTEXT() REPRESENTATION_CONTEXT('2D SPACE',''
  ) );
#10537 = ORIENTED_EDGE('',*,*,#10538,.T.);
#10538 = EDGE_CURVE('',#10515,#10539,#10541,.T.);
#10539 = VERTEX_POINT('',#10540);
#10540 = CARTESIAN_POINT('',(2.161241271229,-3.548946899307,
    -2.064628906453E-04));
#10541 = SURFACE_CURVE('',#10542,(#10547,#10558),.PCURVE_S1.);
#10542 = CIRCLE('',#10543,1.389);
#10543 = AXIS2_PLACEMENT_3D('',#10544,#10545,#10546);
#10544 = CARTESIAN_POINT('',(3.550241238781,-3.549246593027,
    -1.884467643425E-04));
#10545 = DIRECTION('',(1.296752066396E-05,-1.414950665963E-05,
    -0.999999999816));
#10546 = DIRECTION('',(-0.999999976639,2.157622180403E-04,
    -1.297057329236E-05));
#10547 = PCURVE('',#10193,#10548);
#10548 = DEFINITIONAL_REPRESENTATION('',(#10549),#10557);
#10549 = ( BOUNDED_CURVE() B_SPLINE_CURVE(2,(#10550,#10551,#10552,#10553
    ,#10554,#10555,#10556),.UNSPECIFIED.,.T.,.F.) 
B_SPLINE_CURVE_WITH_KNOTS((1,2,2,2,2,1),(-2.094395102393,0.,
    2.094395102393,4.188790204786,6.28318530718,8.377580409573),
.UNSPECIFIED.) CURVE() GEOMETRIC_REPRESENTATION_ITEM() 
RATIONAL_B_SPLINE_CURVE((1.,0.5,1.,0.5,1.,0.5,1.)) REPRESENTATION_ITEM(
  '') );
#10550 = CARTESIAN_POINT('',(3.549322488166,2.160322488166));
#10551 = CARTESIAN_POINT('',(1.143503916453,2.160322488166));
#10552 = CARTESIAN_POINT('',(2.346413202309,4.243822488166));
#10553 = CARTESIAN_POINT('',(3.549322488166,6.327322488166));
#10554 = CARTESIAN_POINT('',(4.752231774023,4.243822488166));
#10555 = CARTESIAN_POINT('',(5.955141059879,2.160322488166));
#10556 = CARTESIAN_POINT('',(3.549322488166,2.160322488166));
#10557 = ( GEOMETRIC_REPRESENTATION_CONTEXT(2) 
PARAMETRIC_REPRESENTATION_CONTEXT() REPRESENTATION_CONTEXT('2D SPACE',''
  ) );
#10558 = PCURVE('',#9300,#10559);
#10559 = DEFINITIONAL_REPRESENTATION('',(#10560),#10564);
#10560 = LINE('',#10561,#10562);
#10561 = CARTESIAN_POINT('',(0.,2.0000001));
#10562 = VECTOR('',#10563,1.);
#10563 = DIRECTION('',(1.,0.));
#10564 = ( GEOMETRIC_REPRESENTATION_CONTEXT(2) 
PARAMETRIC_REPRESENTATION_CONTEXT() REPRESENTATION_CONTEXT('2D SPACE',''
  ) );
#10565 = ORIENTED_EDGE('',*,*,#10566,.T.);
#10566 = EDGE_CURVE('',#10539,#10133,#10567,.T.);
#10567 = SURFACE_CURVE('',#10568,(#10573,#10584),.PCURVE_S1.);
#10568 = CIRCLE('',#10569,1.389);
#10569 = AXIS2_PLACEMENT_3D('',#10570,#10571,#10572);
#10570 = CARTESIAN_POINT('',(3.550241238781,-3.549246593027,
    -1.884467643425E-04));
#10571 = DIRECTION('',(1.296752066396E-05,-1.414950665963E-05,
    -0.999999999816));
#10572 = DIRECTION('',(-0.999999976639,2.157622180403E-04,
    -1.297057329236E-05));
#10573 = PCURVE('',#10193,#10574);
#10574 = DEFINITIONAL_REPRESENTATION('',(#10575),#10583);
#10575 = ( BOUNDED_CURVE() B_SPLINE_CURVE(2,(#10576,#10577,#10578,#10579
    ,#10580,#10581,#10582),.UNSPECIFIED.,.T.,.F.) 
B_SPLINE_CURVE_WITH_KNOTS((1,2,2,2,2,1),(-2.094395102393,0.,
    2.094395102393,4.188790204786,6.28318530718,8.377580409573),
.UNSPECIFIED.) CURVE() GEOMETRIC_REPRESENTATION_ITEM() 
RATIONAL_B_SPLINE_CURVE((1.,0.5,1.,0.5,1.,0.5,1.)) REPRESENTATION_ITEM(
  '') );
#10576 = CARTESIAN_POINT('',(3.549322488166,2.160322488166));
#10577 = CARTESIAN_POINT('',(1.143503916453,2.160322488166));
#10578 = CARTESIAN_POINT('',(2.346413202309,4.243822488166));
#10579 = CARTESIAN_POINT('',(3.549322488166,6.327322488166));
#10580 = CARTESIAN_POINT('',(4.752231774023,4.243822488166));
#10581 = CARTESIAN_POINT('',(5.955141059879,2.160322488166));
#10582 = CARTESIAN_POINT('',(3.549322488166,2.160322488166));
#10583 = ( GEOMETRIC_REPRESENTATION_CONTEXT(2) 
PARAMETRIC_REPRESENTATION_CONTEXT() REPRESENTATION_CONTEXT('2D SPACE',''
  ) );
#10584 = PCURVE('',#9300,#10585);
#10585 = DEFINITIONAL_REPRESENTATION('',(#10586),#10590);
#10586 = LINE('',#10587,#10588);
#10587 = CARTESIAN_POINT('',(0.,2.0000001));
#10588 = VECTOR('',#10589,1.);
#10589 = DIRECTION('',(1.,0.));
#10590 = ( GEOMETRIC_REPRESENTATION_CONTEXT(2) 
PARAMETRIC_REPRESENTATION_CONTEXT() REPRESENTATION_CONTEXT('2D SPACE',''
  ) );
#10591 = ORIENTED_EDGE('',*,*,#10176,.T.);
#10592 = ORIENTED_EDGE('',*,*,#10593,.T.);
#10593 = EDGE_CURVE('',#10177,#10513,#10594,.T.);
#10594 = SURFACE_CURVE('',#10595,(#10600,#10611),.PCURVE_S1.);
#10595 = CIRCLE('',#10596,1.389);
#10596 = AXIS2_PLACEMENT_3D('',#10597,#10598,#10599);
#10597 = CARTESIAN_POINT('',(-3.548403571721,-3.547714973642,
    -2.805202592846E-04));
#10598 = DIRECTION('',(1.296752066396E-05,-1.414950665963E-05,
    -0.999999999816));
#10599 = DIRECTION('',(-0.999999976639,2.157622180403E-04,
    -1.297057329236E-05));
#10600 = PCURVE('',#10193,#10601);
#10601 = DEFINITIONAL_REPRESENTATION('',(#10602),#10610);
#10602 = ( BOUNDED_CURVE() B_SPLINE_CURVE(2,(#10603,#10604,#10605,#10606
    ,#10607,#10608,#10609),.UNSPECIFIED.,.T.,.F.) 
B_SPLINE_CURVE_WITH_KNOTS((1,2,2,2,2,1),(-2.094395102393,0.,
    2.094395102393,4.188790204786,6.28318530718,8.377580409573),
.UNSPECIFIED.) CURVE() GEOMETRIC_REPRESENTATION_ITEM() 
RATIONAL_B_SPLINE_CURVE((1.,0.5,1.,0.5,1.,0.5,1.)) REPRESENTATION_ITEM(
  '') );
#10603 = CARTESIAN_POINT('',(3.549322488166,-4.938322488166));
#10604 = CARTESIAN_POINT('',(1.143503916453,-4.938322488166));
#10605 = CARTESIAN_POINT('',(2.346413202309,-2.854822488166));
#10606 = CARTESIAN_POINT('',(3.549322488166,-0.771322488166));
#10607 = CARTESIAN_POINT('',(4.752231774023,-2.854822488166));
#10608 = CARTESIAN_POINT('',(5.955141059879,-4.938322488166));
#10609 = CARTESIAN_POINT('',(3.549322488166,-4.938322488166));
#10610 = ( GEOMETRIC_REPRESENTATION_CONTEXT(2) 
PARAMETRIC_REPRESENTATION_CONTEXT() REPRESENTATION_CONTEXT('2D SPACE',''
  ) );
#10611 = PCURVE('',#9366,#10612);
#10612 = DEFINITIONAL_REPRESENTATION('',(#10613),#10617);
#10613 = LINE('',#10614,#10615);
#10614 = CARTESIAN_POINT('',(0.,2.0000001));
#10615 = VECTOR('',#10616,1.);
#10616 = DIRECTION('',(1.,0.));
#10617 = ( GEOMETRIC_REPRESENTATION_CONTEXT(2) 
PARAMETRIC_REPRESENTATION_CONTEXT() REPRESENTATION_CONTEXT('2D SPACE',''
  ) );
#10618 = ADVANCED_FACE('',(#10619,#10691),#10099,.F.);
#10619 = FACE_BOUND('',#10620,.F.);
#10620 = EDGE_LOOP('',(#10621,#10622,#10644,#10668,#10690));
#10621 = ORIENTED_EDGE('',*,*,#10082,.T.);
#10622 = ORIENTED_EDGE('',*,*,#10623,.T.);
#10623 = EDGE_CURVE('',#10083,#10624,#10626,.T.);
#10624 = VERTEX_POINT('',#10625);
#10625 = CARTESIAN_POINT('',(3.17686383206,-3.902525547557E-05,
    -13.82419351062));
#10626 = SEAM_CURVE('',#10627,(#10630,#10637),.PCURVE_S1.);
#10627 = B_SPLINE_CURVE_WITH_KNOTS('',1,(#10628,#10629),.UNSPECIFIED.,
  .F.,.F.,(2,2),(-13.82395,-0.47625),.PIECEWISE_BEZIER_KNOTS.);
#10628 = CARTESIAN_POINT('',(3.176690745485,1.498381145651E-04,
    -0.476493513084));
#10629 = CARTESIAN_POINT('',(3.17686383206,-3.902525547557E-05,
    -13.82419351062));
#10630 = PCURVE('',#10099,#10631);
#10631 = DEFINITIONAL_REPRESENTATION('',(#10632),#10636);
#10632 = LINE('',#10633,#10634);
#10633 = CARTESIAN_POINT('',(6.28318530718,0.));
#10634 = VECTOR('',#10635,1.);
#10635 = DIRECTION('',(0.,1.));
#10636 = ( GEOMETRIC_REPRESENTATION_CONTEXT(2) 
PARAMETRIC_REPRESENTATION_CONTEXT() REPRESENTATION_CONTEXT('2D SPACE',''
  ) );
#10637 = PCURVE('',#10099,#10638);
#10638 = DEFINITIONAL_REPRESENTATION('',(#10639),#10643);
#10639 = LINE('',#10640,#10641);
#10640 = CARTESIAN_POINT('',(4.138911435803E-13,0.));
#10641 = VECTOR('',#10642,1.);
#10642 = DIRECTION('',(0.,1.));
#10643 = ( GEOMETRIC_REPRESENTATION_CONTEXT(2) 
PARAMETRIC_REPRESENTATION_CONTEXT() REPRESENTATION_CONTEXT('2D SPACE',''
  ) );
#10644 = ORIENTED_EDGE('',*,*,#10645,.F.);
#10645 = EDGE_CURVE('',#10646,#10624,#10648,.T.);
#10646 = VERTEX_POINT('',#10647);
#10647 = CARTESIAN_POINT('',(-3.173136019598,1.331064829079E-03,
    -13.82427587376));
#10648 = SURFACE_CURVE('',#10649,(#10654,#10661),.PCURVE_S1.);
#10649 = CIRCLE('',#10650,3.175);
#10650 = AXIS2_PLACEMENT_3D('',#10651,#10652,#10653);
#10651 = CARTESIAN_POINT('',(1.863906230777E-03,6.460197868023E-04,
    -13.82423469219));
#10652 = DIRECTION('',(1.296752066396E-05,-1.414950665963E-05,
    -0.999999999816));
#10653 = DIRECTION('',(0.999999976639,-2.157622180403E-04,
    1.297057329236E-05));
#10654 = PCURVE('',#10099,#10655);
#10655 = DEFINITIONAL_REPRESENTATION('',(#10656),#10660);
#10656 = LINE('',#10657,#10658);
#10657 = CARTESIAN_POINT('',(0.,-0.47625));
#10658 = VECTOR('',#10659,1.);
#10659 = DIRECTION('',(1.,0.));
#10660 = ( GEOMETRIC_REPRESENTATION_CONTEXT(2) 
PARAMETRIC_REPRESENTATION_CONTEXT() REPRESENTATION_CONTEXT('2D SPACE',''
  ) );
#10661 = PCURVE('',#9830,#10662);
#10662 = DEFINITIONAL_REPRESENTATION('',(#10663),#10667);
#10663 = LINE('',#10664,#10665);
#10664 = CARTESIAN_POINT('',(-3.14159265359,-0.238124999999));
#10665 = VECTOR('',#10666,1.);
#10666 = DIRECTION('',(1.,0.));
#10667 = ( GEOMETRIC_REPRESENTATION_CONTEXT(2) 
PARAMETRIC_REPRESENTATION_CONTEXT() REPRESENTATION_CONTEXT('2D SPACE',''
  ) );
#10668 = ORIENTED_EDGE('',*,*,#10669,.F.);
#10669 = EDGE_CURVE('',#10624,#10646,#10670,.T.);
#10670 = SURFACE_CURVE('',#10671,(#10676,#10683),.PCURVE_S1.);
#10671 = CIRCLE('',#10672,3.175);
#10672 = AXIS2_PLACEMENT_3D('',#10673,#10674,#10675);
#10673 = CARTESIAN_POINT('',(1.863906230777E-03,6.460197868023E-04,
    -13.82423469219));
#10674 = DIRECTION('',(1.296752066396E-05,-1.414950665963E-05,
    -0.999999999816));
#10675 = DIRECTION('',(0.999999976639,-2.157622180403E-04,
    1.297057329236E-05));
#10676 = PCURVE('',#10099,#10677);
#10677 = DEFINITIONAL_REPRESENTATION('',(#10678),#10682);
#10678 = LINE('',#10679,#10680);
#10679 = CARTESIAN_POINT('',(0.,-0.47625));
#10680 = VECTOR('',#10681,1.);
#10681 = DIRECTION('',(1.,0.));
#10682 = ( GEOMETRIC_REPRESENTATION_CONTEXT(2) 
PARAMETRIC_REPRESENTATION_CONTEXT() REPRESENTATION_CONTEXT('2D SPACE',''
  ) );
#10683 = PCURVE('',#9830,#10684);
#10684 = DEFINITIONAL_REPRESENTATION('',(#10685),#10689);
#10685 = LINE('',#10686,#10687);
#10686 = CARTESIAN_POINT('',(3.14159265359,-0.238124999999));
#10687 = VECTOR('',#10688,1.);
#10688 = DIRECTION('',(1.,0.));
#10689 = ( GEOMETRIC_REPRESENTATION_CONTEXT(2) 
PARAMETRIC_REPRESENTATION_CONTEXT() REPRESENTATION_CONTEXT('2D SPACE',''
  ) );
#10690 = ORIENTED_EDGE('',*,*,#10623,.F.);
#10691 = FACE_BOUND('',#10692,.F.);
#10692 = EDGE_LOOP('',(#10693));
#10693 = ORIENTED_EDGE('',*,*,#10694,.F.);
#10694 = EDGE_CURVE('',#10695,#10695,#10697,.T.);
#10695 = VERTEX_POINT('',#10696);
#10696 = CARTESIAN_POINT('',(-1.750251374855,2.648573584113,
    -7.150444878427));
#10697 = SURFACE_CURVE('',#10698,(#10807,#11232),.PCURVE_S1.);
#10698 = B_SPLINE_CURVE_WITH_KNOTS('',3,(#10699,#10700,#10701,#10702,
    #10703,#10704,#10705,#10706,#10707,#10708,#10709,#10710,#10711,
    #10712,#10713,#10714,#10715,#10716,#10717,#10718,#10719,#10720,
    #10721,#10722,#10723,#10724,#10725,#10726,#10727,#10728,#10729,
    #10730,#10731,#10732,#10733,#10734,#10735,#10736,#10737,#10738,
    #10739,#10740,#10741,#10742,#10743,#10744,#10745,#10746,#10747,
    #10748,#10749,#10750,#10751,#10752,#10753,#10754,#10755,#10756,
    #10757,#10758,#10759,#10760,#10761,#10762,#10763,#10764,#10765,
    #10766,#10767,#10768,#10769,#10770,#10771,#10772,#10773,#10774,
    #10775,#10776,#10777,#10778,#10779,#10780,#10781,#10782,#10783,
    #10784,#10785,#10786,#10787,#10788,#10789,#10790,#10791,#10792,
    #10793,#10794,#10795,#10796,#10797,#10798,#10799,#10800,#10801,
    #10802,#10803,#10804,#10805,#10806),.UNSPECIFIED.,.T.,.F.,(1,3,1,1,1
    ,1,1,1,1,1,1,1,1,1,1,1,1,1,1,1,1,1,1,1,1,1,1,1,1,1,1,1,1,1,1,1,1,1,1
    ,1,1,1,1,1,1,1,1,1,1,1,1,1,1,2,1,1,1,1,1,1,1,1,1,1,1,1,1,1,1,1,1,1,1
    ,1,1,1,1,1,1,1,1,1,1,1,1,1,1,1,1,1,1,1,1,1,1,1,1,1,1,1,1,1,1,1,1,3,1
    ),(-1.9232319876E-02,0.,1.923076923077E-02,3.846153846154E-02,
    5.769230769231E-02,7.692307692308E-02,9.615384615385E-02,
    0.115384615385,0.134615384615,0.153846153846,0.173076923077,
    0.192307692308,0.211538461539,0.230769230769,0.25,0.269230769231,
    0.288461538462,0.307692307692,0.326923076923,0.346153846154,
    0.365384615385,0.384615384615,0.403846153846,0.423076923077,
    0.442307692308,0.461538461538,0.480769230769,0.5,0.519230769231,
    0.538461538462,0.557692307692,0.576923076923,0.596153846154,
    0.615384615385,0.634615384615,0.653846153846,0.673076923077,
    0.692307692308,0.711538461538,0.730769230769,0.75,0.769230769231,
    0.788461538462,0.807692307692,0.826923076923,0.846153846154,
    0.865384615385,0.884615384615,0.903846153846,0.923076923077,
    0.942307692308,0.961538461538,0.980769230769,1.,1.019232319876,
    1.038464639751,1.057696959627,1.076929279503,1.096161599379,
    1.115393919255,1.13462623913,1.153858559006,1.173090878882,
    1.192323198758,1.211555518634,1.230787838509,1.250020158385,
    1.269252478261,1.288484798137,1.307717118012,1.326949437888,
    1.346181757764,1.36541407764,1.384646397515,1.403878717391,
    1.423111037266,1.442343357142,1.461575677017,1.480807996893,
    1.500040316769,1.519272636645,1.538504956521,1.557737276396,
    1.576969596272,1.596201916148,1.615434236024,1.634666555899,
    1.653898875775,1.673131195651,1.692363515527,1.711595835402,
    1.730828155278,1.750060475154,1.76929279503,1.788525114906,
    1.807757434781,1.826989754657,1.846222074533,1.865454394409,
    1.884686714284,1.90391903416,1.923151354036,1.942383673912,
    1.961615993787,1.980848313663,2.000080633539,2.01931140277),
  .UNSPECIFIED.);
#10699 = CARTESIAN_POINT('',(-1.750251374855,2.648573584113,
    -7.150444878427));
#10700 = CARTESIAN_POINT('',(-1.750251795222,2.648574042796,
    -7.1180279822));
#10701 = CARTESIAN_POINT('',(-1.748456964487,2.649764473504,
    -7.053118764212));
#10702 = CARTESIAN_POINT('',(-1.740290565124,2.655152280682,
    -6.955411713128));
#10703 = CARTESIAN_POINT('',(-1.726581796873,2.664114685401,
    -6.857712234537));
#10704 = CARTESIAN_POINT('',(-1.707094714158,2.676681771981,
    -6.759559134052));
#10705 = CARTESIAN_POINT('',(-1.681634395399,2.692799777802,
    -6.661271709384));
#10706 = CARTESIAN_POINT('',(-1.649908211141,2.712416554251,
    -6.562844806145));
#10707 = CARTESIAN_POINT('',(-1.611594716508,2.735427457194,
    -6.464485418913));
#10708 = CARTESIAN_POINT('',(-1.566591954609,2.761532158105,
    -6.366915978908));
#10709 = CARTESIAN_POINT('',(-1.514594619936,2.790483859254,
    -6.270389285859));
#10710 = CARTESIAN_POINT('',(-1.455835330496,2.82168654279,
    -6.176067347868));
#10711 = CARTESIAN_POINT('',(-1.390306382972,2.854650069454,
    -6.084472763275));
#10712 = CARTESIAN_POINT('',(-1.318626668188,2.888565196292,
    -5.996834024806));
#10713 = CARTESIAN_POINT('',(-1.241330557983,2.922720493383,
    -5.913895992082));
#10714 = CARTESIAN_POINT('',(-1.158908396807,2.956470917666,
    -5.836201186858));
#10715 = CARTESIAN_POINT('',(-1.072233324677,2.989089859187,
    -5.764461232645));
#10716 = CARTESIAN_POINT('',(-0.982127512619,3.019979410964,
    -5.699108707718));
#10717 = CARTESIAN_POINT('',(-0.889369972989,3.048665626924,
    -5.640373474355));
#10718 = CARTESIAN_POINT('',(-0.794190882594,3.074908411924,
    -5.588104277022));
#10719 = CARTESIAN_POINT('',(-0.69742589327,3.09835961867,
    -5.542461699728));
#10720 = CARTESIAN_POINT('',(-0.599081003367,3.118937513733,
    -5.503168505752));
#10721 = CARTESIAN_POINT('',(-0.499645226143,3.136465940676,
    -5.470216211225));
#10722 = CARTESIAN_POINT('',(-0.399708577472,3.150818339572,
    -5.443565130129));
#10723 = CARTESIAN_POINT('',(-0.299677048442,3.161957053204,
    -5.423072301482));
#10724 = CARTESIAN_POINT('',(-0.199308448829,3.169927362223,
    -5.408500454537));
#10725 = CARTESIAN_POINT('',(-9.843171456067E-02,3.174719673132,
    -5.399763185228));
#10726 = CARTESIAN_POINT('',(2.439784340679E-03,3.176299032354,
    -5.396863071398));
#10727 = CARTESIAN_POINT('',(0.103338472717,3.174675245323,
    -5.399762186431));
#10728 = CARTESIAN_POINT('',(0.20421059071,3.169838662942,
    -5.408498194394));
#10729 = CARTESIAN_POINT('',(0.304574802008,3.161824457456,
    -5.42306852239));
#10730 = CARTESIAN_POINT('',(0.404607412281,3.150641075134,
    -5.443561564555));
#10731 = CARTESIAN_POINT('',(0.504530420437,3.13624582957,
    -5.470209623482));
#10732 = CARTESIAN_POINT('',(0.603953707537,3.118674944715,
    -5.503158587328));
#10733 = CARTESIAN_POINT('',(0.702283080626,3.098055844978,
    -5.542446966418));
#10734 = CARTESIAN_POINT('',(0.799037046766,3.074563252533,
    -5.588086360019));
#10735 = CARTESIAN_POINT('',(0.894207609754,3.048278766266,
    -5.640354441434));
#10736 = CARTESIAN_POINT('',(0.986951187033,3.019553286557,
    -5.699085825464));
#10737 = CARTESIAN_POINT('',(1.077044691155,2.988624992462,
    -5.76443579906));
#10738 = CARTESIAN_POINT('',(1.163706755717,2.955968844691,
    -5.836173183379));
#10739 = CARTESIAN_POINT('',(1.246115075459,2.922183319717,
    -5.913864884585));
#10740 = CARTESIAN_POINT('',(1.323397188113,2.887995293716,
    -5.996799396761));
#10741 = CARTESIAN_POINT('',(1.395065457167,2.854048811242,
    -6.084437347024));
#10742 = CARTESIAN_POINT('',(1.460583002489,2.821056744731,
    -6.176031103681));
#10743 = CARTESIAN_POINT('',(1.519330929532,2.789828867599,
    -6.270351131544));
#10744 = CARTESIAN_POINT('',(1.571318817821,2.760854400761,
    -6.366877785891));
#10745 = CARTESIAN_POINT('',(1.616312448993,2.734730485227,
    -6.464445559686));
#10746 = CARTESIAN_POINT('',(1.654619007316,2.711702763393,
    -6.562805596461));
#10747 = CARTESIAN_POINT('',(1.686338785896,2.692072580736,
    -6.66123089342));
#10748 = CARTESIAN_POINT('',(1.711794695652,2.675943581293,
    -6.759518290455));
#10749 = CARTESIAN_POINT('',(1.731278742668,2.663368178742,
    -6.857671324789));
#10750 = CARTESIAN_POINT('',(1.744986027732,2.654399952019,
    -6.955370755811));
#10751 = CARTESIAN_POINT('',(1.75315245771,2.649008736278,
    -7.053079678881));
#10752 = CARTESIAN_POINT('',(1.754948122927,2.647817753033,
    -7.117985130456));
#10753 = CARTESIAN_POINT('',(1.754948963627,2.647816835703,
    -7.182816311168));
#10754 = CARTESIAN_POINT('',(1.753154646249,2.649006204386,
    -7.247725564315));
#10755 = CARTESIAN_POINT('',(1.744990571814,2.654394770732,
    -7.345432768268));
#10756 = CARTESIAN_POINT('',(1.731285671573,2.663360326144,
    -7.443132500543));
#10757 = CARTESIAN_POINT('',(1.711804012788,2.675933043804,
    -7.541285957268));
#10758 = CARTESIAN_POINT('',(1.686350650355,2.692059254463,
    -7.63957384014));
#10759 = CARTESIAN_POINT('',(1.654632931734,2.711686935987,
    -7.738001302788));
#10760 = CARTESIAN_POINT('',(1.61632936825,2.734711587944,
    -7.836361343093));
#10761 = CARTESIAN_POINT('',(1.571337877025,2.76083294421,
    -7.933931515208));
#10762 = CARTESIAN_POINT('',(1.519353043779,2.789804347652,
    -8.030459021124));
#10763 = CARTESIAN_POINT('',(1.460607212541,2.821029721752,
    -8.124781860698));
#10764 = CARTESIAN_POINT('',(1.395092469714,2.854018943484,
    -8.216377409853));
#10765 = CARTESIAN_POINT('',(1.323427405299,2.887962512402,
    -8.304017085249));
#10766 = CARTESIAN_POINT('',(1.246146177386,2.922148756558,
    -8.386955947593));
#10767 = CARTESIAN_POINT('',(1.163738482429,2.95593259372,
    -8.464651821879));
#10768 = CARTESIAN_POINT('',(1.077077484308,2.988586903791,
    -8.536392692227));
#10769 = CARTESIAN_POINT('',(0.986985513542,3.019513318195,
    -8.601745740897));
#10770 = CARTESIAN_POINT('',(0.894240710884,3.048237819127,
    -8.660481645437));
#10771 = CARTESIAN_POINT('',(0.799072507116,3.074520342734,
    -8.712751889478));
#10772 = CARTESIAN_POINT('',(0.702317620511,3.098012021442,
    -8.758395149229));
#10773 = CARTESIAN_POINT('',(0.603982413789,3.118631095911,
    -8.797688654178));
#10774 = CARTESIAN_POINT('',(0.504555431685,3.136201326681,
    -8.830641132284));
#10775 = CARTESIAN_POINT('',(0.404627284073,3.150595889856,
    -8.857292251924));
#10776 = CARTESIAN_POINT('',(0.304600260935,3.161777389993,
    -8.877785775106));
#10777 = CARTESIAN_POINT('',(0.204234722536,3.16979075385,-8.89235813598
    ));
#10778 = CARTESIAN_POINT('',(0.103360188633,3.174626469119,
    -8.901095762805));
#10779 = CARTESIAN_POINT('',(2.485263161536E-03,3.176249408248,
    -8.903996162329));
#10780 = CARTESIAN_POINT('',(-9.841000577561E-02,3.174669374981,
    -8.901097241382));
#10781 = CARTESIAN_POINT('',(-0.199284315929,3.169876690922,
    -8.892361319662));
#10782 = CARTESIAN_POINT('',(-0.299651607517,3.161906361911,
    -8.877791049044));
#10783 = CARTESIAN_POINT('',(-0.399688657995,3.150766936198,
    -8.857298084719));
#10784 = CARTESIAN_POINT('',(-0.499620201193,3.136415357294,
    -8.830649244783));
#10785 = CARTESIAN_POINT('',(-0.599052262381,3.118888143289,
    -8.797699479157));
#10786 = CARTESIAN_POINT('',(-0.697391312447,3.098312446467,
    -8.75841025085));
#10787 = CARTESIAN_POINT('',(-0.794155371293,3.074862912283,
    -8.71277021982));
#10788 = CARTESIAN_POINT('',(-0.889336829566,3.048621122655,
    -8.66050169816));
#10789 = CARTESIAN_POINT('',(-0.982093139178,3.01993725382,
    -8.601769367797));
#10790 = CARTESIAN_POINT('',(-1.07220049947,2.989049517412,
    -8.536418162348));
#10791 = CARTESIAN_POINT('',(-1.158876642483,2.956432797328,
    -8.464679846553));
#10792 = CARTESIAN_POINT('',(-1.241299432552,2.92268508104,
    -8.386987302796));
#10793 = CARTESIAN_POINT('',(-1.318596430227,2.888532694978,
    -8.304051686424));
#10794 = CARTESIAN_POINT('',(-1.39027935122,2.854619615139,
    -8.216412754698));
#10795 = CARTESIAN_POINT('',(-1.455811105054,2.821658426618,
    -8.124818094817));
#10796 = CARTESIAN_POINT('',(-1.514572493707,2.790458576819,
    -8.030497199776));
#10797 = CARTESIAN_POINT('',(-1.566572886332,2.761509274473,
    -7.933969717276));
#10798 = CARTESIAN_POINT('',(-1.611577790348,2.735407535211,
    -7.836401195926));
#10799 = CARTESIAN_POINT('',(-1.649894281914,2.712399128499,
    -7.738040507476));
#10800 = CARTESIAN_POINT('',(-1.681622527699,2.692785420463,
    -7.639614657031));
#10801 = CARTESIAN_POINT('',(-1.707085395092,2.676670187948,
    -7.54132680343));
#10802 = CARTESIAN_POINT('',(-1.726574866987,2.66410597107,
    -7.443173411574));
#10803 = CARTESIAN_POINT('',(-1.740286020698,2.655146424143,
    -7.345473724593));
#10804 = CARTESIAN_POINT('',(-1.748454775954,2.649761497315,
    -7.247764647115));
#10805 = CARTESIAN_POINT('',(-1.750250954523,2.648573125467,
    -7.182859161774));
#10806 = CARTESIAN_POINT('',(-1.750251374855,2.648573584113,
    -7.150444878427));
#10807 = PCURVE('',#10099,#10808);
#10808 = DEFINITIONAL_REPRESENTATION('',(#10809),#11231);
#10809 = B_SPLINE_CURVE_WITH_KNOTS('',3,(#10810,#10811,#10812,#10813,
    #10814,#10815,#10816,#10817,#10818,#10819,#10820,#10821,#10822,
    #10823,#10824,#10825,#10826,#10827,#10828,#10829,#10830,#10831,
    #10832,#10833,#10834,#10835,#10836,#10837,#10838,#10839,#10840,
    #10841,#10842,#10843,#10844,#10845,#10846,#10847,#10848,#10849,
    #10850,#10851,#10852,#10853,#10854,#10855,#10856,#10857,#10858,
    #10859,#10860,#10861,#10862,#10863,#10864,#10865,#10866,#10867,
    #10868,#10869,#10870,#10871,#10872,#10873,#10874,#10875,#10876,
    #10877,#10878,#10879,#10880,#10881,#10882,#10883,#10884,#10885,
    #10886,#10887,#10888,#10889,#10890,#10891,#10892,#10893,#10894,
    #10895,#10896,#10897,#10898,#10899,#10900,#10901,#10902,#10903,
    #10904,#10905,#10906,#10907,#10908,#10909,#10910,#10911,#10912,
    #10913,#10914,#10915,#10916,#10917,#10918,#10919,#10920,#10921,
    #10922,#10923,#10924,#10925,#10926,#10927,#10928,#10929,#10930,
    #10931,#10932,#10933,#10934,#10935,#10936,#10937,#10938,#10939,
    #10940,#10941,#10942,#10943,#10944,#10945,#10946,#10947,#10948,
    #10949,#10950,#10951,#10952,#10953,#10954,#10955,#10956,#10957,
    #10958,#10959,#10960,#10961,#10962,#10963,#10964,#10965,#10966,
    #10967,#10968,#10969,#10970,#10971,#10972,#10973,#10974,#10975,
    #10976,#10977,#10978,#10979,#10980,#10981,#10982,#10983,#10984,
    #10985,#10986,#10987,#10988,#10989,#10990,#10991,#10992,#10993,
    #10994,#10995,#10996,#10997,#10998,#10999,#11000,#11001,#11002,
    #11003,#11004,#11005,#11006,#11007,#11008,#11009,#11010,#11011,
    #11012,#11013,#11014,#11015,#11016,#11017,#11018,#11019,#11020,
    #11021,#11022,#11023,#11024,#11025,#11026,#11027,#11028,#11029,
    #11030,#11031,#11032,#11033,#11034,#11035,#11036,#11037,#11038,
    #11039,#11040,#11041,#11042,#11043,#11044,#11045,#11046,#11047,
    #11048,#11049,#11050,#11051,#11052,#11053,#11054,#11055,#11056,
    #11057,#11058,#11059,#11060,#11061,#11062,#11063,#11064,#11065,
    #11066,#11067,#11068,#11069,#11070,#11071,#11072,#11073,#11074,
    #11075,#11076,#11077,#11078,#11079,#11080,#11081,#11082,#11083,
    #11084,#11085,#11086,#11087,#11088,#11089,#11090,#11091,#11092,
    #11093,#11094,#11095,#11096,#11097,#11098,#11099,#11100,#11101,
    #11102,#11103,#11104,#11105,#11106,#11107,#11108,#11109,#11110,
    #11111,#11112,#11113,#11114,#11115,#11116,#11117,#11118,#11119,
    #11120,#11121,#11122,#11123,#11124,#11125,#11126,#11127,#11128,
    #11129,#11130,#11131,#11132,#11133,#11134,#11135,#11136,#11137,
    #11138,#11139,#11140,#11141,#11142,#11143,#11144,#11145,#11146,
    #11147,#11148,#11149,#11150,#11151,#11152,#11153,#11154,#11155,
    #11156,#11157,#11158,#11159,#11160,#11161,#11162,#11163,#11164,
    #11165,#11166,#11167,#11168,#11169,#11170,#11171,#11172,#11173,
    #11174,#11175,#11176,#11177,#11178,#11179,#11180,#11181,#11182,
    #11183,#11184,#11185,#11186,#11187,#11188,#11189,#11190,#11191,
    #11192,#11193,#11194,#11195,#11196,#11197,#11198,#11199,#11200,
    #11201,#11202,#11203,#11204,#11205,#11206,#11207,#11208,#11209,
    #11210,#11211,#11212,#11213,#11214,#11215,#11216,#11217,#11218,
    #11219,#11220,#11221,#11222,#11223,#11224,#11225,#11226,#11227,
    #11228,#11229,#11230),.UNSPECIFIED.,.T.,.F.,(1,3,1,1,1,1,1,1,1,1,1,1
    ,1,1,1,1,1,1,1,1,1,1,1,1,1,1,1,1,1,1,1,1,1,1,1,1,1,1,1,1,1,1,1,1,1,1
    ,1,1,1,1,1,1,1,1,1,1,1,1,1,1,1,1,1,1,1,1,1,1,1,1,1,1,1,1,1,1,1,1,1,1
    ,1,1,1,1,1,1,1,1,1,1,1,1,1,1,1,1,1,1,1,1,1,1,1,1,1,1,1,1,1,1,1,1,1,1
    ,1,1,1,1,1,1,1,1,1,1,1,1,1,1,1,1,1,1,1,1,1,1,1,1,1,1,1,1,1,1,1,1,1,1
    ,1,1,1,1,1,1,1,1,1,1,1,1,1,1,1,1,1,1,1,1,1,1,1,1,1,1,1,1,1,1,1,1,1,1
    ,1,1,1,1,1,1,1,1,1,1,1,1,1,1,1,1,1,1,1,1,1,1,1,1,1,1,1,1,1,1,1,1,1,1
    ,1,1,1,1,1,1,1,1,1,1,1,1,1,1,1,1,1,1,1,1,1,1,1,1,1,1,1,1,1,1,1,1,1,1
    ,1,1,1,1,1,1,1,1,1,1,1,1,1,1,1,1,1,1,1,1,1,1,1,1,1,1,1,1,1,1,1,1,1,1
    ,1,1,1,1,1,1,1,1,1,1,1,1,1,1,1,1,1,1,1,1,1,1,1,1,1,1,1,1,1,1,1,1,1,1
    ,1,1,1,1,1,1,1,1,1,1,1,1,1,1,1,1,1,1,1,1,1,1,1,1,1,1,1,1,1,1,1,1,1,1
    ,1,1,1,1,1,1,1,1,1,1,1,1,1,1,1,1,1,1,1,1,1,1,1,1,1,1,1,1,1,1,1,1,1,1
    ,1,1,1,1,1,1,1,1,1,1,1,1,1,1,1,1,1,1,1,1,1,1,1,1,1,1,1,1,1,1,1,1,1,3
    ,1),(-4.784881899E-03,0.,4.784881898418E-03,9.569763796836E-03,
    1.435464569525E-02,1.913952759367E-02,2.392440949209E-02,
    2.870929139051E-02,3.349417328893E-02,3.827905518735E-02,
    4.306393708576E-02,4.784881898418E-02,5.26337008826E-02,
    5.741858278102E-02,6.220346467944E-02,6.698834657785E-02,
    7.177322847627E-02,7.655811037469E-02,8.134299227311E-02,
    8.612787417153E-02,9.091275606995E-02,9.569763796836E-02,
    0.100482519867,0.105267401765,0.110052283664,0.114837165562,
    0.11962204746,0.124406929359,0.129191811257,0.133976693156,
    0.138761575054,0.143546456953,0.148331338851,0.153116220749,
    0.157901102648,0.162685984546,0.167470866445,0.172255748343,
    0.177040630241,0.18182551214,0.186610394038,0.191395275937,
    0.196180157835,0.200965039734,0.205749921632,0.21053480353,
    0.215319685429,0.220104567327,0.224889449226,0.229674331124,
    0.234459213022,0.239244094921,0.244028976819,0.248813858718,
    0.253598740616,0.258383622515,0.263168504413,0.267953386311,
    0.27273826821,0.277523150108,0.282308032007,0.287092913905,
    0.291877795804,0.296662677702,0.3014475596,0.306232441499,
    0.311017323397,0.315802205296,0.320587087194,0.325371969092,
    0.330156850991,0.334941732889,0.339726614788,0.344511496686,
    0.349296378585,0.354081260483,0.358866142381,0.36365102428,
    0.368435906178,0.373220788077,0.378005669975,0.382790551873,
    0.387575433772,0.39236031567,0.397145197569,0.401930079467,
    0.406714961366,0.411499843264,0.416284725162,0.421069607061,
    0.425854488959,0.430639370858,0.435424252756,0.440209134654,
    0.444994016553,0.449778898451,0.45456378035,0.459348662248,
    0.464133544147,0.468918426045,0.473703307943,0.478488189842,
    0.48327307174,0.488057953639,0.492842835537,0.497627717435,
    0.502412599334,0.507197481232,0.511982363131,0.516767245029,
    0.521552126928,0.526337008826,0.531121890724,0.535906772623,
    0.540691654521,0.54547653642,0.550261418318,0.555046300217,
    0.559831182115,0.564616064013,0.569400945912,0.57418582781,
    0.578970709709,0.583755591607,0.588540473505,0.593325355404,
    0.598110237302,0.602895119201,0.607680001099,0.612464882998,
    0.617249764896,0.622034646794,0.626819528693,0.631604410591,
    0.63638929249,0.641174174388,0.645959056286,0.650743938185,
    0.655528820083,0.660313701982,0.66509858388,0.669883465779,
    0.674668347677,0.679453229575,0.684238111474,0.689022993372,
    0.693807875271,0.698592757169,0.703377639067,0.708162520966,
    0.712947402864,0.717732284763,0.722517166661,0.72730204856,
    0.732086930458,0.736871812356,0.741656694255,0.746441576153,
    0.751226458052,0.75601133995,0.760796221848,0.765581103747,
    0.770365985645,0.775150867544,0.779935749442,0.784720631341,
    0.789505513239,0.794290395137,0.799075277036,0.803860158934,
    0.808645040833,0.813429922731,0.81821480463,0.822999686528,
    0.827784568426,0.832569450325,0.837354332223,0.842139214122,
    0.84692409602,0.851708977918,0.856493859817,0.861278741715,
    0.866063623614,0.870848505512,0.875633387411,0.880418269309,
    0.885203151207,0.889988033106,0.894772915004,0.899557796903,
    0.904342678801,0.909127560699,0.913912442598,0.918697324496,
    0.923482206395,0.928267088293,0.933051970192,0.93783685209,
    0.942621733988,0.947406615887,0.952191497785,0.956976379684,
    0.961761261582,0.96654614348,0.971331025379,0.976115907277,
    0.980900789176,0.985685671074,0.990470552973,0.995255434871,
    1.000040316769,1.004825198668,1.009610080566,1.014394962465,
    1.019179844363,1.023964726261,1.02874960816,1.033534490058,
    1.038319371957,1.043104253855,1.047889135754,1.052674017652,
    1.05745889955,1.062243781449,1.067028663347,1.071813545246,
    1.076598427144,1.081383309043,1.086168190941,1.090953072839,
    1.095737954738,1.100522836636,1.105307718535,1.110092600433,
    1.114877482331,1.11966236423,1.124447246128,1.129232128027,
    1.134017009925,1.138801891824,1.143586773722,1.14837165562,
    1.153156537519,1.157941419417,1.162726301316,1.167511183214,
    1.172296065112,1.177080947011,1.181865828909,1.186650710808,
    1.191435592706,1.196220474605,1.201005356503,1.205790238401,
    1.2105751203,1.215360002198,1.220144884097,1.224929765995,
    1.229714647893,1.234499529792,1.23928441169,1.244069293589,
    1.248854175487,1.253639057386,1.258423939284,1.263208821182,
    1.267993703081,1.272778584979,1.277563466878,1.282348348776,
    1.287133230674,1.291918112573,1.296702994471,1.30148787637,
    1.306272758268,1.311057640167,1.315842522065,1.320627403963,
    1.325412285862,1.33019716776,1.334982049659,1.339766931557,
    1.344551813456,1.349336695354,1.354121577252,1.358906459151,
    1.363691341049,1.368476222948,1.373261104846,1.378045986744,
    1.382830868643,1.387615750541,1.39240063244,1.397185514338,
    1.401970396237,1.406755278135,1.411540160033,1.416325041932,
    1.42110992383,1.425894805729,1.430679687627,1.435464569525,
    1.440249451424,1.445034333322,1.449819215221,1.454604097119,
    1.459388979018,1.464173860916,1.468958742814,1.473743624713,
    1.478528506611,1.48331338851,1.488098270408,1.492883152306,
    1.497668034205,1.502452916103,1.507237798002,1.5120226799,
    1.516807561799,1.521592443697,1.526377325595,1.531162207494,
    1.535947089392,1.540731971291,1.545516853189,1.550301735087,
    1.555086616986,1.559871498884,1.564656380783,1.569441262681,
    1.57422614458,1.579011026478,1.583795908376,1.588580790275,
    1.593365672173,1.598150554072,1.60293543597,1.607720317869,
    1.612505199767,1.617290081665,1.622074963564,1.626859845462,
    1.631644727361,1.636429609259,1.641214491157,1.645999373056,
    1.650784254954,1.655569136853,1.660354018751,1.66513890065,
    1.669923782548,1.674708664446,1.679493546345,1.684278428243,
    1.689063310142,1.69384819204,1.698633073938,1.703417955837,
    1.708202837735,1.712987719634,1.717772601532,1.722557483431,
    1.727342365329,1.732127247227,1.736912129126,1.741697011024,
    1.746481892923,1.751266774821,1.756051656719,1.760836538618,
    1.765621420516,1.770406302415,1.775191184313,1.779976066212,
    1.78476094811,1.789545830008,1.794330711907,1.799115593805,
    1.803900475704,1.808685357602,1.8134702395,1.818255121399,
    1.823040003297,1.827824885196,1.832609767094,1.837394648993,
    1.842179530891,1.846964412789,1.851749294688,1.856534176586,
    1.861319058485,1.866103940383,1.870888822282,1.87567370418,
    1.880458586078,1.885243467977,1.890028349875,1.894813231774,
    1.899598113672,1.90438299557,1.909167877469,1.913952759367,
    1.918737641266,1.923522523164,1.928307405063,1.933092286961,
    1.937877168859,1.942662050758,1.947446932656,1.952231814555,
    1.957016696453,1.961801578351,1.96658646025,1.971371342148,
    1.976156224047,1.980941105945,1.985725987844,1.990510869742,
    1.99529575164,2.000080633539,2.004865515437),.UNSPECIFIED.);
#10810 = CARTESIAN_POINT('',(4.127628111552,-7.1501));
#10811 = CARTESIAN_POINT('',(4.127628111555,-7.158165773039));
#10812 = CARTESIAN_POINT('',(4.127670110202,-7.174301988412));
#10813 = CARTESIAN_POINT('',(4.127859546637,-7.198522118743));
#10814 = CARTESIAN_POINT('',(4.128175864323,-7.222759863812));
#10815 = CARTESIAN_POINT('',(4.128619505224,-7.247017002812));
#10816 = CARTESIAN_POINT('',(4.129190914748,-7.27129541996));
#10817 = CARTESIAN_POINT('',(4.129890298953,-7.295589807028));
#10818 = CARTESIAN_POINT('',(4.130717858844,-7.319894716207));
#10819 = CARTESIAN_POINT('',(4.131673803313,-7.344204825603));
#10820 = CARTESIAN_POINT('',(4.132758317538,-7.368514449187));
#10821 = CARTESIAN_POINT('',(4.133972418486,-7.392830362023));
#10822 = CARTESIAN_POINT('',(4.135317152794,-7.417159782287));
#10823 = CARTESIAN_POINT('',(4.136793556879,-7.441509685744));
#10824 = CARTESIAN_POINT('',(4.138402686295,-7.465887575382));
#10825 = CARTESIAN_POINT('',(4.140145212676,-7.490289012761));
#10826 = CARTESIAN_POINT('',(4.14202178945,-7.514708937488));
#10827 = CARTESIAN_POINT('',(4.144033083711,-7.539142521414));
#10828 = CARTESIAN_POINT('',(4.146179742079,-7.56358462712));
#10829 = CARTESIAN_POINT('',(4.148462813791,-7.588035061155));
#10830 = CARTESIAN_POINT('',(4.150883380659,-7.61249398658));
#10831 = CARTESIAN_POINT('',(4.153442521328,-7.636961418345));
#10832 = CARTESIAN_POINT('',(4.156141322341,-7.661437609542));
#10833 = CARTESIAN_POINT('',(4.158980857195,-7.685919589364));
#10834 = CARTESIAN_POINT('',(4.161962213163,-7.710404142643));
#10835 = CARTESIAN_POINT('',(4.16508645733,-7.734887972336));
#10836 = CARTESIAN_POINT('',(4.168354768068,-7.759368350426));
#10837 = CARTESIAN_POINT('',(4.171766968286,-7.783834840325));
#10838 = CARTESIAN_POINT('',(4.175322733582,-7.808276100199));
#10839 = CARTESIAN_POINT('',(4.179021811968,-7.832681176871));
#10840 = CARTESIAN_POINT('',(4.182863870073,-7.857038455891));
#10841 = CARTESIAN_POINT('',(4.186849530077,-7.881343285917));
#10842 = CARTESIAN_POINT('',(4.190979575753,-7.905592038759));
#10843 = CARTESIAN_POINT('',(4.195254695705,-7.929780496386));
#10844 = CARTESIAN_POINT('',(4.19967588785,-7.953905794191));
#10845 = CARTESIAN_POINT('',(4.204241205113,-7.977951720006));
#10846 = CARTESIAN_POINT('',(4.20894824178,-8.001899884437));
#10847 = CARTESIAN_POINT('',(4.213794766363,-8.025732711441));
#10848 = CARTESIAN_POINT('',(4.218778408373,-8.049431499072));
#10849 = CARTESIAN_POINT('',(4.223898014493,-8.072986834414));
#10850 = CARTESIAN_POINT('',(4.229152696718,-8.096391080049));
#10851 = CARTESIAN_POINT('',(4.23454143522,-8.119635848588));
#10852 = CARTESIAN_POINT('',(4.240063611569,-8.142714026822));
#10853 = CARTESIAN_POINT('',(4.245715459814,-8.165608390964));
#10854 = CARTESIAN_POINT('',(4.251492566377,-8.188299538238));
#10855 = CARTESIAN_POINT('',(4.257390731958,-8.210768838964));
#10856 = CARTESIAN_POINT('',(4.263405672404,-8.23299667467));
#10857 = CARTESIAN_POINT('',(4.269533669841,-8.254970285366));
#10858 = CARTESIAN_POINT('',(4.275771149522,-8.276678504449));
#10859 = CARTESIAN_POINT('',(4.28211453981,-8.298109847925));
#10860 = CARTESIAN_POINT('',(4.288560266161,-8.319252576734));
#10861 = CARTESIAN_POINT('',(4.295105068518,-8.340097718896));
#10862 = CARTESIAN_POINT('',(4.301745806857,-8.360637089015));
#10863 = CARTESIAN_POINT('',(4.308479284474,-8.380862222164));
#10864 = CARTESIAN_POINT('',(4.315302565437,-8.400765022292));
#10865 = CARTESIAN_POINT('',(4.322211092555,-8.420335089218));
#10866 = CARTESIAN_POINT('',(4.329199827806,-8.439561292857));
#10867 = CARTESIAN_POINT('',(4.336263896726,-8.458432823897));
#10868 = CARTESIAN_POINT('',(4.343398358655,-8.476938280159));
#10869 = CARTESIAN_POINT('',(4.350598704246,-8.495070003252));
#10870 = CARTESIAN_POINT('',(4.357860566943,-8.512821553148));
#10871 = CARTESIAN_POINT('',(4.365179580162,-8.530186287059));
#10872 = CARTESIAN_POINT('',(4.372551353534,-8.547157236655));
#10873 = CARTESIAN_POINT('',(4.379971861194,-8.563730074997));
#10874 = CARTESIAN_POINT('',(4.387437187676,-8.579901411852));
#10875 = CARTESIAN_POINT('',(4.394943500795,-8.595667818017));
#10876 = CARTESIAN_POINT('',(4.402486612876,-8.611025156544));
#10877 = CARTESIAN_POINT('',(4.410064734153,-8.625974130338));
#10878 = CARTESIAN_POINT('',(4.417677097839,-8.640517494216));
#10879 = CARTESIAN_POINT('',(4.425322601389,-8.654657338568));
#10880 = CARTESIAN_POINT('',(4.433000615426,-8.668396526306));
#10881 = CARTESIAN_POINT('',(4.440708112626,-8.681734011949));
#10882 = CARTESIAN_POINT('',(4.448440948133,-8.694666935281));
#10883 = CARTESIAN_POINT('',(4.45619540035,-8.707193105342));
#10884 = CARTESIAN_POINT('',(4.463967116605,-8.719309305251));
#10885 = CARTESIAN_POINT('',(4.471755100686,-8.731017663024));
#10886 = CARTESIAN_POINT('',(4.479560033197,-8.742322979763));
#10887 = CARTESIAN_POINT('',(4.487382117264,-8.753229272979));
#10888 = CARTESIAN_POINT('',(4.495221993688,-8.76374129418));
#10889 = CARTESIAN_POINT('',(4.503078444312,-8.773860568958));
#10890 = CARTESIAN_POINT('',(4.510949271354,-8.783586903547));
#10891 = CARTESIAN_POINT('',(4.518832500931,-8.79292052875));
#10892 = CARTESIAN_POINT('',(4.526726162406,-8.801861499573));
#10893 = CARTESIAN_POINT('',(4.534627985705,-8.81041026343));
#10894 = CARTESIAN_POINT('',(4.542535493391,-8.81856745706));
#10895 = CARTESIAN_POINT('',(4.550446290651,-8.826333727837));
#10896 = CARTESIAN_POINT('',(4.558357841351,-8.83370951792));
#10897 = CARTESIAN_POINT('',(4.566268312197,-8.840696422553));
#10898 = CARTESIAN_POINT('',(4.574176279684,-8.847296768922));
#10899 = CARTESIAN_POINT('',(4.582080330422,-8.853512764059));
#10900 = CARTESIAN_POINT('',(4.589978647412,-8.85934646581));
#10901 = CARTESIAN_POINT('',(4.597871629989,-8.864800933061));
#10902 = CARTESIAN_POINT('',(4.605761248745,-8.86987996801));
#10903 = CARTESIAN_POINT('',(4.613649101622,-8.874587124518));
#10904 = CARTESIAN_POINT('',(4.621536931687,-8.878926313725));
#10905 = CARTESIAN_POINT('',(4.629426195267,-8.882899854774));
#10906 = CARTESIAN_POINT('',(4.637318198534,-8.886508875835));
#10907 = CARTESIAN_POINT('',(4.645214173849,-8.889754726546));
#10908 = CARTESIAN_POINT('',(4.653115783445,-8.892638865597));
#10909 = CARTESIAN_POINT('',(4.661022525406,-8.895161875365));
#10910 = CARTESIAN_POINT('',(4.668932061342,-8.897323580535));
#10911 = CARTESIAN_POINT('',(4.676842545657,-8.899123993679));
#10912 = CARTESIAN_POINT('',(4.684751681196,-8.900563002145));
#10913 = CARTESIAN_POINT('',(4.692658874128,-8.901640895672));
#10914 = CARTESIAN_POINT('',(4.700565039026,-8.90235832707));
#10915 = CARTESIAN_POINT('',(4.708470748507,-8.902715832999));
#10916 = CARTESIAN_POINT('',(4.716376716135,-8.902714119231));
#10917 = CARTESIAN_POINT('',(4.72428337238,-8.902353181992));
#10918 = CARTESIAN_POINT('',(4.732190924805,-8.901632320677));
#10919 = CARTESIAN_POINT('',(4.74009956437,-8.900551002443));
#10920 = CARTESIAN_POINT('',(4.748009727825,-8.899108578333));
#10921 = CARTESIAN_POINT('',(4.755920655096,-8.897304766867));
#10922 = CARTESIAN_POINT('',(4.763830265433,-8.895139680227));
#10923 = CARTESIAN_POINT('',(4.771736850204,-8.892613304978));
#10924 = CARTESIAN_POINT('',(4.779638239021,-8.889725821093));
#10925 = CARTESIAN_POINT('',(4.787534057105,-8.886476618655));
#10926 = CARTESIAN_POINT('',(4.795425977681,-8.882864205509));
#10927 = CARTESIAN_POINT('',(4.803315260041,-8.878887203735));
#10928 = CARTESIAN_POINT('',(4.811203246105,-8.874544447412));
#10929 = CARTESIAN_POINT('',(4.819091367784,-8.869833610396));
#10930 = CARTESIAN_POINT('',(4.826981255228,-8.864750871186));
#10931 = CARTESIAN_POINT('',(4.834874414207,-8.85929274662));
#10932 = CARTESIAN_POINT('',(4.842772704225,-8.853455520674));
#10933 = CARTESIAN_POINT('',(4.850676467706,-8.847236174762));
#10934 = CARTESIAN_POINT('',(4.858583985596,-8.840632592099));
#10935 = CARTESIAN_POINT('',(4.866493913767,-8.833642526438));
#10936 = CARTESIAN_POINT('',(4.874404917271,-8.826263596809));
#10937 = CARTESIAN_POINT('',(4.882315191817,-8.818494203646));
#10938 = CARTESIAN_POINT('',(4.890222169741,-8.810333929845));
#10939 = CARTESIAN_POINT('',(4.898123439544,-8.801782143394));
#10940 = CARTESIAN_POINT('',(4.906016496689,-8.792838231129));
#10941 = CARTESIAN_POINT('',(4.913899076086,-8.783501743951));
#10942 = CARTESIAN_POINT('',(4.921769250064,-8.773772572197));
#10943 = CARTESIAN_POINT('',(4.929625080036,-8.763650438222));
#10944 = CARTESIAN_POINT('',(4.937464405307,-8.753135491044));
#10945 = CARTESIAN_POINT('',(4.945286051058,-8.742226132176));
#10946 = CARTESIAN_POINT('',(4.953090644511,-8.730917605939));
#10947 = CARTESIAN_POINT('',(4.960878377888,-8.719205891839));
#10948 = CARTESIAN_POINT('',(4.968649931628,-8.707086164547));
#10949 = CARTESIAN_POINT('',(4.976404249836,-8.694556379702));
#10950 = CARTESIAN_POINT('',(4.984136933329,-8.681619840725));
#10951 = CARTESIAN_POINT('',(4.991844223713,-8.668278805023));
#10952 = CARTESIAN_POINT('',(4.999521924079,-8.654536226235));
#10953 = CARTESIAN_POINT('',(5.007167017288,-8.640393137352));
#10954 = CARTESIAN_POINT('',(5.014778919371,-8.625846595271));
#10955 = CARTESIAN_POINT('',(5.022356558057,-8.610894456556));
#10956 = CARTESIAN_POINT('',(5.029899210971,-8.595533886713));
#10957 = CARTESIAN_POINT('',(5.037405082798,-8.57976419929));
#10958 = CARTESIAN_POINT('',(5.044869965755,-8.563589564402));
#10959 = CARTESIAN_POINT('',(5.052290016607,-8.547013429752));
#10960 = CARTESIAN_POINT('',(5.059661306561,-8.530039201961));
#10961 = CARTESIAN_POINT('',(5.066979796139,-8.512671253797));
#10962 = CARTESIAN_POINT('',(5.074241093406,-8.494916563105));
#10963 = CARTESIAN_POINT('',(5.081440829163,-8.4767817825));
#10964 = CARTESIAN_POINT('',(5.08857463527,-8.458273352804));
#10965 = CARTESIAN_POINT('',(5.095637997032,-8.439398976815));
#10966 = CARTESIAN_POINT('',(5.102625975022,-8.420170059922));
#10967 = CARTESIAN_POINT('',(5.109533697649,-8.400597406839));
#10968 = CARTESIAN_POINT('',(5.116356124384,-8.380692154051));
#10969 = CARTESIAN_POINT('',(5.123088718685,-8.360464666989));
#10970 = CARTESIAN_POINT('',(5.129728561487,-8.339922984339));
#10971 = CARTESIAN_POINT('',(5.136272467522,-8.319075527821));
#10972 = CARTESIAN_POINT('',(5.142717312114,-8.297930423164));
#10973 = CARTESIAN_POINT('',(5.149059839634,-8.276496639874));
#10974 = CARTESIAN_POINT('',(5.155296457377,-8.254785972779));
#10975 = CARTESIAN_POINT('',(5.161423579432,-8.232809948629));
#10976 = CARTESIAN_POINT('',(5.167437616346,-8.210579764719));
#10977 = CARTESIAN_POINT('',(5.173334832958,-8.188108281343));
#10978 = CARTESIAN_POINT('',(5.179110942461,-8.165415146934));
#10979 = CARTESIAN_POINT('',(5.184761745277,-8.142518997922));
#10980 = CARTESIAN_POINT('',(5.190282818549,-8.119439277941));
#10981 = CARTESIAN_POINT('',(5.195670424069,-8.096193127502));
#10982 = CARTESIAN_POINT('',(5.200923961125,-8.072787583692));
#10983 = CARTESIAN_POINT('',(5.206042415878,-8.049231002248));
#10984 = CARTESIAN_POINT('',(5.211024913172,-8.025530950327));
#10985 = CARTESIAN_POINT('',(5.215870295736,-8.001696888812));
#10986 = CARTESIAN_POINT('',(5.22057617764,-7.977747607908));
#10987 = CARTESIAN_POINT('',(5.22514032009,-7.953700720855));
#10988 = CARTESIAN_POINT('',(5.229560300109,-7.929574703939));
#10989 = CARTESIAN_POINT('',(5.23383418711,-7.905385699325));
#10990 = CARTESIAN_POINT('',(5.237962998995,-7.881136462778));
#10991 = CARTESIAN_POINT('',(5.241947430885,-7.85683116864));
#10992 = CARTESIAN_POINT('',(5.245788279519,-7.832473363522));
#10993 = CARTESIAN_POINT('',(5.249486167177,-7.808067707427));
#10994 = CARTESIAN_POINT('',(5.253040745862,-7.783625917132));
#10995 = CARTESIAN_POINT('',(5.256451755426,-7.759159003176));
#10996 = CARTESIAN_POINT('',(5.259718857994,-7.734678397884));
#10997 = CARTESIAN_POINT('',(5.262841878335,-7.710194537722));
#10998 = CARTESIAN_POINT('',(5.265822008611,-7.685710057618));
#10999 = CARTESIAN_POINT('',(5.268660322333,-7.661228203467));
#11000 = CARTESIAN_POINT('',(5.271357915417,-7.636752132956));
#11001 = CARTESIAN_POINT('',(5.273915868471,-7.612284742083));
#11002 = CARTESIAN_POINT('',(5.276335263832,-7.587825794546));
#11003 = CARTESIAN_POINT('',(5.278617176418,-7.563375304381));
#11004 = CARTESIAN_POINT('',(5.280762684931,-7.538933124544));
#11005 = CARTESIAN_POINT('',(5.282772832499,-7.514499504995));
#11006 = CARTESIAN_POINT('',(5.284648265231,-7.49007960208));
#11007 = CARTESIAN_POINT('',(5.286389651669,-7.465678232545));
#11008 = CARTESIAN_POINT('',(5.287997645415,-7.441300477721));
#11009 = CARTESIAN_POINT('',(5.289472921448,-7.416950696796));
#11010 = CARTESIAN_POINT('',(5.290816536804,-7.392621303811));
#11011 = CARTESIAN_POINT('',(5.29202952688,-7.368305313346));
#11012 = CARTESIAN_POINT('',(5.293112939574,-7.343995452556));
#11013 = CARTESIAN_POINT('',(5.294067786478,-7.319684999041));
#11014 = CARTESIAN_POINT('',(5.294894247171,-7.295379848684));
#11015 = CARTESIAN_POINT('',(5.295592529959,-7.271085442175));
#11016 = CARTESIAN_POINT('',(5.296162833444,-7.246807414688));
#11017 = CARTESIAN_POINT('',(5.296605363556,-7.222551078504));
#11018 = CARTESIAN_POINT('',(5.296920574911,-7.198314817533));
#11019 = CARTESIAN_POINT('',(5.297108916367,-7.174095489751));
#11020 = CARTESIAN_POINT('',(5.29717084043,-7.149896180052));
#11021 = CARTESIAN_POINT('',(5.29710679039,-7.125696585571));
#11022 = CARTESIAN_POINT('',(5.296916317155,-7.101477490404));
#11023 = CARTESIAN_POINT('',(5.296598979907,-7.07724175671));
#11024 = CARTESIAN_POINT('',(5.296154336006,-7.052986345972));
#11025 = CARTESIAN_POINT('',(5.295581941432,-7.028709744303));
#11026 = CARTESIAN_POINT('',(5.294881591507,-7.004417208782));
#11027 = CARTESIAN_POINT('',(5.294053084671,-6.980114195631));
#11028 = CARTESIAN_POINT('',(5.293096213143,-6.955806036315));
#11029 = CARTESIAN_POINT('',(5.292010788136,-6.931498362182));
#11030 = CARTESIAN_POINT('',(5.290795788317,-6.907184329913));
#11031 = CARTESIAN_POINT('',(5.289450168615,-6.882856744799));
#11032 = CARTESIAN_POINT('',(5.287972892127,-6.858508615348));
#11033 = CARTESIAN_POINT('',(5.28636290513,-6.834132488238));
#11034 = CARTESIAN_POINT('',(5.284619538292,-6.809732867553));
#11035 = CARTESIAN_POINT('',(5.282742137655,-6.785314793632));
#11036 = CARTESIAN_POINT('',(5.280730036789,-6.760883102739));
#11037 = CARTESIAN_POINT('',(5.278582587784,-6.736442912667));
#11038 = CARTESIAN_POINT('',(5.27629873938,-6.711994389096));
#11039 = CARTESIAN_POINT('',(5.273877410584,-6.687537376933));
#11040 = CARTESIAN_POINT('',(5.271317522799,-6.663071856611));
#11041 = CARTESIAN_POINT('',(5.268617989824,-6.638597585582));
#11042 = CARTESIAN_POINT('',(5.265777738389,-6.61411755163));
#11043 = CARTESIAN_POINT('',(5.262795681685,-6.589634966035));
#11044 = CARTESIAN_POINT('',(5.259670751861,-6.565153120778));
#11045 = CARTESIAN_POINT('',(5.256401774481,-6.540674763806));
#11046 = CARTESIAN_POINT('',(5.252988934327,-6.516210373462));
#11047 = CARTESIAN_POINT('',(5.249432553533,-6.491771276511));
#11048 = CARTESIAN_POINT('',(5.245732885105,-6.467368430975));
#11049 = CARTESIAN_POINT('',(5.241890259935,-6.443013431407));
#11050 = CARTESIAN_POINT('',(5.237904050484,-6.41871088828));
#11051 = CARTESIAN_POINT('',(5.233773474834,-6.394464440601));
#11052 = CARTESIAN_POINT('',(5.229497842459,-6.370278295259));
#11053 = CARTESIAN_POINT('',(5.225076161773,-6.346155344164));
#11054 = CARTESIAN_POINT('',(5.220510395757,-6.322111869936));
#11055 = CARTESIAN_POINT('',(5.215802945094,-6.298166237487));
#11056 = CARTESIAN_POINT('',(5.210956042198,-6.27433602757));
#11057 = CARTESIAN_POINT('',(5.20597205439,-6.250639919503));
#11058 = CARTESIAN_POINT('',(5.200852127985,-6.227087272989));
#11059 = CARTESIAN_POINT('',(5.195597152594,-6.20368573724));
#11060 = CARTESIAN_POINT('',(5.190208145989,-6.180443690437));
#11061 = CARTESIAN_POINT('',(5.184685731208,-6.157368260247));
#11062 = CARTESIAN_POINT('',(5.179033690528,-6.134476721775));
#11063 = CARTESIAN_POINT('',(5.173256432478,-6.111788460586));
#11064 = CARTESIAN_POINT('',(5.167358156756,-6.089322108678));
#11065 = CARTESIAN_POINT('',(5.161343145631,-6.067097271254));
#11066 = CARTESIAN_POINT('',(5.155215113693,-6.045126670433));
#11067 = CARTESIAN_POINT('',(5.148977635823,-6.023421479192));
#11068 = CARTESIAN_POINT('',(5.142634283005,-6.00199317806));
#11069 = CARTESIAN_POINT('',(5.136188629235,-5.980853502441));
#11070 = CARTESIAN_POINT('',(5.129643930639,-5.960011403179));
#11071 = CARTESIAN_POINT('',(5.123003324733,-5.939475061139));
#11072 = CARTESIAN_POINT('',(5.11627000505,-5.919252932546));
#11073 = CARTESIAN_POINT('',(5.109446905798,-5.899353106941));
#11074 = CARTESIAN_POINT('',(5.102538592166,-5.879785996751));
#11075 = CARTESIAN_POINT('',(5.095550101038,-5.860562733013));
#11076 = CARTESIAN_POINT('',(5.088486307911,-5.841694129271));
#11077 = CARTESIAN_POINT('',(5.081352153526,-5.823191588261));
#11078 = CARTESIAN_POINT('',(5.074152146224,-5.805062752773));
#11079 = CARTESIAN_POINT('',(5.066890653986,-5.787314068363));
#11080 = CARTESIAN_POINT('',(5.059572044153,-5.769952178698));
#11081 = CARTESIAN_POINT('',(5.05220070847,-5.752984053958));
#11082 = CARTESIAN_POINT('',(5.044780668179,-5.736414002452));
#11083 = CARTESIAN_POINT('',(5.03731583421,-5.720245406696));
#11084 = CARTESIAN_POINT('',(5.029810034568,-5.704481686689));
#11085 = CARTESIAN_POINT('',(5.022267451467,-5.689126967654));
#11086 = CARTESIAN_POINT('',(5.014689860716,-5.674180520998));
#11087 = CARTESIAN_POINT('',(5.007078027764,-5.659639593428));
#11088 = CARTESIAN_POINT('',(4.999433051228,-5.64550209039));
#11089 = CARTESIAN_POINT('',(4.991755556888,-5.631765145787));
#11090 = CARTESIAN_POINT('',(4.984048584336,-5.618429827245));
#11091 = CARTESIAN_POINT('',(4.976316282373,-5.605499003607));
#11092 = CARTESIAN_POINT('',(4.968562378161,-5.59297487696));
#11093 = CARTESIAN_POINT('',(4.960791229314,-5.580860674903));
#11094 = CARTESIAN_POINT('',(4.953003822679,-5.569154253828));
#11095 = CARTESIAN_POINT('',(4.945199481698,-5.557850816721));
#11096 = CARTESIAN_POINT('',(4.937378004514,-5.546946346199));
#11097 = CARTESIAN_POINT('',(4.929538753059,-5.536436092809));
#11098 = CARTESIAN_POINT('',(4.921682950659,-5.526318539472));
#11099 = CARTESIAN_POINT('',(4.913812791153,-5.516593873866));
#11100 = CARTESIAN_POINT('',(4.905930246461,-5.507261862108));
#11101 = CARTESIAN_POINT('',(4.898037284115,-5.498322444781));
#11102 = CARTESIAN_POINT('',(4.890136175876,-5.489775172281));
#11103 = CARTESIAN_POINT('',(4.882229402115,-5.481619408841));
#11104 = CARTESIAN_POINT('',(4.874319359518,-5.47385450695));
#11105 = CARTESIAN_POINT('',(4.866408589048,-5.466480026205));
#11106 = CARTESIAN_POINT('',(4.858498911912,-5.459494361231));
#11107 = CARTESIAN_POINT('',(4.850591731566,-5.452895172273));
#11108 = CARTESIAN_POINT('',(4.842688444304,-5.44668024134));
#11109 = CARTESIAN_POINT('',(4.834790845504,-5.440847496072));
#11110 = CARTESIAN_POINT('',(4.826898531316,-5.43539387882));
#11111 = CARTESIAN_POINT('',(4.819009547566,-5.430315603857));
#11112 = CARTESIAN_POINT('',(4.811122307975,-5.425609130057));
#11113 = CARTESIAN_POINT('',(4.803235083592,-5.421270561583));
#11114 = CARTESIAN_POINT('',(4.795346425654,-5.417297587743));
#11115 = CARTESIAN_POINT('',(4.78745503039,-5.413689078696));
#11116 = CARTESIAN_POINT('',(4.779559668145,-5.410443685166));
#11117 = CARTESIAN_POINT('',(4.771658682355,-5.407559948355));
#11118 = CARTESIAN_POINT('',(4.763752566131,-5.40503728621));
#11119 = CARTESIAN_POINT('',(4.75584363087,-5.40287587245));
#11120 = CARTESIAN_POINT('',(4.74793370166,-5.401075693289));
#11121 = CARTESIAN_POINT('',(4.740025043371,-5.399636859869));
#11122 = CARTESIAN_POINT('',(4.732118269507,-5.398559081829));
#11123 = CARTESIAN_POINT('',(4.724212535327,-5.397841707007));
#11124 = CARTESIAN_POINT('',(4.716307323416,-5.397484199127));
#11125 = CARTESIAN_POINT('',(4.708401993656,-5.397485852916));
#11126 = CARTESIAN_POINT('',(4.700496115115,-5.397846672417));
#11127 = CARTESIAN_POINT('',(4.692589407205,-5.398567358318));
#11128 = CARTESIAN_POINT('',(4.684681623959,-5.399648443551));
#11129 = CARTESIAN_POINT('',(4.676772259338,-5.401090577282));
#11130 = CARTESIAN_POINT('',(4.668862052384,-5.402894040708));
#11131 = CARTESIAN_POINT('',(4.660953114869,-5.405058720308));
#11132 = CARTESIAN_POINT('',(4.653047175027,-5.407584628337));
#11133 = CARTESIAN_POINT('',(4.645146428291,-5.410471583732));
#11134 = CARTESIAN_POINT('',(4.637251262893,-5.413720194216));
#11135 = CARTESIAN_POINT('',(4.629360001045,-5.41733195088));
#11136 = CARTESIAN_POINT('',(4.621471381946,-5.421308230786));
#11137 = CARTESIAN_POINT('',(4.613584062506,-5.425650197841));
#11138 = CARTESIAN_POINT('',(4.605696604446,-5.430360180523));
#11139 = CARTESIAN_POINT('',(4.597807363318,-5.435442014737));
#11140 = CARTESIAN_POINT('',(4.589914821271,-5.440899195323));
#11141 = CARTESIAN_POINT('',(4.582017103563,-5.446735453131));
#11142 = CARTESIAN_POINT('',(4.574113863186,-5.452953810637));
#11143 = CARTESIAN_POINT('',(4.566206841305,-5.459556368209));
#11144 = CARTESIAN_POINT('',(4.558297398908,-5.466545359876));
#11145 = CARTESIAN_POINT('',(4.550386891842,-5.473923151296));
#11146 = CARTESIAN_POINT('',(4.542477131961,-5.481691337154));
#11147 = CARTESIAN_POINT('',(4.534570680453,-5.489850336269));
#11148 = CARTESIAN_POINT('',(4.526669945547,-5.498400780551));
#11149 = CARTESIAN_POINT('',(4.518777426901,-5.507343283798));
#11150 = CARTESIAN_POINT('',(4.510895388804,-5.516678294729));
#11151 = CARTESIAN_POINT('',(4.50302576104,-5.526405918698));
#11152 = CARTESIAN_POINT('',(4.495170483828,-5.536526429097));
#11153 = CARTESIAN_POINT('',(4.487331718746,-5.547039674474));
#11154 = CARTESIAN_POINT('',(4.479510646995,-5.557947239901));
#11155 = CARTESIAN_POINT('',(4.47170663928,-5.569253880185));
#11156 = CARTESIAN_POINT('',(4.463919500811,-5.5809636162));
#11157 = CARTESIAN_POINT('',(4.456148551815,-5.593081267976));
#11158 = CARTESIAN_POINT('',(4.448394832176,-5.605608903089));
#11159 = CARTESIAN_POINT('',(4.440662732983,-5.618543231968));
#11160 = CARTESIAN_POINT('',(4.432956006587,-5.631882007172));
#11161 = CARTESIAN_POINT('',(4.425278840289,-5.645622290943));
#11162 = CARTESIAN_POINT('',(4.417634257115,-5.65976304111));
#11163 = CARTESIAN_POINT('',(4.410022845491,-5.674307194132));
#11164 = CARTESIAN_POINT('',(4.402445679458,-5.689256891296));
#11165 = CARTESIAN_POINT('',(4.394903486321,-5.704614959102));
#11166 = CARTESIAN_POINT('',(4.387398053544,-5.720382100417));
#11167 = CARTESIAN_POINT('',(4.37993359076,-5.736554138123));
#11168 = CARTESIAN_POINT('',(4.372513943855,-5.753127617131));
#11169 = CARTESIAN_POINT('',(4.365143044868,-5.770099119638));
#11170 = CARTESIAN_POINT('',(4.357824932865,-5.787464280437));
#11171 = CARTESIAN_POINT('',(4.350563995755,-5.805216129108));
#11172 = CARTESIAN_POINT('',(4.343364599556,-5.823348018535));
#11173 = CARTESIAN_POINT('',(4.336231109455,-5.841853509259));
#11174 = CARTESIAN_POINT('',(4.329168035088,-5.860724922121));
#11175 = CARTESIAN_POINT('',(4.322180312432,-5.879950862963));
#11176 = CARTESIAN_POINT('',(4.315272810611,-5.899520533873));
#11177 = CARTESIAN_POINT('',(4.308450565028,-5.919422810117));
#11178 = CARTESIAN_POINT('',(4.301718118352,-5.939647320304));
#11179 = CARTESIAN_POINT('',(4.295078392478,-5.960186018843));
#11180 = CARTESIAN_POINT('',(4.288534573161,-5.981030482199));
#11181 = CARTESIAN_POINT('',(4.282089786784,-6.002172577023));
#11182 = CARTESIAN_POINT('',(4.275747287835,-6.023603346837));
#11183 = CARTESIAN_POINT('',(4.269510667035,-6.045311003509));
#11184 = CARTESIAN_POINT('',(4.263383508792,-6.067284025374));
#11185 = CARTESIAN_POINT('',(4.257369401645,-6.089511210785));
#11186 = CARTESIAN_POINT('',(4.251472076621,-6.111979739513));
#11187 = CARTESIAN_POINT('',(4.24569581821,-6.134669977957));
#11188 = CARTESIAN_POINT('',(4.240044825859,-6.157563289503));
#11189 = CARTESIAN_POINT('',(4.234523516827,-6.180640249914));
#11190 = CARTESIAN_POINT('',(4.229135645471,-6.203883668183));
#11191 = CARTESIAN_POINT('',(4.223881816907,-6.227286493643));
#11192 = CARTESIAN_POINT('',(4.218763042952,-6.250840379999));
#11193 = CARTESIAN_POINT('',(4.213780200364,-6.274537748534));
#11194 = CARTESIAN_POINT('',(4.208934439236,-6.298369192957));
#11195 = CARTESIAN_POINT('',(4.204228142597,-6.322315944254));
#11196 = CARTESIAN_POINT('',(4.199663550331,-6.346360383847));
#11197 = CARTESIAN_POINT('',(4.195243080527,-6.370484059386));
#11198 = CARTESIAN_POINT('',(4.190968680183,-6.394670755884));
#11199 = CARTESIAN_POINT('',(4.186839337518,-6.418917691001));
#11200 = CARTESIAN_POINT('',(4.18285435557,-6.443220701062));
#11201 = CARTESIAN_POINT('',(4.179012939511,-6.467576228154));
#11202 = CARTESIAN_POINT('',(4.175314461532,-6.49197965423));
#11203 = CARTESIAN_POINT('',(4.17175926715,-6.516419282291));
#11204 = CARTESIAN_POINT('',(4.168347617486,-6.540884097169));
#11205 = CARTESIAN_POINT('',(4.165079848063,-6.565362682094));
#11206 = CARTESIAN_POINT('',(4.161956141995,-6.589844557584));
#11207 = CARTESIAN_POINT('',(4.158975310948,-6.614327069365));
#11208 = CARTESIAN_POINT('',(4.156136280655,-6.638806976616));
#11209 = CARTESIAN_POINT('',(4.15343795566,-6.663281125636));
#11210 = CARTESIAN_POINT('',(4.150879255508,-6.687746603686));
#11211 = CARTESIAN_POINT('',(4.148459098175,-6.71220363711));
#11212 = CARTESIAN_POINT('',(4.146176408802,-6.736652216329));
#11213 = CARTESIAN_POINT('',(4.144030109516,-6.761092480373));
#11214 = CARTESIAN_POINT('',(4.14201915515,-6.78552420744));
#11215 = CARTESIAN_POINT('',(4.140142898373,-6.809942260132));
#11216 = CARTESIAN_POINT('',(4.138400671294,-6.834341813641));
#11217 = CARTESIAN_POINT('',(4.136791819784,-6.858717806979));
#11218 = CARTESIAN_POINT('',(4.135315671208,-6.883065813658));
#11219 = CARTESIAN_POINT('',(4.133971170314,-6.907393371323));
#11220 = CARTESIAN_POINT('',(4.132757281222,-6.931707480816));
#11221 = CARTESIAN_POINT('',(4.131672957633,-6.956015391179));
#11222 = CARTESIAN_POINT('',(4.130717183465,-6.98032389471));
#11223 = CARTESIAN_POINT('',(4.12988977564,-7.004627152839));
#11224 = CARTESIAN_POINT('',(4.129190526934,-7.028919702126));
#11225 = CARTESIAN_POINT('',(4.128619238176,-7.053195949004));
#11226 = CARTESIAN_POINT('',(4.128175704899,-7.077450445343));
#11227 = CARTESIAN_POINT('',(4.127859473891,-7.101685127015));
#11228 = CARTESIAN_POINT('',(4.127670095586,-7.125901820274));
#11229 = CARTESIAN_POINT('',(4.127628111555,-7.142035527348));
#11230 = CARTESIAN_POINT('',(4.127628111552,-7.1501));
#11231 = ( GEOMETRIC_REPRESENTATION_CONTEXT(2) 
PARAMETRIC_REPRESENTATION_CONTEXT() REPRESENTATION_CONTEXT('2D SPACE',''
  ) );
#11232 = PCURVE('',#11233,#11238);
#11233 = CYLINDRICAL_SURFACE('',#11234,1.7526);
#11234 = AXIS2_PLACEMENT_3D('',#11235,#11236,#11237);
#11235 = CARTESIAN_POINT('',(1.777362942994E-03,7.404514718226E-04,
    -7.150384693425));
#11236 = DIRECTION('',(2.157624015277E-04,0.999999976623,
    -1.414670842806E-05));
#11237 = DIRECTION('',(-0.999999976639,2.157622180403E-04,
    -1.297057329236E-05));
#11238 = DEFINITIONAL_REPRESENTATION('',(#11239),#11661);
#11239 = B_SPLINE_CURVE_WITH_KNOTS('',3,(#11240,#11241,#11242,#11243,
    #11244,#11245,#11246,#11247,#11248,#11249,#11250,#11251,#11252,
    #11253,#11254,#11255,#11256,#11257,#11258,#11259,#11260,#11261,
    #11262,#11263,#11264,#11265,#11266,#11267,#11268,#11269,#11270,
    #11271,#11272,#11273,#11274,#11275,#11276,#11277,#11278,#11279,
    #11280,#11281,#11282,#11283,#11284,#11285,#11286,#11287,#11288,
    #11289,#11290,#11291,#11292,#11293,#11294,#11295,#11296,#11297,
    #11298,#11299,#11300,#11301,#11302,#11303,#11304,#11305,#11306,
    #11307,#11308,#11309,#11310,#11311,#11312,#11313,#11314,#11315,
    #11316,#11317,#11318,#11319,#11320,#11321,#11322,#11323,#11324,
    #11325,#11326,#11327,#11328,#11329,#11330,#11331,#11332,#11333,
    #11334,#11335,#11336,#11337,#11338,#11339,#11340,#11341,#11342,
    #11343,#11344,#11345,#11346,#11347,#11348,#11349,#11350,#11351,
    #11352,#11353,#11354,#11355,#11356,#11357,#11358,#11359,#11360,
    #11361,#11362,#11363,#11364,#11365,#11366,#11367,#11368,#11369,
    #11370,#11371,#11372,#11373,#11374,#11375,#11376,#11377,#11378,
    #11379,#11380,#11381,#11382,#11383,#11384,#11385,#11386,#11387,
    #11388,#11389,#11390,#11391,#11392,#11393,#11394,#11395,#11396,
    #11397,#11398,#11399,#11400,#11401,#11402,#11403,#11404,#11405,
    #11406,#11407,#11408,#11409,#11410,#11411,#11412,#11413,#11414,
    #11415,#11416,#11417,#11418,#11419,#11420,#11421,#11422,#11423,
    #11424,#11425,#11426,#11427,#11428,#11429,#11430,#11431,#11432,
    #11433,#11434,#11435,#11436,#11437,#11438,#11439,#11440,#11441,
    #11442,#11443,#11444,#11445,#11446,#11447,#11448,#11449,#11450,
    #11451,#11452,#11453,#11454,#11455,#11456,#11457,#11458,#11459,
    #11460,#11461,#11462,#11463,#11464,#11465,#11466,#11467,#11468,
    #11469,#11470,#11471,#11472,#11473,#11474,#11475,#11476,#11477,
    #11478,#11479,#11480,#11481,#11482,#11483,#11484,#11485,#11486,
    #11487,#11488,#11489,#11490,#11491,#11492,#11493,#11494,#11495,
    #11496,#11497,#11498,#11499,#11500,#11501,#11502,#11503,#11504,
    #11505,#11506,#11507,#11508,#11509,#11510,#11511,#11512,#11513,
    #11514,#11515,#11516,#11517,#11518,#11519,#11520,#11521,#11522,
    #11523,#11524,#11525,#11526,#11527,#11528,#11529,#11530,#11531,
    #11532,#11533,#11534,#11535,#11536,#11537,#11538,#11539,#11540,
    #11541,#11542,#11543,#11544,#11545,#11546,#11547,#11548,#11549,
    #11550,#11551,#11552,#11553,#11554,#11555,#11556,#11557,#11558,
    #11559,#11560,#11561,#11562,#11563,#11564,#11565,#11566,#11567,
    #11568,#11569,#11570,#11571,#11572,#11573,#11574,#11575,#11576,
    #11577,#11578,#11579,#11580,#11581,#11582,#11583,#11584,#11585,
    #11586,#11587,#11588,#11589,#11590,#11591,#11592,#11593,#11594,
    #11595,#11596,#11597,#11598,#11599,#11600,#11601,#11602,#11603,
    #11604,#11605,#11606,#11607,#11608,#11609,#11610,#11611,#11612,
    #11613,#11614,#11615,#11616,#11617,#11618,#11619,#11620,#11621,
    #11622,#11623,#11624,#11625,#11626,#11627,#11628,#11629,#11630,
    #11631,#11632,#11633,#11634,#11635,#11636,#11637,#11638,#11639,
    #11640,#11641,#11642,#11643,#11644,#11645,#11646,#11647,#11648,
    #11649,#11650,#11651,#11652,#11653,#11654,#11655,#11656,#11657,
    #11658,#11659,#11660),.UNSPECIFIED.,.F.,.F.,(4,1,1,1,1,1,1,1,1,1,1,1
    ,1,1,1,1,1,1,1,1,1,1,1,1,1,1,1,1,1,1,1,1,1,1,1,1,1,1,1,1,1,1,1,1,1,1
    ,1,1,1,1,1,1,1,1,1,1,1,1,1,1,1,1,1,1,1,1,1,1,1,1,1,1,1,1,1,1,1,1,1,1
    ,1,1,1,1,1,1,1,1,1,1,1,1,1,1,1,1,1,1,1,1,1,1,1,1,1,1,1,1,1,1,1,1,1,1
    ,1,1,1,1,1,1,1,1,1,1,1,1,1,1,1,1,1,1,1,1,1,1,1,1,1,1,1,1,1,1,1,1,1,1
    ,1,1,1,1,1,1,1,1,1,1,1,1,1,1,1,1,1,1,1,1,1,1,1,1,1,1,1,1,1,1,1,1,1,1
    ,1,1,1,1,1,1,1,1,1,1,1,1,1,1,1,1,1,1,1,1,1,1,1,1,1,1,1,1,1,1,1,1,1,1
    ,1,1,1,1,1,1,1,1,1,1,1,1,1,1,1,1,1,1,1,1,1,1,1,1,1,1,1,1,1,1,1,1,1,1
    ,1,1,1,1,1,1,1,1,1,1,1,1,1,1,1,1,1,1,1,1,1,1,1,1,1,1,1,1,1,1,1,1,1,1
    ,1,1,1,1,1,1,1,1,1,1,1,1,1,1,1,1,1,1,1,1,1,1,1,1,1,1,1,1,1,1,1,1,1,1
    ,1,1,1,1,1,1,1,1,1,1,1,1,1,1,1,1,1,1,1,1,1,1,1,1,1,1,1,1,1,1,1,1,1,1
    ,1,1,1,1,1,1,1,1,1,1,1,1,1,1,1,1,1,1,1,1,1,1,1,1,1,1,1,1,1,1,1,1,1,1
    ,1,1,1,1,1,1,1,1,1,1,1,1,1,1,1,1,1,1,1,1,1,1,1,1,1,1,1,1,1,1,1,1,4),
  (0.,4.784881898418E-03,9.569763796836E-03,1.435464569525E-02,
    1.913952759367E-02,2.392440949209E-02,2.870929139051E-02,
    3.349417328893E-02,3.827905518735E-02,4.306393708576E-02,
    4.784881898418E-02,5.26337008826E-02,5.741858278102E-02,
    6.220346467944E-02,6.698834657785E-02,7.177322847627E-02,
    7.655811037469E-02,8.134299227311E-02,8.612787417153E-02,
    9.091275606995E-02,9.569763796836E-02,0.100482519867,0.105267401765,
    0.110052283664,0.114837165562,0.11962204746,0.124406929359,
    0.129191811257,0.133976693156,0.138761575054,0.143546456953,
    0.148331338851,0.153116220749,0.157901102648,0.162685984546,
    0.167470866445,0.172255748343,0.177040630241,0.18182551214,
    0.186610394038,0.191395275937,0.196180157835,0.200965039734,
    0.205749921632,0.21053480353,0.215319685429,0.220104567327,
    0.224889449226,0.229674331124,0.234459213022,0.239244094921,
    0.244028976819,0.248813858718,0.253598740616,0.258383622515,
    0.263168504413,0.267953386311,0.27273826821,0.277523150108,
    0.282308032007,0.287092913905,0.291877795804,0.296662677702,
    0.3014475596,0.306232441499,0.311017323397,0.315802205296,
    0.320587087194,0.325371969092,0.330156850991,0.334941732889,
    0.339726614788,0.344511496686,0.349296378585,0.354081260483,
    0.358866142381,0.36365102428,0.368435906178,0.373220788077,
    0.378005669975,0.382790551873,0.387575433772,0.39236031567,
    0.397145197569,0.401930079467,0.406714961366,0.411499843264,
    0.416284725162,0.421069607061,0.425854488959,0.430639370858,
    0.435424252756,0.440209134654,0.444994016553,0.449778898451,
    0.45456378035,0.459348662248,0.464133544147,0.468918426045,
    0.473703307943,0.478488189842,0.48327307174,0.488057953639,
    0.492842835537,0.497627717435,0.502412599334,0.507197481232,
    0.511982363131,0.516767245029,0.521552126928,0.526337008826,
    0.531121890724,0.535906772623,0.540691654521,0.54547653642,
    0.550261418318,0.555046300217,0.559831182115,0.564616064013,
    0.569400945912,0.57418582781,0.578970709709,0.583755591607,
    0.588540473505,0.593325355404,0.598110237302,0.602895119201,
    0.607680001099,0.612464882998,0.617249764896,0.622034646794,
    0.626819528693,0.631604410591,0.63638929249,0.641174174388,
    0.645959056286,0.650743938185,0.655528820083,0.660313701982,
    0.66509858388,0.669883465779,0.674668347677,0.679453229575,
    0.684238111474,0.689022993372,0.693807875271,0.698592757169,
    0.703377639067,0.708162520966,0.712947402864,0.717732284763,
    0.722517166661,0.72730204856,0.732086930458,0.736871812356,
    0.741656694255,0.746441576153,0.751226458052,0.75601133995,
    0.760796221848,0.765581103747,0.770365985645,0.775150867544,
    0.779935749442,0.784720631341,0.789505513239,0.794290395137,
    0.799075277036,0.803860158934,0.808645040833,0.813429922731,
    0.81821480463,0.822999686528,0.827784568426,0.832569450325,
    0.837354332223,0.842139214122,0.84692409602,0.851708977918,
    0.856493859817,0.861278741715,0.866063623614,0.870848505512,
    0.875633387411,0.880418269309,0.885203151207,0.889988033106,
    0.894772915004,0.899557796903,0.904342678801,0.909127560699,
    0.913912442598,0.918697324496,0.923482206395,0.928267088293,
    0.933051970192,0.93783685209,0.942621733988,0.947406615887,
    0.952191497785,0.956976379684,0.961761261582,0.96654614348,
    0.971331025379,0.976115907277,0.980900789176,0.985685671074,
    0.990470552973,0.995255434871,1.000040316769,1.004825198668,
    1.009610080566,1.014394962465,1.019179844363,1.023964726261,
    1.02874960816,1.033534490058,1.038319371957,1.043104253855,
    1.047889135754,1.052674017652,1.05745889955,1.062243781449,
    1.067028663347,1.071813545246,1.076598427144,1.081383309043,
    1.086168190941,1.090953072839,1.095737954738,1.100522836636,
    1.105307718535,1.110092600433,1.114877482331,1.11966236423,
    1.124447246128,1.129232128027,1.134017009925,1.138801891824,
    1.143586773722,1.14837165562,1.153156537519,1.157941419417,
    1.162726301316,1.167511183214,1.172296065112,1.177080947011,
    1.181865828909,1.186650710808,1.191435592706,1.196220474605,
    1.201005356503,1.205790238401,1.2105751203,1.215360002198,
    1.220144884097,1.224929765995,1.229714647893,1.234499529792,
    1.23928441169,1.244069293589,1.248854175487,1.253639057386,
    1.258423939284,1.263208821182,1.267993703081,1.272778584979,
    1.277563466878,1.282348348776,1.287133230674,1.291918112573,
    1.296702994471,1.30148787637,1.306272758268,1.311057640167,
    1.315842522065,1.320627403963,1.325412285862,1.33019716776,
    1.334982049659,1.339766931557,1.344551813456,1.349336695354,
    1.354121577252,1.358906459151,1.363691341049,1.368476222948,
    1.373261104846,1.378045986744,1.382830868643,1.387615750541,
    1.39240063244,1.397185514338,1.401970396237,1.406755278135,
    1.411540160033,1.416325041932,1.42110992383,1.425894805729,
    1.430679687627,1.435464569525,1.440249451424,1.445034333322,
    1.449819215221,1.454604097119,1.459388979018,1.464173860916,
    1.468958742814,1.473743624713,1.478528506611,1.48331338851,
    1.488098270408,1.492883152306,1.497668034205,1.502452916103,
    1.507237798002,1.5120226799,1.516807561799,1.521592443697,
    1.526377325595,1.531162207494,1.535947089392,1.540731971291,
    1.545516853189,1.550301735087,1.555086616986,1.559871498884,
    1.564656380783,1.569441262681,1.57422614458,1.579011026478,
    1.583795908376,1.588580790275,1.593365672173,1.598150554072,
    1.60293543597,1.607720317869,1.612505199767,1.617290081665,
    1.622074963564,1.626859845462,1.631644727361,1.636429609259,
    1.641214491157,1.645999373056,1.650784254954,1.655569136853,
    1.660354018751,1.66513890065,1.669923782548,1.674708664446,
    1.679493546345,1.684278428243,1.689063310142,1.69384819204,
    1.698633073938,1.703417955837,1.708202837735,1.712987719634,
    1.717772601532,1.722557483431,1.727342365329,1.732127247227,
    1.736912129126,1.741697011024,1.746481892923,1.751266774821,
    1.756051656719,1.760836538618,1.765621420516,1.770406302415,
    1.775191184313,1.779976066212,1.78476094811,1.789545830008,
    1.794330711907,1.799115593805,1.803900475704,1.808685357602,
    1.8134702395,1.818255121399,1.823040003297,1.827824885196,
    1.832609767094,1.837394648993,1.842179530891,1.846964412789,
    1.851749294688,1.856534176586,1.861319058485,1.866103940383,
    1.870888822282,1.87567370418,1.880458586078,1.885243467977,
    1.890028349875,1.894813231774,1.899598113672,1.90438299557,
    1.909167877469,1.913952759367,1.918737641266,1.923522523164,
    1.928307405063,1.933092286961,1.937877168859,1.942662050758,
    1.947446932656,1.952231814555,1.957016696453,1.961801578351,
    1.96658646025,1.971371342148,1.976156224047,1.980941105945,
    1.985725987844,1.990510869742,1.99529575164,2.000080633539),
  .UNSPECIFIED.);
#11240 = CARTESIAN_POINT('',(0.,2.647455049667));
#11241 = CARTESIAN_POINT('',(4.60217791234E-03,2.647455049667));
#11242 = CARTESIAN_POINT('',(1.380918921088E-02,2.647528714406));
#11243 = CARTESIAN_POINT('',(2.763136214266E-02,2.647860723619));
#11244 = CARTESIAN_POINT('',(4.14688756951E-02,2.648414763887));
#11245 = CARTESIAN_POINT('',(5.532543174476E-02,2.649191350431));
#11246 = CARTESIAN_POINT('',(6.920480718487E-02,2.650191012322));
#11247 = CARTESIAN_POINT('',(8.310668841921E-02,2.651413337429));
#11248 = CARTESIAN_POINT('',(9.703070068106E-02,2.652857896901));
#11249 = CARTESIAN_POINT('',(0.11097656438,2.654524272626));
#11250 = CARTESIAN_POINT('',(0.124943810839,2.656412020238));
#11251 = CARTESIAN_POINT('',(0.138939244064,2.658521580213));
#11252 = CARTESIAN_POINT('',(0.152969980932,2.660853425777));
#11253 = CARTESIAN_POINT('',(0.167043041643,2.663408008052));
#11254 = CARTESIAN_POINT('',(0.181165773432,2.666185833875));
#11255 = CARTESIAN_POINT('',(0.195338785031,2.669186127025));
#11256 = CARTESIAN_POINT('',(0.209562397891,2.672408046369));
#11257 = CARTESIAN_POINT('',(0.223837131775,2.675850768365));
#11258 = CARTESIAN_POINT('',(0.238163389669,2.679513463769));
#11259 = CARTESIAN_POINT('',(0.252544586151,2.683395328359));
#11260 = CARTESIAN_POINT('',(0.266984422459,2.68749556314));
#11261 = CARTESIAN_POINT('',(0.281486586041,2.69181335446));
#11262 = CARTESIAN_POINT('',(0.296054953413,2.696347942072));
#11263 = CARTESIAN_POINT('',(0.310691780177,2.701097768198));
#11264 = CARTESIAN_POINT('',(0.325399301414,2.706061219841));
#11265 = CARTESIAN_POINT('',(0.340179792698,2.711236642739));
#11266 = CARTESIAN_POINT('',(0.35503598195,2.716622602204));
#11267 = CARTESIAN_POINT('',(0.369965913173,2.722214732588));
#11268 = CARTESIAN_POINT('',(0.38496715225,2.728008336266));
#11269 = CARTESIAN_POINT('',(0.400037597809,2.733998819939));
#11270 = CARTESIAN_POINT('',(0.415174837126,2.740181500473));
#11271 = CARTESIAN_POINT('',(0.430380893421,2.746552486605));
#11272 = CARTESIAN_POINT('',(0.445658538548,2.753108027673));
#11273 = CARTESIAN_POINT('',(0.461010268836,2.75984421253));
#11274 = CARTESIAN_POINT('',(0.476439578363,2.76675763333));
#11275 = CARTESIAN_POINT('',(0.491941220372,2.773839754632));
#11276 = CARTESIAN_POINT('',(0.507508583709,2.78108121868));
#11277 = CARTESIAN_POINT('',(0.523135671201,2.788472922813));
#11278 = CARTESIAN_POINT('',(0.538815915423,2.7960055472));
#11279 = CARTESIAN_POINT('',(0.554548440583,2.803671313066));
#11280 = CARTESIAN_POINT('',(0.570333522032,2.811462757301));
#11281 = CARTESIAN_POINT('',(0.586171014001,2.819372204104));
#11282 = CARTESIAN_POINT('',(0.602061801969,2.827392521021));
#11283 = CARTESIAN_POINT('',(0.617999194138,2.835512008292));
#11284 = CARTESIAN_POINT('',(0.633974894997,2.843717993398));
#11285 = CARTESIAN_POINT('',(0.649981195932,2.851998097755));
#11286 = CARTESIAN_POINT('',(0.666009933345,2.8603397057));
#11287 = CARTESIAN_POINT('',(0.682056544414,2.868731599584));
#11288 = CARTESIAN_POINT('',(0.69811727193,2.877162878118));
#11289 = CARTESIAN_POINT('',(0.714188205645,2.885622588811));
#11290 = CARTESIAN_POINT('',(0.730265332256,2.894099681522));
#11291 = CARTESIAN_POINT('',(0.74634607061,2.902584016944));
#11292 = CARTESIAN_POINT('',(0.762428250774,2.91106571637));
#11293 = CARTESIAN_POINT('',(0.778509493067,2.919534796499));
#11294 = CARTESIAN_POINT('',(0.794587880286,2.927981444057));
#11295 = CARTESIAN_POINT('',(0.810658467285,2.936394735204));
#11296 = CARTESIAN_POINT('',(0.826715330179,2.944763393915));
#11297 = CARTESIAN_POINT('',(0.842752814507,2.953076296128));
#11298 = CARTESIAN_POINT('',(0.858764951329,2.961322042953));
#11299 = CARTESIAN_POINT('',(0.874747475785,2.969490963786));
#11300 = CARTESIAN_POINT('',(0.890696600432,2.977573945501));
#11301 = CARTESIAN_POINT('',(0.90660838718,2.985561797952));
#11302 = CARTESIAN_POINT('',(0.92247871013,2.993445119314));
#11303 = CARTESIAN_POINT('',(0.938304581213,3.001216126473));
#11304 = CARTESIAN_POINT('',(0.954083304186,3.008867608041));
#11305 = CARTESIAN_POINT('',(0.969812198559,3.016392329766));
#11306 = CARTESIAN_POINT('',(0.985487768961,3.023782621808));
#11307 = CARTESIAN_POINT('',(1.001111306771,3.03103378886));
#11308 = CARTESIAN_POINT('',(1.016686101444,3.038142382892));
#11309 = CARTESIAN_POINT('',(1.032214669686,3.045104594139));
#11310 = CARTESIAN_POINT('',(1.04770038815,3.051916914852));
#11311 = CARTESIAN_POINT('',(1.063141702629,3.058574476581));
#11312 = CARTESIAN_POINT('',(1.078534712627,3.065071766645));
#11313 = CARTESIAN_POINT('',(1.093876270479,3.071403568089));
#11314 = CARTESIAN_POINT('',(1.109161908212,3.077564068524));
#11315 = CARTESIAN_POINT('',(1.124393639555,3.083550704856));
#11316 = CARTESIAN_POINT('',(1.139576683899,3.089362533343));
#11317 = CARTESIAN_POINT('',(1.154715243506,3.094998171551));
#11318 = CARTESIAN_POINT('',(1.169814312708,3.100456538515));
#11319 = CARTESIAN_POINT('',(1.184875035483,3.105735408516));
#11320 = CARTESIAN_POINT('',(1.199896508182,3.110831948366));
#11321 = CARTESIAN_POINT('',(1.21487822674,3.115743495299));
#11322 = CARTESIAN_POINT('',(1.22981961681,3.120467243091));
#11323 = CARTESIAN_POINT('',(1.2447195456,3.125000969712));
#11324 = CARTESIAN_POINT('',(1.259576458322,3.129342774988));
#11325 = CARTESIAN_POINT('',(1.274388885004,3.133490730559));
#11326 = CARTESIAN_POINT('',(1.289155029157,3.137442741313));
#11327 = CARTESIAN_POINT('',(1.303874374073,3.141197702601));
#11328 = CARTESIAN_POINT('',(1.318547124919,3.144755140514));
#11329 = CARTESIAN_POINT('',(1.333173433522,3.148114478731));
#11330 = CARTESIAN_POINT('',(1.347752662544,3.151275007809));
#11331 = CARTESIAN_POINT('',(1.362288126361,3.154236903522));
#11332 = CARTESIAN_POINT('',(1.376785947824,3.157000984777));
#11333 = CARTESIAN_POINT('',(1.391251526983,3.159567895142));
#11334 = CARTESIAN_POINT('',(1.405690498829,3.161938430874));
#11335 = CARTESIAN_POINT('',(1.420107808317,3.164112803213));
#11336 = CARTESIAN_POINT('',(1.434508027317,3.16609079071));
#11337 = CARTESIAN_POINT('',(1.448895599609,3.167872255893));
#11338 = CARTESIAN_POINT('',(1.463275728839,3.169457086745));
#11339 = CARTESIAN_POINT('',(1.477649643809,3.170844922781));
#11340 = CARTESIAN_POINT('',(1.492015202872,3.172035181108));
#11341 = CARTESIAN_POINT('',(1.506371150181,3.173027350733));
#11342 = CARTESIAN_POINT('',(1.520715399827,3.173820817814));
#11343 = CARTESIAN_POINT('',(1.535048947188,3.174415407044));
#11344 = CARTESIAN_POINT('',(1.549375517249,3.174811338962));
#11345 = CARTESIAN_POINT('',(1.563698207376,3.175008738666));
#11346 = CARTESIAN_POINT('',(1.578020358159,3.175007792056));
#11347 = CARTESIAN_POINT('',(1.592344784346,3.174808498817));
#11348 = CARTESIAN_POINT('',(1.606673908714,3.174410675638));
#11349 = CARTESIAN_POINT('',(1.621010135842,3.17381419982));
#11350 = CARTESIAN_POINT('',(1.635356324772,3.173018852656));
#11351 = CARTESIAN_POINT('',(1.64971317062,3.172024817535));
#11352 = CARTESIAN_POINT('',(1.66407898008,3.170832707692));
#11353 = CARTESIAN_POINT('',(1.678452745892,3.169443033853));
#11354 = CARTESIAN_POINT('',(1.692832630101,3.167856380963));
#11355 = CARTESIAN_POINT('',(1.707220092132,3.166073098139));
#11356 = CARTESIAN_POINT('',(1.72162035722,3.164093279122));
#11357 = CARTESIAN_POINT('',(1.736037919573,3.161917046401));
#11358 = CARTESIAN_POINT('',(1.750477418014,3.159544600535));
#11359 = CARTESIAN_POINT('',(1.764943755099,3.156975730718));
#11360 = CARTESIAN_POINT('',(1.779442357583,3.154209689069));
#11361 = CARTESIAN_POINT('',(1.793978455344,3.151245870653));
#11362 = CARTESIAN_POINT('',(1.808557965834,3.148083502664));
#11363 = CARTESIAN_POINT('',(1.823184099225,3.144722435931));
#11364 = CARTESIAN_POINT('',(1.837856398305,3.141163347288));
#11365 = CARTESIAN_POINT('',(1.852575142086,3.137406791697));
#11366 = CARTESIAN_POINT('',(1.867340698106,3.133453212772));
#11367 = CARTESIAN_POINT('',(1.882152601486,3.129303717369));
#11368 = CARTESIAN_POINT('',(1.897008997141,3.124960413417));
#11369 = CARTESIAN_POINT('',(1.911908383843,3.120425237317));
#11370 = CARTESIAN_POINT('',(1.926849156331,3.11570010054));
#11371 = CARTESIAN_POINT('',(1.941830191264,3.110787228988));
#11372 = CARTESIAN_POINT('',(1.956850996622,3.105689399845));
#11373 = CARTESIAN_POINT('',(1.971911136442,3.100409251427));
#11374 = CARTESIAN_POINT('',(1.987009777611,3.094949591863));
#11375 = CARTESIAN_POINT('',(2.002148150935,3.089312615878));
#11376 = CARTESIAN_POINT('',(2.017331228964,3.08349940388));
#11377 = CARTESIAN_POINT('',(2.032563196741,3.077511338265));
#11378 = CARTESIAN_POINT('',(2.047849278532,3.071349350766));
#11379 = CARTESIAN_POINT('',(2.063191374193,3.06501605406));
#11380 = CARTESIAN_POINT('',(2.078584922058,3.058517303464));
#11381 = CARTESIAN_POINT('',(2.094026700714,3.051858349179));
#11382 = CARTESIAN_POINT('',(2.109512705032,3.045044748931));
#11383 = CARTESIAN_POINT('',(2.125041401784,3.03808137165));
#11384 = CARTESIAN_POINT('',(2.140616259801,3.030971685309));
#11385 = CARTESIAN_POINT('',(2.156239857395,3.023719473353));
#11386 = CARTESIAN_POINT('',(2.171915574017,3.016328142742));
#11387 = CARTESIAN_POINT('',(2.187644689706,3.008802403258));
#11388 = CARTESIAN_POINT('',(2.203423669921,3.001149941943));
#11389 = CARTESIAN_POINT('',(2.219249812913,2.993378002466));
#11390 = CARTESIAN_POINT('',(2.235120398409,2.985493804002));
#11391 = CARTESIAN_POINT('',(2.251032406662,2.977505155642));
#11392 = CARTESIAN_POINT('',(2.266981707308,2.969421463398));
#11393 = CARTESIAN_POINT('',(2.282964356042,2.961251921351));
#11394 = CARTESIAN_POINT('',(2.298976563552,2.953005642539));
#11395 = CARTESIAN_POINT('',(2.315014044326,2.944692317411));
#11396 = CARTESIAN_POINT('',(2.331070830188,2.93632334525));
#11397 = CARTESIAN_POINT('',(2.347141272291,2.927909847024));
#11398 = CARTESIAN_POINT('',(2.363219441401,2.919463100536));
#11399 = CARTESIAN_POINT('',(2.379300432553,2.910994013095));
#11400 = CARTESIAN_POINT('',(2.395382371352,2.902512375626));
#11401 = CARTESIAN_POINT('',(2.411462908901,2.894028154762));
#11402 = CARTESIAN_POINT('',(2.427539917399,2.885551206439));
#11403 = CARTESIAN_POINT('',(2.443610822428,2.877091667838));
#11404 = CARTESIAN_POINT('',(2.459671566961,2.868660612821));
#11405 = CARTESIAN_POINT('',(2.475718206821,2.860269011732));
#11406 = CARTESIAN_POINT('',(2.49174695596,2.851927782679));
#11407 = CARTESIAN_POINT('',(2.507753190101,2.843648171735));
#11408 = CARTESIAN_POINT('',(2.523728729474,2.835442800956));
#11409 = CARTESIAN_POINT('',(2.539665861871,2.827324049787));
#11410 = CARTESIAN_POINT('',(2.555556264197,2.819304605253));
#11411 = CARTESIAN_POINT('',(2.571393309012,2.811396127702));
#11412 = CARTESIAN_POINT('',(2.587177933121,2.803605722914));
#11413 = CARTESIAN_POINT('',(2.602910010644,2.795941057025));
#11414 = CARTESIAN_POINT('',(2.618589861634,2.788409573952));
#11415 = CARTESIAN_POINT('',(2.634216582672,2.781019055831));
#11416 = CARTESIAN_POINT('',(2.649783549451,2.773778845417));
#11417 = CARTESIAN_POINT('',(2.665284739779,2.76669805637));
#11418 = CARTESIAN_POINT('',(2.680713485427,2.759786074012));
#11419 = CARTESIAN_POINT('',(2.696064585867,2.753051403539));
#11420 = CARTESIAN_POINT('',(2.711341603935,2.746497419824));
#11421 = CARTESIAN_POINT('',(2.726547062251,2.740128023477));
#11422 = CARTESIAN_POINT('',(2.741683783023,2.733946945728));
#11423 = CARTESIAN_POINT('',(2.756753783519,2.727958072037));
#11424 = CARTESIAN_POINT('',(2.771754587215,2.722166106946));
#11425 = CARTESIAN_POINT('',(2.786684056803,2.716575657162));
#11426 = CARTESIAN_POINT('',(2.801539701831,2.711191443296));
#11427 = CARTESIAN_POINT('',(2.816319566099,2.706017822529));
#11428 = CARTESIAN_POINT('',(2.831026433809,2.701056204563));
#11429 = CARTESIAN_POINT('',(2.845662610746,2.696308233272));
#11430 = CARTESIAN_POINT('',(2.860230366671,2.691775508616));
#11431 = CARTESIAN_POINT('',(2.874731999867,2.687459571154));
#11432 = CARTESIAN_POINT('',(2.889171374977,2.683361185234));
#11433 = CARTESIAN_POINT('',(2.903552161421,2.679481171027));
#11434 = CARTESIAN_POINT('',(2.91787804986,2.675820333505));
#11435 = CARTESIAN_POINT('',(2.932152420427,2.672379482616));
#11436 = CARTESIAN_POINT('',(2.946375664731,2.669159445969));
#11437 = CARTESIAN_POINT('',(2.960548308905,2.666161045062));
#11438 = CARTESIAN_POINT('',(2.974670662205,2.663385121632));
#11439 = CARTESIAN_POINT('',(2.988743378001,2.660832442209));
#11440 = CARTESIAN_POINT('',(3.002773850245,2.65850249476));
#11441 = CARTESIAN_POINT('',(3.016769104216,2.656394830332));
#11442 = CARTESIAN_POINT('',(3.030736287743,2.654508974184));
#11443 = CARTESIAN_POINT('',(3.044682173664,2.65284449174));
#11444 = CARTESIAN_POINT('',(3.058606173079,2.651401834603));
#11445 = CARTESIAN_POINT('',(3.072507938509,2.650181422385));
#11446 = CARTESIAN_POINT('',(3.086386987957,2.649183688767));
#11447 = CARTESIAN_POINT('',(3.100243005156,2.648409043125));
#11448 = CARTESIAN_POINT('',(3.114079615034,2.647856937705));
#11449 = CARTESIAN_POINT('',(3.127901294658,2.647526845647));
#11450 = CARTESIAN_POINT('',(3.141708945672,2.647418231532));
#11451 = CARTESIAN_POINT('',(3.155516781243,2.647530573289));
#11452 = CARTESIAN_POINT('',(3.169338394834,2.64786439773));
#11453 = CARTESIAN_POINT('',(3.183174815161,2.648420220945));
#11454 = CARTESIAN_POINT('',(3.197030459783,2.649198559898));
#11455 = CARTESIAN_POINT('',(3.210908894389,2.650199938786));
#11456 = CARTESIAN_POINT('',(3.22480983385,2.651423940461));
#11457 = CARTESIAN_POINT('',(3.238732898193,2.652870137799));
#11458 = CARTESIAN_POINT('',(3.252677801726,2.654538111398));
#11459 = CARTESIAN_POINT('',(3.266644107028,2.656427420941));
#11460 = CARTESIAN_POINT('',(3.280638657454,2.65853851175));
#11461 = CARTESIAN_POINT('',(3.294668555967,2.660871855285));
#11462 = CARTESIAN_POINT('',(3.308740831292,2.663427904249));
#11463 = CARTESIAN_POINT('',(3.322862801882,2.666207160254));
#11464 = CARTESIAN_POINT('',(3.337035038899,2.669208840125));
#11465 = CARTESIAN_POINT('',(3.351257874912,2.672432104832));
#11466 = CARTESIAN_POINT('',(3.365531824645,2.675876130509));
#11467 = CARTESIAN_POINT('',(3.379857302364,2.679540088326));
#11468 = CARTESIAN_POINT('',(3.39423773885,2.683423174411));
#11469 = CARTESIAN_POINT('',(3.408676830286,2.687524589762));
#11470 = CARTESIAN_POINT('',(3.423178266268,2.691843521604));
#11471 = CARTESIAN_POINT('',(3.437745917221,2.696379207392));
#11472 = CARTESIAN_POINT('',(3.452382029603,2.701130085373));
#11473 = CARTESIAN_POINT('',(3.467088840122,2.706094543521));
#11474 = CARTESIAN_POINT('',(3.481868627205,2.711270929777));
#11475 = CARTESIAN_POINT('',(3.49672410597,2.716657801929));
#11476 = CARTESIAN_POINT('',(3.511653294011,2.722250778671));
#11477 = CARTESIAN_POINT('',(3.526653765978,2.728045167882));
#11478 = CARTESIAN_POINT('',(3.541723416957,2.734036375707));
#11479 = CARTESIAN_POINT('',(3.556859846066,2.740219722249));
#11480 = CARTESIAN_POINT('',(3.572065101437,2.746591321812));
#11481 = CARTESIAN_POINT('',(3.587341947543,2.7531474228));
#11482 = CARTESIAN_POINT('',(3.60269288731,2.759884118161));
#11483 = CARTESIAN_POINT('',(3.618121396072,2.766797990269));
#11484 = CARTESIAN_POINT('',(3.633622179572,2.773880477172));
#11485 = CARTESIAN_POINT('',(3.649188641917,2.781122230821));
#11486 = CARTESIAN_POINT('',(3.664814782301,2.788514148264));
#11487 = CARTESIAN_POINT('',(3.680494046574,2.796046915267));
#11488 = CARTESIAN_POINT('',(3.696225590264,2.803712763391));
#11489 = CARTESIAN_POINT('',(3.712009680706,2.811504228778));
#11490 = CARTESIAN_POINT('',(3.727846177551,2.819413639832));
#11491 = CARTESIAN_POINT('',(3.74373595447,2.827433858804));
#11492 = CARTESIAN_POINT('',(3.759672279578,2.835553163722));
#11493 = CARTESIAN_POINT('',(3.775646868973,2.843758890742));
#11494 = CARTESIAN_POINT('',(3.791652011698,2.85203866184));
#11495 = CARTESIAN_POINT('',(3.807679551083,2.860379866197));
#11496 = CARTESIAN_POINT('',(3.823724942875,2.868771295555));
#11497 = CARTESIAN_POINT('',(3.839784425633,2.877202049136));
#11498 = CARTESIAN_POINT('',(3.855854090071,2.885661176858));
#11499 = CARTESIAN_POINT('',(3.871929923748,2.894137631327));
#11500 = CARTESIAN_POINT('',(3.888009357108,2.902621282317));
#11501 = CARTESIAN_POINT('',(3.904090223722,2.91110225495));
#11502 = CARTESIAN_POINT('',(3.920170149922,2.919570571139));
#11503 = CARTESIAN_POINT('',(3.936247221837,2.928016421852));
#11504 = CARTESIAN_POINT('',(3.952316477799,2.936428879008));
#11505 = CARTESIAN_POINT('',(3.968371993706,2.944796667991));
#11506 = CARTESIAN_POINT('',(3.984408110925,2.953108664513));
#11507 = CARTESIAN_POINT('',(4.000418858943,2.961353471248));
#11508 = CARTESIAN_POINT('',(4.01639997766,2.969521426138));
#11509 = CARTESIAN_POINT('',(4.03234767447,2.977603414722));
#11510 = CARTESIAN_POINT('',(4.048258008557,2.98559024764));
#11511 = CARTESIAN_POINT('',(4.064126850083,2.993472523632));
#11512 = CARTESIAN_POINT('',(4.079951221417,3.001242471346));
#11513 = CARTESIAN_POINT('',(4.095728433964,3.008892884019));
#11514 = CARTESIAN_POINT('',(4.111455814764,3.016416533082));
#11515 = CARTESIAN_POINT('',(4.127129878574,3.023805755751));
#11516 = CARTESIAN_POINT('',(4.14275194338,3.031055873282));
#11517 = CARTESIAN_POINT('',(4.158325299204,3.038163437886));
#11518 = CARTESIAN_POINT('',(4.17385246877,3.045124643391));
#11519 = CARTESIAN_POINT('',(4.189336834034,3.051935985248));
#11520 = CARTESIAN_POINT('',(4.20477681452,3.058592587468));
#11521 = CARTESIAN_POINT('',(4.220168500412,3.065088933587));
#11522 = CARTESIAN_POINT('',(4.235508731509,3.071419802197));
#11523 = CARTESIAN_POINT('',(4.250793028505,3.077579376658));
#11524 = CARTESIAN_POINT('',(4.266023422577,3.083565104574));
#11525 = CARTESIAN_POINT('',(4.281205124711,3.089376040351));
#11526 = CARTESIAN_POINT('',(4.296342334057,3.095010802226));
#11527 = CARTESIAN_POINT('',(4.311440038997,3.100468308815));
#11528 = CARTESIAN_POINT('',(4.326499372159,3.105746332431));
#11529 = CARTESIAN_POINT('',(4.341519436807,3.110842043386));
#11530 = CARTESIAN_POINT('',(4.356499731859,3.115752781251));
#11531 = CARTESIAN_POINT('',(4.371439688162,3.120475742736));
#11532 = CARTESIAN_POINT('',(4.386338169344,3.125008708685));
#11533 = CARTESIAN_POINT('',(4.401193614533,3.129349778749));
#11534 = CARTESIAN_POINT('',(4.416004549625,3.133497025242));
#11535 = CARTESIAN_POINT('',(4.430769168573,3.137448352615));
#11536 = CARTESIAN_POINT('',(4.445486976144,3.141202663197));
#11537 = CARTESIAN_POINT('',(4.460158213485,3.144759490251));
#11538 = CARTESIAN_POINT('',(4.474783063093,3.148118263953));
#11539 = CARTESIAN_POINT('',(4.48936092669,3.151278283219));
#11540 = CARTESIAN_POINT('',(4.503895125812,3.154239724324));
#11541 = CARTESIAN_POINT('',(4.518391751959,3.157003397477));
#11542 = CARTESIAN_POINT('',(4.532856182662,3.159569939734));
#11543 = CARTESIAN_POINT('',(4.547294025923,3.161940139401));
#11544 = CARTESIAN_POINT('',(4.561710212047,3.164114203856));
#11545 = CARTESIAN_POINT('',(4.576109308245,3.16609191263));
#11546 = CARTESIAN_POINT('',(4.590495752899,3.167873128241));
#11547 = CARTESIAN_POINT('',(4.604874738925,3.169457738868));
#11548 = CARTESIAN_POINT('',(4.619247510468,3.170845384259));
#11549 = CARTESIAN_POINT('',(4.633611974278,3.17203548248));
#11550 = CARTESIAN_POINT('',(4.647966911261,3.173027523329));
#11551 = CARTESIAN_POINT('',(4.662310293613,3.17382089391));
#11552 = CARTESIAN_POINT('',(4.676643080717,3.174415419459));
#11553 = CARTESIAN_POINT('',(4.690968870491,3.174811320161));
#11554 = CARTESIAN_POINT('',(4.705290659595,3.175008720933));
#11555 = CARTESIAN_POINT('',(4.719611654877,3.175007807435));
#11556 = CARTESIAN_POINT('',(4.733934671437,3.174808579188));
#11557 = CARTESIAN_POINT('',(4.748262264031,3.174410852771));
#11558 = CARTESIAN_POINT('',(4.762596936595,3.173814505377));
#11559 = CARTESIAN_POINT('',(4.776941673243,3.17301931815));
#11560 = CARTESIAN_POINT('',(4.791297206548,3.172025474407));
#11561 = CARTESIAN_POINT('',(4.805661786375,3.17083358799));
#11562 = CARTESIAN_POINT('',(4.820034369338,3.16944417013));
#11563 = CARTESIAN_POINT('',(4.8344130716,3.167857806285));
#11564 = CARTESIAN_POINT('',(4.848799327683,3.166074846303));
#11565 = CARTESIAN_POINT('',(4.863198370449,3.164095384253));
#11566 = CARTESIAN_POINT('',(4.877614696194,3.161919542808));
#11567 = CARTESIAN_POINT('',(4.892052945133,3.159547523421));
#11568 = CARTESIAN_POINT('',(4.906518030736,3.156979113285));
#11569 = CARTESIAN_POINT('',(4.921015405815,3.154213556479));
#11570 = CARTESIAN_POINT('',(4.935550322226,3.151250241436));
#11571 = CARTESIAN_POINT('',(4.95012872536,3.148088387164));
#11572 = CARTESIAN_POINT('',(4.964753833297,3.144727841336));
#11573 = CARTESIAN_POINT('',(4.979425147389,3.141169289374));
#11574 = CARTESIAN_POINT('',(4.994142914907,3.137413292468));
#11575 = CARTESIAN_POINT('',(5.008907464249,3.133460302352));
#11576 = CARTESIAN_POINT('',(5.023718316041,3.12931142714));
#11577 = CARTESIAN_POINT('',(5.038573626201,3.124968773284));
#11578 = CARTESIAN_POINT('',(5.053471898577,3.120434276627));
#11579 = CARTESIAN_POINT('',(5.068411535831,3.11570984794));
#11580 = CARTESIAN_POINT('',(5.083391415111,3.110797711548));
#11581 = CARTESIAN_POINT('',(5.098411039362,3.105700646204));
#11582 = CARTESIAN_POINT('',(5.11346996837,3.100421291648));
#11583 = CARTESIAN_POINT('',(5.128567366381,3.094962456923));
#11584 = CARTESIAN_POINT('',(5.143704450036,3.089326341095));
#11585 = CARTESIAN_POINT('',(5.158886194299,3.083514023953));
#11586 = CARTESIAN_POINT('',(5.174116787632,3.077526886594));
#11587 = CARTESIAN_POINT('',(5.189401451245,3.071365862764));
#11588 = CARTESIAN_POINT('',(5.204742114857,3.065033550362));
#11589 = CARTESIAN_POINT('',(5.22013423193,3.058535796764));
#11590 = CARTESIAN_POINT('',(5.235574591984,3.051877846098));
#11591 = CARTESIAN_POINT('',(5.251059207938,3.045065247616));
#11592 = CARTESIAN_POINT('',(5.266586533485,3.038102871464));
#11593 = CARTESIAN_POINT('',(5.2821600276,3.030994187951));
#11594 = CARTESIAN_POINT('',(5.297782264099,3.023742980584));
#11595 = CARTESIAN_POINT('',(5.313456611655,3.016352659932));
#11596 = CARTESIAN_POINT('',(5.329184365182,3.008827924059));
#11597 = CARTESIAN_POINT('',(5.344961984175,3.001176461639));
#11598 = CARTESIAN_POINT('',(5.360786759543,2.993405518396));
#11599 = CARTESIAN_POINT('',(5.376655961698,2.985522317716));
#11600 = CARTESIAN_POINT('',(5.392566571936,2.977534661959));
#11601 = CARTESIAN_POINT('',(5.408514466681,2.969451951743));
#11602 = CARTESIAN_POINT('',(5.424495706576,2.961283376942));
#11603 = CARTESIAN_POINT('',(5.440506505539,2.953038048176));
#11604 = CARTESIAN_POINT('',(5.45654259106,2.944725643384));
#11605 = CARTESIAN_POINT('',(5.472598002161,2.936357555514));
#11606 = CARTESIAN_POINT('',(5.488667094362,2.927944901181));
#11607 = CARTESIAN_POINT('',(5.504743947992,2.91949895154));
#11608 = CARTESIAN_POINT('',(5.520823646291,2.91103061558));
#11609 = CARTESIAN_POINT('',(5.536904307421,2.90254968572));
#11610 = CARTESIAN_POINT('',(5.55298357993,2.894066127904));
#11611 = CARTESIAN_POINT('',(5.569059329663,2.88558979947));
#11612 = CARTESIAN_POINT('',(5.585128987281,2.877130831982));
#11613 = CARTESIAN_POINT('',(5.601188499581,2.868700295003));
#11614 = CARTESIAN_POINT('',(5.617233925014,2.860309155575));
#11615 = CARTESIAN_POINT('',(5.633261475333,2.851968330195));
#11616 = CARTESIAN_POINT('',(5.649266546697,2.843689054556));
#11617 = CARTESIAN_POINT('',(5.665240967381,2.835483945243));
#11618 = CARTESIAN_POINT('',(5.681177024312,2.827365380359));
#11619 = CARTESIAN_POINT('',(5.69706640753,2.819346037441));
#11620 = CARTESIAN_POINT('',(5.712902450048,2.811437598786));
#11621 = CARTESIAN_POINT('',(5.728686077452,2.803647175152));
#11622 = CARTESIAN_POINT('',(5.744417169358,2.795982428482));
#11623 = CARTESIAN_POINT('',(5.760096037915,2.788450803406));
#11624 = CARTESIAN_POINT('',(5.775721811841,2.781060071457));
#11625 = CARTESIAN_POINT('',(5.791287879183,2.773819570154));
#11626 = CARTESIAN_POINT('',(5.806788213671,2.76673841371));
#11627 = CARTESIAN_POINT('',(5.822216161954,2.759825977934));
#11628 = CARTESIAN_POINT('',(5.837566474445,2.753090795349));
#11629 = CARTESIAN_POINT('',(5.852842695753,2.746536250252));
#11630 = CARTESIAN_POINT('',(5.868047354799,2.740166239305));
#11631 = CARTESIAN_POINT('',(5.883183266125,2.733984494753));
#11632 = CARTESIAN_POINT('',(5.898252472596,2.727994896292));
#11633 = CARTESIAN_POINT('',(5.913252509459,2.722202145155));
#11634 = CARTESIAN_POINT('',(5.928181236006,2.716610848558));
#11635 = CARTESIAN_POINT('',(5.943036170861,2.711225721454));
#11636 = CARTESIAN_POINT('',(5.957815330642,2.706051137068));
#11637 = CARTESIAN_POINT('',(5.972521487107,2.701088512377));
#11638 = CARTESIAN_POINT('',(5.9871569489,2.696339489087));
#11639 = CARTESIAN_POINT('',(6.001723987462,2.691805666159));
#11640 = CARTESIAN_POINT('',(6.016224892104,2.687488588088));
#11641 = CARTESIAN_POINT('',(6.030663521699,2.683389021382));
#11642 = CARTESIAN_POINT('',(6.045043547724,2.679507785387));
#11643 = CARTESIAN_POINT('',(6.059368655758,2.675845685069));
#11644 = CARTESIAN_POINT('',(6.073642242357,2.67240353008));
#11645 = CARTESIAN_POINT('',(6.087864710009,2.669182147644));
#11646 = CARTESIAN_POINT('',(6.102036579842,2.666182359595));
#11647 = CARTESIAN_POINT('',(6.11615817239,2.66340500554));
#11648 = CARTESIAN_POINT('',(6.130230102517,2.660850859123));
#11649 = CARTESIAN_POINT('',(6.144259736157,2.658519413366));
#11650 = CARTESIAN_POINT('',(6.158254106942,2.656410217776));
#11651 = CARTESIAN_POINT('',(6.172220348594,2.654522799401));
#11652 = CARTESIAN_POINT('',(6.18616527425,2.652856718693));
#11653 = CARTESIAN_POINT('',(6.200088327744,2.651412423305));
#11654 = CARTESIAN_POINT('',(6.213989148013,2.650190334127));
#11655 = CARTESIAN_POINT('',(6.227867276295,2.649190883058));
#11656 = CARTESIAN_POINT('',(6.241722318437,2.648414484713));
#11657 = CARTESIAN_POINT('',(6.255558080639,2.647860596158));
#11658 = CARTESIAN_POINT('',(6.269378291159,2.64752868878));
#11659 = CARTESIAN_POINT('',(6.278583871211,2.647455049667));
#11660 = CARTESIAN_POINT('',(6.28318530718,2.647455049667));
#11661 = ( GEOMETRIC_REPRESENTATION_CONTEXT(2) 
PARAMETRIC_REPRESENTATION_CONTEXT() REPRESENTATION_CONTEXT('2D SPACE',''
  ) );
#11662 = ADVANCED_FACE('',(#11663),#11233,.F.);
#11663 = FACE_BOUND('',#11664,.F.);
#11664 = EDGE_LOOP('',(#11665,#11694,#11714,#11715));
#11665 = ORIENTED_EDGE('',*,*,#11666,.T.);
#11666 = EDGE_CURVE('',#11667,#11667,#11669,.T.);
#11667 = VERTEX_POINT('',#11668);
#11668 = CARTESIAN_POINT('',(-1.750080828712,3.439008515968,
    -7.150456060479));
#11669 = SURFACE_CURVE('',#11670,(#11675,#11682),.PCURVE_S1.);
#11670 = CIRCLE('',#11671,1.7526);
#11671 = AXIS2_PLACEMENT_3D('',#11672,#11673,#11674);
#11672 = CARTESIAN_POINT('',(2.519130345583E-03,3.438630371105,
    -7.150433328253));
#11673 = DIRECTION('',(-2.157624015277E-04,-0.999999976623,
    1.414670842806E-05));
#11674 = DIRECTION('',(-0.999999976639,2.157622180403E-04,
    -1.297057329236E-05));
#11675 = PCURVE('',#11233,#11676);
#11676 = DEFINITIONAL_REPRESENTATION('',(#11677),#11681);
#11677 = LINE('',#11678,#11679);
#11678 = CARTESIAN_POINT('',(6.28318530718,3.43789));
#11679 = VECTOR('',#11680,1.);
#11680 = DIRECTION('',(-1.,0.));
#11681 = ( GEOMETRIC_REPRESENTATION_CONTEXT(2) 
PARAMETRIC_REPRESENTATION_CONTEXT() REPRESENTATION_CONTEXT('2D SPACE',''
  ) );
#11682 = PCURVE('',#11683,#11688);
#11683 = CONICAL_SURFACE('',#11684,1.621155,0.7853981634);
#11684 = AXIS2_PLACEMENT_3D('',#11685,#11686,#11687);
#11685 = CARTESIAN_POINT('',(2.490769456714E-03,3.307185374178,
    -7.150431468739));
#11686 = DIRECTION('',(2.157624015277E-04,0.999999976623,
    -1.414670842806E-05));
#11687 = DIRECTION('',(0.999999976639,-2.157622180403E-04,
    1.297057329236E-05));
#11688 = DEFINITIONAL_REPRESENTATION('',(#11689),#11693);
#11689 = LINE('',#11690,#11691);
#11690 = CARTESIAN_POINT('',(9.424777960769,0.131445));
#11691 = VECTOR('',#11692,1.);
#11692 = DIRECTION('',(-1.,0.));
#11693 = ( GEOMETRIC_REPRESENTATION_CONTEXT(2) 
PARAMETRIC_REPRESENTATION_CONTEXT() REPRESENTATION_CONTEXT('2D SPACE',''
  ) );
#11694 = ORIENTED_EDGE('',*,*,#11695,.F.);
#11695 = EDGE_CURVE('',#10695,#11667,#11696,.T.);
#11696 = SEAM_CURVE('',#11697,(#11700,#11707),.PCURVE_S1.);
#11697 = B_SPLINE_CURVE_WITH_KNOTS('',1,(#11698,#11699),.UNSPECIFIED.,
  .F.,.F.,(2,2),(2.647455049667,3.43789),.PIECEWISE_BEZIER_KNOTS.);
#11698 = CARTESIAN_POINT('',(-1.750251374855,2.648573584113,
    -7.150444878427));
#11699 = CARTESIAN_POINT('',(-1.750080828712,3.439008515968,
    -7.150456060479));
#11700 = PCURVE('',#11233,#11701);
#11701 = DEFINITIONAL_REPRESENTATION('',(#11702),#11706);
#11702 = LINE('',#11703,#11704);
#11703 = CARTESIAN_POINT('',(0.,0.));
#11704 = VECTOR('',#11705,1.);
#11705 = DIRECTION('',(0.,1.));
#11706 = ( GEOMETRIC_REPRESENTATION_CONTEXT(2) 
PARAMETRIC_REPRESENTATION_CONTEXT() REPRESENTATION_CONTEXT('2D SPACE',''
  ) );
#11707 = PCURVE('',#11233,#11708);
#11708 = DEFINITIONAL_REPRESENTATION('',(#11709),#11713);
#11709 = LINE('',#11710,#11711);
#11710 = CARTESIAN_POINT('',(6.28318530718,0.));
#11711 = VECTOR('',#11712,1.);
#11712 = DIRECTION('',(0.,1.));
#11713 = ( GEOMETRIC_REPRESENTATION_CONTEXT(2) 
PARAMETRIC_REPRESENTATION_CONTEXT() REPRESENTATION_CONTEXT('2D SPACE',''
  ) );
#11714 = ORIENTED_EDGE('',*,*,#10694,.T.);
#11715 = ORIENTED_EDGE('',*,*,#11695,.T.);
#11716 = ADVANCED_FACE('',(#11717),#11683,.T.);
#11717 = FACE_BOUND('',#11718,.T.);
#11718 = EDGE_LOOP('',(#11719,#11748,#11768,#11769));
#11719 = ORIENTED_EDGE('',*,*,#11720,.T.);
#11720 = EDGE_CURVE('',#11721,#11721,#11723,.T.);
#11721 = VERTEX_POINT('',#11722);
#11722 = CARTESIAN_POINT('',(-1.487247556631,3.176061800384,
    -7.150448931617));
#11723 = SURFACE_CURVE('',#11724,(#11729,#11736),.PCURVE_S1.);
#11724 = CIRCLE('',#11725,1.48971);
#11725 = AXIS2_PLACEMENT_3D('',#11726,#11727,#11728);
#11726 = CARTESIAN_POINT('',(2.462408567845E-03,3.175740377251,
    -7.150429609225));
#11727 = DIRECTION('',(2.157624015277E-04,0.999999976623,
    -1.414670842806E-05));
#11728 = DIRECTION('',(-0.999999976639,2.157622180403E-04,
    -1.297057329236E-05));
#11729 = PCURVE('',#11683,#11730);
#11730 = DEFINITIONAL_REPRESENTATION('',(#11731),#11735);
#11731 = LINE('',#11732,#11733);
#11732 = CARTESIAN_POINT('',(3.14159265359,-0.131445));
#11733 = VECTOR('',#11734,1.);
#11734 = DIRECTION('',(1.,0.));
#11735 = ( GEOMETRIC_REPRESENTATION_CONTEXT(2) 
PARAMETRIC_REPRESENTATION_CONTEXT() REPRESENTATION_CONTEXT('2D SPACE',''
  ) );
#11736 = PCURVE('',#11737,#11742);
#11737 = PLANE('',#11738);
#11738 = AXIS2_PLACEMENT_3D('',#11739,#11740,#11741);
#11739 = CARTESIAN_POINT('',(2.462408567845E-03,3.175740377251,
    -7.150429609225));
#11740 = DIRECTION('',(2.157624015277E-04,0.999999976623,
    -1.414670842806E-05));
#11741 = DIRECTION('',(-0.999999976639,2.157622180403E-04,
    -1.297057329236E-05));
#11742 = DEFINITIONAL_REPRESENTATION('',(#11743),#11747);
#11743 = CIRCLE('',#11744,1.48971);
#11744 = AXIS2_PLACEMENT_2D('',#11745,#11746);
#11745 = CARTESIAN_POINT('',(0.,0.));
#11746 = DIRECTION('',(1.,1.694065894509E-21));
#11747 = ( GEOMETRIC_REPRESENTATION_CONTEXT(2) 
PARAMETRIC_REPRESENTATION_CONTEXT() REPRESENTATION_CONTEXT('2D SPACE',''
  ) );
#11748 = ORIENTED_EDGE('',*,*,#11749,.T.);
#11749 = EDGE_CURVE('',#11721,#11667,#11750,.T.);
#11750 = SEAM_CURVE('',#11751,(#11754,#11761),.PCURVE_S1.);
#11751 = B_SPLINE_CURVE_WITH_KNOTS('',1,(#11752,#11753),.UNSPECIFIED.,
  .F.,.F.,(2,2),(-0.185891301706,0.185891301706),
  .PIECEWISE_BEZIER_KNOTS.);
#11752 = CARTESIAN_POINT('',(-1.487247556631,3.176061800384,
    -7.150448931617));
#11753 = CARTESIAN_POINT('',(-1.750080828712,3.439008515968,
    -7.150456060479));
#11754 = PCURVE('',#11683,#11755);
#11755 = DEFINITIONAL_REPRESENTATION('',(#11756),#11760);
#11756 = LINE('',#11757,#11758);
#11757 = CARTESIAN_POINT('',(9.424777960769,0.));
#11758 = VECTOR('',#11759,1.);
#11759 = DIRECTION('',(0.,1.));
#11760 = ( GEOMETRIC_REPRESENTATION_CONTEXT(2) 
PARAMETRIC_REPRESENTATION_CONTEXT() REPRESENTATION_CONTEXT('2D SPACE',''
  ) );
#11761 = PCURVE('',#11683,#11762);
#11762 = DEFINITIONAL_REPRESENTATION('',(#11763),#11767);
#11763 = LINE('',#11764,#11765);
#11764 = CARTESIAN_POINT('',(3.14159265359,0.));
#11765 = VECTOR('',#11766,1.);
#11766 = DIRECTION('',(0.,1.));
#11767 = ( GEOMETRIC_REPRESENTATION_CONTEXT(2) 
PARAMETRIC_REPRESENTATION_CONTEXT() REPRESENTATION_CONTEXT('2D SPACE',''
  ) );
#11768 = ORIENTED_EDGE('',*,*,#11666,.T.);
#11769 = ORIENTED_EDGE('',*,*,#11749,.F.);
#11770 = ADVANCED_FACE('',(#11771),#11737,.F.);
#11771 = FACE_BOUND('',#11772,.T.);
#11772 = EDGE_LOOP('',(#11773));
#11773 = ORIENTED_EDGE('',*,*,#11720,.F.);
#11774 = ADVANCED_FACE('',(#11775),#9586,.T.);
#11775 = FACE_BOUND('',#11776,.T.);
#11776 = EDGE_LOOP('',(#11777,#11778,#11802,#11828,#11829));
#11777 = ORIENTED_EDGE('',*,*,#9569,.T.);
#11778 = ORIENTED_EDGE('',*,*,#11779,.T.);
#11779 = EDGE_CURVE('',#9570,#11780,#11782,.T.);
#11780 = VERTEX_POINT('',#11781);
#11781 = CARTESIAN_POINT('',(-4.321248536781,4.704039503149,
    -4.073003972849E-04));
#11782 = SURFACE_CURVE('',#11783,(#11788,#11795),.PCURVE_S1.);
#11783 = CIRCLE('',#11784,6.3881);
#11784 = AXIS2_PLACEMENT_3D('',#11785,#11786,#11787);
#11785 = CARTESIAN_POINT('',(1.684643873495E-03,8.416218593896E-04,
    -2.846947421702E-04));
#11786 = DIRECTION('',(-1.296752066396E-05,1.414950665963E-05,
    0.999999999816));
#11787 = DIRECTION('',(0.999999976639,-2.157622180403E-04,
    1.297057329236E-05));
#11788 = PCURVE('',#9586,#11789);
#11789 = DEFINITIONAL_REPRESENTATION('',(#11790),#11794);
#11790 = CIRCLE('',#11791,6.3881);
#11791 = AXIS2_PLACEMENT_2D('',#11792,#11793);
#11792 = CARTESIAN_POINT('',(0.,0.));
#11793 = DIRECTION('',(3.459925896308E-20,1.));
#11794 = ( GEOMETRIC_REPRESENTATION_CONTEXT(2) 
PARAMETRIC_REPRESENTATION_CONTEXT() REPRESENTATION_CONTEXT('2D SPACE',''
  ) );
#11795 = PCURVE('',#9465,#11796);
#11796 = DEFINITIONAL_REPRESENTATION('',(#11797),#11801);
#11797 = LINE('',#11798,#11799);
#11798 = CARTESIAN_POINT('',(6.28318530718,0.));
#11799 = VECTOR('',#11800,1.);
#11800 = DIRECTION('',(-1.,0.));
#11801 = ( GEOMETRIC_REPRESENTATION_CONTEXT(2) 
PARAMETRIC_REPRESENTATION_CONTEXT() REPRESENTATION_CONTEXT('2D SPACE',''
  ) );
#11802 = ORIENTED_EDGE('',*,*,#11803,.T.);
#11803 = EDGE_CURVE('',#11780,#10287,#11804,.T.);
#11804 = SURFACE_CURVE('',#11805,(#11810,#11821),.PCURVE_S1.);
#11805 = CIRCLE('',#11806,1.389);
#11806 = AXIS2_PLACEMENT_3D('',#11807,#11808,#11809);
#11807 = CARTESIAN_POINT('',(-3.546871951034,3.550929836746,
    -3.809427199979E-04));
#11808 = DIRECTION('',(1.296752066396E-05,-1.414950665963E-05,
    -0.999999999816));
#11809 = DIRECTION('',(-0.999999976639,2.157622180403E-04,
    -1.297057329236E-05));
#11810 = PCURVE('',#9586,#11811);
#11811 = DEFINITIONAL_REPRESENTATION('',(#11812),#11820);
#11812 = ( BOUNDED_CURVE() B_SPLINE_CURVE(2,(#11813,#11814,#11815,#11816
    ,#11817,#11818,#11819),.UNSPECIFIED.,.T.,.F.) 
B_SPLINE_CURVE_WITH_KNOTS((1,2,2,2,2,1),(-2.094395102393,0.,
    2.094395102393,4.188790204786,6.28318530718,8.377580409573),
.UNSPECIFIED.) CURVE() GEOMETRIC_REPRESENTATION_ITEM() 
RATIONAL_B_SPLINE_CURVE((1.,0.5,1.,0.5,1.,0.5,1.)) REPRESENTATION_ITEM(
  '') );
#11813 = CARTESIAN_POINT('',(-3.549322488166,-4.938322488166));
#11814 = CARTESIAN_POINT('',(-5.955141059879,-4.938322488166));
#11815 = CARTESIAN_POINT('',(-4.752231774023,-2.854822488166));
#11816 = CARTESIAN_POINT('',(-3.549322488166,-0.771322488166));
#11817 = CARTESIAN_POINT('',(-2.346413202309,-2.854822488166));
#11818 = CARTESIAN_POINT('',(-1.143503916453,-4.938322488166));
#11819 = CARTESIAN_POINT('',(-3.549322488166,-4.938322488166));
#11820 = ( GEOMETRIC_REPRESENTATION_CONTEXT(2) 
PARAMETRIC_REPRESENTATION_CONTEXT() REPRESENTATION_CONTEXT('2D SPACE',''
  ) );
#11821 = PCURVE('',#9432,#11822);
#11822 = DEFINITIONAL_REPRESENTATION('',(#11823),#11827);
#11823 = LINE('',#11824,#11825);
#11824 = CARTESIAN_POINT('',(0.,2.0000001));
#11825 = VECTOR('',#11826,1.);
#11826 = DIRECTION('',(1.,0.));
#11827 = ( GEOMETRIC_REPRESENTATION_CONTEXT(2) 
PARAMETRIC_REPRESENTATION_CONTEXT() REPRESENTATION_CONTEXT('2D SPACE',''
  ) );
#11828 = ORIENTED_EDGE('',*,*,#10342,.T.);
#11829 = ORIENTED_EDGE('',*,*,#9737,.T.);
#11830 = ADVANCED_FACE('',(#11831),#9830,.F.);
#11831 = FACE_BOUND('',#11832,.F.);
#11832 = EDGE_LOOP('',(#11833,#11834,#11835,#11857,#11890,#11934,#11967,
    #12011,#12037,#12038,#12066,#12122,#12148));
#11833 = ORIENTED_EDGE('',*,*,#10645,.T.);
#11834 = ORIENTED_EDGE('',*,*,#10669,.T.);
#11835 = ORIENTED_EDGE('',*,*,#11836,.T.);
#11836 = EDGE_CURVE('',#10646,#11837,#11839,.T.);
#11837 = VERTEX_POINT('',#11838);
#11838 = CARTESIAN_POINT('',(-3.649379832691,1.427082882875E-03,
    -14.30053205091));
#11839 = SEAM_CURVE('',#11840,(#11843,#11850),.PCURVE_S1.);
#11840 = B_SPLINE_CURVE_WITH_KNOTS('',1,(#11841,#11842),.UNSPECIFIED.,
  .F.,.F.,(2,2),(-0.33675960454,0.33675960454),
  .PIECEWISE_BEZIER_KNOTS.);
#11841 = CARTESIAN_POINT('',(-3.173136019598,1.33106482908E-03,
    -13.82427587376));
#11842 = CARTESIAN_POINT('',(-3.649379832692,1.427082882875E-03,
    -14.30053205091));
#11843 = PCURVE('',#9830,#11844);
#11844 = DEFINITIONAL_REPRESENTATION('',(#11845),#11849);
#11845 = LINE('',#11846,#11847);
#11846 = CARTESIAN_POINT('',(6.28318530718,0.));
#11847 = VECTOR('',#11848,1.);
#11848 = DIRECTION('',(0.,1.));
#11849 = ( GEOMETRIC_REPRESENTATION_CONTEXT(2) 
PARAMETRIC_REPRESENTATION_CONTEXT() REPRESENTATION_CONTEXT('2D SPACE',''
  ) );
#11850 = PCURVE('',#9830,#11851);
#11851 = DEFINITIONAL_REPRESENTATION('',(#11852),#11856);
#11852 = LINE('',#11853,#11854);
#11853 = CARTESIAN_POINT('',(4.138911435803E-13,0.));
#11854 = VECTOR('',#11855,1.);
#11855 = DIRECTION('',(0.,1.));
#11856 = ( GEOMETRIC_REPRESENTATION_CONTEXT(2) 
PARAMETRIC_REPRESENTATION_CONTEXT() REPRESENTATION_CONTEXT('2D SPACE',''
  ) );
#11857 = ORIENTED_EDGE('',*,*,#11858,.F.);
#11858 = EDGE_CURVE('',#11859,#11837,#11861,.T.);
#11859 = VERTEX_POINT('',#11860);
#11860 = CARTESIAN_POINT('',(-2.720644697063,-2.432371166944,
    -14.30048557047));
#11861 = SURFACE_CURVE('',#11862,(#11867,#11874),.PCURVE_S1.);
#11862 = CIRCLE('',#11863,3.65125);
#11863 = AXIS2_PLACEMENT_3D('',#11864,#11865,#11866);
#11864 = CARTESIAN_POINT('',(1.870082012494E-03,6.392810842556E-04,
    -14.3004846921));
#11865 = DIRECTION('',(1.296752066396E-05,-1.414950665963E-05,
    -0.999999999816));
#11866 = DIRECTION('',(-0.999999976639,2.157622180403E-04,
    -1.297057329236E-05));
#11867 = PCURVE('',#9830,#11868);
#11868 = DEFINITIONAL_REPRESENTATION('',(#11869),#11873);
#11869 = LINE('',#11870,#11871);
#11870 = CARTESIAN_POINT('',(0.,0.238124999999));
#11871 = VECTOR('',#11872,1.);
#11872 = DIRECTION('',(1.,0.));
#11873 = ( GEOMETRIC_REPRESENTATION_CONTEXT(2) 
PARAMETRIC_REPRESENTATION_CONTEXT() REPRESENTATION_CONTEXT('2D SPACE',''
  ) );
#11874 = PCURVE('',#11875,#11880);
#11875 = PLANE('',#11876);
#11876 = AXIS2_PLACEMENT_3D('',#11877,#11878,#11879);
#11877 = CARTESIAN_POINT('',(1.870082012494E-03,6.392810842556E-04,
    -14.3004846921));
#11878 = DIRECTION('',(-1.296752066396E-05,1.414950665963E-05,
    0.999999999816));
#11879 = DIRECTION('',(-2.157624015277E-04,-0.999999976623,
    1.414670842806E-05));
#11880 = DEFINITIONAL_REPRESENTATION('',(#11881),#11889);
#11881 = ( BOUNDED_CURVE() B_SPLINE_CURVE(2,(#11882,#11883,#11884,#11885
    ,#11886,#11887,#11888),.UNSPECIFIED.,.T.,.F.) 
B_SPLINE_CURVE_WITH_KNOTS((1,2,2,2,2,1),(-2.094395102393,0.,
    2.094395102393,4.188790204786,6.28318530718,8.377580409573),
.UNSPECIFIED.) CURVE() GEOMETRIC_REPRESENTATION_ITEM() 
RATIONAL_B_SPLINE_CURVE((1.,0.5,1.,0.5,1.,0.5,1.)) REPRESENTATION_ITEM(
  '') );
#11882 = CARTESIAN_POINT('',(-1.263305442889E-19,-3.65125));
#11883 = CARTESIAN_POINT('',(-6.324150511136,-3.65125));
#11884 = CARTESIAN_POINT('',(-3.162075255568,1.825625));
#11885 = CARTESIAN_POINT('',(-8.940456639888E-16,7.3025));
#11886 = CARTESIAN_POINT('',(3.162075255568,1.825625));
#11887 = CARTESIAN_POINT('',(6.324150511136,-3.65125));
#11888 = CARTESIAN_POINT('',(-1.263305442889E-19,-3.65125));
#11889 = ( GEOMETRIC_REPRESENTATION_CONTEXT(2) 
PARAMETRIC_REPRESENTATION_CONTEXT() REPRESENTATION_CONTEXT('2D SPACE',''
  ) );
#11890 = ORIENTED_EDGE('',*,*,#11891,.T.);
#11891 = EDGE_CURVE('',#11859,#11892,#11894,.T.);
#11892 = VERTEX_POINT('',#11893);
#11893 = CARTESIAN_POINT('',(-2.432314971652,-2.72082534058,
    -14.30047775007));
#11894 = SURFACE_CURVE('',#11895,(#11906,#11920),.PCURVE_S1.);
#11895 = B_SPLINE_CURVE_WITH_KNOTS('',5,(#11896,#11897,#11898,#11899,
    #11900,#11901,#11902,#11903,#11904,#11905),.UNSPECIFIED.,.F.,.F.,(6,
    4,6),(0.,0.500224060601,1.),.UNSPECIFIED.);
#11896 = CARTESIAN_POINT('',(-2.720644697065,-2.432371166943,
    -14.30048557047));
#11897 = CARTESIAN_POINT('',(-2.688769136645,-2.456018173082,
    -14.2924743389));
#11898 = CARTESIAN_POINT('',(-2.657035726542,-2.481324992653,
    -14.28619241524));
#11899 = CARTESIAN_POINT('',(-2.62573171616,-2.508233135369,
    -14.28188146691));
#11900 = CARTESIAN_POINT('',(-2.595194340055,-2.536581870623,
    -14.27972860983));
#11901 = CARTESIAN_POINT('',(-2.536370558598,-2.59543894369,
    -14.27973473808));
#11902 = CARTESIAN_POINT('',(-2.508064172007,-2.625963323281,
    -14.28188986439));
#11903 = CARTESIAN_POINT('',(-2.48119639462,-2.657251768536,
    -14.28619890917));
#11904 = CARTESIAN_POINT('',(-2.455927272367,-2.688967917566,
    -14.2924751973));
#11905 = CARTESIAN_POINT('',(-2.432314971651,-2.720825340582,
    -14.30047775007));
#11906 = PCURVE('',#9830,#11907);
#11907 = DEFINITIONAL_REPRESENTATION('',(#11908),#11919);
#11908 = B_SPLINE_CURVE_WITH_KNOTS('',5,(#11909,#11910,#11911,#11912,
    #11913,#11914,#11915,#11916,#11917,#11918),.UNSPECIFIED.,.F.,.F.,(6,
    4,6),(0.,0.500224060601,1.),.UNSPECIFIED.);
#11909 = CARTESIAN_POINT('',(5.553666657014,0.238124999999));
#11910 = CARTESIAN_POINT('',(5.543020284952,0.230114516365));
#11911 = CARTESIAN_POINT('',(5.532002597316,0.223833362291));
#11912 = CARTESIAN_POINT('',(5.520696050511,0.219523200632));
#11913 = CARTESIAN_POINT('',(5.509226851998,0.217371140669));
#11914 = CARTESIAN_POINT('',(5.486306336094,0.217378864523));
#11915 = CARTESIAN_POINT('',(5.474847838031,0.219534789793));
#11916 = CARTESIAN_POINT('',(5.463551941177,0.223844625696));
#11917 = CARTESIAN_POINT('',(5.452544468092,0.230121690275));
#11918 = CARTESIAN_POINT('',(5.44190763055,0.238124999999));
#11919 = ( GEOMETRIC_REPRESENTATION_CONTEXT(2) 
PARAMETRIC_REPRESENTATION_CONTEXT() REPRESENTATION_CONTEXT('2D SPACE',''
  ) );
#11920 = PCURVE('',#9366,#11921);
#11921 = DEFINITIONAL_REPRESENTATION('',(#11922),#11933);
#11922 = B_SPLINE_CURVE_WITH_KNOTS('',5,(#11923,#11924,#11925,#11926,
    #11927,#11928,#11929,#11930,#11931,#11932),.UNSPECIFIED.,.F.,.F.,(6,
    4,6),(0.,0.500224060601,1.),.UNSPECIFIED.);
#11923 = CARTESIAN_POINT('',(2.208848431738,16.300200099999));
#11924 = CARTESIAN_POINT('',(2.237422475377,16.292189616365));
#11925 = CARTESIAN_POINT('',(2.266626397791,16.285908462291));
#11926 = CARTESIAN_POINT('',(2.296316830266,16.281598300632));
#11927 = CARTESIAN_POINT('',(2.326293942382,16.279446240669));
#11928 = CARTESIAN_POINT('',(2.386202461783,16.279453964523));
#11929 = CARTESIAN_POINT('',(2.416151974686,16.281609889793));
#11930 = CARTESIAN_POINT('',(2.445814932084,16.285919725696));
#11931 = CARTESIAN_POINT('',(2.474992094925,16.292196790275));
#11932 = CARTESIAN_POINT('',(2.503540548647,16.300200099999));
#11933 = ( GEOMETRIC_REPRESENTATION_CONTEXT(2) 
PARAMETRIC_REPRESENTATION_CONTEXT() REPRESENTATION_CONTEXT('2D SPACE',''
  ) );
#11934 = ORIENTED_EDGE('',*,*,#11935,.F.);
#11935 = EDGE_CURVE('',#11936,#11892,#11938,.T.);
#11936 = VERTEX_POINT('',#11937);
#11937 = CARTESIAN_POINT('',(2.43488052958,-2.721875497501,
    -14.30041461975));
#11938 = SURFACE_CURVE('',#11939,(#11944,#11951),.PCURVE_S1.);
#11939 = CIRCLE('',#11940,3.65125);
#11940 = AXIS2_PLACEMENT_3D('',#11941,#11942,#11943);
#11941 = CARTESIAN_POINT('',(1.870082012494E-03,6.392810842556E-04,
    -14.3004846921));
#11942 = DIRECTION('',(1.296752066396E-05,-1.414950665963E-05,
    -0.999999999816));
#11943 = DIRECTION('',(-0.999999976639,2.157622180403E-04,
    -1.297057329236E-05));
#11944 = PCURVE('',#9830,#11945);
#11945 = DEFINITIONAL_REPRESENTATION('',(#11946),#11950);
#11946 = LINE('',#11947,#11948);
#11947 = CARTESIAN_POINT('',(0.,0.238124999999));
#11948 = VECTOR('',#11949,1.);
#11949 = DIRECTION('',(1.,0.));
#11950 = ( GEOMETRIC_REPRESENTATION_CONTEXT(2) 
PARAMETRIC_REPRESENTATION_CONTEXT() REPRESENTATION_CONTEXT('2D SPACE',''
  ) );
#11951 = PCURVE('',#11952,#11957);
#11952 = PLANE('',#11953);
#11953 = AXIS2_PLACEMENT_3D('',#11954,#11955,#11956);
#11954 = CARTESIAN_POINT('',(1.870082012494E-03,6.392810842556E-04,
    -14.3004846921));
#11955 = DIRECTION('',(-1.296752066396E-05,1.414950665963E-05,
    0.999999999816));
#11956 = DIRECTION('',(-2.157624015277E-04,-0.999999976623,
    1.414670842806E-05));
#11957 = DEFINITIONAL_REPRESENTATION('',(#11958),#11966);
#11958 = ( BOUNDED_CURVE() B_SPLINE_CURVE(2,(#11959,#11960,#11961,#11962
    ,#11963,#11964,#11965),.UNSPECIFIED.,.T.,.F.) 
B_SPLINE_CURVE_WITH_KNOTS((1,2,2,2,2,1),(-2.094395102393,0.,
    2.094395102393,4.188790204786,6.28318530718,8.377580409573),
.UNSPECIFIED.) CURVE() GEOMETRIC_REPRESENTATION_ITEM() 
RATIONAL_B_SPLINE_CURVE((1.,0.5,1.,0.5,1.,0.5,1.)) REPRESENTATION_ITEM(
  '') );
#11959 = CARTESIAN_POINT('',(-1.263305442889E-19,-3.65125));
#11960 = CARTESIAN_POINT('',(-6.324150511136,-3.65125));
#11961 = CARTESIAN_POINT('',(-3.162075255568,1.825625));
#11962 = CARTESIAN_POINT('',(-8.940456639888E-16,7.3025));
#11963 = CARTESIAN_POINT('',(3.162075255568,1.825625));
#11964 = CARTESIAN_POINT('',(6.324150511136,-3.65125));
#11965 = CARTESIAN_POINT('',(-1.263305442889E-19,-3.65125));
#11966 = ( GEOMETRIC_REPRESENTATION_CONTEXT(2) 
PARAMETRIC_REPRESENTATION_CONTEXT() REPRESENTATION_CONTEXT('2D SPACE',''
  ) );
#11967 = ORIENTED_EDGE('',*,*,#11968,.T.);
#11968 = EDGE_CURVE('',#11936,#11969,#11971,.T.);
#11969 = VERTEX_POINT('',#11970);
#11970 = CARTESIAN_POINT('',(2.723334703273,-2.433545772042,
    -14.30041495894));
#11971 = SURFACE_CURVE('',#11972,(#11983,#11997),.PCURVE_S1.);
#11972 = B_SPLINE_CURVE_WITH_KNOTS('',5,(#11973,#11974,#11975,#11976,
    #11977,#11978,#11979,#11980,#11981,#11982),.UNSPECIFIED.,.F.,.F.,(6,
    4,6),(0.,0.500550546393,1.),.UNSPECIFIED.);
#11973 = CARTESIAN_POINT('',(2.434880529579,-2.721875497503,
    -14.30041461975));
#11974 = CARTESIAN_POINT('',(2.458542971494,-2.689978925466,
    -14.29239905489));
#11975 = CARTESIAN_POINT('',(2.483867418523,-2.658224699468,
    -14.2861150438));
#11976 = CARTESIAN_POINT('',(2.510795228857,-2.626900697866,
    -14.28180474259));
#11977 = CARTESIAN_POINT('',(2.53916527379,-2.596344852062,
    -14.27965557003));
#11978 = CARTESIAN_POINT('',(2.598028101884,-2.5375268282,
    -14.27967461753));
#11979 = CARTESIAN_POINT('',(2.628534055425,-2.509241788428,
    -14.2818333568));
#11980 = CARTESIAN_POINT('',(2.659802612271,-2.4823937746,
    -14.28614292597));
#11981 = CARTESIAN_POINT('',(2.691498099249,-2.457142432123,
    -14.292416956));
#11982 = CARTESIAN_POINT('',(2.723334703275,-2.433545772041,
    -14.30041495894));
#11983 = PCURVE('',#9830,#11984);
#11984 = DEFINITIONAL_REPRESENTATION('',(#11985),#11996);
#11985 = B_SPLINE_CURVE_WITH_KNOTS('',5,(#11986,#11987,#11988,#11989,
    #11990,#11991,#11992,#11993,#11994,#11995),.UNSPECIFIED.,.F.,.F.,(6,
    4,6),(0.,0.500550546393,1.),.UNSPECIFIED.);
#11986 = CARTESIAN_POINT('',(3.982870330219,0.238124999999));
#11987 = CARTESIAN_POINT('',(3.97221701292,0.230109290669));
#11988 = CARTESIAN_POINT('',(3.961191883304,0.223825158668));
#11989 = CARTESIAN_POINT('',(3.949877576538,0.219514763424));
#11990 = CARTESIAN_POINT('',(3.938400581247,0.2173655264));
#11991 = CARTESIAN_POINT('',(3.915480065694,0.217384504959));
#11992 = CARTESIAN_POINT('',(3.904029362879,0.219543239597));
#11993 = CARTESIAN_POINT('',(3.892741224462,0.223852834357));
#11994 = CARTESIAN_POINT('',(3.881741193225,0.230126918105));
#11995 = CARTESIAN_POINT('',(3.871111303755,0.238124999999));
#11996 = ( GEOMETRIC_REPRESENTATION_CONTEXT(2) 
PARAMETRIC_REPRESENTATION_CONTEXT() REPRESENTATION_CONTEXT('2D SPACE',''
  ) );
#11997 = PCURVE('',#9300,#11998);
#11998 = DEFINITIONAL_REPRESENTATION('',(#11999),#12010);
#11999 = B_SPLINE_CURVE_WITH_KNOTS('',5,(#12000,#12001,#12002,#12003,
    #12004,#12005,#12006,#12007,#12008,#12009),.UNSPECIFIED.,.F.,.F.,(6,
    4,6),(0.,0.500550546393,1.),.UNSPECIFIED.);
#12000 = CARTESIAN_POINT('',(0.638052104943,16.300200099999));
#12001 = CARTESIAN_POINT('',(0.666644789065,16.292184390669));
#12002 = CARTESIAN_POINT('',(0.69586820733,16.285900258668));
#12003 = CARTESIAN_POINT('',(0.725578658762,16.281589863424));
#12004 = CARTESIAN_POINT('',(0.755575880801,16.2794406264));
#12005 = CARTESIAN_POINT('',(0.815484400945,16.279459604959));
#12006 = CARTESIAN_POINT('',(0.84541380792,16.281618339597));
#12007 = CARTESIAN_POINT('',(0.875056749419,16.285927934357));
#12008 = CARTESIAN_POINT('',(0.904214416223,16.292202018105));
#12009 = CARTESIAN_POINT('',(0.932744221852,16.300200099999));
#12010 = ( GEOMETRIC_REPRESENTATION_CONTEXT(2) 
PARAMETRIC_REPRESENTATION_CONTEXT() REPRESENTATION_CONTEXT('2D SPACE',''
  ) );
#12011 = ORIENTED_EDGE('',*,*,#12012,.F.);
#12012 = EDGE_CURVE('',#9793,#11969,#12013,.T.);
#12013 = SURFACE_CURVE('',#12014,(#12019,#12026),.PCURVE_S1.);
#12014 = CIRCLE('',#12015,3.65125);
#12015 = AXIS2_PLACEMENT_3D('',#12016,#12017,#12018);
#12016 = CARTESIAN_POINT('',(1.870082012494E-03,6.392810842556E-04,
    -14.3004846921));
#12017 = DIRECTION('',(1.296752066396E-05,-1.414950665963E-05,
    -0.999999999816));
#12018 = DIRECTION('',(-0.999999976639,2.157622180403E-04,
    -1.297057329236E-05));
#12019 = PCURVE('',#9830,#12020);
#12020 = DEFINITIONAL_REPRESENTATION('',(#12021),#12025);
#12021 = LINE('',#12022,#12023);
#12022 = CARTESIAN_POINT('',(0.,0.238124999999));
#12023 = VECTOR('',#12024,1.);
#12024 = DIRECTION('',(1.,0.));
#12025 = ( GEOMETRIC_REPRESENTATION_CONTEXT(2) 
PARAMETRIC_REPRESENTATION_CONTEXT() REPRESENTATION_CONTEXT('2D SPACE',''
  ) );
#12026 = PCURVE('',#9870,#12027);
#12027 = DEFINITIONAL_REPRESENTATION('',(#12028),#12036);
#12028 = ( BOUNDED_CURVE() B_SPLINE_CURVE(2,(#12029,#12030,#12031,#12032
    ,#12033,#12034,#12035),.UNSPECIFIED.,.T.,.F.) 
B_SPLINE_CURVE_WITH_KNOTS((1,2,2,2,2,1),(-2.094395102393,0.,
    2.094395102393,4.188790204786,6.28318530718,8.377580409573),
.UNSPECIFIED.) CURVE() GEOMETRIC_REPRESENTATION_ITEM() 
RATIONAL_B_SPLINE_CURVE((1.,0.5,1.,0.5,1.,0.5,1.)) REPRESENTATION_ITEM(
  '') );
#12029 = CARTESIAN_POINT('',(-1.263305442889E-19,-3.65125));
#12030 = CARTESIAN_POINT('',(-6.324150511136,-3.65125));
#12031 = CARTESIAN_POINT('',(-3.162075255568,1.825625));
#12032 = CARTESIAN_POINT('',(-8.940456639888E-16,7.3025));
#12033 = CARTESIAN_POINT('',(3.162075255568,1.825625));
#12034 = CARTESIAN_POINT('',(6.324150511136,-3.65125));
#12035 = CARTESIAN_POINT('',(-1.263305442889E-19,-3.65125));
#12036 = ( GEOMETRIC_REPRESENTATION_CONTEXT(2) 
PARAMETRIC_REPRESENTATION_CONTEXT() REPRESENTATION_CONTEXT('2D SPACE',''
  ) );
#12037 = ORIENTED_EDGE('',*,*,#9792,.T.);
#12038 = ORIENTED_EDGE('',*,*,#12039,.F.);
#12039 = EDGE_CURVE('',#12040,#9765,#12042,.T.);
#12040 = VERTEX_POINT('',#12041);
#12041 = CARTESIAN_POINT('',(-2.431140365555,2.72315405967,
    -14.30055476446));
#12042 = SURFACE_CURVE('',#12043,(#12048,#12055),.PCURVE_S1.);
#12043 = CIRCLE('',#12044,3.65125);
#12044 = AXIS2_PLACEMENT_3D('',#12045,#12046,#12047);
#12045 = CARTESIAN_POINT('',(1.870082012494E-03,6.392810842556E-04,
    -14.3004846921));
#12046 = DIRECTION('',(1.296752066396E-05,-1.414950665963E-05,
    -0.999999999816));
#12047 = DIRECTION('',(-0.999999976639,2.157622180403E-04,
    -1.297057329236E-05));
#12048 = PCURVE('',#9830,#12049);
#12049 = DEFINITIONAL_REPRESENTATION('',(#12050),#12054);
#12050 = LINE('',#12051,#12052);
#12051 = CARTESIAN_POINT('',(0.,0.238124999999));
#12052 = VECTOR('',#12053,1.);
#12053 = DIRECTION('',(1.,0.));
#12054 = ( GEOMETRIC_REPRESENTATION_CONTEXT(2) 
PARAMETRIC_REPRESENTATION_CONTEXT() REPRESENTATION_CONTEXT('2D SPACE',''
  ) );
#12055 = PCURVE('',#9530,#12056);
#12056 = DEFINITIONAL_REPRESENTATION('',(#12057),#12065);
#12057 = ( BOUNDED_CURVE() B_SPLINE_CURVE(2,(#12058,#12059,#12060,#12061
    ,#12062,#12063,#12064),.UNSPECIFIED.,.T.,.F.) 
B_SPLINE_CURVE_WITH_KNOTS((1,2,2,2,2,1),(-2.094395102393,0.,
    2.094395102393,4.188790204786,6.28318530718,8.377580409573),
.UNSPECIFIED.) CURVE() GEOMETRIC_REPRESENTATION_ITEM() 
RATIONAL_B_SPLINE_CURVE((1.,0.5,1.,0.5,1.,0.5,1.)) REPRESENTATION_ITEM(
  '') );
#12058 = CARTESIAN_POINT('',(-1.263305442889E-19,-3.65125));
#12059 = CARTESIAN_POINT('',(-6.324150511136,-3.65125));
#12060 = CARTESIAN_POINT('',(-3.162075255568,1.825625));
#12061 = CARTESIAN_POINT('',(-8.940456639888E-16,7.3025));
#12062 = CARTESIAN_POINT('',(3.162075255568,1.825625));
#12063 = CARTESIAN_POINT('',(6.324150511136,-3.65125));
#12064 = CARTESIAN_POINT('',(-1.263305442889E-19,-3.65125));
#12065 = ( GEOMETRIC_REPRESENTATION_CONTEXT(2) 
PARAMETRIC_REPRESENTATION_CONTEXT() REPRESENTATION_CONTEXT('2D SPACE',''
  ) );
#12066 = ORIENTED_EDGE('',*,*,#12067,.T.);
#12067 = EDGE_CURVE('',#12040,#12068,#12070,.T.);
#12068 = VERTEX_POINT('',#12069);
#12069 = CARTESIAN_POINT('',(-2.719594539248,2.434824334211,
    -14.30055442527));
#12070 = SURFACE_CURVE('',#12071,(#12086,#12104),.PCURVE_S1.);
#12071 = B_SPLINE_CURVE_WITH_KNOTS('',5,(#12072,#12073,#12074,#12075,
    #12076,#12077,#12078,#12079,#12080,#12081,#12082,#12083,#12084,
    #12085),.UNSPECIFIED.,.F.,.F.,(6,4,4,6),(0.,0.499480247161,
    0.838073975754,1.),.UNSPECIFIED.);
#12072 = CARTESIAN_POINT('',(-2.431140365554,2.723154059672,
    -14.30055476446));
#12073 = CARTESIAN_POINT('',(-2.454752875086,2.691325301633,
    -14.29255589595));
#12074 = CARTESIAN_POINT('',(-2.480020223182,2.659638353194,
    -14.28628132663));
#12075 = CARTESIAN_POINT('',(-2.506884252488,2.628379067393,
    -14.28197160892));
#12076 = CARTESIAN_POINT('',(-2.535185119377,2.597883127125,
    -14.27981315423));
#12077 = CARTESIAN_POINT('',(-2.584501754284,2.54857268555,
    -14.2797983463));
#12078 = CARTESIAN_POINT('',(-2.604933707282,2.529153579776,
    -14.28078014803));
#12079 = CARTESIAN_POINT('',(-2.625770267452,2.510340601894,
    -14.2827502225));
#12080 = CARTESIAN_POINT('',(-2.646905617448,2.492203581138,
    -14.28567054132));
#12081 = CARTESIAN_POINT('',(-2.678437999538,2.466458866737,
    -14.29130190121));
#12082 = CARTESIAN_POINT('',(-2.688684551079,2.458294551033,
    -14.29332722792));
#12083 = CARTESIAN_POINT('',(-2.698965778518,2.450299109956,
    -14.29554940501));
#12084 = CARTESIAN_POINT('',(-2.709272006817,2.442475313951,
    -14.29796112692));
#12085 = CARTESIAN_POINT('',(-2.71959453925,2.43482433421,
    -14.30055442527));
#12086 = PCURVE('',#9830,#12087);
#12087 = DEFINITIONAL_REPRESENTATION('',(#12088),#12103);
#12088 = B_SPLINE_CURVE_WITH_KNOTS('',5,(#12089,#12090,#12091,#12092,
    #12093,#12094,#12095,#12096,#12097,#12098,#12099,#12100,#12101,
    #12102),.UNSPECIFIED.,.F.,.F.,(6,4,4,6),(0.,0.499480247161,
    0.838073975754,1.),.UNSPECIFIED.);
#12089 = CARTESIAN_POINT('',(0.841277676629,0.238124999999));
#12090 = CARTESIAN_POINT('',(0.830646933311,0.230126275657));
#12091 = CARTESIAN_POINT('',(0.819645989621,0.22385182704));
#12092 = CARTESIAN_POINT('',(0.808356900811,0.219542203277));
#12093 = CARTESIAN_POINT('',(0.796905243774,0.217383813098));
#12094 = CARTESIAN_POINT('',(0.777695803546,0.217369063369));
#12095 = CARTESIAN_POINT('',(0.769933983544,0.218350874918));
#12096 = CARTESIAN_POINT('',(0.762220946375,0.220320945385));
#12097 = CARTESIAN_POINT('',(0.754600365054,0.223241246763));
#12098 = CARTESIAN_POINT('',(0.743525108397,0.228872562029));
#12099 = CARTESIAN_POINT('',(0.739971255576,0.23089787139));
#12100 = CARTESIAN_POINT('',(0.736450275135,0.233120028284));
#12101 = CARTESIAN_POINT('',(0.732965251871,0.235531727249));
#12102 = CARTESIAN_POINT('',(0.729518650166,0.238124999999));
#12103 = ( GEOMETRIC_REPRESENTATION_CONTEXT(2) 
PARAMETRIC_REPRESENTATION_CONTEXT() REPRESENTATION_CONTEXT('2D SPACE',''
  ) );
#12104 = PCURVE('',#9432,#12105);
#12105 = DEFINITIONAL_REPRESENTATION('',(#12106),#12121);
#12106 = B_SPLINE_CURVE_WITH_KNOTS('',5,(#12107,#12108,#12109,#12110,
    #12111,#12112,#12113,#12114,#12115,#12116,#12117,#12118,#12119,
    #12120),.UNSPECIFIED.,.F.,.F.,(6,4,4,6),(0.,0.499480247161,
    0.838073975754,1.),.UNSPECIFIED.);
#12107 = CARTESIAN_POINT('',(3.779644758533,16.300200099999));
#12108 = CARTESIAN_POINT('',(3.808176855827,16.292201375657));
#12109 = CARTESIAN_POINT('',(3.83733691295,16.28592692704));
#12110 = CARTESIAN_POINT('',(3.866982306325,16.281617303277));
#12111 = CARTESIAN_POINT('',(3.896914174442,16.279458913098));
#12112 = CARTESIAN_POINT('',(3.947122867559,16.279444163369));
#12113 = CARTESIAN_POINT('',(3.967410113914,16.280425974918));
#12114 = CARTESIAN_POINT('',(3.987612241827,16.282396045385));
#12115 = CARTESIAN_POINT('',(4.007657042236,16.285316346763));
#12116 = CARTESIAN_POINT('',(4.036963933071,16.290947662029));
#12117 = CARTESIAN_POINT('',(4.046395549257,16.29297297139));
#12118 = CARTESIAN_POINT('',(4.055771395198,16.295195128284));
#12119 = CARTESIAN_POINT('',(4.065086461594,16.297606827249));
#12120 = CARTESIAN_POINT('',(4.074336875442,16.300200099999));
#12121 = ( GEOMETRIC_REPRESENTATION_CONTEXT(2) 
PARAMETRIC_REPRESENTATION_CONTEXT() REPRESENTATION_CONTEXT('2D SPACE',''
  ) );
#12122 = ORIENTED_EDGE('',*,*,#12123,.F.);
#12123 = EDGE_CURVE('',#11837,#12068,#12124,.T.);
#12124 = SURFACE_CURVE('',#12125,(#12130,#12137),.PCURVE_S1.);
#12125 = CIRCLE('',#12126,3.65125);
#12126 = AXIS2_PLACEMENT_3D('',#12127,#12128,#12129);
#12127 = CARTESIAN_POINT('',(1.870082012494E-03,6.392810842556E-04,
    -14.3004846921));
#12128 = DIRECTION('',(1.296752066396E-05,-1.414950665963E-05,
    -0.999999999816));
#12129 = DIRECTION('',(-0.999999976639,2.157622180403E-04,
    -1.297057329236E-05));
#12130 = PCURVE('',#9830,#12131);
#12131 = DEFINITIONAL_REPRESENTATION('',(#12132),#12136);
#12132 = LINE('',#12133,#12134);
#12133 = CARTESIAN_POINT('',(0.,0.238124999999));
#12134 = VECTOR('',#12135,1.);
#12135 = DIRECTION('',(1.,0.));
#12136 = ( GEOMETRIC_REPRESENTATION_CONTEXT(2) 
PARAMETRIC_REPRESENTATION_CONTEXT() REPRESENTATION_CONTEXT('2D SPACE',''
  ) );
#12137 = PCURVE('',#11875,#12138);
#12138 = DEFINITIONAL_REPRESENTATION('',(#12139),#12147);
#12139 = ( BOUNDED_CURVE() B_SPLINE_CURVE(2,(#12140,#12141,#12142,#12143
    ,#12144,#12145,#12146),.UNSPECIFIED.,.T.,.F.) 
B_SPLINE_CURVE_WITH_KNOTS((1,2,2,2,2,1),(-2.094395102393,0.,
    2.094395102393,4.188790204786,6.28318530718,8.377580409573),
.UNSPECIFIED.) CURVE() GEOMETRIC_REPRESENTATION_ITEM() 
RATIONAL_B_SPLINE_CURVE((1.,0.5,1.,0.5,1.,0.5,1.)) REPRESENTATION_ITEM(
  '') );
#12140 = CARTESIAN_POINT('',(-1.263305442889E-19,-3.65125));
#12141 = CARTESIAN_POINT('',(-6.324150511136,-3.65125));
#12142 = CARTESIAN_POINT('',(-3.162075255568,1.825625));
#12143 = CARTESIAN_POINT('',(-8.940456639888E-16,7.3025));
#12144 = CARTESIAN_POINT('',(3.162075255568,1.825625));
#12145 = CARTESIAN_POINT('',(6.324150511136,-3.65125));
#12146 = CARTESIAN_POINT('',(-1.263305442889E-19,-3.65125));
#12147 = ( GEOMETRIC_REPRESENTATION_CONTEXT(2) 
PARAMETRIC_REPRESENTATION_CONTEXT() REPRESENTATION_CONTEXT('2D SPACE',''
  ) );
#12148 = ORIENTED_EDGE('',*,*,#11836,.F.);
#12149 = ADVANCED_FACE('',(#12150),#11952,.F.);
#12150 = FACE_BOUND('',#12151,.F.);
#12151 = EDGE_LOOP('',(#12152,#12183,#12211,#12237,#12238));
#12152 = ORIENTED_EDGE('',*,*,#12153,.T.);
#12153 = EDGE_CURVE('',#12154,#12156,#12158,.T.);
#12154 = VERTEX_POINT('',#12155);
#12155 = CARTESIAN_POINT('',(-4.32309224264,-4.700692711046,
    -14.30047425461));
#12156 = VERTEX_POINT('',#12157);
#12157 = CARTESIAN_POINT('',(4.324803262667,-4.702558600206,
    -14.30036208645));
#12158 = SURFACE_CURVE('',#12159,(#12164,#12171),.PCURVE_S1.);
#12159 = CIRCLE('',#12160,6.3881);
#12160 = AXIS2_PLACEMENT_3D('',#12161,#12162,#12163);
#12161 = CARTESIAN_POINT('',(1.870082012494E-03,6.392810842556E-04,
    -14.3004846921));
#12162 = DIRECTION('',(-1.296752066396E-05,1.414950665963E-05,
    0.999999999816));
#12163 = DIRECTION('',(0.999999976639,-2.157622180403E-04,
    1.297057329236E-05));
#12164 = PCURVE('',#11952,#12165);
#12165 = DEFINITIONAL_REPRESENTATION('',(#12166),#12170);
#12166 = CIRCLE('',#12167,6.3881);
#12167 = AXIS2_PLACEMENT_2D('',#12168,#12169);
#12168 = CARTESIAN_POINT('',(0.,0.));
#12169 = DIRECTION('',(3.459925896308E-20,1.));
#12170 = ( GEOMETRIC_REPRESENTATION_CONTEXT(2) 
PARAMETRIC_REPRESENTATION_CONTEXT() REPRESENTATION_CONTEXT('2D SPACE',''
  ) );
#12171 = PCURVE('',#12172,#12177);
#12172 = CYLINDRICAL_SURFACE('',#12173,6.3881);
#12173 = AXIS2_PLACEMENT_3D('',#12174,#12175,#12176);
#12174 = CARTESIAN_POINT('',(1.870082012494E-03,6.392810842556E-04,
    -14.3004846921));
#12175 = DIRECTION('',(1.296752066396E-05,-1.414950665963E-05,
    -0.999999999816));
#12176 = DIRECTION('',(0.999999976639,-2.157622180403E-04,
    1.297057329236E-05));
#12177 = DEFINITIONAL_REPRESENTATION('',(#12178),#12182);
#12178 = LINE('',#12179,#12180);
#12179 = CARTESIAN_POINT('',(6.28318530718,0.));
#12180 = VECTOR('',#12181,1.);
#12181 = DIRECTION('',(-1.,0.));
#12182 = ( GEOMETRIC_REPRESENTATION_CONTEXT(2) 
PARAMETRIC_REPRESENTATION_CONTEXT() REPRESENTATION_CONTEXT('2D SPACE',''
  ) );
#12183 = ORIENTED_EDGE('',*,*,#12184,.T.);
#12184 = EDGE_CURVE('',#12156,#12185,#12187,.T.);
#12185 = VERTEX_POINT('',#12186);
#12186 = CARTESIAN_POINT('',(2.161426709368,-3.549149240082,
    -14.30040646025));
#12187 = SURFACE_CURVE('',#12188,(#12193,#12204),.PCURVE_S1.);
#12188 = CIRCLE('',#12189,1.389);
#12189 = AXIS2_PLACEMENT_3D('',#12190,#12191,#12192);
#12190 = CARTESIAN_POINT('',(3.55042667692,-3.549448933803,
    -14.30038844413));
#12191 = DIRECTION('',(1.296752066396E-05,-1.414950665963E-05,
    -0.999999999816));
#12192 = DIRECTION('',(-0.999999976639,2.157622180403E-04,
    -1.297057329236E-05));
#12193 = PCURVE('',#11952,#12194);
#12194 = DEFINITIONAL_REPRESENTATION('',(#12195),#12203);
#12195 = ( BOUNDED_CURVE() B_SPLINE_CURVE(2,(#12196,#12197,#12198,#12199
    ,#12200,#12201,#12202),.UNSPECIFIED.,.T.,.F.) 
B_SPLINE_CURVE_WITH_KNOTS((1,2,2,2,2,1),(-2.094395102393,0.,
    2.094395102393,4.188790204786,6.28318530718,8.377580409573),
.UNSPECIFIED.) CURVE() GEOMETRIC_REPRESENTATION_ITEM() 
RATIONAL_B_SPLINE_CURVE((1.,0.5,1.,0.5,1.,0.5,1.)) REPRESENTATION_ITEM(
  '') );
#12196 = CARTESIAN_POINT('',(3.549322488166,2.160322488166));
#12197 = CARTESIAN_POINT('',(1.143503916453,2.160322488166));
#12198 = CARTESIAN_POINT('',(2.346413202309,4.243822488166));
#12199 = CARTESIAN_POINT('',(3.549322488166,6.327322488166));
#12200 = CARTESIAN_POINT('',(4.752231774023,4.243822488166));
#12201 = CARTESIAN_POINT('',(5.955141059879,2.160322488166));
#12202 = CARTESIAN_POINT('',(3.549322488166,2.160322488166));
#12203 = ( GEOMETRIC_REPRESENTATION_CONTEXT(2) 
PARAMETRIC_REPRESENTATION_CONTEXT() REPRESENTATION_CONTEXT('2D SPACE',''
  ) );
#12204 = PCURVE('',#9300,#12205);
#12205 = DEFINITIONAL_REPRESENTATION('',(#12206),#12210);
#12206 = LINE('',#12207,#12208);
#12207 = CARTESIAN_POINT('',(0.,16.3002001));
#12208 = VECTOR('',#12209,1.);
#12209 = DIRECTION('',(1.,0.));
#12210 = ( GEOMETRIC_REPRESENTATION_CONTEXT(2) 
PARAMETRIC_REPRESENTATION_CONTEXT() REPRESENTATION_CONTEXT('2D SPACE',''
  ) );
#12211 = ORIENTED_EDGE('',*,*,#12212,.T.);
#12212 = EDGE_CURVE('',#12185,#11936,#12213,.T.);
#12213 = SURFACE_CURVE('',#12214,(#12219,#12230),.PCURVE_S1.);
#12214 = CIRCLE('',#12215,1.389);
#12215 = AXIS2_PLACEMENT_3D('',#12216,#12217,#12218);
#12216 = CARTESIAN_POINT('',(3.55042667692,-3.549448933803,
    -14.30038844413));
#12217 = DIRECTION('',(1.296752066396E-05,-1.414950665963E-05,
    -0.999999999816));
#12218 = DIRECTION('',(-0.999999976639,2.157622180403E-04,
    -1.297057329236E-05));
#12219 = PCURVE('',#11952,#12220);
#12220 = DEFINITIONAL_REPRESENTATION('',(#12221),#12229);
#12221 = ( BOUNDED_CURVE() B_SPLINE_CURVE(2,(#12222,#12223,#12224,#12225
    ,#12226,#12227,#12228),.UNSPECIFIED.,.T.,.F.) 
B_SPLINE_CURVE_WITH_KNOTS((1,2,2,2,2,1),(-2.094395102393,0.,
    2.094395102393,4.188790204786,6.28318530718,8.377580409573),
.UNSPECIFIED.) CURVE() GEOMETRIC_REPRESENTATION_ITEM() 
RATIONAL_B_SPLINE_CURVE((1.,0.5,1.,0.5,1.,0.5,1.)) REPRESENTATION_ITEM(
  '') );
#12222 = CARTESIAN_POINT('',(3.549322488166,2.160322488166));
#12223 = CARTESIAN_POINT('',(1.143503916453,2.160322488166));
#12224 = CARTESIAN_POINT('',(2.346413202309,4.243822488166));
#12225 = CARTESIAN_POINT('',(3.549322488166,6.327322488166));
#12226 = CARTESIAN_POINT('',(4.752231774023,4.243822488166));
#12227 = CARTESIAN_POINT('',(5.955141059879,2.160322488166));
#12228 = CARTESIAN_POINT('',(3.549322488166,2.160322488166));
#12229 = ( GEOMETRIC_REPRESENTATION_CONTEXT(2) 
PARAMETRIC_REPRESENTATION_CONTEXT() REPRESENTATION_CONTEXT('2D SPACE',''
  ) );
#12230 = PCURVE('',#9300,#12231);
#12231 = DEFINITIONAL_REPRESENTATION('',(#12232),#12236);
#12232 = LINE('',#12233,#12234);
#12233 = CARTESIAN_POINT('',(0.,16.3002001));
#12234 = VECTOR('',#12235,1.);
#12235 = DIRECTION('',(1.,0.));
#12236 = ( GEOMETRIC_REPRESENTATION_CONTEXT(2) 
PARAMETRIC_REPRESENTATION_CONTEXT() REPRESENTATION_CONTEXT('2D SPACE',''
  ) );
#12237 = ORIENTED_EDGE('',*,*,#11935,.T.);
#12238 = ORIENTED_EDGE('',*,*,#12239,.T.);
#12239 = EDGE_CURVE('',#11892,#12154,#12240,.T.);
#12240 = SURFACE_CURVE('',#12241,(#12246,#12257),.PCURVE_S1.);
#12241 = CIRCLE('',#12242,1.389);
#12242 = AXIS2_PLACEMENT_3D('',#12243,#12244,#12245);
#12243 = CARTESIAN_POINT('',(-3.548218133582,-3.547917314417,
    -14.30048051762));
#12244 = DIRECTION('',(1.296752066396E-05,-1.414950665963E-05,
    -0.999999999816));
#12245 = DIRECTION('',(-0.999999976639,2.157622180403E-04,
    -1.297057329236E-05));
#12246 = PCURVE('',#11952,#12247);
#12247 = DEFINITIONAL_REPRESENTATION('',(#12248),#12256);
#12248 = ( BOUNDED_CURVE() B_SPLINE_CURVE(2,(#12249,#12250,#12251,#12252
    ,#12253,#12254,#12255),.UNSPECIFIED.,.T.,.F.) 
B_SPLINE_CURVE_WITH_KNOTS((1,2,2,2,2,1),(-2.094395102393,0.,
    2.094395102393,4.188790204786,6.28318530718,8.377580409573),
.UNSPECIFIED.) CURVE() GEOMETRIC_REPRESENTATION_ITEM() 
RATIONAL_B_SPLINE_CURVE((1.,0.5,1.,0.5,1.,0.5,1.)) REPRESENTATION_ITEM(
  '') );
#12249 = CARTESIAN_POINT('',(3.549322488166,-4.938322488166));
#12250 = CARTESIAN_POINT('',(1.143503916453,-4.938322488166));
#12251 = CARTESIAN_POINT('',(2.346413202309,-2.854822488166));
#12252 = CARTESIAN_POINT('',(3.549322488166,-0.771322488166));
#12253 = CARTESIAN_POINT('',(4.752231774023,-2.854822488166));
#12254 = CARTESIAN_POINT('',(5.955141059879,-4.938322488166));
#12255 = CARTESIAN_POINT('',(3.549322488166,-4.938322488166));
#12256 = ( GEOMETRIC_REPRESENTATION_CONTEXT(2) 
PARAMETRIC_REPRESENTATION_CONTEXT() REPRESENTATION_CONTEXT('2D SPACE',''
  ) );
#12257 = PCURVE('',#9366,#12258);
#12258 = DEFINITIONAL_REPRESENTATION('',(#12259),#12263);
#12259 = LINE('',#12260,#12261);
#12260 = CARTESIAN_POINT('',(0.,16.3002001));
#12261 = VECTOR('',#12262,1.);
#12262 = DIRECTION('',(1.,0.));
#12263 = ( GEOMETRIC_REPRESENTATION_CONTEXT(2) 
PARAMETRIC_REPRESENTATION_CONTEXT() REPRESENTATION_CONTEXT('2D SPACE',''
  ) );
#12264 = ADVANCED_FACE('',(#12265),#12172,.T.);
#12265 = FACE_BOUND('',#12266,.T.);
#12266 = EDGE_LOOP('',(#12267,#12288,#12312,#12331));
#12267 = ORIENTED_EDGE('',*,*,#12268,.F.);
#12268 = EDGE_CURVE('',#12269,#12156,#12271,.T.);
#12269 = VERTEX_POINT('',#12270);
#12270 = CARTESIAN_POINT('',(4.324794534228,-4.702549076173,
    -13.62726208657));
#12271 = SURFACE_CURVE('',#12272,(#12276,#12282),.PCURVE_S1.);
#12272 = LINE('',#12273,#12274);
#12273 = CARTESIAN_POINT('',(4.324803262667,-4.702558600206,
    -14.30036208645));
#12274 = VECTOR('',#12275,1.);
#12275 = DIRECTION('',(1.296752066396E-05,-1.414950665963E-05,
    -0.999999999816));
#12276 = PCURVE('',#12172,#12277);
#12277 = DEFINITIONAL_REPRESENTATION('',(#12278),#12281);
#12278 = B_SPLINE_CURVE_WITH_KNOTS('',1,(#12279,#12280),.UNSPECIFIED.,
  .F.,.F.,(2,2),(-0.6731006,6.E-07),.PIECEWISE_BEZIER_KNOTS.);
#12279 = CARTESIAN_POINT('',(0.827286815779,-0.6731006));
#12280 = CARTESIAN_POINT('',(0.827286815779,6.E-07));
#12281 = ( GEOMETRIC_REPRESENTATION_CONTEXT(2) 
PARAMETRIC_REPRESENTATION_CONTEXT() REPRESENTATION_CONTEXT('2D SPACE',''
  ) );
#12282 = PCURVE('',#9300,#12283);
#12283 = DEFINITIONAL_REPRESENTATION('',(#12284),#12287);
#12284 = B_SPLINE_CURVE_WITH_KNOTS('',1,(#12285,#12286),.UNSPECIFIED.,
  .F.,.F.,(2,2),(-0.6731006,6.E-07),.PIECEWISE_BEZIER_KNOTS.);
#12285 = CARTESIAN_POINT('',(4.120794000539,15.6270995));
#12286 = CARTESIAN_POINT('',(4.120794000539,16.3002007));
#12287 = ( GEOMETRIC_REPRESENTATION_CONTEXT(2) 
PARAMETRIC_REPRESENTATION_CONTEXT() REPRESENTATION_CONTEXT('2D SPACE',''
  ) );
#12288 = ORIENTED_EDGE('',*,*,#12289,.F.);
#12289 = EDGE_CURVE('',#12290,#12269,#12292,.T.);
#12290 = VERTEX_POINT('',#12291);
#12291 = CARTESIAN_POINT('',(-4.323100971078,-4.700683187013,
    -13.62737425474));
#12292 = SURFACE_CURVE('',#12293,(#12298,#12305),.PCURVE_S1.);
#12293 = CIRCLE('',#12294,6.3881);
#12294 = AXIS2_PLACEMENT_3D('',#12295,#12296,#12297);
#12295 = CARTESIAN_POINT('',(1.861353574335E-03,6.488051171882E-04,
    -13.62738469223));
#12296 = DIRECTION('',(-1.296752066396E-05,1.414950665963E-05,
    0.999999999816));
#12297 = DIRECTION('',(0.999999976639,-2.157622180403E-04,
    1.297057329236E-05));
#12298 = PCURVE('',#12172,#12299);
#12299 = DEFINITIONAL_REPRESENTATION('',(#12300),#12304);
#12300 = LINE('',#12301,#12302);
#12301 = CARTESIAN_POINT('',(6.28318530718,-0.6731));
#12302 = VECTOR('',#12303,1.);
#12303 = DIRECTION('',(-1.,0.));
#12304 = ( GEOMETRIC_REPRESENTATION_CONTEXT(2) 
PARAMETRIC_REPRESENTATION_CONTEXT() REPRESENTATION_CONTEXT('2D SPACE',''
  ) );
#12305 = PCURVE('',#9929,#12306);
#12306 = DEFINITIONAL_REPRESENTATION('',(#12307),#12311);
#12307 = CIRCLE('',#12308,6.3881);
#12308 = AXIS2_PLACEMENT_2D('',#12309,#12310);
#12309 = CARTESIAN_POINT('',(0.,0.));
#12310 = DIRECTION('',(3.459925896308E-20,1.));
#12311 = ( GEOMETRIC_REPRESENTATION_CONTEXT(2) 
PARAMETRIC_REPRESENTATION_CONTEXT() REPRESENTATION_CONTEXT('2D SPACE',''
  ) );
#12312 = ORIENTED_EDGE('',*,*,#12313,.T.);
#12313 = EDGE_CURVE('',#12290,#12154,#12314,.T.);
#12314 = SURFACE_CURVE('',#12315,(#12319,#12325),.PCURVE_S1.);
#12315 = LINE('',#12316,#12317);
#12316 = CARTESIAN_POINT('',(-4.32309224264,-4.700692711046,
    -14.30047425461));
#12317 = VECTOR('',#12318,1.);
#12318 = DIRECTION('',(1.296752066396E-05,-1.414950665963E-05,
    -0.999999999816));
#12319 = PCURVE('',#12172,#12320);
#12320 = DEFINITIONAL_REPRESENTATION('',(#12321),#12324);
#12321 = B_SPLINE_CURVE_WITH_KNOTS('',1,(#12322,#12323),.UNSPECIFIED.,
  .F.,.F.,(2,2),(-0.6731006,6.E-07),.PIECEWISE_BEZIER_KNOTS.);
#12322 = CARTESIAN_POINT('',(2.314305837811,-0.6731006));
#12323 = CARTESIAN_POINT('',(2.314305837811,6.E-07));
#12324 = ( GEOMETRIC_REPRESENTATION_CONTEXT(2) 
PARAMETRIC_REPRESENTATION_CONTEXT() REPRESENTATION_CONTEXT('2D SPACE',''
  ) );
#12325 = PCURVE('',#9366,#12326);
#12326 = DEFINITIONAL_REPRESENTATION('',(#12327),#12330);
#12327 = B_SPLINE_CURVE_WITH_KNOTS('',1,(#12328,#12329),.UNSPECIFIED.,
  .F.,.F.,(2,2),(-0.6731006,6.E-07),.PIECEWISE_BEZIER_KNOTS.);
#12328 = CARTESIAN_POINT('',(5.30398396023,15.6270995));
#12329 = CARTESIAN_POINT('',(5.30398396023,16.3002007));
#12330 = ( GEOMETRIC_REPRESENTATION_CONTEXT(2) 
PARAMETRIC_REPRESENTATION_CONTEXT() REPRESENTATION_CONTEXT('2D SPACE',''
  ) );
#12331 = ORIENTED_EDGE('',*,*,#12153,.T.);
#12332 = ADVANCED_FACE('',(#12333),#11875,.F.);
#12333 = FACE_BOUND('',#12334,.F.);
#12334 = EDGE_LOOP('',(#12335,#12365,#12394,#12422,#12448,#12449,#12450)
  );
#12335 = ORIENTED_EDGE('',*,*,#12336,.T.);
#12336 = EDGE_CURVE('',#12337,#12339,#12341,.T.);
#12337 = VERTEX_POINT('',#12338);
#12338 = CARTESIAN_POINT('',(-4.935686480447,3.551027189692,
    -14.30059895621));
#12339 = VERTEX_POINT('',#12340);
#12340 = CARTESIAN_POINT('',(-4.6994619094,4.325601604805,
    -14.30060685281));
#12341 = SURFACE_CURVE('',#12342,(#12347,#12358),.PCURVE_S1.);
#12342 = CIRCLE('',#12343,1.389);
#12343 = AXIS2_PLACEMENT_3D('',#12344,#12345,#12346);
#12344 = CARTESIAN_POINT('',(-3.546686512895,3.550727495971,
    -14.30058094008));
#12345 = DIRECTION('',(1.296752066396E-05,-1.414950665963E-05,
    -0.999999999816));
#12346 = DIRECTION('',(-0.999999976639,2.157622180403E-04,
    -1.297057329236E-05));
#12347 = PCURVE('',#11875,#12348);
#12348 = DEFINITIONAL_REPRESENTATION('',(#12349),#12357);
#12349 = ( BOUNDED_CURVE() B_SPLINE_CURVE(2,(#12350,#12351,#12352,#12353
    ,#12354,#12355,#12356),.UNSPECIFIED.,.T.,.F.) 
B_SPLINE_CURVE_WITH_KNOTS((1,2,2,2,2,1),(-2.094395102393,0.,
    2.094395102393,4.188790204786,6.28318530718,8.377580409573),
.UNSPECIFIED.) CURVE() GEOMETRIC_REPRESENTATION_ITEM() 
RATIONAL_B_SPLINE_CURVE((1.,0.5,1.,0.5,1.,0.5,1.)) REPRESENTATION_ITEM(
  '') );
#12350 = CARTESIAN_POINT('',(-3.549322488166,-4.938322488166));
#12351 = CARTESIAN_POINT('',(-5.955141059879,-4.938322488166));
#12352 = CARTESIAN_POINT('',(-4.752231774023,-2.854822488166));
#12353 = CARTESIAN_POINT('',(-3.549322488166,-0.771322488166));
#12354 = CARTESIAN_POINT('',(-2.346413202309,-2.854822488166));
#12355 = CARTESIAN_POINT('',(-1.143503916453,-4.938322488166));
#12356 = CARTESIAN_POINT('',(-3.549322488166,-4.938322488166));
#12357 = ( GEOMETRIC_REPRESENTATION_CONTEXT(2) 
PARAMETRIC_REPRESENTATION_CONTEXT() REPRESENTATION_CONTEXT('2D SPACE',''
  ) );
#12358 = PCURVE('',#9432,#12359);
#12359 = DEFINITIONAL_REPRESENTATION('',(#12360),#12364);
#12360 = LINE('',#12361,#12362);
#12361 = CARTESIAN_POINT('',(0.,16.3002001));
#12362 = VECTOR('',#12363,1.);
#12363 = DIRECTION('',(1.,0.));
#12364 = ( GEOMETRIC_REPRESENTATION_CONTEXT(2) 
PARAMETRIC_REPRESENTATION_CONTEXT() REPRESENTATION_CONTEXT('2D SPACE',''
  ) );
#12365 = ORIENTED_EDGE('',*,*,#12366,.T.);
#12366 = EDGE_CURVE('',#12339,#12367,#12369,.T.);
#12367 = VERTEX_POINT('',#12368);
#12368 = CARTESIAN_POINT('',(-4.701327800146,-4.322293900364,
    -14.30048451355));
#12369 = SURFACE_CURVE('',#12370,(#12375,#12382),.PCURVE_S1.);
#12370 = CIRCLE('',#12371,6.3881);
#12371 = AXIS2_PLACEMENT_3D('',#12372,#12373,#12374);
#12372 = CARTESIAN_POINT('',(1.870082012494E-03,6.392810842556E-04,
    -14.3004846921));
#12373 = DIRECTION('',(-1.296752066396E-05,1.414950665963E-05,
    0.999999999816));
#12374 = DIRECTION('',(0.999999976639,-2.157622180403E-04,
    1.297057329236E-05));
#12375 = PCURVE('',#11875,#12376);
#12376 = DEFINITIONAL_REPRESENTATION('',(#12377),#12381);
#12377 = CIRCLE('',#12378,6.3881);
#12378 = AXIS2_PLACEMENT_2D('',#12379,#12380);
#12379 = CARTESIAN_POINT('',(0.,0.));
#12380 = DIRECTION('',(3.459925896308E-20,1.));
#12381 = ( GEOMETRIC_REPRESENTATION_CONTEXT(2) 
PARAMETRIC_REPRESENTATION_CONTEXT() REPRESENTATION_CONTEXT('2D SPACE',''
  ) );
#12382 = PCURVE('',#12383,#12388);
#12383 = CYLINDRICAL_SURFACE('',#12384,6.3881);
#12384 = AXIS2_PLACEMENT_3D('',#12385,#12386,#12387);
#12385 = CARTESIAN_POINT('',(1.870082012494E-03,6.392810842556E-04,
    -14.3004846921));
#12386 = DIRECTION('',(1.296752066396E-05,-1.414950665963E-05,
    -0.999999999816));
#12387 = DIRECTION('',(0.999999976639,-2.157622180403E-04,
    1.297057329236E-05));
#12388 = DEFINITIONAL_REPRESENTATION('',(#12389),#12393);
#12389 = LINE('',#12390,#12391);
#12390 = CARTESIAN_POINT('',(6.28318530718,0.));
#12391 = VECTOR('',#12392,1.);
#12392 = DIRECTION('',(-1.,0.));
#12393 = ( GEOMETRIC_REPRESENTATION_CONTEXT(2) 
PARAMETRIC_REPRESENTATION_CONTEXT() REPRESENTATION_CONTEXT('2D SPACE',''
  ) );
#12394 = ORIENTED_EDGE('',*,*,#12395,.T.);
#12395 = EDGE_CURVE('',#12367,#12396,#12398,.T.);
#12396 = VERTEX_POINT('',#12397);
#12397 = CARTESIAN_POINT('',(-4.937218101134,-3.547617620697,
    -14.30049853375));
#12398 = SURFACE_CURVE('',#12399,(#12404,#12415),.PCURVE_S1.);
#12399 = CIRCLE('',#12400,1.389);
#12400 = AXIS2_PLACEMENT_3D('',#12401,#12402,#12403);
#12401 = CARTESIAN_POINT('',(-3.548218133582,-3.547917314417,
    -14.30048051762));
#12402 = DIRECTION('',(1.296752066396E-05,-1.414950665963E-05,
    -0.999999999816));
#12403 = DIRECTION('',(-0.999999976639,2.157622180403E-04,
    -1.297057329236E-05));
#12404 = PCURVE('',#11875,#12405);
#12405 = DEFINITIONAL_REPRESENTATION('',(#12406),#12414);
#12406 = ( BOUNDED_CURVE() B_SPLINE_CURVE(2,(#12407,#12408,#12409,#12410
    ,#12411,#12412,#12413),.UNSPECIFIED.,.T.,.F.) 
B_SPLINE_CURVE_WITH_KNOTS((1,2,2,2,2,1),(-2.094395102393,0.,
    2.094395102393,4.188790204786,6.28318530718,8.377580409573),
.UNSPECIFIED.) CURVE() GEOMETRIC_REPRESENTATION_ITEM() 
RATIONAL_B_SPLINE_CURVE((1.,0.5,1.,0.5,1.,0.5,1.)) REPRESENTATION_ITEM(
  '') );
#12407 = CARTESIAN_POINT('',(3.549322488166,-4.938322488166));
#12408 = CARTESIAN_POINT('',(1.143503916453,-4.938322488166));
#12409 = CARTESIAN_POINT('',(2.346413202309,-2.854822488166));
#12410 = CARTESIAN_POINT('',(3.549322488166,-0.771322488166));
#12411 = CARTESIAN_POINT('',(4.752231774023,-2.854822488166));
#12412 = CARTESIAN_POINT('',(5.955141059879,-4.938322488166));
#12413 = CARTESIAN_POINT('',(3.549322488166,-4.938322488166));
#12414 = ( GEOMETRIC_REPRESENTATION_CONTEXT(2) 
PARAMETRIC_REPRESENTATION_CONTEXT() REPRESENTATION_CONTEXT('2D SPACE',''
  ) );
#12415 = PCURVE('',#9366,#12416);
#12416 = DEFINITIONAL_REPRESENTATION('',(#12417),#12421);
#12417 = LINE('',#12418,#12419);
#12418 = CARTESIAN_POINT('',(0.,16.3002001));
#12419 = VECTOR('',#12420,1.);
#12420 = DIRECTION('',(1.,0.));
#12421 = ( GEOMETRIC_REPRESENTATION_CONTEXT(2) 
PARAMETRIC_REPRESENTATION_CONTEXT() REPRESENTATION_CONTEXT('2D SPACE',''
  ) );
#12422 = ORIENTED_EDGE('',*,*,#12423,.T.);
#12423 = EDGE_CURVE('',#12396,#11859,#12424,.T.);
#12424 = SURFACE_CURVE('',#12425,(#12430,#12441),.PCURVE_S1.);
#12425 = CIRCLE('',#12426,1.389);
#12426 = AXIS2_PLACEMENT_3D('',#12427,#12428,#12429);
#12427 = CARTESIAN_POINT('',(-3.548218133582,-3.547917314417,
    -14.30048051762));
#12428 = DIRECTION('',(1.296752066396E-05,-1.414950665963E-05,
    -0.999999999816));
#12429 = DIRECTION('',(-0.999999976639,2.157622180403E-04,
    -1.297057329236E-05));
#12430 = PCURVE('',#11875,#12431);
#12431 = DEFINITIONAL_REPRESENTATION('',(#12432),#12440);
#12432 = ( BOUNDED_CURVE() B_SPLINE_CURVE(2,(#12433,#12434,#12435,#12436
    ,#12437,#12438,#12439),.UNSPECIFIED.,.T.,.F.) 
B_SPLINE_CURVE_WITH_KNOTS((1,2,2,2,2,1),(-2.094395102393,0.,
    2.094395102393,4.188790204786,6.28318530718,8.377580409573),
.UNSPECIFIED.) CURVE() GEOMETRIC_REPRESENTATION_ITEM() 
RATIONAL_B_SPLINE_CURVE((1.,0.5,1.,0.5,1.,0.5,1.)) REPRESENTATION_ITEM(
  '') );
#12433 = CARTESIAN_POINT('',(3.549322488166,-4.938322488166));
#12434 = CARTESIAN_POINT('',(1.143503916453,-4.938322488166));
#12435 = CARTESIAN_POINT('',(2.346413202309,-2.854822488166));
#12436 = CARTESIAN_POINT('',(3.549322488166,-0.771322488166));
#12437 = CARTESIAN_POINT('',(4.752231774023,-2.854822488166));
#12438 = CARTESIAN_POINT('',(5.955141059879,-4.938322488166));
#12439 = CARTESIAN_POINT('',(3.549322488166,-4.938322488166));
#12440 = ( GEOMETRIC_REPRESENTATION_CONTEXT(2) 
PARAMETRIC_REPRESENTATION_CONTEXT() REPRESENTATION_CONTEXT('2D SPACE',''
  ) );
#12441 = PCURVE('',#9366,#12442);
#12442 = DEFINITIONAL_REPRESENTATION('',(#12443),#12447);
#12443 = LINE('',#12444,#12445);
#12444 = CARTESIAN_POINT('',(0.,16.3002001));
#12445 = VECTOR('',#12446,1.);
#12446 = DIRECTION('',(1.,0.));
#12447 = ( GEOMETRIC_REPRESENTATION_CONTEXT(2) 
PARAMETRIC_REPRESENTATION_CONTEXT() REPRESENTATION_CONTEXT('2D SPACE',''
  ) );
#12448 = ORIENTED_EDGE('',*,*,#11858,.T.);
#12449 = ORIENTED_EDGE('',*,*,#12123,.T.);
#12450 = ORIENTED_EDGE('',*,*,#12451,.T.);
#12451 = EDGE_CURVE('',#12068,#12337,#12452,.T.);
#12452 = SURFACE_CURVE('',#12453,(#12458,#12469),.PCURVE_S1.);
#12453 = CIRCLE('',#12454,1.389);
#12454 = AXIS2_PLACEMENT_3D('',#12455,#12456,#12457);
#12455 = CARTESIAN_POINT('',(-3.546686512895,3.550727495971,
    -14.30058094008));
#12456 = DIRECTION('',(1.296752066396E-05,-1.414950665963E-05,
    -0.999999999816));
#12457 = DIRECTION('',(-0.999999976639,2.157622180403E-04,
    -1.297057329236E-05));
#12458 = PCURVE('',#11875,#12459);
#12459 = DEFINITIONAL_REPRESENTATION('',(#12460),#12468);
#12460 = ( BOUNDED_CURVE() B_SPLINE_CURVE(2,(#12461,#12462,#12463,#12464
    ,#12465,#12466,#12467),.UNSPECIFIED.,.T.,.F.) 
B_SPLINE_CURVE_WITH_KNOTS((1,2,2,2,2,1),(-2.094395102393,0.,
    2.094395102393,4.188790204786,6.28318530718,8.377580409573),
.UNSPECIFIED.) CURVE() GEOMETRIC_REPRESENTATION_ITEM() 
RATIONAL_B_SPLINE_CURVE((1.,0.5,1.,0.5,1.,0.5,1.)) REPRESENTATION_ITEM(
  '') );
#12461 = CARTESIAN_POINT('',(-3.549322488166,-4.938322488166));
#12462 = CARTESIAN_POINT('',(-5.955141059879,-4.938322488166));
#12463 = CARTESIAN_POINT('',(-4.752231774023,-2.854822488166));
#12464 = CARTESIAN_POINT('',(-3.549322488166,-0.771322488166));
#12465 = CARTESIAN_POINT('',(-2.346413202309,-2.854822488166));
#12466 = CARTESIAN_POINT('',(-1.143503916453,-4.938322488166));
#12467 = CARTESIAN_POINT('',(-3.549322488166,-4.938322488166));
#12468 = ( GEOMETRIC_REPRESENTATION_CONTEXT(2) 
PARAMETRIC_REPRESENTATION_CONTEXT() REPRESENTATION_CONTEXT('2D SPACE',''
  ) );
#12469 = PCURVE('',#9432,#12470);
#12470 = DEFINITIONAL_REPRESENTATION('',(#12471),#12475);
#12471 = LINE('',#12472,#12473);
#12472 = CARTESIAN_POINT('',(0.,16.3002001));
#12473 = VECTOR('',#12474,1.);
#12474 = DIRECTION('',(1.,0.));
#12475 = ( GEOMETRIC_REPRESENTATION_CONTEXT(2) 
PARAMETRIC_REPRESENTATION_CONTEXT() REPRESENTATION_CONTEXT('2D SPACE',''
  ) );
#12476 = ADVANCED_FACE('',(#12477),#12383,.T.);
#12477 = FACE_BOUND('',#12478,.T.);
#12478 = EDGE_LOOP('',(#12479,#12505,#12524,#12525));
#12479 = ORIENTED_EDGE('',*,*,#12480,.F.);
#12480 = EDGE_CURVE('',#12481,#12483,#12485,.T.);
#12481 = VERTEX_POINT('',#12482);
#12482 = CARTESIAN_POINT('',(-4.699470637838,4.325611128838,
    -13.62750685293));
#12483 = VERTEX_POINT('',#12484);
#12484 = CARTESIAN_POINT('',(-4.701336528584,-4.322284376331,
    -13.62738451367));
#12485 = SURFACE_CURVE('',#12486,(#12491,#12498),.PCURVE_S1.);
#12486 = CIRCLE('',#12487,6.3881);
#12487 = AXIS2_PLACEMENT_3D('',#12488,#12489,#12490);
#12488 = CARTESIAN_POINT('',(1.861353574335E-03,6.488051171882E-04,
    -13.62738469223));
#12489 = DIRECTION('',(-1.296752066396E-05,1.414950665963E-05,
    0.999999999816));
#12490 = DIRECTION('',(0.999999976639,-2.157622180403E-04,
    1.297057329236E-05));
#12491 = PCURVE('',#12383,#12492);
#12492 = DEFINITIONAL_REPRESENTATION('',(#12493),#12497);
#12493 = LINE('',#12494,#12495);
#12494 = CARTESIAN_POINT('',(6.28318530718,-0.6731));
#12495 = VECTOR('',#12496,1.);
#12496 = DIRECTION('',(-1.,0.));
#12497 = ( GEOMETRIC_REPRESENTATION_CONTEXT(2) 
PARAMETRIC_REPRESENTATION_CONTEXT() REPRESENTATION_CONTEXT('2D SPACE',''
  ) );
#12498 = PCURVE('',#9929,#12499);
#12499 = DEFINITIONAL_REPRESENTATION('',(#12500),#12504);
#12500 = CIRCLE('',#12501,6.3881);
#12501 = AXIS2_PLACEMENT_2D('',#12502,#12503);
#12502 = CARTESIAN_POINT('',(0.,0.));
#12503 = DIRECTION('',(3.459925896308E-20,1.));
#12504 = ( GEOMETRIC_REPRESENTATION_CONTEXT(2) 
PARAMETRIC_REPRESENTATION_CONTEXT() REPRESENTATION_CONTEXT('2D SPACE',''
  ) );
#12505 = ORIENTED_EDGE('',*,*,#12506,.T.);
#12506 = EDGE_CURVE('',#12481,#12339,#12507,.T.);
#12507 = SURFACE_CURVE('',#12508,(#12512,#12518),.PCURVE_S1.);
#12508 = LINE('',#12509,#12510);
#12509 = CARTESIAN_POINT('',(-4.6994619094,4.325601604805,
    -14.30060685281));
#12510 = VECTOR('',#12511,1.);
#12511 = DIRECTION('',(1.296752066396E-05,-1.414950665963E-05,
    -0.999999999816));
#12512 = PCURVE('',#12383,#12513);
#12513 = DEFINITIONAL_REPRESENTATION('',(#12514),#12517);
#12514 = B_SPLINE_CURVE_WITH_KNOTS('',1,(#12515,#12516),.UNSPECIFIED.,
  .F.,.F.,(2,2),(-0.6731006,6.E-07),.PIECEWISE_BEZIER_KNOTS.);
#12515 = CARTESIAN_POINT('',(3.885102164606,-0.6731006));
#12516 = CARTESIAN_POINT('',(3.885102164606,6.E-07));
#12517 = ( GEOMETRIC_REPRESENTATION_CONTEXT(2) 
PARAMETRIC_REPRESENTATION_CONTEXT() REPRESENTATION_CONTEXT('2D SPACE',''
  ) );
#12518 = PCURVE('',#9432,#12519);
#12519 = DEFINITIONAL_REPRESENTATION('',(#12520),#12523);
#12520 = B_SPLINE_CURVE_WITH_KNOTS('',1,(#12521,#12522),.UNSPECIFIED.,
  .F.,.F.,(2,2),(-0.6731006,6.E-07),.PIECEWISE_BEZIER_KNOTS.);
#12521 = CARTESIAN_POINT('',(0.591594979845,15.6270995));
#12522 = CARTESIAN_POINT('',(0.591594979845,16.3002007));
#12523 = ( GEOMETRIC_REPRESENTATION_CONTEXT(2) 
PARAMETRIC_REPRESENTATION_CONTEXT() REPRESENTATION_CONTEXT('2D SPACE',''
  ) );
#12524 = ORIENTED_EDGE('',*,*,#12366,.T.);
#12525 = ORIENTED_EDGE('',*,*,#12526,.F.);
#12526 = EDGE_CURVE('',#12483,#12367,#12527,.T.);
#12527 = SURFACE_CURVE('',#12528,(#12532,#12538),.PCURVE_S1.);
#12528 = LINE('',#12529,#12530);
#12529 = CARTESIAN_POINT('',(-4.701327800146,-4.322293900364,
    -14.30048451355));
#12530 = VECTOR('',#12531,1.);
#12531 = DIRECTION('',(1.296752066396E-05,-1.414950665963E-05,
    -0.999999999816));
#12532 = PCURVE('',#12383,#12533);
#12533 = DEFINITIONAL_REPRESENTATION('',(#12534),#12537);
#12534 = B_SPLINE_CURVE_WITH_KNOTS('',1,(#12535,#12536),.UNSPECIFIED.,
  .F.,.F.,(2,2),(-0.6731006,6.E-07),.PIECEWISE_BEZIER_KNOTS.);
#12535 = CARTESIAN_POINT('',(2.398083142574,-0.6731006));
#12536 = CARTESIAN_POINT('',(2.398083142574,6.E-07));
#12537 = ( GEOMETRIC_REPRESENTATION_CONTEXT(2) 
PARAMETRIC_REPRESENTATION_CONTEXT() REPRESENTATION_CONTEXT('2D SPACE',''
  ) );
#12538 = PCURVE('',#9366,#12539);
#12539 = DEFINITIONAL_REPRESENTATION('',(#12540),#12543);
#12540 = B_SPLINE_CURVE_WITH_KNOTS('',1,(#12541,#12542),.UNSPECIFIED.,
  .F.,.F.,(2,2),(-0.6731006,6.E-07),.PIECEWISE_BEZIER_KNOTS.);
#12541 = CARTESIAN_POINT('',(5.691590327334,15.6270995));
#12542 = CARTESIAN_POINT('',(5.691590327334,16.3002007));
#12543 = ( GEOMETRIC_REPRESENTATION_CONTEXT(2) 
PARAMETRIC_REPRESENTATION_CONTEXT() REPRESENTATION_CONTEXT('2D SPACE',''
  ) );
#12544 = ADVANCED_FACE('',(#12545),#9870,.F.);
#12545 = FACE_BOUND('',#12546,.F.);
#12546 = EDGE_LOOP('',(#12547,#12571,#12572,#12573));
#12547 = ORIENTED_EDGE('',*,*,#12548,.T.);
#12548 = EDGE_CURVE('',#12549,#9854,#12551,.T.);
#12549 = VERTEX_POINT('',#12550);
#12550 = CARTESIAN_POINT('',(4.703202073425,-4.324323042636,
    -14.3003625314));
#12551 = SURFACE_CURVE('',#12552,(#12557,#12564),.PCURVE_S1.);
#12552 = CIRCLE('',#12553,6.3881);
#12553 = AXIS2_PLACEMENT_3D('',#12554,#12555,#12556);
#12554 = CARTESIAN_POINT('',(1.870082012494E-03,6.392810842556E-04,
    -14.3004846921));
#12555 = DIRECTION('',(-1.296752066396E-05,1.414950665963E-05,
    0.999999999816));
#12556 = DIRECTION('',(0.735951533541,-0.677034223591,1.912316697788E-05
    ));
#12557 = PCURVE('',#9870,#12558);
#12558 = DEFINITIONAL_REPRESENTATION('',(#12559),#12563);
#12559 = CIRCLE('',#12560,6.3881);
#12560 = AXIS2_PLACEMENT_2D('',#12561,#12562);
#12561 = CARTESIAN_POINT('',(0.,0.));
#12562 = DIRECTION('',(0.676875417364,0.736097595002));
#12563 = ( GEOMETRIC_REPRESENTATION_CONTEXT(2) 
PARAMETRIC_REPRESENTATION_CONTEXT() REPRESENTATION_CONTEXT('2D SPACE',''
  ) );
#12564 = PCURVE('',#9901,#12565);
#12565 = DEFINITIONAL_REPRESENTATION('',(#12566),#12570);
#12566 = LINE('',#12567,#12568);
#12567 = CARTESIAN_POINT('',(0.743509511016,0.));
#12568 = VECTOR('',#12569,1.);
#12569 = DIRECTION('',(-1.,0.));
#12570 = ( GEOMETRIC_REPRESENTATION_CONTEXT(2) 
PARAMETRIC_REPRESENTATION_CONTEXT() REPRESENTATION_CONTEXT('2D SPACE',''
  ) );
#12571 = ORIENTED_EDGE('',*,*,#9853,.T.);
#12572 = ORIENTED_EDGE('',*,*,#12012,.T.);
#12573 = ORIENTED_EDGE('',*,*,#12574,.T.);
#12574 = EDGE_CURVE('',#11969,#12549,#12575,.T.);
#12575 = SURFACE_CURVE('',#12576,(#12581,#12592),.PCURVE_S1.);
#12576 = CIRCLE('',#12577,1.389);
#12577 = AXIS2_PLACEMENT_3D('',#12578,#12579,#12580);
#12578 = CARTESIAN_POINT('',(3.55042667692,-3.549448933803,
    -14.30038844413));
#12579 = DIRECTION('',(1.296752066396E-05,-1.414950665963E-05,
    -0.999999999816));
#12580 = DIRECTION('',(-0.999999976639,2.157622180403E-04,
    -1.297057329236E-05));
#12581 = PCURVE('',#9870,#12582);
#12582 = DEFINITIONAL_REPRESENTATION('',(#12583),#12591);
#12583 = ( BOUNDED_CURVE() B_SPLINE_CURVE(2,(#12584,#12585,#12586,#12587
    ,#12588,#12589,#12590),.UNSPECIFIED.,.T.,.F.) 
B_SPLINE_CURVE_WITH_KNOTS((1,2,2,2,2,1),(-2.094395102393,0.,
    2.094395102393,4.188790204786,6.28318530718,8.377580409573),
.UNSPECIFIED.) CURVE() GEOMETRIC_REPRESENTATION_ITEM() 
RATIONAL_B_SPLINE_CURVE((1.,0.5,1.,0.5,1.,0.5,1.)) REPRESENTATION_ITEM(
  '') );
#12584 = CARTESIAN_POINT('',(3.549322488166,2.160322488166));
#12585 = CARTESIAN_POINT('',(1.143503916453,2.160322488166));
#12586 = CARTESIAN_POINT('',(2.346413202309,4.243822488166));
#12587 = CARTESIAN_POINT('',(3.549322488166,6.327322488166));
#12588 = CARTESIAN_POINT('',(4.752231774023,4.243822488166));
#12589 = CARTESIAN_POINT('',(5.955141059879,2.160322488166));
#12590 = CARTESIAN_POINT('',(3.549322488166,2.160322488166));
#12591 = ( GEOMETRIC_REPRESENTATION_CONTEXT(2) 
PARAMETRIC_REPRESENTATION_CONTEXT() REPRESENTATION_CONTEXT('2D SPACE',''
  ) );
#12592 = PCURVE('',#9300,#12593);
#12593 = DEFINITIONAL_REPRESENTATION('',(#12594),#12598);
#12594 = LINE('',#12595,#12596);
#12595 = CARTESIAN_POINT('',(0.,16.3002001));
#12596 = VECTOR('',#12597,1.);
#12597 = DIRECTION('',(1.,0.));
#12598 = ( GEOMETRIC_REPRESENTATION_CONTEXT(2) 
PARAMETRIC_REPRESENTATION_CONTEXT() REPRESENTATION_CONTEXT('2D SPACE',''
  ) );
#12599 = ADVANCED_FACE('',(#12600),#9901,.T.);
#12600 = FACE_BOUND('',#12601,.T.);
#12601 = EDGE_LOOP('',(#12602,#12626,#12645,#12646));
#12602 = ORIENTED_EDGE('',*,*,#12603,.F.);
#12603 = EDGE_CURVE('',#12604,#9887,#12606,.T.);
#12604 = VERTEX_POINT('',#12605);
#12605 = CARTESIAN_POINT('',(4.703193344987,-4.324313518603,
    -13.62726253152));
#12606 = SURFACE_CURVE('',#12607,(#12612,#12619),.PCURVE_S1.);
#12607 = CIRCLE('',#12608,6.3881);
#12608 = AXIS2_PLACEMENT_3D('',#12609,#12610,#12611);
#12609 = CARTESIAN_POINT('',(1.861353574335E-03,6.488051171882E-04,
    -13.62738469223));
#12610 = DIRECTION('',(-1.296752066396E-05,1.414950665963E-05,
    0.999999999816));
#12611 = DIRECTION('',(0.735951533541,-0.677034223591,1.912316697788E-05
    ));
#12612 = PCURVE('',#9901,#12613);
#12613 = DEFINITIONAL_REPRESENTATION('',(#12614),#12618);
#12614 = LINE('',#12615,#12616);
#12615 = CARTESIAN_POINT('',(0.743509511016,-0.6731));
#12616 = VECTOR('',#12617,1.);
#12617 = DIRECTION('',(-1.,0.));
#12618 = ( GEOMETRIC_REPRESENTATION_CONTEXT(2) 
PARAMETRIC_REPRESENTATION_CONTEXT() REPRESENTATION_CONTEXT('2D SPACE',''
  ) );
#12619 = PCURVE('',#9929,#12620);
#12620 = DEFINITIONAL_REPRESENTATION('',(#12621),#12625);
#12621 = CIRCLE('',#12622,6.3881);
#12622 = AXIS2_PLACEMENT_2D('',#12623,#12624);
#12623 = CARTESIAN_POINT('',(0.,0.));
#12624 = DIRECTION('',(0.676875417364,0.736097595002));
#12625 = ( GEOMETRIC_REPRESENTATION_CONTEXT(2) 
PARAMETRIC_REPRESENTATION_CONTEXT() REPRESENTATION_CONTEXT('2D SPACE',''
  ) );
#12626 = ORIENTED_EDGE('',*,*,#12627,.T.);
#12627 = EDGE_CURVE('',#12604,#12549,#12628,.T.);
#12628 = SURFACE_CURVE('',#12629,(#12633,#12639),.PCURVE_S1.);
#12629 = LINE('',#12630,#12631);
#12630 = CARTESIAN_POINT('',(4.703202073425,-4.324323042636,
    -14.3003625314));
#12631 = VECTOR('',#12632,1.);
#12632 = DIRECTION('',(1.296752066396E-05,-1.414950665963E-05,
    -0.999999999816));
#12633 = PCURVE('',#9901,#12634);
#12634 = DEFINITIONAL_REPRESENTATION('',(#12635),#12638);
#12635 = B_SPLINE_CURVE_WITH_KNOTS('',1,(#12636,#12637),.UNSPECIFIED.,
  .F.,.F.,(2,2),(-0.6731,0.),.PIECEWISE_BEZIER_KNOTS.);
#12636 = CARTESIAN_POINT('',(0.743509511016,-0.6731));
#12637 = CARTESIAN_POINT('',(0.743509511016,0.));
#12638 = ( GEOMETRIC_REPRESENTATION_CONTEXT(2) 
PARAMETRIC_REPRESENTATION_CONTEXT() REPRESENTATION_CONTEXT('2D SPACE',''
  ) );
#12639 = PCURVE('',#9300,#12640);
#12640 = DEFINITIONAL_REPRESENTATION('',(#12641),#12644);
#12641 = B_SPLINE_CURVE_WITH_KNOTS('',1,(#12642,#12643),.UNSPECIFIED.,
  .F.,.F.,(2,2),(-0.6731006,6.E-07),.PIECEWISE_BEZIER_KNOTS.);
#12642 = CARTESIAN_POINT('',(3.733187633435,15.6270995));
#12643 = CARTESIAN_POINT('',(3.733187633435,16.3002007));
#12644 = ( GEOMETRIC_REPRESENTATION_CONTEXT(2) 
PARAMETRIC_REPRESENTATION_CONTEXT() REPRESENTATION_CONTEXT('2D SPACE',''
  ) );
#12645 = ORIENTED_EDGE('',*,*,#12548,.T.);
#12646 = ORIENTED_EDGE('',*,*,#9886,.F.);
#12647 = ADVANCED_FACE('',(#12648,#12683),#9929,.F.);
#12648 = FACE_BOUND('',#12649,.F.);
#12649 = EDGE_LOOP('',(#12650));
#12650 = ORIENTED_EDGE('',*,*,#12651,.F.);
#12651 = EDGE_CURVE('',#12652,#12652,#12654,.T.);
#12652 = VERTEX_POINT('',#12653);
#12653 = CARTESIAN_POINT('',(3.957593186378E-03,9.716148578,
    -13.62752213457));
#12654 = SURFACE_CURVE('',#12655,(#12660,#12671),.PCURVE_S1.);
#12655 = CIRCLE('',#12656,9.7155);
#12656 = AXIS2_PLACEMENT_3D('',#12657,#12658,#12659);
#12657 = CARTESIAN_POINT('',(1.861353574335E-03,6.488051171882E-04,
    -13.62738469223));
#12658 = DIRECTION('',(1.296752066396E-05,-1.414950665963E-05,
    -0.999999999816));
#12659 = DIRECTION('',(2.157624015277E-04,0.999999976623,
    -1.414670842806E-05));
#12660 = PCURVE('',#9929,#12661);
#12661 = DEFINITIONAL_REPRESENTATION('',(#12662),#12670);
#12662 = ( BOUNDED_CURVE() B_SPLINE_CURVE(2,(#12663,#12664,#12665,#12666
    ,#12667,#12668,#12669),.UNSPECIFIED.,.T.,.F.) 
B_SPLINE_CURVE_WITH_KNOTS((1,2,2,2,2,1),(-2.094395102393,0.,
    2.094395102393,4.188790204786,6.28318530718,8.377580409573),
.UNSPECIFIED.) CURVE() GEOMETRIC_REPRESENTATION_ITEM() 
RATIONAL_B_SPLINE_CURVE((1.,0.5,1.,0.5,1.,0.5,1.)) REPRESENTATION_ITEM(
  '') );
#12663 = CARTESIAN_POINT('',(-9.7155,-3.361491004558E-19));
#12664 = CARTESIAN_POINT('',(-9.7155,16.827739620935));
#12665 = CARTESIAN_POINT('',(4.85775,8.413869810468));
#12666 = CARTESIAN_POINT('',(19.431,2.380283493624E-15));
#12667 = CARTESIAN_POINT('',(4.85775,-8.413869810468));
#12668 = CARTESIAN_POINT('',(-9.7155,-16.82773962093));
#12669 = CARTESIAN_POINT('',(-9.7155,-3.361491004558E-19));
#12670 = ( GEOMETRIC_REPRESENTATION_CONTEXT(2) 
PARAMETRIC_REPRESENTATION_CONTEXT() REPRESENTATION_CONTEXT('2D SPACE',''
  ) );
#12671 = PCURVE('',#12672,#12677);
#12672 = CONICAL_SURFACE('',#12673,10.414,1.1217996841);
#12673 = AXIS2_PLACEMENT_3D('',#12674,#12675,#12676);
#12674 = CARTESIAN_POINT('',(1.865717793414E-03,6.440431007219E-04,
    -13.96393469217));
#12675 = DIRECTION('',(1.296752066396E-05,-1.414950665963E-05,
    -0.999999999816));
#12676 = DIRECTION('',(2.157624015277E-04,0.999999976623,
    -1.414670842806E-05));
#12677 = DEFINITIONAL_REPRESENTATION('',(#12678),#12682);
#12678 = LINE('',#12679,#12680);
#12679 = CARTESIAN_POINT('',(0.,-0.336549999983));
#12680 = VECTOR('',#12681,1.);
#12681 = DIRECTION('',(1.,0.));
#12682 = ( GEOMETRIC_REPRESENTATION_CONTEXT(2) 
PARAMETRIC_REPRESENTATION_CONTEXT() REPRESENTATION_CONTEXT('2D SPACE',''
  ) );
#12683 = FACE_BOUND('',#12684,.F.);
#12684 = EDGE_LOOP('',(#12685,#12686,#12687,#12713,#12714,#12740,#12741,
    #12769));
#12685 = ORIENTED_EDGE('',*,*,#9912,.T.);
#12686 = ORIENTED_EDGE('',*,*,#12603,.F.);
#12687 = ORIENTED_EDGE('',*,*,#12688,.T.);
#12688 = EDGE_CURVE('',#12604,#12269,#12689,.T.);
#12689 = SURFACE_CURVE('',#12690,(#12695,#12706),.PCURVE_S1.);
#12690 = CIRCLE('',#12691,1.389);
#12691 = AXIS2_PLACEMENT_3D('',#12692,#12693,#12694);
#12692 = CARTESIAN_POINT('',(3.550417948482,-3.54943940977,
    -13.62728844425));
#12693 = DIRECTION('',(1.296752066396E-05,-1.414950665963E-05,
    -0.999999999816));
#12694 = DIRECTION('',(-0.999999976639,2.157622180403E-04,
    -1.297057329236E-05));
#12695 = PCURVE('',#9929,#12696);
#12696 = DEFINITIONAL_REPRESENTATION('',(#12697),#12705);
#12697 = ( BOUNDED_CURVE() B_SPLINE_CURVE(2,(#12698,#12699,#12700,#12701
    ,#12702,#12703,#12704),.UNSPECIFIED.,.T.,.F.) 
B_SPLINE_CURVE_WITH_KNOTS((1,2,2,2,2,1),(-2.094395102393,0.,
    2.094395102393,4.188790204786,6.28318530718,8.377580409573),
.UNSPECIFIED.) CURVE() GEOMETRIC_REPRESENTATION_ITEM() 
RATIONAL_B_SPLINE_CURVE((1.,0.5,1.,0.5,1.,0.5,1.)) REPRESENTATION_ITEM(
  '') );
#12698 = CARTESIAN_POINT('',(3.549322488166,2.160322488166));
#12699 = CARTESIAN_POINT('',(1.143503916453,2.160322488166));
#12700 = CARTESIAN_POINT('',(2.346413202309,4.243822488166));
#12701 = CARTESIAN_POINT('',(3.549322488166,6.327322488166));
#12702 = CARTESIAN_POINT('',(4.752231774023,4.243822488166));
#12703 = CARTESIAN_POINT('',(5.955141059879,2.160322488166));
#12704 = CARTESIAN_POINT('',(3.549322488166,2.160322488166));
#12705 = ( GEOMETRIC_REPRESENTATION_CONTEXT(2) 
PARAMETRIC_REPRESENTATION_CONTEXT() REPRESENTATION_CONTEXT('2D SPACE',''
  ) );
#12706 = PCURVE('',#9300,#12707);
#12707 = DEFINITIONAL_REPRESENTATION('',(#12708),#12712);
#12708 = LINE('',#12709,#12710);
#12709 = CARTESIAN_POINT('',(0.,15.6271001));
#12710 = VECTOR('',#12711,1.);
#12711 = DIRECTION('',(1.,0.));
#12712 = ( GEOMETRIC_REPRESENTATION_CONTEXT(2) 
PARAMETRIC_REPRESENTATION_CONTEXT() REPRESENTATION_CONTEXT('2D SPACE',''
  ) );
#12713 = ORIENTED_EDGE('',*,*,#12289,.F.);
#12714 = ORIENTED_EDGE('',*,*,#12715,.T.);
#12715 = EDGE_CURVE('',#12290,#12483,#12716,.T.);
#12716 = SURFACE_CURVE('',#12717,(#12722,#12733),.PCURVE_S1.);
#12717 = CIRCLE('',#12718,1.389);
#12718 = AXIS2_PLACEMENT_3D('',#12719,#12720,#12721);
#12719 = CARTESIAN_POINT('',(-3.548226862021,-3.547907790385,
    -13.62738051774));
#12720 = DIRECTION('',(1.296752066396E-05,-1.414950665963E-05,
    -0.999999999816));
#12721 = DIRECTION('',(-0.999999976639,2.157622180403E-04,
    -1.297057329236E-05));
#12722 = PCURVE('',#9929,#12723);
#12723 = DEFINITIONAL_REPRESENTATION('',(#12724),#12732);
#12724 = ( BOUNDED_CURVE() B_SPLINE_CURVE(2,(#12725,#12726,#12727,#12728
    ,#12729,#12730,#12731),.UNSPECIFIED.,.T.,.F.) 
B_SPLINE_CURVE_WITH_KNOTS((1,2,2,2,2,1),(-2.094395102393,0.,
    2.094395102393,4.188790204786,6.28318530718,8.377580409573),
.UNSPECIFIED.) CURVE() GEOMETRIC_REPRESENTATION_ITEM() 
RATIONAL_B_SPLINE_CURVE((1.,0.5,1.,0.5,1.,0.5,1.)) REPRESENTATION_ITEM(
  '') );
#12725 = CARTESIAN_POINT('',(3.549322488166,-4.938322488166));
#12726 = CARTESIAN_POINT('',(1.143503916453,-4.938322488166));
#12727 = CARTESIAN_POINT('',(2.346413202309,-2.854822488166));
#12728 = CARTESIAN_POINT('',(3.549322488166,-0.771322488166));
#12729 = CARTESIAN_POINT('',(4.752231774023,-2.854822488166));
#12730 = CARTESIAN_POINT('',(5.955141059879,-4.938322488166));
#12731 = CARTESIAN_POINT('',(3.549322488166,-4.938322488166));
#12732 = ( GEOMETRIC_REPRESENTATION_CONTEXT(2) 
PARAMETRIC_REPRESENTATION_CONTEXT() REPRESENTATION_CONTEXT('2D SPACE',''
  ) );
#12733 = PCURVE('',#9366,#12734);
#12734 = DEFINITIONAL_REPRESENTATION('',(#12735),#12739);
#12735 = LINE('',#12736,#12737);
#12736 = CARTESIAN_POINT('',(0.,15.6271001));
#12737 = VECTOR('',#12738,1.);
#12738 = DIRECTION('',(1.,0.));
#12739 = ( GEOMETRIC_REPRESENTATION_CONTEXT(2) 
PARAMETRIC_REPRESENTATION_CONTEXT() REPRESENTATION_CONTEXT('2D SPACE',''
  ) );
#12740 = ORIENTED_EDGE('',*,*,#12480,.F.);
#12741 = ORIENTED_EDGE('',*,*,#12742,.T.);
#12742 = EDGE_CURVE('',#12481,#12743,#12745,.T.);
#12743 = VERTEX_POINT('',#12744);
#12744 = CARTESIAN_POINT('',(-4.32107182708,4.703846686407,
    -13.62750729788));
#12745 = SURFACE_CURVE('',#12746,(#12751,#12762),.PCURVE_S1.);
#12746 = CIRCLE('',#12747,1.389);
#12747 = AXIS2_PLACEMENT_3D('',#12748,#12749,#12750);
#12748 = CARTESIAN_POINT('',(-3.546695241333,3.550737020004,
    -13.62748094021));
#12749 = DIRECTION('',(1.296752066396E-05,-1.414950665963E-05,
    -0.999999999816));
#12750 = DIRECTION('',(-0.999999976639,2.157622180403E-04,
    -1.297057329236E-05));
#12751 = PCURVE('',#9929,#12752);
#12752 = DEFINITIONAL_REPRESENTATION('',(#12753),#12761);
#12753 = ( BOUNDED_CURVE() B_SPLINE_CURVE(2,(#12754,#12755,#12756,#12757
    ,#12758,#12759,#12760),.UNSPECIFIED.,.T.,.F.) 
B_SPLINE_CURVE_WITH_KNOTS((1,2,2,2,2,1),(-2.094395102393,0.,
    2.094395102393,4.188790204786,6.28318530718,8.377580409573),
.UNSPECIFIED.) CURVE() GEOMETRIC_REPRESENTATION_ITEM() 
RATIONAL_B_SPLINE_CURVE((1.,0.5,1.,0.5,1.,0.5,1.)) REPRESENTATION_ITEM(
  '') );
#12754 = CARTESIAN_POINT('',(-3.549322488166,-4.938322488166));
#12755 = CARTESIAN_POINT('',(-5.955141059879,-4.938322488166));
#12756 = CARTESIAN_POINT('',(-4.752231774023,-2.854822488166));
#12757 = CARTESIAN_POINT('',(-3.549322488166,-0.771322488166));
#12758 = CARTESIAN_POINT('',(-2.346413202309,-2.854822488166));
#12759 = CARTESIAN_POINT('',(-1.143503916453,-4.938322488166));
#12760 = CARTESIAN_POINT('',(-3.549322488166,-4.938322488166));
#12761 = ( GEOMETRIC_REPRESENTATION_CONTEXT(2) 
PARAMETRIC_REPRESENTATION_CONTEXT() REPRESENTATION_CONTEXT('2D SPACE',''
  ) );
#12762 = PCURVE('',#9432,#12763);
#12763 = DEFINITIONAL_REPRESENTATION('',(#12764),#12768);
#12764 = LINE('',#12765,#12766);
#12765 = CARTESIAN_POINT('',(0.,15.6271001));
#12766 = VECTOR('',#12767,1.);
#12767 = DIRECTION('',(1.,0.));
#12768 = ( GEOMETRIC_REPRESENTATION_CONTEXT(2) 
PARAMETRIC_REPRESENTATION_CONTEXT() REPRESENTATION_CONTEXT('2D SPACE',''
  ) );
#12769 = ORIENTED_EDGE('',*,*,#12770,.F.);
#12770 = EDGE_CURVE('',#9913,#12743,#12771,.T.);
#12771 = SURFACE_CURVE('',#12772,(#12777,#12784),.PCURVE_S1.);
#12772 = CIRCLE('',#12773,6.3881);
#12773 = AXIS2_PLACEMENT_3D('',#12774,#12775,#12776);
#12774 = CARTESIAN_POINT('',(1.861353574335E-03,6.488051171882E-04,
    -13.62738469223));
#12775 = DIRECTION('',(-1.296752066396E-05,1.414950665963E-05,
    0.999999999816));
#12776 = DIRECTION('',(0.999999976639,-2.157622180403E-04,
    1.297057329236E-05));
#12777 = PCURVE('',#9929,#12778);
#12778 = DEFINITIONAL_REPRESENTATION('',(#12779),#12783);
#12779 = CIRCLE('',#12780,6.3881);
#12780 = AXIS2_PLACEMENT_2D('',#12781,#12782);
#12781 = CARTESIAN_POINT('',(0.,0.));
#12782 = DIRECTION('',(3.459925896308E-20,1.));
#12783 = ( GEOMETRIC_REPRESENTATION_CONTEXT(2) 
PARAMETRIC_REPRESENTATION_CONTEXT() REPRESENTATION_CONTEXT('2D SPACE',''
  ) );
#12784 = PCURVE('',#9958,#12785);
#12785 = DEFINITIONAL_REPRESENTATION('',(#12786),#12790);
#12786 = LINE('',#12787,#12788);
#12787 = CARTESIAN_POINT('',(6.28318530718,-0.6731));
#12788 = VECTOR('',#12789,1.);
#12789 = DIRECTION('',(-1.,0.));
#12790 = ( GEOMETRIC_REPRESENTATION_CONTEXT(2) 
PARAMETRIC_REPRESENTATION_CONTEXT() REPRESENTATION_CONTEXT('2D SPACE',''
  ) );
#12791 = ADVANCED_FACE('',(#12792),#12672,.F.);
#12792 = FACE_BOUND('',#12793,.F.);
#12793 = EDGE_LOOP('',(#12794,#12795,#12817,#12844));
#12794 = ORIENTED_EDGE('',*,*,#12651,.T.);
#12795 = ORIENTED_EDGE('',*,*,#12796,.T.);
#12796 = EDGE_CURVE('',#12652,#12797,#12799,.T.);
#12797 = VERTEX_POINT('',#12798);
#12798 = CARTESIAN_POINT('',(4.267741699471E-03,11.11313902131,
    -14.3006418974));
#12799 = SEAM_CURVE('',#12800,(#12803,#12810),.PCURVE_S1.);
#12800 = B_SPLINE_CURVE_WITH_KNOTS('',1,(#12801,#12802),.UNSPECIFIED.,
  .F.,.F.,(2,2),(-0.775350341781,0.775350341781),
  .PIECEWISE_BEZIER_KNOTS.);
#12801 = CARTESIAN_POINT('',(3.957593186376E-03,9.716148577992,
    -13.62752213459));
#12802 = CARTESIAN_POINT('',(4.267741699472E-03,11.113139021318,
    -14.30064189738));
#12803 = PCURVE('',#12672,#12804);
#12804 = DEFINITIONAL_REPRESENTATION('',(#12805),#12809);
#12805 = LINE('',#12806,#12807);
#12806 = CARTESIAN_POINT('',(6.28318530718,0.));
#12807 = VECTOR('',#12808,1.);
#12808 = DIRECTION('',(0.,1.));
#12809 = ( GEOMETRIC_REPRESENTATION_CONTEXT(2) 
PARAMETRIC_REPRESENTATION_CONTEXT() REPRESENTATION_CONTEXT('2D SPACE',''
  ) );
#12810 = PCURVE('',#12672,#12811);
#12811 = DEFINITIONAL_REPRESENTATION('',(#12812),#12816);
#12812 = LINE('',#12813,#12814);
#12813 = CARTESIAN_POINT('',(4.138911435803E-13,0.));
#12814 = VECTOR('',#12815,1.);
#12815 = DIRECTION('',(0.,1.));
#12816 = ( GEOMETRIC_REPRESENTATION_CONTEXT(2) 
PARAMETRIC_REPRESENTATION_CONTEXT() REPRESENTATION_CONTEXT('2D SPACE',''
  ) );
#12817 = ORIENTED_EDGE('',*,*,#12818,.T.);
#12818 = EDGE_CURVE('',#12797,#12797,#12819,.T.);
#12819 = SURFACE_CURVE('',#12820,(#12825,#12832),.PCURVE_S1.);
#12820 = CIRCLE('',#12821,11.1125);
#12821 = AXIS2_PLACEMENT_3D('',#12822,#12823,#12824);
#12822 = CARTESIAN_POINT('',(1.870082012494E-03,6.392810842556E-04,
    -14.3004846921));
#12823 = DIRECTION('',(-1.296752066396E-05,1.414950665963E-05,
    0.999999999816));
#12824 = DIRECTION('',(2.157624015277E-04,0.999999976623,
    -1.414670842806E-05));
#12825 = PCURVE('',#12672,#12826);
#12826 = DEFINITIONAL_REPRESENTATION('',(#12827),#12831);
#12827 = LINE('',#12828,#12829);
#12828 = CARTESIAN_POINT('',(6.28318530718,0.336549999983));
#12829 = VECTOR('',#12830,1.);
#12830 = DIRECTION('',(-1.,0.));
#12831 = ( GEOMETRIC_REPRESENTATION_CONTEXT(2) 
PARAMETRIC_REPRESENTATION_CONTEXT() REPRESENTATION_CONTEXT('2D SPACE',''
  ) );
#12832 = PCURVE('',#12833,#12838);
#12833 = CYLINDRICAL_SURFACE('',#12834,11.1125);
#12834 = AXIS2_PLACEMENT_3D('',#12835,#12836,#12837);
#12835 = CARTESIAN_POINT('',(1.879353919444E-03,6.291640454989E-04,
    -15.01549469197));
#12836 = DIRECTION('',(1.296752066396E-05,-1.414950665963E-05,
    -0.999999999816));
#12837 = DIRECTION('',(-2.157624015277E-04,-0.999999976623,
    1.414670842806E-05));
#12838 = DEFINITIONAL_REPRESENTATION('',(#12839),#12843);
#12839 = LINE('',#12840,#12841);
#12840 = CARTESIAN_POINT('',(9.424777960769,-0.71501));
#12841 = VECTOR('',#12842,1.);
#12842 = DIRECTION('',(-1.,0.));
#12843 = ( GEOMETRIC_REPRESENTATION_CONTEXT(2) 
PARAMETRIC_REPRESENTATION_CONTEXT() REPRESENTATION_CONTEXT('2D SPACE',''
  ) );
#12844 = ORIENTED_EDGE('',*,*,#12796,.F.);
#12845 = ADVANCED_FACE('',(#12846),#12833,.T.);
#12846 = FACE_BOUND('',#12847,.T.);
#12847 = EDGE_LOOP('',(#12848,#12849,#12871,#12898));
#12848 = ORIENTED_EDGE('',*,*,#12818,.T.);
#12849 = ORIENTED_EDGE('',*,*,#12850,.F.);
#12850 = EDGE_CURVE('',#12851,#12797,#12853,.T.);
#12851 = VERTEX_POINT('',#12852);
#12852 = CARTESIAN_POINT('',(4.254566698476E-03,11.113153397209,
    -13.28464189759));
#12853 = SEAM_CURVE('',#12854,(#12857,#12864),.PCURVE_S1.);
#12854 = B_SPLINE_CURVE_WITH_KNOTS('',1,(#12855,#12856),.UNSPECIFIED.,
  .F.,.F.,(2,2),(-1.73101,-0.71501),.PIECEWISE_BEZIER_KNOTS.);
#12855 = CARTESIAN_POINT('',(4.254566698472E-03,11.113153397209,
    -13.28464189759));
#12856 = CARTESIAN_POINT('',(4.267741699467E-03,11.11313902131,
    -14.3006418974));
#12857 = PCURVE('',#12833,#12858);
#12858 = DEFINITIONAL_REPRESENTATION('',(#12859),#12863);
#12859 = LINE('',#12860,#12861);
#12860 = CARTESIAN_POINT('',(3.14159265359,0.));
#12861 = VECTOR('',#12862,1.);
#12862 = DIRECTION('',(0.,1.));
#12863 = ( GEOMETRIC_REPRESENTATION_CONTEXT(2) 
PARAMETRIC_REPRESENTATION_CONTEXT() REPRESENTATION_CONTEXT('2D SPACE',''
  ) );
#12864 = PCURVE('',#12833,#12865);
#12865 = DEFINITIONAL_REPRESENTATION('',(#12866),#12870);
#12866 = LINE('',#12867,#12868);
#12867 = CARTESIAN_POINT('',(9.424777960769,0.));
#12868 = VECTOR('',#12869,1.);
#12869 = DIRECTION('',(0.,1.));
#12870 = ( GEOMETRIC_REPRESENTATION_CONTEXT(2) 
PARAMETRIC_REPRESENTATION_CONTEXT() REPRESENTATION_CONTEXT('2D SPACE',''
  ) );
#12871 = ORIENTED_EDGE('',*,*,#12872,.T.);
#12872 = EDGE_CURVE('',#12851,#12851,#12873,.T.);
#12873 = SURFACE_CURVE('',#12874,(#12879,#12886),.PCURVE_S1.);
#12874 = CIRCLE('',#12875,11.1125);
#12875 = AXIS2_PLACEMENT_3D('',#12876,#12877,#12878);
#12876 = CARTESIAN_POINT('',(1.856907011499E-03,6.536569830218E-04,
    -13.28448469229));
#12877 = DIRECTION('',(1.296752066396E-05,-1.414950665963E-05,
    -0.999999999816));
#12878 = DIRECTION('',(2.157624015277E-04,0.999999976623,
    -1.414670842806E-05));
#12879 = PCURVE('',#12833,#12880);
#12880 = DEFINITIONAL_REPRESENTATION('',(#12881),#12885);
#12881 = LINE('',#12882,#12883);
#12882 = CARTESIAN_POINT('',(3.14159265359,-1.73101));
#12883 = VECTOR('',#12884,1.);
#12884 = DIRECTION('',(1.,0.));
#12885 = ( GEOMETRIC_REPRESENTATION_CONTEXT(2) 
PARAMETRIC_REPRESENTATION_CONTEXT() REPRESENTATION_CONTEXT('2D SPACE',''
  ) );
#12886 = PCURVE('',#12887,#12892);
#12887 = CONICAL_SURFACE('',#12888,10.6569692,1.1217996841);
#12888 = AXIS2_PLACEMENT_3D('',#12889,#12890,#12891);
#12889 = CARTESIAN_POINT('',(1.854060861161E-03,6.567625591928E-04,
    -13.06500169228));
#12890 = DIRECTION('',(1.296752066396E-05,-1.414950665963E-05,
    -0.999999999816));
#12891 = DIRECTION('',(2.157624015277E-04,0.999999976623,
    -1.414670842806E-05));
#12892 = DEFINITIONAL_REPRESENTATION('',(#12893),#12897);
#12893 = LINE('',#12894,#12895);
#12894 = CARTESIAN_POINT('',(0.,0.219483017706));
#12895 = VECTOR('',#12896,1.);
#12896 = DIRECTION('',(1.,0.));
#12897 = ( GEOMETRIC_REPRESENTATION_CONTEXT(2) 
PARAMETRIC_REPRESENTATION_CONTEXT() REPRESENTATION_CONTEXT('2D SPACE',''
  ) );
#12898 = ORIENTED_EDGE('',*,*,#12850,.T.);
#12899 = ADVANCED_FACE('',(#12900),#12887,.T.);
#12900 = FACE_BOUND('',#12901,.T.);
#12901 = EDGE_LOOP('',(#12902,#12903,#12925,#12952));
#12902 = ORIENTED_EDGE('',*,*,#12872,.F.);
#12903 = ORIENTED_EDGE('',*,*,#12904,.F.);
#12904 = EDGE_CURVE('',#12905,#12851,#12907,.T.);
#12905 = VERTEX_POINT('',#12906);
#12906 = CARTESIAN_POINT('',(4.052301578844E-03,10.202098121389,
    -12.84566300971));
#12907 = SEAM_CURVE('',#12908,(#12911,#12918),.PCURVE_S1.);
#12908 = B_SPLINE_CURVE_WITH_KNOTS('',1,(#12909,#12910),.UNSPECIFIED.,
  .F.,.F.,(2,2),(-0.505649093405,0.505649183784),
  .PIECEWISE_BEZIER_KNOTS.);
#12909 = CARTESIAN_POINT('',(4.052301578723E-03,10.202098119584,
    -12.84566303062));
#12910 = CARTESIAN_POINT('',(4.254566696867E-03,11.113153388703,
    -13.28464191524));
#12911 = PCURVE('',#12887,#12912);
#12912 = DEFINITIONAL_REPRESENTATION('',(#12913),#12917);
#12913 = LINE('',#12914,#12915);
#12914 = CARTESIAN_POINT('',(0.,0.));
#12915 = VECTOR('',#12916,1.);
#12916 = DIRECTION('',(0.,1.));
#12917 = ( GEOMETRIC_REPRESENTATION_CONTEXT(2) 
PARAMETRIC_REPRESENTATION_CONTEXT() REPRESENTATION_CONTEXT('2D SPACE',''
  ) );
#12918 = PCURVE('',#12887,#12919);
#12919 = DEFINITIONAL_REPRESENTATION('',(#12920),#12924);
#12920 = LINE('',#12921,#12922);
#12921 = CARTESIAN_POINT('',(6.28318530718,0.));
#12922 = VECTOR('',#12923,1.);
#12923 = DIRECTION('',(0.,1.));
#12924 = ( GEOMETRIC_REPRESENTATION_CONTEXT(2) 
PARAMETRIC_REPRESENTATION_CONTEXT() REPRESENTATION_CONTEXT('2D SPACE',''
  ) );
#12925 = ORIENTED_EDGE('',*,*,#12926,.T.);
#12926 = EDGE_CURVE('',#12905,#12905,#12927,.T.);
#12927 = SURFACE_CURVE('',#12928,(#12933,#12940),.PCURVE_S1.);
#12928 = CIRCLE('',#12929,10.2014385);
#12929 = AXIS2_PLACEMENT_3D('',#12930,#12931,#12932);
#12930 = CARTESIAN_POINT('',(1.851214710831E-03,6.598681353542E-04,
    -12.84551869293));
#12931 = DIRECTION('',(1.296752066396E-05,-1.414950665963E-05,
    -0.999999999816));
#12932 = DIRECTION('',(2.157624015277E-04,0.999999976623,
    -1.414670842806E-05));
#12933 = PCURVE('',#12887,#12934);
#12934 = DEFINITIONAL_REPRESENTATION('',(#12935),#12939);
#12935 = LINE('',#12936,#12937);
#12936 = CARTESIAN_POINT('',(0.,-0.219482978477));
#12937 = VECTOR('',#12938,1.);
#12938 = DIRECTION('',(1.,0.));
#12939 = ( GEOMETRIC_REPRESENTATION_CONTEXT(2) 
PARAMETRIC_REPRESENTATION_CONTEXT() REPRESENTATION_CONTEXT('2D SPACE',''
  ) );
#12940 = PCURVE('',#12941,#12946);
#12941 = TOROIDAL_SURFACE('',#12942,9.1760976,2.3622);
#12942 = AXIS2_PLACEMENT_3D('',#12943,#12944,#12945);
#12943 = CARTESIAN_POINT('',(1.878810450653E-03,6.297570513231E-04,
    -14.97358469198));
#12944 = DIRECTION('',(-1.296752066396E-05,1.414950665963E-05,
    0.999999999816));
#12945 = DIRECTION('',(-1.927652344572E-04,0.999999981321,
    -1.415200608509E-05));
#12946 = DEFINITIONAL_REPRESENTATION('',(#12947),#12951);
#12947 = LINE('',#12948,#12949);
#12948 = CARTESIAN_POINT('',(6.28277677954,1.121799680505));
#12949 = VECTOR('',#12950,1.);
#12950 = DIRECTION('',(-1.,0.));
#12951 = ( GEOMETRIC_REPRESENTATION_CONTEXT(2) 
PARAMETRIC_REPRESENTATION_CONTEXT() REPRESENTATION_CONTEXT('2D SPACE',''
  ) );
#12952 = ORIENTED_EDGE('',*,*,#12904,.T.);
#12953 = ADVANCED_FACE('',(#12954),#12941,.T.);
#12954 = FACE_BOUND('',#12955,.T.);
#12955 = EDGE_LOOP('',(#12956,#12980,#13005,#13006));
#12956 = ORIENTED_EDGE('',*,*,#12957,.F.);
#12957 = EDGE_CURVE('',#12958,#12958,#12960,.T.);
#12958 = VERTEX_POINT('',#12959);
#12959 = CARTESIAN_POINT('',(3.828035428168E-03,9.176760566508,
    -12.61151450399));
#12960 = SURFACE_CURVE('',#12961,(#12966,#12973),.PCURVE_S1.);
#12961 = CIRCLE('',#12962,9.1760976);
#12962 = AXIS2_PLACEMENT_3D('',#12963,#12964,#12965);
#12963 = CARTESIAN_POINT('',(1.848178573341E-03,6.631810159544E-04,
    -12.61138469241));
#12964 = DIRECTION('',(-1.296752066396E-05,1.414950665963E-05,
    0.999999999816));
#12965 = DIRECTION('',(2.157624015275E-04,0.999999976623,
    -1.414670842806E-05));
#12966 = PCURVE('',#12941,#12967);
#12967 = DEFINITIONAL_REPRESENTATION('',(#12968),#12972);
#12968 = LINE('',#12969,#12970);
#12969 = CARTESIAN_POINT('',(-4.085276393795E-04,1.570796326794));
#12970 = VECTOR('',#12971,1.);
#12971 = DIRECTION('',(1.,-0.));
#12972 = ( GEOMETRIC_REPRESENTATION_CONTEXT(2) 
PARAMETRIC_REPRESENTATION_CONTEXT() REPRESENTATION_CONTEXT('2D SPACE',''
  ) );
#12973 = PCURVE('',#72,#12974);
#12974 = DEFINITIONAL_REPRESENTATION('',(#12975),#12979);
#12975 = CIRCLE('',#12976,9.1760976);
#12976 = AXIS2_PLACEMENT_2D('',#12977,#12978);
#12977 = CARTESIAN_POINT('',(2.520492060845E-20,8.881784457376E-16));
#12978 = DIRECTION('',(-1.,-2.192873836157E-16));
#12979 = ( GEOMETRIC_REPRESENTATION_CONTEXT(2) 
PARAMETRIC_REPRESENTATION_CONTEXT() REPRESENTATION_CONTEXT('2D SPACE',''
  ) );
#12980 = ORIENTED_EDGE('',*,*,#12981,.F.);
#12981 = EDGE_CURVE('',#12905,#12958,#12982,.T.);
#12982 = SEAM_CURVE('',#12983,(#12991,#12998),.PCURVE_S1.);
#12983 = ( BOUNDED_CURVE() B_SPLINE_CURVE(6,(#12984,#12985,#12986,#12987
    ,#12988,#12989,#12990),.UNSPECIFIED.,.F.,.F.) 
B_SPLINE_CURVE_WITH_KNOTS((7,7),(1.121799680505,1.570796326795),
.PIECEWISE_BEZIER_KNOTS.) CURVE() GEOMETRIC_REPRESENTATION_ITEM() 
RATIONAL_B_SPLINE_CURVE((1.002523607566,1.000838371366,0.999831768985,
    0.999496962946,0.999831768985,1.000838371366,1.002523607566)) 
REPRESENTATION_ITEM('') );
#12984 = CARTESIAN_POINT('',(4.052301580297E-03,10.202098127897,
    -12.84566301337));
#12985 = CARTESIAN_POINT('',(4.016887098122E-03,10.042581989494,
    -12.76880245448));
#12986 = CARTESIAN_POINT('',(3.980239613904E-03,9.876479878896,
    -12.70643639398));
#12987 = CARTESIAN_POINT('',(3.942688602886E-03,9.705282612611,
    -12.65916722317));
#12988 = CARTESIAN_POINT('',(3.904573540091E-03,9.530537047721,
    -12.62743607126));
#12989 = CARTESIAN_POINT('',(3.866239964998E-03,9.353828191192,
    -12.61151700892));
#12990 = CARTESIAN_POINT('',(3.828035428171E-03,9.176760566508,
    -12.61151450399));
#12991 = PCURVE('',#12941,#12992);
#12992 = DEFINITIONAL_REPRESENTATION('',(#12993),#12997);
#12993 = LINE('',#12994,#12995);
#12994 = CARTESIAN_POINT('',(-4.085276385863E-04,4.138911435803E-13));
#12995 = VECTOR('',#12996,1.);
#12996 = DIRECTION('',(0.,1.));
#12997 = ( GEOMETRIC_REPRESENTATION_CONTEXT(2) 
PARAMETRIC_REPRESENTATION_CONTEXT() REPRESENTATION_CONTEXT('2D SPACE',''
  ) );
#12998 = PCURVE('',#12941,#12999);
#12999 = DEFINITIONAL_REPRESENTATION('',(#13000),#13004);
#13000 = LINE('',#13001,#13002);
#13001 = CARTESIAN_POINT('',(6.28277677954,4.138911435803E-13));
#13002 = VECTOR('',#13003,1.);
#13003 = DIRECTION('',(0.,1.));
#13004 = ( GEOMETRIC_REPRESENTATION_CONTEXT(2) 
PARAMETRIC_REPRESENTATION_CONTEXT() REPRESENTATION_CONTEXT('2D SPACE',''
  ) );
#13005 = ORIENTED_EDGE('',*,*,#12926,.F.);
#13006 = ORIENTED_EDGE('',*,*,#12981,.T.);
#13007 = ADVANCED_FACE('',(#13008),#9958,.T.);
#13008 = FACE_BOUND('',#13009,.T.);
#13009 = EDGE_LOOP('',(#13010,#13011,#13012,#13036));
#13010 = ORIENTED_EDGE('',*,*,#12770,.F.);
#13011 = ORIENTED_EDGE('',*,*,#9945,.T.);
#13012 = ORIENTED_EDGE('',*,*,#13013,.T.);
#13013 = EDGE_CURVE('',#9514,#13014,#13016,.T.);
#13014 = VERTEX_POINT('',#13015);
#13015 = CARTESIAN_POINT('',(-4.321063098642,4.703837162374,
    -14.30060729776));
#13016 = SURFACE_CURVE('',#13017,(#13022,#13029),.PCURVE_S1.);
#13017 = CIRCLE('',#13018,6.3881);
#13018 = AXIS2_PLACEMENT_3D('',#13019,#13020,#13021);
#13019 = CARTESIAN_POINT('',(1.870082012494E-03,6.392810842556E-04,
    -14.3004846921));
#13020 = DIRECTION('',(-1.296752066396E-05,1.414950665963E-05,
    0.999999999816));
#13021 = DIRECTION('',(0.999999976639,-2.157622180403E-04,
    1.297057329236E-05));
#13022 = PCURVE('',#9958,#13023);
#13023 = DEFINITIONAL_REPRESENTATION('',(#13024),#13028);
#13024 = LINE('',#13025,#13026);
#13025 = CARTESIAN_POINT('',(6.28318530718,0.));
#13026 = VECTOR('',#13027,1.);
#13027 = DIRECTION('',(-1.,0.));
#13028 = ( GEOMETRIC_REPRESENTATION_CONTEXT(2) 
PARAMETRIC_REPRESENTATION_CONTEXT() REPRESENTATION_CONTEXT('2D SPACE',''
  ) );
#13029 = PCURVE('',#9530,#13030);
#13030 = DEFINITIONAL_REPRESENTATION('',(#13031),#13035);
#13031 = CIRCLE('',#13032,6.3881);
#13032 = AXIS2_PLACEMENT_2D('',#13033,#13034);
#13033 = CARTESIAN_POINT('',(0.,0.));
#13034 = DIRECTION('',(3.459925896308E-20,1.));
#13035 = ( GEOMETRIC_REPRESENTATION_CONTEXT(2) 
PARAMETRIC_REPRESENTATION_CONTEXT() REPRESENTATION_CONTEXT('2D SPACE',''
  ) );
#13036 = ORIENTED_EDGE('',*,*,#13037,.F.);
#13037 = EDGE_CURVE('',#12743,#13014,#13038,.T.);
#13038 = SURFACE_CURVE('',#13039,(#13043,#13049),.PCURVE_S1.);
#13039 = LINE('',#13040,#13041);
#13040 = CARTESIAN_POINT('',(-4.321063098642,4.703837162374,
    -14.30060729776));
#13041 = VECTOR('',#13042,1.);
#13042 = DIRECTION('',(1.296752066396E-05,-1.414950665963E-05,
    -0.999999999816));
#13043 = PCURVE('',#9958,#13044);
#13044 = DEFINITIONAL_REPRESENTATION('',(#13045),#13048);
#13045 = B_SPLINE_CURVE_WITH_KNOTS('',1,(#13046,#13047),.UNSPECIFIED.,
  .F.,.F.,(2,2),(-0.6731006,6.E-07),.PIECEWISE_BEZIER_KNOTS.);
#13046 = CARTESIAN_POINT('',(3.968879469369,-0.6731006));
#13047 = CARTESIAN_POINT('',(3.968879469369,6.E-07));
#13048 = ( GEOMETRIC_REPRESENTATION_CONTEXT(2) 
PARAMETRIC_REPRESENTATION_CONTEXT() REPRESENTATION_CONTEXT('2D SPACE',''
  ) );
#13049 = PCURVE('',#9432,#13050);
#13050 = DEFINITIONAL_REPRESENTATION('',(#13051),#13054);
#13051 = B_SPLINE_CURVE_WITH_KNOTS('',1,(#13052,#13053),.UNSPECIFIED.,
  .F.,.F.,(2,2),(-0.6731006,6.E-07),.PIECEWISE_BEZIER_KNOTS.);
#13052 = CARTESIAN_POINT('',(0.97920134695,15.6270995));
#13053 = CARTESIAN_POINT('',(0.97920134695,16.3002007));
#13054 = ( GEOMETRIC_REPRESENTATION_CONTEXT(2) 
PARAMETRIC_REPRESENTATION_CONTEXT() REPRESENTATION_CONTEXT('2D SPACE',''
  ) );
#13055 = ADVANCED_FACE('',(#13056),#9530,.F.);
#13056 = FACE_BOUND('',#13057,.F.);
#13057 = EDGE_LOOP('',(#13058,#13059,#13060,#13086,#13087));
#13058 = ORIENTED_EDGE('',*,*,#9511,.T.);
#13059 = ORIENTED_EDGE('',*,*,#13013,.T.);
#13060 = ORIENTED_EDGE('',*,*,#13061,.T.);
#13061 = EDGE_CURVE('',#13014,#12040,#13062,.T.);
#13062 = SURFACE_CURVE('',#13063,(#13068,#13079),.PCURVE_S1.);
#13063 = CIRCLE('',#13064,1.389);
#13064 = AXIS2_PLACEMENT_3D('',#13065,#13066,#13067);
#13065 = CARTESIAN_POINT('',(-3.546686512895,3.550727495971,
    -14.30058094008));
#13066 = DIRECTION('',(1.296752066396E-05,-1.414950665963E-05,
    -0.999999999816));
#13067 = DIRECTION('',(-0.999999976639,2.157622180403E-04,
    -1.297057329236E-05));
#13068 = PCURVE('',#9530,#13069);
#13069 = DEFINITIONAL_REPRESENTATION('',(#13070),#13078);
#13070 = ( BOUNDED_CURVE() B_SPLINE_CURVE(2,(#13071,#13072,#13073,#13074
    ,#13075,#13076,#13077),.UNSPECIFIED.,.T.,.F.) 
B_SPLINE_CURVE_WITH_KNOTS((1,2,2,2,2,1),(-2.094395102393,0.,
    2.094395102393,4.188790204786,6.28318530718,8.377580409573),
.UNSPECIFIED.) CURVE() GEOMETRIC_REPRESENTATION_ITEM() 
RATIONAL_B_SPLINE_CURVE((1.,0.5,1.,0.5,1.,0.5,1.)) REPRESENTATION_ITEM(
  '') );
#13071 = CARTESIAN_POINT('',(-3.549322488166,-4.938322488166));
#13072 = CARTESIAN_POINT('',(-5.955141059879,-4.938322488166));
#13073 = CARTESIAN_POINT('',(-4.752231774023,-2.854822488166));
#13074 = CARTESIAN_POINT('',(-3.549322488166,-0.771322488166));
#13075 = CARTESIAN_POINT('',(-2.346413202309,-2.854822488166));
#13076 = CARTESIAN_POINT('',(-1.143503916453,-4.938322488166));
#13077 = CARTESIAN_POINT('',(-3.549322488166,-4.938322488166));
#13078 = ( GEOMETRIC_REPRESENTATION_CONTEXT(2) 
PARAMETRIC_REPRESENTATION_CONTEXT() REPRESENTATION_CONTEXT('2D SPACE',''
  ) );
#13079 = PCURVE('',#9432,#13080);
#13080 = DEFINITIONAL_REPRESENTATION('',(#13081),#13085);
#13081 = LINE('',#13082,#13083);
#13082 = CARTESIAN_POINT('',(0.,16.3002001));
#13083 = VECTOR('',#13084,1.);
#13084 = DIRECTION('',(1.,0.));
#13085 = ( GEOMETRIC_REPRESENTATION_CONTEXT(2) 
PARAMETRIC_REPRESENTATION_CONTEXT() REPRESENTATION_CONTEXT('2D SPACE',''
  ) );
#13086 = ORIENTED_EDGE('',*,*,#12039,.T.);
#13087 = ORIENTED_EDGE('',*,*,#9764,.T.);
#13088 = ADVANCED_FACE('',(#13089),#9465,.T.);
#13089 = FACE_BOUND('',#13090,.T.);
#13090 = EDGE_LOOP('',(#13091,#13092,#13093,#13112));
#13091 = ORIENTED_EDGE('',*,*,#9602,.T.);
#13092 = ORIENTED_EDGE('',*,*,#9444,.F.);
#13093 = ORIENTED_EDGE('',*,*,#13094,.F.);
#13094 = EDGE_CURVE('',#11780,#9412,#13095,.T.);
#13095 = SURFACE_CURVE('',#13096,(#13100,#13106),.PCURVE_S1.);
#13096 = LINE('',#13097,#13098);
#13097 = CARTESIAN_POINT('',(-4.321248536781,4.704039503149,
    -4.073003972849E-04));
#13098 = VECTOR('',#13099,1.);
#13099 = DIRECTION('',(1.296752066396E-05,-1.414950665963E-05,
    -0.999999999816));
#13100 = PCURVE('',#9465,#13101);
#13101 = DEFINITIONAL_REPRESENTATION('',(#13102),#13105);
#13102 = B_SPLINE_CURVE_WITH_KNOTS('',1,(#13103,#13104),.UNSPECIFIED.,
  .F.,.F.,(2,2),(-5.999999999062E-07,0.6731006),
  .PIECEWISE_BEZIER_KNOTS.);
#13103 = CARTESIAN_POINT('',(3.968879469369,-5.999999999062E-07));
#13104 = CARTESIAN_POINT('',(3.968879469369,0.6731006));
#13105 = ( GEOMETRIC_REPRESENTATION_CONTEXT(2) 
PARAMETRIC_REPRESENTATION_CONTEXT() REPRESENTATION_CONTEXT('2D SPACE',''
  ) );
#13106 = PCURVE('',#9432,#13107);
#13107 = DEFINITIONAL_REPRESENTATION('',(#13108),#13111);
#13108 = B_SPLINE_CURVE_WITH_KNOTS('',1,(#13109,#13110),.UNSPECIFIED.,
  .F.,.F.,(2,2),(-5.999999999062E-07,0.6731006),
  .PIECEWISE_BEZIER_KNOTS.);
#13109 = CARTESIAN_POINT('',(0.97920134695,1.9999995));
#13110 = CARTESIAN_POINT('',(0.97920134695,2.6731007));
#13111 = ( GEOMETRIC_REPRESENTATION_CONTEXT(2) 
PARAMETRIC_REPRESENTATION_CONTEXT() REPRESENTATION_CONTEXT('2D SPACE',''
  ) );
#13112 = ORIENTED_EDGE('',*,*,#11779,.F.);
#13113 = ADVANCED_FACE('',(#13114),#9432,.F.);
#13114 = FACE_BOUND('',#13115,.F.);
#13115 = EDGE_LOOP('',(#13116,#13117,#13138,#13139,#13158,#13159,#13160,
    #13161,#13162,#13163,#13164,#13165,#13166,#13167,#13168,#13169));
#13116 = ORIENTED_EDGE('',*,*,#12336,.F.);
#13117 = ORIENTED_EDGE('',*,*,#13118,.F.);
#13118 = EDGE_CURVE('',#10375,#12337,#13119,.T.);
#13119 = SEAM_CURVE('',#13120,(#13124,#13131),.PCURVE_S1.);
#13120 = LINE('',#13121,#13122);
#13121 = CARTESIAN_POINT('',(-4.935897853628,3.551257829482,
    1.999601140785));
#13122 = VECTOR('',#13123,1.);
#13123 = DIRECTION('',(1.296752066396E-05,-1.414950665963E-05,
    -0.999999999816));
#13124 = PCURVE('',#9432,#13125);
#13125 = DEFINITIONAL_REPRESENTATION('',(#13126),#13130);
#13126 = LINE('',#13127,#13128);
#13127 = CARTESIAN_POINT('',(0.,-0.));
#13128 = VECTOR('',#13129,1.);
#13129 = DIRECTION('',(0.,1.));
#13130 = ( GEOMETRIC_REPRESENTATION_CONTEXT(2) 
PARAMETRIC_REPRESENTATION_CONTEXT() REPRESENTATION_CONTEXT('2D SPACE',''
  ) );
#13131 = PCURVE('',#9432,#13132);
#13132 = DEFINITIONAL_REPRESENTATION('',(#13133),#13137);
#13133 = LINE('',#13134,#13135);
#13134 = CARTESIAN_POINT('',(6.28318530718,-0.));
#13135 = VECTOR('',#13136,1.);
#13136 = DIRECTION('',(0.,1.));
#13137 = ( GEOMETRIC_REPRESENTATION_CONTEXT(2) 
PARAMETRIC_REPRESENTATION_CONTEXT() REPRESENTATION_CONTEXT('2D SPACE',''
  ) );
#13138 = ORIENTED_EDGE('',*,*,#10374,.T.);
#13139 = ORIENTED_EDGE('',*,*,#13140,.T.);
#13140 = EDGE_CURVE('',#10377,#9379,#13141,.T.);
#13141 = SURFACE_CURVE('',#13142,(#13146,#13152),.PCURVE_S1.);
#13142 = LINE('',#13143,#13144);
#13143 = CARTESIAN_POINT('',(-4.699647347539,4.32580394558,
    -4.068554451422E-04));
#13144 = VECTOR('',#13145,1.);
#13145 = DIRECTION('',(1.296752066396E-05,-1.414950665963E-05,
    -0.999999999816));
#13146 = PCURVE('',#9432,#13147);
#13147 = DEFINITIONAL_REPRESENTATION('',(#13148),#13151);
#13148 = B_SPLINE_CURVE_WITH_KNOTS('',1,(#13149,#13150),.UNSPECIFIED.,
  .F.,.F.,(2,2),(-5.999999999062E-07,0.6731006),
  .PIECEWISE_BEZIER_KNOTS.);
#13149 = CARTESIAN_POINT('',(0.591594979845,1.9999995));
#13150 = CARTESIAN_POINT('',(0.591594979845,2.6731007));
#13151 = ( GEOMETRIC_REPRESENTATION_CONTEXT(2) 
PARAMETRIC_REPRESENTATION_CONTEXT() REPRESENTATION_CONTEXT('2D SPACE',''
  ) );
#13152 = PCURVE('',#9399,#13153);
#13153 = DEFINITIONAL_REPRESENTATION('',(#13154),#13157);
#13154 = B_SPLINE_CURVE_WITH_KNOTS('',1,(#13155,#13156),.UNSPECIFIED.,
  .F.,.F.,(2,2),(-5.999999999062E-07,0.6731006),
  .PIECEWISE_BEZIER_KNOTS.);
#13155 = CARTESIAN_POINT('',(3.885102164606,-5.999999999062E-07));
#13156 = CARTESIAN_POINT('',(3.885102164606,0.6731006));
#13157 = ( GEOMETRIC_REPRESENTATION_CONTEXT(2) 
PARAMETRIC_REPRESENTATION_CONTEXT() REPRESENTATION_CONTEXT('2D SPACE',''
  ) );
#13158 = ORIENTED_EDGE('',*,*,#9411,.T.);
#13159 = ORIENTED_EDGE('',*,*,#13094,.F.);
#13160 = ORIENTED_EDGE('',*,*,#11803,.T.);
#13161 = ORIENTED_EDGE('',*,*,#10286,.T.);
#13162 = ORIENTED_EDGE('',*,*,#10483,.T.);
#13163 = ORIENTED_EDGE('',*,*,#13118,.T.);
#13164 = ORIENTED_EDGE('',*,*,#12451,.F.);
#13165 = ORIENTED_EDGE('',*,*,#12067,.F.);
#13166 = ORIENTED_EDGE('',*,*,#13061,.F.);
#13167 = ORIENTED_EDGE('',*,*,#13037,.F.);
#13168 = ORIENTED_EDGE('',*,*,#12742,.F.);
#13169 = ORIENTED_EDGE('',*,*,#12506,.T.);
#13170 = ADVANCED_FACE('',(#13171),#9399,.T.);
#13171 = FACE_BOUND('',#13172,.T.);
#13172 = EDGE_LOOP('',(#13173,#13174,#13193,#13194));
#13173 = ORIENTED_EDGE('',*,*,#9378,.F.);
#13174 = ORIENTED_EDGE('',*,*,#13175,.F.);
#13175 = EDGE_CURVE('',#10405,#9346,#13176,.T.);
#13176 = SURFACE_CURVE('',#13177,(#13181,#13187),.PCURVE_S1.);
#13177 = LINE('',#13178,#13179);
#13178 = CARTESIAN_POINT('',(-4.701513238285,-4.322091559588,
    -2.845161860545E-04));
#13179 = VECTOR('',#13180,1.);
#13180 = DIRECTION('',(1.296752066396E-05,-1.414950665963E-05,
    -0.999999999816));
#13181 = PCURVE('',#9399,#13182);
#13182 = DEFINITIONAL_REPRESENTATION('',(#13183),#13186);
#13183 = B_SPLINE_CURVE_WITH_KNOTS('',1,(#13184,#13185),.UNSPECIFIED.,
  .F.,.F.,(2,2),(-5.999999999062E-07,0.6731006),
  .PIECEWISE_BEZIER_KNOTS.);
#13184 = CARTESIAN_POINT('',(2.398083142574,-5.999999999062E-07));
#13185 = CARTESIAN_POINT('',(2.398083142574,0.6731006));
#13186 = ( GEOMETRIC_REPRESENTATION_CONTEXT(2) 
PARAMETRIC_REPRESENTATION_CONTEXT() REPRESENTATION_CONTEXT('2D SPACE',''
  ) );
#13187 = PCURVE('',#9366,#13188);
#13188 = DEFINITIONAL_REPRESENTATION('',(#13189),#13192);
#13189 = B_SPLINE_CURVE_WITH_KNOTS('',1,(#13190,#13191),.UNSPECIFIED.,
  .F.,.F.,(2,2),(-5.999999999062E-07,0.6731006),
  .PIECEWISE_BEZIER_KNOTS.);
#13190 = CARTESIAN_POINT('',(5.691590327334,1.9999995));
#13191 = CARTESIAN_POINT('',(5.691590327334,2.6731007));
#13192 = ( GEOMETRIC_REPRESENTATION_CONTEXT(2) 
PARAMETRIC_REPRESENTATION_CONTEXT() REPRESENTATION_CONTEXT('2D SPACE',''
  ) );
#13193 = ORIENTED_EDGE('',*,*,#10404,.F.);
#13194 = ORIENTED_EDGE('',*,*,#13140,.T.);
#13195 = ADVANCED_FACE('',(#13196),#9366,.F.);
#13196 = FACE_BOUND('',#13197,.F.);
#13197 = EDGE_LOOP('',(#13198,#13199,#13220,#13221,#13222,#13223,#13242,
    #13243,#13244,#13245,#13246,#13247,#13248,#13249,#13250,#13251));
#13198 = ORIENTED_EDGE('',*,*,#12423,.F.);
#13199 = ORIENTED_EDGE('',*,*,#13200,.F.);
#13200 = EDGE_CURVE('',#10429,#12396,#13201,.T.);
#13201 = SEAM_CURVE('',#13202,(#13206,#13213),.PCURVE_S1.);
#13202 = LINE('',#13203,#13204);
#13203 = CARTESIAN_POINT('',(-4.937429474316,-3.547386980907,
    1.999701563246));
#13204 = VECTOR('',#13205,1.);
#13205 = DIRECTION('',(1.296752066396E-05,-1.414950665963E-05,
    -0.999999999816));
#13206 = PCURVE('',#9366,#13207);
#13207 = DEFINITIONAL_REPRESENTATION('',(#13208),#13212);
#13208 = LINE('',#13209,#13210);
#13209 = CARTESIAN_POINT('',(0.,-0.));
#13210 = VECTOR('',#13211,1.);
#13211 = DIRECTION('',(0.,1.));
#13212 = ( GEOMETRIC_REPRESENTATION_CONTEXT(2) 
PARAMETRIC_REPRESENTATION_CONTEXT() REPRESENTATION_CONTEXT('2D SPACE',''
  ) );
#13213 = PCURVE('',#9366,#13214);
#13214 = DEFINITIONAL_REPRESENTATION('',(#13215),#13219);
#13215 = LINE('',#13216,#13217);
#13216 = CARTESIAN_POINT('',(6.28318530718,-0.));
#13217 = VECTOR('',#13218,1.);
#13218 = DIRECTION('',(0.,1.));
#13219 = ( GEOMETRIC_REPRESENTATION_CONTEXT(2) 
PARAMETRIC_REPRESENTATION_CONTEXT() REPRESENTATION_CONTEXT('2D SPACE',''
  ) );
#13220 = ORIENTED_EDGE('',*,*,#10456,.T.);
#13221 = ORIENTED_EDGE('',*,*,#10209,.T.);
#13222 = ORIENTED_EDGE('',*,*,#10593,.T.);
#13223 = ORIENTED_EDGE('',*,*,#13224,.T.);
#13224 = EDGE_CURVE('',#10513,#9313,#13225,.T.);
#13225 = SURFACE_CURVE('',#13226,(#13230,#13236),.PCURVE_S1.);
#13226 = LINE('',#13227,#13228);
#13227 = CARTESIAN_POINT('',(-4.323277680779,-4.700490370271,
    -2.74257252153E-04));
#13228 = VECTOR('',#13229,1.);
#13229 = DIRECTION('',(1.296752066396E-05,-1.414950665963E-05,
    -0.999999999816));
#13230 = PCURVE('',#9366,#13231);
#13231 = DEFINITIONAL_REPRESENTATION('',(#13232),#13235);
#13232 = B_SPLINE_CURVE_WITH_KNOTS('',1,(#13233,#13234),.UNSPECIFIED.,
  .F.,.F.,(2,2),(-5.999999999062E-07,0.6731006),
  .PIECEWISE_BEZIER_KNOTS.);
#13233 = CARTESIAN_POINT('',(5.30398396023,1.9999995));
#13234 = CARTESIAN_POINT('',(5.30398396023,2.6731007));
#13235 = ( GEOMETRIC_REPRESENTATION_CONTEXT(2) 
PARAMETRIC_REPRESENTATION_CONTEXT() REPRESENTATION_CONTEXT('2D SPACE',''
  ) );
#13236 = PCURVE('',#9333,#13237);
#13237 = DEFINITIONAL_REPRESENTATION('',(#13238),#13241);
#13238 = B_SPLINE_CURVE_WITH_KNOTS('',1,(#13239,#13240),.UNSPECIFIED.,
  .F.,.F.,(2,2),(-5.999999999062E-07,0.6731006),
  .PIECEWISE_BEZIER_KNOTS.);
#13239 = CARTESIAN_POINT('',(2.314305837811,-5.999999999062E-07));
#13240 = CARTESIAN_POINT('',(2.314305837811,0.6731006));
#13241 = ( GEOMETRIC_REPRESENTATION_CONTEXT(2) 
PARAMETRIC_REPRESENTATION_CONTEXT() REPRESENTATION_CONTEXT('2D SPACE',''
  ) );
#13242 = ORIENTED_EDGE('',*,*,#9345,.T.);
#13243 = ORIENTED_EDGE('',*,*,#13175,.F.);
#13244 = ORIENTED_EDGE('',*,*,#10428,.T.);
#13245 = ORIENTED_EDGE('',*,*,#13200,.T.);
#13246 = ORIENTED_EDGE('',*,*,#12395,.F.);
#13247 = ORIENTED_EDGE('',*,*,#12526,.F.);
#13248 = ORIENTED_EDGE('',*,*,#12715,.F.);
#13249 = ORIENTED_EDGE('',*,*,#12313,.T.);
#13250 = ORIENTED_EDGE('',*,*,#12239,.F.);
#13251 = ORIENTED_EDGE('',*,*,#11891,.F.);
#13252 = ADVANCED_FACE('',(#13253),#9333,.T.);
#13253 = FACE_BOUND('',#13254,.T.);
#13254 = EDGE_LOOP('',(#13255,#13256,#13275,#13276));
#13255 = ORIENTED_EDGE('',*,*,#9312,.F.);
#13256 = ORIENTED_EDGE('',*,*,#13257,.F.);
#13257 = EDGE_CURVE('',#10515,#9280,#13258,.T.);
#13258 = SURFACE_CURVE('',#13259,(#13263,#13269),.PCURVE_S1.);
#13259 = LINE('',#13260,#13261);
#13260 = CARTESIAN_POINT('',(4.324617824528,-4.70235625943,
    -1.620890870555E-04));
#13261 = VECTOR('',#13262,1.);
#13262 = DIRECTION('',(1.296752066396E-05,-1.414950665963E-05,
    -0.999999999816));
#13263 = PCURVE('',#9333,#13264);
#13264 = DEFINITIONAL_REPRESENTATION('',(#13265),#13268);
#13265 = B_SPLINE_CURVE_WITH_KNOTS('',1,(#13266,#13267),.UNSPECIFIED.,
  .F.,.F.,(2,2),(-5.999999999062E-07,0.6731006),
  .PIECEWISE_BEZIER_KNOTS.);
#13266 = CARTESIAN_POINT('',(0.827286815779,-5.999999999062E-07));
#13267 = CARTESIAN_POINT('',(0.827286815779,0.6731006));
#13268 = ( GEOMETRIC_REPRESENTATION_CONTEXT(2) 
PARAMETRIC_REPRESENTATION_CONTEXT() REPRESENTATION_CONTEXT('2D SPACE',''
  ) );
#13269 = PCURVE('',#9300,#13270);
#13270 = DEFINITIONAL_REPRESENTATION('',(#13271),#13274);
#13271 = B_SPLINE_CURVE_WITH_KNOTS('',1,(#13272,#13273),.UNSPECIFIED.,
  .F.,.F.,(2,2),(-5.999999999062E-07,0.6731006),
  .PIECEWISE_BEZIER_KNOTS.);
#13272 = CARTESIAN_POINT('',(4.120794000539,1.9999995));
#13273 = CARTESIAN_POINT('',(4.120794000539,2.6731007));
#13274 = ( GEOMETRIC_REPRESENTATION_CONTEXT(2) 
PARAMETRIC_REPRESENTATION_CONTEXT() REPRESENTATION_CONTEXT('2D SPACE',''
  ) );
#13275 = ORIENTED_EDGE('',*,*,#10512,.F.);
#13276 = ORIENTED_EDGE('',*,*,#13224,.T.);
#13277 = ADVANCED_FACE('',(#13278),#9300,.F.);
#13278 = FACE_BOUND('',#13279,.F.);
#13279 = EDGE_LOOP('',(#13280,#13281,#13302,#13303,#13304,#13305,#13324,
    #13325,#13326,#13327,#13328,#13329,#13330,#13331,#13332,#13333));
#13280 = ORIENTED_EDGE('',*,*,#12212,.F.);
#13281 = ORIENTED_EDGE('',*,*,#13282,.F.);
#13282 = EDGE_CURVE('',#10539,#12185,#13283,.T.);
#13283 = SEAM_CURVE('',#13284,(#13288,#13295),.PCURVE_S1.);
#13284 = LINE('',#13285,#13286);
#13285 = CARTESIAN_POINT('',(2.161215336186,-3.548918600292,
    1.999793636741));
#13286 = VECTOR('',#13287,1.);
#13287 = DIRECTION('',(1.296752066396E-05,-1.414950665963E-05,
    -0.999999999816));
#13288 = PCURVE('',#9300,#13289);
#13289 = DEFINITIONAL_REPRESENTATION('',(#13290),#13294);
#13290 = LINE('',#13291,#13292);
#13291 = CARTESIAN_POINT('',(0.,-0.));
#13292 = VECTOR('',#13293,1.);
#13293 = DIRECTION('',(0.,1.));
#13294 = ( GEOMETRIC_REPRESENTATION_CONTEXT(2) 
PARAMETRIC_REPRESENTATION_CONTEXT() REPRESENTATION_CONTEXT('2D SPACE',''
  ) );
#13295 = PCURVE('',#9300,#13296);
#13296 = DEFINITIONAL_REPRESENTATION('',(#13297),#13301);
#13297 = LINE('',#13298,#13299);
#13298 = CARTESIAN_POINT('',(6.28318530718,-0.));
#13299 = VECTOR('',#13300,1.);
#13300 = DIRECTION('',(0.,1.));
#13301 = ( GEOMETRIC_REPRESENTATION_CONTEXT(2) 
PARAMETRIC_REPRESENTATION_CONTEXT() REPRESENTATION_CONTEXT('2D SPACE',''
  ) );
#13302 = ORIENTED_EDGE('',*,*,#10566,.T.);
#13303 = ORIENTED_EDGE('',*,*,#10132,.T.);
#13304 = ORIENTED_EDGE('',*,*,#10053,.T.);
#13305 = ORIENTED_EDGE('',*,*,#13306,.T.);
#13306 = EDGE_CURVE('',#9973,#9247,#13307,.T.);
#13307 = SURFACE_CURVE('',#13308,(#13312,#13318),.PCURVE_S1.);
#13308 = LINE('',#13309,#13310);
#13309 = CARTESIAN_POINT('',(4.703016635286,-4.324120701861,
    -1.625340391982E-04));
#13310 = VECTOR('',#13311,1.);
#13311 = DIRECTION('',(1.296752066396E-05,-1.414950665963E-05,
    -0.999999999816));
#13312 = PCURVE('',#9300,#13313);
#13313 = DEFINITIONAL_REPRESENTATION('',(#13314),#13317);
#13314 = B_SPLINE_CURVE_WITH_KNOTS('',1,(#13315,#13316),.UNSPECIFIED.,
  .F.,.F.,(2,2),(-5.999999999062E-07,0.6731006),
  .PIECEWISE_BEZIER_KNOTS.);
#13315 = CARTESIAN_POINT('',(3.733187633435,1.9999995));
#13316 = CARTESIAN_POINT('',(3.733187633435,2.6731007));
#13317 = ( GEOMETRIC_REPRESENTATION_CONTEXT(2) 
PARAMETRIC_REPRESENTATION_CONTEXT() REPRESENTATION_CONTEXT('2D SPACE',''
  ) );
#13318 = PCURVE('',#9267,#13319);
#13319 = DEFINITIONAL_REPRESENTATION('',(#13320),#13323);
#13320 = B_SPLINE_CURVE_WITH_KNOTS('',1,(#13321,#13322),.UNSPECIFIED.,
  .F.,.F.,(2,2),(0.,0.6731),.PIECEWISE_BEZIER_KNOTS.);
#13321 = CARTESIAN_POINT('',(0.743509511016,0.));
#13322 = CARTESIAN_POINT('',(0.743509511016,0.6731));
#13323 = ( GEOMETRIC_REPRESENTATION_CONTEXT(2) 
PARAMETRIC_REPRESENTATION_CONTEXT() REPRESENTATION_CONTEXT('2D SPACE',''
  ) );
#13324 = ORIENTED_EDGE('',*,*,#9279,.T.);
#13325 = ORIENTED_EDGE('',*,*,#13257,.F.);
#13326 = ORIENTED_EDGE('',*,*,#10538,.T.);
#13327 = ORIENTED_EDGE('',*,*,#13282,.T.);
#13328 = ORIENTED_EDGE('',*,*,#12184,.F.);
#13329 = ORIENTED_EDGE('',*,*,#12268,.F.);
#13330 = ORIENTED_EDGE('',*,*,#12688,.F.);
#13331 = ORIENTED_EDGE('',*,*,#12627,.T.);
#13332 = ORIENTED_EDGE('',*,*,#12574,.F.);
#13333 = ORIENTED_EDGE('',*,*,#11968,.F.);
#13334 = ADVANCED_FACE('',(#13335),#9267,.T.);
#13335 = FACE_BOUND('',#13336,.T.);
#13336 = EDGE_LOOP('',(#13337,#13338,#13339,#13340));
#13337 = ORIENTED_EDGE('',*,*,#9972,.F.);
#13338 = ORIENTED_EDGE('',*,*,#13306,.T.);
#13339 = ORIENTED_EDGE('',*,*,#9244,.F.);
#13340 = ORIENTED_EDGE('',*,*,#9622,.F.);
#13341 = ADVANCED_FACE('',(#13342),#2876,.T.);
#13342 = FACE_BOUND('',#13343,.T.);
#13343 = EDGE_LOOP('',(#13344,#13345,#13371,#13372));
#13344 = ORIENTED_EDGE('',*,*,#2860,.F.);
#13345 = ORIENTED_EDGE('',*,*,#13346,.F.);
#13346 = EDGE_CURVE('',#8167,#2837,#13347,.T.);
#13347 = SURFACE_CURVE('',#13348,(#13353,#13360),.PCURVE_S1.);
#13348 = CIRCLE('',#13349,0.6096);
#13349 = AXIS2_PLACEMENT_3D('',#13350,#13351,#13352);
#13350 = CARTESIAN_POINT('',(-2.851919295979,6.639595540519,
    -12.61151563632));
#13351 = DIRECTION('',(1.296752066396E-05,-1.414950665963E-05,
    -0.999999999816));
#13352 = DIRECTION('',(-0.981668329923,-0.190597192858,
    -1.003294810563E-05));
#13353 = PCURVE('',#2876,#13354);
#13354 = DEFINITIONAL_REPRESENTATION('',(#13355),#13359);
#13355 = LINE('',#13356,#13357);
#13356 = CARTESIAN_POINT('',(5.846852994181,0.));
#13357 = VECTOR('',#13358,1.);
#13358 = DIRECTION('',(-1.,0.));
#13359 = ( GEOMETRIC_REPRESENTATION_CONTEXT(2) 
PARAMETRIC_REPRESENTATION_CONTEXT() REPRESENTATION_CONTEXT('2D SPACE',''
  ) );
#13360 = PCURVE('',#72,#13361);
#13361 = DEFINITIONAL_REPRESENTATION('',(#13362),#13370);
#13362 = ( BOUNDED_CURVE() B_SPLINE_CURVE(2,(#13363,#13364,#13365,#13366
    ,#13367,#13368,#13369),.UNSPECIFIED.,.T.,.F.) 
B_SPLINE_CURVE_WITH_KNOTS((1,2,2,2,2,1),(-2.094395102393,0.,
    2.094395102393,4.188790204786,6.28318530718,8.377580409573),
.UNSPECIFIED.) CURVE() GEOMETRIC_REPRESENTATION_ITEM() 
RATIONAL_B_SPLINE_CURVE((1.,0.5,1.,0.5,1.,0.5,1.)) REPRESENTATION_ITEM(
  '') );
#13363 = CARTESIAN_POINT('',(-6.521999306853,-3.453599771386));
#13364 = CARTESIAN_POINT('',(-7.558458390642,-3.655067008502));
#13365 = CARTESIAN_POINT('',(-7.21470459412,-2.656733493399));
#13366 = CARTESIAN_POINT('',(-6.870950797599,-1.658399978297));
#13367 = CARTESIAN_POINT('',(-6.178245510331,-2.455266256283));
#13368 = CARTESIAN_POINT('',(-5.485540223064,-3.25213253427));
#13369 = CARTESIAN_POINT('',(-6.521999306853,-3.453599771386));
#13370 = ( GEOMETRIC_REPRESENTATION_CONTEXT(2) 
PARAMETRIC_REPRESENTATION_CONTEXT() REPRESENTATION_CONTEXT('2D SPACE',''
  ) );
#13371 = ORIENTED_EDGE('',*,*,#8166,.T.);
#13372 = ORIENTED_EDGE('',*,*,#3645,.T.);
#13373 = ADVANCED_FACE('',(#13374),#1977,.T.);
#13374 = FACE_BOUND('',#13375,.T.);
#13375 = EDGE_LOOP('',(#13376,#13377,#13378,#13399));
#13376 = ORIENTED_EDGE('',*,*,#2917,.T.);
#13377 = ORIENTED_EDGE('',*,*,#3618,.T.);
#13378 = ORIENTED_EDGE('',*,*,#13379,.F.);
#13379 = EDGE_CURVE('',#1804,#3596,#13380,.T.);
#13380 = SURFACE_CURVE('',#13381,(#13385,#13392),.PCURVE_S1.);
#13381 = LINE('',#13382,#13383);
#13382 = CARTESIAN_POINT('',(-1.036178568791,7.307367823462,
    -5.739467451509));
#13383 = VECTOR('',#13384,1.);
#13384 = DIRECTION('',(-1.296752066396E-05,1.414950665963E-05,
    0.999999999816));
#13385 = PCURVE('',#1977,#13386);
#13386 = DEFINITIONAL_REPRESENTATION('',(#13387),#13391);
#13387 = LINE('',#13388,#13389);
#13388 = CARTESIAN_POINT('',(3.577924966585,6.872034086544));
#13389 = VECTOR('',#13390,1.);
#13390 = DIRECTION('',(0.,1.));
#13391 = ( GEOMETRIC_REPRESENTATION_CONTEXT(2) 
PARAMETRIC_REPRESENTATION_CONTEXT() REPRESENTATION_CONTEXT('2D SPACE',''
  ) );
#13392 = PCURVE('',#1841,#13393);
#13393 = DEFINITIONAL_REPRESENTATION('',(#13394),#13398);
#13394 = LINE('',#13395,#13396);
#13395 = CARTESIAN_POINT('',(6.872034086544,0.5688038757));
#13396 = VECTOR('',#13397,1.);
#13397 = DIRECTION('',(1.,3.388131789017E-21));
#13398 = ( GEOMETRIC_REPRESENTATION_CONTEXT(2) 
PARAMETRIC_REPRESENTATION_CONTEXT() REPRESENTATION_CONTEXT('2D SPACE',''
  ) );
#13399 = ORIENTED_EDGE('',*,*,#1853,.T.);
#13400 = ADVANCED_FACE('',(#13401),#1841,.F.);
#13401 = FACE_BOUND('',#13402,.T.);
#13402 = EDGE_LOOP('',(#13403,#13404,#13405,#13426));
#13403 = ORIENTED_EDGE('',*,*,#13379,.T.);
#13404 = ORIENTED_EDGE('',*,*,#3595,.F.);
#13405 = ORIENTED_EDGE('',*,*,#13406,.F.);
#13406 = EDGE_CURVE('',#1630,#3568,#13407,.T.);
#13407 = SURFACE_CURVE('',#13408,(#13412,#13419),.PCURVE_S1.);
#13408 = LINE('',#13409,#13410);
#13409 = CARTESIAN_POINT('',(-0.795904826395,6.791806692342,
    -5.590682650428));
#13410 = VECTOR('',#13411,1.);
#13411 = DIRECTION('',(-1.296752066396E-05,1.414950665963E-05,
    0.999999999816));
#13412 = PCURVE('',#1841,#13413);
#13413 = DEFINITIONAL_REPRESENTATION('',(#13414),#13418);
#13414 = LINE('',#13415,#13416);
#13415 = CARTESIAN_POINT('',(7.020808476907,2.338353035508E-16));
#13416 = VECTOR('',#13417,1.);
#13417 = DIRECTION('',(1.,3.388131789017E-21));
#13418 = ( GEOMETRIC_REPRESENTATION_CONTEXT(2) 
PARAMETRIC_REPRESENTATION_CONTEXT() REPRESENTATION_CONTEXT('2D SPACE',''
  ) );
#13419 = PCURVE('',#1725,#13420);
#13420 = DEFINITIONAL_REPRESENTATION('',(#13421),#13425);
#13421 = LINE('',#13422,#13423);
#13422 = CARTESIAN_POINT('',(0.436332312999,7.020808476907));
#13423 = VECTOR('',#13424,1.);
#13424 = DIRECTION('',(0.,1.));
#13425 = ( GEOMETRIC_REPRESENTATION_CONTEXT(2) 
PARAMETRIC_REPRESENTATION_CONTEXT() REPRESENTATION_CONTEXT('2D SPACE',''
  ) );
#13426 = ORIENTED_EDGE('',*,*,#1803,.T.);
#13427 = ADVANCED_FACE('',(#13428),#1725,.F.);
#13428 = FACE_BOUND('',#13429,.F.);
#13429 = EDGE_LOOP('',(#13430,#13431,#13452,#13453));
#13430 = ORIENTED_EDGE('',*,*,#1629,.F.);
#13431 = ORIENTED_EDGE('',*,*,#13432,.T.);
#13432 = EDGE_CURVE('',#1601,#3545,#13433,.T.);
#13433 = SURFACE_CURVE('',#13434,(#13438,#13445),.PCURVE_S1.);
#13434 = LINE('',#13435,#13436);
#13435 = CARTESIAN_POINT('',(-0.243497828482,6.439718068604,
    -5.415320632204));
#13436 = VECTOR('',#13437,1.);
#13437 = DIRECTION('',(-1.296752066396E-05,1.414950665963E-05,
    0.999999999816));
#13438 = PCURVE('',#1725,#13439);
#13439 = DEFINITIONAL_REPRESENTATION('',(#13440),#13444);
#13440 = LINE('',#13441,#13442);
#13441 = CARTESIAN_POINT('',(1.570796326795,7.196158349869));
#13442 = VECTOR('',#13443,1.);
#13443 = DIRECTION('',(0.,1.));
#13444 = ( GEOMETRIC_REPRESENTATION_CONTEXT(2) 
PARAMETRIC_REPRESENTATION_CONTEXT() REPRESENTATION_CONTEXT('2D SPACE',''
  ) );
#13445 = PCURVE('',#1617,#13446);
#13446 = DEFINITIONAL_REPRESENTATION('',(#13447),#13451);
#13447 = LINE('',#13448,#13449);
#13448 = CARTESIAN_POINT('',(7.196158349869,0.493283938024));
#13449 = VECTOR('',#13450,1.);
#13450 = DIRECTION('',(1.,0.));
#13451 = ( GEOMETRIC_REPRESENTATION_CONTEXT(2) 
PARAMETRIC_REPRESENTATION_CONTEXT() REPRESENTATION_CONTEXT('2D SPACE',''
  ) );
#13452 = ORIENTED_EDGE('',*,*,#3567,.T.);
#13453 = ORIENTED_EDGE('',*,*,#13406,.F.);
#13454 = ADVANCED_FACE('',(#13455),#1617,.F.);
#13455 = FACE_BOUND('',#13456,.T.);
#13456 = EDGE_LOOP('',(#13457,#13458,#13459,#13480));
#13457 = ORIENTED_EDGE('',*,*,#13432,.T.);
#13458 = ORIENTED_EDGE('',*,*,#3544,.F.);
#13459 = ORIENTED_EDGE('',*,*,#13460,.F.);
#13460 = EDGE_CURVE('',#1427,#3517,#13461,.T.);
#13461 = SURFACE_CURVE('',#13462,(#13466,#13473),.PCURVE_S1.);
#13462 = LINE('',#13463,#13464);
#13463 = CARTESIAN_POINT('',(0.249786098019,6.439611636567,
    -5.415314234029));
#13464 = VECTOR('',#13465,1.);
#13465 = DIRECTION('',(-1.296752066396E-05,1.414950665963E-05,
    0.999999999816));
#13466 = PCURVE('',#1617,#13467);
#13467 = DEFINITIONAL_REPRESENTATION('',(#13468),#13472);
#13468 = LINE('',#13469,#13470);
#13469 = CARTESIAN_POINT('',(7.196158349869,-7.508100044462E-18));
#13470 = VECTOR('',#13471,1.);
#13471 = DIRECTION('',(1.,0.));
#13472 = ( GEOMETRIC_REPRESENTATION_CONTEXT(2) 
PARAMETRIC_REPRESENTATION_CONTEXT() REPRESENTATION_CONTEXT('2D SPACE',''
  ) );
#13473 = PCURVE('',#1522,#13474);
#13474 = DEFINITIONAL_REPRESENTATION('',(#13475),#13479);
#13475 = LINE('',#13476,#13477);
#13476 = CARTESIAN_POINT('',(1.570796326795,7.196158349869));
#13477 = VECTOR('',#13478,1.);
#13478 = DIRECTION('',(0.,1.));
#13479 = ( GEOMETRIC_REPRESENTATION_CONTEXT(2) 
PARAMETRIC_REPRESENTATION_CONTEXT() REPRESENTATION_CONTEXT('2D SPACE',''
  ) );
#13480 = ORIENTED_EDGE('',*,*,#1600,.T.);
#13481 = ADVANCED_FACE('',(#13482),#1522,.F.);
#13482 = FACE_BOUND('',#13483,.F.);
#13483 = EDGE_LOOP('',(#13484,#13485,#13506,#13507));
#13484 = ORIENTED_EDGE('',*,*,#1426,.F.);
#13485 = ORIENTED_EDGE('',*,*,#13486,.T.);
#13486 = EDGE_CURVE('',#1377,#3494,#13487,.T.);
#13487 = SURFACE_CURVE('',#13488,(#13492,#13499),.PCURVE_S1.);
#13488 = LINE('',#13489,#13490);
#13489 = CARTESIAN_POINT('',(0.802349528246,6.791461849429,
    -5.590661920153));
#13490 = VECTOR('',#13491,1.);
#13491 = DIRECTION('',(-1.296752066396E-05,1.414950665963E-05,
    0.999999999816));
#13492 = PCURVE('',#1522,#13493);
#13493 = DEFINITIONAL_REPRESENTATION('',(#13494),#13498);
#13494 = LINE('',#13495,#13496);
#13495 = CARTESIAN_POINT('',(2.70526034059,7.020808476907));
#13496 = VECTOR('',#13497,1.);
#13497 = DIRECTION('',(0.,1.));
#13498 = ( GEOMETRIC_REPRESENTATION_CONTEXT(2) 
PARAMETRIC_REPRESENTATION_CONTEXT() REPRESENTATION_CONTEXT('2D SPACE',''
  ) );
#13499 = PCURVE('',#1414,#13500);
#13500 = DEFINITIONAL_REPRESENTATION('',(#13501),#13505);
#13501 = LINE('',#13502,#13503);
#13502 = CARTESIAN_POINT('',(-0.5688038757,7.020808476907));
#13503 = VECTOR('',#13504,1.);
#13504 = DIRECTION('',(8.470329472543E-22,1.));
#13505 = ( GEOMETRIC_REPRESENTATION_CONTEXT(2) 
PARAMETRIC_REPRESENTATION_CONTEXT() REPRESENTATION_CONTEXT('2D SPACE',''
  ) );
#13506 = ORIENTED_EDGE('',*,*,#3516,.T.);
#13507 = ORIENTED_EDGE('',*,*,#13460,.F.);
#13508 = ADVANCED_FACE('',(#13509),#1414,.F.);
#13509 = FACE_BOUND('',#13510,.T.);
#13510 = EDGE_LOOP('',(#13511,#13512,#13513,#13534));
#13511 = ORIENTED_EDGE('',*,*,#13486,.T.);
#13512 = ORIENTED_EDGE('',*,*,#3493,.F.);
#13513 = ORIENTED_EDGE('',*,*,#13514,.F.);
#13514 = EDGE_CURVE('',#1153,#3466,#13515,.T.);
#13515 = SURFACE_CURVE('',#13516,(#13520,#13527),.PCURVE_S1.);
#13516 = LINE('',#13517,#13518);
#13517 = CARTESIAN_POINT('',(1.042849585059,7.306919247725,
    -5.739440485321));
#13518 = VECTOR('',#13519,1.);
#13519 = DIRECTION('',(-1.296752066396E-05,1.414950665963E-05,
    0.999999999816));
#13520 = PCURVE('',#1414,#13521);
#13521 = DEFINITIONAL_REPRESENTATION('',(#13522),#13526);
#13522 = LINE('',#13523,#13524);
#13523 = CARTESIAN_POINT('',(4.898154364746E-16,6.872034086544));
#13524 = VECTOR('',#13525,1.);
#13525 = DIRECTION('',(8.470329472543E-22,1.));
#13526 = ( GEOMETRIC_REPRESENTATION_CONTEXT(2) 
PARAMETRIC_REPRESENTATION_CONTEXT() REPRESENTATION_CONTEXT('2D SPACE',''
  ) );
#13527 = PCURVE('',#1276,#13528);
#13528 = DEFINITIONAL_REPRESENTATION('',(#13529),#13533);
#13529 = LINE('',#13530,#13531);
#13530 = CARTESIAN_POINT('',(5.846852994184,6.872034086544));
#13531 = VECTOR('',#13532,1.);
#13532 = DIRECTION('',(0.,1.));
#13533 = ( GEOMETRIC_REPRESENTATION_CONTEXT(2) 
PARAMETRIC_REPRESENTATION_CONTEXT() REPRESENTATION_CONTEXT('2D SPACE',''
  ) );
#13534 = ORIENTED_EDGE('',*,*,#1376,.T.);
#13535 = ADVANCED_FACE('',(#13536),#1276,.T.);
#13536 = FACE_BOUND('',#13537,.T.);
#13537 = EDGE_LOOP('',(#13538,#13539,#13540,#13561));
#13538 = ORIENTED_EDGE('',*,*,#13514,.T.);
#13539 = ORIENTED_EDGE('',*,*,#3465,.T.);
#13540 = ORIENTED_EDGE('',*,*,#13541,.F.);
#13541 = EDGE_CURVE('',#1030,#3442,#13542,.T.);
#13542 = SURFACE_CURVE('',#13543,(#13547,#13554),.PCURVE_S1.);
#13543 = LINE('',#13544,#13545);
#13544 = CARTESIAN_POINT('',(1.729720594866,7.643749862685,
    -6.847977732524));
#13545 = VECTOR('',#13546,1.);
#13546 = DIRECTION('',(-1.296752069246E-05,1.414950665963E-05,
    0.999999999816));
#13547 = PCURVE('',#1276,#13548);
#13548 = DEFINITIONAL_REPRESENTATION('',(#13549),#13553);
#13549 = LINE('',#13550,#13551);
#13550 = CARTESIAN_POINT('',(4.490260518313,5.763492698519));
#13551 = VECTOR('',#13552,1.);
#13552 = DIRECTION('',(4.562701329374E-14,1.));
#13553 = ( GEOMETRIC_REPRESENTATION_CONTEXT(2) 
PARAMETRIC_REPRESENTATION_CONTEXT() REPRESENTATION_CONTEXT('2D SPACE',''
  ) );
#13554 = PCURVE('',#1096,#13555);
#13555 = DEFINITIONAL_REPRESENTATION('',(#13556),#13560);
#13556 = LINE('',#13557,#13558);
#13557 = CARTESIAN_POINT('',(4.934517442456,-7.452592698519));
#13558 = VECTOR('',#13559,1.);
#13559 = DIRECTION('',(-3.615725581768E-15,-1.));
#13560 = ( GEOMETRIC_REPRESENTATION_CONTEXT(2) 
PARAMETRIC_REPRESENTATION_CONTEXT() REPRESENTATION_CONTEXT('2D SPACE',''
  ) );
#13561 = ORIENTED_EDGE('',*,*,#1152,.T.);
#13562 = ADVANCED_FACE('',(#13563),#1096,.T.);
#13563 = FACE_BOUND('',#13564,.T.);
#13564 = EDGE_LOOP('',(#13565,#13566,#13567,#13568,#13569,#13593));
#13565 = ORIENTED_EDGE('',*,*,#1029,.F.);
#13566 = ORIENTED_EDGE('',*,*,#13541,.T.);
#13567 = ORIENTED_EDGE('',*,*,#3441,.F.);
#13568 = ORIENTED_EDGE('',*,*,#8266,.F.);
#13569 = ORIENTED_EDGE('',*,*,#13570,.T.);
#13570 = EDGE_CURVE('',#8239,#13571,#13573,.T.);
#13571 = VERTEX_POINT('',#13572);
#13572 = CARTESIAN_POINT('',(1.729795333075,7.643668312107,
    -12.61147042998));
#13573 = SURFACE_CURVE('',#13574,(#13579,#13586),.PCURVE_S1.);
#13574 = CIRCLE('',#13575,7.8359);
#13575 = AXIS2_PLACEMENT_3D('',#13576,#13577,#13578);
#13576 = CARTESIAN_POINT('',(1.84817857334E-03,6.631810159544E-04,
    -12.61138469241));
#13577 = DIRECTION('',(-1.296752066396E-05,1.414950665963E-05,
    0.999999999816));
#13578 = DIRECTION('',(0.395310473238,0.918547565282,-7.870798163203E-06
    ));
#13579 = PCURVE('',#1096,#13580);
#13580 = DEFINITIONAL_REPRESENTATION('',(#13581),#13585);
#13581 = LINE('',#13582,#13583);
#13582 = CARTESIAN_POINT('',(5.118579049031,-1.6891));
#13583 = VECTOR('',#13584,1.);
#13584 = DIRECTION('',(-1.,0.));
#13585 = ( GEOMETRIC_REPRESENTATION_CONTEXT(2) 
PARAMETRIC_REPRESENTATION_CONTEXT() REPRESENTATION_CONTEXT('2D SPACE',''
  ) );
#13586 = PCURVE('',#72,#13587);
#13587 = DEFINITIONAL_REPRESENTATION('',(#13588),#13592);
#13588 = CIRCLE('',#13589,7.8359);
#13589 = AXIS2_PLACEMENT_2D('',#13590,#13591);
#13590 = CARTESIAN_POINT('',(0.,0.));
#13591 = DIRECTION('',(-0.918632837058,0.395112276041));
#13592 = ( GEOMETRIC_REPRESENTATION_CONTEXT(2) 
PARAMETRIC_REPRESENTATION_CONTEXT() REPRESENTATION_CONTEXT('2D SPACE',''
  ) );
#13593 = ORIENTED_EDGE('',*,*,#13594,.T.);
#13594 = EDGE_CURVE('',#13571,#811,#13595,.T.);
#13595 = SURFACE_CURVE('',#13596,(#13600,#13607),.PCURVE_S1.);
#13596 = LINE('',#13597,#13598);
#13597 = CARTESIAN_POINT('',(1.729795333076,7.643668312107,
    -12.61147042998));
#13598 = VECTOR('',#13599,1.);
#13599 = DIRECTION('',(-1.296752063547E-05,1.414950665962E-05,
    0.999999999816));
#13600 = PCURVE('',#1096,#13601);
#13601 = DEFINITIONAL_REPRESENTATION('',(#13602),#13606);
#13602 = LINE('',#13603,#13604);
#13603 = CARTESIAN_POINT('',(4.934517442456,-1.6891));
#13604 = VECTOR('',#13605,1.);
#13605 = DIRECTION('',(3.443548173112E-15,-1.));
#13606 = ( GEOMETRIC_REPRESENTATION_CONTEXT(2) 
PARAMETRIC_REPRESENTATION_CONTEXT() REPRESENTATION_CONTEXT('2D SPACE',''
  ) );
#13607 = PCURVE('',#44,#13608);
#13608 = DEFINITIONAL_REPRESENTATION('',(#13609),#13613);
#13609 = LINE('',#13610,#13611);
#13610 = CARTESIAN_POINT('',(4.490260518313,1.453339862021E-26));
#13611 = VECTOR('',#13612,1.);
#13612 = DIRECTION('',(-4.562701329374E-14,1.));
#13613 = ( GEOMETRIC_REPRESENTATION_CONTEXT(2) 
PARAMETRIC_REPRESENTATION_CONTEXT() REPRESENTATION_CONTEXT('2D SPACE',''
  ) );
#13614 = ADVANCED_FACE('',(#13615),#630,.F.);
#13615 = FACE_BOUND('',#13616,.T.);
#13616 = EDGE_LOOP('',(#13617,#13640,#13663,#13684));
#13617 = ORIENTED_EDGE('',*,*,#13618,.F.);
#13618 = EDGE_CURVE('',#13619,#614,#13621,.T.);
#13619 = VERTEX_POINT('',#13620);
#13620 = CARTESIAN_POINT('',(0.249879414351,6.439509814477,
    -12.61147258257));
#13621 = SURFACE_CURVE('',#13622,(#13626,#13633),.PCURVE_S1.);
#13622 = LINE('',#13623,#13624);
#13623 = CARTESIAN_POINT('',(0.249879414351,6.439509814477,
    -12.61147258257));
#13624 = VECTOR('',#13625,1.);
#13625 = DIRECTION('',(-1.296752066396E-05,1.414950665963E-05,
    0.999999999816));
#13626 = PCURVE('',#630,#13627);
#13627 = DEFINITIONAL_REPRESENTATION('',(#13628),#13632);
#13628 = LINE('',#13629,#13630);
#13629 = CARTESIAN_POINT('',(0.,0.));
#13630 = VECTOR('',#13631,1.);
#13631 = DIRECTION('',(1.,0.));
#13632 = ( GEOMETRIC_REPRESENTATION_CONTEXT(2) 
PARAMETRIC_REPRESENTATION_CONTEXT() REPRESENTATION_CONTEXT('2D SPACE',''
  ) );
#13633 = PCURVE('',#100,#13634);
#13634 = DEFINITIONAL_REPRESENTATION('',(#13635),#13639);
#13635 = LINE('',#13636,#13637);
#13636 = CARTESIAN_POINT('',(1.570796326795,0.));
#13637 = VECTOR('',#13638,1.);
#13638 = DIRECTION('',(0.,1.));
#13639 = ( GEOMETRIC_REPRESENTATION_CONTEXT(2) 
PARAMETRIC_REPRESENTATION_CONTEXT() REPRESENTATION_CONTEXT('2D SPACE',''
  ) );
#13640 = ORIENTED_EDGE('',*,*,#13641,.T.);
#13641 = EDGE_CURVE('',#13619,#13642,#13644,.T.);
#13642 = VERTEX_POINT('',#13643);
#13643 = CARTESIAN_POINT('',(-0.24340451215,6.439616246514,
    -12.61147898074));
#13644 = SURFACE_CURVE('',#13645,(#13649,#13656),.PCURVE_S1.);
#13645 = LINE('',#13646,#13647);
#13646 = CARTESIAN_POINT('',(0.249879414351,6.439509814477,
    -12.61147258257));
#13647 = VECTOR('',#13648,1.);
#13648 = DIRECTION('',(-0.999999976639,2.157622180403E-04,
    -1.297057329236E-05));
#13649 = PCURVE('',#630,#13650);
#13650 = DEFINITIONAL_REPRESENTATION('',(#13651),#13655);
#13651 = LINE('',#13652,#13653);
#13652 = CARTESIAN_POINT('',(0.,0.));
#13653 = VECTOR('',#13654,1.);
#13654 = DIRECTION('',(0.,1.));
#13655 = ( GEOMETRIC_REPRESENTATION_CONTEXT(2) 
PARAMETRIC_REPRESENTATION_CONTEXT() REPRESENTATION_CONTEXT('2D SPACE',''
  ) );
#13656 = PCURVE('',#72,#13657);
#13657 = DEFINITIONAL_REPRESENTATION('',(#13658),#13662);
#13658 = LINE('',#13659,#13660);
#13659 = CARTESIAN_POINT('',(-6.4389,0.246641969012));
#13660 = VECTOR('',#13661,1.);
#13661 = DIRECTION('',(-3.459928481247E-20,-1.));
#13662 = ( GEOMETRIC_REPRESENTATION_CONTEXT(2) 
PARAMETRIC_REPRESENTATION_CONTEXT() REPRESENTATION_CONTEXT('2D SPACE',''
  ) );
#13663 = ORIENTED_EDGE('',*,*,#13664,.T.);
#13664 = EDGE_CURVE('',#13642,#440,#13665,.T.);
#13665 = SURFACE_CURVE('',#13666,(#13670,#13677),.PCURVE_S1.);
#13666 = LINE('',#13667,#13668);
#13667 = CARTESIAN_POINT('',(-0.24340451215,6.439616246514,
    -12.61147898074));
#13668 = VECTOR('',#13669,1.);
#13669 = DIRECTION('',(-1.296752066396E-05,1.414950665963E-05,
    0.999999999816));
#13670 = PCURVE('',#630,#13671);
#13671 = DEFINITIONAL_REPRESENTATION('',(#13672),#13676);
#13672 = LINE('',#13673,#13674);
#13673 = CARTESIAN_POINT('',(-1.425556450229E-17,0.493283938024));
#13674 = VECTOR('',#13675,1.);
#13675 = DIRECTION('',(1.,0.));
#13676 = ( GEOMETRIC_REPRESENTATION_CONTEXT(2) 
PARAMETRIC_REPRESENTATION_CONTEXT() REPRESENTATION_CONTEXT('2D SPACE',''
  ) );
#13677 = PCURVE('',#535,#13678);
#13678 = DEFINITIONAL_REPRESENTATION('',(#13679),#13683);
#13679 = LINE('',#13680,#13681);
#13680 = CARTESIAN_POINT('',(1.570796326795,0.));
#13681 = VECTOR('',#13682,1.);
#13682 = DIRECTION('',(0.,1.));
#13683 = ( GEOMETRIC_REPRESENTATION_CONTEXT(2) 
PARAMETRIC_REPRESENTATION_CONTEXT() REPRESENTATION_CONTEXT('2D SPACE',''
  ) );
#13684 = ORIENTED_EDGE('',*,*,#613,.T.);
#13685 = ADVANCED_FACE('',(#13686),#535,.F.);
#13686 = FACE_BOUND('',#13687,.F.);
#13687 = EDGE_LOOP('',(#13688,#13689,#13712,#13738));
#13688 = ORIENTED_EDGE('',*,*,#439,.F.);
#13689 = ORIENTED_EDGE('',*,*,#13690,.F.);
#13690 = EDGE_CURVE('',#13691,#390,#13693,.T.);
#13691 = VERTEX_POINT('',#13692);
#13692 = CARTESIAN_POINT('',(-0.795813783916,6.791707351366,
    -12.61149112604));
#13693 = SURFACE_CURVE('',#13694,(#13698,#13705),.PCURVE_S1.);
#13694 = LINE('',#13695,#13696);
#13695 = CARTESIAN_POINT('',(-0.795813783916,6.791707351366,
    -12.61149112604));
#13696 = VECTOR('',#13697,1.);
#13697 = DIRECTION('',(-1.296752066396E-05,1.414950665963E-05,
    0.999999999816));
#13698 = PCURVE('',#535,#13699);
#13699 = DEFINITIONAL_REPRESENTATION('',(#13700),#13704);
#13700 = LINE('',#13701,#13702);
#13701 = CARTESIAN_POINT('',(0.436332312999,0.));
#13702 = VECTOR('',#13703,1.);
#13703 = DIRECTION('',(0.,1.));
#13704 = ( GEOMETRIC_REPRESENTATION_CONTEXT(2) 
PARAMETRIC_REPRESENTATION_CONTEXT() REPRESENTATION_CONTEXT('2D SPACE',''
  ) );
#13705 = PCURVE('',#427,#13706);
#13706 = DEFINITIONAL_REPRESENTATION('',(#13707),#13711);
#13707 = LINE('',#13708,#13709);
#13708 = CARTESIAN_POINT('',(0.,0.));
#13709 = VECTOR('',#13710,1.);
#13710 = DIRECTION('',(1.,3.388131789017E-21));
#13711 = ( GEOMETRIC_REPRESENTATION_CONTEXT(2) 
PARAMETRIC_REPRESENTATION_CONTEXT() REPRESENTATION_CONTEXT('2D SPACE',''
  ) );
#13712 = ORIENTED_EDGE('',*,*,#13713,.F.);
#13713 = EDGE_CURVE('',#13642,#13691,#13714,.T.);
#13714 = SURFACE_CURVE('',#13715,(#13720,#13727),.PCURVE_S1.);
#13715 = CIRCLE('',#13716,0.6096);
#13716 = AXIS2_PLACEMENT_3D('',#13717,#13718,#13719);
#13717 = CARTESIAN_POINT('',(-0.24327298339,7.049216232263,
    -12.61148760458));
#13718 = DIRECTION('',(1.296752066396E-05,-1.414950665963E-05,
    -0.999999999816));
#13719 = DIRECTION('',(-2.157624015277E-04,-0.999999976623,
    1.414670842806E-05));
#13720 = PCURVE('',#535,#13721);
#13721 = DEFINITIONAL_REPRESENTATION('',(#13722),#13726);
#13722 = LINE('',#13723,#13724);
#13723 = CARTESIAN_POINT('',(1.570796326795,0.));
#13724 = VECTOR('',#13725,1.);
#13725 = DIRECTION('',(-1.,0.));
#13726 = ( GEOMETRIC_REPRESENTATION_CONTEXT(2) 
PARAMETRIC_REPRESENTATION_CONTEXT() REPRESENTATION_CONTEXT('2D SPACE',''
  ) );
#13727 = PCURVE('',#72,#13728);
#13728 = DEFINITIONAL_REPRESENTATION('',(#13729),#13737);
#13729 = ( BOUNDED_CURVE() B_SPLINE_CURVE(2,(#13730,#13731,#13732,#13733
    ,#13734,#13735,#13736),.UNSPECIFIED.,.T.,.F.) 
B_SPLINE_CURVE_WITH_KNOTS((1,2,2,2,2,1),(-2.094395102393,0.,
    2.094395102393,4.188790204786,6.28318530718,8.377580409573),
.UNSPECIFIED.) CURVE() GEOMETRIC_REPRESENTATION_ITEM() 
RATIONAL_B_SPLINE_CURVE((1.,0.5,1.,0.5,1.,0.5,1.)) REPRESENTATION_ITEM(
  '') );
#13730 = CARTESIAN_POINT('',(-6.4389,-0.246641969012));
#13731 = CARTESIAN_POINT('',(-6.4389,-1.302500141306));
#13732 = CARTESIAN_POINT('',(-7.3533,-0.774571055159));
#13733 = CARTESIAN_POINT('',(-8.2677,-0.246641969012));
#13734 = CARTESIAN_POINT('',(-7.3533,0.281287117135));
#13735 = CARTESIAN_POINT('',(-6.4389,0.809216203282));
#13736 = CARTESIAN_POINT('',(-6.4389,-0.246641969012));
#13737 = ( GEOMETRIC_REPRESENTATION_CONTEXT(2) 
PARAMETRIC_REPRESENTATION_CONTEXT() REPRESENTATION_CONTEXT('2D SPACE',''
  ) );
#13738 = ORIENTED_EDGE('',*,*,#13664,.T.);
#13739 = ADVANCED_FACE('',(#13740),#427,.F.);
#13740 = FACE_BOUND('',#13741,.T.);
#13741 = EDGE_LOOP('',(#13742,#13743,#13766,#13787));
#13742 = ORIENTED_EDGE('',*,*,#13690,.F.);
#13743 = ORIENTED_EDGE('',*,*,#13744,.T.);
#13744 = EDGE_CURVE('',#13691,#13745,#13747,.T.);
#13745 = VERTEX_POINT('',#13746);
#13746 = CARTESIAN_POINT('',(-1.036089455547,7.307270587569,
    -12.61150153678));
#13747 = SURFACE_CURVE('',#13748,(#13752,#13759),.PCURVE_S1.);
#13748 = LINE('',#13749,#13750);
#13749 = CARTESIAN_POINT('',(-0.795813783916,6.791707351366,
    -12.61149112604));
#13750 = VECTOR('',#13751,1.);
#13751 = DIRECTION('',(-0.422422704723,0.906398950904,
    -1.830287314789E-05));
#13752 = PCURVE('',#427,#13753);
#13753 = DEFINITIONAL_REPRESENTATION('',(#13754),#13758);
#13754 = LINE('',#13755,#13756);
#13755 = CARTESIAN_POINT('',(0.,0.));
#13756 = VECTOR('',#13757,1.);
#13757 = DIRECTION('',(3.388131789017E-21,1.));
#13758 = ( GEOMETRIC_REPRESENTATION_CONTEXT(2) 
PARAMETRIC_REPRESENTATION_CONTEXT() REPRESENTATION_CONTEXT('2D SPACE',''
  ) );
#13759 = PCURVE('',#72,#13760);
#13760 = DEFINITIONAL_REPRESENTATION('',(#13761),#13765);
#13761 = LINE('',#13762,#13763);
#13762 = CARTESIAN_POINT('',(-6.790871907642,-0.799127195989));
#13763 = VECTOR('',#13764,1.);
#13764 = DIRECTION('',(-0.906307787037,-0.422618261741));
#13765 = ( GEOMETRIC_REPRESENTATION_CONTEXT(2) 
PARAMETRIC_REPRESENTATION_CONTEXT() REPRESENTATION_CONTEXT('2D SPACE',''
  ) );
#13766 = ORIENTED_EDGE('',*,*,#13767,.T.);
#13767 = EDGE_CURVE('',#13745,#166,#13768,.T.);
#13768 = SURFACE_CURVE('',#13769,(#13773,#13780),.PCURVE_S1.);
#13769 = LINE('',#13770,#13771);
#13770 = CARTESIAN_POINT('',(-1.036089455547,7.307270587569,
    -12.61150153678));
#13771 = VECTOR('',#13772,1.);
#13772 = DIRECTION('',(-1.296752066396E-05,1.414950665963E-05,
    0.999999999816));
#13773 = PCURVE('',#427,#13774);
#13774 = DEFINITIONAL_REPRESENTATION('',(#13775),#13779);
#13775 = LINE('',#13776,#13777);
#13776 = CARTESIAN_POINT('',(-3.066039040494E-16,0.5688038757));
#13777 = VECTOR('',#13778,1.);
#13778 = DIRECTION('',(1.,3.388131789017E-21));
#13779 = ( GEOMETRIC_REPRESENTATION_CONTEXT(2) 
PARAMETRIC_REPRESENTATION_CONTEXT() REPRESENTATION_CONTEXT('2D SPACE',''
  ) );
#13780 = PCURVE('',#289,#13781);
#13781 = DEFINITIONAL_REPRESENTATION('',(#13782),#13786);
#13782 = LINE('',#13783,#13784);
#13783 = CARTESIAN_POINT('',(3.577924966585,0.));
#13784 = VECTOR('',#13785,1.);
#13785 = DIRECTION('',(0.,1.));
#13786 = ( GEOMETRIC_REPRESENTATION_CONTEXT(2) 
PARAMETRIC_REPRESENTATION_CONTEXT() REPRESENTATION_CONTEXT('2D SPACE',''
  ) );
#13787 = ORIENTED_EDGE('',*,*,#389,.T.);
#13788 = ADVANCED_FACE('',(#13789),#289,.T.);
#13789 = FACE_BOUND('',#13790,.T.);
#13790 = EDGE_LOOP('',(#13791,#13792,#13818,#13819));
#13791 = ORIENTED_EDGE('',*,*,#13767,.F.);
#13792 = ORIENTED_EDGE('',*,*,#13793,.F.);
#13793 = EDGE_CURVE('',#2814,#13745,#13794,.T.);
#13794 = SURFACE_CURVE('',#13795,(#13800,#13807),.PCURVE_S1.);
#13795 = CIRCLE('',#13796,0.6096);
#13796 = AXIS2_PLACEMENT_3D('',#13797,#13798,#13799);
#13797 = CARTESIAN_POINT('',(-1.588630256073,7.049761706675,
    -12.61150505824));
#13798 = DIRECTION('',(1.296752066396E-05,-1.414950665963E-05,
    -0.999999999816));
#13799 = DIRECTION('',(-0.220095821464,0.975478256599,
    -1.665663320402E-05));
#13800 = PCURVE('',#289,#13801);
#13801 = DEFINITIONAL_REPRESENTATION('',(#13802),#13806);
#13802 = LINE('',#13803,#13804);
#13803 = CARTESIAN_POINT('',(4.934517442456,0.));
#13804 = VECTOR('',#13805,1.);
#13805 = DIRECTION('',(-1.,0.));
#13806 = ( GEOMETRIC_REPRESENTATION_CONTEXT(2) 
PARAMETRIC_REPRESENTATION_CONTEXT() REPRESENTATION_CONTEXT('2D SPACE',''
  ) );
#13807 = PCURVE('',#72,#13808);
#13808 = DEFINITIONAL_REPRESENTATION('',(#13809),#13817);
#13809 = ( BOUNDED_CURVE() B_SPLINE_CURVE(2,(#13810,#13811,#13812,#13813
    ,#13814,#13815,#13816),.UNSPECIFIED.,.T.,.F.) 
B_SPLINE_CURVE_WITH_KNOTS((1,2,2,2,2,1),(-2.094395102393,0.,
    2.094395102393,4.188790204786,6.28318530718,8.377580409573),
.UNSPECIFIED.) CURVE() GEOMETRIC_REPRESENTATION_ITEM() 
RATIONAL_B_SPLINE_CURVE((1.,0.5,1.,0.5,1.,0.5,1.)) REPRESENTATION_ITEM(
  '') );
#13810 = CARTESIAN_POINT('',(-7.643377779665,-1.726298041284));
#13811 = CARTESIAN_POINT('',(-7.875989974142,-0.696381517007));
#13812 = CARTESIAN_POINT('',(-6.867750003101,-1.009891709498));
#13813 = CARTESIAN_POINT('',(-5.859510032061,-1.323401901989));
#13814 = CARTESIAN_POINT('',(-6.635137808624,-2.039808233776));
#13815 = CARTESIAN_POINT('',(-7.410765585187,-2.756214565562));
#13816 = CARTESIAN_POINT('',(-7.643377779665,-1.726298041284));
#13817 = ( GEOMETRIC_REPRESENTATION_CONTEXT(2) 
PARAMETRIC_REPRESENTATION_CONTEXT() REPRESENTATION_CONTEXT('2D SPACE',''
  ) );
#13818 = ORIENTED_EDGE('',*,*,#2813,.T.);
#13819 = ORIENTED_EDGE('',*,*,#163,.T.);
#13820 = ADVANCED_FACE('',(#13821),#100,.F.);
#13821 = FACE_BOUND('',#13822,.F.);
#13822 = EDGE_LOOP('',(#13823,#13824,#13825,#13851));
#13823 = ORIENTED_EDGE('',*,*,#642,.F.);
#13824 = ORIENTED_EDGE('',*,*,#13618,.F.);
#13825 = ORIENTED_EDGE('',*,*,#13826,.F.);
#13826 = EDGE_CURVE('',#57,#13619,#13827,.T.);
#13827 = SURFACE_CURVE('',#13828,(#13833,#13840),.PCURVE_S1.);
#13828 = CIRCLE('',#13829,0.6096);
#13829 = AXIS2_PLACEMENT_3D('',#13830,#13831,#13832);
#13830 = CARTESIAN_POINT('',(0.250010943111,7.049109800226,
    -12.6114812064));
#13831 = DIRECTION('',(1.296752066396E-05,-1.414950665963E-05,
    -0.999999999816));
#13832 = DIRECTION('',(0.906216580733,-0.42281379884,1.773398890242E-05)
  );
#13833 = PCURVE('',#100,#13834);
#13834 = DEFINITIONAL_REPRESENTATION('',(#13835),#13839);
#13835 = LINE('',#13836,#13837);
#13836 = CARTESIAN_POINT('',(2.705260340591,0.));
#13837 = VECTOR('',#13838,1.);
#13838 = DIRECTION('',(-1.,0.));
#13839 = ( GEOMETRIC_REPRESENTATION_CONTEXT(2) 
PARAMETRIC_REPRESENTATION_CONTEXT() REPRESENTATION_CONTEXT('2D SPACE',''
  ) );
#13840 = PCURVE('',#72,#13841);
#13841 = DEFINITIONAL_REPRESENTATION('',(#13842),#13850);
#13842 = ( BOUNDED_CURVE() B_SPLINE_CURVE(2,(#13843,#13844,#13845,#13846
    ,#13847,#13848,#13849),.UNSPECIFIED.,.T.,.F.) 
B_SPLINE_CURVE_WITH_KNOTS((1,2,2,2,2,1),(-2.094395102393,0.,
    2.094395102393,4.188790204786,6.28318530718,8.377580409573),
.UNSPECIFIED.) CURVE() GEOMETRIC_REPRESENTATION_ITEM() 
RATIONAL_B_SPLINE_CURVE((1.,0.5,1.,0.5,1.,0.5,1.)) REPRESENTATION_ITEM(
  '') );
#13843 = CARTESIAN_POINT('',(-6.790871907643,0.79912719599));
#13844 = CARTESIAN_POINT('',(-5.833939424087,0.35290225057));
#13845 = CARTESIAN_POINT('',(-6.6988478044,-0.252713117187));
#13846 = CARTESIAN_POINT('',(-7.563756184714,-0.858328484943));
#13847 = CARTESIAN_POINT('',(-7.655780287957,0.193511828233));
#13848 = CARTESIAN_POINT('',(-7.747804391199,1.245352141409));
#13849 = CARTESIAN_POINT('',(-6.790871907643,0.79912719599));
#13850 = ( GEOMETRIC_REPRESENTATION_CONTEXT(2) 
PARAMETRIC_REPRESENTATION_CONTEXT() REPRESENTATION_CONTEXT('2D SPACE',''
  ) );
#13851 = ORIENTED_EDGE('',*,*,#84,.T.);
#13852 = ADVANCED_FACE('',(#13853,#13856),#72,.T.);
#13853 = FACE_BOUND('',#13854,.T.);
#13854 = EDGE_LOOP('',(#13855));
#13855 = ORIENTED_EDGE('',*,*,#12957,.T.);
#13856 = FACE_BOUND('',#13857,.T.);
#13857 = EDGE_LOOP('',(#13858,#13859,#13860,#13861,#13862,#13863,#13864,
    #13865,#13866,#13867,#13868,#13869,#13870,#13871,#13872,#13873,
    #13874,#13875,#13876,#13877,#13878,#13879,#13880,#13881,#13882,
    #13883,#13884,#13885,#13886,#13887,#13888,#13889,#13890,#13891,
    #13892,#13893,#13894,#13895,#13896,#13897,#13898,#13899,#13900,
    #13901,#13902,#13903,#13904,#13905,#13906,#13907,#13908,#13909,
    #13910,#13911,#13912,#13913,#13914,#13915,#13916,#13917,#13918,
    #13919,#13920,#13946,#13947,#13948,#13949,#13950,#13951,#13952,
    #13953,#13954,#13955,#13956,#13957,#13958,#13959,#13960,#13961,
    #13962));
#13858 = ORIENTED_EDGE('',*,*,#5451,.T.);
#13859 = ORIENTED_EDGE('',*,*,#5505,.F.);
#13860 = ORIENTED_EDGE('',*,*,#5533,.F.);
#13861 = ORIENTED_EDGE('',*,*,#5608,.F.);
#13862 = ORIENTED_EDGE('',*,*,#5636,.F.);
#13863 = ORIENTED_EDGE('',*,*,#5711,.F.);
#13864 = ORIENTED_EDGE('',*,*,#5760,.T.);
#13865 = ORIENTED_EDGE('',*,*,#5814,.F.);
#13866 = ORIENTED_EDGE('',*,*,#5864,.T.);
#13867 = ORIENTED_EDGE('',*,*,#5918,.F.);
#13868 = ORIENTED_EDGE('',*,*,#5946,.F.);
#13869 = ORIENTED_EDGE('',*,*,#6021,.F.);
#13870 = ORIENTED_EDGE('',*,*,#6049,.F.);
#13871 = ORIENTED_EDGE('',*,*,#6124,.F.);
#13872 = ORIENTED_EDGE('',*,*,#6173,.T.);
#13873 = ORIENTED_EDGE('',*,*,#6227,.F.);
#13874 = ORIENTED_EDGE('',*,*,#6277,.T.);
#13875 = ORIENTED_EDGE('',*,*,#6331,.F.);
#13876 = ORIENTED_EDGE('',*,*,#6359,.F.);
#13877 = ORIENTED_EDGE('',*,*,#6434,.F.);
#13878 = ORIENTED_EDGE('',*,*,#6462,.F.);
#13879 = ORIENTED_EDGE('',*,*,#6537,.F.);
#13880 = ORIENTED_EDGE('',*,*,#6586,.T.);
#13881 = ORIENTED_EDGE('',*,*,#6640,.F.);
#13882 = ORIENTED_EDGE('',*,*,#6690,.T.);
#13883 = ORIENTED_EDGE('',*,*,#6744,.F.);
#13884 = ORIENTED_EDGE('',*,*,#6772,.F.);
#13885 = ORIENTED_EDGE('',*,*,#6847,.F.);
#13886 = ORIENTED_EDGE('',*,*,#6875,.F.);
#13887 = ORIENTED_EDGE('',*,*,#6950,.F.);
#13888 = ORIENTED_EDGE('',*,*,#6999,.T.);
#13889 = ORIENTED_EDGE('',*,*,#7053,.F.);
#13890 = ORIENTED_EDGE('',*,*,#7103,.T.);
#13891 = ORIENTED_EDGE('',*,*,#7157,.F.);
#13892 = ORIENTED_EDGE('',*,*,#7185,.F.);
#13893 = ORIENTED_EDGE('',*,*,#7260,.F.);
#13894 = ORIENTED_EDGE('',*,*,#7288,.F.);
#13895 = ORIENTED_EDGE('',*,*,#7363,.F.);
#13896 = ORIENTED_EDGE('',*,*,#7412,.T.);
#13897 = ORIENTED_EDGE('',*,*,#7466,.F.);
#13898 = ORIENTED_EDGE('',*,*,#7516,.T.);
#13899 = ORIENTED_EDGE('',*,*,#7570,.F.);
#13900 = ORIENTED_EDGE('',*,*,#7598,.F.);
#13901 = ORIENTED_EDGE('',*,*,#7673,.F.);
#13902 = ORIENTED_EDGE('',*,*,#7701,.F.);
#13903 = ORIENTED_EDGE('',*,*,#7776,.F.);
#13904 = ORIENTED_EDGE('',*,*,#7825,.T.);
#13905 = ORIENTED_EDGE('',*,*,#7879,.F.);
#13906 = ORIENTED_EDGE('',*,*,#7929,.T.);
#13907 = ORIENTED_EDGE('',*,*,#7983,.F.);
#13908 = ORIENTED_EDGE('',*,*,#8011,.F.);
#13909 = ORIENTED_EDGE('',*,*,#8086,.F.);
#13910 = ORIENTED_EDGE('',*,*,#8114,.F.);
#13911 = ORIENTED_EDGE('',*,*,#8189,.F.);
#13912 = ORIENTED_EDGE('',*,*,#13346,.T.);
#13913 = ORIENTED_EDGE('',*,*,#2836,.F.);
#13914 = ORIENTED_EDGE('',*,*,#13793,.T.);
#13915 = ORIENTED_EDGE('',*,*,#13744,.F.);
#13916 = ORIENTED_EDGE('',*,*,#13713,.F.);
#13917 = ORIENTED_EDGE('',*,*,#13641,.F.);
#13918 = ORIENTED_EDGE('',*,*,#13826,.F.);
#13919 = ORIENTED_EDGE('',*,*,#56,.F.);
#13920 = ORIENTED_EDGE('',*,*,#13921,.T.);
#13921 = EDGE_CURVE('',#22,#13571,#13922,.T.);
#13922 = SURFACE_CURVE('',#13923,(#13928,#13939),.PCURVE_S1.);
#13923 = CIRCLE('',#13924,0.6096);
#13924 = AXIS2_PLACEMENT_3D('',#13925,#13926,#13927);
#13925 = CARTESIAN_POINT('',(1.595368325918,7.049074720063,
    -12.61146375996));
#13926 = DIRECTION('',(1.296752066396E-05,-1.414950665963E-05,
    -0.999999999816));
#13927 = DIRECTION('',(-0.906216580733,0.42281379884,-1.773398890242E-05
    ));
#13928 = PCURVE('',#72,#13929);
#13929 = DEFINITIONAL_REPRESENTATION('',(#13930),#13938);
#13930 = ( BOUNDED_CURVE() B_SPLINE_CURVE(2,(#13931,#13932,#13933,#13934
    ,#13935,#13936,#13937),.UNSPECIFIED.,.T.,.F.) 
B_SPLINE_CURVE_WITH_KNOTS((1,2,2,2,2,1),(-2.094395102393,0.,
    2.094395102393,4.188790204786,6.28318530718,8.377580409573),
.UNSPECIFIED.) CURVE() GEOMETRIC_REPRESENTATION_ITEM() 
RATIONAL_B_SPLINE_CURVE((1.,0.5,1.,0.5,1.,0.5,1.)) REPRESENTATION_ITEM(
  '') );
#13931 = CARTESIAN_POINT('',(-7.306383289487,1.039514101208));
#13932 = CARTESIAN_POINT('',(-8.263315773043,1.485739046628));
#13933 = CARTESIAN_POINT('',(-7.39840739273,2.091354414385));
#13934 = CARTESIAN_POINT('',(-6.533499012416,2.696969782141));
#13935 = CARTESIAN_POINT('',(-6.441474909173,1.645129468965));
#13936 = CARTESIAN_POINT('',(-6.349450805931,0.593289155789));
#13937 = CARTESIAN_POINT('',(-7.306383289487,1.039514101208));
#13938 = ( GEOMETRIC_REPRESENTATION_CONTEXT(2) 
PARAMETRIC_REPRESENTATION_CONTEXT() REPRESENTATION_CONTEXT('2D SPACE',''
  ) );
#13939 = PCURVE('',#44,#13940);
#13940 = DEFINITIONAL_REPRESENTATION('',(#13941),#13945);
#13941 = LINE('',#13942,#13943);
#13942 = CARTESIAN_POINT('',(5.846852994181,0.));
#13943 = VECTOR('',#13944,1.);
#13944 = DIRECTION('',(-1.,0.));
#13945 = ( GEOMETRIC_REPRESENTATION_CONTEXT(2) 
PARAMETRIC_REPRESENTATION_CONTEXT() REPRESENTATION_CONTEXT('2D SPACE',''
  ) );
#13946 = ORIENTED_EDGE('',*,*,#13570,.F.);
#13947 = ORIENTED_EDGE('',*,*,#8238,.T.);
#13948 = ORIENTED_EDGE('',*,*,#8314,.F.);
#13949 = ORIENTED_EDGE('',*,*,#8342,.F.);
#13950 = ORIENTED_EDGE('',*,*,#8417,.F.);
#13951 = ORIENTED_EDGE('',*,*,#8445,.F.);
#13952 = ORIENTED_EDGE('',*,*,#8520,.F.);
#13953 = ORIENTED_EDGE('',*,*,#8569,.T.);
#13954 = ORIENTED_EDGE('',*,*,#8623,.F.);
#13955 = ORIENTED_EDGE('',*,*,#8673,.T.);
#13956 = ORIENTED_EDGE('',*,*,#8727,.F.);
#13957 = ORIENTED_EDGE('',*,*,#8755,.F.);
#13958 = ORIENTED_EDGE('',*,*,#8830,.F.);
#13959 = ORIENTED_EDGE('',*,*,#8858,.F.);
#13960 = ORIENTED_EDGE('',*,*,#8933,.F.);
#13961 = ORIENTED_EDGE('',*,*,#8960,.T.);
#13962 = ORIENTED_EDGE('',*,*,#5379,.F.);
#13963 = ADVANCED_FACE('',(#13964),#44,.T.);
#13964 = FACE_BOUND('',#13965,.T.);
#13965 = EDGE_LOOP('',(#13966,#13967,#13968,#13969));
#13966 = ORIENTED_EDGE('',*,*,#13594,.F.);
#13967 = ORIENTED_EDGE('',*,*,#13921,.F.);
#13968 = ORIENTED_EDGE('',*,*,#21,.T.);
#13969 = ORIENTED_EDGE('',*,*,#810,.T.);
#13970 = ( GEOMETRIC_REPRESENTATION_CONTEXT(3) 
GLOBAL_UNCERTAINTY_ASSIGNED_CONTEXT((#13974)) 
GLOBAL_UNIT_ASSIGNED_CONTEXT((#13971,#13972,#13973)) 
REPRESENTATION_CONTEXT('Context #1',
  '3D Context with UNIT and UNCERTAINTY') );
#13971 = ( LENGTH_UNIT() NAMED_UNIT(*) SI_UNIT(.MILLI.,.METRE.) );
#13972 = ( NAMED_UNIT(*) PLANE_ANGLE_UNIT() SI_UNIT($,.RADIAN.) );
#13973 = ( NAMED_UNIT(*) SI_UNIT($,.STERADIAN.) SOLID_ANGLE_UNIT() );
#13974 = UNCERTAINTY_MEASURE_WITH_UNIT(LENGTH_MEASURE(5.E-07),#13971,
  'distance_accuracy_value','confusion accuracy');
#13975 = PRODUCT_RELATED_PRODUCT_CATEGORY('part',$,(#7));
ENDSEC;
END-ISO-10303-21;
