ISO-10303-21;
HEADER;
FILE_DESCRIPTION(('Open CASCADE Model'),'2;1');
FILE_NAME('Open CASCADE Shape Model','2026-08-25T11:49:56',('Author'),(
    'Open CASCADE'),'Open CASCADE STEP processor 7.9','build123d',
  'Unknown');
FILE_SCHEMA(('AUTOMOTIVE_DESIGN { 1 0 10303 214 1 1 1 1 }'));
ENDSEC;
DATA;
#1 = APPLICATION_PROTOCOL_DEFINITION('international standard',
  'automotive_design',2000,#2);
#2 = APPLICATION_CONTEXT(
  'core data for automotive mechanical design processes');
#3 = SHAPE_DEFINITION_REPRESENTATION(#4,#10);
#4 = PRODUCT_DEFINITION_SHAPE('','',#5);
#5 = PRODUCT_DEFINITION('design','',#6,#9);
#6 = PRODUCT_DEFINITION_FORMATION('','',#7);
#7 = PRODUCT('COMPOUND','COMPOUND','',(#8));
#8 = PRODUCT_CONTEXT('',#2,'mechanical');
#9 = PRODUCT_DEFINITION_CONTEXT('part definition',#2,'design');
#10 = ADVANCED_BREP_SHAPE_REPRESENTATION('',(#11,#15),#5076);
#11 = AXIS2_PLACEMENT_3D('',#12,#13,#14);
#12 = CARTESIAN_POINT('',(0.,0.,0.));
#13 = DIRECTION('',(0.,0.,1.));
#14 = DIRECTION('',(1.,0.,-0.));
#15 = MANIFOLD_SOLID_BREP('',#16);
#16 = CLOSED_SHELL('',(#17,#325,#1826,#2185,#3676,#3754,#3832,#3910,
    #3987,#4064,#4136,#4212,#4219,#4278,#4438,#4532,#4581,#4630,#4724,
    #4818,#4890,#4939,#5010,#5060));
#17 = ADVANCED_FACE('',(#18),#33,.T.);
#18 = FACE_BOUND('',#19,.T.);
#19 = EDGE_LOOP('',(#20,#91,#194,#242));
#20 = ORIENTED_EDGE('',*,*,#21,.T.);
#21 = EDGE_CURVE('',#22,#24,#26,.T.);
#22 = VERTEX_POINT('',#23);
#23 = CARTESIAN_POINT('',(-157.5025,-1.233581138472E-14,0.));
#24 = VERTEX_POINT('',#25);
#25 = CARTESIAN_POINT('',(-154.9932594296,-145.4954330634,0.));
#26 = SURFACE_CURVE('',#27,(#32,#78),.PCURVE_S1.);
#27 = B_SPLINE_CURVE_WITH_KNOTS('',3,(#28,#29,#30,#31),.UNSPECIFIED.,.F.
  ,.F.,(4,4),(0.,0.944210938996),.PIECEWISE_BEZIER_KNOTS.);
#28 = CARTESIAN_POINT('',(-157.5025,0.,0.));
#29 = CARTESIAN_POINT('',(-156.6660864765,-48.49847768782,0.));
#30 = CARTESIAN_POINT('',(-155.829672953,-96.99695537565,0.));
#31 = CARTESIAN_POINT('',(-154.9932594296,-145.4954330634,0.));
#32 = PCURVE('',#33,#50);
#33 = B_SPLINE_SURFACE_WITH_KNOTS('',3,3,(
    (#34,#35,#36,#37)
    ,(#38,#39,#40,#41)
    ,(#42,#43,#44,#45)
    ,(#46,#47,#48,#49
    )),.UNSPECIFIED.,.F.,.F.,.F.,(4,4),(4,4),(0.,1.),(0.,1.),
  .PIECEWISE_BEZIER_KNOTS.);
#34 = CARTESIAN_POINT('',(-157.5025,0.,0.));
#35 = CARTESIAN_POINT('',(-148.6690567393,-2.227072345017E-03,38.));
#36 = CARTESIAN_POINT('',(-139.8356134787,-4.454144690034E-03,76.));
#37 = CARTESIAN_POINT('',(-131.002170218,-6.681217035051E-03,114.));
#38 = CARTESIAN_POINT('',(-156.6166666666,-51.36402861358,0.));
#39 = CARTESIAN_POINT('',(-147.3458259451,-48.88008924427,38.));
#40 = CARTESIAN_POINT('',(-138.0749852236,-46.39614987496,76.));
#41 = CARTESIAN_POINT('',(-128.8041445021,-43.91221050565,114.));
#42 = CARTESIAN_POINT('',(-155.7308333333,-102.7280572271,0.));
#43 = CARTESIAN_POINT('',(-146.0225951509,-97.7579514162,38.));
#44 = CARTESIAN_POINT('',(-136.3143569685,-92.78784560524,76.));
#45 = CARTESIAN_POINT('',(-126.6061187862,-87.81773979428,114.));
#46 = CARTESIAN_POINT('',(-154.845,-154.0920858407,0.));
#47 = CARTESIAN_POINT('',(-144.6993643567,-146.6358135881,38.));
#48 = CARTESIAN_POINT('',(-134.5537287135,-139.1795413355,76.));
#49 = CARTESIAN_POINT('',(-124.4080930702,-131.7232690829,114.));
#50 = DEFINITIONAL_REPRESENTATION('',(#51),#77);
#51 = B_SPLINE_CURVE_WITH_KNOTS('',3,(#52,#53,#54,#55,#56,#57,#58,#59,
    #60,#61,#62,#63,#64,#65,#66,#67,#68,#69,#70,#71,#72,#73,#74,#75,#76)
  ,.UNSPECIFIED.,.F.,.F.,(4,1,1,1,1,1,1,1,1,1,1,1,1,1,1,1,1,1,1,1,1,1,4)
  ,(0.,4.291867904525E-02,8.583735809051E-02,0.128756037136,
    0.171674716181,0.214593395226,0.257512074272,0.300430753317,
    0.343349432362,0.386268111407,0.429186790453,0.472105469498,
    0.515024148543,0.557942827588,0.600861506634,0.643780185679,
    0.686698864724,0.729617543769,0.772536222815,0.81545490186,
    0.858373580905,0.90129225995,0.944210938996),.UNSPECIFIED.);
#52 = CARTESIAN_POINT('',(0.,0.));
#53 = CARTESIAN_POINT('',(1.430622634842E-02,0.));
#54 = CARTESIAN_POINT('',(4.291867904525E-02,0.));
#55 = CARTESIAN_POINT('',(8.583735809051E-02,0.));
#56 = CARTESIAN_POINT('',(0.128756037136,0.));
#57 = CARTESIAN_POINT('',(0.171674716181,0.));
#58 = CARTESIAN_POINT('',(0.214593395226,0.));
#59 = CARTESIAN_POINT('',(0.257512074272,0.));
#60 = CARTESIAN_POINT('',(0.300430753317,0.));
#61 = CARTESIAN_POINT('',(0.343349432362,0.));
#62 = CARTESIAN_POINT('',(0.386268111407,0.));
#63 = CARTESIAN_POINT('',(0.429186790453,0.));
#64 = CARTESIAN_POINT('',(0.472105469498,0.));
#65 = CARTESIAN_POINT('',(0.515024148543,0.));
#66 = CARTESIAN_POINT('',(0.557942827588,0.));
#67 = CARTESIAN_POINT('',(0.600861506634,0.));
#68 = CARTESIAN_POINT('',(0.643780185679,0.));
#69 = CARTESIAN_POINT('',(0.686698864724,0.));
#70 = CARTESIAN_POINT('',(0.729617543769,0.));
#71 = CARTESIAN_POINT('',(0.772536222815,0.));
#72 = CARTESIAN_POINT('',(0.81545490186,0.));
#73 = CARTESIAN_POINT('',(0.858373580905,0.));
#74 = CARTESIAN_POINT('',(0.90129225995,0.));
#75 = CARTESIAN_POINT('',(0.929904712647,-0.));
#76 = CARTESIAN_POINT('',(0.944210938996,0.));
#77 = ( GEOMETRIC_REPRESENTATION_CONTEXT(2) 
PARAMETRIC_REPRESENTATION_CONTEXT() REPRESENTATION_CONTEXT('2D SPACE',''
  ) );
#78 = PCURVE('',#79,#84);
#79 = PLANE('',#80);
#80 = AXIS2_PLACEMENT_3D('',#81,#82,#83);
#81 = CARTESIAN_POINT('',(2.775557561563E-14,21.517998692361,0.));
#82 = DIRECTION('',(0.,0.,1.));
#83 = DIRECTION('',(1.,0.,0.));
#84 = DEFINITIONAL_REPRESENTATION('',(#85),#90);
#85 = B_SPLINE_CURVE_WITH_KNOTS('',3,(#86,#87,#88,#89),.UNSPECIFIED.,.F.
  ,.F.,(4,4),(0.,0.944210938996),.PIECEWISE_BEZIER_KNOTS.);
#86 = CARTESIAN_POINT('',(-157.5025,-21.51799869236));
#87 = CARTESIAN_POINT('',(-156.6660864765,-70.01647638018));
#88 = CARTESIAN_POINT('',(-155.829672953,-118.514954068));
#89 = CARTESIAN_POINT('',(-154.9932594296,-167.0134317557));
#90 = ( GEOMETRIC_REPRESENTATION_CONTEXT(2) 
PARAMETRIC_REPRESENTATION_CONTEXT() REPRESENTATION_CONTEXT('2D SPACE',''
  ) );
#91 = ORIENTED_EDGE('',*,*,#92,.T.);
#92 = EDGE_CURVE('',#24,#93,#95,.T.);
#93 = VERTEX_POINT('',#94);
#94 = CARTESIAN_POINT('',(-124.8408032192,-123.0798906271,114.));
#95 = SURFACE_CURVE('',#96,(#105,#134),.PCURVE_S1.);
#96 = B_SPLINE_CURVE_WITH_KNOTS('',3,(#97,#98,#99,#100,#101,#102,#103,
    #104),.UNSPECIFIED.,.F.,.F.,(4,1,1,2,4),(0.,3.000794502938E-02,
    6.001589005876E-02,9.002383508814E-02,0.120031780118),
  .UNSPECIFIED.);
#97 = CARTESIAN_POINT('',(-154.9932594296,-145.4954330634,
    -4.124114707827E-15));
#98 = CARTESIAN_POINT('',(-152.4771297889,-143.6292790227,9.499449210626
    ));
#99 = CARTESIAN_POINT('',(-147.446302097,-139.8963121865,28.498597443807
    ));
#100 = CARTESIAN_POINT('',(-139.9049192568,-134.2944162267,
    56.998125360978));
#101 = CARTESIAN_POINT('',(-134.8810203462,-130.5577872195,
    75.998386590268));
#102 = CARTESIAN_POINT('',(-129.8592398327,-126.8198811466,
    94.998956452049));
#103 = CARTESIAN_POINT('',(-127.3494082149,-124.950290419,104.4993957177
    ));
#104 = CARTESIAN_POINT('',(-124.8408032192,-123.0798906271,114.));
#105 = PCURVE('',#33,#106);
#106 = DEFINITIONAL_REPRESENTATION('',(#107),#133);
#107 = B_SPLINE_CURVE_WITH_KNOTS('',3,(#108,#109,#110,#111,#112,#113,
    #114,#115,#116,#117,#118,#119,#120,#121,#122,#123,#124,#125,#126,
    #127,#128,#129,#130,#131,#132),.UNSPECIFIED.,.F.,.F.,(4,1,1,1,1,1,1,
    1,1,1,1,1,1,1,1,1,1,1,1,1,1,1,4),(0.,5.455990005342E-03,
    1.091198001068E-02,1.636797001603E-02,2.182396002137E-02,
    2.727995002671E-02,3.273594003205E-02,3.819193003739E-02,
    4.364792004274E-02,4.910391004808E-02,5.455990005342E-02,
    6.001589005876E-02,6.547188006411E-02,7.092787006945E-02,
    7.638386007479E-02,8.183985008013E-02,8.729584008547E-02,
    9.275183009082E-02,9.820782009616E-02,0.103663810101,0.109119800107,
    0.114575790112,0.120031780118),.UNSPECIFIED.);
#108 = CARTESIAN_POINT('',(0.944210938996,0.));
#109 = CARTESIAN_POINT('',(0.944085613784,1.515063671806E-02));
#110 = CARTESIAN_POINT('',(0.943833178771,4.545198269762E-02));
#111 = CARTESIAN_POINT('',(0.943449043029,9.090422201056E-02));
#112 = CARTESIAN_POINT('',(0.94305929595,0.136356684288));
#113 = CARTESIAN_POINT('',(0.942663804752,0.181809372474));
#114 = CARTESIAN_POINT('',(0.942262433224,0.227262289684));
#115 = CARTESIAN_POINT('',(0.941855042101,0.272715439452));
#116 = CARTESIAN_POINT('',(0.941441484926,0.31816882477));
#117 = CARTESIAN_POINT('',(0.941021607745,0.363622448105));
#118 = CARTESIAN_POINT('',(0.940595253075,0.409076312372));
#119 = CARTESIAN_POINT('',(0.940162258845,0.454530420734));
#120 = CARTESIAN_POINT('',(0.939722458496,0.499984776672));
#121 = CARTESIAN_POINT('',(0.939275680775,0.545439383978));
#122 = CARTESIAN_POINT('',(0.93882174139,0.590894245108));
#123 = CARTESIAN_POINT('',(0.938360450718,0.636349362864));
#124 = CARTESIAN_POINT('',(0.937891613763,0.681804740433));
#125 = CARTESIAN_POINT('',(0.937415029531,0.727260381314));
#126 = CARTESIAN_POINT('',(0.936930492436,0.772716289651));
#127 = CARTESIAN_POINT('',(0.936437785662,0.818172468986));
#128 = CARTESIAN_POINT('',(0.935936677354,0.863628921597));
#129 = CARTESIAN_POINT('',(0.935426930184,0.90908565057));
#130 = CARTESIAN_POINT('',(0.934908300007,0.95454265933));
#131 = CARTESIAN_POINT('',(0.934556455041,0.984847521124));
#132 = CARTESIAN_POINT('',(0.934378967784,1.));
#133 = ( GEOMETRIC_REPRESENTATION_CONTEXT(2) 
PARAMETRIC_REPRESENTATION_CONTEXT() REPRESENTATION_CONTEXT('2D SPACE',''
  ) );
#134 = PCURVE('',#135,#166);
#135 = ( BOUNDED_SURFACE() B_SPLINE_SURFACE(3,2,(
    (#136,#137,#138)
    ,(#139,#140,#141)
    ,(#142,#143,#144)
    ,(#145,#146,#147)
    ,(#148,#149,#150)
    ,(#151,#152,#153)
    ,(#154,#155,#156)
    ,(#157,#158,#159)
    ,(#160,#161,#162)
    ,(#163,#164,#165
)),.UNSPECIFIED.,.F.,.F.,.F.) B_SPLINE_SURFACE_WITH_KNOTS((4,2,2,2,4),(3
    ,3),(0.120959016835,0.151623689471,0.182288362107,0.212953034744,
0.24361770738),(0.,1.),.UNSPECIFIED.) GEOMETRIC_REPRESENTATION_ITEM() 
RATIONAL_B_SPLINE_SURFACE((
    (1.,0.762920084626,1.)
    ,(1.,0.762803586675,1.)
    ,(1.,0.762673216831,1.)
    ,(1.,0.762378121982,1.)
    ,(1.,0.762213436109,1.)
    ,(1.,0.761841584551,1.)
    ,(1.,0.761634440085,1.)
    ,(1.,0.761167230069,1.)
    ,(1.,0.760907138922,1.)
,(1.,0.760613969033,1.))) REPRESENTATION_ITEM('') SURFACE() );
#136 = CARTESIAN_POINT('',(-146.6190029954,-155.2920717277,
    -1.66780823273));
#137 = CARTESIAN_POINT('',(-154.7812267638,-154.0634696846,0.24949590128
    ));
#138 = CARTESIAN_POINT('',(-155.3271929566,-145.7430986362,
    -1.260723122993));
#139 = CARTESIAN_POINT('',(-144.0231594085,-153.3660013235,
    8.029972260851));
#140 = CARTESIAN_POINT('',(-152.1902732533,-152.1588993805,9.95390031377
    ));
#141 = CARTESIAN_POINT('',(-152.7560620539,-143.8362291687,
    8.446123657553));
#142 = CARTESIAN_POINT('',(-141.4269364127,-151.4388281764,
    17.727489251149));
#143 = CARTESIAN_POINT('',(-149.5996126716,-150.2544820365,
    19.657228831398));
#144 = CARTESIAN_POINT('',(-150.1856818949,-141.9290248396,
    18.153072009618));
#145 = CARTESIAN_POINT('',(-136.2335908766,-147.5819002574,
    37.121908419245));
#146 = CARTESIAN_POINT('',(-144.4185117948,-146.4456458754,
    39.063123017638));
#147 = CARTESIAN_POINT('',(-145.0466261674,-138.113782248,
    37.567180089578));
#148 = CARTESIAN_POINT('',(-133.6364685227,-145.6521462769,
    46.818810901072));
#149 = CARTESIAN_POINT('',(-141.8278355449,-144.5410536924,
    48.766572369402));
#150 = CARTESIAN_POINT('',(-142.4779501895,-136.2057443945,
    47.274340126174));
#151 = CARTESIAN_POINT('',(-128.4411526221,-141.7895905626,
    66.211896112979));
#152 = CARTESIAN_POINT('',(-136.6467583215,-140.7318557007,
    68.172531099697));
#153 = CARTESIAN_POINT('',(-137.3425457964,-132.3886232058,
    66.688881089379));
#154 = CARTESIAN_POINT('',(-125.842959507,-139.8567900866,
    75.908078463081));
#155 = CARTESIAN_POINT('',(-134.0560648869,-138.8270350096,
    77.876135749458));
#156 = CARTESIAN_POINT('',(-134.7758170745,-130.4795406392,
    76.39626148551));
#157 = CARTESIAN_POINT('',(-120.6452924281,-135.9875555959,
    95.299593023874));
#158 = CARTESIAN_POINT('',(-128.8750250074,-135.0173599833,
    97.282179299999));
#159 = CARTESIAN_POINT('',(-129.6446034042,-126.6600547522,
    95.811248597787));
#160 = CARTESIAN_POINT('',(-118.0458189163,-134.0511232836,
    104.99492505501));
#161 = CARTESIAN_POINT('',(-126.2843137315,-133.1122375824,
    106.98598447189));
#162 = CARTESIAN_POINT('',(-127.0801180161,-124.7496525163,
    105.51885462441));
#163 = CARTESIAN_POINT('',(-115.4455764003,-132.1125009994,
    114.68975134893));
#164 = CARTESIAN_POINT('',(-123.6948213733,-131.2078160446,
    116.6853232422));
#165 = CARTESIAN_POINT('',(-124.5169369958,-122.8384084101,
    115.22657500329));
#166 = DEFINITIONAL_REPRESENTATION('',(#167),#193);
#167 = B_SPLINE_CURVE_WITH_KNOTS('',3,(#168,#169,#170,#171,#172,#173,
    #174,#175,#176,#177,#178,#179,#180,#181,#182,#183,#184,#185,#186,
    #187,#188,#189,#190,#191,#192),.UNSPECIFIED.,.F.,.F.,(4,1,1,1,1,1,1,
    1,1,1,1,1,1,1,1,1,1,1,1,1,1,1,4),(0.,5.455990005342E-03,
    1.091198001068E-02,1.636797001603E-02,2.182396002137E-02,
    2.727995002671E-02,3.273594003205E-02,3.819193003739E-02,
    4.364792004274E-02,4.910391004808E-02,5.455990005342E-02,
    6.001589005876E-02,6.547188006411E-02,7.092787006945E-02,
    7.638386007479E-02,8.183985008013E-02,8.729584008547E-02,
    9.275183009082E-02,9.820782009616E-02,0.103663810101,0.109119800107,
    0.114575790112,0.120031780118),.UNSPECIFIED.);
#168 = CARTESIAN_POINT('',(0.122286589877,1.));
#169 = CARTESIAN_POINT('',(0.124105345064,1.));
#170 = CARTESIAN_POINT('',(0.127742857352,1.));
#171 = CARTESIAN_POINT('',(0.13319913173,1.));
#172 = CARTESIAN_POINT('',(0.138655412261,1.));
#173 = CARTESIAN_POINT('',(0.144111699153,1.));
#174 = CARTESIAN_POINT('',(0.149567992613,1.));
#175 = CARTESIAN_POINT('',(0.15502429285,1.));
#176 = CARTESIAN_POINT('',(0.160480600004,1.));
#177 = CARTESIAN_POINT('',(0.165936914297,1.));
#178 = CARTESIAN_POINT('',(0.171393235935,1.));
#179 = CARTESIAN_POINT('',(0.176849565134,1.));
#180 = CARTESIAN_POINT('',(0.182305902086,0.999999999999));
#181 = CARTESIAN_POINT('',(0.187762247071,1.000000000004));
#182 = CARTESIAN_POINT('',(0.193218600433,0.999999999984));
#183 = CARTESIAN_POINT('',(0.198674962431,1.000000000061));
#184 = CARTESIAN_POINT('',(0.204131333345,0.999999999771));
#185 = CARTESIAN_POINT('',(0.209587713458,1.000000000855));
#186 = CARTESIAN_POINT('',(0.215044103015,0.999999996809));
#187 = CARTESIAN_POINT('',(0.220500502479,0.999999998557));
#188 = CARTESIAN_POINT('',(0.225956912196,1.000000000387));
#189 = CARTESIAN_POINT('',(0.231413332501,0.999999999896));
#190 = CARTESIAN_POINT('',(0.236869763735,1.00000000003));
#191 = CARTESIAN_POINT('',(0.240507392069,1.));
#192 = CARTESIAN_POINT('',(0.24232620817,1.));
#193 = ( GEOMETRIC_REPRESENTATION_CONTEXT(2) 
PARAMETRIC_REPRESENTATION_CONTEXT() REPRESENTATION_CONTEXT('2D SPACE',''
  ) );
#194 = ORIENTED_EDGE('',*,*,#195,.F.);
#195 = EDGE_CURVE('',#196,#93,#198,.T.);
#196 = VERTEX_POINT('',#197);
#197 = CARTESIAN_POINT('',(-131.002170218,-6.681217035055E-03,114.));
#198 = SURFACE_CURVE('',#199,(#202,#231),.PCURVE_S1.);
#199 = B_SPLINE_CURVE_WITH_KNOTS('',1,(#200,#201),.UNSPECIFIED.,.F.,.F.,
  (2,2),(0.,0.934378967784),.PIECEWISE_BEZIER_KNOTS.);
#200 = CARTESIAN_POINT('',(-131.002170218,-6.68121703506E-03,114.));
#201 = CARTESIAN_POINT('',(-124.8408032192,-123.0798906271,114.));
#202 = PCURVE('',#33,#203);
#203 = DEFINITIONAL_REPRESENTATION('',(#204),#230);
#204 = B_SPLINE_CURVE_WITH_KNOTS('',3,(#205,#206,#207,#208,#209,#210,
    #211,#212,#213,#214,#215,#216,#217,#218,#219,#220,#221,#222,#223,
    #224,#225,#226,#227,#228,#229),.UNSPECIFIED.,.F.,.F.,(4,1,1,1,1,1,1,
    1,1,1,1,1,1,1,1,1,1,1,1,1,1,1,4),(0.,4.24717712629E-02,
    8.49435425258E-02,0.127415313789,0.169887085052,0.212358856315,
    0.254830627577,0.29730239884,0.339774170103,0.382245941366,
    0.424717712629,0.467189483892,0.509661255155,0.552133026418,
    0.594604797681,0.637076568944,0.679548340206,0.722020111469,
    0.764491882732,0.806963653995,0.849435425258,0.891907196521,
    0.934378967784),.UNSPECIFIED.);
#205 = CARTESIAN_POINT('',(0.,1.));
#206 = CARTESIAN_POINT('',(1.415725708763E-02,1.));
#207 = CARTESIAN_POINT('',(4.24717712629E-02,1.));
#208 = CARTESIAN_POINT('',(8.49435425258E-02,1.));
#209 = CARTESIAN_POINT('',(0.127415313789,1.));
#210 = CARTESIAN_POINT('',(0.169887085052,1.));
#211 = CARTESIAN_POINT('',(0.212358856315,1.));
#212 = CARTESIAN_POINT('',(0.254830627577,1.));
#213 = CARTESIAN_POINT('',(0.29730239884,1.));
#214 = CARTESIAN_POINT('',(0.339774170103,1.));
#215 = CARTESIAN_POINT('',(0.382245941366,1.));
#216 = CARTESIAN_POINT('',(0.424717712629,1.));
#217 = CARTESIAN_POINT('',(0.467189483892,1.));
#218 = CARTESIAN_POINT('',(0.509661255155,1.));
#219 = CARTESIAN_POINT('',(0.552133026418,1.));
#220 = CARTESIAN_POINT('',(0.594604797681,1.));
#221 = CARTESIAN_POINT('',(0.637076568944,1.));
#222 = CARTESIAN_POINT('',(0.679548340206,1.));
#223 = CARTESIAN_POINT('',(0.722020111469,1.));
#224 = CARTESIAN_POINT('',(0.764491882732,1.));
#225 = CARTESIAN_POINT('',(0.806963653995,1.));
#226 = CARTESIAN_POINT('',(0.849435425258,1.));
#227 = CARTESIAN_POINT('',(0.891907196521,1.));
#228 = CARTESIAN_POINT('',(0.920221710696,1.));
#229 = CARTESIAN_POINT('',(0.934378967784,1.));
#230 = ( GEOMETRIC_REPRESENTATION_CONTEXT(2) 
PARAMETRIC_REPRESENTATION_CONTEXT() REPRESENTATION_CONTEXT('2D SPACE',''
  ) );
#231 = PCURVE('',#232,#237);
#232 = PLANE('',#233);
#233 = AXIS2_PLACEMENT_3D('',#234,#235,#236);
#234 = CARTESIAN_POINT('',(2.775557561563E-14,10.010851090373,114.));
#235 = DIRECTION('',(0.,0.,1.));
#236 = DIRECTION('',(1.,0.,0.));
#237 = DEFINITIONAL_REPRESENTATION('',(#238),#241);
#238 = B_SPLINE_CURVE_WITH_KNOTS('',1,(#239,#240),.UNSPECIFIED.,.F.,.F.,
  (2,2),(0.,0.934378967784),.PIECEWISE_BEZIER_KNOTS.);
#239 = CARTESIAN_POINT('',(-131.002170218,-10.0175323074));
#240 = CARTESIAN_POINT('',(-124.8408032192,-133.0907417174));
#241 = ( GEOMETRIC_REPRESENTATION_CONTEXT(2) 
PARAMETRIC_REPRESENTATION_CONTEXT() REPRESENTATION_CONTEXT('2D SPACE',''
  ) );
#242 = ORIENTED_EDGE('',*,*,#243,.F.);
#243 = EDGE_CURVE('',#22,#196,#244,.T.);
#244 = SURFACE_CURVE('',#245,(#250,#279),.PCURVE_S1.);
#245 = B_SPLINE_CURVE_WITH_KNOTS('',3,(#246,#247,#248,#249),
  .UNSPECIFIED.,.F.,.F.,(4,4),(0.,1.),.PIECEWISE_BEZIER_KNOTS.);
#246 = CARTESIAN_POINT('',(-157.5025,-1.387778780781E-14,0.));
#247 = CARTESIAN_POINT('',(-148.6690567393,-2.227072345026E-03,38.));
#248 = CARTESIAN_POINT('',(-139.8356134787,-4.454144690039E-03,76.));
#249 = CARTESIAN_POINT('',(-131.002170218,-6.681217035051E-03,114.));
#250 = PCURVE('',#33,#251);
#251 = DEFINITIONAL_REPRESENTATION('',(#252),#278);
#252 = B_SPLINE_CURVE_WITH_KNOTS('',3,(#253,#254,#255,#256,#257,#258,
    #259,#260,#261,#262,#263,#264,#265,#266,#267,#268,#269,#270,#271,
    #272,#273,#274,#275,#276,#277),.UNSPECIFIED.,.F.,.F.,(4,1,1,1,1,1,1,
    1,1,1,1,1,1,1,1,1,1,1,1,1,1,1,4),(0.,4.545454545455E-02,
    9.090909090909E-02,0.136363636364,0.181818181818,0.227272727273,
    0.272727272727,0.318181818182,0.363636363636,0.409090909091,
    0.454545454545,0.5,0.545454545455,0.590909090909,0.636363636364,
    0.681818181818,0.727272727273,0.772727272727,0.818181818182,
    0.863636363636,0.909090909091,0.954545454545,1.),.UNSPECIFIED.);
#253 = CARTESIAN_POINT('',(0.,0.));
#254 = CARTESIAN_POINT('',(0.,1.515151515152E-02));
#255 = CARTESIAN_POINT('',(0.,4.545454545455E-02));
#256 = CARTESIAN_POINT('',(0.,9.090909090909E-02));
#257 = CARTESIAN_POINT('',(0.,0.136363636364));
#258 = CARTESIAN_POINT('',(0.,0.181818181818));
#259 = CARTESIAN_POINT('',(0.,0.227272727273));
#260 = CARTESIAN_POINT('',(0.,0.272727272727));
#261 = CARTESIAN_POINT('',(0.,0.318181818182));
#262 = CARTESIAN_POINT('',(0.,0.363636363636));
#263 = CARTESIAN_POINT('',(0.,0.409090909091));
#264 = CARTESIAN_POINT('',(0.,0.454545454545));
#265 = CARTESIAN_POINT('',(0.,0.5));
#266 = CARTESIAN_POINT('',(0.,0.545454545455));
#267 = CARTESIAN_POINT('',(0.,0.590909090909));
#268 = CARTESIAN_POINT('',(0.,0.636363636364));
#269 = CARTESIAN_POINT('',(0.,0.681818181818));
#270 = CARTESIAN_POINT('',(0.,0.727272727273));
#271 = CARTESIAN_POINT('',(0.,0.772727272727));
#272 = CARTESIAN_POINT('',(0.,0.818181818182));
#273 = CARTESIAN_POINT('',(0.,0.863636363636));
#274 = CARTESIAN_POINT('',(0.,0.909090909091));
#275 = CARTESIAN_POINT('',(0.,0.954545454545));
#276 = CARTESIAN_POINT('',(-0.,0.984848484848));
#277 = CARTESIAN_POINT('',(0.,1.));
#278 = ( GEOMETRIC_REPRESENTATION_CONTEXT(2) 
PARAMETRIC_REPRESENTATION_CONTEXT() REPRESENTATION_CONTEXT('2D SPACE',''
  ) );
#279 = PCURVE('',#280,#297);
#280 = B_SPLINE_SURFACE_WITH_KNOTS('',3,3,(
    (#281,#282,#283,#284)
    ,(#285,#286,#287,#288)
    ,(#289,#290,#291,#292)
    ,(#293,#294,#295,#296
    )),.UNSPECIFIED.,.F.,.F.,.F.,(4,4),(4,4),(0.,1.),(0.,1.),
  .PIECEWISE_BEZIER_KNOTS.);
#281 = CARTESIAN_POINT('',(-152.2695,193.54426867257,0.));
#282 = CARTESIAN_POINT('',(-142.986371664,179.61092002024,38.));
#283 = CARTESIAN_POINT('',(-133.703243328,165.67757136792,76.));
#284 = CARTESIAN_POINT('',(-124.420114992,151.7442227156,114.));
#285 = CARTESIAN_POINT('',(-154.0138333333,129.02951244838,0.));
#286 = CARTESIAN_POINT('',(-144.8806000224,119.73987098938,38.));
#287 = CARTESIAN_POINT('',(-135.7473667115,110.45022953038,76.));
#288 = CARTESIAN_POINT('',(-126.6141334006,101.16058807138,114.));
#289 = CARTESIAN_POINT('',(-155.7581666666,64.51475622419,0.));
#290 = CARTESIAN_POINT('',(-146.7748283809,59.868821958519,38.));
#291 = CARTESIAN_POINT('',(-137.7914900951,55.222887692848,76.));
#292 = CARTESIAN_POINT('',(-128.8081518093,50.576953427177,114.));
#293 = CARTESIAN_POINT('',(-157.5025,-1.387778780781E-14,0.));
#294 = CARTESIAN_POINT('',(-148.6690567393,-2.227072345026E-03,38.));
#295 = CARTESIAN_POINT('',(-139.8356134787,-4.454144690039E-03,76.));
#296 = CARTESIAN_POINT('',(-131.002170218,-6.681217035051E-03,114.));
#297 = DEFINITIONAL_REPRESENTATION('',(#298),#324);
#298 = B_SPLINE_CURVE_WITH_KNOTS('',3,(#299,#300,#301,#302,#303,#304,
    #305,#306,#307,#308,#309,#310,#311,#312,#313,#314,#315,#316,#317,
    #318,#319,#320,#321,#322,#323),.UNSPECIFIED.,.F.,.F.,(4,1,1,1,1,1,1,
    1,1,1,1,1,1,1,1,1,1,1,1,1,1,1,4),(0.,4.545454545455E-02,
    9.090909090909E-02,0.136363636364,0.181818181818,0.227272727273,
    0.272727272727,0.318181818182,0.363636363636,0.409090909091,
    0.454545454545,0.5,0.545454545455,0.590909090909,0.636363636364,
    0.681818181818,0.727272727273,0.772727272727,0.818181818182,
    0.863636363636,0.909090909091,0.954545454545,1.),.UNSPECIFIED.);
#299 = CARTESIAN_POINT('',(1.,0.));
#300 = CARTESIAN_POINT('',(1.,1.515151515152E-02));
#301 = CARTESIAN_POINT('',(1.,4.545454545455E-02));
#302 = CARTESIAN_POINT('',(1.,9.090909090909E-02));
#303 = CARTESIAN_POINT('',(1.,0.136363636364));
#304 = CARTESIAN_POINT('',(1.,0.181818181818));
#305 = CARTESIAN_POINT('',(1.,0.227272727273));
#306 = CARTESIAN_POINT('',(1.,0.272727272727));
#307 = CARTESIAN_POINT('',(1.,0.318181818182));
#308 = CARTESIAN_POINT('',(1.,0.363636363636));
#309 = CARTESIAN_POINT('',(1.,0.409090909091));
#310 = CARTESIAN_POINT('',(1.,0.454545454545));
#311 = CARTESIAN_POINT('',(1.,0.5));
#312 = CARTESIAN_POINT('',(1.,0.545454545455));
#313 = CARTESIAN_POINT('',(1.,0.590909090909));
#314 = CARTESIAN_POINT('',(1.,0.636363636364));
#315 = CARTESIAN_POINT('',(1.,0.681818181818));
#316 = CARTESIAN_POINT('',(1.,0.727272727273));
#317 = CARTESIAN_POINT('',(1.,0.772727272727));
#318 = CARTESIAN_POINT('',(1.,0.818181818182));
#319 = CARTESIAN_POINT('',(1.,0.863636363636));
#320 = CARTESIAN_POINT('',(1.,0.909090909091));
#321 = CARTESIAN_POINT('',(1.,0.954545454545));
#322 = CARTESIAN_POINT('',(1.,0.984848484848));
#323 = CARTESIAN_POINT('',(1.,1.));
#324 = ( GEOMETRIC_REPRESENTATION_CONTEXT(2) 
PARAMETRIC_REPRESENTATION_CONTEXT() REPRESENTATION_CONTEXT('2D SPACE',''
  ) );
#325 = ADVANCED_FACE('',(#326,#1791),#79,.F.);
#326 = FACE_BOUND('',#327,.F.);
#327 = EDGE_LOOP('',(#328,#375,#376,#635,#711,#1029,#1093,#1157,#1443,
    #1543));
#328 = ORIENTED_EDGE('',*,*,#329,.T.);
#329 = EDGE_CURVE('',#330,#22,#332,.T.);
#330 = VERTEX_POINT('',#331);
#331 = CARTESIAN_POINT('',(-152.4920853552,185.31187428958,0.));
#332 = SURFACE_CURVE('',#333,(#338,#346),.PCURVE_S1.);
#333 = B_SPLINE_CURVE_WITH_KNOTS('',3,(#334,#335,#336,#337),
  .UNSPECIFIED.,.F.,.F.,(4,4),(4.253494272627E-02,1.),
  .PIECEWISE_BEZIER_KNOTS.);
#334 = CARTESIAN_POINT('',(-152.4920853552,185.31187428958,0.));
#335 = CARTESIAN_POINT('',(-154.1622235701,123.54124952638,0.));
#336 = CARTESIAN_POINT('',(-155.832361785,61.770624763195,0.));
#337 = CARTESIAN_POINT('',(-157.5025,-1.387778780781E-14,0.));
#338 = PCURVE('',#79,#339);
#339 = DEFINITIONAL_REPRESENTATION('',(#340),#345);
#340 = B_SPLINE_CURVE_WITH_KNOTS('',3,(#341,#342,#343,#344),
  .UNSPECIFIED.,.F.,.F.,(4,4),(4.253494272627E-02,1.),
  .PIECEWISE_BEZIER_KNOTS.);
#341 = CARTESIAN_POINT('',(-152.4920853552,163.79387559721));
#342 = CARTESIAN_POINT('',(-154.1622235701,102.02325083401));
#343 = CARTESIAN_POINT('',(-155.832361785,40.252626070834));
#344 = CARTESIAN_POINT('',(-157.5025,-21.51799869236));
#345 = ( GEOMETRIC_REPRESENTATION_CONTEXT(2) 
PARAMETRIC_REPRESENTATION_CONTEXT() REPRESENTATION_CONTEXT('2D SPACE',''
  ) );
#346 = PCURVE('',#280,#347);
#347 = DEFINITIONAL_REPRESENTATION('',(#348),#374);
#348 = B_SPLINE_CURVE_WITH_KNOTS('',3,(#349,#350,#351,#352,#353,#354,
    #355,#356,#357,#358,#359,#360,#361,#362,#363,#364,#365,#366,#367,
    #368,#369,#370,#371,#372,#373),.UNSPECIFIED.,.F.,.F.,(4,1,1,1,1,1,1,
    1,1,1,1,1,1,1,1,1,1,1,1,1,1,1,4),(4.253494272627E-02,
    8.605608169326E-02,0.12957722066,0.173098359627,0.216619498594,
    0.260140637561,0.303661776528,0.347182915495,0.390704054462,
    0.434225193429,0.477746332396,0.521267471363,0.56478861033,
    0.608309749297,0.651830888264,0.695352027231,0.738873166198,
    0.782394305165,0.825915444132,0.869436583099,0.912957722066,
    0.956478861033,1.),.UNSPECIFIED.);
#349 = CARTESIAN_POINT('',(4.253494272627E-02,0.));
#350 = CARTESIAN_POINT('',(5.70419890486E-02,0.));
#351 = CARTESIAN_POINT('',(8.605608169326E-02,0.));
#352 = CARTESIAN_POINT('',(0.12957722066,0.));
#353 = CARTESIAN_POINT('',(0.173098359627,0.));
#354 = CARTESIAN_POINT('',(0.216619498594,0.));
#355 = CARTESIAN_POINT('',(0.260140637561,0.));
#356 = CARTESIAN_POINT('',(0.303661776528,0.));
#357 = CARTESIAN_POINT('',(0.347182915495,0.));
#358 = CARTESIAN_POINT('',(0.390704054462,0.));
#359 = CARTESIAN_POINT('',(0.434225193429,0.));
#360 = CARTESIAN_POINT('',(0.477746332396,0.));
#361 = CARTESIAN_POINT('',(0.521267471363,0.));
#362 = CARTESIAN_POINT('',(0.56478861033,0.));
#363 = CARTESIAN_POINT('',(0.608309749297,0.));
#364 = CARTESIAN_POINT('',(0.651830888264,0.));
#365 = CARTESIAN_POINT('',(0.695352027231,0.));
#366 = CARTESIAN_POINT('',(0.738873166198,0.));
#367 = CARTESIAN_POINT('',(0.782394305165,0.));
#368 = CARTESIAN_POINT('',(0.825915444132,0.));
#369 = CARTESIAN_POINT('',(0.869436583099,0.));
#370 = CARTESIAN_POINT('',(0.912957722066,0.));
#371 = CARTESIAN_POINT('',(0.956478861033,0.));
#372 = CARTESIAN_POINT('',(0.985492953678,-0.));
#373 = CARTESIAN_POINT('',(1.,0.));
#374 = ( GEOMETRIC_REPRESENTATION_CONTEXT(2) 
PARAMETRIC_REPRESENTATION_CONTEXT() REPRESENTATION_CONTEXT('2D SPACE',''
  ) );
#375 = ORIENTED_EDGE('',*,*,#21,.T.);
#376 = ORIENTED_EDGE('',*,*,#377,.F.);
#377 = EDGE_CURVE('',#378,#24,#380,.T.);
#378 = VERTEX_POINT('',#379);
#379 = CARTESIAN_POINT('',(-146.1725712499,-154.9608343149,0.));
#380 = SURFACE_CURVE('',#381,(#437,#496),.PCURVE_S1.);
#381 = B_SPLINE_CURVE_WITH_KNOTS('',3,(#382,#383,#384,#385,#386,#387,
    #388,#389,#390,#391,#392,#393,#394,#395,#396,#397,#398,#399,#400,
    #401,#402,#403,#404,#405,#406,#407,#408,#409,#410,#411,#412,#413,
    #414,#415,#416,#417,#418,#419,#420,#421,#422,#423,#424,#425,#426,
    #427,#428,#429,#430,#431,#432,#433,#434,#435,#436),.UNSPECIFIED.,.F.
  ,.F.,(4,1,2,2,2,2,2,1,1,1,2,2,1,1,2,2,1,1,1,2,2,1,2,2,2,1,1,2,2,2,2,2,
    1,4),(0.,8.816602222278E-04,1.763320444456E-03,2.644980666683E-03,
    3.085810777797E-03,3.306225833354E-03,3.361329597243E-03,
    3.416433361133E-03,3.526640888911E-03,3.967471000024E-03,
    4.408301111138E-03,5.289961333365E-03,5.730791444478E-03,
    6.171621555591E-03,6.612451666705E-03,6.722659194483E-03,
    6.832866722261E-03,7.053281777818E-03,7.494111888931E-03,
    7.934942000045E-03,8.816602222272E-03,9.257432333385E-03,
    9.698262444498E-03,9.918677500055E-03,1.013909255561E-02,
    1.057992266673E-02,1.102075277784E-02,1.146158288895E-02,
    1.234324311118E-02,1.278407322229E-02,1.300448827785E-02,
    1.311469580563E-02,1.322490333341E-02,1.410656355563E-02),
  .UNSPECIFIED.);
#382 = CARTESIAN_POINT('',(-146.1725696506,-154.9608178741,
    3.405024371979E-15));
#383 = CARTESIAN_POINT('',(-146.4691141636,-154.9319772829,
    3.405024371979E-15));
#384 = CARTESIAN_POINT('',(-147.0554320523,-154.8490624936,0.));
#385 = CARTESIAN_POINT('',(-147.6284532962,-154.7165958644,0.));
#386 = CARTESIAN_POINT('',(-148.1947984789,-154.5592499422,0.));
#387 = CARTESIAN_POINT('',(-148.474633433,-154.4681388011,0.));
#388 = CARTESIAN_POINT('',(-148.8892431048,-154.3123068641,0.));
#389 = CARTESIAN_POINT('',(-149.0265879694,-154.2571640866,0.));
#390 = CARTESIAN_POINT('',(-149.2312887013,-154.1695435539,0.));
#391 = CARTESIAN_POINT('',(-149.2993027629,-154.1395186533,0.));
#392 = CARTESIAN_POINT('',(-149.3840422253,-154.1009510938,0.));
#393 = CARTESIAN_POINT('',(-149.4009807669,-154.0931836223,0.));
#394 = CARTESIAN_POINT('',(-149.4347895384,-154.0775634118,0.));
#395 = CARTESIAN_POINT('',(-149.485411217,-154.0540002863,0.));
#396 = CARTESIAN_POINT('',(-149.6700197619,-153.966144138,0.));
#397 = CARTESIAN_POINT('',(-149.9666545021,-153.8144642955,0.));
#398 = CARTESIAN_POINT('',(-150.2226722771,-153.6685204445,0.));
#399 = CARTESIAN_POINT('',(-150.6009937941,-153.4413218678,0.));
#400 = CARTESIAN_POINT('',(-150.8456121942,-153.2788282647,0.));
#401 = CARTESIAN_POINT('',(-151.2010999414,-153.0184793413,0.));
#402 = CARTESIAN_POINT('',(-151.434273001,-152.8393692526,0.));
#403 = CARTESIAN_POINT('',(-151.7724531536,-152.5538929515,0.));
#404 = CARTESIAN_POINT('',(-151.9900575567,-152.3521800966,0.));
#405 = CARTESIAN_POINT('',(-152.1235509184,-152.2224663987,0.));
#406 = CARTESIAN_POINT('',(-152.1501412025,-152.1963241389,0.));
#407 = CARTESIAN_POINT('',(-152.2029470176,-152.1437948502,0.));
#408 = CARTESIAN_POINT('',(-152.2816153014,-152.0646139553,0.));
#409 = CARTESIAN_POINT('',(-152.4614113364,-151.8771639618,0.));
#410 = CARTESIAN_POINT('',(-152.7076152364,-151.6017544388,0.));
#411 = CARTESIAN_POINT('',(-152.8933794958,-151.3734082767,0.));
#412 = CARTESIAN_POINT('',(-153.1636942054,-151.0249234321,0.));
#413 = CARTESIAN_POINT('',(-153.3328111779,-150.7846575753,0.));
#414 = CARTESIAN_POINT('',(-153.5698239629,-150.4123280783,0.));
#415 = CARTESIAN_POINT('',(-153.7222702373,-150.1601257641,0.));
#416 = CARTESIAN_POINT('',(-153.8634859571,-149.8998822128,0.));
#417 = CARTESIAN_POINT('',(-153.9651207108,-149.7016371305,0.));
#418 = CARTESIAN_POINT('',(-153.9982858379,-149.6350448293,0.));
#419 = CARTESIAN_POINT('',(-154.0631754494,-149.5008287063,0.));
#420 = CARTESIAN_POINT('',(-154.0947746021,-149.433463864,0.));
#421 = CARTESIAN_POINT('',(-154.1870468824,-149.2306484413,0.));
#422 = CARTESIAN_POINT('',(-154.3033627347,-148.9582705801,0.));
#423 = CARTESIAN_POINT('',(-154.45809365,-148.5439481289,0.));
#424 = CARTESIAN_POINT('',(-154.5482676374,-148.2639491001,0.));
#425 = CARTESIAN_POINT('',(-154.6738716961,-147.8411352633,0.));
#426 = CARTESIAN_POINT('',(-154.7447503848,-147.5555110542,0.));
#427 = CARTESIAN_POINT('',(-154.8317591929,-147.1214455003,0.));
#428 = CARTESIAN_POINT('',(-154.8575393291,-146.9758174358,0.));
#429 = CARTESIAN_POINT('',(-154.8913302307,-146.7559528705,0.));
#430 = CARTESIAN_POINT('',(-154.9017803493,-146.682427517,0.));
#431 = CARTESIAN_POINT('',(-154.9162268657,-146.5717812937,0.));
#432 = CARTESIAN_POINT('',(-154.9208380205,-146.5348357618,0.));
#433 = CARTESIAN_POINT('',(-154.9296472552,-146.4608403554,0.));
#434 = CARTESIAN_POINT('',(-154.9673866364,-146.1277314818,0.));
#435 = CARTESIAN_POINT('',(-154.9881195271,-145.7934644052,0.));
#436 = CARTESIAN_POINT('',(-154.9932594296,-145.4954330634,0.));
#437 = PCURVE('',#79,#438);
#438 = DEFINITIONAL_REPRESENTATION('',(#439),#495);
#439 = B_SPLINE_CURVE_WITH_KNOTS('',3,(#440,#441,#442,#443,#444,#445,
    #446,#447,#448,#449,#450,#451,#452,#453,#454,#455,#456,#457,#458,
    #459,#460,#461,#462,#463,#464,#465,#466,#467,#468,#469,#470,#471,
    #472,#473,#474,#475,#476,#477,#478,#479,#480,#481,#482,#483,#484,
    #485,#486,#487,#488,#489,#490,#491,#492,#493,#494),.UNSPECIFIED.,.F.
  ,.F.,(4,1,2,2,2,2,2,1,1,1,2,2,1,1,2,2,1,1,1,2,2,1,2,2,2,1,1,2,2,2,2,2,
    1,4),(0.,8.816602222278E-04,1.763320444456E-03,2.644980666683E-03,
    3.085810777797E-03,3.306225833354E-03,3.361329597243E-03,
    3.416433361133E-03,3.526640888911E-03,3.967471000024E-03,
    4.408301111138E-03,5.289961333365E-03,5.730791444478E-03,
    6.171621555591E-03,6.612451666705E-03,6.722659194483E-03,
    6.832866722261E-03,7.053281777818E-03,7.494111888931E-03,
    7.934942000045E-03,8.816602222272E-03,9.257432333385E-03,
    9.698262444498E-03,9.918677500055E-03,1.013909255561E-02,
    1.057992266673E-02,1.102075277784E-02,1.146158288895E-02,
    1.234324311118E-02,1.278407322229E-02,1.300448827785E-02,
    1.311469580563E-02,1.322490333341E-02,1.410656355563E-02),
  .UNSPECIFIED.);
#440 = CARTESIAN_POINT('',(-146.1725696506,-176.4788165664));
#441 = CARTESIAN_POINT('',(-146.4691141636,-176.4499759752));
#442 = CARTESIAN_POINT('',(-147.0554320523,-176.3670611859));
#443 = CARTESIAN_POINT('',(-147.6284532962,-176.2345945567));
#444 = CARTESIAN_POINT('',(-148.1947984789,-176.0772486345));
#445 = CARTESIAN_POINT('',(-148.474633433,-175.9861374934));
#446 = CARTESIAN_POINT('',(-148.8892431048,-175.8303055564));
#447 = CARTESIAN_POINT('',(-149.0265879694,-175.7751627789));
#448 = CARTESIAN_POINT('',(-149.2312887013,-175.6875422462));
#449 = CARTESIAN_POINT('',(-149.2993027629,-175.6575173456));
#450 = CARTESIAN_POINT('',(-149.3840422253,-175.6189497861));
#451 = CARTESIAN_POINT('',(-149.4009807669,-175.6111823146));
#452 = CARTESIAN_POINT('',(-149.4347895384,-175.5955621041));
#453 = CARTESIAN_POINT('',(-149.485411217,-175.5719989786));
#454 = CARTESIAN_POINT('',(-149.6700197619,-175.4841428303));
#455 = CARTESIAN_POINT('',(-149.9666545021,-175.3324629878));
#456 = CARTESIAN_POINT('',(-150.2226722771,-175.1865191368));
#457 = CARTESIAN_POINT('',(-150.6009937941,-174.9593205601));
#458 = CARTESIAN_POINT('',(-150.8456121942,-174.796826957));
#459 = CARTESIAN_POINT('',(-151.2010999414,-174.5364780336));
#460 = CARTESIAN_POINT('',(-151.434273001,-174.3573679449));
#461 = CARTESIAN_POINT('',(-151.7724531536,-174.0718916438));
#462 = CARTESIAN_POINT('',(-151.9900575567,-173.8701787889));
#463 = CARTESIAN_POINT('',(-152.1235509184,-173.740465091));
#464 = CARTESIAN_POINT('',(-152.1501412025,-173.7143228312));
#465 = CARTESIAN_POINT('',(-152.2029470176,-173.6617935425));
#466 = CARTESIAN_POINT('',(-152.2816153014,-173.5826126476));
#467 = CARTESIAN_POINT('',(-152.4614113364,-173.3951626541));
#468 = CARTESIAN_POINT('',(-152.7076152364,-173.1197531311));
#469 = CARTESIAN_POINT('',(-152.8933794958,-172.891406969));
#470 = CARTESIAN_POINT('',(-153.1636942054,-172.5429221244));
#471 = CARTESIAN_POINT('',(-153.3328111779,-172.3026562676));
#472 = CARTESIAN_POINT('',(-153.5698239629,-171.9303267706));
#473 = CARTESIAN_POINT('',(-153.7222702373,-171.6781244564));
#474 = CARTESIAN_POINT('',(-153.8634859571,-171.4178809051));
#475 = CARTESIAN_POINT('',(-153.9651207108,-171.2196358228));
#476 = CARTESIAN_POINT('',(-153.9982858379,-171.1530435216));
#477 = CARTESIAN_POINT('',(-154.0631754494,-171.0188273986));
#478 = CARTESIAN_POINT('',(-154.0947746021,-170.9514625563));
#479 = CARTESIAN_POINT('',(-154.1870468824,-170.7486471336));
#480 = CARTESIAN_POINT('',(-154.3033627347,-170.4762692724));
#481 = CARTESIAN_POINT('',(-154.45809365,-170.0619468212));
#482 = CARTESIAN_POINT('',(-154.5482676374,-169.7819477924));
#483 = CARTESIAN_POINT('',(-154.6738716961,-169.3591339556));
#484 = CARTESIAN_POINT('',(-154.7447503848,-169.0735097465));
#485 = CARTESIAN_POINT('',(-154.8317591929,-168.6394441926));
#486 = CARTESIAN_POINT('',(-154.8575393291,-168.4938161281));
#487 = CARTESIAN_POINT('',(-154.8913302307,-168.2739515628));
#488 = CARTESIAN_POINT('',(-154.9017803493,-168.2004262093));
#489 = CARTESIAN_POINT('',(-154.9162268657,-168.089779986));
#490 = CARTESIAN_POINT('',(-154.9208380205,-168.0528344541));
#491 = CARTESIAN_POINT('',(-154.9296472552,-167.9788390477));
#492 = CARTESIAN_POINT('',(-154.9673866364,-167.6457301741));
#493 = CARTESIAN_POINT('',(-154.9881195271,-167.3114630975));
#494 = CARTESIAN_POINT('',(-154.9932594296,-167.0134317557));
#495 = ( GEOMETRIC_REPRESENTATION_CONTEXT(2) 
PARAMETRIC_REPRESENTATION_CONTEXT() REPRESENTATION_CONTEXT('2D SPACE',''
  ) );
#496 = PCURVE('',#135,#497);
#497 = DEFINITIONAL_REPRESENTATION('',(#498),#634);
#498 = B_SPLINE_CURVE_WITH_KNOTS('',3,(#499,#500,#501,#502,#503,#504,
    #505,#506,#507,#508,#509,#510,#511,#512,#513,#514,#515,#516,#517,
    #518,#519,#520,#521,#522,#523,#524,#525,#526,#527,#528,#529,#530,
    #531,#532,#533,#534,#535,#536,#537,#538,#539,#540,#541,#542,#543,
    #544,#545,#546,#547,#548,#549,#550,#551,#552,#553,#554,#555,#556,
    #557,#558,#559,#560,#561,#562,#563,#564,#565,#566,#567,#568,#569,
    #570,#571,#572,#573,#574,#575,#576,#577,#578,#579,#580,#581,#582,
    #583,#584,#585,#586,#587,#588,#589,#590,#591,#592,#593,#594,#595,
    #596,#597,#598,#599,#600,#601,#602,#603,#604,#605,#606,#607,#608,
    #609,#610,#611,#612,#613,#614,#615,#616,#617,#618,#619,#620,#621,
    #622,#623,#624,#625,#626,#627,#628,#629,#630,#631,#632,#633),
  .UNSPECIFIED.,.F.,.F.,(4,1,1,1,1,1,1,1,1,1,1,1,1,1,1,1,1,1,1,1,1,1,1,1
    ,1,1,1,1,1,1,1,1,1,1,1,1,1,1,1,1,1,1,1,1,1,1,1,1,1,1,1,1,1,1,1,1,1,1
    ,1,1,1,1,1,1,1,1,1,1,1,1,1,1,1,1,1,1,1,1,1,1,1,1,1,1,1,1,1,1,1,1,1,1
    ,1,1,1,1,1,1,1,1,1,1,1,1,1,1,1,1,1,1,1,1,1,1,1,1,1,1,1,1,1,1,1,1,1,1
    ,1,1,1,1,1,1,4),(0.,1.068679057245E-04,2.13735811449E-04,
    3.206037171735E-04,4.27471622898E-04,5.343395286225E-04,
    6.41207434347E-04,7.480753400715E-04,8.54943245796E-04,
    9.618111515205E-04,1.068679057245E-03,1.175546962969E-03,
    1.282414868694E-03,1.389282774418E-03,1.496150680143E-03,
    1.603018585867E-03,1.709886491592E-03,1.816754397316E-03,
    1.923622303041E-03,2.030490208765E-03,2.13735811449E-03,
    2.244226020214E-03,2.351093925939E-03,2.457961831663E-03,
    2.564829737388E-03,2.671697643112E-03,2.778565548837E-03,
    2.885433454561E-03,2.992301360286E-03,3.09916926601E-03,
    3.206037171735E-03,3.312905077459E-03,3.419772983184E-03,
    3.526640888908E-03,3.633508794633E-03,3.740376700357E-03,
    3.847244606082E-03,3.954112511806E-03,4.060980417531E-03,
    4.167848323255E-03,4.27471622898E-03,4.381584134704E-03,
    4.488452040429E-03,4.595319946153E-03,4.702187851878E-03,
    4.809055757602E-03,4.915923663327E-03,5.022791569051E-03,
    5.129659474776E-03,5.2365273805E-03,5.343395286225E-03,
    5.450263191949E-03,5.557131097674E-03,5.663999003398E-03,
    5.770866909123E-03,5.877734814847E-03,5.984602720572E-03,
    6.091470626296E-03,6.198338532021E-03,6.305206437745E-03,
    6.41207434347E-03,6.518942249194E-03,6.625810154919E-03,
    6.732678060643E-03,6.839545966368E-03,6.946413872092E-03,
    7.053281777817E-03,7.160149683541E-03,7.267017589266E-03,
    7.37388549499E-03,7.480753400715E-03,7.587621306439E-03,
    7.694489212164E-03,7.801357117888E-03,7.908225023613E-03,
    8.015092929337E-03,8.121960835062E-03,8.228828740786E-03,
    8.335696646511E-03,8.442564552235E-03,8.54943245796E-03,
    8.656300363684E-03,8.763168269409E-03,8.870036175133E-03,
    8.976904080858E-03,9.083771986582E-03,9.190639892307E-03,
    9.297507798031E-03,9.404375703756E-03,9.51124360948E-03,
    9.618111515205E-03,9.724979420929E-03,9.831847326654E-03,
    9.938715232378E-03,1.00455831381E-02,1.015245104383E-02,
    1.025931894955E-02,1.036618685528E-02,1.0473054761E-02,
    1.057992266673E-02,1.068679057245E-02,1.079365847817E-02,
    1.09005263839E-02,1.100739428962E-02,1.111426219535E-02,
    1.122113010107E-02,1.13279980068E-02,1.143486591252E-02,
    1.154173381825E-02,1.164860172397E-02,1.175546962969E-02,
    1.186233753542E-02,1.196920544114E-02,1.207607334687E-02,
    1.218294125259E-02,1.228980915832E-02,1.239667706404E-02,
    1.250354496977E-02,1.261041287549E-02,1.271728078122E-02,
    1.282414868694E-02,1.293101659266E-02,1.303788449839E-02,
    1.314475240411E-02,1.325162030984E-02,1.335848821556E-02,
    1.346535612129E-02,1.357222402701E-02,1.367909193274E-02,
    1.378595983846E-02,1.389282774418E-02,1.399969564991E-02,
    1.410656355563E-02),.UNSPECIFIED.);
#499 = CARTESIAN_POINT('',(0.122716906133,0.));
#500 = CARTESIAN_POINT('',(0.122708530366,2.715116989425E-03));
#501 = CARTESIAN_POINT('',(0.122691873825,8.131628219268E-03));
#502 = CARTESIAN_POINT('',(0.122667173367,1.621684934957E-02));
#503 = CARTESIAN_POINT('',(0.122642756635,2.426415798549E-02));
#504 = CARTESIAN_POINT('',(0.122618623004,3.227514994081E-02));
#505 = CARTESIAN_POINT('',(0.122594771846,4.025139625848E-02));
#506 = CARTESIAN_POINT('',(0.122571202537,4.819444036019E-02));
#507 = CARTESIAN_POINT('',(0.122547914444,5.610579935607E-02));
#508 = CARTESIAN_POINT('',(0.122524906962,6.39869641107E-02));
#509 = CARTESIAN_POINT('',(0.122502179388,7.183940003288E-02));
#510 = CARTESIAN_POINT('',(0.1224797317,7.966454434606E-02));
#511 = CARTESIAN_POINT('',(0.122457564079,8.746381738877E-02));
#512 = CARTESIAN_POINT('',(0.122435676657,9.523862437672E-02));
#513 = CARTESIAN_POINT('',(0.122414069578,0.102990355171));
#514 = CARTESIAN_POINT('',(0.122392742985,0.110720384591));
#515 = CARTESIAN_POINT('',(0.122371697013,0.118430072392));
#516 = CARTESIAN_POINT('',(0.122350931826,0.126120764006));
#517 = CARTESIAN_POINT('',(0.122330447488,0.133793788483));
#518 = CARTESIAN_POINT('',(0.122310244497,0.141450468212));
#519 = CARTESIAN_POINT('',(0.122290323862,0.149092128383));
#520 = CARTESIAN_POINT('',(0.122270686489,0.156720087386));
#521 = CARTESIAN_POINT('',(0.122251333311,0.164335658822));
#522 = CARTESIAN_POINT('',(0.122232265256,0.17194015108));
#523 = CARTESIAN_POINT('',(0.122213483242,0.179534866919));
#524 = CARTESIAN_POINT('',(0.122194988234,0.187121105467));
#525 = CARTESIAN_POINT('',(0.122176781025,0.194700154481));
#526 = CARTESIAN_POINT('',(0.122158863125,0.202273322801));
#527 = CARTESIAN_POINT('',(0.122141236225,0.209841943101));
#528 = CARTESIAN_POINT('',(0.122123901957,0.217407298279));
#529 = CARTESIAN_POINT('',(0.122106861583,0.22497084117));
#530 = CARTESIAN_POINT('',(0.122090117908,0.232533405407));
#531 = CARTESIAN_POINT('',(0.122073668883,0.240098193818));
#532 = CARTESIAN_POINT('',(0.122057531443,0.247659717475));
#533 = CARTESIAN_POINT('',(0.122041766169,0.255190814709));
#534 = CARTESIAN_POINT('',(0.122026357024,0.262699555182));
#535 = CARTESIAN_POINT('',(0.122011306781,0.270185563943));
#536 = CARTESIAN_POINT('',(0.121996613323,0.277650702091));
#537 = CARTESIAN_POINT('',(0.121982275855,0.285096209346));
#538 = CARTESIAN_POINT('',(0.121968293187,0.292523470308));
#539 = CARTESIAN_POINT('',(0.121954664726,0.299933802963));
#540 = CARTESIAN_POINT('',(0.1219413899,0.30732852421));
#541 = CARTESIAN_POINT('',(0.12192846818,0.314708935625));
#542 = CARTESIAN_POINT('',(0.121915898839,0.32207632897));
#543 = CARTESIAN_POINT('',(0.121903681363,0.329431981297));
#544 = CARTESIAN_POINT('',(0.121891816078,0.336777159005));
#545 = CARTESIAN_POINT('',(0.121880303118,0.344113125117));
#546 = CARTESIAN_POINT('',(0.121869142664,0.351441137527));
#547 = CARTESIAN_POINT('',(0.12185833489,0.358762449558));
#548 = CARTESIAN_POINT('',(0.121847879959,0.366078309601));
#549 = CARTESIAN_POINT('',(0.121837778081,0.373389962113));
#550 = CARTESIAN_POINT('',(0.121828029293,0.38069864406));
#551 = CARTESIAN_POINT('',(0.121818634746,0.388005605024));
#552 = CARTESIAN_POINT('',(0.121809595375,0.395312095619));
#553 = CARTESIAN_POINT('',(0.12180091211,0.402619368427));
#554 = CARTESIAN_POINT('',(0.121792585833,0.409928677143));
#555 = CARTESIAN_POINT('',(0.121784617655,0.417241282993));
#556 = CARTESIAN_POINT('',(0.121777009084,0.424558462238));
#557 = CARTESIAN_POINT('',(0.121769761568,0.431881498092));
#558 = CARTESIAN_POINT('',(0.121762876535,0.439211675797));
#559 = CARTESIAN_POINT('',(0.121756355558,0.446550307687));
#560 = CARTESIAN_POINT('',(0.121750200748,0.453898675853));
#561 = CARTESIAN_POINT('',(0.121744414051,0.461258287423));
#562 = CARTESIAN_POINT('',(0.121738997772,0.468629860114));
#563 = CARTESIAN_POINT('',(0.121733952735,0.476017475247));
#564 = CARTESIAN_POINT('',(0.121729302652,0.483388166822));
#565 = CARTESIAN_POINT('',(0.121725042698,0.490746759968));
#566 = CARTESIAN_POINT('',(0.121721171794,0.498093669979));
#567 = CARTESIAN_POINT('',(0.121717687892,0.505430476243));
#568 = CARTESIAN_POINT('',(0.121714589737,0.51275841841));
#569 = CARTESIAN_POINT('',(0.121711876006,0.520078812924));
#570 = CARTESIAN_POINT('',(0.121709545401,0.527392945285));
#571 = CARTESIAN_POINT('',(0.121707596577,0.534702099451));
#572 = CARTESIAN_POINT('',(0.121706028741,0.542007542201));
#573 = CARTESIAN_POINT('',(0.121704841154,0.549310536882));
#574 = CARTESIAN_POINT('',(0.121704033115,0.556612343298));
#575 = CARTESIAN_POINT('',(0.121703603712,0.563914219866));
#576 = CARTESIAN_POINT('',(0.121703552261,0.57121741866));
#577 = CARTESIAN_POINT('',(0.121703878999,0.578523187774));
#578 = CARTESIAN_POINT('',(0.121704583945,0.58583278108));
#579 = CARTESIAN_POINT('',(0.121705667177,0.593147455869));
#580 = CARTESIAN_POINT('',(0.12170712876,0.600468473548));
#581 = CARTESIAN_POINT('',(0.121708968751,0.607797099263));
#582 = CARTESIAN_POINT('',(0.121711187252,0.615134602798));
#583 = CARTESIAN_POINT('',(0.121713784185,0.622482255431));
#584 = CARTESIAN_POINT('',(0.12171676067,0.629841347587));
#585 = CARTESIAN_POINT('',(0.121720117598,0.637213180434));
#586 = CARTESIAN_POINT('',(0.121723855854,0.644599065359));
#587 = CARTESIAN_POINT('',(0.121727976272,0.652000327205));
#588 = CARTESIAN_POINT('',(0.121732479924,0.65941829569));
#589 = CARTESIAN_POINT('',(0.121737368343,0.666854367382));
#590 = CARTESIAN_POINT('',(0.121742642861,0.67430979529));
#591 = CARTESIAN_POINT('',(0.121748305289,0.681786442791));
#592 = CARTESIAN_POINT('',(0.121754355766,0.689283977521));
#593 = CARTESIAN_POINT('',(0.121760802117,0.696810388847));
#594 = CARTESIAN_POINT('',(0.121767621776,0.704339757796));
#595 = CARTESIAN_POINT('',(0.121774804817,0.711864907925));
#596 = CARTESIAN_POINT('',(0.121782350666,0.719389047869));
#597 = CARTESIAN_POINT('',(0.121790257251,0.726913191874));
#598 = CARTESIAN_POINT('',(0.121798522921,0.734438759821));
#599 = CARTESIAN_POINT('',(0.121807145913,0.741967059199));
#600 = CARTESIAN_POINT('',(0.121816124493,0.749499423373));
#601 = CARTESIAN_POINT('',(0.12182545747,0.757037161416));
#602 = CARTESIAN_POINT('',(0.121835143649,0.764581586838));
#603 = CARTESIAN_POINT('',(0.121845181851,0.772134014258));
#604 = CARTESIAN_POINT('',(0.121855570851,0.779695760806));
#605 = CARTESIAN_POINT('',(0.121866309922,0.787268137833));
#606 = CARTESIAN_POINT('',(0.121877398387,0.794852462697));
#607 = CARTESIAN_POINT('',(0.121888835602,0.802450059222));
#608 = CARTESIAN_POINT('',(0.121900620732,0.810062259836));
#609 = CARTESIAN_POINT('',(0.121912753144,0.817690400538));
#610 = CARTESIAN_POINT('',(0.121925233046,0.825335823116));
#611 = CARTESIAN_POINT('',(0.121938060448,0.832999885449));
#612 = CARTESIAN_POINT('',(0.12195123541,0.840683959158));
#613 = CARTESIAN_POINT('',(0.121964757986,0.848389430475));
#614 = CARTESIAN_POINT('',(0.121978628216,0.856117699945));
#615 = CARTESIAN_POINT('',(0.121992846189,0.86387018364));
#616 = CARTESIAN_POINT('',(0.122007411822,0.87164830952));
#617 = CARTESIAN_POINT('',(0.122022326128,0.879453537736));
#618 = CARTESIAN_POINT('',(0.122037589896,0.887287344583));
#619 = CARTESIAN_POINT('',(0.122053203965,0.895151251587));
#620 = CARTESIAN_POINT('',(0.122069168924,0.903046719199));
#621 = CARTESIAN_POINT('',(0.122085486379,0.910975549442));
#622 = CARTESIAN_POINT('',(0.122102155555,0.91893841979));
#623 = CARTESIAN_POINT('',(0.122119185739,0.926940667589));
#624 = CARTESIAN_POINT('',(0.122136533083,0.934962899337));
#625 = CARTESIAN_POINT('',(0.122154192565,0.943005138855));
#626 = CARTESIAN_POINT('',(0.122172164821,0.951069228385));
#627 = CARTESIAN_POINT('',(0.12219044915,0.959156539658));
#628 = CARTESIAN_POINT('',(0.122209045212,0.967268592064));
#629 = CARTESIAN_POINT('',(0.12222795257,0.975406887111));
#630 = CARTESIAN_POINT('',(0.122247170811,0.983572953484));
#631 = CARTESIAN_POINT('',(0.122266699517,0.991768333496));
#632 = CARTESIAN_POINT('',(0.122279925353,0.997252506791));
#633 = CARTESIAN_POINT('',(0.122286589877,1.));
#634 = ( GEOMETRIC_REPRESENTATION_CONTEXT(2) 
PARAMETRIC_REPRESENTATION_CONTEXT() REPRESENTATION_CONTEXT('2D SPACE',''
  ) );
#635 = ORIENTED_EDGE('',*,*,#636,.T.);
#636 = EDGE_CURVE('',#378,#637,#639,.T.);
#637 = VERTEX_POINT('',#638);
#638 = CARTESIAN_POINT('',(146.17257122068,-154.960834014,0.));
#639 = SURFACE_CURVE('',#640,(#647,#657),.PCURVE_S1.);
#640 = B_SPLINE_CURVE_WITH_KNOTS('',3,(#641,#642,#643,#644,#645,#646),
  .UNSPECIFIED.,.F.,.F.,(4,2,4),(2.809428079649E-02,0.5,0.971905719203),
  .UNSPECIFIED.);
#641 = CARTESIAN_POINT('',(-146.1725696508,-154.9608178741,0.));
#642 = CARTESIAN_POINT('',(-97.60110121376,-159.684661367,0.));
#643 = CARTESIAN_POINT('',(-48.80061282971,-162.0524638683,0.));
#644 = CARTESIAN_POINT('',(48.800612829713,-162.0524638683,0.));
#645 = CARTESIAN_POINT('',(97.60110121376,-159.684661367,0.));
#646 = CARTESIAN_POINT('',(146.17256965088,-154.9608178741,0.));
#647 = PCURVE('',#79,#648);
#648 = DEFINITIONAL_REPRESENTATION('',(#649),#656);
#649 = B_SPLINE_CURVE_WITH_KNOTS('',3,(#650,#651,#652,#653,#654,#655),
  .UNSPECIFIED.,.F.,.F.,(4,2,4),(2.809428079649E-02,0.5,0.971905719203),
  .UNSPECIFIED.);
#650 = CARTESIAN_POINT('',(-146.1725696508,-176.4788165664));
#651 = CARTESIAN_POINT('',(-97.60110121376,-181.2026600593));
#652 = CARTESIAN_POINT('',(-48.80061282971,-183.5704625606));
#653 = CARTESIAN_POINT('',(48.800612829713,-183.5704625606));
#654 = CARTESIAN_POINT('',(97.60110121376,-181.2026600593));
#655 = CARTESIAN_POINT('',(146.17256965088,-176.4788165664));
#656 = ( GEOMETRIC_REPRESENTATION_CONTEXT(2) 
PARAMETRIC_REPRESENTATION_CONTEXT() REPRESENTATION_CONTEXT('2D SPACE',''
  ) );
#657 = PCURVE('',#658,#683);
#658 = B_SPLINE_SURFACE_WITH_KNOTS('',3,3,(
    (#659,#660,#661,#662)
    ,(#663,#664,#665,#666)
    ,(#667,#668,#669,#670)
    ,(#671,#672,#673,#674)
    ,(#675,#676,#677,#678)
    ,(#679,#680,#681,#682
    )),.UNSPECIFIED.,.F.,.F.,.F.,(4,2,4),(4,4),(0.,0.5,1.),(0.,1.),
  .UNSPECIFIED.);
#659 = CARTESIAN_POINT('',(-154.845,-154.0920858407,0.));
#660 = CARTESIAN_POINT('',(-144.6993643567,-146.6358135881,38.));
#661 = CARTESIAN_POINT('',(-134.5537287135,-139.1795413355,76.));
#662 = CARTESIAN_POINT('',(-124.4080930702,-131.7232690829,114.));
#663 = CARTESIAN_POINT('',(-103.4116454127,-159.3943413036,0.));
#664 = CARTESIAN_POINT('',(-96.60515901007,-151.0301995711,38.));
#665 = CARTESIAN_POINT('',(-89.79867260738,-142.6660578386,76.));
#666 = CARTESIAN_POINT('',(-82.99218620469,-134.3019161061,114.));
#667 = CARTESIAN_POINT('',(-51.70589255845,-162.0524638683,0.));
#668 = CARTESIAN_POINT('',(-48.30262858526,-153.2324712392,38.));
#669 = CARTESIAN_POINT('',(-44.89936461206,-144.4124786102,76.));
#670 = CARTESIAN_POINT('',(-41.49610063886,-135.5924859812,114.));
#671 = CARTESIAN_POINT('',(51.705892558456,-162.0524638683,0.));
#672 = CARTESIAN_POINT('',(48.30262858526,-153.2324712392,38.));
#673 = CARTESIAN_POINT('',(44.899364612065,-144.4124786102,76.));
#674 = CARTESIAN_POINT('',(41.496100638869,-135.5924859812,114.));
#675 = CARTESIAN_POINT('',(103.41164541276,-159.3943413036,0.));
#676 = CARTESIAN_POINT('',(96.605159010074,-151.0301995711,38.));
#677 = CARTESIAN_POINT('',(89.798672607384,-142.6660578386,76.));
#678 = CARTESIAN_POINT('',(82.992186204694,-134.3019161061,114.));
#679 = CARTESIAN_POINT('',(154.845,-154.0920858407,0.));
#680 = CARTESIAN_POINT('',(144.69936435675,-146.6358135881,38.));
#681 = CARTESIAN_POINT('',(134.55372871351,-139.1795413355,76.));
#682 = CARTESIAN_POINT('',(124.40809307027,-131.7232690829,114.));
#683 = DEFINITIONAL_REPRESENTATION('',(#684),#710);
#684 = B_SPLINE_CURVE_WITH_KNOTS('',3,(#685,#686,#687,#688,#689,#690,
    #691,#692,#693,#694,#695,#696,#697,#698,#699,#700,#701,#702,#703,
    #704,#705,#706,#707,#708,#709),.UNSPECIFIED.,.F.,.F.,(4,1,1,1,1,1,1,
    1,1,1,1,1,1,1,1,1,1,1,1,1,1,1,4),(2.809428079649E-02,
    7.099480072408E-02,0.113895320652,0.156795840579,0.199696360507,
    0.242596880434,0.285497400362,0.32839792029,0.371298440217,
    0.414198960145,0.457099480072,0.5,0.542900519928,0.585801039855,
    0.628701559783,0.67160207971,0.714502599638,0.757403119566,
    0.800303639493,0.843204159421,0.886104679348,0.929005199276,
    0.971905719203),.UNSPECIFIED.);
#685 = CARTESIAN_POINT('',(2.809428079648E-02,0.));
#686 = CARTESIAN_POINT('',(4.239445410568E-02,0.));
#687 = CARTESIAN_POINT('',(7.099480072408E-02,0.));
#688 = CARTESIAN_POINT('',(0.113895320652,0.));
#689 = CARTESIAN_POINT('',(0.156795840579,0.));
#690 = CARTESIAN_POINT('',(0.199696360507,0.));
#691 = CARTESIAN_POINT('',(0.242596880434,0.));
#692 = CARTESIAN_POINT('',(0.285497400362,0.));
#693 = CARTESIAN_POINT('',(0.32839792029,0.));
#694 = CARTESIAN_POINT('',(0.371298440217,0.));
#695 = CARTESIAN_POINT('',(0.414198960145,0.));
#696 = CARTESIAN_POINT('',(0.457099480072,0.));
#697 = CARTESIAN_POINT('',(0.5,0.));
#698 = CARTESIAN_POINT('',(0.542900519928,0.));
#699 = CARTESIAN_POINT('',(0.585801039855,0.));
#700 = CARTESIAN_POINT('',(0.628701559783,0.));
#701 = CARTESIAN_POINT('',(0.67160207971,0.));
#702 = CARTESIAN_POINT('',(0.714502599638,0.));
#703 = CARTESIAN_POINT('',(0.757403119566,0.));
#704 = CARTESIAN_POINT('',(0.800303639493,0.));
#705 = CARTESIAN_POINT('',(0.843204159421,0.));
#706 = CARTESIAN_POINT('',(0.886104679348,0.));
#707 = CARTESIAN_POINT('',(0.929005199276,0.));
#708 = CARTESIAN_POINT('',(0.957605545894,-0.));
#709 = CARTESIAN_POINT('',(0.971905719203,0.));
#710 = ( GEOMETRIC_REPRESENTATION_CONTEXT(2) 
PARAMETRIC_REPRESENTATION_CONTEXT() REPRESENTATION_CONTEXT('2D SPACE',''
  ) );
#711 = ORIENTED_EDGE('',*,*,#712,.F.);
#712 = EDGE_CURVE('',#713,#637,#715,.T.);
#713 = VERTEX_POINT('',#714);
#714 = CARTESIAN_POINT('',(154.99325942961,-145.4954330634,0.));
#715 = SURFACE_CURVE('',#716,(#775,#837),.PCURVE_S1.);
#716 = B_SPLINE_CURVE_WITH_KNOTS('',3,(#717,#718,#719,#720,#721,#722,
    #723,#724,#725,#726,#727,#728,#729,#730,#731,#732,#733,#734,#735,
    #736,#737,#738,#739,#740,#741,#742,#743,#744,#745,#746,#747,#748,
    #749,#750,#751,#752,#753,#754,#755,#756,#757,#758,#759,#760,#761,
    #762,#763,#764,#765,#766,#767,#768,#769,#770,#771,#772,#773,#774),
  .UNSPECIFIED.,.F.,.F.,(4,2,2,1,1,2,2,2,1,1,2,2,1,2,1,2,2,1,1,1,2,2,1,2
    ,2,1,1,1,2,1,2,2,2,2,2,4),(0.,8.815488299031E-04,1.763097659806E-03,
    2.203872074758E-03,2.644646489709E-03,3.085420904661E-03,
    3.195614508399E-03,3.305808112137E-03,3.526195319613E-03,
    3.966969734564E-03,4.407744149516E-03,5.289292979419E-03,
    5.730067394371E-03,6.170841809322E-03,6.391229016798E-03,
    6.501422620536E-03,6.556519422405E-03,6.611616224274E-03,
    7.052390639225E-03,7.493165054177E-03,7.933939469129E-03,
    8.815488299032E-03,9.256262713984E-03,9.697037128935E-03,
    9.752133930804E-03,9.807230732673E-03,9.917424336411E-03,
    1.013781154389E-02,1.057858595884E-02,1.146013478874E-02,
    1.234168361865E-02,1.27824580336E-02,1.289265163734E-02,
    1.300284524107E-02,1.322323244855E-02,1.410478127845E-02),
  .UNSPECIFIED.);
#717 = CARTESIAN_POINT('',(154.99325942961,-145.4954330634,0.));
#718 = CARTESIAN_POINT('',(154.9881217643,-145.7933346872,0.));
#719 = CARTESIAN_POINT('',(154.96973332374,-146.0887804559,0.));
#720 = CARTESIAN_POINT('',(154.90698442592,-146.6748584253,0.));
#721 = CARTESIAN_POINT('',(154.86262310081,-146.9654904651,0.));
#722 = CARTESIAN_POINT('',(154.77654621819,-147.3978179918,0.));
#723 = CARTESIAN_POINT('',(154.71264071064,-147.6848277772,0.));
#724 = CARTESIAN_POINT('',(154.59702327251,-148.1116803545,0.));
#725 = CARTESIAN_POINT('',(154.50656168135,-148.3937683229,0.));
#726 = CARTESIAN_POINT('',(154.445748105,-148.5692809735,0.));
#727 = CARTESIAN_POINT('',(154.43337152479,-148.6043438666,0.));
#728 = CARTESIAN_POINT('',(154.40818785941,-148.6743898644,0.));
#729 = CARTESIAN_POINT('',(154.39537307237,-148.7093931252,0.));
#730 = CARTESIAN_POINT('',(154.35637271828,-148.8140326754,0.));
#731 = CARTESIAN_POINT('',(154.27609127757,-149.0219967242,0.));
#732 = CARTESIAN_POINT('',(154.13099455369,-149.3620912589,0.));
#733 = CARTESIAN_POINT('',(154.00303245341,-149.6273142545,0.));
#734 = CARTESIAN_POINT('',(153.8022431754,-150.0200481436,0.));
#735 = CARTESIAN_POINT('',(153.65660598823,-150.2750798298,0.));
#736 = CARTESIAN_POINT('',(153.42044366688,-150.6474179138,0.));
#737 = CARTESIAN_POINT('',(153.25709143762,-150.8922352529,0.));
#738 = CARTESIAN_POINT('',(153.08180020893,-151.1301686633,0.));
#739 = CARTESIAN_POINT('',(152.94578308696,-151.305995978,0.));
#740 = CARTESIAN_POINT('',(152.87663689535,-151.3932536869,0.));
#741 = CARTESIAN_POINT('',(152.80576666214,-151.4795173276,0.));
#742 = CARTESIAN_POINT('',(152.77004251328,-151.5224824944,0.));
#743 = CARTESIAN_POINT('',(152.75808775774,-151.5367746119,0.));
#744 = CARTESIAN_POINT('',(152.73411394321,-151.5652650755,0.));
#745 = CARTESIAN_POINT('',(152.62590720158,-151.6930922875,0.));
#746 = CARTESIAN_POINT('',(152.41602084337,-151.9281115134,0.));
#747 = CARTESIAN_POINT('',(152.10619350647,-152.2440832525,0.));
#748 = CARTESIAN_POINT('',(151.89075672081,-152.444332073,0.));
#749 = CARTESIAN_POINT('',(151.56099197672,-152.7369696653,0.));
#750 = CARTESIAN_POINT('',(151.33234884381,-152.9217621709,0.));
#751 = CARTESIAN_POINT('',(150.97617035945,-153.1834859092,0.));
#752 = CARTESIAN_POINT('',(150.73430710577,-153.3528059797,0.));
#753 = CARTESIAN_POINT('',(150.4835398738,-153.5117050994,0.));
#754 = CARTESIAN_POINT('',(150.33994071767,-153.598110085,0.));
#755 = CARTESIAN_POINT('',(150.32394995634,-153.6076692139,0.));
#756 = CARTESIAN_POINT('',(150.29193885286,-153.626680293,0.));
#757 = CARTESIAN_POINT('',(150.24386245827,-153.6550454271,0.));
#758 = CARTESIAN_POINT('',(150.1312674291,-153.7201738999,0.));
#759 = CARTESIAN_POINT('',(149.90442089249,-153.8462304207,0.));
#760 = CARTESIAN_POINT('',(149.70717558523,-153.9471650093,0.));
#761 = CARTESIAN_POINT('',(149.309013963,-154.1397254063,0.));
#762 = CARTESIAN_POINT('',(148.76835669109,-154.3716853097,0.));
#763 = CARTESIAN_POINT('',(148.20853138162,-154.5550397443,0.));
#764 = CARTESIAN_POINT('',(147.78145269745,-154.674273524,0.));
#765 = CARTESIAN_POINT('',(147.63788983245,-154.7109668327,0.));
#766 = CARTESIAN_POINT('',(147.45691691795,-154.75298081,0.));
#767 = CARTESIAN_POINT('',(147.42064633362,-154.7611908843,0.));
#768 = CARTESIAN_POINT('',(147.34795264127,-154.7772242702,0.));
#769 = CARTESIAN_POINT('',(147.31153360799,-154.7850464711,0.));
#770 = CARTESIAN_POINT('',(147.20222501567,-154.8078950421,0.));
#771 = CARTESIAN_POINT('',(147.12922570676,-154.8223164803,0.));
#772 = CARTESIAN_POINT('',(146.76359839837,-154.8903932799,0.));
#773 = CARTESIAN_POINT('',(146.46908170258,-154.9319804399,0.));
#774 = CARTESIAN_POINT('',(146.17256965066,-154.9608178741,0.));
#775 = PCURVE('',#79,#776);
#776 = DEFINITIONAL_REPRESENTATION('',(#777),#836);
#777 = B_SPLINE_CURVE_WITH_KNOTS('',3,(#778,#779,#780,#781,#782,#783,
    #784,#785,#786,#787,#788,#789,#790,#791,#792,#793,#794,#795,#796,
    #797,#798,#799,#800,#801,#802,#803,#804,#805,#806,#807,#808,#809,
    #810,#811,#812,#813,#814,#815,#816,#817,#818,#819,#820,#821,#822,
    #823,#824,#825,#826,#827,#828,#829,#830,#831,#832,#833,#834,#835),
  .UNSPECIFIED.,.F.,.F.,(4,2,2,1,1,2,2,2,1,1,2,2,1,2,1,2,2,1,1,1,2,2,1,2
    ,2,1,1,1,2,1,2,2,2,2,2,4),(0.,8.815488299031E-04,1.763097659806E-03,
    2.203872074758E-03,2.644646489709E-03,3.085420904661E-03,
    3.195614508399E-03,3.305808112137E-03,3.526195319613E-03,
    3.966969734564E-03,4.407744149516E-03,5.289292979419E-03,
    5.730067394371E-03,6.170841809322E-03,6.391229016798E-03,
    6.501422620536E-03,6.556519422405E-03,6.611616224274E-03,
    7.052390639225E-03,7.493165054177E-03,7.933939469129E-03,
    8.815488299032E-03,9.256262713984E-03,9.697037128935E-03,
    9.752133930804E-03,9.807230732673E-03,9.917424336411E-03,
    1.013781154389E-02,1.057858595884E-02,1.146013478874E-02,
    1.234168361865E-02,1.27824580336E-02,1.289265163734E-02,
    1.300284524107E-02,1.322323244855E-02,1.410478127845E-02),
  .UNSPECIFIED.);
#778 = CARTESIAN_POINT('',(154.99325942961,-167.0134317557));
#779 = CARTESIAN_POINT('',(154.9881217643,-167.3113333795));
#780 = CARTESIAN_POINT('',(154.96973332374,-167.6067791482));
#781 = CARTESIAN_POINT('',(154.90698442592,-168.1928571176));
#782 = CARTESIAN_POINT('',(154.86262310081,-168.4834891574));
#783 = CARTESIAN_POINT('',(154.77654621819,-168.9158166841));
#784 = CARTESIAN_POINT('',(154.71264071064,-169.2028264695));
#785 = CARTESIAN_POINT('',(154.59702327251,-169.6296790468));
#786 = CARTESIAN_POINT('',(154.50656168135,-169.9117670152));
#787 = CARTESIAN_POINT('',(154.445748105,-170.0872796658));
#788 = CARTESIAN_POINT('',(154.43337152479,-170.1223425589));
#789 = CARTESIAN_POINT('',(154.40818785941,-170.1923885567));
#790 = CARTESIAN_POINT('',(154.39537307237,-170.2273918175));
#791 = CARTESIAN_POINT('',(154.35637271828,-170.3320313677));
#792 = CARTESIAN_POINT('',(154.27609127757,-170.5399954165));
#793 = CARTESIAN_POINT('',(154.13099455369,-170.8800899512));
#794 = CARTESIAN_POINT('',(154.00303245341,-171.1453129468));
#795 = CARTESIAN_POINT('',(153.8022431754,-171.5380468359));
#796 = CARTESIAN_POINT('',(153.65660598823,-171.7930785221));
#797 = CARTESIAN_POINT('',(153.42044366688,-172.1654166061));
#798 = CARTESIAN_POINT('',(153.25709143762,-172.4102339452));
#799 = CARTESIAN_POINT('',(153.08180020893,-172.6481673556));
#800 = CARTESIAN_POINT('',(152.94578308696,-172.8239946703));
#801 = CARTESIAN_POINT('',(152.87663689535,-172.9112523792));
#802 = CARTESIAN_POINT('',(152.80576666214,-172.9975160199));
#803 = CARTESIAN_POINT('',(152.77004251328,-173.0404811867));
#804 = CARTESIAN_POINT('',(152.75808775774,-173.0547733042));
#805 = CARTESIAN_POINT('',(152.73411394321,-173.0832637678));
#806 = CARTESIAN_POINT('',(152.62590720158,-173.2110909798));
#807 = CARTESIAN_POINT('',(152.41602084337,-173.4461102057));
#808 = CARTESIAN_POINT('',(152.10619350647,-173.7620819448));
#809 = CARTESIAN_POINT('',(151.89075672081,-173.9623307653));
#810 = CARTESIAN_POINT('',(151.56099197672,-174.2549683576));
#811 = CARTESIAN_POINT('',(151.33234884381,-174.4397608632));
#812 = CARTESIAN_POINT('',(150.97617035945,-174.7014846015));
#813 = CARTESIAN_POINT('',(150.73430710577,-174.870804672));
#814 = CARTESIAN_POINT('',(150.4835398738,-175.0297037917));
#815 = CARTESIAN_POINT('',(150.33994071767,-175.1161087773));
#816 = CARTESIAN_POINT('',(150.32394995634,-175.1256679062));
#817 = CARTESIAN_POINT('',(150.29193885286,-175.1446789853));
#818 = CARTESIAN_POINT('',(150.24386245827,-175.1730441194));
#819 = CARTESIAN_POINT('',(150.1312674291,-175.2381725922));
#820 = CARTESIAN_POINT('',(149.90442089249,-175.364229113));
#821 = CARTESIAN_POINT('',(149.70717558523,-175.4651637016));
#822 = CARTESIAN_POINT('',(149.309013963,-175.6577240986));
#823 = CARTESIAN_POINT('',(148.76835669109,-175.889684002));
#824 = CARTESIAN_POINT('',(148.20853138162,-176.0730384366));
#825 = CARTESIAN_POINT('',(147.78145269745,-176.1922722163));
#826 = CARTESIAN_POINT('',(147.63788983245,-176.228965525));
#827 = CARTESIAN_POINT('',(147.45691691795,-176.2709795023));
#828 = CARTESIAN_POINT('',(147.42064633362,-176.2791895766));
#829 = CARTESIAN_POINT('',(147.34795264127,-176.2952229625));
#830 = CARTESIAN_POINT('',(147.31153360799,-176.3030451634));
#831 = CARTESIAN_POINT('',(147.20222501567,-176.3258937344));
#832 = CARTESIAN_POINT('',(147.12922570676,-176.3403151726));
#833 = CARTESIAN_POINT('',(146.76359839837,-176.4083919722));
#834 = CARTESIAN_POINT('',(146.46908170258,-176.4499791322));
#835 = CARTESIAN_POINT('',(146.17256965066,-176.4788165664));
#836 = ( GEOMETRIC_REPRESENTATION_CONTEXT(2) 
PARAMETRIC_REPRESENTATION_CONTEXT() REPRESENTATION_CONTEXT('2D SPACE',''
  ) );
#837 = PCURVE('',#838,#869);
#838 = ( BOUNDED_SURFACE() B_SPLINE_SURFACE(3,2,(
    (#839,#840,#841)
    ,(#842,#843,#844)
    ,(#845,#846,#847)
    ,(#848,#849,#850)
    ,(#851,#852,#853)
    ,(#854,#855,#856)
    ,(#857,#858,#859)
    ,(#860,#861,#862)
    ,(#863,#864,#865)
    ,(#866,#867,#868
)),.UNSPECIFIED.,.F.,.F.,.F.) B_SPLINE_SURFACE_WITH_KNOTS((4,2,2,2,4),(3
    ,3),(0.120982898766,0.151646610564,0.182310322362,0.212974034161,
0.243637745959),(0.,1.),.UNSPECIFIED.) GEOMETRIC_REPRESENTATION_ITEM() 
RATIONAL_B_SPLINE_SURFACE((
    (1.,0.76292004109,1.)
    ,(1.,0.762803543308,1.)
    ,(1.,0.762673174139,1.)
    ,(1.,0.762378082114,1.)
    ,(1.,0.762213398385,1.)
    ,(1.,0.761841553195,1.)
    ,(1.,0.761634412952,1.)
    ,(1.,0.761167214325,1.)
    ,(1.,0.760907130345,1.)
,(1.,0.760613969687,1.))) REPRESENTATION_ITEM('') SURFACE() );
#839 = CARTESIAN_POINT('',(155.32623193192,-145.7423858958,
    -1.257094945021));
#840 = CARTESIAN_POINT('',(154.78025847778,-154.0627579123,
    0.253122612436));
#841 = CARTESIAN_POINT('',(146.61803273366,-155.2913518104,
    -1.664183443573));
#842 = CARTESIAN_POINT('',(152.75518177976,-143.835576091,8.44944770911)
  );
#843 = CARTESIAN_POINT('',(152.18938615565,-152.1582472679,
    9.957222951066));
#844 = CARTESIAN_POINT('',(144.02227039078,-153.3653414813,
    8.033293117212));
#845 = CARTESIAN_POINT('',(150.18488233564,-141.9284314427,
    18.156091929625));
#846 = CARTESIAN_POINT('',(149.5988067503,-150.2538895878,
    19.660247414026));
#847 = CARTESIAN_POINT('',(141.42612865094,-151.4382284578,
    17.730506185581));
#848 = CARTESIAN_POINT('',(145.04598795238,-138.113308239,
    37.569591732891));
#849 = CARTESIAN_POINT('',(144.41786821971,-146.4451727407,
    39.065533546692));
#850 = CARTESIAN_POINT('',(136.23294567515,-147.5814209077,
    37.124317539666));
#851 = CARTESIAN_POINT('',(142.47739260348,-136.205330099,
    47.276447625477));
#852 = CARTESIAN_POINT('',(141.82727315144,-144.5406402271,
    48.768678833811));
#853 = CARTESIAN_POINT('',(133.63590462016,-145.6517271729,
    46.820916129647));
#854 = CARTESIAN_POINT('',(137.34214936344,-132.3883283835,
    66.690380286246));
#855 = CARTESIAN_POINT('',(136.64635827242,-140.7315615651,
    68.174029507669));
#856 = CARTESIAN_POINT('',(128.44075137566,-141.7892921082,
    66.213393594664));
#857 = CARTESIAN_POINT('',(134.77550116539,-130.47930558,76.397456524741
    ));
#858 = CARTESIAN_POINT('',(134.05574602334,-138.8268005548,
    77.877330077651));
#859 = CARTESIAN_POINT('',(125.84263961563,-139.856552036,
    75.909272090403));
#860 = CARTESIAN_POINT('',(129.64444841253,-126.6599392901,
    95.811835307451));
#861 = CARTESIAN_POINT('',(128.87486848609,-135.0172448823,
    97.282765568238));
#862 = CARTESIAN_POINT('',(120.64513532005,-135.9874385597,
    95.300178991325));
#863 = CARTESIAN_POINT('',(127.08004341801,-124.7495968906,
    105.51913716249));
#864 = CARTESIAN_POINT('',(126.28423839785,-133.11218218,106.98626663909
    ));
#865 = CARTESIAN_POINT('',(118.04574323612,-134.0510668579,
    104.99520721645));
#866 = CARTESIAN_POINT('',(124.5169427099,-122.8384126708,
    115.22655336213));
#867 = CARTESIAN_POINT('',(123.69482714828,-131.2078202917,
    116.68530161139));
#868 = CARTESIAN_POINT('',(115.44558219699,-132.1125053211,
    114.68972973652));
#869 = DEFINITIONAL_REPRESENTATION('',(#870),#1028);
#870 = B_SPLINE_CURVE_WITH_KNOTS('',3,(#871,#872,#873,#874,#875,#876,
    #877,#878,#879,#880,#881,#882,#883,#884,#885,#886,#887,#888,#889,
    #890,#891,#892,#893,#894,#895,#896,#897,#898,#899,#900,#901,#902,
    #903,#904,#905,#906,#907,#908,#909,#910,#911,#912,#913,#914,#915,
    #916,#917,#918,#919,#920,#921,#922,#923,#924,#925,#926,#927,#928,
    #929,#930,#931,#932,#933,#934,#935,#936,#937,#938,#939,#940,#941,
    #942,#943,#944,#945,#946,#947,#948,#949,#950,#951,#952,#953,#954,
    #955,#956,#957,#958,#959,#960,#961,#962,#963,#964,#965,#966,#967,
    #968,#969,#970,#971,#972,#973,#974,#975,#976,#977,#978,#979,#980,
    #981,#982,#983,#984,#985,#986,#987,#988,#989,#990,#991,#992,#993,
    #994,#995,#996,#997,#998,#999,#1000,#1001,#1002,#1003,#1004,#1005,
    #1006,#1007,#1008,#1009,#1010,#1011,#1012,#1013,#1014,#1015,#1016,
    #1017,#1018,#1019,#1020,#1021,#1022,#1023,#1024,#1025,#1026,#1027),
  .UNSPECIFIED.,.F.,.F.,(4,1,1,1,1,1,1,1,1,1,1,1,1,1,1,1,1,1,1,1,1,1,1,1
    ,1,1,1,1,1,1,1,1,1,1,1,1,1,1,1,1,1,1,1,1,1,1,1,1,1,1,1,1,1,1,1,1,1,1
    ,1,1,1,1,1,1,1,1,1,1,1,1,1,1,1,1,1,1,1,1,1,1,1,1,1,1,1,1,1,1,1,1,1,1
    ,1,1,1,1,1,1,1,1,1,1,1,1,1,1,1,1,1,1,1,1,1,1,1,1,1,1,1,1,1,1,1,1,1,1
    ,1,1,1,1,1,1,1,1,1,1,1,1,1,1,1,1,1,1,1,1,1,1,1,1,1,1,1,1,4),(0.,
    9.158948881901E-05,1.83178977638E-04,2.74768466457E-04,
    3.66357955276E-04,4.57947444095E-04,5.495369329141E-04,
    6.411264217331E-04,7.327159105521E-04,8.243053993711E-04,
    9.158948881901E-04,1.007484377009E-03,1.099073865828E-03,
    1.190663354647E-03,1.282252843466E-03,1.373842332285E-03,
    1.465431821104E-03,1.557021309923E-03,1.648610798742E-03,
    1.740200287561E-03,1.83178977638E-03,1.923379265199E-03,
    2.014968754018E-03,2.106558242837E-03,2.198147731656E-03,
    2.289737220475E-03,2.381326709294E-03,2.472916198113E-03,
    2.564505686932E-03,2.656095175751E-03,2.74768466457E-03,
    2.839274153389E-03,2.930863642208E-03,3.022453131027E-03,
    3.114042619846E-03,3.205632108665E-03,3.297221597484E-03,
    3.388811086303E-03,3.480400575122E-03,3.571990063941E-03,
    3.66357955276E-03,3.755169041579E-03,3.846758530398E-03,
    3.938348019217E-03,4.029937508036E-03,4.121526996855E-03,
    4.213116485674E-03,4.304705974493E-03,4.396295463312E-03,
    4.487884952131E-03,4.57947444095E-03,4.671063929769E-03,
    4.762653418588E-03,4.854242907407E-03,4.945832396226E-03,
    5.037421885045E-03,5.129011373864E-03,5.220600862683E-03,
    5.312190351502E-03,5.403779840321E-03,5.495369329141E-03,
    5.58695881796E-03,5.678548306779E-03,5.770137795598E-03,
    5.861727284417E-03,5.953316773236E-03,6.044906262055E-03,
    6.136495750874E-03,6.228085239693E-03,6.319674728512E-03,
    6.411264217331E-03,6.50285370615E-03,6.594443194969E-03,
    6.686032683788E-03,6.777622172607E-03,6.869211661426E-03,
    6.960801150245E-03,7.052390639064E-03,7.143980127883E-03,
    7.235569616702E-03,7.327159105521E-03,7.41874859434E-03,
    7.510338083159E-03,7.601927571978E-03,7.693517060797E-03,
    7.785106549616E-03,7.876696038435E-03,7.968285527254E-03,
    8.059875016073E-03,8.151464504892E-03,8.243053993711E-03,
    8.33464348253E-03,8.426232971349E-03,8.517822460168E-03,
    8.609411948987E-03,8.701001437806E-03,8.792590926625E-03,
    8.884180415444E-03,8.975769904263E-03,9.067359393082E-03,
    9.158948881901E-03,9.25053837072E-03,9.342127859539E-03,
    9.433717348358E-03,9.525306837177E-03,9.616896325996E-03,
    9.708485814815E-03,9.800075303634E-03,9.891664792453E-03,
    9.983254281272E-03,1.007484377009E-02,1.016643325891E-02,
    1.025802274773E-02,1.034961223655E-02,1.044120172537E-02,
    1.053279121419E-02,1.0624380703E-02,1.071597019182E-02,
    1.080755968064E-02,1.089914916946E-02,1.099073865828E-02,
    1.10823281471E-02,1.117391763592E-02,1.126550712474E-02,
    1.135709661356E-02,1.144868610238E-02,1.15402755912E-02,
    1.163186508001E-02,1.172345456883E-02,1.181504405765E-02,
    1.190663354647E-02,1.199822303529E-02,1.208981252411E-02,
    1.218140201293E-02,1.227299150175E-02,1.236458099057E-02,
    1.245617047939E-02,1.25477599682E-02,1.263934945702E-02,
    1.273093894584E-02,1.282252843466E-02,1.291411792348E-02,
    1.30057074123E-02,1.309729690112E-02,1.318888638994E-02,
    1.328047587876E-02,1.337206536758E-02,1.346365485639E-02,
    1.355524434521E-02,1.364683383403E-02,1.373842332285E-02,
    1.383001281167E-02,1.392160230049E-02,1.401319178931E-02,
    1.410478127813E-02),.UNSPECIFIED.);
#871 = CARTESIAN_POINT('',(0.122306651243,0.));
#872 = CARTESIAN_POINT('',(0.122300941281,2.353969050182E-03));
#873 = CARTESIAN_POINT('',(0.122289603297,7.051423166484E-03));
#874 = CARTESIAN_POINT('',(0.122272841632,1.406721813656E-02));
#875 = CARTESIAN_POINT('',(0.122256324767,2.105369865867E-02));
#876 = CARTESIAN_POINT('',(0.122240052191,2.801191545916E-02));
#877 = CARTESIAN_POINT('',(0.122224023394,3.494290467447E-02));
#878 = CARTESIAN_POINT('',(0.122208237864,4.184768640772E-02));
#879 = CARTESIAN_POINT('',(0.122192695093,4.872726537464E-02));
#880 = CARTESIAN_POINT('',(0.122177394566,5.558263103769E-02));
#881 = CARTESIAN_POINT('',(0.122162335786,6.241475765829E-02));
#882 = CARTESIAN_POINT('',(0.122147518191,6.922460514926E-02));
#883 = CARTESIAN_POINT('',(0.122132941496,7.601311647901E-02));
#884 = CARTESIAN_POINT('',(0.122118605833,8.278122113614E-02));
#885 = CARTESIAN_POINT('',(0.122104511254,8.952984044221E-02));
#886 = CARTESIAN_POINT('',(0.122090657833,9.625988657748E-02));
#887 = CARTESIAN_POINT('',(0.12207704564,0.102972262957));
#888 = CARTESIAN_POINT('',(0.122063674745,0.109667864237));
#889 = CARTESIAN_POINT('',(0.122050545216,0.116347576427));
#890 = CARTESIAN_POINT('',(0.122037657124,0.123012276941));
#891 = CARTESIAN_POINT('',(0.122025010535,0.129662834742));
#892 = CARTESIAN_POINT('',(0.122012605536,0.136300110178));
#893 = CARTESIAN_POINT('',(0.122000442897,0.142924967397));
#894 = CARTESIAN_POINT('',(0.121988523066,0.14953826252));
#895 = CARTESIAN_POINT('',(0.121976846563,0.156140847911));
#896 = CARTESIAN_POINT('',(0.121965413891,0.162733571413));
#897 = CARTESIAN_POINT('',(0.121954225543,0.169317275968));
#898 = CARTESIAN_POINT('',(0.121943282318,0.175892808535));
#899 = CARTESIAN_POINT('',(0.121932585029,0.182461014828));
#900 = CARTESIAN_POINT('',(0.121922134488,0.189022738777));
#901 = CARTESIAN_POINT('',(0.121911931499,0.19557882186));
#902 = CARTESIAN_POINT('',(0.121901976903,0.202130106196));
#903 = CARTESIAN_POINT('',(0.12189227187,0.20867744));
#904 = CARTESIAN_POINT('',(0.121882817518,0.215221689839));
#905 = CARTESIAN_POINT('',(0.12187361507,0.221763655465));
#906 = CARTESIAN_POINT('',(0.121864665381,0.228304390637));
#907 = CARTESIAN_POINT('',(0.121855970716,0.23484400669));
#908 = CARTESIAN_POINT('',(0.121847528847,0.241386374131));
#909 = CARTESIAN_POINT('',(0.121839372548,0.247907192425));
#910 = CARTESIAN_POINT('',(0.121831498673,0.254408794873));
#911 = CARTESIAN_POINT('',(0.121823906565,0.260891765351));
#912 = CARTESIAN_POINT('',(0.121816595127,0.267357110919));
#913 = CARTESIAN_POINT('',(0.121809563641,0.273805704573));
#914 = CARTESIAN_POINT('',(0.121802811297,0.280238442223));
#915 = CARTESIAN_POINT('',(0.121796337322,0.286656200832));
#916 = CARTESIAN_POINT('',(0.121790140887,0.293059850532));
#917 = CARTESIAN_POINT('',(0.121784221457,0.299450246658));
#918 = CARTESIAN_POINT('',(0.121778578623,0.305828235641));
#919 = CARTESIAN_POINT('',(0.121773211927,0.312194657554));
#920 = CARTESIAN_POINT('',(0.121768120986,0.318550344991));
#921 = CARTESIAN_POINT('',(0.121763305176,0.324896125465));
#922 = CARTESIAN_POINT('',(0.121758764166,0.331232816677));
#923 = CARTESIAN_POINT('',(0.12175449812,0.337561229568));
#924 = CARTESIAN_POINT('',(0.121750507075,0.343882173186));
#925 = CARTESIAN_POINT('',(0.121746791102,0.350196453439));
#926 = CARTESIAN_POINT('',(0.121743350264,0.356504873438));
#927 = CARTESIAN_POINT('',(0.121740184626,0.362808233452));
#928 = CARTESIAN_POINT('',(0.121737294244,0.369107330791));
#929 = CARTESIAN_POINT('',(0.121734679214,0.375402960395));
#930 = CARTESIAN_POINT('',(0.121732339482,0.381695912638));
#931 = CARTESIAN_POINT('',(0.121730275635,0.387986982494));
#932 = CARTESIAN_POINT('',(0.121728488361,0.394276968043));
#933 = CARTESIAN_POINT('',(0.121726978196,0.400566666616));
#934 = CARTESIAN_POINT('',(0.121725745727,0.40685687721));
#935 = CARTESIAN_POINT('',(0.121724791488,0.413148398912));
#936 = CARTESIAN_POINT('',(0.121724116201,0.41944203534));
#937 = CARTESIAN_POINT('',(0.121723720829,0.425738599196));
#938 = CARTESIAN_POINT('',(0.121723606283,0.43203890248));
#939 = CARTESIAN_POINT('',(0.121723773502,0.4383437739));
#940 = CARTESIAN_POINT('',(0.121724223371,0.444653997703));
#941 = CARTESIAN_POINT('',(0.121724957161,0.450970546976));
#942 = CARTESIAN_POINT('',(0.121725975973,0.457293749318));
#943 = CARTESIAN_POINT('',(0.121727281443,0.463626366352));
#944 = CARTESIAN_POINT('',(0.121728873534,0.469962112149));
#945 = CARTESIAN_POINT('',(0.121730746465,0.476282353923));
#946 = CARTESIAN_POINT('',(0.121732899964,0.482592800973));
#947 = CARTESIAN_POINT('',(0.121735332615,0.488893009276));
#948 = CARTESIAN_POINT('',(0.121738043313,0.495184174508));
#949 = CARTESIAN_POINT('',(0.121741030869,0.501467044013));
#950 = CARTESIAN_POINT('',(0.121744294114,0.507742476061));
#951 = CARTESIAN_POINT('',(0.121747832245,0.514011281497));
#952 = CARTESIAN_POINT('',(0.121751644458,0.520274275589));
#953 = CARTESIAN_POINT('',(0.121755729954,0.526532266889));
#954 = CARTESIAN_POINT('',(0.121760087916,0.532786060616));
#955 = CARTESIAN_POINT('',(0.121764717593,0.539036456206));
#956 = CARTESIAN_POINT('',(0.121769618551,0.545284244923));
#957 = CARTESIAN_POINT('',(0.121774790325,0.55153021712));
#958 = CARTESIAN_POINT('',(0.121780232445,0.557775161293));
#959 = CARTESIAN_POINT('',(0.121785944486,0.564019864127));
#960 = CARTESIAN_POINT('',(0.12179192571,0.570265112336));
#961 = CARTESIAN_POINT('',(0.121798176197,0.576511685356));
#962 = CARTESIAN_POINT('',(0.121804695961,0.58276036568));
#963 = CARTESIAN_POINT('',(0.121811485035,0.589011937624));
#964 = CARTESIAN_POINT('',(0.121818543448,0.595267187658));
#965 = CARTESIAN_POINT('',(0.121825871226,0.601526904321));
#966 = CARTESIAN_POINT('',(0.1218334684,0.607791878262));
#967 = CARTESIAN_POINT('',(0.121841334999,0.61406290221));
#968 = CARTESIAN_POINT('',(0.121849471046,0.620340771069));
#969 = CARTESIAN_POINT('',(0.12185787659,0.626626281609));
#970 = CARTESIAN_POINT('',(0.12186655245,0.632920243575));
#971 = CARTESIAN_POINT('',(0.121875499085,0.639223469516));
#972 = CARTESIAN_POINT('',(0.121884717035,0.645536779789));
#973 = CARTESIAN_POINT('',(0.121894206812,0.651860996263));
#974 = CARTESIAN_POINT('',(0.121903968951,0.658196963267));
#975 = CARTESIAN_POINT('',(0.121914004218,0.664545476348));
#976 = CARTESIAN_POINT('',(0.121924313796,0.670907574631));
#977 = CARTESIAN_POINT('',(0.12193489738,0.677283432177));
#978 = CARTESIAN_POINT('',(0.121945760207,0.683676493309));
#979 = CARTESIAN_POINT('',(0.121956886683,0.690077948363));
#980 = CARTESIAN_POINT('',(0.12196824774,0.696472438001));
#981 = CARTESIAN_POINT('',(0.121979849403,0.702865084135));
#982 = CARTESIAN_POINT('',(0.121991688503,0.709255578035));
#983 = CARTESIAN_POINT('',(0.122003764352,0.715645060591));
#984 = CARTESIAN_POINT('',(0.122016075694,0.722034275845));
#985 = CARTESIAN_POINT('',(0.122028621683,0.72842406083));
#986 = CARTESIAN_POINT('',(0.12204140139,0.734815225167));
#987 = CARTESIAN_POINT('',(0.12205441391,0.741208584199));
#988 = CARTESIAN_POINT('',(0.122067658324,0.747604950561));
#989 = CARTESIAN_POINT('',(0.122081133543,0.754005140249));
#990 = CARTESIAN_POINT('',(0.122094839181,0.76040994883));
#991 = CARTESIAN_POINT('',(0.122108774747,0.76682017807));
#992 = CARTESIAN_POINT('',(0.122122939775,0.773236631383));
#993 = CARTESIAN_POINT('',(0.122137333795,0.779660115038));
#994 = CARTESIAN_POINT('',(0.122151956338,0.786091437838));
#995 = CARTESIAN_POINT('',(0.122166806934,0.792531411199));
#996 = CARTESIAN_POINT('',(0.122181885111,0.798980849133));
#997 = CARTESIAN_POINT('',(0.122197190408,0.805440568242));
#998 = CARTESIAN_POINT('',(0.122212722322,0.811911387784));
#999 = CARTESIAN_POINT('',(0.122228480872,0.818394127097));
#1000 = CARTESIAN_POINT('',(0.122244466142,0.824889612917));
#1001 = CARTESIAN_POINT('',(0.122260678199,0.831398679747));
#1002 = CARTESIAN_POINT('',(0.122277117115,0.837922169839));
#1003 = CARTESIAN_POINT('',(0.122293782961,0.844460933272));
#1004 = CARTESIAN_POINT('',(0.122310675809,0.851015828044));
#1005 = CARTESIAN_POINT('',(0.122327795722,0.857587720031));
#1006 = CARTESIAN_POINT('',(0.122345142797,0.864177483486));
#1007 = CARTESIAN_POINT('',(0.122362717011,0.870785999521));
#1008 = CARTESIAN_POINT('',(0.122380518851,0.877414163105));
#1009 = CARTESIAN_POINT('',(0.122398548907,0.884062891745));
#1010 = CARTESIAN_POINT('',(0.122416807563,0.890733083067));
#1011 = CARTESIAN_POINT('',(0.122435295565,0.897425761346));
#1012 = CARTESIAN_POINT('',(0.122454012413,0.904141539188));
#1013 = CARTESIAN_POINT('',(0.122472962297,0.910882627185));
#1014 = CARTESIAN_POINT('',(0.122492131694,0.917644967511));
#1015 = CARTESIAN_POINT('',(0.122511485591,0.924417213537));
#1016 = CARTESIAN_POINT('',(0.122531032619,0.931203482407));
#1017 = CARTESIAN_POINT('',(0.12255076983,0.938003793991));
#1018 = CARTESIAN_POINT('',(0.122570697193,0.944819276263));
#1019 = CARTESIAN_POINT('',(0.122590814433,0.951650754777));
#1020 = CARTESIAN_POINT('',(0.12261112138,0.958499146241));
#1021 = CARTESIAN_POINT('',(0.122631617837,0.965365354306));
#1022 = CARTESIAN_POINT('',(0.122652303615,0.972250297616));
#1023 = CARTESIAN_POINT('',(0.122673178522,0.979154902334));
#1024 = CARTESIAN_POINT('',(0.122694242367,0.986080104484));
#1025 = CARTESIAN_POINT('',(0.122715494958,0.993026848597));
#1026 = CARTESIAN_POINT('',(0.122729789057,0.997673010437));
#1027 = CARTESIAN_POINT('',(0.1227369675,1.));
#1028 = ( GEOMETRIC_REPRESENTATION_CONTEXT(2) 
PARAMETRIC_REPRESENTATION_CONTEXT() REPRESENTATION_CONTEXT('2D SPACE',''
  ) );
#1029 = ORIENTED_EDGE('',*,*,#1030,.T.);
#1030 = EDGE_CURVE('',#713,#1031,#1033,.T.);
#1031 = VERTEX_POINT('',#1032);
#1032 = CARTESIAN_POINT('',(157.5025,1.6961740654E-14,0.));
#1033 = SURFACE_CURVE('',#1034,(#1039,#1047),.PCURVE_S1.);
#1034 = B_SPLINE_CURVE_WITH_KNOTS('',3,(#1035,#1036,#1037,#1038),
  .UNSPECIFIED.,.F.,.F.,(4,4),(5.578906100439E-02,1.),
  .PIECEWISE_BEZIER_KNOTS.);
#1035 = CARTESIAN_POINT('',(154.99325942961,-145.4954330634,0.));
#1036 = CARTESIAN_POINT('',(155.82967295308,-96.99695537565,0.));
#1037 = CARTESIAN_POINT('',(156.66608647654,-48.49847768782,0.));
#1038 = CARTESIAN_POINT('',(157.5025,4.163336342344E-14,0.));
#1039 = PCURVE('',#79,#1040);
#1040 = DEFINITIONAL_REPRESENTATION('',(#1041),#1046);
#1041 = B_SPLINE_CURVE_WITH_KNOTS('',3,(#1042,#1043,#1044,#1045),
  .UNSPECIFIED.,.F.,.F.,(4,4),(5.578906100439E-02,1.),
  .PIECEWISE_BEZIER_KNOTS.);
#1042 = CARTESIAN_POINT('',(154.99325942961,-167.0134317557));
#1043 = CARTESIAN_POINT('',(155.82967295308,-118.514954068));
#1044 = CARTESIAN_POINT('',(156.66608647654,-70.01647638018));
#1045 = CARTESIAN_POINT('',(157.5025,-21.51799869236));
#1046 = ( GEOMETRIC_REPRESENTATION_CONTEXT(2) 
PARAMETRIC_REPRESENTATION_CONTEXT() REPRESENTATION_CONTEXT('2D SPACE',''
  ) );
#1047 = PCURVE('',#1048,#1065);
#1048 = B_SPLINE_SURFACE_WITH_KNOTS('',3,3,(
    (#1049,#1050,#1051,#1052)
    ,(#1053,#1054,#1055,#1056)
    ,(#1057,#1058,#1059,#1060)
    ,(#1061,#1062,#1063,#1064
    )),.UNSPECIFIED.,.F.,.F.,.F.,(4,4),(4,4),(0.,1.),(0.,1.),
  .PIECEWISE_BEZIER_KNOTS.);
#1049 = CARTESIAN_POINT('',(154.845,-154.0920858407,0.));
#1050 = CARTESIAN_POINT('',(144.69936435675,-146.6358135881,38.));
#1051 = CARTESIAN_POINT('',(134.55372871351,-139.1795413355,76.));
#1052 = CARTESIAN_POINT('',(124.40809307027,-131.7232690829,114.));
#1053 = CARTESIAN_POINT('',(155.73083333333,-102.7280572271,0.));
#1054 = CARTESIAN_POINT('',(146.02259515095,-97.7579514162,38.));
#1055 = CARTESIAN_POINT('',(136.31435696858,-92.78784560524,76.));
#1056 = CARTESIAN_POINT('',(126.6061187862,-87.81773979428,114.));
#1057 = CARTESIAN_POINT('',(156.61666666666,-51.36402861358,0.));
#1058 = CARTESIAN_POINT('',(147.34582594515,-48.88008924427,38.));
#1059 = CARTESIAN_POINT('',(138.07498522365,-46.39614987496,76.));
#1060 = CARTESIAN_POINT('',(128.80414450214,-43.91221050565,114.));
#1061 = CARTESIAN_POINT('',(157.5025,4.163336342344E-14,0.));
#1062 = CARTESIAN_POINT('',(148.66905673935,-2.22707234498E-03,38.));
#1063 = CARTESIAN_POINT('',(139.83561347871,-4.454144690002E-03,76.));
#1064 = CARTESIAN_POINT('',(131.00217021807,-6.681217035023E-03,114.));
#1065 = DEFINITIONAL_REPRESENTATION('',(#1066),#1092);
#1066 = B_SPLINE_CURVE_WITH_KNOTS('',3,(#1067,#1068,#1069,#1070,#1071,
    #1072,#1073,#1074,#1075,#1076,#1077,#1078,#1079,#1080,#1081,#1082,
    #1083,#1084,#1085,#1086,#1087,#1088,#1089,#1090,#1091),
  .UNSPECIFIED.,.F.,.F.,(4,1,1,1,1,1,1,1,1,1,1,1,1,1,1,1,1,1,1,1,1,1,4),
  (5.578906100439E-02,9.870774004965E-02,0.141626419095,0.18454509814,
    0.227463777185,0.270382456231,0.313301135276,0.356219814321,
    0.399138493366,0.442057172412,0.484975851457,0.527894530502,
    0.570813209547,0.613731888593,0.656650567638,0.699569246683,
    0.742487925728,0.785406604774,0.828325283819,0.871243962864,
    0.914162641909,0.957081320955,1.),.UNSPECIFIED.);
#1067 = CARTESIAN_POINT('',(5.578906100439E-02,0.));
#1068 = CARTESIAN_POINT('',(7.009528735281E-02,0.));
#1069 = CARTESIAN_POINT('',(9.870774004965E-02,0.));
#1070 = CARTESIAN_POINT('',(0.141626419095,0.));
#1071 = CARTESIAN_POINT('',(0.18454509814,0.));
#1072 = CARTESIAN_POINT('',(0.227463777185,0.));
#1073 = CARTESIAN_POINT('',(0.270382456231,0.));
#1074 = CARTESIAN_POINT('',(0.313301135276,0.));
#1075 = CARTESIAN_POINT('',(0.356219814321,0.));
#1076 = CARTESIAN_POINT('',(0.399138493366,0.));
#1077 = CARTESIAN_POINT('',(0.442057172412,0.));
#1078 = CARTESIAN_POINT('',(0.484975851457,0.));
#1079 = CARTESIAN_POINT('',(0.527894530502,0.));
#1080 = CARTESIAN_POINT('',(0.570813209547,0.));
#1081 = CARTESIAN_POINT('',(0.613731888593,0.));
#1082 = CARTESIAN_POINT('',(0.656650567638,0.));
#1083 = CARTESIAN_POINT('',(0.699569246683,0.));
#1084 = CARTESIAN_POINT('',(0.742487925728,0.));
#1085 = CARTESIAN_POINT('',(0.785406604774,0.));
#1086 = CARTESIAN_POINT('',(0.828325283819,0.));
#1087 = CARTESIAN_POINT('',(0.871243962864,0.));
#1088 = CARTESIAN_POINT('',(0.914162641909,0.));
#1089 = CARTESIAN_POINT('',(0.957081320955,0.));
#1090 = CARTESIAN_POINT('',(0.985693773652,-0.));
#1091 = CARTESIAN_POINT('',(1.,0.));
#1092 = ( GEOMETRIC_REPRESENTATION_CONTEXT(2) 
PARAMETRIC_REPRESENTATION_CONTEXT() REPRESENTATION_CONTEXT('2D SPACE',''
  ) );
#1093 = ORIENTED_EDGE('',*,*,#1094,.T.);
#1094 = EDGE_CURVE('',#1031,#1095,#1097,.T.);
#1095 = VERTEX_POINT('',#1096);
#1096 = CARTESIAN_POINT('',(152.49208535528,185.31187428958,0.));
#1097 = SURFACE_CURVE('',#1098,(#1103,#1111),.PCURVE_S1.);
#1098 = B_SPLINE_CURVE_WITH_KNOTS('',3,(#1099,#1100,#1101,#1102),
  .UNSPECIFIED.,.F.,.F.,(4,4),(0.,0.957465057274),
  .PIECEWISE_BEZIER_KNOTS.);
#1099 = CARTESIAN_POINT('',(157.5025,0.,0.));
#1100 = CARTESIAN_POINT('',(155.83236178509,61.770624763195,0.));
#1101 = CARTESIAN_POINT('',(154.16222357019,123.54124952638,0.));
#1102 = CARTESIAN_POINT('',(152.49208535528,185.31187428958,0.));
#1103 = PCURVE('',#79,#1104);
#1104 = DEFINITIONAL_REPRESENTATION('',(#1105),#1110);
#1105 = B_SPLINE_CURVE_WITH_KNOTS('',3,(#1106,#1107,#1108,#1109),
  .UNSPECIFIED.,.F.,.F.,(4,4),(0.,0.957465057274),
  .PIECEWISE_BEZIER_KNOTS.);
#1106 = CARTESIAN_POINT('',(157.5025,-21.51799869236));
#1107 = CARTESIAN_POINT('',(155.83236178509,40.252626070834));
#1108 = CARTESIAN_POINT('',(154.16222357019,102.02325083401));
#1109 = CARTESIAN_POINT('',(152.49208535528,163.79387559721));
#1110 = ( GEOMETRIC_REPRESENTATION_CONTEXT(2) 
PARAMETRIC_REPRESENTATION_CONTEXT() REPRESENTATION_CONTEXT('2D SPACE',''
  ) );
#1111 = PCURVE('',#1112,#1129);
#1112 = B_SPLINE_SURFACE_WITH_KNOTS('',3,3,(
    (#1113,#1114,#1115,#1116)
    ,(#1117,#1118,#1119,#1120)
    ,(#1121,#1122,#1123,#1124)
    ,(#1125,#1126,#1127,#1128
    )),.UNSPECIFIED.,.F.,.F.,.F.,(4,4),(4,4),(0.,1.),(0.,1.),
  .PIECEWISE_BEZIER_KNOTS.);
#1113 = CARTESIAN_POINT('',(157.5025,0.,0.));
#1114 = CARTESIAN_POINT('',(148.66905673935,-2.227072345017E-03,38.));
#1115 = CARTESIAN_POINT('',(139.83561347871,-4.454144690034E-03,76.));
#1116 = CARTESIAN_POINT('',(131.00217021807,-6.681217035051E-03,114.));
#1117 = CARTESIAN_POINT('',(155.75816666666,64.51475622419,0.));
#1118 = CARTESIAN_POINT('',(146.7748283809,59.868821958519,38.));
#1119 = CARTESIAN_POINT('',(137.79149009514,55.222887692848,76.));
#1120 = CARTESIAN_POINT('',(128.80815180938,50.576953427177,114.));
#1121 = CARTESIAN_POINT('',(154.01383333333,129.02951244838,0.));
#1122 = CARTESIAN_POINT('',(144.88060002245,119.73987098938,38.));
#1123 = CARTESIAN_POINT('',(135.74736671157,110.45022953038,76.));
#1124 = CARTESIAN_POINT('',(126.61413340069,101.16058807138,114.));
#1125 = CARTESIAN_POINT('',(152.2695,193.54426867257,0.));
#1126 = CARTESIAN_POINT('',(142.986371664,179.61092002024,38.));
#1127 = CARTESIAN_POINT('',(133.703243328,165.67757136792,76.));
#1128 = CARTESIAN_POINT('',(124.420114992,151.7442227156,114.));
#1129 = DEFINITIONAL_REPRESENTATION('',(#1130),#1156);
#1130 = B_SPLINE_CURVE_WITH_KNOTS('',3,(#1131,#1132,#1133,#1134,#1135,
    #1136,#1137,#1138,#1139,#1140,#1141,#1142,#1143,#1144,#1145,#1146,
    #1147,#1148,#1149,#1150,#1151,#1152,#1153,#1154,#1155),
  .UNSPECIFIED.,.F.,.F.,(4,1,1,1,1,1,1,1,1,1,1,1,1,1,1,1,1,1,1,1,1,1,4),
  (0.,4.352113896699E-02,8.704227793398E-02,0.130563416901,
    0.174084555868,0.217605694835,0.261126833802,0.304647972769,
    0.348169111736,0.391690250703,0.43521138967,0.478732528637,
    0.522253667604,0.565774806571,0.609295945538,0.652817084505,
    0.696338223472,0.739859362439,0.783380501406,0.826901640373,
    0.87042277934,0.913943918307,0.957465057274),.UNSPECIFIED.);
#1131 = CARTESIAN_POINT('',(0.,0.));
#1132 = CARTESIAN_POINT('',(1.450704632233E-02,0.));
#1133 = CARTESIAN_POINT('',(4.352113896699E-02,0.));
#1134 = CARTESIAN_POINT('',(8.704227793398E-02,0.));
#1135 = CARTESIAN_POINT('',(0.130563416901,0.));
#1136 = CARTESIAN_POINT('',(0.174084555868,0.));
#1137 = CARTESIAN_POINT('',(0.217605694835,0.));
#1138 = CARTESIAN_POINT('',(0.261126833802,0.));
#1139 = CARTESIAN_POINT('',(0.304647972769,0.));
#1140 = CARTESIAN_POINT('',(0.348169111736,0.));
#1141 = CARTESIAN_POINT('',(0.391690250703,0.));
#1142 = CARTESIAN_POINT('',(0.43521138967,0.));
#1143 = CARTESIAN_POINT('',(0.478732528637,0.));
#1144 = CARTESIAN_POINT('',(0.522253667604,0.));
#1145 = CARTESIAN_POINT('',(0.565774806571,0.));
#1146 = CARTESIAN_POINT('',(0.609295945538,0.));
#1147 = CARTESIAN_POINT('',(0.652817084505,0.));
#1148 = CARTESIAN_POINT('',(0.696338223472,0.));
#1149 = CARTESIAN_POINT('',(0.739859362439,0.));
#1150 = CARTESIAN_POINT('',(0.783380501406,0.));
#1151 = CARTESIAN_POINT('',(0.826901640373,0.));
#1152 = CARTESIAN_POINT('',(0.87042277934,0.));
#1153 = CARTESIAN_POINT('',(0.913943918307,0.));
#1154 = CARTESIAN_POINT('',(0.942958010951,-0.));
#1155 = CARTESIAN_POINT('',(0.957465057274,0.));
#1156 = ( GEOMETRIC_REPRESENTATION_CONTEXT(2) 
PARAMETRIC_REPRESENTATION_CONTEXT() REPRESENTATION_CONTEXT('2D SPACE',''
  ) );
#1157 = ORIENTED_EDGE('',*,*,#1158,.F.);
#1158 = EDGE_CURVE('',#1159,#1095,#1161,.T.);
#1159 = VERTEX_POINT('',#1160);
#1160 = CARTESIAN_POINT('',(144.43979558542,194.70697343314,0.));
#1161 = SURFACE_CURVE('',#1162,(#1216,#1273),.PCURVE_S1.);
#1162 = B_SPLINE_CURVE_WITH_KNOTS('',3,(#1163,#1164,#1165,#1166,#1167,
    #1168,#1169,#1170,#1171,#1172,#1173,#1174,#1175,#1176,#1177,#1178,
    #1179,#1180,#1181,#1182,#1183,#1184,#1185,#1186,#1187,#1188,#1189,
    #1190,#1191,#1192,#1193,#1194,#1195,#1196,#1197,#1198,#1199,#1200,
    #1201,#1202,#1203,#1204,#1205,#1206,#1207,#1208,#1209,#1210,#1211,
    #1212,#1213,#1214,#1215),.UNSPECIFIED.,.F.,.F.,(4,1,2,2,2,1,1,2,2,2,
    1,2,1,2,2,1,2,2,1,2,2,2,1,1,2,2,2,1,1,2,2,4),(0.,8.376080583354E-04,
    1.675216116671E-03,2.512824175006E-03,2.931628204174E-03,
    3.036329211466E-03,3.088679715112E-03,3.141030218758E-03,
    3.350432233341E-03,4.188040291676E-03,5.02564835001E-03,
    5.863256408345E-03,6.072658422928E-03,6.17735943022E-03,
    6.229709933866E-03,6.282060437512E-03,6.700864466679E-03,
    7.538472525013E-03,8.376080583347E-03,9.213688641681E-03,
    9.266039145327E-03,9.318389648973E-03,9.423090656265E-03,
    9.632492670848E-03,1.005129670002E-02,1.088890475835E-02,
    1.172651281668E-02,1.214531684585E-02,1.235471886043E-02,
    1.245941986773E-02,1.256412087502E-02,1.340172893335E-02),
  .UNSPECIFIED.);
#1163 = CARTESIAN_POINT('',(144.4397921559,194.70694970355,0.));
#1164 = CARTESIAN_POINT('',(144.71998738769,194.66646367557,0.));
#1165 = CARTESIAN_POINT('',(145.27261579412,194.56123729094,0.));
#1166 = CARTESIAN_POINT('',(145.8099779928,194.40830813723,0.));
#1167 = CARTESIAN_POINT('',(146.33967592788,194.23143023327,0.));
#1168 = CARTESIAN_POINT('',(146.60069315719,194.13101813596,0.));
#1169 = CARTESIAN_POINT('',(146.9863252689,193.9619836712,0.));
#1170 = CARTESIAN_POINT('',(147.11388570882,193.90256537409,0.));
#1171 = CARTESIAN_POINT('',(147.2720809917,193.82437013288,0.));
#1172 = CARTESIAN_POINT('',(147.31944538723,193.80061724435,0.));
#1173 = CARTESIAN_POINT('',(147.38240851527,193.76835449083,0.));
#1174 = CARTESIAN_POINT('',(147.4138263823,193.75202511266,0.));
#1175 = CARTESIAN_POINT('',(147.49218798568,193.71100804582,0.));
#1176 = CARTESIAN_POINT('',(147.55437486743,193.67753206902,0.));
#1177 = CARTESIAN_POINT('',(147.86282198088,193.50687314336,0.));
#1178 = CARTESIAN_POINT('',(148.10163413934,193.35987127886,0.));
#1179 = CARTESIAN_POINT('',(148.5637718356,193.0454512869,0.));
#1180 = CARTESIAN_POINT('',(149.01042090801,192.71061239117,0.));
#1181 = CARTESIAN_POINT('',(149.42623236445,192.33511976664,0.));
#1182 = CARTESIAN_POINT('',(149.6763159765,192.0875192914,0.));
#1183 = CARTESIAN_POINT('',(149.7506049335,192.01226870119,0.));
#1184 = CARTESIAN_POINT('',(149.82378134476,191.9355514239,0.));
#1185 = CARTESIAN_POINT('',(149.86018330504,191.896947255,0.));
#1186 = CARTESIAN_POINT('',(149.87229001481,191.88403423106,0.));
#1187 = CARTESIAN_POINT('',(149.89642085228,191.85814804284,0.));
#1188 = CARTESIAN_POINT('',(150.00462492247,191.74140380673,0.));
#1189 = CARTESIAN_POINT('',(150.10938189578,191.62236219193,0.));
#1190 = CARTESIAN_POINT('',(150.38075859352,191.29960265202,0.));
#1191 = CARTESIAN_POINT('',(150.55105709872,191.07735220958,0.));
#1192 = CARTESIAN_POINT('',(150.87108331724,190.61914155663,0.));
#1193 = CARTESIAN_POINT('',(151.17053568926,190.1472190998,0.));
#1194 = CARTESIAN_POINT('',(151.42928885276,189.64817193565,0.));
#1195 = CARTESIAN_POINT('',(151.55583691752,189.37577893258,0.));
#1196 = CARTESIAN_POINT('',(151.56324072546,189.3597290255,0.));
#1197 = CARTESIAN_POINT('',(151.57796784637,189.32757556405,0.));
#1198 = CARTESIAN_POINT('',(151.58529242708,189.31146914282,0.));
#1199 = CARTESIAN_POINT('',(151.60712096562,189.26312346413,0.));
#1200 = CARTESIAN_POINT('',(151.65021941216,189.16627846434,0.));
#1201 = CARTESIAN_POINT('',(151.74690109543,188.93923929249,0.));
#1202 = CARTESIAN_POINT('',(151.82321170499,188.74283022859,0.));
#1203 = CARTESIAN_POINT('',(151.96729088986,188.34766275074,0.));
#1204 = CARTESIAN_POINT('',(152.05196892375,188.08108932059,0.));
#1205 = CARTESIAN_POINT('',(152.19927835786,187.54187888595,0.));
#1206 = CARTESIAN_POINT('',(152.26190818102,187.26924144771,0.));
#1207 = CARTESIAN_POINT('',(152.33950386797,186.85578874596,0.));
#1208 = CARTESIAN_POINT('',(152.37420939498,186.64793686882,0.));
#1209 = CARTESIAN_POINT('',(152.40752601365,186.40347014833,0.));
#1210 = CARTESIAN_POINT('',(152.42026284679,186.29827467187,0.));
#1211 = CARTESIAN_POINT('',(152.42841085848,186.22804995968,0.));
#1212 = CARTESIAN_POINT('',(152.43231125437,186.19290700567,0.));
#1213 = CARTESIAN_POINT('',(152.46583089345,185.87658115851,0.));
#1214 = CARTESIAN_POINT('',(152.48444070698,185.59461418342,0.));
#1215 = CARTESIAN_POINT('',(152.49208535528,185.31187428958,0.));
#1216 = PCURVE('',#79,#1217);
#1217 = DEFINITIONAL_REPRESENTATION('',(#1218),#1272);
#1218 = B_SPLINE_CURVE_WITH_KNOTS('',3,(#1219,#1220,#1221,#1222,#1223,
    #1224,#1225,#1226,#1227,#1228,#1229,#1230,#1231,#1232,#1233,#1234,
    #1235,#1236,#1237,#1238,#1239,#1240,#1241,#1242,#1243,#1244,#1245,
    #1246,#1247,#1248,#1249,#1250,#1251,#1252,#1253,#1254,#1255,#1256,
    #1257,#1258,#1259,#1260,#1261,#1262,#1263,#1264,#1265,#1266,#1267,
    #1268,#1269,#1270,#1271),.UNSPECIFIED.,.F.,.F.,(4,1,2,2,2,1,1,2,2,2,
    1,2,1,2,2,1,2,2,1,2,2,2,1,1,2,2,2,1,1,2,2,4),(0.,8.376080583354E-04,
    1.675216116671E-03,2.512824175006E-03,2.931628204174E-03,
    3.036329211466E-03,3.088679715112E-03,3.141030218758E-03,
    3.350432233341E-03,4.188040291676E-03,5.02564835001E-03,
    5.863256408345E-03,6.072658422928E-03,6.17735943022E-03,
    6.229709933866E-03,6.282060437512E-03,6.700864466679E-03,
    7.538472525013E-03,8.376080583347E-03,9.213688641681E-03,
    9.266039145327E-03,9.318389648973E-03,9.423090656265E-03,
    9.632492670848E-03,1.005129670002E-02,1.088890475835E-02,
    1.172651281668E-02,1.214531684585E-02,1.235471886043E-02,
    1.245941986773E-02,1.256412087502E-02,1.340172893335E-02),
  .UNSPECIFIED.);
#1219 = CARTESIAN_POINT('',(144.4397921559,173.18895101118));
#1220 = CARTESIAN_POINT('',(144.71998738769,173.1484649832));
#1221 = CARTESIAN_POINT('',(145.27261579412,173.04323859857));
#1222 = CARTESIAN_POINT('',(145.8099779928,172.89030944486));
#1223 = CARTESIAN_POINT('',(146.33967592788,172.7134315409));
#1224 = CARTESIAN_POINT('',(146.60069315719,172.61301944359));
#1225 = CARTESIAN_POINT('',(146.9863252689,172.44398497883));
#1226 = CARTESIAN_POINT('',(147.11388570882,172.38456668172));
#1227 = CARTESIAN_POINT('',(147.2720809917,172.30637144051));
#1228 = CARTESIAN_POINT('',(147.31944538723,172.28261855198));
#1229 = CARTESIAN_POINT('',(147.38240851527,172.25035579846));
#1230 = CARTESIAN_POINT('',(147.4138263823,172.23402642029));
#1231 = CARTESIAN_POINT('',(147.49218798568,172.19300935345));
#1232 = CARTESIAN_POINT('',(147.55437486743,172.15953337665));
#1233 = CARTESIAN_POINT('',(147.86282198088,171.98887445099));
#1234 = CARTESIAN_POINT('',(148.10163413934,171.84187258649));
#1235 = CARTESIAN_POINT('',(148.5637718356,171.52745259453));
#1236 = CARTESIAN_POINT('',(149.01042090801,171.1926136988));
#1237 = CARTESIAN_POINT('',(149.42623236445,170.81712107427));
#1238 = CARTESIAN_POINT('',(149.6763159765,170.56952059903));
#1239 = CARTESIAN_POINT('',(149.7506049335,170.49427000882));
#1240 = CARTESIAN_POINT('',(149.82378134476,170.41755273153));
#1241 = CARTESIAN_POINT('',(149.86018330504,170.37894856263));
#1242 = CARTESIAN_POINT('',(149.87229001481,170.36603553869));
#1243 = CARTESIAN_POINT('',(149.89642085228,170.34014935047));
#1244 = CARTESIAN_POINT('',(150.00462492247,170.22340511436));
#1245 = CARTESIAN_POINT('',(150.10938189578,170.10436349956));
#1246 = CARTESIAN_POINT('',(150.38075859352,169.78160395965));
#1247 = CARTESIAN_POINT('',(150.55105709872,169.55935351721));
#1248 = CARTESIAN_POINT('',(150.87108331724,169.10114286426));
#1249 = CARTESIAN_POINT('',(151.17053568926,168.62922040743));
#1250 = CARTESIAN_POINT('',(151.42928885276,168.13017324328));
#1251 = CARTESIAN_POINT('',(151.55583691752,167.85778024021));
#1252 = CARTESIAN_POINT('',(151.56324072546,167.84173033313));
#1253 = CARTESIAN_POINT('',(151.57796784637,167.80957687168));
#1254 = CARTESIAN_POINT('',(151.58529242708,167.79347045045));
#1255 = CARTESIAN_POINT('',(151.60712096562,167.74512477176));
#1256 = CARTESIAN_POINT('',(151.65021941216,167.64827977197));
#1257 = CARTESIAN_POINT('',(151.74690109543,167.42124060012));
#1258 = CARTESIAN_POINT('',(151.82321170499,167.22483153622));
#1259 = CARTESIAN_POINT('',(151.96729088986,166.82966405837));
#1260 = CARTESIAN_POINT('',(152.05196892375,166.56309062822));
#1261 = CARTESIAN_POINT('',(152.19927835786,166.02388019358));
#1262 = CARTESIAN_POINT('',(152.26190818102,165.75124275534));
#1263 = CARTESIAN_POINT('',(152.33950386797,165.33779005359));
#1264 = CARTESIAN_POINT('',(152.37420939498,165.12993817645));
#1265 = CARTESIAN_POINT('',(152.40752601365,164.88547145596));
#1266 = CARTESIAN_POINT('',(152.42026284679,164.7802759795));
#1267 = CARTESIAN_POINT('',(152.42841085848,164.71005126731));
#1268 = CARTESIAN_POINT('',(152.43231125437,164.6749083133));
#1269 = CARTESIAN_POINT('',(152.46583089345,164.35858246614));
#1270 = CARTESIAN_POINT('',(152.48444070698,164.07661549105));
#1271 = CARTESIAN_POINT('',(152.49208535528,163.79387559721));
#1272 = ( GEOMETRIC_REPRESENTATION_CONTEXT(2) 
PARAMETRIC_REPRESENTATION_CONTEXT() REPRESENTATION_CONTEXT('2D SPACE',''
  ) );
#1273 = PCURVE('',#1274,#1305);
#1274 = ( BOUNDED_SURFACE() B_SPLINE_SURFACE(3,2,(
    (#1275,#1276,#1277)
    ,(#1278,#1279,#1280)
    ,(#1281,#1282,#1283)
    ,(#1284,#1285,#1286)
    ,(#1287,#1288,#1289)
    ,(#1290,#1291,#1292)
    ,(#1293,#1294,#1295)
    ,(#1296,#1297,#1298)
    ,(#1299,#1300,#1301)
    ,(#1302,#1303,#1304
)),.UNSPECIFIED.,.F.,.F.,.F.) B_SPLINE_SURFACE_WITH_KNOTS((4,2,2,2,4),(3
    ,3),(0.125136638851,0.15714546289,0.189154286928,0.221163110966,
0.253171935004),(0.,1.),.UNSPECIFIED.) GEOMETRIC_REPRESENTATION_ITEM() 
RATIONAL_B_SPLINE_SURFACE((
    (1.,0.788870061813,1.)
    ,(1.,0.787473856619,1.)
    ,(1.,0.786010588768,1.)
    ,(1.,0.782930828471,1.)
    ,(1.,0.781314391531,1.)
    ,(1.,0.777906592393,1.)
    ,(1.,0.776115240155,1.)
    ,(1.,0.772332515814,1.)
    ,(1.,0.770341092047,1.)
,(1.,0.768235461111,1.))) REPRESENTATION_ITEM('') SURFACE() );
#1275 = CARTESIAN_POINT('',(144.69845730019,195.09221855885,
    -1.038533130035));
#1276 = CARTESIAN_POINT('',(152.22268067864,193.49652799807,
    0.198361455091));
#1277 = CARTESIAN_POINT('',(153.05692108297,186.17242602783,
    -2.321886014179));
#1278 = CARTESIAN_POINT('',(142.2718977126,191.47796915115,
    8.704320911647));
#1279 = CARTESIAN_POINT('',(149.83314225526,189.90902926932,
    9.980222755791));
#1280 = CARTESIAN_POINT('',(150.68411765099,182.55759429642,
    7.431843498949));
#1281 = CARTESIAN_POINT('',(139.84361512006,187.86143508492,
    18.446033946258));
#1282 = CARTESIAN_POINT('',(147.44739709054,186.32706400625,
    19.746618231065));
#1283 = CARTESIAN_POINT('',(148.31210347487,178.94099674725,
    17.185073257286));
#1284 = CARTESIAN_POINT('',(134.98324372558,180.62288116384,
    37.926801401603));
#1285 = CARTESIAN_POINT('',(142.67680447766,179.16404736436,
    39.275910818306));
#1286 = CARTESIAN_POINT('',(143.56998313824,171.70371691612,
    36.690380040681));
#1287 = CARTESIAN_POINT('',(132.55115434062,177.00086302645,
    47.665856902882));
#1288 = CARTESIAN_POINT('',(140.29102094795,175.58158921403,
    49.042640308761));
#1289 = CARTESIAN_POINT('',(141.19987583845,168.08303501796,
    46.442458049604));
#1290 = CARTESIAN_POINT('',(127.68279047971,169.75019643589,
    67.14086360868));
#1291 = CARTESIAN_POINT('',(135.52049802234,168.41764993073,
    68.572079494409));
#1292 = CARTESIAN_POINT('',(136.46198809086,160.83692316682,
    65.945289110173));
#1293 = CARTESIAN_POINT('',(125.24651553812,166.12155109392,
    76.876813839007));
#1294 = CARTESIAN_POINT('',(133.13468321805,164.83455193285,
    78.339192233199));
#1295 = CARTESIAN_POINT('',(134.09420668061,157.21149459789,
    75.696040744892));
#1296 = CARTESIAN_POINT('',(120.36940437881,158.85619169392,
    96.345068701652));
#1297 = CARTESIAN_POINT('',(128.36427696069,157.66938157372,
    97.868782206722));
#1298 = CARTESIAN_POINT('',(129.36151669394,149.95509661242,
    95.196011138832));
#1299 = CARTESIAN_POINT('',(117.92856697879,155.2194814949,
    106.07737248019));
#1300 = CARTESIAN_POINT('',(125.97844779025,154.08544717827,
    107.63632746645));
#1301 = CARTESIAN_POINT('',(126.99660668237,146.32412886608,
    104.94522784068));
#1302 = CARTESIAN_POINT('',(115.48527898558,151.57782644913,
    115.80752832976));
#1303 = CARTESIAN_POINT('',(123.59987732841,150.51185525647,
    117.37443222415));
#1304 = CARTESIAN_POINT('',(124.63349291909,142.68991534983,
    114.69355856601));
#1305 = DEFINITIONAL_REPRESENTATION('',(#1306),#1442);
#1306 = B_SPLINE_CURVE_WITH_KNOTS('',3,(#1307,#1308,#1309,#1310,#1311,
    #1312,#1313,#1314,#1315,#1316,#1317,#1318,#1319,#1320,#1321,#1322,
    #1323,#1324,#1325,#1326,#1327,#1328,#1329,#1330,#1331,#1332,#1333,
    #1334,#1335,#1336,#1337,#1338,#1339,#1340,#1341,#1342,#1343,#1344,
    #1345,#1346,#1347,#1348,#1349,#1350,#1351,#1352,#1353,#1354,#1355,
    #1356,#1357,#1358,#1359,#1360,#1361,#1362,#1363,#1364,#1365,#1366,
    #1367,#1368,#1369,#1370,#1371,#1372,#1373,#1374,#1375,#1376,#1377,
    #1378,#1379,#1380,#1381,#1382,#1383,#1384,#1385,#1386,#1387,#1388,
    #1389,#1390,#1391,#1392,#1393,#1394,#1395,#1396,#1397,#1398,#1399,
    #1400,#1401,#1402,#1403,#1404,#1405,#1406,#1407,#1408,#1409,#1410,
    #1411,#1412,#1413,#1414,#1415,#1416,#1417,#1418,#1419,#1420,#1421,
    #1422,#1423,#1424,#1425,#1426,#1427,#1428,#1429,#1430,#1431,#1432,
    #1433,#1434,#1435,#1436,#1437,#1438,#1439,#1440,#1441),
  .UNSPECIFIED.,.F.,.F.,(4,1,1,1,1,1,1,1,1,1,1,1,1,1,1,1,1,1,1,1,1,1,1,1
    ,1,1,1,1,1,1,1,1,1,1,1,1,1,1,1,1,1,1,1,1,1,1,1,1,1,1,1,1,1,1,1,1,1,1
    ,1,1,1,1,1,1,1,1,1,1,1,1,1,1,1,1,1,1,1,1,1,1,1,1,1,1,1,1,1,1,1,1,1,1
    ,1,1,1,1,1,1,1,1,1,1,1,1,1,1,1,1,1,1,1,1,1,1,1,1,1,1,1,1,1,1,1,1,1,1
    ,1,1,1,1,1,1,4),(7.59806518449E-13,1.015282502491E-04,
    2.030564997385E-04,3.045847492278E-04,4.061129987172E-04,
    5.076412482065E-04,6.091694976958E-04,7.106977471852E-04,
    8.122259966745E-04,9.137542461638E-04,1.015282495653E-03,
    1.116810745143E-03,1.218338994632E-03,1.319867244121E-03,
    1.421395493611E-03,1.5229237431E-03,1.624451992589E-03,
    1.725980242079E-03,1.827508491568E-03,1.929036741057E-03,
    2.030564990547E-03,2.132093240036E-03,2.233621489525E-03,
    2.335149739015E-03,2.436677988504E-03,2.538206237993E-03,
    2.639734487483E-03,2.741262736972E-03,2.842790986461E-03,
    2.944319235951E-03,3.04584748544E-03,3.147375734929E-03,
    3.248903984419E-03,3.350432233908E-03,3.451960483397E-03,
    3.553488732887E-03,3.655016982376E-03,3.756545231865E-03,
    3.858073481355E-03,3.959601730844E-03,4.061129980333E-03,
    4.162658229823E-03,4.264186479312E-03,4.365714728801E-03,
    4.467242978291E-03,4.56877122778E-03,4.670299477269E-03,
    4.771827726759E-03,4.873355976248E-03,4.974884225737E-03,
    5.076412475227E-03,5.177940724716E-03,5.279468974205E-03,
    5.380997223695E-03,5.482525473184E-03,5.584053722673E-03,
    5.685581972163E-03,5.787110221652E-03,5.888638471141E-03,
    5.990166720631E-03,6.09169497012E-03,6.193223219609E-03,
    6.294751469099E-03,6.396279718588E-03,6.497807968077E-03,
    6.599336217567E-03,6.700864467056E-03,6.802392716545E-03,
    6.903920966035E-03,7.005449215524E-03,7.106977465013E-03,
    7.208505714503E-03,7.310033963992E-03,7.411562213481E-03,
    7.513090462971E-03,7.61461871246E-03,7.716146961949E-03,
    7.817675211439E-03,7.919203460928E-03,8.020731710417E-03,
    8.122259959907E-03,8.223788209396E-03,8.325316458885E-03,
    8.426844708375E-03,8.528372957864E-03,8.629901207353E-03,
    8.731429456843E-03,8.832957706332E-03,8.934485955821E-03,
    9.036014205311E-03,9.1375424548E-03,9.239070704289E-03,
    9.340598953779E-03,9.442127203268E-03,9.543655452757E-03,
    9.645183702247E-03,9.746711951736E-03,9.848240201225E-03,
    9.949768450715E-03,1.00512967002E-02,1.015282494969E-02,
    1.025435319918E-02,1.035588144867E-02,1.045740969816E-02,
    1.055893794765E-02,1.066046619714E-02,1.076199444663E-02,
    1.086352269612E-02,1.096505094561E-02,1.10665791951E-02,
    1.116810744459E-02,1.126963569408E-02,1.137116394357E-02,
    1.147269219305E-02,1.157422044254E-02,1.167574869203E-02,
    1.177727694152E-02,1.187880519101E-02,1.19803334405E-02,
    1.208186168999E-02,1.218338993948E-02,1.228491818897E-02,
    1.238644643846E-02,1.248797468795E-02,1.258950293744E-02,
    1.269103118693E-02,1.279255943642E-02,1.289408768591E-02,
    1.299561593539E-02,1.309714418488E-02,1.319867243437E-02,
    1.330020068386E-02,1.340172893335E-02),.UNSPECIFIED.);
#1307 = CARTESIAN_POINT('',(0.126273963467,0.));
#1308 = CARTESIAN_POINT('',(0.126268082446,2.747182657004E-03));
#1309 = CARTESIAN_POINT('',(0.126256466813,8.229039137346E-03));
#1310 = CARTESIAN_POINT('',(0.126239481708,1.641578501854E-02));
#1311 = CARTESIAN_POINT('',(0.126222934061,2.456798894188E-02));
#1312 = CARTESIAN_POINT('',(0.12620682299,3.268711551955E-02));
#1313 = CARTESIAN_POINT('',(0.126191147609,4.077460887917E-02));
#1314 = CARTESIAN_POINT('',(0.126175907037,4.883188990983E-02));
#1315 = CARTESIAN_POINT('',(0.126161100381,5.686035740945E-02));
#1316 = CARTESIAN_POINT('',(0.126146726786,6.48613881004E-02));
#1317 = CARTESIAN_POINT('',(0.126132785261,7.283633720394E-02));
#1318 = CARTESIAN_POINT('',(0.126119275784,8.078653649651E-02));
#1319 = CARTESIAN_POINT('',(0.126106198628,8.871330382284E-02));
#1320 = CARTESIAN_POINT('',(0.126093553992,9.66179444461E-02));
#1321 = CARTESIAN_POINT('',(0.126081342093,0.104501750862));
#1322 = CARTESIAN_POINT('',(0.126069563148,0.112366003041));
#1323 = CARTESIAN_POINT('',(0.126058217362,0.12021196838));
#1324 = CARTESIAN_POINT('',(0.12604730498,0.128040902353));
#1325 = CARTESIAN_POINT('',(0.126036826108,0.135854046609));
#1326 = CARTESIAN_POINT('',(0.126026781469,0.143652637814));
#1327 = CARTESIAN_POINT('',(0.126017172519,0.151437915881));
#1328 = CARTESIAN_POINT('',(0.126008000563,0.159211115237));
#1329 = CARTESIAN_POINT('',(0.125999266947,0.166973466656));
#1330 = CARTESIAN_POINT('',(0.125990973009,0.174726196831));
#1331 = CARTESIAN_POINT('',(0.125983120074,0.182470528148));
#1332 = CARTESIAN_POINT('',(0.125975709529,0.190207679888));
#1333 = CARTESIAN_POINT('',(0.125968742525,0.19793886349));
#1334 = CARTESIAN_POINT('',(0.125962221223,0.205665303369));
#1335 = CARTESIAN_POINT('',(0.125956148062,0.213388268889));
#1336 = CARTESIAN_POINT('',(0.125950525314,0.221108898178));
#1337 = CARTESIAN_POINT('',(0.125945355037,0.228828807298));
#1338 = CARTESIAN_POINT('',(0.125940640325,0.23654784424));
#1339 = CARTESIAN_POINT('',(0.125936381649,0.244272533334));
#1340 = CARTESIAN_POINT('',(0.12593259851,0.251969607427));
#1341 = CARTESIAN_POINT('',(0.125929287738,0.259641344718));
#1342 = CARTESIAN_POINT('',(0.125926446832,0.267288873011));
#1343 = CARTESIAN_POINT('',(0.125924073753,0.274913585055));
#1344 = CARTESIAN_POINT('',(0.125922167214,0.282516761162));
#1345 = CARTESIAN_POINT('',(0.125920725725,0.290099692871));
#1346 = CARTESIAN_POINT('',(0.125919747851,0.297663649953));
#1347 = CARTESIAN_POINT('',(0.125919232145,0.305209889369));
#1348 = CARTESIAN_POINT('',(0.125919177153,0.312739653076));
#1349 = CARTESIAN_POINT('',(0.125919581456,0.320254168467));
#1350 = CARTESIAN_POINT('',(0.125920443503,0.327754649394));
#1351 = CARTESIAN_POINT('',(0.125921762849,0.335242287145));
#1352 = CARTESIAN_POINT('',(0.125923539295,0.342718264904));
#1353 = CARTESIAN_POINT('',(0.12592577258,0.350183760311));
#1354 = CARTESIAN_POINT('',(0.125928462459,0.357639944828));
#1355 = CARTESIAN_POINT('',(0.125931608685,0.365087983959));
#1356 = CARTESIAN_POINT('',(0.125935211002,0.372529037159));
#1357 = CARTESIAN_POINT('',(0.125939269193,0.37996425813));
#1358 = CARTESIAN_POINT('',(0.125943782892,0.387394793872));
#1359 = CARTESIAN_POINT('',(0.125948752439,0.394821789047));
#1360 = CARTESIAN_POINT('',(0.125954178881,0.402246392675));
#1361 = CARTESIAN_POINT('',(0.125960063115,0.40966975525));
#1362 = CARTESIAN_POINT('',(0.125966406078,0.41709302905));
#1363 = CARTESIAN_POINT('',(0.125973208702,0.424517369205));
#1364 = CARTESIAN_POINT('',(0.125980471896,0.431943929009));
#1365 = CARTESIAN_POINT('',(0.125988196661,0.439373877524));
#1366 = CARTESIAN_POINT('',(0.125996383659,0.446808333739));
#1367 = CARTESIAN_POINT('',(0.126005034975,0.454248615135));
#1368 = CARTESIAN_POINT('',(0.126014151867,0.461695398135));
#1369 = CARTESIAN_POINT('',(0.126023738437,0.469151787414));
#1370 = CARTESIAN_POINT('',(0.1260337883,0.476612266561));
#1371 = CARTESIAN_POINT('',(0.126044262477,0.48405045294));
#1372 = CARTESIAN_POINT('',(0.126055166518,0.491473852273));
#1373 = CARTESIAN_POINT('',(0.126066495744,0.49888203822));
#1374 = CARTESIAN_POINT('',(0.126078248328,0.506276688961));
#1375 = CARTESIAN_POINT('',(0.126090421255,0.513658913537));
#1376 = CARTESIAN_POINT('',(0.12610301261,0.521029932489));
#1377 = CARTESIAN_POINT('',(0.126116020877,0.528390904815));
#1378 = CARTESIAN_POINT('',(0.126129444435,0.535742996576));
#1379 = CARTESIAN_POINT('',(0.126143281691,0.543087362489));
#1380 = CARTESIAN_POINT('',(0.126157531045,0.550425150795));
#1381 = CARTESIAN_POINT('',(0.126172190893,0.557757502045));
#1382 = CARTESIAN_POINT('',(0.12618725966,0.565085548957));
#1383 = CARTESIAN_POINT('',(0.126202735655,0.572410418056));
#1384 = CARTESIAN_POINT('',(0.126218618176,0.579733215468));
#1385 = CARTESIAN_POINT('',(0.126234906729,0.587055044553));
#1386 = CARTESIAN_POINT('',(0.126251600769,0.594377009466));
#1387 = CARTESIAN_POINT('',(0.126268699761,0.601700214208));
#1388 = CARTESIAN_POINT('',(0.126286203172,0.609025762873));
#1389 = CARTESIAN_POINT('',(0.126304110459,0.616354759566));
#1390 = CARTESIAN_POINT('',(0.126322421112,0.623688308445));
#1391 = CARTESIAN_POINT('',(0.126341134497,0.631027513592));
#1392 = CARTESIAN_POINT('',(0.126360250579,0.638373479538));
#1393 = CARTESIAN_POINT('',(0.126379769931,0.645727317057));
#1394 = CARTESIAN_POINT('',(0.126399692998,0.653090145846));
#1395 = CARTESIAN_POINT('',(0.126420020246,0.66046308777));
#1396 = CARTESIAN_POINT('',(0.126440752194,0.667847291549));
#1397 = CARTESIAN_POINT('',(0.126461889122,0.67524384098));
#1398 = CARTESIAN_POINT('',(0.126483432214,0.682654097589));
#1399 = CARTESIAN_POINT('',(0.126505379277,0.690078422028));
#1400 = CARTESIAN_POINT('',(0.126527740862,0.697520948216));
#1401 = CARTESIAN_POINT('',(0.126550427195,0.704953163868));
#1402 = CARTESIAN_POINT('',(0.126573444138,0.712379131288));
#1403 = CARTESIAN_POINT('',(0.126596787224,0.719799259838));
#1404 = CARTESIAN_POINT('',(0.126620454818,0.727214923447));
#1405 = CARTESIAN_POINT('',(0.126644444962,0.734627207951));
#1406 = CARTESIAN_POINT('',(0.12666875584,0.742037267014));
#1407 = CARTESIAN_POINT('',(0.12669338568,0.749446226564));
#1408 = CARTESIAN_POINT('',(0.126718332394,0.7568552249));
#1409 = CARTESIAN_POINT('',(0.126743594538,0.76426536836));
#1410 = CARTESIAN_POINT('',(0.126769170998,0.771677751539));
#1411 = CARTESIAN_POINT('',(0.12679506057,0.779093472528));
#1412 = CARTESIAN_POINT('',(0.126821262075,0.78651362876));
#1413 = CARTESIAN_POINT('',(0.12684777433,0.793939318022));
#1414 = CARTESIAN_POINT('',(0.126874596144,0.801371638237));
#1415 = CARTESIAN_POINT('',(0.126901726352,0.808811687026));
#1416 = CARTESIAN_POINT('',(0.126929163702,0.816260563375));
#1417 = CARTESIAN_POINT('',(0.126956907654,0.823719353611));
#1418 = CARTESIAN_POINT('',(0.126984957816,0.8311891482));
#1419 = CARTESIAN_POINT('',(0.127013313759,0.838671045246));
#1420 = CARTESIAN_POINT('',(0.127041975061,0.846166149617));
#1421 = CARTESIAN_POINT('',(0.127070941302,0.853675573229));
#1422 = CARTESIAN_POINT('',(0.127100212053,0.861200434979));
#1423 = CARTESIAN_POINT('',(0.127129786918,0.868741860988));
#1424 = CARTESIAN_POINT('',(0.127159665375,0.876300983945));
#1425 = CARTESIAN_POINT('',(0.127189847722,0.883878945621));
#1426 = CARTESIAN_POINT('',(0.127220334074,0.891476897049));
#1427 = CARTESIAN_POINT('',(0.127251124612,0.899096018759));
#1428 = CARTESIAN_POINT('',(0.127282219221,0.906737439754));
#1429 = CARTESIAN_POINT('',(0.127313618921,0.914402541721));
#1430 = CARTESIAN_POINT('',(0.12734532126,0.92209183294));
#1431 = CARTESIAN_POINT('',(0.127377337611,0.929809162888));
#1432 = CARTESIAN_POINT('',(0.127409619784,0.937544067004));
#1433 = CARTESIAN_POINT('',(0.127442137592,0.945290769206));
#1434 = CARTESIAN_POINT('',(0.127474899477,0.953052592783));
#1435 = CARTESIAN_POINT('',(0.127507902442,0.96083011077));
#1436 = CARTESIAN_POINT('',(0.127541146557,0.968624644251));
#1437 = CARTESIAN_POINT('',(0.127574631068,0.976437325202));
#1438 = CARTESIAN_POINT('',(0.127608355445,0.98426934709));
#1439 = CARTESIAN_POINT('',(0.127642319095,0.992121899934));
#1440 = CARTESIAN_POINT('',(0.12766512066,0.997371419831));
#1441 = CARTESIAN_POINT('',(0.127676561129,1.));
#1442 = ( GEOMETRIC_REPRESENTATION_CONTEXT(2) 
PARAMETRIC_REPRESENTATION_CONTEXT() REPRESENTATION_CONTEXT('2D SPACE',''
  ) );
#1443 = ORIENTED_EDGE('',*,*,#1444,.T.);
#1444 = EDGE_CURVE('',#1159,#1445,#1447,.T.);
#1445 = VERTEX_POINT('',#1446);
#1446 = CARTESIAN_POINT('',(-144.4397955307,194.70697305507,0.));
#1447 = SURFACE_CURVE('',#1448,(#1459,#1473),.PCURVE_S1.);
#1448 = B_SPLINE_CURVE_WITH_KNOTS('',3,(#1449,#1450,#1451,#1452,#1453,
    #1454,#1455,#1456,#1457,#1458),.UNSPECIFIED.,.F.,.F.,(4,2,2,2,4),(
    2.589291281954E-02,0.25,0.5,0.75,0.97410708718),.UNSPECIFIED.);
#1449 = CARTESIAN_POINT('',(144.43979215641,194.70694970348,0.));
#1450 = CARTESIAN_POINT('',(121.83765813502,197.97278197567,0.));
#1451 = CARTESIAN_POINT('',(99.124747589291,200.47187390989,0.));
#1452 = CARTESIAN_POINT('',(50.950755029265,204.12414732961,0.));
#1453 = CARTESIAN_POINT('',(25.475384472939,205.08846125305,0.));
#1454 = CARTESIAN_POINT('',(-25.47538447294,205.08846125305,0.));
#1455 = CARTESIAN_POINT('',(-50.95075502926,204.12414732961,0.));
#1456 = CARTESIAN_POINT('',(-99.12474758928,200.47187390989,0.));
#1457 = CARTESIAN_POINT('',(-121.837658135,197.97278197567,0.));
#1458 = CARTESIAN_POINT('',(-144.4397921564,194.70694970348,0.));
#1459 = PCURVE('',#79,#1460);
#1460 = DEFINITIONAL_REPRESENTATION('',(#1461),#1472);
#1461 = B_SPLINE_CURVE_WITH_KNOTS('',3,(#1462,#1463,#1464,#1465,#1466,
    #1467,#1468,#1469,#1470,#1471),.UNSPECIFIED.,.F.,.F.,(4,2,2,2,4),(
    2.589291281954E-02,0.25,0.5,0.75,0.97410708718),.UNSPECIFIED.);
#1462 = CARTESIAN_POINT('',(144.43979215641,173.18895101111));
#1463 = CARTESIAN_POINT('',(121.83765813502,176.4547832833));
#1464 = CARTESIAN_POINT('',(99.124747589291,178.95387521752));
#1465 = CARTESIAN_POINT('',(50.950755029265,182.60614863724));
#1466 = CARTESIAN_POINT('',(25.475384472939,183.57046256068));
#1467 = CARTESIAN_POINT('',(-25.47538447294,183.57046256068));
#1468 = CARTESIAN_POINT('',(-50.95075502926,182.60614863724));
#1469 = CARTESIAN_POINT('',(-99.12474758928,178.95387521752));
#1470 = CARTESIAN_POINT('',(-121.837658135,176.4547832833));
#1471 = CARTESIAN_POINT('',(-144.4397921564,173.18895101111));
#1472 = ( GEOMETRIC_REPRESENTATION_CONTEXT(2) 
PARAMETRIC_REPRESENTATION_CONTEXT() REPRESENTATION_CONTEXT('2D SPACE',''
  ) );
#1473 = PCURVE('',#1474,#1515);
#1474 = B_SPLINE_SURFACE_WITH_KNOTS('',3,3,(
    (#1475,#1476,#1477,#1478)
    ,(#1479,#1480,#1481,#1482)
    ,(#1483,#1484,#1485,#1486)
    ,(#1487,#1488,#1489,#1490)
    ,(#1491,#1492,#1493,#1494)
    ,(#1495,#1496,#1497,#1498)
    ,(#1499,#1500,#1501,#1502)
    ,(#1503,#1504,#1505,#1506)
    ,(#1507,#1508,#1509,#1510)
    ,(#1511,#1512,#1513,#1514
    )),.UNSPECIFIED.,.F.,.F.,.F.,(4,2,2,2,4),(4,4),(0.,0.25,0.5,0.75,1.)
  ,(0.,1.),.UNSPECIFIED.);
#1475 = CARTESIAN_POINT('',(152.2695,193.54426867257,0.));
#1476 = CARTESIAN_POINT('',(142.986371664,179.61092002024,38.));
#1477 = CARTESIAN_POINT('',(133.703243328,165.67757136792,76.));
#1478 = CARTESIAN_POINT('',(124.420114992,151.7442227156,114.));
#1479 = CARTESIAN_POINT('',(127.08529014864,197.38498652253,0.));
#1480 = CARTESIAN_POINT('',(119.29358272681,182.60125616309,38.));
#1481 = CARTESIAN_POINT('',(111.50187530498,167.81752580364,76.));
#1482 = CARTESIAN_POINT('',(103.71016788314,153.0337954442,114.));
#1483 = CARTESIAN_POINT('',(101.75572490065,200.27240843088,0.));
#1484 = CARTESIAN_POINT('',(95.497206865589,184.8487271954,38.));
#1485 = CARTESIAN_POINT('',(89.238688830528,169.42504595992,76.));
#1486 = CARTESIAN_POINT('',(82.980170795467,154.00136472444,114.));
#1487 = CARTESIAN_POINT('',(50.950755029265,204.12414732961,0.));
#1488 = CARTESIAN_POINT('',(47.800541813985,187.84661858573,38.));
#1489 = CARTESIAN_POINT('',(44.650328598705,171.56908984185,76.));
#1490 = CARTESIAN_POINT('',(41.500115383425,155.29156109797,114.));
#1491 = CARTESIAN_POINT('',(25.475384472939,205.08846125305,0.));
#1492 = CARTESIAN_POINT('',(23.900275599741,188.59703688935,38.));
#1493 = CARTESIAN_POINT('',(22.325166726542,172.10561252565,76.));
#1494 = CARTESIAN_POINT('',(20.750057853343,155.61418816194,114.));
#1495 = CARTESIAN_POINT('',(-25.47538447294,205.08846125305,0.));
#1496 = CARTESIAN_POINT('',(-23.90027559974,188.59703688935,38.));
#1497 = CARTESIAN_POINT('',(-22.32516672654,172.10561252565,76.));
#1498 = CARTESIAN_POINT('',(-20.75005785334,155.61418816194,114.));
#1499 = CARTESIAN_POINT('',(-50.95075502926,204.12414732961,0.));
#1500 = CARTESIAN_POINT('',(-47.80054181398,187.84661858573,38.));
#1501 = CARTESIAN_POINT('',(-44.6503285987,171.56908984185,76.));
#1502 = CARTESIAN_POINT('',(-41.50011538342,155.29156109797,114.));
#1503 = CARTESIAN_POINT('',(-101.7557249006,200.27240843088,0.));
#1504 = CARTESIAN_POINT('',(-95.49720686558,184.8487271954,38.));
#1505 = CARTESIAN_POINT('',(-89.23868883052,169.42504595992,76.));
#1506 = CARTESIAN_POINT('',(-82.98017079546,154.00136472444,114.));
#1507 = CARTESIAN_POINT('',(-127.0852901486,197.38498652253,0.));
#1508 = CARTESIAN_POINT('',(-119.2935827268,182.60125616309,38.));
#1509 = CARTESIAN_POINT('',(-111.5018753049,167.81752580364,76.));
#1510 = CARTESIAN_POINT('',(-103.7101678831,153.0337954442,114.));
#1511 = CARTESIAN_POINT('',(-152.2695,193.54426867257,0.));
#1512 = CARTESIAN_POINT('',(-142.986371664,179.61092002024,38.));
#1513 = CARTESIAN_POINT('',(-133.703243328,165.67757136792,76.));
#1514 = CARTESIAN_POINT('',(-124.420114992,151.7442227156,114.));
#1515 = DEFINITIONAL_REPRESENTATION('',(#1516),#1542);
#1516 = B_SPLINE_CURVE_WITH_KNOTS('',3,(#1517,#1518,#1519,#1520,#1521,
    #1522,#1523,#1524,#1525,#1526,#1527,#1528,#1529,#1530,#1531,#1532,
    #1533,#1534,#1535,#1536,#1537,#1538,#1539,#1540,#1541),
  .UNSPECIFIED.,.F.,.F.,(4,1,1,1,1,1,1,1,1,1,1,1,1,1,1,1,1,1,1,1,1,1,4),
  (2.589291281954E-02,6.899355710867E-02,0.112094201398,0.155194845687,
    0.198295489976,0.241396134265,0.284496778554,0.327597422843,
    0.370698067133,0.413798711422,0.456899355711,0.5,0.543100644289,
    0.586201288578,0.629301932867,0.672402577156,0.715503221446,
    0.758603865735,0.801704510024,0.844805154313,0.887905798602,
    0.931006442891,0.97410708718),.UNSPECIFIED.);
#1517 = CARTESIAN_POINT('',(2.589291281954E-02,0.));
#1518 = CARTESIAN_POINT('',(4.025979424925E-02,0.));
#1519 = CARTESIAN_POINT('',(6.899355710867E-02,0.));
#1520 = CARTESIAN_POINT('',(0.112094201398,0.));
#1521 = CARTESIAN_POINT('',(0.155194845687,0.));
#1522 = CARTESIAN_POINT('',(0.198295489976,0.));
#1523 = CARTESIAN_POINT('',(0.241396134265,0.));
#1524 = CARTESIAN_POINT('',(0.284496778554,0.));
#1525 = CARTESIAN_POINT('',(0.327597422843,0.));
#1526 = CARTESIAN_POINT('',(0.370698067133,0.));
#1527 = CARTESIAN_POINT('',(0.413798711422,0.));
#1528 = CARTESIAN_POINT('',(0.456899355711,0.));
#1529 = CARTESIAN_POINT('',(0.5,0.));
#1530 = CARTESIAN_POINT('',(0.543100644289,0.));
#1531 = CARTESIAN_POINT('',(0.586201288578,0.));
#1532 = CARTESIAN_POINT('',(0.629301932867,0.));
#1533 = CARTESIAN_POINT('',(0.672402577156,0.));
#1534 = CARTESIAN_POINT('',(0.715503221446,0.));
#1535 = CARTESIAN_POINT('',(0.758603865735,0.));
#1536 = CARTESIAN_POINT('',(0.801704510024,0.));
#1537 = CARTESIAN_POINT('',(0.844805154313,0.));
#1538 = CARTESIAN_POINT('',(0.887905798602,0.));
#1539 = CARTESIAN_POINT('',(0.931006442891,0.));
#1540 = CARTESIAN_POINT('',(0.959740205751,-0.));
#1541 = CARTESIAN_POINT('',(0.97410708718,0.));
#1542 = ( GEOMETRIC_REPRESENTATION_CONTEXT(2) 
PARAMETRIC_REPRESENTATION_CONTEXT() REPRESENTATION_CONTEXT('2D SPACE',''
  ) );
#1543 = ORIENTED_EDGE('',*,*,#1544,.F.);
#1544 = EDGE_CURVE('',#330,#1445,#1545,.T.);
#1545 = SURFACE_CURVE('',#1546,(#1593,#1643),.PCURVE_S1.);
#1546 = B_SPLINE_CURVE_WITH_KNOTS('',3,(#1547,#1548,#1549,#1550,#1551,
    #1552,#1553,#1554,#1555,#1556,#1557,#1558,#1559,#1560,#1561,#1562,
    #1563,#1564,#1565,#1566,#1567,#1568,#1569,#1570,#1571,#1572,#1573,
    #1574,#1575,#1576,#1577,#1578,#1579,#1580,#1581,#1582,#1583,#1584,
    #1585,#1586,#1587,#1588,#1589,#1590,#1591,#1592),.UNSPECIFIED.,.F.,
  .F.,(4,1,2,2,2,2,2,1,1,2,2,2,2,2,2,1,2,1,2,2,2,1,1,2,2,1,4),(0.,
    8.385995100596E-04,1.677199020119E-03,2.515798530179E-03,
    3.354398040239E-03,3.406810509617E-03,3.459222978996E-03,
    3.564047917754E-03,3.773697795269E-03,4.192997550299E-03,
    5.03159706036E-03,5.870196570421E-03,6.708796080481E-03,
    6.813621019239E-03,6.918445957996E-03,7.128095835512E-03,
    7.547395590543E-03,8.385995100604E-03,9.224594610666E-03,
    1.006319412073E-02,1.016801905948E-02,1.027284399824E-02,
    1.048249387576E-02,1.090179363079E-02,1.174039314085E-02,
    1.257899265091E-02,1.341759216097E-02),.UNSPECIFIED.);
#1547 = CARTESIAN_POINT('',(-152.4920853552,185.31187428958,0.));
#1548 = CARTESIAN_POINT('',(-152.484429284,185.5950366655,0.));
#1549 = CARTESIAN_POINT('',(-152.4471917191,186.15715492789,0.));
#1550 = CARTESIAN_POINT('',(-152.3664688363,186.71093033931,0.));
#1551 = CARTESIAN_POINT('',(-152.2637662317,187.26048884369,0.));
#1552 = CARTESIAN_POINT('',(-152.2014265619,187.53315992889,0.));
#1553 = CARTESIAN_POINT('',(-152.054090367,188.07415528117,0.));
#1554 = CARTESIAN_POINT('',(-151.9690971027,188.34248017385,0.));
#1555 = CARTESIAN_POINT('',(-151.8661247969,188.62514515944,0.));
#1556 = CARTESIAN_POINT('',(-151.8600209386,188.64176355887,0.));
#1557 = CARTESIAN_POINT('',(-151.8477195254,188.67498238163,0.));
#1558 = CARTESIAN_POINT('',(-151.8415210097,188.69158527651,0.));
#1559 = CARTESIAN_POINT('',(-151.8228071979,188.74130666895,0.));
#1560 = CARTESIAN_POINT('',(-151.784885687,188.84045702923,0.));
#1561 = CARTESIAN_POINT('',(-151.6929546628,189.06976664847,0.));
#1562 = CARTESIAN_POINT('',(-151.6082764047,189.26283613494,0.));
#1563 = CARTESIAN_POINT('',(-151.4311225962,189.64435842741,0.));
#1564 = CARTESIAN_POINT('',(-151.3026368067,189.89255882821,0.));
#1565 = CARTESIAN_POINT('',(-151.0248091879,190.37661102658,0.));
#1566 = CARTESIAN_POINT('',(-150.8754684018,190.61246344188,0.));
#1567 = CARTESIAN_POINT('',(-150.5554086581,191.07151052142,0.));
#1568 = CARTESIAN_POINT('',(-150.3846924636,191.29470682179,0.));
#1569 = CARTESIAN_POINT('',(-150.1800436386,191.53834643719,0.));
#1570 = CARTESIAN_POINT('',(-150.1571296247,191.56531373897,0.));
#1571 = CARTESIAN_POINT('',(-150.1109484807,191.61903926664,0.));
#1572 = CARTESIAN_POINT('',(-150.087666385,191.64581427195,0.));
#1573 = CARTESIAN_POINT('',(-150.0174563909,191.72563125078,0.));
#1574 = CARTESIAN_POINT('',(-149.8754899376,191.88334419533,0.));
#1575 = CARTESIAN_POINT('',(-149.7289246308,192.03534446235,0.));
#1576 = CARTESIAN_POINT('',(-149.4297379903,192.33182222362,0.));
#1577 = CARTESIAN_POINT('',(-149.0146939897,192.70709117137,0.));
#1578 = CARTESIAN_POINT('',(-148.5676762731,193.04264249543,0.));
#1579 = CARTESIAN_POINT('',(-148.1044739429,193.35808935652,0.));
#1580 = CARTESIAN_POINT('',(-147.8647818274,193.50576224048,0.));
#1581 = CARTESIAN_POINT('',(-147.5857117412,193.66019715018,0.));
#1582 = CARTESIAN_POINT('',(-147.5545611834,193.67719982219,0.));
#1583 = CARTESIAN_POINT('',(-147.4921674198,193.7107869397,0.));
#1584 = CARTESIAN_POINT('',(-147.3983793597,193.76057314272,0.));
#1585 = CARTESIAN_POINT('',(-147.178167485,193.8726062404,0.));
#1586 = CARTESIAN_POINT('',(-146.9870890989,193.96163229876,0.));
#1587 = CARTESIAN_POINT('',(-146.6018909835,194.13052604077,0.));
#1588 = CARTESIAN_POINT('',(-146.3410424643,194.23092680874,0.));
#1589 = CARTESIAN_POINT('',(-145.8114232611,194.40787238828,0.));
#1590 = CARTESIAN_POINT('',(-145.2738809873,194.56095928304,0.));
#1591 = CARTESIAN_POINT('',(-144.7205121781,194.66638784743,0.));
#1592 = CARTESIAN_POINT('',(-144.4397921559,194.70694970355,0.));
#1593 = PCURVE('',#79,#1594);
#1594 = DEFINITIONAL_REPRESENTATION('',(#1595),#1642);
#1595 = B_SPLINE_CURVE_WITH_KNOTS('',3,(#1596,#1597,#1598,#1599,#1600,
    #1601,#1602,#1603,#1604,#1605,#1606,#1607,#1608,#1609,#1610,#1611,
    #1612,#1613,#1614,#1615,#1616,#1617,#1618,#1619,#1620,#1621,#1622,
    #1623,#1624,#1625,#1626,#1627,#1628,#1629,#1630,#1631,#1632,#1633,
    #1634,#1635,#1636,#1637,#1638,#1639,#1640,#1641),.UNSPECIFIED.,.F.,
  .F.,(4,1,2,2,2,2,2,1,1,2,2,2,2,2,2,1,2,1,2,2,2,1,1,2,2,1,4),(0.,
    8.385995100596E-04,1.677199020119E-03,2.515798530179E-03,
    3.354398040239E-03,3.406810509617E-03,3.459222978996E-03,
    3.564047917754E-03,3.773697795269E-03,4.192997550299E-03,
    5.03159706036E-03,5.870196570421E-03,6.708796080481E-03,
    6.813621019239E-03,6.918445957996E-03,7.128095835512E-03,
    7.547395590543E-03,8.385995100604E-03,9.224594610666E-03,
    1.006319412073E-02,1.016801905948E-02,1.027284399824E-02,
    1.048249387576E-02,1.090179363079E-02,1.174039314085E-02,
    1.257899265091E-02,1.341759216097E-02),.UNSPECIFIED.);
#1596 = CARTESIAN_POINT('',(-152.4920853552,163.79387559721));
#1597 = CARTESIAN_POINT('',(-152.484429284,164.07703797313));
#1598 = CARTESIAN_POINT('',(-152.4471917191,164.63915623552));
#1599 = CARTESIAN_POINT('',(-152.3664688363,165.19293164694));
#1600 = CARTESIAN_POINT('',(-152.2637662317,165.74249015132));
#1601 = CARTESIAN_POINT('',(-152.2014265619,166.01516123652));
#1602 = CARTESIAN_POINT('',(-152.054090367,166.5561565888));
#1603 = CARTESIAN_POINT('',(-151.9690971027,166.82448148148));
#1604 = CARTESIAN_POINT('',(-151.8661247969,167.10714646707));
#1605 = CARTESIAN_POINT('',(-151.8600209386,167.1237648665));
#1606 = CARTESIAN_POINT('',(-151.8477195254,167.15698368926));
#1607 = CARTESIAN_POINT('',(-151.8415210097,167.17358658414));
#1608 = CARTESIAN_POINT('',(-151.8228071979,167.22330797658));
#1609 = CARTESIAN_POINT('',(-151.784885687,167.32245833686));
#1610 = CARTESIAN_POINT('',(-151.6929546628,167.5517679561));
#1611 = CARTESIAN_POINT('',(-151.6082764047,167.74483744257));
#1612 = CARTESIAN_POINT('',(-151.4311225962,168.12635973504));
#1613 = CARTESIAN_POINT('',(-151.3026368067,168.37456013584));
#1614 = CARTESIAN_POINT('',(-151.0248091879,168.85861233421));
#1615 = CARTESIAN_POINT('',(-150.8754684018,169.09446474951));
#1616 = CARTESIAN_POINT('',(-150.5554086581,169.55351182905));
#1617 = CARTESIAN_POINT('',(-150.3846924636,169.77670812942));
#1618 = CARTESIAN_POINT('',(-150.1800436386,170.02034774482));
#1619 = CARTESIAN_POINT('',(-150.1571296247,170.0473150466));
#1620 = CARTESIAN_POINT('',(-150.1109484807,170.10104057427));
#1621 = CARTESIAN_POINT('',(-150.087666385,170.12781557958));
#1622 = CARTESIAN_POINT('',(-150.0174563909,170.20763255841));
#1623 = CARTESIAN_POINT('',(-149.8754899376,170.36534550296));
#1624 = CARTESIAN_POINT('',(-149.7289246308,170.51734576998));
#1625 = CARTESIAN_POINT('',(-149.4297379903,170.81382353125));
#1626 = CARTESIAN_POINT('',(-149.0146939897,171.189092479));
#1627 = CARTESIAN_POINT('',(-148.5676762731,171.52464380306));
#1628 = CARTESIAN_POINT('',(-148.1044739429,171.84009066415));
#1629 = CARTESIAN_POINT('',(-147.8647818274,171.98776354811));
#1630 = CARTESIAN_POINT('',(-147.5857117412,172.14219845781));
#1631 = CARTESIAN_POINT('',(-147.5545611834,172.15920112982));
#1632 = CARTESIAN_POINT('',(-147.4921674198,172.19278824733));
#1633 = CARTESIAN_POINT('',(-147.3983793597,172.24257445035));
#1634 = CARTESIAN_POINT('',(-147.178167485,172.35460754803));
#1635 = CARTESIAN_POINT('',(-146.9870890989,172.44363360639));
#1636 = CARTESIAN_POINT('',(-146.6018909835,172.6125273484));
#1637 = CARTESIAN_POINT('',(-146.3410424643,172.71292811637));
#1638 = CARTESIAN_POINT('',(-145.8114232611,172.88987369591));
#1639 = CARTESIAN_POINT('',(-145.2738809873,173.04296059067));
#1640 = CARTESIAN_POINT('',(-144.7205121781,173.14838915506));
#1641 = CARTESIAN_POINT('',(-144.4397921559,173.18895101118));
#1642 = ( GEOMETRIC_REPRESENTATION_CONTEXT(2) 
PARAMETRIC_REPRESENTATION_CONTEXT() REPRESENTATION_CONTEXT('2D SPACE',''
  ) );
#1643 = PCURVE('',#1644,#1675);
#1644 = ( BOUNDED_SURFACE() B_SPLINE_SURFACE(3,2,(
    (#1645,#1646,#1647)
    ,(#1648,#1649,#1650)
    ,(#1651,#1652,#1653)
    ,(#1654,#1655,#1656)
    ,(#1657,#1658,#1659)
    ,(#1660,#1661,#1662)
    ,(#1663,#1664,#1665)
    ,(#1666,#1667,#1668)
    ,(#1669,#1670,#1671)
    ,(#1672,#1673,#1674
)),.UNSPECIFIED.,.F.,.F.,.F.) B_SPLINE_SURFACE_WITH_KNOTS((4,2,2,2,4),(3
    ,3),(0.125162461198,0.157171149364,0.189179837529,0.221188525694,
0.253197213859),(0.,1.),.UNSPECIFIED.) GEOMETRIC_REPRESENTATION_ITEM() 
RATIONAL_B_SPLINE_SURFACE((
    (1.,0.788869991117,1.)
    ,(1.,0.787473789588,1.)
    ,(1.,0.786010525793,1.)
    ,(1.,0.782930774718,1.)
    ,(1.,0.781314342891,1.)
    ,(1.,0.777906555269,1.)
    ,(1.,0.776115209454,1.)
    ,(1.,0.772332499486,1.)
    ,(1.,0.770341083731,1.)
,(1.,0.768235461747,1.))) REPRESENTATION_ITEM('') SURFACE() );
#1645 = CARTESIAN_POINT('',(-153.0568009332,186.17224298653,
    -2.321392122501));
#1646 = CARTESIAN_POINT('',(-152.2225598956,193.49634666233,
    0.198855894595));
#1647 = CARTESIAN_POINT('',(-144.6983344284,195.09203554704,
    -1.038039789063));
#1648 = CARTESIAN_POINT('',(-150.6840076002,182.55742653849,
    7.432295970808));
#1649 = CARTESIAN_POINT('',(-149.8330316273,189.90886317193,
    9.980675630338));
#1650 = CARTESIAN_POINT('',(-142.2717850837,191.47780140344,
    8.704772857909));
#1651 = CARTESIAN_POINT('',(-148.3120035188,178.94084428546,
    17.185484311915));
#1652 = CARTESIAN_POINT('',(-147.4472965923,186.32691311374,
    19.747029637307));
#1653 = CARTESIAN_POINT('',(-139.8435127443,187.86128261464,
    18.446444502852));
#1654 = CARTESIAN_POINT('',(-143.5699033601,171.70359507312,
    36.690708269204));
#1655 = CARTESIAN_POINT('',(-142.6767242303,179.16392686855,
    39.276239326802));
#1656 = CARTESIAN_POINT('',(-134.9831618851,180.62275928104,
    37.927129198081));
#1657 = CARTESIAN_POINT('',(-141.1998061436,168.08292849731,
    46.442744868626));
#1658 = CARTESIAN_POINT('',(-140.2909508323,175.58148392572,
    49.042927345291));
#1659 = CARTESIAN_POINT('',(-132.5510827823,177.00075645406,
    47.666143327971));
#1660 = CARTESIAN_POINT('',(-136.4619385468,160.83684732391,
    65.945493120696));
#1661 = CARTESIAN_POINT('',(-135.5204481572,168.41757504288,
    68.572283631636));
#1662 = CARTESIAN_POINT('',(-127.6827395154,169.75012053008,
    67.141067312876));
#1663 = CARTESIAN_POINT('',(-134.0941672042,157.21143411238,
    75.696203355163));
#1664 = CARTESIAN_POINT('',(-133.1346434856,164.83449225756,
    78.339354892257));
#1665 = CARTESIAN_POINT('',(-125.2464748884,166.12149054398,
    76.876976193662));
#1666 = CARTESIAN_POINT('',(-129.3614973308,149.9550668824,
    95.196090962926));
#1667 = CARTESIAN_POINT('',(-128.3642574785,157.66935230846,
    97.86886196649));
#1668 = CARTESIAN_POINT('',(-120.3693843935,158.85616191691,
    96.345148387058));
#1669 = CARTESIAN_POINT('',(-126.9965973649,146.3241145398,
    104.94526627755));
#1670 = CARTESIAN_POINT('',(-125.9784384403,154.08543313552,
    107.63636574162));
#1671 = CARTESIAN_POINT('',(-117.9285573434,155.21946713568,
    106.07741084379));
#1672 = CARTESIAN_POINT('',(-124.6334936327,142.68991644735,
    114.69355562204));
#1673 = CARTESIAN_POINT('',(-123.5998780487,150.51185633864,
    117.3744292752));
#1674 = CARTESIAN_POINT('',(-115.4852797234,151.5778275489,
    115.80752539127));
#1675 = DEFINITIONAL_REPRESENTATION('',(#1676),#1790);
#1676 = B_SPLINE_CURVE_WITH_KNOTS('',3,(#1677,#1678,#1679,#1680,#1681,
    #1682,#1683,#1684,#1685,#1686,#1687,#1688,#1689,#1690,#1691,#1692,
    #1693,#1694,#1695,#1696,#1697,#1698,#1699,#1700,#1701,#1702,#1703,
    #1704,#1705,#1706,#1707,#1708,#1709,#1710,#1711,#1712,#1713,#1714,
    #1715,#1716,#1717,#1718,#1719,#1720,#1721,#1722,#1723,#1724,#1725,
    #1726,#1727,#1728,#1729,#1730,#1731,#1732,#1733,#1734,#1735,#1736,
    #1737,#1738,#1739,#1740,#1741,#1742,#1743,#1744,#1745,#1746,#1747,
    #1748,#1749,#1750,#1751,#1752,#1753,#1754,#1755,#1756,#1757,#1758,
    #1759,#1760,#1761,#1762,#1763,#1764,#1765,#1766,#1767,#1768,#1769,
    #1770,#1771,#1772,#1773,#1774,#1775,#1776,#1777,#1778,#1779,#1780,
    #1781,#1782,#1783,#1784,#1785,#1786,#1787,#1788,#1789),
  .UNSPECIFIED.,.F.,.F.,(4,1,1,1,1,1,1,1,1,1,1,1,1,1,1,1,1,1,1,1,1,1,1,1
    ,1,1,1,1,1,1,1,1,1,1,1,1,1,1,1,1,1,1,1,1,1,1,1,1,1,1,1,1,1,1,1,1,1,1
    ,1,1,1,1,1,1,1,1,1,1,1,1,1,1,1,1,1,1,1,1,1,1,1,1,1,1,1,1,1,1,1,1,1,1
    ,1,1,1,1,1,1,1,1,1,1,1,1,1,1,1,1,1,1,4),(0.,1.219781105476E-04,
    2.439562210952E-04,3.659343316428E-04,4.879124421904E-04,
    6.09890552738E-04,7.318686632856E-04,8.538467738333E-04,
    9.758248843809E-04,1.097802994928E-03,1.219781105476E-03,
    1.341759216024E-03,1.463737326571E-03,1.585715437119E-03,
    1.707693547667E-03,1.829671658214E-03,1.951649768762E-03,
    2.073627879309E-03,2.195605989857E-03,2.317584100405E-03,
    2.439562210952E-03,2.5615403215E-03,2.683518432047E-03,
    2.805496542595E-03,2.927474653143E-03,3.04945276369E-03,
    3.171430874238E-03,3.293408984785E-03,3.415387095333E-03,
    3.537365205881E-03,3.659343316428E-03,3.781321426976E-03,
    3.903299537523E-03,4.025277648071E-03,4.147255758619E-03,
    4.269233869166E-03,4.391211979714E-03,4.513190090262E-03,
    4.635168200809E-03,4.757146311357E-03,4.879124421904E-03,
    5.001102532452E-03,5.123080643E-03,5.245058753547E-03,
    5.367036864095E-03,5.489014974642E-03,5.61099308519E-03,
    5.732971195738E-03,5.854949306285E-03,5.976927416833E-03,
    6.09890552738E-03,6.220883637928E-03,6.342861748476E-03,
    6.464839859023E-03,6.586817969571E-03,6.708796080118E-03,
    6.830774190666E-03,6.952752301214E-03,7.074730411761E-03,
    7.196708522309E-03,7.318686632856E-03,7.440664743404E-03,
    7.562642853952E-03,7.684620964499E-03,7.806599075047E-03,
    7.928577185595E-03,8.050555296142E-03,8.17253340669E-03,
    8.294511517237E-03,8.416489627785E-03,8.538467738333E-03,
    8.66044584888E-03,8.782423959428E-03,8.904402069975E-03,
    9.026380180523E-03,9.148358291071E-03,9.270336401618E-03,
    9.392314512166E-03,9.514292622713E-03,9.636270733261E-03,
    9.758248843809E-03,9.880226954356E-03,1.00022050649E-02,
    1.012418317545E-02,1.0246161286E-02,1.036813939655E-02,
    1.049011750709E-02,1.061209561764E-02,1.073407372819E-02,
    1.085605183874E-02,1.097802994928E-02,1.110000805983E-02,
    1.122198617038E-02,1.134396428093E-02,1.146594239148E-02,
    1.158792050202E-02,1.170989861257E-02,1.183187672312E-02,
    1.195385483367E-02,1.207583294421E-02,1.219781105476E-02,
    1.231978916531E-02,1.244176727586E-02,1.25637453864E-02,
    1.268572349695E-02,1.28077016075E-02,1.292967971805E-02,
    1.305165782859E-02,1.317363593914E-02,1.329561404969E-02,
    1.341759216024E-02),.UNSPECIFIED.);
#1677 = CARTESIAN_POINT('',(0.127701843208,0.));
#1678 = CARTESIAN_POINT('',(0.127688094131,3.159008114409E-03));
#1679 = CARTESIAN_POINT('',(0.127660729381,9.461685025211E-03));
#1680 = CARTESIAN_POINT('',(0.12762008198,1.887187812684E-02));
#1681 = CARTESIAN_POINT('',(0.127579833815,2.824045581977E-02));
#1682 = CARTESIAN_POINT('',(0.1275399844,3.756958587749E-02));
#1683 = CARTESIAN_POINT('',(0.127500533246,4.686140179712E-02));
#1684 = CARTESIAN_POINT('',(0.127461479874,5.611800213831E-02));
#1685 = CARTESIAN_POINT('',(0.127422823769,6.534145156085E-02));
#1686 = CARTESIAN_POINT('',(0.12738456455,7.453378039445E-02));
#1687 = CARTESIAN_POINT('',(0.127346702915,8.369699579394E-02));
#1688 = CARTESIAN_POINT('',(0.127309239471,9.28330865381E-02));
#1689 = CARTESIAN_POINT('',(0.127272174853,0.10194402231));
#1690 = CARTESIAN_POINT('',(0.127235509683,0.111031754014));
#1691 = CARTESIAN_POINT('',(0.127199244601,0.120098214303));
#1692 = CARTESIAN_POINT('',(0.127163380185,0.129145316154));
#1693 = CARTESIAN_POINT('',(0.127127917258,0.138174959126));
#1694 = CARTESIAN_POINT('',(0.127092857729,0.147189058686));
#1695 = CARTESIAN_POINT('',(0.127058203372,0.156189523828));
#1696 = CARTESIAN_POINT('',(0.127023956,0.16517825991));
#1697 = CARTESIAN_POINT('',(0.126990117407,0.174157167342));
#1698 = CARTESIAN_POINT('',(0.126956689419,0.183128143415));
#1699 = CARTESIAN_POINT('',(0.126923673756,0.192093075651));
#1700 = CARTESIAN_POINT('',(0.126891072558,0.201053866777));
#1701 = CARTESIAN_POINT('',(0.126858889158,0.210012469099));
#1702 = CARTESIAN_POINT('',(0.126827126608,0.218970865608));
#1703 = CARTESIAN_POINT('',(0.126795788357,0.227930948917));
#1704 = CARTESIAN_POINT('',(0.126764876545,0.236895003278));
#1705 = CARTESIAN_POINT('',(0.126734398155,0.245863895607));
#1706 = CARTESIAN_POINT('',(0.126704342107,0.254843827308));
#1707 = CARTESIAN_POINT('',(0.12667476534,0.26382122929));
#1708 = CARTESIAN_POINT('',(0.126645776044,0.272765127384));
#1709 = CARTESIAN_POINT('',(0.126617344393,0.281686016978));
#1710 = CARTESIAN_POINT('',(0.126589476307,0.290583657341));
#1711 = CARTESIAN_POINT('',(0.126562168882,0.29946064536));
#1712 = CARTESIAN_POINT('',(0.12653542179,0.308318790427));
#1713 = CARTESIAN_POINT('',(0.126509233847,0.317160089726));
#1714 = CARTESIAN_POINT('',(0.126483604186,0.325986463902));
#1715 = CARTESIAN_POINT('',(0.126458533383,0.334799831726));
#1716 = CARTESIAN_POINT('',(0.126434021722,0.343602102367));
#1717 = CARTESIAN_POINT('',(0.126410069568,0.35239517811));
#1718 = CARTESIAN_POINT('',(0.126386677253,0.361180953403));
#1719 = CARTESIAN_POINT('',(0.126363845171,0.369961316117));
#1720 = CARTESIAN_POINT('',(0.126341573494,0.378738143609));
#1721 = CARTESIAN_POINT('',(0.126319863842,0.387513325025));
#1722 = CARTESIAN_POINT('',(0.126298718366,0.396288763306));
#1723 = CARTESIAN_POINT('',(0.126278139083,0.405066367396));
#1724 = CARTESIAN_POINT('',(0.126258128051,0.413848054298));
#1725 = CARTESIAN_POINT('',(0.1262386873,0.422635747854));
#1726 = CARTESIAN_POINT('',(0.126219818925,0.431431381164));
#1727 = CARTESIAN_POINT('',(0.126201524795,0.440236887698));
#1728 = CARTESIAN_POINT('',(0.126183808561,0.449054260315));
#1729 = CARTESIAN_POINT('',(0.126166674272,0.45788552568));
#1730 = CARTESIAN_POINT('',(0.126150125866,0.46673273659));
#1731 = CARTESIAN_POINT('',(0.126134167328,0.475597951503));
#1732 = CARTESIAN_POINT('',(0.126118802576,0.484483323238));
#1733 = CARTESIAN_POINT('',(0.126104035741,0.493390764022));
#1734 = CARTESIAN_POINT('',(0.126089870169,0.502323195951));
#1735 = CARTESIAN_POINT('',(0.126076316165,0.511280673637));
#1736 = CARTESIAN_POINT('',(0.126063446609,0.520217114333));
#1737 = CARTESIAN_POINT('',(0.126051244346,0.529143108337));
#1738 = CARTESIAN_POINT('',(0.126039710188,0.538058430737));
#1739 = CARTESIAN_POINT('',(0.126028840804,0.546965723748));
#1740 = CARTESIAN_POINT('',(0.126018634174,0.555866843993));
#1741 = CARTESIAN_POINT('',(0.126009087226,0.56476385139));
#1742 = CARTESIAN_POINT('',(0.126000198905,0.573658716426));
#1743 = CARTESIAN_POINT('',(0.125991968419,0.582553422474));
#1744 = CARTESIAN_POINT('',(0.12598439491,0.591449950179));
#1745 = CARTESIAN_POINT('',(0.125977477529,0.600350281627));
#1746 = CARTESIAN_POINT('',(0.125971215457,0.609256399196));
#1747 = CARTESIAN_POINT('',(0.125965607742,0.618170285899));
#1748 = CARTESIAN_POINT('',(0.125960653972,0.627093925142));
#1749 = CARTESIAN_POINT('',(0.125956355517,0.63602931446));
#1750 = CARTESIAN_POINT('',(0.125952713497,0.644978468818));
#1751 = CARTESIAN_POINT('',(0.125949729102,0.653943420067));
#1752 = CARTESIAN_POINT('',(0.12594740349,0.662926216877));
#1753 = CARTESIAN_POINT('',(0.125945737877,0.671928926113));
#1754 = CARTESIAN_POINT('',(0.125944733285,0.680953627978));
#1755 = CARTESIAN_POINT('',(0.125944391518,0.690002435736));
#1756 = CARTESIAN_POINT('',(0.125944716122,0.699077504632));
#1757 = CARTESIAN_POINT('',(0.125945710373,0.708181080642));
#1758 = CARTESIAN_POINT('',(0.125947377532,0.717315226335));
#1759 = CARTESIAN_POINT('',(0.125949721196,0.726482861566));
#1760 = CARTESIAN_POINT('',(0.125952743632,0.735683876678));
#1761 = CARTESIAN_POINT('',(0.12595645209,0.744929640906));
#1762 = CARTESIAN_POINT('',(0.125960834928,0.754185181618));
#1763 = CARTESIAN_POINT('',(0.125965878386,0.763433331744));
#1764 = CARTESIAN_POINT('',(0.125971580236,0.772681905701));
#1765 = CARTESIAN_POINT('',(0.125977935211,0.781931561078));
#1766 = CARTESIAN_POINT('',(0.125984939882,0.791184832983));
#1767 = CARTESIAN_POINT('',(0.125992590613,0.800443741691));
#1768 = CARTESIAN_POINT('',(0.126000883616,0.809710447273));
#1769 = CARTESIAN_POINT('',(0.126009815313,0.818987062953));
#1770 = CARTESIAN_POINT('',(0.126019383956,0.828275676947));
#1771 = CARTESIAN_POINT('',(0.126029587424,0.837578394242));
#1772 = CARTESIAN_POINT('',(0.126040423701,0.846897328185));
#1773 = CARTESIAN_POINT('',(0.126051890728,0.856234602788));
#1774 = CARTESIAN_POINT('',(0.126063986512,0.86559235176));
#1775 = CARTESIAN_POINT('',(0.126076708837,0.874972720022));
#1776 = CARTESIAN_POINT('',(0.126090057247,0.884377851934));
#1777 = CARTESIAN_POINT('',(0.126104031717,0.893809915841));
#1778 = CARTESIAN_POINT('',(0.126118632107,0.903271108144));
#1779 = CARTESIAN_POINT('',(0.126133858314,0.912763652683));
#1780 = CARTESIAN_POINT('',(0.126149710212,0.922289801135));
#1781 = CARTESIAN_POINT('',(0.126166187721,0.931851833996));
#1782 = CARTESIAN_POINT('',(0.126183290605,0.941452058339));
#1783 = CARTESIAN_POINT('',(0.126201020497,0.951092828891));
#1784 = CARTESIAN_POINT('',(0.126219379261,0.960776550212));
#1785 = CARTESIAN_POINT('',(0.126238368697,0.970505673769));
#1786 = CARTESIAN_POINT('',(0.126257990626,0.980282701352));
#1787 = CARTESIAN_POINT('',(0.126278246863,0.990110179108));
#1788 = CARTESIAN_POINT('',(0.126292175102,0.996697208356));
#1789 = CARTESIAN_POINT('',(0.126299245545,1.));
#1790 = ( GEOMETRIC_REPRESENTATION_CONTEXT(2) 
PARAMETRIC_REPRESENTATION_CONTEXT() REPRESENTATION_CONTEXT('2D SPACE',''
  ) );
#1791 = FACE_BOUND('',#1792,.F.);
#1792 = EDGE_LOOP('',(#1793));
#1793 = ORIENTED_EDGE('',*,*,#1794,.T.);
#1794 = EDGE_CURVE('',#1795,#1795,#1797,.T.);
#1795 = VERTEX_POINT('',#1796);
#1796 = CARTESIAN_POINT('',(-39.37599685084,20.332356451253,0.));
#1797 = SURFACE_CURVE('',#1798,(#1803,#1814),.PCURVE_S1.);
#1798 = CIRCLE('',#1799,39.376);
#1799 = AXIS2_PLACEMENT_3D('',#1800,#1801,#1802);
#1800 = CARTESIAN_POINT('',(3.149154445696E-06,20.332356451253,0.));
#1801 = DIRECTION('',(0.,0.,-1.));
#1802 = DIRECTION('',(-1.,0.,0.));
#1803 = PCURVE('',#79,#1804);
#1804 = DEFINITIONAL_REPRESENTATION('',(#1805),#1813);
#1805 = ( BOUNDED_CURVE() B_SPLINE_CURVE(2,(#1806,#1807,#1808,#1809,
#1810,#1811,#1812),.UNSPECIFIED.,.T.,.F.) B_SPLINE_CURVE_WITH_KNOTS((1,2
    ,2,2,2,1),(-2.094395102393,0.,2.094395102393,4.188790204786,
6.28318530718,8.377580409573),.UNSPECIFIED.) CURVE() 
GEOMETRIC_REPRESENTATION_ITEM() RATIONAL_B_SPLINE_CURVE((1.,0.5,1.,0.5,
1.,0.5,1.)) REPRESENTATION_ITEM('') );
#1806 = CARTESIAN_POINT('',(-39.37599685084,-1.185642241108));
#1807 = CARTESIAN_POINT('',(-39.37599685084,67.015590357724));
#1808 = CARTESIAN_POINT('',(19.688003149154,32.914974058308));
#1809 = CARTESIAN_POINT('',(78.752003149154,-1.185642241108));
#1810 = CARTESIAN_POINT('',(19.688003149154,-35.28625854052));
#1811 = CARTESIAN_POINT('',(-39.37599685084,-69.38687483994));
#1812 = CARTESIAN_POINT('',(-39.37599685084,-1.185642241108));
#1813 = ( GEOMETRIC_REPRESENTATION_CONTEXT(2) 
PARAMETRIC_REPRESENTATION_CONTEXT() REPRESENTATION_CONTEXT('2D SPACE',''
  ) );
#1814 = PCURVE('',#1815,#1820);
#1815 = CYLINDRICAL_SURFACE('',#1816,39.376);
#1816 = AXIS2_PLACEMENT_3D('',#1817,#1818,#1819);
#1817 = CARTESIAN_POINT('',(3.149154445696E-06,20.332356451253,
    258.50382755725));
#1818 = DIRECTION('',(0.,0.,-1.));
#1819 = DIRECTION('',(-1.,0.,0.));
#1820 = DEFINITIONAL_REPRESENTATION('',(#1821),#1825);
#1821 = LINE('',#1822,#1823);
#1822 = CARTESIAN_POINT('',(0.,258.50382755725));
#1823 = VECTOR('',#1824,1.);
#1824 = DIRECTION('',(1.,0.));
#1825 = ( GEOMETRIC_REPRESENTATION_CONTEXT(2) 
PARAMETRIC_REPRESENTATION_CONTEXT() REPRESENTATION_CONTEXT('2D SPACE',''
  ) );
#1826 = ADVANCED_FACE('',(#1827),#135,.T.);
#1827 = FACE_BOUND('',#1828,.T.);
#1828 = EDGE_LOOP('',(#1829,#1830,#1903,#2184));
#1829 = ORIENTED_EDGE('',*,*,#377,.F.);
#1830 = ORIENTED_EDGE('',*,*,#1831,.F.);
#1831 = EDGE_CURVE('',#1832,#378,#1834,.T.);
#1832 = VERTEX_POINT('',#1833);
#1833 = CARTESIAN_POINT('',(-115.6305732106,-132.2504336489,114.));
#1834 = SURFACE_CURVE('',#1835,(#1845,#1874),.PCURVE_S1.);
#1835 = B_SPLINE_CURVE_WITH_KNOTS('',3,(#1836,#1837,#1838,#1839,#1840,
    #1841,#1842,#1843,#1844),.UNSPECIFIED.,.F.,.F.,(4,2,2,1,4),(0.,
    3.00463980437E-02,6.00927960874E-02,9.013919413111E-02,
    0.120185592175),.UNSPECIFIED.);
#1836 = CARTESIAN_POINT('',(-115.6305725941,-132.2504229939,114.));
#1837 = CARTESIAN_POINT('',(-118.1780011473,-134.1495943515,
    104.50193010489));
#1838 = CARTESIAN_POINT('',(-120.7247263776,-136.0466966054,
    95.00325881498));
#1839 = CARTESIAN_POINT('',(-125.8169990401,-139.8374555802,
    76.004913004508));
#1840 = CARTESIAN_POINT('',(-128.3625462049,-141.7311108731,
    66.505238125448));
#1841 = CARTESIAN_POINT('',(-133.4526503433,-145.5155195221,
    47.505043901439));
#1842 = CARTESIAN_POINT('',(-138.5417634014,-149.2970238735,
    28.504006305873));
#1843 = CARTESIAN_POINT('',(-143.6292039029,-153.0735921913,
    9.50153890428));
#1844 = CARTESIAN_POINT('',(-146.1725696506,-154.9608178741,
    -1.265859271308E-14));
#1845 = PCURVE('',#135,#1846);
#1846 = DEFINITIONAL_REPRESENTATION('',(#1847),#1873);
#1847 = B_SPLINE_CURVE_WITH_KNOTS('',3,(#1848,#1849,#1850,#1851,#1852,
    #1853,#1854,#1855,#1856,#1857,#1858,#1859,#1860,#1861,#1862,#1863,
    #1864,#1865,#1866,#1867,#1868,#1869,#1870,#1871,#1872),
  .UNSPECIFIED.,.F.,.F.,(4,1,1,1,1,1,1,1,1,1,1,1,1,1,1,1,1,1,1,1,1,1,4),
  (2.177243130116E-09,5.462983540769E-03,1.092596490429E-02,
    1.638894626782E-02,2.185192763135E-02,2.731490899487E-02,
    3.27778903584E-02,3.824087172192E-02,4.370385308545E-02,
    4.916683444897E-02,5.46298158125E-02,6.009279717603E-02,
    6.555577853955E-02,7.101875990308E-02,7.64817412666E-02,
    8.194472263013E-02,8.740770399365E-02,9.287068535718E-02,
    9.83336667207E-02,0.103796648084,0.109259629448,0.114722610811,
    0.120185592175),.UNSPECIFIED.);
#1848 = CARTESIAN_POINT('',(0.242890479759,0.));
#1849 = CARTESIAN_POINT('',(0.241069736825,-1.787726910817E-16));
#1850 = CARTESIAN_POINT('',(0.237428242733,5.043522103878E-13));
#1851 = CARTESIAN_POINT('',(0.231965977845,-1.766719820548E-12));
#1852 = CARTESIAN_POINT('',(0.226503690136,6.560771789554E-12));
#1853 = CARTESIAN_POINT('',(0.221041380539,-2.447812264407E-11));
#1854 = CARTESIAN_POINT('',(0.215579049973,9.135171878671E-11));
#1855 = CARTESIAN_POINT('',(0.210116699402,-2.417471520766E-11));
#1856 = CARTESIAN_POINT('',(0.204654329505,5.346797826624E-12));
#1857 = CARTESIAN_POINT('',(0.199191940985,2.787523901167E-12));
#1858 = CARTESIAN_POINT('',(0.193729534553,-1.64972376486E-11));
#1859 = CARTESIAN_POINT('',(0.188267110926,6.320108247592E-11));
#1860 = CARTESIAN_POINT('',(0.182804670796,-2.363074364724E-10));
#1861 = CARTESIAN_POINT('',(0.177342214934,8.820283191964E-10));
#1862 = CARTESIAN_POINT('',(0.171879743889,-2.363387832505E-10));
#1863 = CARTESIAN_POINT('',(0.166417258202,6.33268138056E-11));
#1864 = CARTESIAN_POINT('',(0.160954758419,-1.696847197191E-11));
#1865 = CARTESIAN_POINT('',(0.15549224508,4.546729864737E-12));
#1866 = CARTESIAN_POINT('',(0.150029718735,-1.218791704345E-12));
#1867 = CARTESIAN_POINT('',(0.144567179912,3.26682584736E-13));
#1868 = CARTESIAN_POINT('',(0.139104629005,-8.7938634599E-14));
#1869 = CARTESIAN_POINT('',(0.133642066426,2.331786976335E-14));
#1870 = CARTESIAN_POINT('',(0.12817949258,-7.086776215603E-15));
#1871 = CARTESIAN_POINT('',(0.124537769443,-1.786176269756E-16));
#1872 = CARTESIAN_POINT('',(0.122716906133,0.));
#1873 = ( GEOMETRIC_REPRESENTATION_CONTEXT(2) 
PARAMETRIC_REPRESENTATION_CONTEXT() REPRESENTATION_CONTEXT('2D SPACE',''
  ) );
#1874 = PCURVE('',#658,#1875);
#1875 = DEFINITIONAL_REPRESENTATION('',(#1876),#1902);
#1876 = B_SPLINE_CURVE_WITH_KNOTS('',3,(#1877,#1878,#1879,#1880,#1881,
    #1882,#1883,#1884,#1885,#1886,#1887,#1888,#1889,#1890,#1891,#1892,
    #1893,#1894,#1895,#1896,#1897,#1898,#1899,#1900,#1901),
  .UNSPECIFIED.,.F.,.F.,(4,1,1,1,1,1,1,1,1,1,1,1,1,1,1,1,1,1,1,1,1,1,4),
  (2.177243130116E-09,5.462983540769E-03,1.092596490429E-02,
    1.638894626782E-02,2.185192763135E-02,2.731490899487E-02,
    3.27778903584E-02,3.824087172192E-02,4.370385308545E-02,
    4.916683444897E-02,5.46298158125E-02,6.009279717603E-02,
    6.555577853955E-02,7.101875990308E-02,7.64817412666E-02,
    8.194472263013E-02,8.740770399365E-02,9.287068535718E-02,
    9.83336667207E-02,0.103796648084,0.109259629448,0.114722610811,
    0.120185592175),.UNSPECIFIED.);
#1877 = CARTESIAN_POINT('',(3.531794590455E-02,0.999999981888));
#1878 = CARTESIAN_POINT('',(3.517996676465E-02,0.984851545232));
#1879 = CARTESIAN_POINT('',(3.490727100472E-02,0.954554322573));
#1880 = CARTESIAN_POINT('',(3.450769357554E-02,0.909107473348));
#1881 = CARTESIAN_POINT('',(3.411725551176E-02,0.863659642133));
#1882 = CARTESIAN_POINT('',(3.373564920553E-02,0.818210860645));
#1883 = CARTESIAN_POINT('',(3.336257883536E-02,0.772761159607));
#1884 = CARTESIAN_POINT('',(3.299776115221E-02,0.727310568853));
#1885 = CARTESIAN_POINT('',(3.26409261271E-02,0.68185911645));
#1886 = CARTESIAN_POINT('',(3.229181599678E-02,0.636406828972));
#1887 = CARTESIAN_POINT('',(3.195018326284E-02,0.59095373225));
#1888 = CARTESIAN_POINT('',(3.161579052567E-02,0.545499851334));
#1889 = CARTESIAN_POINT('',(3.128840987001E-02,0.500045210204));
#1890 = CARTESIAN_POINT('',(3.096782256132E-02,0.454589833159));
#1891 = CARTESIAN_POINT('',(3.065382010318E-02,0.409133742839));
#1892 = CARTESIAN_POINT('',(3.034620201255E-02,0.363676960131));
#1893 = CARTESIAN_POINT('',(3.00447755562E-02,0.31821950557));
#1894 = CARTESIAN_POINT('',(2.974935541161E-02,0.272761398974));
#1895 = CARTESIAN_POINT('',(2.94597631279E-02,0.227302659673));
#1896 = CARTESIAN_POINT('',(2.917582773697E-02,0.181843306001));
#1897 = CARTESIAN_POINT('',(2.88973853312E-02,0.136383355351));
#1898 = CARTESIAN_POINT('',(2.86242780228E-02,9.092282468065E-02));
#1899 = CARTESIAN_POINT('',(2.835635320766E-02,4.546173048143E-02));
#1900 = CARTESIAN_POINT('',(2.818109491944E-02,1.515396923158E-02));
#1901 = CARTESIAN_POINT('',(2.809428079722E-02,0.));
#1902 = ( GEOMETRIC_REPRESENTATION_CONTEXT(2) 
PARAMETRIC_REPRESENTATION_CONTEXT() REPRESENTATION_CONTEXT('2D SPACE',''
  ) );
#1903 = ORIENTED_EDGE('',*,*,#1904,.F.);
#1904 = EDGE_CURVE('',#93,#1832,#1905,.T.);
#1905 = SURFACE_CURVE('',#1906,(#1963,#2124),.PCURVE_S1.);
#1906 = B_SPLINE_CURVE_WITH_KNOTS('',3,(#1907,#1908,#1909,#1910,#1911,
    #1912,#1913,#1914,#1915,#1916,#1917,#1918,#1919,#1920,#1921,#1922,
    #1923,#1924,#1925,#1926,#1927,#1928,#1929,#1930,#1931,#1932,#1933,
    #1934,#1935,#1936,#1937,#1938,#1939,#1940,#1941,#1942,#1943,#1944,
    #1945,#1946,#1947,#1948,#1949,#1950,#1951,#1952,#1953,#1954,#1955,
    #1956,#1957,#1958,#1959,#1960,#1961,#1962),.UNSPECIFIED.,.F.,.F.,(4,
    1,2,2,1,1,2,2,2,1,1,1,1,1,1,1,2,1,1,2,1,1,1,1,1,1,2,1,2,2,1,2,1,2,2,
    2,1,2,4),(0.,4.431226779759E-04,8.862453559518E-04,
    1.772490711904E-03,2.215613389879E-03,2.658736067855E-03,
    3.101858745831E-03,3.212639415325E-03,3.268029750072E-03,
    3.323420084819E-03,3.544981423807E-03,3.988104101783E-03,
    4.431226779759E-03,4.874349457734E-03,5.31747213571E-03,
    5.760594813686E-03,6.203717491662E-03,6.425278830649E-03,
    6.480669165396E-03,6.536059500143E-03,6.646840169637E-03,
    7.089962847614E-03,7.53308552559E-03,7.976208203566E-03,
    8.419330881543E-03,8.862453559519E-03,9.305576237495E-03,
    9.527137576483E-03,9.637918245977E-03,9.748698915472E-03,
    1.019182159345E-02,1.063494427142E-02,1.152118962738E-02,
    1.240743498333E-02,1.285055766131E-02,1.29613383308E-02,
    1.307211900029E-02,1.329368033928E-02,1.417992569523E-02),
  .UNSPECIFIED.);
#1907 = CARTESIAN_POINT('',(-124.8408032192,-123.0798906271,114.));
#1908 = CARTESIAN_POINT('',(-124.8333146925,-123.2294738312,114.));
#1909 = CARTESIAN_POINT('',(-124.8116489045,-123.5271712492,114.));
#1910 = CARTESIAN_POINT('',(-124.7767817194,-123.8219693557,114.));
#1911 = CARTESIAN_POINT('',(-124.7146526778,-124.2620080168,114.));
#1912 = CARTESIAN_POINT('',(-124.6601478025,-124.5524932631,114.));
#1913 = CARTESIAN_POINT('',(-124.55871055,-124.9838989935,114.));
#1914 = CARTESIAN_POINT('',(-124.4845162562,-125.2700600189,114.));
#1915 = CARTESIAN_POINT('',(-124.3533180273,-125.6949295972,114.));
#1916 = CARTESIAN_POINT('',(-124.2523678789,-125.97521446,114.));
#1917 = CARTESIAN_POINT('',(-124.1849657866,-126.1494463148,114.));
#1918 = CARTESIAN_POINT('',(-124.1712698424,-126.1842453517,114.));
#1919 = CARTESIAN_POINT('',(-124.150400521,-126.236372441,114.));
#1920 = CARTESIAN_POINT('',(-124.1433875,-126.2537419442,114.));
#1921 = CARTESIAN_POINT('',(-124.1292679334,-126.2884195889,114.));
#1922 = CARTESIAN_POINT('',(-124.0937327433,-126.3749669533,114.));
#1923 = CARTESIAN_POINT('',(-123.9982775143,-126.5980872422,114.));
#1924 = CARTESIAN_POINT('',(-123.8402192745,-126.9343904947,114.));
#1925 = CARTESIAN_POINT('',(-123.6328649685,-127.3269707627,114.));
#1926 = CARTESIAN_POINT('',(-123.4079593169,-127.708650046,114.));
#1927 = CARTESIAN_POINT('',(-123.1655314002,-128.0794464062,114.));
#1928 = CARTESIAN_POINT('',(-122.9055071775,-128.4393138571,114.));
#1929 = CARTESIAN_POINT('',(-122.7203073363,-128.6718653381,114.));
#1930 = CARTESIAN_POINT('',(-122.5768909443,-128.843473784,114.));
#1931 = CARTESIAN_POINT('',(-122.5161928047,-128.9143926641,114.));
#1932 = CARTESIAN_POINT('',(-122.4419283098,-128.9986091484,114.));
#1933 = CARTESIAN_POINT('',(-122.416982503,-129.0265627997,114.));
#1934 = CARTESIAN_POINT('',(-122.3794712782,-129.0683477521,114.));
#1935 = CARTESIAN_POINT('',(-122.2537329211,-129.2067553918,114.));
#1936 = CARTESIAN_POINT('',(-122.0211386591,-129.4480633523,114.));
#1937 = CARTESIAN_POINT('',(-121.6979102404,-129.7534408695,114.));
#1938 = CARTESIAN_POINT('',(-121.3617578591,-130.0426752598,114.));
#1939 = CARTESIAN_POINT('',(-121.0127813076,-130.3158911725,114.));
#1940 = CARTESIAN_POINT('',(-120.6510048562,-130.5731189231,114.));
#1941 = CARTESIAN_POINT('',(-120.4012534783,-130.7339030835,114.));
#1942 = CARTESIAN_POINT('',(-120.2106954266,-130.8504385249,114.));
#1943 = CARTESIAN_POINT('',(-120.1146049681,-130.9076926973,114.));
#1944 = CARTESIAN_POINT('',(-120.017288569,-130.9634155658,114.));
#1945 = CARTESIAN_POINT('',(-119.9521373603,-131.0002223836,114.));
#1946 = CARTESIAN_POINT('',(-119.9194083189,-131.0184638461,114.));
#1947 = CARTESIAN_POINT('',(-119.7554682512,-131.1085995257,114.));
#1948 = CARTESIAN_POINT('',(-119.4908038091,-131.2462377832,114.));
#1949 = CARTESIAN_POINT('',(-119.2215310123,-131.371031425,114.));
#1950 = CARTESIAN_POINT('',(-118.8142268008,-131.5487591443,114.));
#1951 = CARTESIAN_POINT('',(-118.2621145156,-131.7605327285,114.));
#1952 = CARTESIAN_POINT('',(-117.6922470011,-131.9228181306,114.));
#1953 = CARTESIAN_POINT('',(-117.2581561106,-132.0258848002,114.));
#1954 = CARTESIAN_POINT('',(-117.1123425279,-132.057128065,114.));
#1955 = CARTESIAN_POINT('',(-116.9286642825,-132.0922485986,114.));
#1956 = CARTESIAN_POINT('',(-116.8918452212,-132.0990781257,114.));
#1957 = CARTESIAN_POINT('',(-116.8181772106,-132.1123225488,114.));
#1958 = CARTESIAN_POINT('',(-116.7076007942,-132.1315732958,114.));
#1959 = CARTESIAN_POINT('',(-116.5968019732,-132.1489829789,114.));
#1960 = CARTESIAN_POINT('',(-116.2269811853,-132.2029475738,114.));
#1961 = CARTESIAN_POINT('',(-115.9295549392,-132.2331259754,114.));
#1962 = CARTESIAN_POINT('',(-115.6305725941,-132.2504229939,114.));
#1963 = PCURVE('',#135,#1964);
#1964 = DEFINITIONAL_REPRESENTATION('',(#1965),#2123);
#1965 = B_SPLINE_CURVE_WITH_KNOTS('',3,(#1966,#1967,#1968,#1969,#1970,
    #1971,#1972,#1973,#1974,#1975,#1976,#1977,#1978,#1979,#1980,#1981,
    #1982,#1983,#1984,#1985,#1986,#1987,#1988,#1989,#1990,#1991,#1992,
    #1993,#1994,#1995,#1996,#1997,#1998,#1999,#2000,#2001,#2002,#2003,
    #2004,#2005,#2006,#2007,#2008,#2009,#2010,#2011,#2012,#2013,#2014,
    #2015,#2016,#2017,#2018,#2019,#2020,#2021,#2022,#2023,#2024,#2025,
    #2026,#2027,#2028,#2029,#2030,#2031,#2032,#2033,#2034,#2035,#2036,
    #2037,#2038,#2039,#2040,#2041,#2042,#2043,#2044,#2045,#2046,#2047,
    #2048,#2049,#2050,#2051,#2052,#2053,#2054,#2055,#2056,#2057,#2058,
    #2059,#2060,#2061,#2062,#2063,#2064,#2065,#2066,#2067,#2068,#2069,
    #2070,#2071,#2072,#2073,#2074,#2075,#2076,#2077,#2078,#2079,#2080,
    #2081,#2082,#2083,#2084,#2085,#2086,#2087,#2088,#2089,#2090,#2091,
    #2092,#2093,#2094,#2095,#2096,#2097,#2098,#2099,#2100,#2101,#2102,
    #2103,#2104,#2105,#2106,#2107,#2108,#2109,#2110,#2111,#2112,#2113,
    #2114,#2115,#2116,#2117,#2118,#2119,#2120,#2121,#2122),
  .UNSPECIFIED.,.F.,.F.,(4,1,1,1,1,1,1,1,1,1,1,1,1,1,1,1,1,1,1,1,1,1,1,1
    ,1,1,1,1,1,1,1,1,1,1,1,1,1,1,1,1,1,1,1,1,1,1,1,1,1,1,1,1,1,1,1,1,1,1
    ,1,1,1,1,1,1,1,1,1,1,1,1,1,1,1,1,1,1,1,1,1,1,1,1,1,1,1,1,1,1,1,1,1,1
    ,1,1,1,1,1,1,1,1,1,1,1,1,1,1,1,1,1,1,1,1,1,1,1,1,1,1,1,1,1,1,1,1,1,1
    ,1,1,1,1,1,1,1,1,1,1,1,1,1,1,1,1,1,1,1,1,1,1,1,1,1,1,1,1,4),(0.,
    9.207743957882E-05,1.841548791576E-04,2.762323187365E-04,
    3.683097583153E-04,4.603871978941E-04,5.524646374729E-04,
    6.445420770518E-04,7.366195166306E-04,8.286969562094E-04,
    9.207743957882E-04,1.012851835367E-03,1.104929274946E-03,
    1.197006714525E-03,1.289084154104E-03,1.381161593682E-03,
    1.473239033261E-03,1.56531647284E-03,1.657393912419E-03,
    1.749471351998E-03,1.841548791576E-03,1.933626231155E-03,
    2.025703670734E-03,2.117781110313E-03,2.209858549892E-03,
    2.301935989471E-03,2.394013429049E-03,2.486090868628E-03,
    2.578168308207E-03,2.670245747786E-03,2.762323187365E-03,
    2.854400626944E-03,2.946478066522E-03,3.038555506101E-03,
    3.13063294568E-03,3.222710385259E-03,3.314787824838E-03,
    3.406865264416E-03,3.498942703995E-03,3.591020143574E-03,
    3.683097583153E-03,3.775175022732E-03,3.867252462311E-03,
    3.959329901889E-03,4.051407341468E-03,4.143484781047E-03,
    4.235562220626E-03,4.327639660205E-03,4.419717099783E-03,
    4.511794539362E-03,4.603871978941E-03,4.69594941852E-03,
    4.788026858099E-03,4.880104297678E-03,4.972181737256E-03,
    5.064259176835E-03,5.156336616414E-03,5.248414055993E-03,
    5.340491495572E-03,5.432568935151E-03,5.524646374729E-03,
    5.616723814308E-03,5.708801253887E-03,5.800878693466E-03,
    5.892956133045E-03,5.985033572623E-03,6.077111012202E-03,
    6.169188451781E-03,6.26126589136E-03,6.353343330939E-03,
    6.445420770518E-03,6.537498210096E-03,6.629575649675E-03,
    6.721653089254E-03,6.813730528833E-03,6.905807968412E-03,
    6.997885407991E-03,7.089962847569E-03,7.182040287148E-03,
    7.274117726727E-03,7.366195166306E-03,7.458272605885E-03,
    7.550350045463E-03,7.642427485042E-03,7.734504924621E-03,
    7.8265823642E-03,7.918659803779E-03,8.010737243358E-03,
    8.102814682936E-03,8.194892122515E-03,8.286969562094E-03,
    8.379047001673E-03,8.471124441252E-03,8.563201880831E-03,
    8.655279320409E-03,8.747356759988E-03,8.839434199567E-03,
    8.931511639146E-03,9.023589078725E-03,9.115666518303E-03,
    9.207743957882E-03,9.299821397461E-03,9.39189883704E-03,
    9.483976276619E-03,9.576053716198E-03,9.668131155776E-03,
    9.760208595355E-03,9.852286034934E-03,9.944363474513E-03,
    1.003644091409E-02,1.012851835367E-02,1.022059579325E-02,
    1.031267323283E-02,1.040475067241E-02,1.049682811199E-02,
    1.058890555156E-02,1.068098299114E-02,1.077306043072E-02,
    1.08651378703E-02,1.095721530988E-02,1.104929274946E-02,
    1.114137018904E-02,1.123344762862E-02,1.13255250682E-02,
    1.141760250777E-02,1.150967994735E-02,1.160175738693E-02,
    1.169383482651E-02,1.178591226609E-02,1.187798970567E-02,
    1.197006714525E-02,1.206214458483E-02,1.21542220244E-02,
    1.224629946398E-02,1.233837690356E-02,1.243045434314E-02,
    1.252253178272E-02,1.26146092223E-02,1.270668666188E-02,
    1.279876410146E-02,1.289084154104E-02,1.298291898061E-02,
    1.307499642019E-02,1.316707385977E-02,1.325915129935E-02,
    1.335122873893E-02,1.344330617851E-02,1.353538361809E-02,
    1.362746105767E-02,1.371953849724E-02,1.381161593682E-02,
    1.39036933764E-02,1.399577081598E-02,1.408784825556E-02,
    1.417992569514E-02),.UNSPECIFIED.);
#1966 = CARTESIAN_POINT('',(0.24232620817,1.));
#1967 = CARTESIAN_POINT('',(0.242320690536,0.997639620396));
#1968 = CARTESIAN_POINT('',(0.242309739689,0.992929528129));
#1969 = CARTESIAN_POINT('',(0.242293565985,0.985895300401));
#1970 = CARTESIAN_POINT('',(0.242277644157,0.978890886895));
#1971 = CARTESIAN_POINT('',(0.242261973512,0.971915213214));
#1972 = CARTESIAN_POINT('',(0.242246553346,0.964967221514));
#1973 = CARTESIAN_POINT('',(0.242231383013,0.958045873224));
#1974 = CARTESIAN_POINT('',(0.242216462156,0.951150150895));
#1975 = CARTESIAN_POINT('',(0.242201790388,0.944279050553));
#1976 = CARTESIAN_POINT('',(0.242187367319,0.93743158249));
#1977 = CARTESIAN_POINT('',(0.242173192599,0.930606770966));
#1978 = CARTESIAN_POINT('',(0.242159265596,0.923803652542));
#1979 = CARTESIAN_POINT('',(0.242145586423,0.917021282232));
#1980 = CARTESIAN_POINT('',(0.242132155134,0.910258723367));
#1981 = CARTESIAN_POINT('',(0.2421189718,0.903515048745));
#1982 = CARTESIAN_POINT('',(0.242106036486,0.896789340204));
#1983 = CARTESIAN_POINT('',(0.242093349259,0.890080688621));
#1984 = CARTESIAN_POINT('',(0.242080910187,0.883388193796));
#1985 = CARTESIAN_POINT('',(0.242068719337,0.876710964395));
#1986 = CARTESIAN_POINT('',(0.242056776772,0.870048117803));
#1987 = CARTESIAN_POINT('',(0.242045082576,0.863398780294));
#1988 = CARTESIAN_POINT('',(0.242033637546,0.856762074446));
#1989 = CARTESIAN_POINT('',(0.242022442144,0.85013713103));
#1990 = CARTESIAN_POINT('',(0.242011496903,0.843523084724));
#1991 = CARTESIAN_POINT('',(0.242000802342,0.836919074877));
#1992 = CARTESIAN_POINT('',(0.241990358971,0.830324245893));
#1993 = CARTESIAN_POINT('',(0.241980167612,0.823737738172));
#1994 = CARTESIAN_POINT('',(0.241970229109,0.817158693363));
#1995 = CARTESIAN_POINT('',(0.241960544302,0.810586255191));
#1996 = CARTESIAN_POINT('',(0.241951114019,0.804019569107));
#1997 = CARTESIAN_POINT('',(0.241941939135,0.797457782995));
#1998 = CARTESIAN_POINT('',(0.241933020852,0.79090002717));
#1999 = CARTESIAN_POINT('',(0.241924360369,0.78434545567));
#2000 = CARTESIAN_POINT('',(0.241915958799,0.777793132373));
#2001 = CARTESIAN_POINT('',(0.241907817606,0.771242452982));
#2002 = CARTESIAN_POINT('',(0.241899936984,0.764691569242));
#2003 = CARTESIAN_POINT('',(0.241892322682,0.758143032234));
#2004 = CARTESIAN_POINT('',(0.241885001155,0.75161894511));
#2005 = CARTESIAN_POINT('',(0.241877965396,0.745113479889));
#2006 = CARTESIAN_POINT('',(0.241871215797,0.738626999313));
#2007 = CARTESIAN_POINT('',(0.241864750961,0.73215822895));
#2008 = CARTESIAN_POINT('',(0.241858570236,0.725706353925));
#2009 = CARTESIAN_POINT('',(0.241852672778,0.719270449449));
#2010 = CARTESIAN_POINT('',(0.241847057806,0.712849633214));
#2011 = CARTESIAN_POINT('',(0.241841724477,0.706443023644));
#2012 = CARTESIAN_POINT('',(0.24183667225,0.700049755854));
#2013 = CARTESIAN_POINT('',(0.241831900706,0.693668973518));
#2014 = CARTESIAN_POINT('',(0.241827409398,0.687299827013));
#2015 = CARTESIAN_POINT('',(0.24182319789,0.680941473821));
#2016 = CARTESIAN_POINT('',(0.241819265721,0.674593078319));
#2017 = CARTESIAN_POINT('',(0.241815612759,0.668253813298));
#2018 = CARTESIAN_POINT('',(0.241812238916,0.661922855932));
#2019 = CARTESIAN_POINT('',(0.241809144093,0.655599387581));
#2020 = CARTESIAN_POINT('',(0.241806328189,0.649282593772));
#2021 = CARTESIAN_POINT('',(0.241803791121,0.642971664344));
#2022 = CARTESIAN_POINT('',(0.241801533146,0.63666579123));
#2023 = CARTESIAN_POINT('',(0.241799554502,0.630364167782));
#2024 = CARTESIAN_POINT('',(0.241797855439,0.624065988878));
#2025 = CARTESIAN_POINT('',(0.241796436182,0.617770451163));
#2026 = CARTESIAN_POINT('',(0.241795297048,0.611476751905));
#2027 = CARTESIAN_POINT('',(0.241794438664,0.605184084598));
#2028 = CARTESIAN_POINT('',(0.241793861609,0.598891642054));
#2029 = CARTESIAN_POINT('',(0.241793566486,0.592598615723));
#2030 = CARTESIAN_POINT('',(0.241793553852,0.586304196778));
#2031 = CARTESIAN_POINT('',(0.241793824456,0.580007571892));
#2032 = CARTESIAN_POINT('',(0.241794379296,0.573707917462));
#2033 = CARTESIAN_POINT('',(0.241795219316,0.567404413642));
#2034 = CARTESIAN_POINT('',(0.241796345497,0.561096211895));
#2035 = CARTESIAN_POINT('',(0.241797758732,0.554782552115));
#2036 = CARTESIAN_POINT('',(0.24179946042,0.548462320681));
#2037 = CARTESIAN_POINT('',(0.241801451361,0.542135664899));
#2038 = CARTESIAN_POINT('',(0.241803734498,0.535798000559));
#2039 = CARTESIAN_POINT('',(0.241806301039,0.529473423035));
#2040 = CARTESIAN_POINT('',(0.241809149408,0.523160206456));
#2041 = CARTESIAN_POINT('',(0.24181227836,0.516857705373));
#2042 = CARTESIAN_POINT('',(0.241815686766,0.51056500161));
#2043 = CARTESIAN_POINT('',(0.241819373467,0.504281259034));
#2044 = CARTESIAN_POINT('',(0.241823337313,0.498005628408));
#2045 = CARTESIAN_POINT('',(0.241827577149,0.491737273116));
#2046 = CARTESIAN_POINT('',(0.241832092192,0.485475370555));
#2047 = CARTESIAN_POINT('',(0.241836881658,0.479219102482));
#2048 = CARTESIAN_POINT('',(0.241841944767,0.472967654887));
#2049 = CARTESIAN_POINT('',(0.241847280721,0.466720217645));
#2050 = CARTESIAN_POINT('',(0.24185288879,0.46047598612));
#2051 = CARTESIAN_POINT('',(0.241858768564,0.454234163633));
#2052 = CARTESIAN_POINT('',(0.241864919597,0.447993954246));
#2053 = CARTESIAN_POINT('',(0.241871341459,0.441754563848));
#2054 = CARTESIAN_POINT('',(0.241878033685,0.435515199556));
#2055 = CARTESIAN_POINT('',(0.241884995954,0.429275071181));
#2056 = CARTESIAN_POINT('',(0.241892228196,0.423033389908));
#2057 = CARTESIAN_POINT('',(0.24189973029,0.416789365481));
#2058 = CARTESIAN_POINT('',(0.241907502141,0.410542206718));
#2059 = CARTESIAN_POINT('',(0.241915543607,0.404291121515));
#2060 = CARTESIAN_POINT('',(0.241923854767,0.398035316163));
#2061 = CARTESIAN_POINT('',(0.241932435875,0.391773993214));
#2062 = CARTESIAN_POINT('',(0.241941287141,0.3855063517));
#2063 = CARTESIAN_POINT('',(0.241950408795,0.379231586891));
#2064 = CARTESIAN_POINT('',(0.241959801026,0.372948890984));
#2065 = CARTESIAN_POINT('',(0.241969464319,0.36665744878));
#2066 = CARTESIAN_POINT('',(0.241979399248,0.360356437196));
#2067 = CARTESIAN_POINT('',(0.241989606365,0.354045029006));
#2068 = CARTESIAN_POINT('',(0.242000086227,0.347722383424));
#2069 = CARTESIAN_POINT('',(0.242010839393,0.341387679924));
#2070 = CARTESIAN_POINT('',(0.242021866902,0.335039981376));
#2071 = CARTESIAN_POINT('',(0.242033168986,0.328678727324));
#2072 = CARTESIAN_POINT('',(0.242044748617,0.322301915691));
#2073 = CARTESIAN_POINT('',(0.24205660073,0.315912040768));
#2074 = CARTESIAN_POINT('',(0.242068685397,0.309529433751));
#2075 = CARTESIAN_POINT('',(0.242081008768,0.303149153224));
#2076 = CARTESIAN_POINT('',(0.242093567699,0.296771453604));
#2077 = CARTESIAN_POINT('',(0.242106361541,0.290395201805));
#2078 = CARTESIAN_POINT('',(0.242119388952,0.284019639996));
#2079 = CARTESIAN_POINT('',(0.242132648881,0.277643918653));
#2080 = CARTESIAN_POINT('',(0.242146140494,0.271267227009));
#2081 = CARTESIAN_POINT('',(0.242159862925,0.264888746098));
#2082 = CARTESIAN_POINT('',(0.24217381532,0.258507660351));
#2083 = CARTESIAN_POINT('',(0.242187996816,0.252123154078));
#2084 = CARTESIAN_POINT('',(0.242202406371,0.245734408572));
#2085 = CARTESIAN_POINT('',(0.242217043641,0.239340624149));
#2086 = CARTESIAN_POINT('',(0.242231908177,0.232940994805));
#2087 = CARTESIAN_POINT('',(0.242246999558,0.226534712513));
#2088 = CARTESIAN_POINT('',(0.242262317355,0.220120966082));
#2089 = CARTESIAN_POINT('',(0.242277861143,0.213698941454));
#2090 = CARTESIAN_POINT('',(0.242293630495,0.207267821627));
#2091 = CARTESIAN_POINT('',(0.242309624982,0.20082678667));
#2092 = CARTESIAN_POINT('',(0.242325844186,0.194375013707));
#2093 = CARTESIAN_POINT('',(0.242342287647,0.18791167693));
#2094 = CARTESIAN_POINT('',(0.242358955426,0.181435949268));
#2095 = CARTESIAN_POINT('',(0.242375847646,0.174946995718));
#2096 = CARTESIAN_POINT('',(0.242392964417,0.168443973112));
#2097 = CARTESIAN_POINT('',(0.242410305851,0.161926030081));
#2098 = CARTESIAN_POINT('',(0.24242787206,0.155392307006));
#2099 = CARTESIAN_POINT('',(0.242445663156,0.148841935837));
#2100 = CARTESIAN_POINT('',(0.242463679244,0.142274040423));
#2101 = CARTESIAN_POINT('',(0.242481920464,0.13568773491));
#2102 = CARTESIAN_POINT('',(0.242500386826,0.129082129353));
#2103 = CARTESIAN_POINT('',(0.242519078884,0.122456307258));
#2104 = CARTESIAN_POINT('',(0.242537997175,0.115809370651));
#2105 = CARTESIAN_POINT('',(0.242557142483,0.109140284988));
#2106 = CARTESIAN_POINT('',(0.242576514255,0.102448471048));
#2107 = CARTESIAN_POINT('',(0.242596117042,9.573158630132E-02));
#2108 = CARTESIAN_POINT('',(0.242615938731,8.899302555709E-02));
#2109 = CARTESIAN_POINT('',(0.242635941332,8.224473944503E-02));
#2110 = CARTESIAN_POINT('',(0.242656132356,7.548307094373E-02));
#2111 = CARTESIAN_POINT('',(0.242676509204,6.870787775164E-02));
#2112 = CARTESIAN_POINT('',(0.242697071976,6.191806814945E-02));
#2113 = CARTESIAN_POINT('',(0.242717819868,5.511279444625E-02));
#2114 = CARTESIAN_POINT('',(0.242738752845,4.829114814218E-02));
#2115 = CARTESIAN_POINT('',(0.242759870706,4.145222645892E-02));
#2116 = CARTESIAN_POINT('',(0.242781173294,3.459511329556E-02));
#2117 = CARTESIAN_POINT('',(0.242802660442,2.771888420203E-02));
#2118 = CARTESIAN_POINT('',(0.242824331983,2.08226050073E-02));
#2119 = CARTESIAN_POINT('',(0.242846187753,1.390533178376E-02));
#2120 = CARTESIAN_POINT('',(0.242868227585,6.966111786029E-03));
#2121 = CARTESIAN_POINT('',(0.242883043404,2.324690016075E-03));
#2122 = CARTESIAN_POINT('',(0.242890481936,0.));
#2123 = ( GEOMETRIC_REPRESENTATION_CONTEXT(2) 
PARAMETRIC_REPRESENTATION_CONTEXT() REPRESENTATION_CONTEXT('2D SPACE',''
  ) );
#2124 = PCURVE('',#232,#2125);
#2125 = DEFINITIONAL_REPRESENTATION('',(#2126),#2183);
#2126 = B_SPLINE_CURVE_WITH_KNOTS('',3,(#2127,#2128,#2129,#2130,#2131,
    #2132,#2133,#2134,#2135,#2136,#2137,#2138,#2139,#2140,#2141,#2142,
    #2143,#2144,#2145,#2146,#2147,#2148,#2149,#2150,#2151,#2152,#2153,
    #2154,#2155,#2156,#2157,#2158,#2159,#2160,#2161,#2162,#2163,#2164,
    #2165,#2166,#2167,#2168,#2169,#2170,#2171,#2172,#2173,#2174,#2175,
    #2176,#2177,#2178,#2179,#2180,#2181,#2182),.UNSPECIFIED.,.F.,.F.,(4,
    1,2,2,1,1,2,2,2,1,1,1,1,1,1,1,2,1,1,2,1,1,1,1,1,1,2,1,2,2,1,2,1,2,2,
    2,1,2,4),(0.,4.431226779759E-04,8.862453559518E-04,
    1.772490711904E-03,2.215613389879E-03,2.658736067855E-03,
    3.101858745831E-03,3.212639415325E-03,3.268029750072E-03,
    3.323420084819E-03,3.544981423807E-03,3.988104101783E-03,
    4.431226779759E-03,4.874349457734E-03,5.31747213571E-03,
    5.760594813686E-03,6.203717491662E-03,6.425278830649E-03,
    6.480669165396E-03,6.536059500143E-03,6.646840169637E-03,
    7.089962847614E-03,7.53308552559E-03,7.976208203566E-03,
    8.419330881543E-03,8.862453559519E-03,9.305576237495E-03,
    9.527137576483E-03,9.637918245977E-03,9.748698915472E-03,
    1.019182159345E-02,1.063494427142E-02,1.152118962738E-02,
    1.240743498333E-02,1.285055766131E-02,1.29613383308E-02,
    1.307211900029E-02,1.329368033928E-02,1.417992569523E-02),
  .UNSPECIFIED.);
#2127 = CARTESIAN_POINT('',(-124.8408032192,-133.0907417174));
#2128 = CARTESIAN_POINT('',(-124.8333146925,-133.2403249215));
#2129 = CARTESIAN_POINT('',(-124.8116489045,-133.5380223395));
#2130 = CARTESIAN_POINT('',(-124.7767817194,-133.832820446));
#2131 = CARTESIAN_POINT('',(-124.7146526778,-134.2728591071));
#2132 = CARTESIAN_POINT('',(-124.6601478025,-134.5633443534));
#2133 = CARTESIAN_POINT('',(-124.55871055,-134.9947500838));
#2134 = CARTESIAN_POINT('',(-124.4845162562,-135.2809111092));
#2135 = CARTESIAN_POINT('',(-124.3533180273,-135.7057806875));
#2136 = CARTESIAN_POINT('',(-124.2523678789,-135.9860655503));
#2137 = CARTESIAN_POINT('',(-124.1849657866,-136.1602974051));
#2138 = CARTESIAN_POINT('',(-124.1712698424,-136.195096442));
#2139 = CARTESIAN_POINT('',(-124.150400521,-136.2472235313));
#2140 = CARTESIAN_POINT('',(-124.1433875,-136.2645930345));
#2141 = CARTESIAN_POINT('',(-124.1292679334,-136.2992706792));
#2142 = CARTESIAN_POINT('',(-124.0937327433,-136.3858180436));
#2143 = CARTESIAN_POINT('',(-123.9982775143,-136.6089383325));
#2144 = CARTESIAN_POINT('',(-123.8402192745,-136.945241585));
#2145 = CARTESIAN_POINT('',(-123.6328649685,-137.337821853));
#2146 = CARTESIAN_POINT('',(-123.4079593169,-137.7195011363));
#2147 = CARTESIAN_POINT('',(-123.1655314002,-138.0902974965));
#2148 = CARTESIAN_POINT('',(-122.9055071775,-138.4501649474));
#2149 = CARTESIAN_POINT('',(-122.7203073363,-138.6827164284));
#2150 = CARTESIAN_POINT('',(-122.5768909443,-138.8543248743));
#2151 = CARTESIAN_POINT('',(-122.5161928047,-138.9252437544));
#2152 = CARTESIAN_POINT('',(-122.4419283098,-139.0094602387));
#2153 = CARTESIAN_POINT('',(-122.416982503,-139.03741389));
#2154 = CARTESIAN_POINT('',(-122.3794712782,-139.0791988424));
#2155 = CARTESIAN_POINT('',(-122.2537329211,-139.2176064821));
#2156 = CARTESIAN_POINT('',(-122.0211386591,-139.4589144426));
#2157 = CARTESIAN_POINT('',(-121.6979102404,-139.7642919598));
#2158 = CARTESIAN_POINT('',(-121.3617578591,-140.0535263501));
#2159 = CARTESIAN_POINT('',(-121.0127813076,-140.3267422628));
#2160 = CARTESIAN_POINT('',(-120.6510048562,-140.5839700134));
#2161 = CARTESIAN_POINT('',(-120.4012534783,-140.7447541738));
#2162 = CARTESIAN_POINT('',(-120.2106954266,-140.8612896152));
#2163 = CARTESIAN_POINT('',(-120.1146049681,-140.9185437876));
#2164 = CARTESIAN_POINT('',(-120.017288569,-140.9742666561));
#2165 = CARTESIAN_POINT('',(-119.9521373603,-141.0110734739));
#2166 = CARTESIAN_POINT('',(-119.9194083189,-141.0293149364));
#2167 = CARTESIAN_POINT('',(-119.7554682512,-141.119450616));
#2168 = CARTESIAN_POINT('',(-119.4908038091,-141.2570888735));
#2169 = CARTESIAN_POINT('',(-119.2215310123,-141.3818825153));
#2170 = CARTESIAN_POINT('',(-118.8142268008,-141.5596102346));
#2171 = CARTESIAN_POINT('',(-118.2621145156,-141.7713838188));
#2172 = CARTESIAN_POINT('',(-117.6922470011,-141.9336692209));
#2173 = CARTESIAN_POINT('',(-117.2581561106,-142.0367358905));
#2174 = CARTESIAN_POINT('',(-117.1123425279,-142.0679791553));
#2175 = CARTESIAN_POINT('',(-116.9286642825,-142.1030996889));
#2176 = CARTESIAN_POINT('',(-116.8918452212,-142.109929216));
#2177 = CARTESIAN_POINT('',(-116.8181772106,-142.1231736391));
#2178 = CARTESIAN_POINT('',(-116.7076007942,-142.1424243861));
#2179 = CARTESIAN_POINT('',(-116.5968019732,-142.1598340692));
#2180 = CARTESIAN_POINT('',(-116.2269811853,-142.2137986641));
#2181 = CARTESIAN_POINT('',(-115.9295549392,-142.2439770657));
#2182 = CARTESIAN_POINT('',(-115.6305725941,-142.2612740842));
#2183 = ( GEOMETRIC_REPRESENTATION_CONTEXT(2) 
PARAMETRIC_REPRESENTATION_CONTEXT() REPRESENTATION_CONTEXT('2D SPACE',''
  ) );
#2184 = ORIENTED_EDGE('',*,*,#92,.F.);
#2185 = ADVANCED_FACE('',(#2186,#3256),#232,.T.);
#2186 = FACE_BOUND('',#2187,.T.);
#2187 = EDGE_LOOP('',(#2188,#2239,#2516,#2557,#2558,#2559,#2608,#2891,
    #2934,#2977));
#2188 = ORIENTED_EDGE('',*,*,#2189,.T.);
#2189 = EDGE_CURVE('',#2190,#2192,#2194,.T.);
#2190 = VERTEX_POINT('',#2191);
#2191 = CARTESIAN_POINT('',(115.93912401699,152.25426265656,114.));
#2192 = VERTEX_POINT('',#2193);
#2193 = CARTESIAN_POINT('',(-115.9391240248,152.25426279116,114.));
#2194 = SURFACE_CURVE('',#2195,(#2201,#2210),.PCURVE_S1.);
#2195 = B_SPLINE_CURVE_WITH_KNOTS('',2,(#2196,#2197,#2198,#2199,#2200),
  .UNSPECIFIED.,.F.,.F.,(3,2,3),(3.411295027843E-02,0.5,0.965887305043),
  .UNSPECIFIED.);
#2196 = CARTESIAN_POINT('',(115.93912448256,152.2542706824,114.));
#2197 = CARTESIAN_POINT('',(58.022032368948,155.61417368091,114.));
#2198 = CARTESIAN_POINT('',(-2.775557561563E-14,155.61418816194,114.));
#2199 = CARTESIAN_POINT('',(-58.02159905115,155.61420264287,114.));
#2200 = CARTESIAN_POINT('',(-115.9391244981,152.2542709516,114.));
#2201 = PCURVE('',#232,#2202);
#2202 = DEFINITIONAL_REPRESENTATION('',(#2203),#2209);
#2203 = B_SPLINE_CURVE_WITH_KNOTS('',2,(#2204,#2205,#2206,#2207,#2208),
  .UNSPECIFIED.,.F.,.F.,(3,2,3),(3.411295027843E-02,0.5,0.965887305043),
  .UNSPECIFIED.);
#2204 = CARTESIAN_POINT('',(115.93912448256,142.24341959202));
#2205 = CARTESIAN_POINT('',(58.022032368948,145.60332259053));
#2206 = CARTESIAN_POINT('',(-5.551115123126E-14,145.60333707156));
#2207 = CARTESIAN_POINT('',(-58.02159905115,145.60335155249));
#2208 = CARTESIAN_POINT('',(-115.9391244981,142.24341986122));
#2209 = ( GEOMETRIC_REPRESENTATION_CONTEXT(2) 
PARAMETRIC_REPRESENTATION_CONTEXT() REPRESENTATION_CONTEXT('2D SPACE',''
  ) );
#2210 = PCURVE('',#1474,#2211);
#2211 = DEFINITIONAL_REPRESENTATION('',(#2212),#2238);
#2212 = B_SPLINE_CURVE_WITH_KNOTS('',3,(#2213,#2214,#2215,#2216,#2217,
    #2218,#2219,#2220,#2221,#2222,#2223,#2224,#2225,#2226,#2227,#2228,
    #2229,#2230,#2231,#2232,#2233,#2234,#2235,#2236,#2237),
  .UNSPECIFIED.,.F.,.F.,(4,1,1,1,1,1,1,1,1,1,1,1,1,1,1,1,1,1,1,1,1,1,4),
  (3.411295027843E-02,7.646633004046E-02,0.118819709802,0.161173089565,
    0.203526469327,0.245879849089,0.288233228851,0.330586608613,
    0.372939988375,0.415293368137,0.457646747899,0.500000127661,
    0.542353507423,0.584706887185,0.627060266947,0.669413646709,
    0.711767026471,0.754120406233,0.796473785995,0.838827165757,
    0.881180545519,0.923533925281,0.965887305043),
  .QUASI_UNIFORM_KNOTS.);
#2213 = CARTESIAN_POINT('',(3.41216770373E-02,0.999999952427));
#2214 = CARTESIAN_POINT('',(4.824224091271E-02,0.999999914652));
#2215 = CARTESIAN_POINT('',(7.648138227241E-02,0.999999809008));
#2216 = CARTESIAN_POINT('',(0.118835305976,0.999999612111));
#2217 = CARTESIAN_POINT('',(0.161185610831,0.999999435123));
#2218 = CARTESIAN_POINT('',(0.203533471048,0.999999313683));
#2219 = CARTESIAN_POINT('',(0.245880064061,0.99999926704));
#2220 = CARTESIAN_POINT('',(0.288226564675,0.999999292566));
#2221 = CARTESIAN_POINT('',(0.330574164226,0.999999395727));
#2222 = CARTESIAN_POINT('',(0.372923991963,0.99999956451));
#2223 = CARTESIAN_POINT('',(0.415277409733,0.999999765662));
#2224 = CARTESIAN_POINT('',(0.457634909133,0.999999945975));
#2225 = CARTESIAN_POINT('',(0.500000221001,1.000000030818));
#2226 = CARTESIAN_POINT('',(0.54236497307,0.999999930755));
#2227 = CARTESIAN_POINT('',(0.584722285197,0.999999741787));
#2228 = CARTESIAN_POINT('',(0.627075488647,0.999999535885));
#2229 = CARTESIAN_POINT('',(0.66942518228,0.999999366037));
#2230 = CARTESIAN_POINT('',(0.71177269935,0.999999264604));
#2231 = CARTESIAN_POINT('',(0.754119176874,0.999999242871));
#2232 = CARTESIAN_POINT('',(0.796465804165,0.999999294602));
#2233 = CARTESIAN_POINT('',(0.838813756585,0.999999421676));
#2234 = CARTESIAN_POINT('',(0.88116421139,0.999999604112));
#2235 = CARTESIAN_POINT('',(0.923518342771,0.999999805565));
#2236 = CARTESIAN_POINT('',(0.951757660992,0.999999913218));
#2237 = CARTESIAN_POINT('',(0.965878322887,0.999999951629));
#2238 = ( GEOMETRIC_REPRESENTATION_CONTEXT(2) 
PARAMETRIC_REPRESENTATION_CONTEXT() REPRESENTATION_CONTEXT('2D SPACE',''
  ) );
#2239 = ORIENTED_EDGE('',*,*,#2240,.T.);
#2240 = EDGE_CURVE('',#2192,#2241,#2243,.T.);
#2241 = VERTEX_POINT('',#2242);
#2242 = CARTESIAN_POINT('',(-124.8016226165,142.94847049275,114.));
#2243 = SURFACE_CURVE('',#2244,(#2298,#2355),.PCURVE_S1.);
#2244 = B_SPLINE_CURVE_WITH_KNOTS('',3,(#2245,#2246,#2247,#2248,#2249,
    #2250,#2251,#2252,#2253,#2254,#2255,#2256,#2257,#2258,#2259,#2260,
    #2261,#2262,#2263,#2264,#2265,#2266,#2267,#2268,#2269,#2270,#2271,
    #2272,#2273,#2274,#2275,#2276,#2277,#2278,#2279,#2280,#2281,#2282,
    #2283,#2284,#2285,#2286,#2287,#2288,#2289,#2290,#2291,#2292,#2293,
    #2294,#2295,#2296,#2297),.UNSPECIFIED.,.F.,.F.,(4,1,2,1,1,2,2,1,1,1,
    1,1,1,1,2,2,2,1,1,1,2,2,2,2,2,1,1,2,1,2,2,2,1,2,4),(0.,
    8.778145108586E-04,1.755629021717E-03,2.194536277147E-03,
    2.633443532576E-03,3.072350788005E-03,3.182077601863E-03,
    3.29180441572E-03,3.511258043435E-03,3.950165298864E-03,
    4.389072554293E-03,4.827979809722E-03,5.266887065152E-03,
    5.705794320581E-03,6.14470157601E-03,6.254428389868E-03,
    6.364155203725E-03,6.583608831439E-03,7.022516086868E-03,
    7.461423342297E-03,7.900330597726E-03,8.778145108584E-03,
    9.217052364014E-03,9.326779177871E-03,9.436505991728E-03,
    9.655959619443E-03,1.009486687487E-02,1.05337741303E-02,
    1.141158864116E-02,1.228940315202E-02,1.239912996588E-02,
    1.250885677973E-02,1.272831040745E-02,1.316721766288E-02,
    1.404503217374E-02),.UNSPECIFIED.);
#2245 = CARTESIAN_POINT('',(-115.9391235513,152.25425463073,114.));
#2246 = CARTESIAN_POINT('',(-116.2352689992,152.23707559144,114.));
#2247 = CARTESIAN_POINT('',(-116.8214755689,152.17590470306,114.));
#2248 = CARTESIAN_POINT('',(-117.3956816629,152.06184932541,114.));
#2249 = CARTESIAN_POINT('',(-117.8217965379,151.95630196231,114.));
#2250 = CARTESIAN_POINT('',(-118.1043577482,151.87925900773,114.));
#2251 = CARTESIAN_POINT('',(-118.5235942992,151.74339979189,114.));
#2252 = CARTESIAN_POINT('',(-118.7999568399,151.63904013045,114.));
#2253 = CARTESIAN_POINT('',(-118.9716810483,151.56939799006,114.));
#2254 = CARTESIAN_POINT('',(-119.0059935775,151.55524084158,114.));
#2255 = CARTESIAN_POINT('',(-119.0743407975,151.5265565705,114.));
#2256 = CARTESIAN_POINT('',(-119.1764980841,151.48295433412,114.));
#2257 = CARTESIAN_POINT('',(-119.4123325597,151.37720442104,114.));
#2258 = CARTESIAN_POINT('',(-119.7420678573,151.21477455417,114.));
#2259 = CARTESIAN_POINT('',(-120.1264198272,151.00191209738,114.));
#2260 = CARTESIAN_POINT('',(-120.4995163265,150.77122168752,114.));
#2261 = CARTESIAN_POINT('',(-120.8613670682,150.52271870939,114.));
#2262 = CARTESIAN_POINT('',(-121.2119167389,150.25631554978,114.));
#2263 = CARTESIAN_POINT('',(-121.4380011995,150.06665125866,114.));
#2264 = CARTESIAN_POINT('',(-121.5768840909,149.94427811385,114.));
#2265 = CARTESIAN_POINT('',(-121.6045396147,149.91961174224,114.));
#2266 = CARTESIAN_POINT('',(-121.6596073071,149.86989353964,114.));
#2267 = CARTESIAN_POINT('',(-121.6869744267,149.84488225373,114.));
#2268 = CARTESIAN_POINT('',(-121.7685266577,149.7694422078,114.));
#2269 = CARTESIAN_POINT('',(-121.9295024088,149.61687563485,114.));
#2270 = CARTESIAN_POINT('',(-122.1872907008,149.35427567373,114.));
#2271 = CARTESIAN_POINT('',(-122.4801695146,149.02610955437,114.));
#2272 = CARTESIAN_POINT('',(-122.664601025,148.79875912813,114.));
#2273 = CARTESIAN_POINT('',(-122.933202145,148.45135889235,114.));
#2274 = CARTESIAN_POINT('',(-123.1015565602,148.2112713122,114.));
#2275 = CARTESIAN_POINT('',(-123.338021758,147.83841124161,114.));
#2276 = CARTESIAN_POINT('',(-123.4141619837,147.71200011503,114.));
#2277 = CARTESIAN_POINT('',(-123.5059569553,147.55130814,114.));
#2278 = CARTESIAN_POINT('',(-123.5241468575,147.51903578094,114.));
#2279 = CARTESIAN_POINT('',(-123.5601874572,147.45422232642,114.));
#2280 = CARTESIAN_POINT('',(-123.5780098543,147.42173199503,114.));
#2281 = CARTESIAN_POINT('',(-123.6308635291,147.32405609232,114.));
#2282 = CARTESIAN_POINT('',(-123.7341484886,147.12782691392,114.));
#2283 = CARTESIAN_POINT('',(-123.8943602438,146.79645737614,114.));
#2284 = CARTESIAN_POINT('',(-124.0101121072,146.52686419832,114.));
#2285 = CARTESIAN_POINT('',(-124.1745983059,146.1191634085,114.));
#2286 = CARTESIAN_POINT('',(-124.3695696567,145.56674527843,114.));
#2287 = CARTESIAN_POINT('',(-124.516833164,144.99704769673,114.));
#2288 = CARTESIAN_POINT('',(-124.5862326604,144.6717262985,114.));
#2289 = CARTESIAN_POINT('',(-124.5937567702,144.63551176617,114.));
#2290 = CARTESIAN_POINT('',(-124.6084304663,144.56294705165,114.));
#2291 = CARTESIAN_POINT('',(-124.6155828485,144.52658199725,114.));
#2292 = CARTESIAN_POINT('',(-124.6364529264,144.41741070411,114.));
#2293 = CARTESIAN_POINT('',(-124.6758417472,144.19879113006,114.));
#2294 = CARTESIAN_POINT('',(-124.70824816,143.97934902693,114.));
#2295 = CARTESIAN_POINT('',(-124.7638913453,143.53938463515,114.));
#2296 = CARTESIAN_POINT('',(-124.7887766816,143.24463668592,114.));
#2297 = CARTESIAN_POINT('',(-124.8016226165,142.94847049275,114.));
#2298 = PCURVE('',#232,#2299);
#2299 = DEFINITIONAL_REPRESENTATION('',(#2300),#2354);
#2300 = B_SPLINE_CURVE_WITH_KNOTS('',3,(#2301,#2302,#2303,#2304,#2305,
    #2306,#2307,#2308,#2309,#2310,#2311,#2312,#2313,#2314,#2315,#2316,
    #2317,#2318,#2319,#2320,#2321,#2322,#2323,#2324,#2325,#2326,#2327,
    #2328,#2329,#2330,#2331,#2332,#2333,#2334,#2335,#2336,#2337,#2338,
    #2339,#2340,#2341,#2342,#2343,#2344,#2345,#2346,#2347,#2348,#2349,
    #2350,#2351,#2352,#2353),.UNSPECIFIED.,.F.,.F.,(4,1,2,1,1,2,2,1,1,1,
    1,1,1,1,2,2,2,1,1,1,2,2,2,2,2,1,1,2,1,2,2,2,1,2,4),(0.,
    8.778145108586E-04,1.755629021717E-03,2.194536277147E-03,
    2.633443532576E-03,3.072350788005E-03,3.182077601863E-03,
    3.29180441572E-03,3.511258043435E-03,3.950165298864E-03,
    4.389072554293E-03,4.827979809722E-03,5.266887065152E-03,
    5.705794320581E-03,6.14470157601E-03,6.254428389868E-03,
    6.364155203725E-03,6.583608831439E-03,7.022516086868E-03,
    7.461423342297E-03,7.900330597726E-03,8.778145108584E-03,
    9.217052364014E-03,9.326779177871E-03,9.436505991728E-03,
    9.655959619443E-03,1.009486687487E-02,1.05337741303E-02,
    1.141158864116E-02,1.228940315202E-02,1.239912996588E-02,
    1.250885677973E-02,1.272831040745E-02,1.316721766288E-02,
    1.404503217374E-02),.UNSPECIFIED.);
#2301 = CARTESIAN_POINT('',(-115.9391235513,142.24340354035));
#2302 = CARTESIAN_POINT('',(-116.2352689992,142.22622450106));
#2303 = CARTESIAN_POINT('',(-116.8214755689,142.16505361268));
#2304 = CARTESIAN_POINT('',(-117.3956816629,142.05099823503));
#2305 = CARTESIAN_POINT('',(-117.8217965379,141.94545087193));
#2306 = CARTESIAN_POINT('',(-118.1043577482,141.86840791735));
#2307 = CARTESIAN_POINT('',(-118.5235942992,141.73254870151));
#2308 = CARTESIAN_POINT('',(-118.7999568399,141.62818904007));
#2309 = CARTESIAN_POINT('',(-118.9716810483,141.55854689968));
#2310 = CARTESIAN_POINT('',(-119.0059935775,141.5443897512));
#2311 = CARTESIAN_POINT('',(-119.0743407975,141.51570548012));
#2312 = CARTESIAN_POINT('',(-119.1764980841,141.47210324374));
#2313 = CARTESIAN_POINT('',(-119.4123325597,141.36635333066));
#2314 = CARTESIAN_POINT('',(-119.7420678573,141.20392346379));
#2315 = CARTESIAN_POINT('',(-120.1264198272,140.991061007));
#2316 = CARTESIAN_POINT('',(-120.4995163265,140.76037059714));
#2317 = CARTESIAN_POINT('',(-120.8613670682,140.51186761901));
#2318 = CARTESIAN_POINT('',(-121.2119167389,140.2454644594));
#2319 = CARTESIAN_POINT('',(-121.4380011995,140.05580016828));
#2320 = CARTESIAN_POINT('',(-121.5768840909,139.93342702347));
#2321 = CARTESIAN_POINT('',(-121.6045396147,139.90876065186));
#2322 = CARTESIAN_POINT('',(-121.6596073071,139.85904244926));
#2323 = CARTESIAN_POINT('',(-121.6869744267,139.83403116335));
#2324 = CARTESIAN_POINT('',(-121.7685266577,139.75859111742));
#2325 = CARTESIAN_POINT('',(-121.9295024088,139.60602454447));
#2326 = CARTESIAN_POINT('',(-122.1872907008,139.34342458335));
#2327 = CARTESIAN_POINT('',(-122.4801695146,139.01525846399));
#2328 = CARTESIAN_POINT('',(-122.664601025,138.78790803775));
#2329 = CARTESIAN_POINT('',(-122.933202145,138.44050780197));
#2330 = CARTESIAN_POINT('',(-123.1015565602,138.20042022182));
#2331 = CARTESIAN_POINT('',(-123.338021758,137.82756015123));
#2332 = CARTESIAN_POINT('',(-123.4141619837,137.70114902465));
#2333 = CARTESIAN_POINT('',(-123.5059569553,137.54045704962));
#2334 = CARTESIAN_POINT('',(-123.5241468575,137.50818469056));
#2335 = CARTESIAN_POINT('',(-123.5601874572,137.44337123604));
#2336 = CARTESIAN_POINT('',(-123.5780098543,137.41088090465));
#2337 = CARTESIAN_POINT('',(-123.6308635291,137.31320500194));
#2338 = CARTESIAN_POINT('',(-123.7341484886,137.11697582354));
#2339 = CARTESIAN_POINT('',(-123.8943602438,136.78560628576));
#2340 = CARTESIAN_POINT('',(-124.0101121072,136.51601310794));
#2341 = CARTESIAN_POINT('',(-124.1745983059,136.10831231812));
#2342 = CARTESIAN_POINT('',(-124.3695696567,135.55589418805));
#2343 = CARTESIAN_POINT('',(-124.516833164,134.98619660635));
#2344 = CARTESIAN_POINT('',(-124.5862326604,134.66087520812));
#2345 = CARTESIAN_POINT('',(-124.5937567702,134.62466067579));
#2346 = CARTESIAN_POINT('',(-124.6084304663,134.55209596127));
#2347 = CARTESIAN_POINT('',(-124.6155828485,134.51573090687));
#2348 = CARTESIAN_POINT('',(-124.6364529264,134.40655961373));
#2349 = CARTESIAN_POINT('',(-124.6758417472,134.18794003968));
#2350 = CARTESIAN_POINT('',(-124.70824816,133.96849793655));
#2351 = CARTESIAN_POINT('',(-124.7638913453,133.52853354477));
#2352 = CARTESIAN_POINT('',(-124.7887766816,133.23378559554));
#2353 = CARTESIAN_POINT('',(-124.8016226165,132.93761940237));
#2354 = ( GEOMETRIC_REPRESENTATION_CONTEXT(2) 
PARAMETRIC_REPRESENTATION_CONTEXT() REPRESENTATION_CONTEXT('2D SPACE',''
  ) );
#2355 = PCURVE('',#1644,#2356);
#2356 = DEFINITIONAL_REPRESENTATION('',(#2357),#2515);
#2357 = B_SPLINE_CURVE_WITH_KNOTS('',3,(#2358,#2359,#2360,#2361,#2362,
    #2363,#2364,#2365,#2366,#2367,#2368,#2369,#2370,#2371,#2372,#2373,
    #2374,#2375,#2376,#2377,#2378,#2379,#2380,#2381,#2382,#2383,#2384,
    #2385,#2386,#2387,#2388,#2389,#2390,#2391,#2392,#2393,#2394,#2395,
    #2396,#2397,#2398,#2399,#2400,#2401,#2402,#2403,#2404,#2405,#2406,
    #2407,#2408,#2409,#2410,#2411,#2412,#2413,#2414,#2415,#2416,#2417,
    #2418,#2419,#2420,#2421,#2422,#2423,#2424,#2425,#2426,#2427,#2428,
    #2429,#2430,#2431,#2432,#2433,#2434,#2435,#2436,#2437,#2438,#2439,
    #2440,#2441,#2442,#2443,#2444,#2445,#2446,#2447,#2448,#2449,#2450,
    #2451,#2452,#2453,#2454,#2455,#2456,#2457,#2458,#2459,#2460,#2461,
    #2462,#2463,#2464,#2465,#2466,#2467,#2468,#2469,#2470,#2471,#2472,
    #2473,#2474,#2475,#2476,#2477,#2478,#2479,#2480,#2481,#2482,#2483,
    #2484,#2485,#2486,#2487,#2488,#2489,#2490,#2491,#2492,#2493,#2494,
    #2495,#2496,#2497,#2498,#2499,#2500,#2501,#2502,#2503,#2504,#2505,
    #2506,#2507,#2508,#2509,#2510,#2511,#2512,#2513,#2514),
  .UNSPECIFIED.,.F.,.F.,(4,1,1,1,1,1,1,1,1,1,1,1,1,1,1,1,1,1,1,1,1,1,1,1
    ,1,1,1,1,1,1,1,1,1,1,1,1,1,1,1,1,1,1,1,1,1,1,1,1,1,1,1,1,1,1,1,1,1,1
    ,1,1,1,1,1,1,1,1,1,1,1,1,1,1,1,1,1,1,1,1,1,1,1,1,1,1,1,1,1,1,1,1,1,1
    ,1,1,1,1,1,1,1,1,1,1,1,1,1,1,1,1,1,1,1,1,1,1,1,1,1,1,1,1,1,1,1,1,1,1
    ,1,1,1,1,1,1,1,1,1,1,1,1,1,1,1,1,1,1,1,1,1,1,1,1,1,1,1,1,4),(0.,
    9.120150762166E-05,1.824030152433E-04,2.73604522865E-04,
    3.648060304867E-04,4.560075381083E-04,5.4720904573E-04,
    6.384105533516E-04,7.296120609733E-04,8.20813568595E-04,
    9.120150762166E-04,1.003216583838E-03,1.09441809146E-03,
    1.185619599082E-03,1.276821106703E-03,1.368022614325E-03,
    1.459224121947E-03,1.550425629568E-03,1.64162713719E-03,
    1.732828644812E-03,1.824030152433E-03,1.915231660055E-03,
    2.006433167677E-03,2.097634675298E-03,2.18883618292E-03,
    2.280037690542E-03,2.371239198163E-03,2.462440705785E-03,
    2.553642213407E-03,2.644843721028E-03,2.73604522865E-03,
    2.827246736272E-03,2.918448243893E-03,3.009649751515E-03,
    3.100851259137E-03,3.192052766758E-03,3.28325427438E-03,
    3.374455782002E-03,3.465657289623E-03,3.556858797245E-03,
    3.648060304867E-03,3.739261812488E-03,3.83046332011E-03,
    3.921664827732E-03,4.012866335353E-03,4.104067842975E-03,
    4.195269350597E-03,4.286470858218E-03,4.37767236584E-03,
    4.468873873462E-03,4.560075381083E-03,4.651276888705E-03,
    4.742478396327E-03,4.833679903948E-03,4.92488141157E-03,
    5.016082919192E-03,5.107284426813E-03,5.198485934435E-03,
    5.289687442056E-03,5.380888949678E-03,5.4720904573E-03,
    5.563291964921E-03,5.654493472543E-03,5.745694980165E-03,
    5.836896487786E-03,5.928097995408E-03,6.01929950303E-03,
    6.110501010651E-03,6.201702518273E-03,6.292904025895E-03,
    6.384105533516E-03,6.475307041138E-03,6.56650854876E-03,
    6.657710056381E-03,6.748911564003E-03,6.840113071625E-03,
    6.931314579246E-03,7.022516086868E-03,7.11371759449E-03,
    7.204919102111E-03,7.296120609733E-03,7.387322117355E-03,
    7.478523624976E-03,7.569725132598E-03,7.66092664022E-03,
    7.752128147841E-03,7.843329655463E-03,7.934531163085E-03,
    8.025732670706E-03,8.116934178328E-03,8.20813568595E-03,
    8.299337193571E-03,8.390538701193E-03,8.481740208815E-03,
    8.572941716436E-03,8.664143224058E-03,8.75534473168E-03,
    8.846546239301E-03,8.937747746923E-03,9.028949254545E-03,
    9.120150762166E-03,9.211352269788E-03,9.30255377741E-03,
    9.393755285031E-03,9.484956792653E-03,9.576158300275E-03,
    9.667359807896E-03,9.758561315518E-03,9.84976282314E-03,
    9.940964330761E-03,1.003216583838E-02,1.0123367346E-02,
    1.021456885363E-02,1.030577036125E-02,1.039697186887E-02,
    1.048817337649E-02,1.057937488411E-02,1.067057639173E-02,
    1.076177789936E-02,1.085297940698E-02,1.09441809146E-02,
    1.103538242222E-02,1.112658392984E-02,1.121778543746E-02,
    1.130898694509E-02,1.140018845271E-02,1.149138996033E-02,
    1.158259146795E-02,1.167379297557E-02,1.176499448319E-02,
    1.185619599082E-02,1.194739749844E-02,1.203859900606E-02,
    1.212980051368E-02,1.22210020213E-02,1.231220352892E-02,
    1.240340503655E-02,1.249460654417E-02,1.258580805179E-02,
    1.267700955941E-02,1.276821106703E-02,1.285941257465E-02,
    1.295061408228E-02,1.30418155899E-02,1.313301709752E-02,
    1.322421860514E-02,1.331542011276E-02,1.340662162038E-02,
    1.349782312801E-02,1.358902463563E-02,1.368022614325E-02,
    1.377142765087E-02,1.386262915849E-02,1.395383066611E-02,
    1.404503217374E-02),.UNSPECIFIED.);
#2358 = CARTESIAN_POINT('',(0.251215197923,0.999999996632));
#2359 = CARTESIAN_POINT('',(0.251209000809,0.997644051537));
#2360 = CARTESIAN_POINT('',(0.251196720106,0.99294183235));
#2361 = CARTESIAN_POINT('',(0.251178639139,0.98591649488));
#2362 = CARTESIAN_POINT('',(0.25116089777,0.97891812147));
#2363 = CARTESIAN_POINT('',(0.251143495511,0.971945704343));
#2364 = CARTESIAN_POINT('',(0.251126431873,0.964998248255));
#2365 = CARTESIAN_POINT('',(0.251109706367,0.958074772128));
#2366 = CARTESIAN_POINT('',(0.251093318505,0.95117430839));
#2367 = CARTESIAN_POINT('',(0.251077267794,0.944295902932));
#2368 = CARTESIAN_POINT('',(0.251061553764,0.93743861494));
#2369 = CARTESIAN_POINT('',(0.25104617586,0.930601516629));
#2370 = CARTESIAN_POINT('',(0.251031133876,0.923783693568));
#2371 = CARTESIAN_POINT('',(0.251016428204,0.916984240498));
#2372 = CARTESIAN_POINT('',(0.251002059129,0.910202259378));
#2373 = CARTESIAN_POINT('',(0.250988026964,0.903436859711));
#2374 = CARTESIAN_POINT('',(0.250974332014,0.896687158371));
#2375 = CARTESIAN_POINT('',(0.250960974587,0.889952279579));
#2376 = CARTESIAN_POINT('',(0.25094795499,0.883231354829));
#2377 = CARTESIAN_POINT('',(0.250935273532,0.876523522847));
#2378 = CARTESIAN_POINT('',(0.250922930513,0.869827929522));
#2379 = CARTESIAN_POINT('',(0.250910926266,0.863143727916));
#2380 = CARTESIAN_POINT('',(0.250899262076,0.856470061527));
#2381 = CARTESIAN_POINT('',(0.250887938786,0.849806082727));
#2382 = CARTESIAN_POINT('',(0.250876957333,0.843150945972));
#2383 = CARTESIAN_POINT('',(0.250866318635,0.836503809144));
#2384 = CARTESIAN_POINT('',(0.250856023596,0.829863833927));
#2385 = CARTESIAN_POINT('',(0.250846073554,0.823230174591));
#2386 = CARTESIAN_POINT('',(0.250836469872,0.81660198548));
#2387 = CARTESIAN_POINT('',(0.25082721391,0.809978421124));
#2388 = CARTESIAN_POINT('',(0.250818307015,0.803358639136));
#2389 = CARTESIAN_POINT('',(0.250809750585,0.796741788756));
#2390 = CARTESIAN_POINT('',(0.250801546518,0.790127032935));
#2391 = CARTESIAN_POINT('',(0.250793696555,0.783513427515));
#2392 = CARTESIAN_POINT('',(0.250786202889,0.776900421636));
#2393 = CARTESIAN_POINT('',(0.250779066055,0.770285986389));
#2394 = CARTESIAN_POINT('',(0.250772292106,0.763672777542));
#2395 = CARTESIAN_POINT('',(0.250765905287,0.757083695596));
#2396 = CARTESIAN_POINT('',(0.250759898981,0.750513186152));
#2397 = CARTESIAN_POINT('',(0.250754273136,0.743961555405));
#2398 = CARTESIAN_POINT('',(0.250749025929,0.737427554843));
#2399 = CARTESIAN_POINT('',(0.250744156261,0.730910372259));
#2400 = CARTESIAN_POINT('',(0.25073966317,0.724409097435));
#2401 = CARTESIAN_POINT('',(0.250735545669,0.717922858614));
#2402 = CARTESIAN_POINT('',(0.250731802792,0.711450785751));
#2403 = CARTESIAN_POINT('',(0.250728433511,0.704992019598));
#2404 = CARTESIAN_POINT('',(0.250725437181,0.698545713261));
#2405 = CARTESIAN_POINT('',(0.250722813325,0.69211102821));
#2406 = CARTESIAN_POINT('',(0.250720561421,0.685687131859));
#2407 = CARTESIAN_POINT('',(0.250718680969,0.679273198115));
#2408 = CARTESIAN_POINT('',(0.250717171428,0.672868407205));
#2409 = CARTESIAN_POINT('',(0.250716032693,0.666471946464));
#2410 = CARTESIAN_POINT('',(0.250715264709,0.660083007008));
#2411 = CARTESIAN_POINT('',(0.250714867412,0.653700783648));
#2412 = CARTESIAN_POINT('',(0.250714840733,0.647324474865));
#2413 = CARTESIAN_POINT('',(0.250715184626,0.640953282913));
#2414 = CARTESIAN_POINT('',(0.250715899489,0.634586411043));
#2415 = CARTESIAN_POINT('',(0.250716985697,0.628223063551));
#2416 = CARTESIAN_POINT('',(0.25071844364,0.621862445823));
#2417 = CARTESIAN_POINT('',(0.250720273674,0.61550376465));
#2418 = CARTESIAN_POINT('',(0.250722476278,0.609146226872));
#2419 = CARTESIAN_POINT('',(0.250725052335,0.602789034716));
#2420 = CARTESIAN_POINT('',(0.250728002667,0.596431389353));
#2421 = CARTESIAN_POINT('',(0.250731328126,0.590072490651));
#2422 = CARTESIAN_POINT('',(0.250735029506,0.583711536348));
#2423 = CARTESIAN_POINT('',(0.250739107845,0.577347725002));
#2424 = CARTESIAN_POINT('',(0.250743564536,0.570980222074));
#2425 = CARTESIAN_POINT('',(0.250748400811,0.564608279331));
#2426 = CARTESIAN_POINT('',(0.250753618274,0.558230810772));
#2427 = CARTESIAN_POINT('',(0.250759217205,0.551847970982));
#2428 = CARTESIAN_POINT('',(0.250765203104,0.54545525873));
#2429 = CARTESIAN_POINT('',(0.250771554278,0.53907517447));
#2430 = CARTESIAN_POINT('',(0.250778266263,0.532709031188));
#2431 = CARTESIAN_POINT('',(0.250785338127,0.526355010047));
#2432 = CARTESIAN_POINT('',(0.250792767598,0.520012498086));
#2433 = CARTESIAN_POINT('',(0.250800553178,0.513680582503));
#2434 = CARTESIAN_POINT('',(0.250808693365,0.507358445754));
#2435 = CARTESIAN_POINT('',(0.25081718666,0.501045253569));
#2436 = CARTESIAN_POINT('',(0.250826031561,0.494740184888));
#2437 = CARTESIAN_POINT('',(0.250835226568,0.488442424057));
#2438 = CARTESIAN_POINT('',(0.250844770645,0.482151171313));
#2439 = CARTESIAN_POINT('',(0.250854662751,0.475865630748));
#2440 = CARTESIAN_POINT('',(0.250864901853,0.469585010822));
#2441 = CARTESIAN_POINT('',(0.250875486896,0.463308523847));
#2442 = CARTESIAN_POINT('',(0.250886416909,0.457035387639));
#2443 = CARTESIAN_POINT('',(0.250897691312,0.450764828123));
#2444 = CARTESIAN_POINT('',(0.250909309488,0.444496072158));
#2445 = CARTESIAN_POINT('',(0.250921270814,0.438228348469));
#2446 = CARTESIAN_POINT('',(0.250933574723,0.431960887627));
#2447 = CARTESIAN_POINT('',(0.25094622026,0.42569292013));
#2448 = CARTESIAN_POINT('',(0.250959207485,0.419423683894));
#2449 = CARTESIAN_POINT('',(0.250972536377,0.413152413966));
#2450 = CARTESIAN_POINT('',(0.250986206936,0.40687834376));
#2451 = CARTESIAN_POINT('',(0.251000219157,0.400600704714));
#2452 = CARTESIAN_POINT('',(0.251014573036,0.394318726388));
#2453 = CARTESIAN_POINT('',(0.251029268569,0.388031636407));
#2454 = CARTESIAN_POINT('',(0.251044305754,0.381738660566));
#2455 = CARTESIAN_POINT('',(0.251059684581,0.375439022435));
#2456 = CARTESIAN_POINT('',(0.251075405068,0.369131944797));
#2457 = CARTESIAN_POINT('',(0.251091468199,0.362816635175));
#2458 = CARTESIAN_POINT('',(0.251107874474,0.356492310663));
#2459 = CARTESIAN_POINT('',(0.251124624622,0.350158135153));
#2460 = CARTESIAN_POINT('',(0.251141718862,0.343813442406));
#2461 = CARTESIAN_POINT('',(0.251159159225,0.337456905824));
#2462 = CARTESIAN_POINT('',(0.251176941632,0.331089626018));
#2463 = CARTESIAN_POINT('',(0.25119500581,0.324732008964));
#2464 = CARTESIAN_POINT('',(0.251213359681,0.318379672951));
#2465 = CARTESIAN_POINT('',(0.251231999296,0.312032578807));
#2466 = CARTESIAN_POINT('',(0.251250923459,0.305689699644));
#2467 = CARTESIAN_POINT('',(0.251270130616,0.299350295093));
#2468 = CARTESIAN_POINT('',(0.251289619371,0.293013555225));
#2469 = CARTESIAN_POINT('',(0.251309388295,0.286678693435));
#2470 = CARTESIAN_POINT('',(0.251329435938,0.280344920365));
#2471 = CARTESIAN_POINT('',(0.251349760975,0.274011456041));
#2472 = CARTESIAN_POINT('',(0.251370362386,0.267677531879));
#2473 = CARTESIAN_POINT('',(0.251391239098,0.261342378731));
#2474 = CARTESIAN_POINT('',(0.251412390055,0.255005229144));
#2475 = CARTESIAN_POINT('',(0.25143381419,0.248665316356));
#2476 = CARTESIAN_POINT('',(0.251455510239,0.242321870878));
#2477 = CARTESIAN_POINT('',(0.25147747773,0.235974142285));
#2478 = CARTESIAN_POINT('',(0.25149971607,0.229621374591));
#2479 = CARTESIAN_POINT('',(0.2515222247,0.223262810437));
#2480 = CARTESIAN_POINT('',(0.25154500305,0.216897689983));
#2481 = CARTESIAN_POINT('',(0.251568050555,0.210525251207));
#2482 = CARTESIAN_POINT('',(0.251591366648,0.20414472983));
#2483 = CARTESIAN_POINT('',(0.251614950759,0.197755359332));
#2484 = CARTESIAN_POINT('',(0.251638802333,0.191356370977));
#2485 = CARTESIAN_POINT('',(0.251662920763,0.184946993695));
#2486 = CARTESIAN_POINT('',(0.251687306033,0.178526456972));
#2487 = CARTESIAN_POINT('',(0.251711958197,0.172093983846));
#2488 = CARTESIAN_POINT('',(0.251736877292,0.165648790366));
#2489 = CARTESIAN_POINT('',(0.251762063357,0.159190086128));
#2490 = CARTESIAN_POINT('',(0.251787516436,0.152717072346));
#2491 = CARTESIAN_POINT('',(0.251813236554,0.14622894871));
#2492 = CARTESIAN_POINT('',(0.251839223808,0.139724887549));
#2493 = CARTESIAN_POINT('',(0.251865478023,0.133204129943));
#2494 = CARTESIAN_POINT('',(0.251892000042,0.126665626758));
#2495 = CARTESIAN_POINT('',(0.251918787002,0.120109376975));
#2496 = CARTESIAN_POINT('',(0.251945852471,0.113531373039));
#2497 = CARTESIAN_POINT('',(0.251973140388,0.106944404732));
#2498 = CARTESIAN_POINT('',(0.252000637711,0.100350606996));
#2499 = CARTESIAN_POINT('',(0.252028346661,9.374841987748E-02));
#2500 = CARTESIAN_POINT('',(0.252056265601,8.713724817583E-02));
#2501 = CARTESIAN_POINT('',(0.252084394128,8.051624205713E-02));
#2502 = CARTESIAN_POINT('',(0.252112731513,7.388461576477E-02));
#2503 = CARTESIAN_POINT('',(0.252141277127,6.724156226797E-02));
#2504 = CARTESIAN_POINT('',(0.252170030269,6.058627430793E-02));
#2505 = CARTESIAN_POINT('',(0.252198990201,5.391793959643E-02));
#2506 = CARTESIAN_POINT('',(0.252228156704,4.723575439362E-02));
#2507 = CARTESIAN_POINT('',(0.252257529458,4.05389048284E-02));
#2508 = CARTESIAN_POINT('',(0.252287108169,3.382657083019E-02));
#2509 = CARTESIAN_POINT('',(0.252316892535,2.709792500353E-02));
#2510 = CARTESIAN_POINT('',(0.252346882258,2.035213288007E-02));
#2511 = CARTESIAN_POINT('',(0.252377077038,1.358835269813E-02));
#2512 = CARTESIAN_POINT('',(0.252407476575,6.805735675206E-03));
#2513 = CARTESIAN_POINT('',(0.252427879238,2.270861733555E-03));
#2514 = CARTESIAN_POINT('',(0.252438114595,0.));
#2515 = ( GEOMETRIC_REPRESENTATION_CONTEXT(2) 
PARAMETRIC_REPRESENTATION_CONTEXT() REPRESENTATION_CONTEXT('2D SPACE',''
  ) );
#2516 = ORIENTED_EDGE('',*,*,#2517,.T.);
#2517 = EDGE_CURVE('',#2241,#196,#2518,.T.);
#2518 = SURFACE_CURVE('',#2519,(#2522,#2528),.PCURVE_S1.);
#2519 = B_SPLINE_CURVE_WITH_KNOTS('',1,(#2520,#2521),.UNSPECIFIED.,.F.,
  .F.,(2,2),(5.796177811731E-02,1.),.PIECEWISE_BEZIER_KNOTS.);
#2520 = CARTESIAN_POINT('',(-124.8016226165,142.94847049275,114.));
#2521 = CARTESIAN_POINT('',(-131.002170218,-6.68121703506E-03,114.));
#2522 = PCURVE('',#232,#2523);
#2523 = DEFINITIONAL_REPRESENTATION('',(#2524),#2527);
#2524 = B_SPLINE_CURVE_WITH_KNOTS('',1,(#2525,#2526),.UNSPECIFIED.,.F.,
  .F.,(2,2),(5.796177811731E-02,1.),.PIECEWISE_BEZIER_KNOTS.);
#2525 = CARTESIAN_POINT('',(-124.8016226165,132.93761940237));
#2526 = CARTESIAN_POINT('',(-131.002170218,-10.0175323074));
#2527 = ( GEOMETRIC_REPRESENTATION_CONTEXT(2) 
PARAMETRIC_REPRESENTATION_CONTEXT() REPRESENTATION_CONTEXT('2D SPACE',''
  ) );
#2528 = PCURVE('',#280,#2529);
#2529 = DEFINITIONAL_REPRESENTATION('',(#2530),#2556);
#2530 = B_SPLINE_CURVE_WITH_KNOTS('',3,(#2531,#2532,#2533,#2534,#2535,
    #2536,#2537,#2538,#2539,#2540,#2541,#2542,#2543,#2544,#2545,#2546,
    #2547,#2548,#2549,#2550,#2551,#2552,#2553,#2554,#2555),
  .UNSPECIFIED.,.F.,.F.,(4,1,1,1,1,1,1,1,1,1,1,1,1,1,1,1,1,1,1,1,1,1,4),
  (5.796177811731E-02,0.100781697294,0.14360161647,0.186421535647,
    0.229241454823,0.272061374,0.314881293176,0.357701212353,
    0.400521131529,0.443341050706,0.486160969882,0.528980889059,
    0.571800808235,0.614620727412,0.657440646588,0.700260565765,
    0.743080484941,0.785900404118,0.828720323294,0.871540242471,
    0.914360161647,0.957180080824,1.),.UNSPECIFIED.);
#2531 = CARTESIAN_POINT('',(5.796177811731E-02,1.));
#2532 = CARTESIAN_POINT('',(7.223508450947E-02,1.));
#2533 = CARTESIAN_POINT('',(0.100781697294,1.));
#2534 = CARTESIAN_POINT('',(0.14360161647,1.));
#2535 = CARTESIAN_POINT('',(0.186421535647,1.));
#2536 = CARTESIAN_POINT('',(0.229241454823,1.));
#2537 = CARTESIAN_POINT('',(0.272061374,1.));
#2538 = CARTESIAN_POINT('',(0.314881293176,1.));
#2539 = CARTESIAN_POINT('',(0.357701212353,1.));
#2540 = CARTESIAN_POINT('',(0.400521131529,1.));
#2541 = CARTESIAN_POINT('',(0.443341050706,1.));
#2542 = CARTESIAN_POINT('',(0.486160969882,1.));
#2543 = CARTESIAN_POINT('',(0.528980889059,1.));
#2544 = CARTESIAN_POINT('',(0.571800808235,1.));
#2545 = CARTESIAN_POINT('',(0.614620727412,1.));
#2546 = CARTESIAN_POINT('',(0.657440646588,1.));
#2547 = CARTESIAN_POINT('',(0.700260565765,1.));
#2548 = CARTESIAN_POINT('',(0.743080484941,1.));
#2549 = CARTESIAN_POINT('',(0.785900404118,1.));
#2550 = CARTESIAN_POINT('',(0.828720323294,1.));
#2551 = CARTESIAN_POINT('',(0.871540242471,1.));
#2552 = CARTESIAN_POINT('',(0.914360161647,1.));
#2553 = CARTESIAN_POINT('',(0.957180080824,1.));
#2554 = CARTESIAN_POINT('',(0.985726693608,1.));
#2555 = CARTESIAN_POINT('',(1.,1.));
#2556 = ( GEOMETRIC_REPRESENTATION_CONTEXT(2) 
PARAMETRIC_REPRESENTATION_CONTEXT() REPRESENTATION_CONTEXT('2D SPACE',''
  ) );
#2557 = ORIENTED_EDGE('',*,*,#195,.T.);
#2558 = ORIENTED_EDGE('',*,*,#1904,.T.);
#2559 = ORIENTED_EDGE('',*,*,#2560,.T.);
#2560 = EDGE_CURVE('',#1832,#2561,#2563,.T.);
#2561 = VERTEX_POINT('',#2562);
#2562 = CARTESIAN_POINT('',(115.63057321896,-132.2504337929,114.));
#2563 = SURFACE_CURVE('',#2564,(#2570,#2579),.PCURVE_S1.);
#2564 = B_SPLINE_CURVE_WITH_KNOTS('',2,(#2565,#2566,#2567,#2568,#2569),
  .UNSPECIFIED.,.F.,.F.,(3,2,3),(3.530899664394E-02,0.5,0.964691267447),
  .UNSPECIFIED.);
#2565 = CARTESIAN_POINT('',(-115.630573827,-132.2504443038,114.));
#2566 = CARTESIAN_POINT('',(-57.86747327619,-135.592471513,114.));
#2567 = CARTESIAN_POINT('',(2.775557561563E-14,-135.5924859812,114.));
#2568 = CARTESIAN_POINT('',(57.867041415784,-135.5925004492,114.));
#2569 = CARTESIAN_POINT('',(115.63057384372,-132.250444592,114.));
#2570 = PCURVE('',#232,#2571);
#2571 = DEFINITIONAL_REPRESENTATION('',(#2572),#2578);
#2572 = B_SPLINE_CURVE_WITH_KNOTS('',2,(#2573,#2574,#2575,#2576,#2577),
  .UNSPECIFIED.,.F.,.F.,(3,2,3),(3.530899664394E-02,0.5,0.964691267447),
  .UNSPECIFIED.);
#2573 = CARTESIAN_POINT('',(-115.630573827,-142.2612953941));
#2574 = CARTESIAN_POINT('',(-57.86747327619,-145.6033226033));
#2575 = CARTESIAN_POINT('',(0.,-145.6033370715));
#2576 = CARTESIAN_POINT('',(57.867041415784,-145.6033515395));
#2577 = CARTESIAN_POINT('',(115.63057384372,-142.2612956823));
#2578 = ( GEOMETRIC_REPRESENTATION_CONTEXT(2) 
PARAMETRIC_REPRESENTATION_CONTEXT() REPRESENTATION_CONTEXT('2D SPACE',''
  ) );
#2579 = PCURVE('',#658,#2580);
#2580 = DEFINITIONAL_REPRESENTATION('',(#2581),#2607);
#2581 = B_SPLINE_CURVE_WITH_KNOTS('',3,(#2582,#2583,#2584,#2585,#2586,
    #2587,#2588,#2589,#2590,#2591,#2592,#2593,#2594,#2595,#2596,#2597,
    #2598,#2599,#2600,#2601,#2602,#2603,#2604,#2605,#2606),
  .UNSPECIFIED.,.F.,.F.,(4,1,1,1,1,1,1,1,1,1,1,1,1,1,1,1,1,1,1,1,1,1,4),
  (3.530899664394E-02,7.755364531681E-02,0.11979829399,0.162042942663,
    0.204287591335,0.246532240008,0.288776888681,0.331021537354,
    0.373266186027,0.4155108347,0.457755483373,0.500000132045,
    0.542244780718,0.584489429391,0.626734078064,0.668978726737,
    0.71122337541,0.753468024083,0.795712672756,0.837957321428,
    0.880201970101,0.922446618774,0.964691267447),
  .QUASI_UNIFORM_KNOTS.);
#2582 = CARTESIAN_POINT('',(3.531795023448E-02,0.999999961504));
#2583 = CARTESIAN_POINT('',(4.940220563613E-02,0.999999932218));
#2584 = CARTESIAN_POINT('',(7.756875200164E-02,0.999999850003));
#2585 = CARTESIAN_POINT('',(0.119813839757,0.999999694914));
#2586 = CARTESIAN_POINT('',(0.162055355997,0.999999551021));
#2587 = CARTESIAN_POINT('',(0.204294465351,0.999999447978));
#2588 = CARTESIAN_POINT('',(0.246532335762,0.999999405527));
#2589 = CARTESIAN_POINT('',(0.2887701325,0.999999431669));
#2590 = CARTESIAN_POINT('',(0.331009038243,0.999999522481));
#2591 = CARTESIAN_POINT('',(0.373250173546,0.999999661754));
#2592 = CARTESIAN_POINT('',(0.41549488948,0.999999820848));
#2593 = CARTESIAN_POINT('',(0.457743671072,0.999999959024));
#2594 = CARTESIAN_POINT('',(0.500000225328,1.000000022781));
#2595 = CARTESIAN_POINT('',(0.542256220142,0.999999949851));
#2596 = CARTESIAN_POINT('',(0.584504814462,0.999999806446));
#2597 = CARTESIAN_POINT('',(0.626749315959,0.99999964447));
#2598 = CARTESIAN_POINT('',(0.668990316822,0.99999950453));
#2599 = CARTESIAN_POINT('',(0.711229139533,0.999999414733));
#2600 = CARTESIAN_POINT('',(0.753466912396,0.999999390853));
#2601 = CARTESIAN_POINT('',(0.795704816067,0.999999436355));
#2602 = CARTESIAN_POINT('',(0.83794401638,0.99999954279));
#2603 = CARTESIAN_POINT('',(0.880185681113,0.999999689978));
#2604 = CARTESIAN_POINT('',(0.922430974896,0.999999847843));
#2605 = CARTESIAN_POINT('',(0.950597696915,0.999999931298));
#2606 = CARTESIAN_POINT('',(0.964682049709,0.999999960983));
#2607 = ( GEOMETRIC_REPRESENTATION_CONTEXT(2) 
PARAMETRIC_REPRESENTATION_CONTEXT() REPRESENTATION_CONTEXT('2D SPACE',''
  ) );
#2608 = ORIENTED_EDGE('',*,*,#2609,.T.);
#2609 = EDGE_CURVE('',#2561,#2610,#2612,.T.);
#2610 = VERTEX_POINT('',#2611);
#2611 = CARTESIAN_POINT('',(124.84080321922,-123.0798906271,114.));
#2612 = SURFACE_CURVE('',#2613,(#2670,#2730),.PCURVE_S1.);
#2613 = B_SPLINE_CURVE_WITH_KNOTS('',3,(#2614,#2615,#2616,#2617,#2618,
    #2619,#2620,#2621,#2622,#2623,#2624,#2625,#2626,#2627,#2628,#2629,
    #2630,#2631,#2632,#2633,#2634,#2635,#2636,#2637,#2638,#2639,#2640,
    #2641,#2642,#2643,#2644,#2645,#2646,#2647,#2648,#2649,#2650,#2651,
    #2652,#2653,#2654,#2655,#2656,#2657,#2658,#2659,#2660,#2661,#2662,
    #2663,#2664,#2665,#2666,#2667,#2668,#2669),.UNSPECIFIED.,.F.,.F.,(4,
    1,2,2,2,2,2,1,1,1,2,2,1,1,2,2,1,1,1,1,1,1,1,2,2,2,1,1,1,2,2,2,2,2,1,
    1,4),(0.,8.86384626911E-04,1.772769253822E-03,2.659153880733E-03,
    3.102346194189E-03,3.323942350916E-03,3.379341390098E-03,
    3.43474042928E-03,3.545538507644E-03,3.9887308211E-03,
    4.431923134555E-03,5.318307761466E-03,5.761500074922E-03,
    6.204692388377E-03,6.647884701833E-03,6.758682780197E-03,
    6.869480858561E-03,7.091077015289E-03,7.534269328744E-03,
    7.9774616422E-03,8.420653955655E-03,8.863846269111E-03,
    9.307038582567E-03,9.750230896022E-03,9.861028974386E-03,
    9.97182705275E-03,1.019342320948E-02,1.063661552293E-02,
    1.107980783639E-02,1.152300014984E-02,1.240938477676E-02,
    1.285257709021E-02,1.307417324694E-02,1.31849713253E-02,
    1.329576940367E-02,1.373896171712E-02,1.418215403058E-02),
  .UNSPECIFIED.);
#2614 = CARTESIAN_POINT('',(115.63057259411,-132.2504229939,114.));
#2615 = CARTESIAN_POINT('',(115.92960915719,-132.2331228388,114.));
#2616 = CARTESIAN_POINT('',(116.52187546154,-132.1729074308,114.));
#2617 = CARTESIAN_POINT('',(117.10273838691,-132.0623893486,114.));
#2618 = CARTESIAN_POINT('',(117.67787471958,-131.926610076,114.));
#2619 = CARTESIAN_POINT('',(117.96257993582,-131.846091372,114.));
#2620 = CARTESIAN_POINT('',(118.38522480401,-131.7058468492,114.));
#2621 = CARTESIAN_POINT('',(118.52536986777,-131.6558495603,114.));
#2622 = CARTESIAN_POINT('',(118.73445743031,-131.5758688161,114.));
#2623 = CARTESIAN_POINT('',(118.80396486925,-131.5483774292,114.));
#2624 = CARTESIAN_POINT('',(118.89061042071,-131.5129600321,114.));
#2625 = CARTESIAN_POINT('',(118.90793174235,-131.5058221341,114.));
#2626 = CARTESIAN_POINT('',(118.9425078612,-131.4914584174,114.));
#2627 = CARTESIAN_POINT('',(118.99428527961,-131.4697757164,114.));
#2628 = CARTESIAN_POINT('',(119.18318331131,-131.3887670285,114.));
#2629 = CARTESIAN_POINT('',(119.48711793653,-131.2480340918,114.));
#2630 = CARTESIAN_POINT('',(119.75001686222,-131.1114553632,114.));
#2631 = CARTESIAN_POINT('',(120.13895058445,-130.8980292719,114.));
#2632 = CARTESIAN_POINT('',(120.39103070394,-130.7443511835,114.));
#2633 = CARTESIAN_POINT('',(120.7582851929,-130.4966605897,114.));
#2634 = CARTESIAN_POINT('',(120.99949436609,-130.3258007329,114.));
#2635 = CARTESIAN_POINT('',(121.3503046083,-130.0521196474,114.));
#2636 = CARTESIAN_POINT('',(121.576715285,-129.8578704432,114.));
#2637 = CARTESIAN_POINT('',(121.71583468944,-129.7326915604,114.));
#2638 = CARTESIAN_POINT('',(121.74355624263,-129.7074510304,114.));
#2639 = CARTESIAN_POINT('',(121.79862578406,-129.6567133832,114.));
#2640 = CARTESIAN_POINT('',(121.88070003965,-129.5801958907,114.));
#2641 = CARTESIAN_POINT('',(122.06851530948,-129.3987927102,114.));
#2642 = CARTESIAN_POINT('',(122.32637695701,-129.1315452619,114.));
#2643 = CARTESIAN_POINT('',(122.61932411406,-128.798063952,114.));
#2644 = CARTESIAN_POINT('',(122.89590915659,-128.4518949704,114.));
#2645 = CARTESIAN_POINT('',(123.15615967513,-128.0930597118,114.));
#2646 = CARTESIAN_POINT('',(123.40000697342,-127.7215049069,114.));
#2647 = CARTESIAN_POINT('',(123.55152508803,-127.4652357235,114.));
#2648 = CARTESIAN_POINT('',(123.64271538613,-127.3023468701,114.));
#2649 = CARTESIAN_POINT('',(123.66077793192,-127.2696330008,114.));
#2650 = CARTESIAN_POINT('',(123.69655022779,-127.2039316938,114.));
#2651 = CARTESIAN_POINT('',(123.71426455683,-127.170935595,114.));
#2652 = CARTESIAN_POINT('',(123.76684631912,-127.0715898636,114.));
#2653 = CARTESIAN_POINT('',(123.86945806084,-126.8720506772,114.));
#2654 = CARTESIAN_POINT('',(124.02788108013,-126.5353006878,114.));
#2655 = CARTESIAN_POINT('',(124.19822612005,-126.1246354061,114.));
#2656 = CARTESIAN_POINT('',(124.29879085701,-125.846540301,114.));
#2657 = CARTESIAN_POINT('',(124.43996235953,-125.4261833276,114.));
#2658 = CARTESIAN_POINT('',(124.52119459952,-125.1416658064,114.));
#2659 = CARTESIAN_POINT('',(124.623672682,-124.7084545573,114.));
#2660 = CARTESIAN_POINT('',(124.65459899801,-124.5629767632,114.));
#2661 = CARTESIAN_POINT('',(124.69609003957,-124.3431327721,114.));
#2662 = CARTESIAN_POINT('',(124.70910367714,-124.269580124,114.));
#2663 = CARTESIAN_POINT('',(124.72739014869,-124.1588412119,114.));
#2664 = CARTESIAN_POINT('',(124.73328224608,-124.1218446845,114.));
#2665 = CARTESIAN_POINT('',(124.74464066175,-124.0477982302,114.));
#2666 = CARTESIAN_POINT('',(124.77196934641,-123.862572167,114.));
#2667 = CARTESIAN_POINT('',(124.81159118837,-123.5281796534,114.));
#2668 = CARTESIAN_POINT('',(124.83331080373,-123.2295515093,114.));
#2669 = CARTESIAN_POINT('',(124.84080321922,-123.0798906271,114.));
#2670 = PCURVE('',#232,#2671);
#2671 = DEFINITIONAL_REPRESENTATION('',(#2672),#2729);
#2672 = B_SPLINE_CURVE_WITH_KNOTS('',3,(#2673,#2674,#2675,#2676,#2677,
    #2678,#2679,#2680,#2681,#2682,#2683,#2684,#2685,#2686,#2687,#2688,
    #2689,#2690,#2691,#2692,#2693,#2694,#2695,#2696,#2697,#2698,#2699,
    #2700,#2701,#2702,#2703,#2704,#2705,#2706,#2707,#2708,#2709,#2710,
    #2711,#2712,#2713,#2714,#2715,#2716,#2717,#2718,#2719,#2720,#2721,
    #2722,#2723,#2724,#2725,#2726,#2727,#2728),.UNSPECIFIED.,.F.,.F.,(4,
    1,2,2,2,2,2,1,1,1,2,2,1,1,2,2,1,1,1,1,1,1,1,2,2,2,1,1,1,2,2,2,2,2,1,
    1,4),(0.,8.86384626911E-04,1.772769253822E-03,2.659153880733E-03,
    3.102346194189E-03,3.323942350916E-03,3.379341390098E-03,
    3.43474042928E-03,3.545538507644E-03,3.9887308211E-03,
    4.431923134555E-03,5.318307761466E-03,5.761500074922E-03,
    6.204692388377E-03,6.647884701833E-03,6.758682780197E-03,
    6.869480858561E-03,7.091077015289E-03,7.534269328744E-03,
    7.9774616422E-03,8.420653955655E-03,8.863846269111E-03,
    9.307038582567E-03,9.750230896022E-03,9.861028974386E-03,
    9.97182705275E-03,1.019342320948E-02,1.063661552293E-02,
    1.107980783639E-02,1.152300014984E-02,1.240938477676E-02,
    1.285257709021E-02,1.307417324694E-02,1.31849713253E-02,
    1.329576940367E-02,1.373896171712E-02,1.418215403058E-02),
  .UNSPECIFIED.);
#2673 = CARTESIAN_POINT('',(115.63057259411,-142.2612740842));
#2674 = CARTESIAN_POINT('',(115.92960915719,-142.2439739291));
#2675 = CARTESIAN_POINT('',(116.52187546154,-142.1837585211));
#2676 = CARTESIAN_POINT('',(117.10273838691,-142.0732404389));
#2677 = CARTESIAN_POINT('',(117.67787471958,-141.9374611663));
#2678 = CARTESIAN_POINT('',(117.96257993582,-141.8569424623));
#2679 = CARTESIAN_POINT('',(118.38522480401,-141.7166979395));
#2680 = CARTESIAN_POINT('',(118.52536986777,-141.6667006506));
#2681 = CARTESIAN_POINT('',(118.73445743031,-141.5867199064));
#2682 = CARTESIAN_POINT('',(118.80396486925,-141.5592285195));
#2683 = CARTESIAN_POINT('',(118.89061042071,-141.5238111224));
#2684 = CARTESIAN_POINT('',(118.90793174235,-141.5166732244));
#2685 = CARTESIAN_POINT('',(118.9425078612,-141.5023095077));
#2686 = CARTESIAN_POINT('',(118.99428527961,-141.4806268067));
#2687 = CARTESIAN_POINT('',(119.18318331131,-141.3996181188));
#2688 = CARTESIAN_POINT('',(119.48711793653,-141.2588851821));
#2689 = CARTESIAN_POINT('',(119.75001686222,-141.1223064535));
#2690 = CARTESIAN_POINT('',(120.13895058445,-140.9088803622));
#2691 = CARTESIAN_POINT('',(120.39103070394,-140.7552022738));
#2692 = CARTESIAN_POINT('',(120.7582851929,-140.50751168));
#2693 = CARTESIAN_POINT('',(120.99949436609,-140.3366518232));
#2694 = CARTESIAN_POINT('',(121.3503046083,-140.0629707377));
#2695 = CARTESIAN_POINT('',(121.576715285,-139.8687215335));
#2696 = CARTESIAN_POINT('',(121.71583468944,-139.7435426507));
#2697 = CARTESIAN_POINT('',(121.74355624263,-139.7183021207));
#2698 = CARTESIAN_POINT('',(121.79862578406,-139.6675644735));
#2699 = CARTESIAN_POINT('',(121.88070003965,-139.591046981));
#2700 = CARTESIAN_POINT('',(122.06851530948,-139.4096438005));
#2701 = CARTESIAN_POINT('',(122.32637695701,-139.1423963522));
#2702 = CARTESIAN_POINT('',(122.61932411406,-138.8089150423));
#2703 = CARTESIAN_POINT('',(122.89590915659,-138.4627460607));
#2704 = CARTESIAN_POINT('',(123.15615967513,-138.1039108021));
#2705 = CARTESIAN_POINT('',(123.40000697342,-137.7323559972));
#2706 = CARTESIAN_POINT('',(123.55152508803,-137.4760868138));
#2707 = CARTESIAN_POINT('',(123.64271538613,-137.3131979604));
#2708 = CARTESIAN_POINT('',(123.66077793192,-137.2804840911));
#2709 = CARTESIAN_POINT('',(123.69655022779,-137.2147827841));
#2710 = CARTESIAN_POINT('',(123.71426455683,-137.1817866853));
#2711 = CARTESIAN_POINT('',(123.76684631912,-137.0824409539));
#2712 = CARTESIAN_POINT('',(123.86945806084,-136.8829017675));
#2713 = CARTESIAN_POINT('',(124.02788108013,-136.5461517781));
#2714 = CARTESIAN_POINT('',(124.19822612005,-136.1354864964));
#2715 = CARTESIAN_POINT('',(124.29879085701,-135.8573913913));
#2716 = CARTESIAN_POINT('',(124.43996235953,-135.4370344179));
#2717 = CARTESIAN_POINT('',(124.52119459952,-135.1525168967));
#2718 = CARTESIAN_POINT('',(124.623672682,-134.7193056476));
#2719 = CARTESIAN_POINT('',(124.65459899801,-134.5738278535));
#2720 = CARTESIAN_POINT('',(124.69609003957,-134.3539838624));
#2721 = CARTESIAN_POINT('',(124.70910367714,-134.2804312143));
#2722 = CARTESIAN_POINT('',(124.72739014869,-134.1696923022));
#2723 = CARTESIAN_POINT('',(124.73328224608,-134.1326957748));
#2724 = CARTESIAN_POINT('',(124.74464066175,-134.0586493205));
#2725 = CARTESIAN_POINT('',(124.77196934641,-133.8734232573));
#2726 = CARTESIAN_POINT('',(124.81159118837,-133.5390307437));
#2727 = CARTESIAN_POINT('',(124.83331080373,-133.2404025996));
#2728 = CARTESIAN_POINT('',(124.84080321922,-133.0907417174));
#2729 = ( GEOMETRIC_REPRESENTATION_CONTEXT(2) 
PARAMETRIC_REPRESENTATION_CONTEXT() REPRESENTATION_CONTEXT('2D SPACE',''
  ) );
#2730 = PCURVE('',#838,#2731);
#2731 = DEFINITIONAL_REPRESENTATION('',(#2732),#2890);
#2732 = B_SPLINE_CURVE_WITH_KNOTS('',3,(#2733,#2734,#2735,#2736,#2737,
    #2738,#2739,#2740,#2741,#2742,#2743,#2744,#2745,#2746,#2747,#2748,
    #2749,#2750,#2751,#2752,#2753,#2754,#2755,#2756,#2757,#2758,#2759,
    #2760,#2761,#2762,#2763,#2764,#2765,#2766,#2767,#2768,#2769,#2770,
    #2771,#2772,#2773,#2774,#2775,#2776,#2777,#2778,#2779,#2780,#2781,
    #2782,#2783,#2784,#2785,#2786,#2787,#2788,#2789,#2790,#2791,#2792,
    #2793,#2794,#2795,#2796,#2797,#2798,#2799,#2800,#2801,#2802,#2803,
    #2804,#2805,#2806,#2807,#2808,#2809,#2810,#2811,#2812,#2813,#2814,
    #2815,#2816,#2817,#2818,#2819,#2820,#2821,#2822,#2823,#2824,#2825,
    #2826,#2827,#2828,#2829,#2830,#2831,#2832,#2833,#2834,#2835,#2836,
    #2837,#2838,#2839,#2840,#2841,#2842,#2843,#2844,#2845,#2846,#2847,
    #2848,#2849,#2850,#2851,#2852,#2853,#2854,#2855,#2856,#2857,#2858,
    #2859,#2860,#2861,#2862,#2863,#2864,#2865,#2866,#2867,#2868,#2869,
    #2870,#2871,#2872,#2873,#2874,#2875,#2876,#2877,#2878,#2879,#2880,
    #2881,#2882,#2883,#2884,#2885,#2886,#2887,#2888,#2889),
  .UNSPECIFIED.,.F.,.F.,(4,1,1,1,1,1,1,1,1,1,1,1,1,1,1,1,1,1,1,1,1,1,1,1
    ,1,1,1,1,1,1,1,1,1,1,1,1,1,1,1,1,1,1,1,1,1,1,1,1,1,1,1,1,1,1,1,1,1,1
    ,1,1,1,1,1,1,1,1,1,1,1,1,1,1,1,1,1,1,1,1,1,1,1,1,1,1,1,1,1,1,1,1,1,1
    ,1,1,1,1,1,1,1,1,1,1,1,1,1,1,1,1,1,1,1,1,1,1,1,1,1,1,1,1,1,1,1,1,1,1
    ,1,1,1,1,1,1,1,1,1,1,1,1,1,1,1,1,1,1,1,1,1,1,1,1,1,1,1,1,4),(
    9.653607550895E-14,9.209190938537E-05,1.841838186742E-04,
    2.762757279631E-04,3.683676372519E-04,4.604595465407E-04,
    5.525514558296E-04,6.446433651184E-04,7.367352744072E-04,
    8.288271836961E-04,9.209190929849E-04,1.013011002274E-03,
    1.105102911563E-03,1.197194820851E-03,1.28928673014E-03,
    1.381378639429E-03,1.473470548718E-03,1.565562458007E-03,
    1.657654367296E-03,1.749746276584E-03,1.841838185873E-03,
    1.933930095162E-03,2.026022004451E-03,2.11811391374E-03,
    2.210205823029E-03,2.302297732317E-03,2.394389641606E-03,
    2.486481550895E-03,2.578573460184E-03,2.670665369473E-03,
    2.762757278762E-03,2.854849188051E-03,2.946941097339E-03,
    3.039033006628E-03,3.131124915917E-03,3.223216825206E-03,
    3.315308734495E-03,3.407400643784E-03,3.499492553072E-03,
    3.591584462361E-03,3.68367637165E-03,3.775768280939E-03,
    3.867860190228E-03,3.959952099517E-03,4.052044008805E-03,
    4.144135918094E-03,4.236227827383E-03,4.328319736672E-03,
    4.420411645961E-03,4.51250355525E-03,4.604595464538E-03,
    4.696687373827E-03,4.788779283116E-03,4.880871192405E-03,
    4.972963101694E-03,5.065055010983E-03,5.157146920271E-03,
    5.24923882956E-03,5.341330738849E-03,5.433422648138E-03,
    5.525514557427E-03,5.617606466716E-03,5.709698376004E-03,
    5.801790285293E-03,5.893882194582E-03,5.985974103871E-03,
    6.07806601316E-03,6.170157922449E-03,6.262249831738E-03,
    6.354341741026E-03,6.446433650315E-03,6.538525559604E-03,
    6.630617468893E-03,6.722709378182E-03,6.814801287471E-03,
    6.906893196759E-03,6.998985106048E-03,7.091077015337E-03,
    7.183168924626E-03,7.275260833915E-03,7.367352743204E-03,
    7.459444652492E-03,7.551536561781E-03,7.64362847107E-03,
    7.735720380359E-03,7.827812289648E-03,7.919904198937E-03,
    8.011996108225E-03,8.104088017514E-03,8.196179926803E-03,
    8.288271836092E-03,8.380363745381E-03,8.47245565467E-03,
    8.564547563958E-03,8.656639473247E-03,8.748731382536E-03,
    8.840823291825E-03,8.932915201114E-03,9.025007110403E-03,
    9.117099019692E-03,9.20919092898E-03,9.301282838269E-03,
    9.393374747558E-03,9.485466656847E-03,9.577558566136E-03,
    9.669650475425E-03,9.761742384713E-03,9.853834294002E-03,
    9.945926203291E-03,1.003801811258E-02,1.013011002187E-02,
    1.022220193116E-02,1.031429384045E-02,1.040638574974E-02,
    1.049847765902E-02,1.059056956831E-02,1.06826614776E-02,
    1.077475338689E-02,1.086684529618E-02,1.095893720547E-02,
    1.105102911476E-02,1.114312102405E-02,1.123521293333E-02,
    1.132730484262E-02,1.141939675191E-02,1.15114886612E-02,
    1.160358057049E-02,1.169567247978E-02,1.178776438907E-02,
    1.187985629836E-02,1.197194820765E-02,1.206404011693E-02,
    1.215613202622E-02,1.224822393551E-02,1.23403158448E-02,
    1.243240775409E-02,1.252449966338E-02,1.261659157267E-02,
    1.270868348196E-02,1.280077539125E-02,1.289286730053E-02,
    1.298495920982E-02,1.307705111911E-02,1.31691430284E-02,
    1.326123493769E-02,1.335332684698E-02,1.344541875627E-02,
    1.353751066556E-02,1.362960257484E-02,1.372169448413E-02,
    1.381378639342E-02,1.390587830271E-02,1.3997970212E-02,
    1.409006212129E-02,1.418215403058E-02),.UNSPECIFIED.);
#2733 = CARTESIAN_POINT('',(0.242910543302,1.));
#2734 = CARTESIAN_POINT('',(0.242903103421,0.997674888881));
#2735 = CARTESIAN_POINT('',(0.242888291887,0.993034802023));
#2736 = CARTESIAN_POINT('',(0.242866278877,0.98610404486));
#2737 = CARTESIAN_POINT('',(0.242844469774,0.979201621895));
#2738 = CARTESIAN_POINT('',(0.242822864193,0.972326514876));
#2739 = CARTESIAN_POINT('',(0.24280146175,0.965477719149));
#2740 = CARTESIAN_POINT('',(0.242780262059,0.958654245287));
#2741 = CARTESIAN_POINT('',(0.242759264735,0.951855118417));
#2742 = CARTESIAN_POINT('',(0.24273846939,0.945079378119));
#2743 = CARTESIAN_POINT('',(0.242717875651,0.938326078339));
#2744 = CARTESIAN_POINT('',(0.242697483094,0.931594286744));
#2745 = CARTESIAN_POINT('',(0.242677291502,0.924883086475));
#2746 = CARTESIAN_POINT('',(0.242657301017,0.918191572846));
#2747 = CARTESIAN_POINT('',(0.242637511718,0.911518848981));
#2748 = CARTESIAN_POINT('',(0.242617923699,0.904864026578));
#2749 = CARTESIAN_POINT('',(0.242598537051,0.898226225607));
#2750 = CARTESIAN_POINT('',(0.242579351866,0.891604574291));
#2751 = CARTESIAN_POINT('',(0.242560368234,0.884998208989));
#2752 = CARTESIAN_POINT('',(0.242541586245,0.878406274254));
#2753 = CARTESIAN_POINT('',(0.242523006004,0.871827922288));
#2754 = CARTESIAN_POINT('',(0.24250462755,0.86526231465));
#2755 = CARTESIAN_POINT('',(0.242486451331,0.858708612327));
#2756 = CARTESIAN_POINT('',(0.242468477959,0.852165976075));
#2757 = CARTESIAN_POINT('',(0.242450708004,0.845633570227));
#2758 = CARTESIAN_POINT('',(0.242433142048,0.839110561731));
#2759 = CARTESIAN_POINT('',(0.242415780669,0.832596120439));
#2760 = CARTESIAN_POINT('',(0.242398624447,0.826089418946));
#2761 = CARTESIAN_POINT('',(0.242381673957,0.819589632996));
#2762 = CARTESIAN_POINT('',(0.242364929798,0.813095940089));
#2763 = CARTESIAN_POINT('',(0.242348392473,0.806607524729));
#2764 = CARTESIAN_POINT('',(0.242332062861,0.800123558279));
#2765 = CARTESIAN_POINT('',(0.242315942089,0.793643199783));
#2766 = CARTESIAN_POINT('',(0.242300031102,0.787165615333));
#2767 = CARTESIAN_POINT('',(0.242284330901,0.78068996568));
#2768 = CARTESIAN_POINT('',(0.242268842443,0.7742154199));
#2769 = CARTESIAN_POINT('',(0.242253566845,0.767741111718));
#2770 = CARTESIAN_POINT('',(0.242238505447,0.761266254649));
#2771 = CARTESIAN_POINT('',(0.242223659085,0.754789732329));
#2772 = CARTESIAN_POINT('',(0.242209083849,0.748335090208));
#2773 = CARTESIAN_POINT('',(0.242194769484,0.74189746284));
#2774 = CARTESIAN_POINT('',(0.242180717612,0.735477010635));
#2775 = CARTESIAN_POINT('',(0.242166926949,0.729072567396));
#2776 = CARTESIAN_POINT('',(0.242153396996,0.722683334713));
#2777 = CARTESIAN_POINT('',(0.242140127056,0.716308427717));
#2778 = CARTESIAN_POINT('',(0.242127116444,0.709946996051));
#2779 = CARTESIAN_POINT('',(0.242114364726,0.703598195306));
#2780 = CARTESIAN_POINT('',(0.242101871592,0.69726119118));
#2781 = CARTESIAN_POINT('',(0.242089636686,0.690935154851));
#2782 = CARTESIAN_POINT('',(0.242077659717,0.684619264491));
#2783 = CARTESIAN_POINT('',(0.242065940176,0.678312703449));
#2784 = CARTESIAN_POINT('',(0.242054477821,0.672014663723));
#2785 = CARTESIAN_POINT('',(0.242043272875,0.665724342434));
#2786 = CARTESIAN_POINT('',(0.242032325443,0.659440938522));
#2787 = CARTESIAN_POINT('',(0.242021635661,0.65316365359));
#2788 = CARTESIAN_POINT('',(0.242011203658,0.646891691675));
#2789 = CARTESIAN_POINT('',(0.242001029565,0.640624259257));
#2790 = CARTESIAN_POINT('',(0.241991113505,0.634360565423));
#2791 = CARTESIAN_POINT('',(0.241981455636,0.628099821151));
#2792 = CARTESIAN_POINT('',(0.241972055978,0.621841241976));
#2793 = CARTESIAN_POINT('',(0.241962915154,0.615584036902));
#2794 = CARTESIAN_POINT('',(0.24195403388,0.609327411273));
#2795 = CARTESIAN_POINT('',(0.241945412728,0.603070571213));
#2796 = CARTESIAN_POINT('',(0.241937052319,0.596812720705));
#2797 = CARTESIAN_POINT('',(0.241928953223,0.590553063497));
#2798 = CARTESIAN_POINT('',(0.24192111619,0.584290797772));
#2799 = CARTESIAN_POINT('',(0.241913542201,0.578025112358));
#2800 = CARTESIAN_POINT('',(0.241906232186,0.571755193835));
#2801 = CARTESIAN_POINT('',(0.2418991871,0.565480221831));
#2802 = CARTESIAN_POINT('',(0.241892407853,0.559199382241));
#2803 = CARTESIAN_POINT('',(0.241885895605,0.552911816106));
#2804 = CARTESIAN_POINT('',(0.241879651769,0.546616769047));
#2805 = CARTESIAN_POINT('',(0.241873677368,0.540313045765));
#2806 = CARTESIAN_POINT('',(0.241867974748,0.534001068682));
#2807 = CARTESIAN_POINT('',(0.24186254136,0.527675189671));
#2808 = CARTESIAN_POINT('',(0.241857394532,0.521353639327));
#2809 = CARTESIAN_POINT('',(0.241852539771,0.515043675415));
#2810 = CARTESIAN_POINT('',(0.241847974001,0.508742228217));
#2811 = CARTESIAN_POINT('',(0.241843696582,0.502449040143));
#2812 = CARTESIAN_POINT('',(0.241839706227,0.49616310908));
#2813 = CARTESIAN_POINT('',(0.241836002167,0.489883648406));
#2814 = CARTESIAN_POINT('',(0.241832583583,0.483609821611));
#2815 = CARTESIAN_POINT('',(0.241829449673,0.477340811046));
#2816 = CARTESIAN_POINT('',(0.241826599616,0.471075799127));
#2817 = CARTESIAN_POINT('',(0.24182403266,0.464813974847));
#2818 = CARTESIAN_POINT('',(0.241821748391,0.458554534751));
#2819 = CARTESIAN_POINT('',(0.241819746356,0.452296676232));
#2820 = CARTESIAN_POINT('',(0.24181802612,0.446039598501));
#2821 = CARTESIAN_POINT('',(0.241816587211,0.43978250204));
#2822 = CARTESIAN_POINT('',(0.241815429308,0.433524589942));
#2823 = CARTESIAN_POINT('',(0.241814552352,0.427265066474));
#2824 = CARTESIAN_POINT('',(0.241813956233,0.42100313447));
#2825 = CARTESIAN_POINT('',(0.241813640865,0.414737995791));
#2826 = CARTESIAN_POINT('',(0.241813606116,0.408468851391));
#2827 = CARTESIAN_POINT('',(0.241813852085,0.402194900395));
#2828 = CARTESIAN_POINT('',(0.24181437905,0.395915337972));
#2829 = CARTESIAN_POINT('',(0.241815187247,0.389629355744));
#2830 = CARTESIAN_POINT('',(0.241816276934,0.383336141476));
#2831 = CARTESIAN_POINT('',(0.241817648324,0.377034879872));
#2832 = CARTESIAN_POINT('',(0.241819301937,0.370724747736));
#2833 = CARTESIAN_POINT('',(0.24182123839,0.364404914324));
#2834 = CARTESIAN_POINT('',(0.241823458273,0.358074542722));
#2835 = CARTESIAN_POINT('',(0.24182596219,0.351732789636));
#2836 = CARTESIAN_POINT('',(0.241828750723,0.345378804735));
#2837 = CARTESIAN_POINT('',(0.241831824824,0.339011726473));
#2838 = CARTESIAN_POINT('',(0.24183518547,0.332630667924));
#2839 = CARTESIAN_POINT('',(0.241838833605,0.326234790129));
#2840 = CARTESIAN_POINT('',(0.241842770281,0.319823030785));
#2841 = CARTESIAN_POINT('',(0.241846996168,0.313395115608));
#2842 = CARTESIAN_POINT('',(0.241851514216,0.306947756132));
#2843 = CARTESIAN_POINT('',(0.241856320549,0.300487390385));
#2844 = CARTESIAN_POINT('',(0.241861400006,0.294032570616));
#2845 = CARTESIAN_POINT('',(0.241866754019,0.287578262436));
#2846 = CARTESIAN_POINT('',(0.241872380447,0.281124718997));
#2847 = CARTESIAN_POINT('',(0.241878278436,0.274670791953));
#2848 = CARTESIAN_POINT('',(0.241884446816,0.268215711402));
#2849 = CARTESIAN_POINT('',(0.241890884513,0.261758608192));
#2850 = CARTESIAN_POINT('',(0.241897590384,0.255298640562));
#2851 = CARTESIAN_POINT('',(0.241904563507,0.248834966734));
#2852 = CARTESIAN_POINT('',(0.241911803176,0.242366751709));
#2853 = CARTESIAN_POINT('',(0.241919308635,0.235893157361));
#2854 = CARTESIAN_POINT('',(0.241927079152,0.229413344993));
#2855 = CARTESIAN_POINT('',(0.241935113947,0.222926473887));
#2856 = CARTESIAN_POINT('',(0.241943412516,0.216431706398));
#2857 = CARTESIAN_POINT('',(0.241951974471,0.209928202999));
#2858 = CARTESIAN_POINT('',(0.241960799382,0.203415119633));
#2859 = CARTESIAN_POINT('',(0.241969886886,0.196891608884));
#2860 = CARTESIAN_POINT('',(0.241979236395,0.190356817685));
#2861 = CARTESIAN_POINT('',(0.2419888476,0.18380989195));
#2862 = CARTESIAN_POINT('',(0.241998720664,0.177249973326));
#2863 = CARTESIAN_POINT('',(0.242008855627,0.17067619446));
#2864 = CARTESIAN_POINT('',(0.242019252566,0.164087680148));
#2865 = CARTESIAN_POINT('',(0.242029911544,0.15748354695));
#2866 = CARTESIAN_POINT('',(0.242040832632,0.15086290316));
#2867 = CARTESIAN_POINT('',(0.242052015888,0.144224848877));
#2868 = CARTESIAN_POINT('',(0.242063461411,0.137568475309));
#2869 = CARTESIAN_POINT('',(0.242075169154,0.130892867011));
#2870 = CARTESIAN_POINT('',(0.242087139686,0.124197092118));
#2871 = CARTESIAN_POINT('',(0.242099373672,0.117480201974));
#2872 = CARTESIAN_POINT('',(0.24211187162,0.110741242838));
#2873 = CARTESIAN_POINT('',(0.242124634138,0.103979224722));
#2874 = CARTESIAN_POINT('',(0.242137661599,9.719322861127E-02));
#2875 = CARTESIAN_POINT('',(0.242150955279,9.038200592926E-02));
#2876 = CARTESIAN_POINT('',(0.242164514142,8.354544580644E-02));
#2877 = CARTESIAN_POINT('',(0.24217834596,7.667909809877E-02));
#2878 = CARTESIAN_POINT('',(0.242192423463,6.979576705257E-02));
#2879 = CARTESIAN_POINT('',(0.242206737707,6.289854959213E-02));
#2880 = CARTESIAN_POINT('',(0.24222129024,5.598548433915E-02));
#2881 = CARTESIAN_POINT('',(0.242236080134,4.90559065044E-02));
#2882 = CARTESIAN_POINT('',(0.242251107127,4.210879369684E-02));
#2883 = CARTESIAN_POINT('',(0.242266370787,3.514320902191E-02));
#2884 = CARTESIAN_POINT('',(0.242281870698,2.815818207433E-02));
#2885 = CARTESIAN_POINT('',(0.242297606703,2.115274277372E-02));
#2886 = CARTESIAN_POINT('',(0.242313578706,1.412590826732E-02));
#2887 = CARTESIAN_POINT('',(0.242329786594,7.076684970321E-03));
#2888 = CARTESIAN_POINT('',(0.242340749037,2.361605895001E-03));
#2889 = CARTESIAN_POINT('',(0.242346269536,0.));
#2890 = ( GEOMETRIC_REPRESENTATION_CONTEXT(2) 
PARAMETRIC_REPRESENTATION_CONTEXT() REPRESENTATION_CONTEXT('2D SPACE',''
  ) );
#2891 = ORIENTED_EDGE('',*,*,#2892,.T.);
#2892 = EDGE_CURVE('',#2610,#2893,#2895,.T.);
#2893 = VERTEX_POINT('',#2894);
#2894 = CARTESIAN_POINT('',(131.00217021807,-6.681217035038E-03,114.));
#2895 = SURFACE_CURVE('',#2896,(#2899,#2905),.PCURVE_S1.);
#2896 = B_SPLINE_CURVE_WITH_KNOTS('',1,(#2897,#2898),.UNSPECIFIED.,.F.,
  .F.,(2,2),(6.562103221617E-02,1.),.PIECEWISE_BEZIER_KNOTS.);
#2897 = CARTESIAN_POINT('',(124.84080321922,-123.0798906271,114.));
#2898 = CARTESIAN_POINT('',(131.00217021807,-6.681217035018E-03,114.));
#2899 = PCURVE('',#232,#2900);
#2900 = DEFINITIONAL_REPRESENTATION('',(#2901),#2904);
#2901 = B_SPLINE_CURVE_WITH_KNOTS('',1,(#2902,#2903),.UNSPECIFIED.,.F.,
  .F.,(2,2),(6.562103221617E-02,1.),.PIECEWISE_BEZIER_KNOTS.);
#2902 = CARTESIAN_POINT('',(124.84080321922,-133.0907417174));
#2903 = CARTESIAN_POINT('',(131.00217021807,-10.0175323074));
#2904 = ( GEOMETRIC_REPRESENTATION_CONTEXT(2) 
PARAMETRIC_REPRESENTATION_CONTEXT() REPRESENTATION_CONTEXT('2D SPACE',''
  ) );
#2905 = PCURVE('',#1048,#2906);
#2906 = DEFINITIONAL_REPRESENTATION('',(#2907),#2933);
#2907 = B_SPLINE_CURVE_WITH_KNOTS('',3,(#2908,#2909,#2910,#2911,#2912,
    #2913,#2914,#2915,#2916,#2917,#2918,#2919,#2920,#2921,#2922,#2923,
    #2924,#2925,#2926,#2927,#2928,#2929,#2930,#2931,#2932),
  .UNSPECIFIED.,.F.,.F.,(4,1,1,1,1,1,1,1,1,1,1,1,1,1,1,1,1,1,1,1,1,1,4),
  (6.562103221617E-02,0.108092803479,0.150564574742,0.193036346005,
    0.235508117268,0.277979888531,0.320451659794,0.362923431056,
    0.405395202319,0.447866973582,0.490338744845,0.532810516108,
    0.575282287371,0.617754058634,0.660225829897,0.70269760116,
    0.745169372423,0.787641143685,0.830112914948,0.872584686211,
    0.915056457474,0.957528228737,1.),.UNSPECIFIED.);
#2908 = CARTESIAN_POINT('',(6.562103221616E-02,1.));
#2909 = CARTESIAN_POINT('',(7.97782893038E-02,1.));
#2910 = CARTESIAN_POINT('',(0.108092803479,1.));
#2911 = CARTESIAN_POINT('',(0.150564574742,1.));
#2912 = CARTESIAN_POINT('',(0.193036346005,1.));
#2913 = CARTESIAN_POINT('',(0.235508117268,1.));
#2914 = CARTESIAN_POINT('',(0.277979888531,1.));
#2915 = CARTESIAN_POINT('',(0.320451659794,1.));
#2916 = CARTESIAN_POINT('',(0.362923431056,1.));
#2917 = CARTESIAN_POINT('',(0.405395202319,1.));
#2918 = CARTESIAN_POINT('',(0.447866973582,1.));
#2919 = CARTESIAN_POINT('',(0.490338744845,1.));
#2920 = CARTESIAN_POINT('',(0.532810516108,1.));
#2921 = CARTESIAN_POINT('',(0.575282287371,1.));
#2922 = CARTESIAN_POINT('',(0.617754058634,1.));
#2923 = CARTESIAN_POINT('',(0.660225829897,1.));
#2924 = CARTESIAN_POINT('',(0.70269760116,1.));
#2925 = CARTESIAN_POINT('',(0.745169372423,1.));
#2926 = CARTESIAN_POINT('',(0.787641143685,1.));
#2927 = CARTESIAN_POINT('',(0.830112914948,1.));
#2928 = CARTESIAN_POINT('',(0.872584686211,1.));
#2929 = CARTESIAN_POINT('',(0.915056457474,1.));
#2930 = CARTESIAN_POINT('',(0.957528228737,1.));
#2931 = CARTESIAN_POINT('',(0.985842742912,1.));
#2932 = CARTESIAN_POINT('',(1.,1.));
#2933 = ( GEOMETRIC_REPRESENTATION_CONTEXT(2) 
PARAMETRIC_REPRESENTATION_CONTEXT() REPRESENTATION_CONTEXT('2D SPACE',''
  ) );
#2934 = ORIENTED_EDGE('',*,*,#2935,.T.);
#2935 = EDGE_CURVE('',#2893,#2936,#2938,.T.);
#2936 = VERTEX_POINT('',#2937);
#2937 = CARTESIAN_POINT('',(124.80162261657,142.94847049275,114.));
#2938 = SURFACE_CURVE('',#2939,(#2942,#2948),.PCURVE_S1.);
#2939 = B_SPLINE_CURVE_WITH_KNOTS('',1,(#2940,#2941),.UNSPECIFIED.,.F.,
  .F.,(2,2),(0.,0.942038221883),.PIECEWISE_BEZIER_KNOTS.);
#2940 = CARTESIAN_POINT('',(131.00217021807,-6.68121703506E-03,114.));
#2941 = CARTESIAN_POINT('',(124.80162261657,142.94847049275,114.));
#2942 = PCURVE('',#232,#2943);
#2943 = DEFINITIONAL_REPRESENTATION('',(#2944),#2947);
#2944 = B_SPLINE_CURVE_WITH_KNOTS('',1,(#2945,#2946),.UNSPECIFIED.,.F.,
  .F.,(2,2),(0.,0.942038221883),.PIECEWISE_BEZIER_KNOTS.);
#2945 = CARTESIAN_POINT('',(131.00217021807,-10.0175323074));
#2946 = CARTESIAN_POINT('',(124.80162261657,132.93761940237));
#2947 = ( GEOMETRIC_REPRESENTATION_CONTEXT(2) 
PARAMETRIC_REPRESENTATION_CONTEXT() REPRESENTATION_CONTEXT('2D SPACE',''
  ) );
#2948 = PCURVE('',#1112,#2949);
#2949 = DEFINITIONAL_REPRESENTATION('',(#2950),#2976);
#2950 = B_SPLINE_CURVE_WITH_KNOTS('',3,(#2951,#2952,#2953,#2954,#2955,
    #2956,#2957,#2958,#2959,#2960,#2961,#2962,#2963,#2964,#2965,#2966,
    #2967,#2968,#2969,#2970,#2971,#2972,#2973,#2974,#2975),
  .UNSPECIFIED.,.F.,.F.,(4,1,1,1,1,1,1,1,1,1,1,1,1,1,1,1,1,1,1,1,1,1,4),
  (0.,4.281991917649E-02,8.563983835297E-02,0.128459757529,
    0.171279676706,0.214099595882,0.256919515059,0.299739434235,
    0.342559353412,0.385379272588,0.428199191765,0.471019110941,
    0.513839030118,0.556658949294,0.599478868471,0.642298787647,
    0.685118706824,0.727938626,0.770758545177,0.813578464353,
    0.85639838353,0.899218302706,0.942038221883),.UNSPECIFIED.);
#2951 = CARTESIAN_POINT('',(0.,1.));
#2952 = CARTESIAN_POINT('',(1.427330639216E-02,1.));
#2953 = CARTESIAN_POINT('',(4.281991917649E-02,1.));
#2954 = CARTESIAN_POINT('',(8.563983835297E-02,1.));
#2955 = CARTESIAN_POINT('',(0.128459757529,1.));
#2956 = CARTESIAN_POINT('',(0.171279676706,1.));
#2957 = CARTESIAN_POINT('',(0.214099595882,1.));
#2958 = CARTESIAN_POINT('',(0.256919515059,1.));
#2959 = CARTESIAN_POINT('',(0.299739434235,1.));
#2960 = CARTESIAN_POINT('',(0.342559353412,1.));
#2961 = CARTESIAN_POINT('',(0.385379272588,1.));
#2962 = CARTESIAN_POINT('',(0.428199191765,1.));
#2963 = CARTESIAN_POINT('',(0.471019110941,1.));
#2964 = CARTESIAN_POINT('',(0.513839030118,1.));
#2965 = CARTESIAN_POINT('',(0.556658949294,1.));
#2966 = CARTESIAN_POINT('',(0.599478868471,1.));
#2967 = CARTESIAN_POINT('',(0.642298787647,1.));
#2968 = CARTESIAN_POINT('',(0.685118706824,1.));
#2969 = CARTESIAN_POINT('',(0.727938626,1.));
#2970 = CARTESIAN_POINT('',(0.770758545177,1.));
#2971 = CARTESIAN_POINT('',(0.813578464353,1.));
#2972 = CARTESIAN_POINT('',(0.85639838353,1.));
#2973 = CARTESIAN_POINT('',(0.899218302706,1.));
#2974 = CARTESIAN_POINT('',(0.927764915491,1.));
#2975 = CARTESIAN_POINT('',(0.942038221883,1.));
#2976 = ( GEOMETRIC_REPRESENTATION_CONTEXT(2) 
PARAMETRIC_REPRESENTATION_CONTEXT() REPRESENTATION_CONTEXT('2D SPACE',''
  ) );
#2977 = ORIENTED_EDGE('',*,*,#2978,.T.);
#2978 = EDGE_CURVE('',#2936,#2190,#2979,.T.);
#2979 = SURFACE_CURVE('',#2980,(#3036,#3095),.PCURVE_S1.);
#2980 = B_SPLINE_CURVE_WITH_KNOTS('',3,(#2981,#2982,#2983,#2984,#2985,
    #2986,#2987,#2988,#2989,#2990,#2991,#2992,#2993,#2994,#2995,#2996,
    #2997,#2998,#2999,#3000,#3001,#3002,#3003,#3004,#3005,#3006,#3007,
    #3008,#3009,#3010,#3011,#3012,#3013,#3014,#3015,#3016,#3017,#3018,
    #3019,#3020,#3021,#3022,#3023,#3024,#3025,#3026,#3027,#3028,#3029,
    #3030,#3031,#3032,#3033,#3034,#3035),.UNSPECIFIED.,.F.,.F.,(4,1,2,2,
    2,1,2,2,1,1,2,1,1,2,2,2,1,1,1,1,1,1,2,1,1,2,1,1,1,2,2,2,1,2,2,1,4),(
    0.,8.781480803474E-04,1.756296160695E-03,2.634444241042E-03,
    3.073518281216E-03,3.293055301303E-03,3.402823811346E-03,
    3.457708066368E-03,3.512592321389E-03,4.390740401736E-03,
    5.268888482083E-03,5.707962522256E-03,6.147036562429E-03,
    6.586110602603E-03,6.805647622689E-03,6.915416132733E-03,
    7.025184642776E-03,7.464258682949E-03,7.903332723122E-03,
    8.342406763295E-03,8.781480803468E-03,9.220554843641E-03,
    9.659628883814E-03,9.879165903901E-03,9.988934413944E-03,
    1.004381866897E-02,1.009870292399E-02,1.053777696416E-02,
    1.097685100433E-02,1.141592504451E-02,1.229407312485E-02,
    1.273314716503E-02,1.295268418511E-02,1.306245269516E-02,
    1.31722212052E-02,1.361129524537E-02,1.405036928555E-02),
  .UNSPECIFIED.);
#2981 = CARTESIAN_POINT('',(124.80162261657,142.94847049275,114.));
#2982 = CARTESIAN_POINT('',(124.78876898645,143.24481410007,114.));
#2983 = CARTESIAN_POINT('',(124.73904741116,143.83248781342,114.));
#2984 = CARTESIAN_POINT('',(124.64168056601,144.41021455887,114.));
#2985 = CARTESIAN_POINT('',(124.52017694158,144.98290223602,114.));
#2986 = CARTESIAN_POINT('',(124.44735883771,145.26672697845,114.));
#2987 = CARTESIAN_POINT('',(124.31939190222,145.68855176275,114.));
#2988 = CARTESIAN_POINT('',(124.27360857823,145.82850705442,114.));
#2989 = CARTESIAN_POINT('',(124.2001187501,146.03743479076,114.));
#2990 = CARTESIAN_POINT('',(124.16216964294,146.14164725789,114.));
#2991 = CARTESIAN_POINT('',(124.12238649822,146.24547683051,114.));
#2992 = CARTESIAN_POINT('',(124.10218668386,146.29732726472,114.));
#2993 = CARTESIAN_POINT('',(124.09540244758,146.31459885717,114.));
#2994 = CARTESIAN_POINT('',(124.08174867322,146.34907589244,114.));
#2995 = CARTESIAN_POINT('',(123.96492855865,146.64166204919,114.));
#2996 = CARTESIAN_POINT('',(123.71310872234,147.19423723366,114.));
#2997 = CARTESIAN_POINT('',(123.4237418408,147.70232010096,114.));
#2998 = CARTESIAN_POINT('',(123.18960057875,148.0728698006,114.));
#2999 = CARTESIAN_POINT('',(123.02779307971,148.31639389612,114.));
#3000 = CARTESIAN_POINT('',(122.76770790116,148.67100923383,114.));
#3001 = CARTESIAN_POINT('',(122.58250853723,148.90016639899,114.));
#3002 = CARTESIAN_POINT('',(122.43906630641,149.06924421026,114.));
#3003 = CARTESIAN_POINT('',(122.39049479607,149.12513827651,114.));
#3004 = CARTESIAN_POINT('',(122.31648408465,149.20827094683,114.));
#3005 = CARTESIAN_POINT('',(122.29161177235,149.23587405706,114.));
#3006 = CARTESIAN_POINT('',(122.24162178508,149.29068794055,114.));
#3007 = CARTESIAN_POINT('',(122.11595330697,149.42683253631,114.));
#3008 = CARTESIAN_POINT('',(121.88354164679,149.6639243906,114.));
#3009 = CARTESIAN_POINT('',(121.56060107345,149.96328659028,114.));
#3010 = CARTESIAN_POINT('',(121.22470944551,150.24602624234,114.));
#3011 = CARTESIAN_POINT('',(120.87589859911,150.51218420812,114.));
#3012 = CARTESIAN_POINT('',(120.51412583891,150.76170568863,114.));
#3013 = CARTESIAN_POINT('',(120.26422380007,150.91686105544,114.));
#3014 = CARTESIAN_POINT('',(120.07347769301,151.02896693584,114.));
#3015 = CARTESIAN_POINT('',(119.97727442792,151.08395430789,114.));
#3016 = CARTESIAN_POINT('',(119.86357010298,151.14622312827,114.));
#3017 = CARTESIAN_POINT('',(119.8145235156,151.17250397432,114.));
#3018 = CARTESIAN_POINT('',(119.7817553293,151.18993410188,114.));
#3019 = CARTESIAN_POINT('',(119.63392572767,151.26799102522,114.));
#3020 = CARTESIAN_POINT('',(119.35195889703,151.40711061991,114.));
#3021 = CARTESIAN_POINT('',(118.94718909843,151.58311257799,114.));
#3022 = CARTESIAN_POINT('',(118.6729530708,151.68707872363,114.));
#3023 = CARTESIAN_POINT('',(118.25834412561,151.83311492115,114.));
#3024 = CARTESIAN_POINT('',(117.97760442825,151.91727371782,114.));
#3025 = CARTESIAN_POINT('',(117.55002946641,152.02382106878,114.));
#3026 = CARTESIAN_POINT('',(117.40642536662,152.05605034512,114.));
#3027 = CARTESIAN_POINT('',(117.18939098774,152.09943538177,114.));
#3028 = CARTESIAN_POINT('',(117.0804665948,152.11988773538,114.));
#3029 = CARTESIAN_POINT('',(116.9709282587,152.13847028518,114.));
#3030 = CARTESIAN_POINT('',(116.89776582559,152.15044178785,114.));
#3031 = CARTESIAN_POINT('',(116.86110646659,152.15622058288,114.));
#3032 = CARTESIAN_POINT('',(116.67757535193,152.18405239654,114.));
#3033 = CARTESIAN_POINT('',(116.38319871805,152.22167565412,114.));
#3034 = CARTESIAN_POINT('',(116.08738632019,152.24565408681,114.));
#3035 = CARTESIAN_POINT('',(115.93912355137,152.25425463073,114.));
#3036 = PCURVE('',#232,#3037);
#3037 = DEFINITIONAL_REPRESENTATION('',(#3038),#3094);
#3038 = B_SPLINE_CURVE_WITH_KNOTS('',3,(#3039,#3040,#3041,#3042,#3043,
    #3044,#3045,#3046,#3047,#3048,#3049,#3050,#3051,#3052,#3053,#3054,
    #3055,#3056,#3057,#3058,#3059,#3060,#3061,#3062,#3063,#3064,#3065,
    #3066,#3067,#3068,#3069,#3070,#3071,#3072,#3073,#3074,#3075,#3076,
    #3077,#3078,#3079,#3080,#3081,#3082,#3083,#3084,#3085,#3086,#3087,
    #3088,#3089,#3090,#3091,#3092,#3093),.UNSPECIFIED.,.F.,.F.,(4,1,2,2,
    2,1,2,2,1,1,2,1,1,2,2,2,1,1,1,1,1,1,2,1,1,2,1,1,1,2,2,2,1,2,2,1,4),(
    0.,8.781480803474E-04,1.756296160695E-03,2.634444241042E-03,
    3.073518281216E-03,3.293055301303E-03,3.402823811346E-03,
    3.457708066368E-03,3.512592321389E-03,4.390740401736E-03,
    5.268888482083E-03,5.707962522256E-03,6.147036562429E-03,
    6.586110602603E-03,6.805647622689E-03,6.915416132733E-03,
    7.025184642776E-03,7.464258682949E-03,7.903332723122E-03,
    8.342406763295E-03,8.781480803468E-03,9.220554843641E-03,
    9.659628883814E-03,9.879165903901E-03,9.988934413944E-03,
    1.004381866897E-02,1.009870292399E-02,1.053777696416E-02,
    1.097685100433E-02,1.141592504451E-02,1.229407312485E-02,
    1.273314716503E-02,1.295268418511E-02,1.306245269516E-02,
    1.31722212052E-02,1.361129524537E-02,1.405036928555E-02),
  .UNSPECIFIED.);
#3039 = CARTESIAN_POINT('',(124.80162261657,132.93761940237));
#3040 = CARTESIAN_POINT('',(124.78876898645,133.23396300969));
#3041 = CARTESIAN_POINT('',(124.73904741116,133.82163672304));
#3042 = CARTESIAN_POINT('',(124.64168056601,134.39936346849));
#3043 = CARTESIAN_POINT('',(124.52017694158,134.97205114564));
#3044 = CARTESIAN_POINT('',(124.44735883771,135.25587588807));
#3045 = CARTESIAN_POINT('',(124.31939190222,135.67770067237));
#3046 = CARTESIAN_POINT('',(124.27360857823,135.81765596404));
#3047 = CARTESIAN_POINT('',(124.2001187501,136.02658370038));
#3048 = CARTESIAN_POINT('',(124.16216964294,136.13079616751));
#3049 = CARTESIAN_POINT('',(124.12238649822,136.23462574013));
#3050 = CARTESIAN_POINT('',(124.10218668386,136.28647617434));
#3051 = CARTESIAN_POINT('',(124.09540244758,136.30374776679));
#3052 = CARTESIAN_POINT('',(124.08174867322,136.33822480206));
#3053 = CARTESIAN_POINT('',(123.96492855865,136.63081095881));
#3054 = CARTESIAN_POINT('',(123.71310872234,137.18338614328));
#3055 = CARTESIAN_POINT('',(123.4237418408,137.69146901058));
#3056 = CARTESIAN_POINT('',(123.18960057875,138.06201871022));
#3057 = CARTESIAN_POINT('',(123.02779307971,138.30554280574));
#3058 = CARTESIAN_POINT('',(122.76770790116,138.66015814345));
#3059 = CARTESIAN_POINT('',(122.58250853723,138.88931530861));
#3060 = CARTESIAN_POINT('',(122.43906630641,139.05839311988));
#3061 = CARTESIAN_POINT('',(122.39049479607,139.11428718613));
#3062 = CARTESIAN_POINT('',(122.31648408465,139.19741985645));
#3063 = CARTESIAN_POINT('',(122.29161177235,139.22502296668));
#3064 = CARTESIAN_POINT('',(122.24162178508,139.27983685017));
#3065 = CARTESIAN_POINT('',(122.11595330697,139.41598144593));
#3066 = CARTESIAN_POINT('',(121.88354164679,139.65307330022));
#3067 = CARTESIAN_POINT('',(121.56060107345,139.9524354999));
#3068 = CARTESIAN_POINT('',(121.22470944551,140.23517515196));
#3069 = CARTESIAN_POINT('',(120.87589859911,140.50133311774));
#3070 = CARTESIAN_POINT('',(120.51412583891,140.75085459825));
#3071 = CARTESIAN_POINT('',(120.26422380007,140.90600996506));
#3072 = CARTESIAN_POINT('',(120.07347769301,141.01811584546));
#3073 = CARTESIAN_POINT('',(119.97727442792,141.07310321751));
#3074 = CARTESIAN_POINT('',(119.86357010298,141.13537203789));
#3075 = CARTESIAN_POINT('',(119.8145235156,141.16165288394));
#3076 = CARTESIAN_POINT('',(119.7817553293,141.1790830115));
#3077 = CARTESIAN_POINT('',(119.63392572767,141.25713993484));
#3078 = CARTESIAN_POINT('',(119.35195889703,141.39625952953));
#3079 = CARTESIAN_POINT('',(118.94718909843,141.57226148761));
#3080 = CARTESIAN_POINT('',(118.6729530708,141.67622763325));
#3081 = CARTESIAN_POINT('',(118.25834412561,141.82226383077));
#3082 = CARTESIAN_POINT('',(117.97760442825,141.90642262744));
#3083 = CARTESIAN_POINT('',(117.55002946641,142.0129699784));
#3084 = CARTESIAN_POINT('',(117.40642536662,142.04519925474));
#3085 = CARTESIAN_POINT('',(117.18939098774,142.08858429139));
#3086 = CARTESIAN_POINT('',(117.0804665948,142.109036645));
#3087 = CARTESIAN_POINT('',(116.9709282587,142.1276191948));
#3088 = CARTESIAN_POINT('',(116.89776582559,142.13959069747));
#3089 = CARTESIAN_POINT('',(116.86110646659,142.1453694925));
#3090 = CARTESIAN_POINT('',(116.67757535193,142.17320130616));
#3091 = CARTESIAN_POINT('',(116.38319871805,142.21082456374));
#3092 = CARTESIAN_POINT('',(116.08738632019,142.23480299643));
#3093 = CARTESIAN_POINT('',(115.93912355137,142.24340354035));
#3094 = ( GEOMETRIC_REPRESENTATION_CONTEXT(2) 
PARAMETRIC_REPRESENTATION_CONTEXT() REPRESENTATION_CONTEXT('2D SPACE',''
  ) );
#3095 = PCURVE('',#1274,#3096);
#3096 = DEFINITIONAL_REPRESENTATION('',(#3097),#3255);
#3097 = B_SPLINE_CURVE_WITH_KNOTS('',3,(#3098,#3099,#3100,#3101,#3102,
    #3103,#3104,#3105,#3106,#3107,#3108,#3109,#3110,#3111,#3112,#3113,
    #3114,#3115,#3116,#3117,#3118,#3119,#3120,#3121,#3122,#3123,#3124,
    #3125,#3126,#3127,#3128,#3129,#3130,#3131,#3132,#3133,#3134,#3135,
    #3136,#3137,#3138,#3139,#3140,#3141,#3142,#3143,#3144,#3145,#3146,
    #3147,#3148,#3149,#3150,#3151,#3152,#3153,#3154,#3155,#3156,#3157,
    #3158,#3159,#3160,#3161,#3162,#3163,#3164,#3165,#3166,#3167,#3168,
    #3169,#3170,#3171,#3172,#3173,#3174,#3175,#3176,#3177,#3178,#3179,
    #3180,#3181,#3182,#3183,#3184,#3185,#3186,#3187,#3188,#3189,#3190,
    #3191,#3192,#3193,#3194,#3195,#3196,#3197,#3198,#3199,#3200,#3201,
    #3202,#3203,#3204,#3205,#3206,#3207,#3208,#3209,#3210,#3211,#3212,
    #3213,#3214,#3215,#3216,#3217,#3218,#3219,#3220,#3221,#3222,#3223,
    #3224,#3225,#3226,#3227,#3228,#3229,#3230,#3231,#3232,#3233,#3234,
    #3235,#3236,#3237,#3238,#3239,#3240,#3241,#3242,#3243,#3244,#3245,
    #3246,#3247,#3248,#3249,#3250,#3251,#3252,#3253,#3254),
  .UNSPECIFIED.,.F.,.F.,(4,1,1,1,1,1,1,1,1,1,1,1,1,1,1,1,1,1,1,1,1,1,1,1
    ,1,1,1,1,1,1,1,1,1,1,1,1,1,1,1,1,1,1,1,1,1,1,1,1,1,1,1,1,1,1,1,1,1,1
    ,1,1,1,1,1,1,1,1,1,1,1,1,1,1,1,1,1,1,1,1,1,1,1,1,1,1,1,1,1,1,1,1,1,1
    ,1,1,1,1,1,1,1,1,1,1,1,1,1,1,1,1,1,1,1,1,1,1,1,1,1,1,1,1,1,1,1,1,1,1
    ,1,1,1,1,1,1,1,1,1,1,1,1,1,1,1,1,1,1,1,1,1,1,1,1,1,1,1,1,4),(0.,
    9.123616419151E-05,1.82472328383E-04,2.737084925745E-04,
    3.64944656766E-04,4.561808209576E-04,5.474169851491E-04,
    6.386531493406E-04,7.298893135321E-04,8.211254777236E-04,
    9.123616419151E-04,1.003597806107E-03,1.094833970298E-03,
    1.18607013449E-03,1.277306298681E-03,1.368542462873E-03,
    1.459778627064E-03,1.551014791256E-03,1.642250955447E-03,
    1.733487119639E-03,1.82472328383E-03,1.915959448022E-03,
    2.007195612213E-03,2.098431776405E-03,2.189667940596E-03,
    2.280904104788E-03,2.372140268979E-03,2.463376433171E-03,
    2.554612597362E-03,2.645848761554E-03,2.737084925745E-03,
    2.828321089937E-03,2.919557254128E-03,3.01079341832E-03,
    3.102029582511E-03,3.193265746703E-03,3.284501910894E-03,
    3.375738075086E-03,3.466974239277E-03,3.558210403469E-03,
    3.64944656766E-03,3.740682731852E-03,3.831918896043E-03,
    3.923155060235E-03,4.014391224427E-03,4.105627388618E-03,
    4.19686355281E-03,4.288099717001E-03,4.379335881193E-03,
    4.470572045384E-03,4.561808209576E-03,4.653044373767E-03,
    4.744280537959E-03,4.83551670215E-03,4.926752866342E-03,
    5.017989030533E-03,5.109225194725E-03,5.200461358916E-03,
    5.291697523108E-03,5.382933687299E-03,5.474169851491E-03,
    5.565406015682E-03,5.656642179874E-03,5.747878344065E-03,
    5.839114508257E-03,5.930350672448E-03,6.02158683664E-03,
    6.112823000831E-03,6.204059165023E-03,6.295295329214E-03,
    6.386531493406E-03,6.477767657597E-03,6.569003821789E-03,
    6.66023998598E-03,6.751476150172E-03,6.842712314363E-03,
    6.933948478555E-03,7.025184642746E-03,7.116420806938E-03,
    7.207656971129E-03,7.298893135321E-03,7.390129299512E-03,
    7.481365463704E-03,7.572601627895E-03,7.663837792087E-03,
    7.755073956278E-03,7.84631012047E-03,7.937546284661E-03,
    8.028782448853E-03,8.120018613045E-03,8.211254777236E-03,
    8.302490941428E-03,8.393727105619E-03,8.484963269811E-03,
    8.576199434002E-03,8.667435598194E-03,8.758671762385E-03,
    8.849907926577E-03,8.941144090768E-03,9.03238025496E-03,
    9.123616419151E-03,9.214852583343E-03,9.306088747534E-03,
    9.397324911726E-03,9.488561075917E-03,9.579797240109E-03,
    9.6710334043E-03,9.762269568492E-03,9.853505732683E-03,
    9.944741896875E-03,1.003597806107E-02,1.012721422526E-02,
    1.021845038945E-02,1.030968655364E-02,1.040092271783E-02,
    1.049215888202E-02,1.058339504622E-02,1.067463121041E-02,
    1.07658673746E-02,1.085710353879E-02,1.094833970298E-02,
    1.103957586717E-02,1.113081203136E-02,1.122204819556E-02,
    1.131328435975E-02,1.140452052394E-02,1.149575668813E-02,
    1.158699285232E-02,1.167822901651E-02,1.17694651807E-02,
    1.18607013449E-02,1.195193750909E-02,1.204317367328E-02,
    1.213440983747E-02,1.222564600166E-02,1.231688216585E-02,
    1.240811833005E-02,1.249935449424E-02,1.259059065843E-02,
    1.268182682262E-02,1.277306298681E-02,1.2864299151E-02,
    1.295553531519E-02,1.304677147939E-02,1.313800764358E-02,
    1.322924380777E-02,1.332047997196E-02,1.341171613615E-02,
    1.350295230034E-02,1.359418846454E-02,1.368542462873E-02,
    1.377666079292E-02,1.386789695711E-02,1.39591331213E-02,
    1.405036928549E-02),.UNSPECIFIED.);
#3098 = CARTESIAN_POINT('',(0.252412832518,1.));
#3099 = CARTESIAN_POINT('',(0.252402591029,0.997727778261));
#3100 = CARTESIAN_POINT('',(0.252382183992,0.993191922721));
#3101 = CARTESIAN_POINT('',(0.252351801069,0.986413002016));
#3102 = CARTESIAN_POINT('',(0.252321645589,0.979658038781));
#3103 = CARTESIAN_POINT('',(0.252291717361,0.972926141639));
#3104 = CARTESIAN_POINT('',(0.252262016197,0.966216429717));
#3105 = CARTESIAN_POINT('',(0.252232541905,0.959528033342));
#3106 = CARTESIAN_POINT('',(0.252203294296,0.952860093683));
#3107 = CARTESIAN_POINT('',(0.252174273177,0.946211762701));
#3108 = CARTESIAN_POINT('',(0.252145478368,0.93958220296));
#3109 = CARTESIAN_POINT('',(0.25211690964,0.932970587678));
#3110 = CARTESIAN_POINT('',(0.252088566979,0.926376099924));
#3111 = CARTESIAN_POINT('',(0.252060450746,0.919797928499));
#3112 = CARTESIAN_POINT('',(0.252032561234,0.91323526812));
#3113 = CARTESIAN_POINT('',(0.252004898757,0.906687319348));
#3114 = CARTESIAN_POINT('',(0.251977463621,0.900153288549));
#3115 = CARTESIAN_POINT('',(0.251950256133,0.893632387862));
#3116 = CARTESIAN_POINT('',(0.251923276604,0.887123835116));
#3117 = CARTESIAN_POINT('',(0.251896525336,0.880626853963));
#3118 = CARTESIAN_POINT('',(0.251870002655,0.874140673204));
#3119 = CARTESIAN_POINT('',(0.251843708809,0.867664529161));
#3120 = CARTESIAN_POINT('',(0.251817644481,0.861197652807));
#3121 = CARTESIAN_POINT('',(0.251791810549,0.854739271698));
#3122 = CARTESIAN_POINT('',(0.251766207843,0.84828861569));
#3123 = CARTESIAN_POINT('',(0.251740837204,0.841844915523));
#3124 = CARTESIAN_POINT('',(0.251715699471,0.835407403267));
#3125 = CARTESIAN_POINT('',(0.251690795485,0.828975312131));
#3126 = CARTESIAN_POINT('',(0.25166612608,0.822547876941));
#3127 = CARTESIAN_POINT('',(0.251641692118,0.816124332591));
#3128 = CARTESIAN_POINT('',(0.251617494353,0.809703919962));
#3129 = CARTESIAN_POINT('',(0.251593533959,0.803285863285));
#3130 = CARTESIAN_POINT('',(0.251569812386,0.796869372337));
#3131 = CARTESIAN_POINT('',(0.251546330881,0.790453662341));
#3132 = CARTESIAN_POINT('',(0.25152309077,0.784037947026));
#3133 = CARTESIAN_POINT('',(0.25150009327,0.777621428062));
#3134 = CARTESIAN_POINT('',(0.251477339985,0.771203342763));
#3135 = CARTESIAN_POINT('',(0.251454832026,0.764782733868));
#3136 = CARTESIAN_POINT('',(0.251432572724,0.758359331862));
#3137 = CARTESIAN_POINT('',(0.251410557091,0.751930282984));
#3138 = CARTESIAN_POINT('',(0.251388869774,0.745519326399));
#3139 = CARTESIAN_POINT('',(0.251367499608,0.739122846409));
#3140 = CARTESIAN_POINT('',(0.251346448999,0.732740768867));
#3141 = CARTESIAN_POINT('',(0.251325716793,0.726372080254));
#3142 = CARTESIAN_POINT('',(0.251305302791,0.720016026945));
#3143 = CARTESIAN_POINT('',(0.251285206539,0.713671793807));
#3144 = CARTESIAN_POINT('',(0.251265427649,0.707338590264));
#3145 = CARTESIAN_POINT('',(0.251245965719,0.701015627184));
#3146 = CARTESIAN_POINT('',(0.251226820344,0.694702123039));
#3147 = CARTESIAN_POINT('',(0.251207991137,0.68839730213));
#3148 = CARTESIAN_POINT('',(0.251189477649,0.682100395302));
#3149 = CARTESIAN_POINT('',(0.251171280147,0.675810638411));
#3150 = CARTESIAN_POINT('',(0.251153398982,0.669527268608));
#3151 = CARTESIAN_POINT('',(0.251135834486,0.66324952459));
#3152 = CARTESIAN_POINT('',(0.251118586995,0.656976646518));
#3153 = CARTESIAN_POINT('',(0.251101656842,0.65070787606));
#3154 = CARTESIAN_POINT('',(0.251085044364,0.644442456317));
#3155 = CARTESIAN_POINT('',(0.251068749889,0.638179632054));
#3156 = CARTESIAN_POINT('',(0.251052773785,0.631918648852));
#3157 = CARTESIAN_POINT('',(0.251037116255,0.625658756288));
#3158 = CARTESIAN_POINT('',(0.251021778221,0.619399194714));
#3159 = CARTESIAN_POINT('',(0.251006760719,0.613139199902));
#3160 = CARTESIAN_POINT('',(0.250992064614,0.606878008142));
#3161 = CARTESIAN_POINT('',(0.250977690829,0.600614852775));
#3162 = CARTESIAN_POINT('',(0.250963640226,0.594348966387));
#3163 = CARTESIAN_POINT('',(0.250949913883,0.588079574833));
#3164 = CARTESIAN_POINT('',(0.250936513159,0.581805893656));
#3165 = CARTESIAN_POINT('',(0.250923439351,0.575527135223));
#3166 = CARTESIAN_POINT('',(0.250910693788,0.569242506561));
#3167 = CARTESIAN_POINT('',(0.250898277735,0.562951212574));
#3168 = CARTESIAN_POINT('',(0.250886192797,0.556652442155));
#3169 = CARTESIAN_POINT('',(0.250874440781,0.550345375623));
#3170 = CARTESIAN_POINT('',(0.250863023425,0.54402917138));
#3171 = CARTESIAN_POINT('',(0.250851942569,0.537703040537));
#3172 = CARTESIAN_POINT('',(0.250841199712,0.531365962626));
#3173 = CARTESIAN_POINT('',(0.250830798091,0.525017730101));
#3174 = CARTESIAN_POINT('',(0.250820736033,0.518655002991));
#3175 = CARTESIAN_POINT('',(0.25081102987,0.512285981942));
#3176 = CARTESIAN_POINT('',(0.250801709336,0.50592960353));
#3177 = CARTESIAN_POINT('',(0.250792764843,0.499580029818));
#3178 = CARTESIAN_POINT('',(0.250784197405,0.493237779793));
#3179 = CARTESIAN_POINT('',(0.250776005346,0.486901678109));
#3180 = CARTESIAN_POINT('',(0.250768187716,0.480571009195));
#3181 = CARTESIAN_POINT('',(0.25076074335,0.474244939655));
#3182 = CARTESIAN_POINT('',(0.250753671224,0.467922674619));
#3183 = CARTESIAN_POINT('',(0.250746970735,0.461603419043));
#3184 = CARTESIAN_POINT('',(0.250740641233,0.455286381263));
#3185 = CARTESIAN_POINT('',(0.250734682092,0.44897077117));
#3186 = CARTESIAN_POINT('',(0.250729092635,0.442655800342));
#3187 = CARTESIAN_POINT('',(0.250723872383,0.436340683499));
#3188 = CARTESIAN_POINT('',(0.250719021194,0.430024637392));
#3189 = CARTESIAN_POINT('',(0.250714538859,0.42370687765));
#3190 = CARTESIAN_POINT('',(0.250710425203,0.417386619387));
#3191 = CARTESIAN_POINT('',(0.250706679987,0.411063077117));
#3192 = CARTESIAN_POINT('',(0.250703303274,0.404735464419));
#3193 = CARTESIAN_POINT('',(0.250700295355,0.39840299178));
#3194 = CARTESIAN_POINT('',(0.250697656466,0.392064866566));
#3195 = CARTESIAN_POINT('',(0.250695386873,0.385720292856));
#3196 = CARTESIAN_POINT('',(0.250693486781,0.379368472067));
#3197 = CARTESIAN_POINT('',(0.250691956793,0.37300859902));
#3198 = CARTESIAN_POINT('',(0.250690797631,0.366639861831));
#3199 = CARTESIAN_POINT('',(0.250690009988,0.36026144311));
#3200 = CARTESIAN_POINT('',(0.250689594568,0.353872519466));
#3201 = CARTESIAN_POINT('',(0.250689552054,0.347472262203));
#3202 = CARTESIAN_POINT('',(0.250689883595,0.341059828957));
#3203 = CARTESIAN_POINT('',(0.250690590365,0.334634368615));
#3204 = CARTESIAN_POINT('',(0.250691673546,0.328195020029));
#3205 = CARTESIAN_POINT('',(0.250693134264,0.32174091897));
#3206 = CARTESIAN_POINT('',(0.250694973861,0.315271171169));
#3207 = CARTESIAN_POINT('',(0.250697193935,0.308784929223));
#3208 = CARTESIAN_POINT('',(0.250699796122,0.302281098517));
#3209 = CARTESIAN_POINT('',(0.250702781653,0.295759459274));
#3210 = CARTESIAN_POINT('',(0.2507061542,0.289216449162));
#3211 = CARTESIAN_POINT('',(0.25070989925,0.282678526746));
#3212 = CARTESIAN_POINT('',(0.250714016202,0.276141962834));
#3213 = CARTESIAN_POINT('',(0.250718502928,0.269606670576));
#3214 = CARTESIAN_POINT('',(0.250723357726,0.263071591166));
#3215 = CARTESIAN_POINT('',(0.25072857872,0.256535928665));
#3216 = CARTESIAN_POINT('',(0.250734164365,0.249998826789));
#3217 = CARTESIAN_POINT('',(0.250740113408,0.243459455266));
#3218 = CARTESIAN_POINT('',(0.250746424531,0.236916977415));
#3219 = CARTESIAN_POINT('',(0.250753096447,0.230370558803));
#3220 = CARTESIAN_POINT('',(0.250760127806,0.223819363783));
#3221 = CARTESIAN_POINT('',(0.250767517633,0.217262563525));
#3222 = CARTESIAN_POINT('',(0.250775265118,0.210699329772));
#3223 = CARTESIAN_POINT('',(0.25078336939,0.20412883095));
#3224 = CARTESIAN_POINT('',(0.25079182967,0.197550234191));
#3225 = CARTESIAN_POINT('',(0.25080064488,0.190962700931));
#3226 = CARTESIAN_POINT('',(0.250809814318,0.184365395281));
#3227 = CARTESIAN_POINT('',(0.250819337912,0.177757482274));
#3228 = CARTESIAN_POINT('',(0.250829215426,0.171138118816));
#3229 = CARTESIAN_POINT('',(0.250839446669,0.164506455988));
#3230 = CARTESIAN_POINT('',(0.250850031438,0.157861638381));
#3231 = CARTESIAN_POINT('',(0.250860969535,0.151202804202));
#3232 = CARTESIAN_POINT('',(0.250872260749,0.144529085256));
#3233 = CARTESIAN_POINT('',(0.25088390492,0.137839606642));
#3234 = CARTESIAN_POINT('',(0.250895901697,0.131133487698));
#3235 = CARTESIAN_POINT('',(0.250908251544,0.124409837807));
#3236 = CARTESIAN_POINT('',(0.250920955042,0.117667754434));
#3237 = CARTESIAN_POINT('',(0.250934012582,0.110906324231));
#3238 = CARTESIAN_POINT('',(0.250947424615,0.104124625696));
#3239 = CARTESIAN_POINT('',(0.25096119154,9.732171542914E-02));
#3240 = CARTESIAN_POINT('',(0.250975314004,9.049667857778E-02));
#3241 = CARTESIAN_POINT('',(0.250989793075,8.364842242932E-02));
#3242 = CARTESIAN_POINT('',(0.251004628441,7.67764517977E-02));
#3243 = CARTESIAN_POINT('',(0.251019825055,6.987797500528E-02));
#3244 = CARTESIAN_POINT('',(0.251035372604,6.295709521375E-02));
#3245 = CARTESIAN_POINT('',(0.251051242328,5.602544933851E-02));
#3246 = CARTESIAN_POINT('',(0.251067438684,4.907973951236E-02));
#3247 = CARTESIAN_POINT('',(0.251083959411,4.211969357757E-02));
#3248 = CARTESIAN_POINT('',(0.251100804061,3.5144221149E-02));
#3249 = CARTESIAN_POINT('',(0.25111797166,2.815244299434E-02));
#3250 = CARTESIAN_POINT('',(0.251135461733,2.114342015751E-02));
#3251 = CARTESIAN_POINT('',(0.251153273842,1.411622118566E-02));
#3252 = CARTESIAN_POINT('',(0.251171407544,7.069902145017E-03));
#3253 = CARTESIAN_POINT('',(0.251183710778,2.358972636711E-03));
#3254 = CARTESIAN_POINT('',(0.251189915846,3.354334735195E-09));
#3255 = ( GEOMETRIC_REPRESENTATION_CONTEXT(2) 
PARAMETRIC_REPRESENTATION_CONTEXT() REPRESENTATION_CONTEXT('2D SPACE',''
  ) );
#3256 = FACE_BOUND('',#3257,.T.);
#3257 = EDGE_LOOP('',(#3258,#3311,#3362,#3390,#3418,#3469,#3520,#3571,
    #3599,#3627));
#3258 = ORIENTED_EDGE('',*,*,#3259,.F.);
#3259 = EDGE_CURVE('',#3260,#3262,#3264,.T.);
#3260 = VERTEX_POINT('',#3261);
#3261 = CARTESIAN_POINT('',(113.46782796328,150.39285692253,114.));
#3262 = VERTEX_POINT('',#3263);
#3263 = CARTESIAN_POINT('',(-113.4678279632,150.39285692253,114.));
#3264 = SURFACE_CURVE('',#3265,(#3270,#3277),.PCURVE_S1.);
#3265 = CIRCLE('',#3266,2.E+03);
#3266 = AXIS2_PLACEMENT_3D('',#3267,#3268,#3269);
#3267 = CARTESIAN_POINT('',(2.498001805407E-13,-1.846385811838E+03,114.)
  );
#3268 = DIRECTION('',(0.,-0.,1.));
#3269 = DIRECTION('',(6.124999999994E-02,0.998122456165,0.));
#3270 = PCURVE('',#232,#3271);
#3271 = DEFINITIONAL_REPRESENTATION('',(#3272),#3276);
#3272 = CIRCLE('',#3273,2.E+03);
#3273 = AXIS2_PLACEMENT_2D('',#3274,#3275);
#3274 = CARTESIAN_POINT('',(2.220446049251E-13,-1.856396662928E+03));
#3275 = DIRECTION('',(6.124999999994E-02,0.998122456165));
#3276 = ( GEOMETRIC_REPRESENTATION_CONTEXT(2) 
PARAMETRIC_REPRESENTATION_CONTEXT() REPRESENTATION_CONTEXT('2D SPACE',''
  ) );
#3277 = PCURVE('',#3278,#3283);
#3278 = CYLINDRICAL_SURFACE('',#3279,2.E+03);
#3279 = AXIS2_PLACEMENT_3D('',#3280,#3281,#3282);
#3280 = CARTESIAN_POINT('',(2.498001805407E-13,-1.846385811838E+03,110.)
  );
#3281 = DIRECTION('',(-0.,-0.,-1.));
#3282 = DIRECTION('',(1.,0.,0.));
#3283 = DEFINITIONAL_REPRESENTATION('',(#3284),#3310);
#3284 = B_SPLINE_CURVE_WITH_KNOTS('',3,(#3285,#3286,#3287,#3288,#3289,
    #3290,#3291,#3292,#3293,#3294,#3295,#3296,#3297,#3298,#3299,#3300,
    #3301,#3302,#3303,#3304,#3305,#3306,#3307,#3308,#3309),
  .UNSPECIFIED.,.F.,.F.,(4,1,1,1,1,1,1,1,1,1,1,1,1,1,1,1,1,1,1,1,1,1,4),
  (4.523968591069E-03,9.684367991765E-03,1.484476739246E-02,
    2.000516679316E-02,2.516556619385E-02,3.032596559455E-02,
    3.548636499524E-02,4.064676439594E-02,4.580716379663E-02,
    5.096756319733E-02,5.612796259802E-02,6.128836199872E-02,
    6.644876139942E-02,7.160916080011E-02,7.676956020081E-02,
    8.19299596015E-02,8.70903590022E-02,9.225075840289E-02,
    9.741115780359E-02,0.102571557204,0.107731956605,0.112892356006,
    0.118052755406),.UNSPECIFIED.);
#3285 = CARTESIAN_POINT('',(4.769153373792,-4.));
#3286 = CARTESIAN_POINT('',(4.767433240659,-4.));
#3287 = CARTESIAN_POINT('',(4.763992974392,-4.));
#3288 = CARTESIAN_POINT('',(4.758832574991,-4.));
#3289 = CARTESIAN_POINT('',(4.75367217559,-4.));
#3290 = CARTESIAN_POINT('',(4.74851177619,-4.));
#3291 = CARTESIAN_POINT('',(4.743351376789,-4.));
#3292 = CARTESIAN_POINT('',(4.738190977388,-4.));
#3293 = CARTESIAN_POINT('',(4.733030577987,-4.));
#3294 = CARTESIAN_POINT('',(4.727870178587,-4.));
#3295 = CARTESIAN_POINT('',(4.722709779186,-4.));
#3296 = CARTESIAN_POINT('',(4.717549379785,-4.));
#3297 = CARTESIAN_POINT('',(4.712388980385,-4.));
#3298 = CARTESIAN_POINT('',(4.707228580984,-4.));
#3299 = CARTESIAN_POINT('',(4.702068181583,-4.));
#3300 = CARTESIAN_POINT('',(4.696907782183,-4.));
#3301 = CARTESIAN_POINT('',(4.691747382782,-4.));
#3302 = CARTESIAN_POINT('',(4.686586983381,-4.));
#3303 = CARTESIAN_POINT('',(4.681426583981,-4.));
#3304 = CARTESIAN_POINT('',(4.67626618458,-4.));
#3305 = CARTESIAN_POINT('',(4.671105785179,-4.));
#3306 = CARTESIAN_POINT('',(4.665945385778,-4.));
#3307 = CARTESIAN_POINT('',(4.660784986378,-4.));
#3308 = CARTESIAN_POINT('',(4.657344720111,-4.));
#3309 = CARTESIAN_POINT('',(4.655624586977,-4.));
#3310 = ( GEOMETRIC_REPRESENTATION_CONTEXT(2) 
PARAMETRIC_REPRESENTATION_CONTEXT() REPRESENTATION_CONTEXT('2D SPACE',''
  ) );
#3311 = ORIENTED_EDGE('',*,*,#3312,.F.);
#3312 = EDGE_CURVE('',#3313,#3260,#3315,.T.);
#3313 = VERTEX_POINT('',#3314);
#3314 = CARTESIAN_POINT('',(122.89109552287,140.84229691206,114.));
#3315 = SURFACE_CURVE('',#3316,(#3321,#3328),.PCURVE_S1.);
#3316 = CIRCLE('',#3317,10.);
#3317 = AXIS2_PLACEMENT_3D('',#3318,#3319,#3320);
#3318 = CARTESIAN_POINT('',(112.90048882346,140.40896357873,114.));
#3319 = DIRECTION('',(0.,0.,1.));
#3320 = DIRECTION('',(1.,0.,0.));
#3321 = PCURVE('',#232,#3322);
#3322 = DEFINITIONAL_REPRESENTATION('',(#3323),#3327);
#3323 = CIRCLE('',#3324,10.);
#3324 = AXIS2_PLACEMENT_2D('',#3325,#3326);
#3325 = CARTESIAN_POINT('',(112.90048882346,130.39811248835));
#3326 = DIRECTION('',(1.,0.));
#3327 = ( GEOMETRIC_REPRESENTATION_CONTEXT(2) 
PARAMETRIC_REPRESENTATION_CONTEXT() REPRESENTATION_CONTEXT('2D SPACE',''
  ) );
#3328 = PCURVE('',#3329,#3334);
#3329 = CYLINDRICAL_SURFACE('',#3330,10.);
#3330 = AXIS2_PLACEMENT_3D('',#3331,#3332,#3333);
#3331 = CARTESIAN_POINT('',(112.90048882346,140.40896357873,110.));
#3332 = DIRECTION('',(-0.,-0.,-1.));
#3333 = DIRECTION('',(1.,0.,0.));
#3334 = DEFINITIONAL_REPRESENTATION('',(#3335),#3361);
#3335 = B_SPLINE_CURVE_WITH_KNOTS('',3,(#3336,#3337,#3338,#3339,#3340,
    #3341,#3342,#3343,#3344,#3345,#3346,#3347,#3348,#3349,#3350,#3351,
    #3352,#3353,#3354,#3355,#3356,#3357,#3358,#3359,#3360),
  .UNSPECIFIED.,.F.,.F.,(4,1,1,1,1,1,1,1,1,1,1,1,1,1,1,1,1,1,1,1,1,1,4),
  (4.334690653418E-02,0.110196225937,0.177045545339,0.243894864741,
    0.310744184144,0.377593503546,0.444442822949,0.511292142351,
    0.578141461753,0.644990781156,0.711840100558,0.778689419961,
    0.845538739363,0.912388058766,0.979237378168,1.04608669757,
    1.112936016973,1.179785336375,1.246634655778,1.31348397518,
    1.380333294582,1.447182613985,1.514031933387),.UNSPECIFIED.);
#3336 = CARTESIAN_POINT('',(6.239838400645,-4.));
#3337 = CARTESIAN_POINT('',(6.217555294178,-4.));
#3338 = CARTESIAN_POINT('',(6.172989081243,-4.));
#3339 = CARTESIAN_POINT('',(6.106139761841,-4.));
#3340 = CARTESIAN_POINT('',(6.039290442438,-4.));
#3341 = CARTESIAN_POINT('',(5.972441123036,-4.));
#3342 = CARTESIAN_POINT('',(5.905591803633,-4.));
#3343 = CARTESIAN_POINT('',(5.838742484231,-4.));
#3344 = CARTESIAN_POINT('',(5.771893164829,-4.));
#3345 = CARTESIAN_POINT('',(5.705043845426,-4.));
#3346 = CARTESIAN_POINT('',(5.638194526024,-4.));
#3347 = CARTESIAN_POINT('',(5.571345206621,-4.));
#3348 = CARTESIAN_POINT('',(5.504495887219,-4.));
#3349 = CARTESIAN_POINT('',(5.437646567816,-4.));
#3350 = CARTESIAN_POINT('',(5.370797248414,-4.));
#3351 = CARTESIAN_POINT('',(5.303947929012,-4.));
#3352 = CARTESIAN_POINT('',(5.237098609609,-4.));
#3353 = CARTESIAN_POINT('',(5.170249290207,-4.));
#3354 = CARTESIAN_POINT('',(5.103399970804,-4.));
#3355 = CARTESIAN_POINT('',(5.036550651402,-4.));
#3356 = CARTESIAN_POINT('',(4.969701332,-4.));
#3357 = CARTESIAN_POINT('',(4.902852012597,-4.));
#3358 = CARTESIAN_POINT('',(4.836002693195,-4.));
#3359 = CARTESIAN_POINT('',(4.79143648026,-4.));
#3360 = CARTESIAN_POINT('',(4.769153373792,-4.));
#3361 = ( GEOMETRIC_REPRESENTATION_CONTEXT(2) 
PARAMETRIC_REPRESENTATION_CONTEXT() REPRESENTATION_CONTEXT('2D SPACE',''
  ) );
#3362 = ORIENTED_EDGE('',*,*,#3363,.T.);
#3363 = EDGE_CURVE('',#3313,#3364,#3366,.T.);
#3364 = VERTEX_POINT('',#3365);
#3365 = CARTESIAN_POINT('',(129.,-1.52655665886E-13,114.));
#3366 = SURFACE_CURVE('',#3367,(#3371,#3378),.PCURVE_S1.);
#3367 = LINE('',#3368,#3369);
#3368 = CARTESIAN_POINT('',(125.80178900017,73.735542094647,114.));
#3369 = VECTOR('',#3370,1.);
#3370 = DIRECTION('',(4.333333333329E-02,-0.999060669941,0.));
#3371 = PCURVE('',#232,#3372);
#3372 = DEFINITIONAL_REPRESENTATION('',(#3373),#3377);
#3373 = LINE('',#3374,#3375);
#3374 = CARTESIAN_POINT('',(125.80178900017,63.724691004274));
#3375 = VECTOR('',#3376,1.);
#3376 = DIRECTION('',(4.333333333329E-02,-0.999060669941));
#3377 = ( GEOMETRIC_REPRESENTATION_CONTEXT(2) 
PARAMETRIC_REPRESENTATION_CONTEXT() REPRESENTATION_CONTEXT('2D SPACE',''
  ) );
#3378 = PCURVE('',#3379,#3384);
#3379 = PLANE('',#3380);
#3380 = AXIS2_PLACEMENT_3D('',#3381,#3382,#3383);
#3381 = CARTESIAN_POINT('',(125.80178900017,73.735542094647,110.));
#3382 = DIRECTION('',(-0.999060669941,-4.333333333329E-02,0.));
#3383 = DIRECTION('',(4.333333333329E-02,-0.999060669941,0.));
#3384 = DEFINITIONAL_REPRESENTATION('',(#3385),#3389);
#3385 = LINE('',#3386,#3387);
#3386 = CARTESIAN_POINT('',(0.,4.));
#3387 = VECTOR('',#3388,1.);
#3388 = DIRECTION('',(1.,0.));
#3389 = ( GEOMETRIC_REPRESENTATION_CONTEXT(2) 
PARAMETRIC_REPRESENTATION_CONTEXT() REPRESENTATION_CONTEXT('2D SPACE',''
  ) );
#3390 = ORIENTED_EDGE('',*,*,#3391,.T.);
#3391 = EDGE_CURVE('',#3364,#3392,#3394,.T.);
#3392 = VERTEX_POINT('',#3393);
#3393 = CARTESIAN_POINT('',(122.94823874917,-120.8838363081,114.));
#3394 = SURFACE_CURVE('',#3395,(#3399,#3406),.PCURVE_S1.);
#3395 = LINE('',#3396,#3397);
#3396 = CARTESIAN_POINT('',(126.19081442879,-56.11343783628,114.));
#3397 = VECTOR('',#3398,1.);
#3398 = DIRECTION('',(-5.E-02,-0.998749217772,0.));
#3399 = PCURVE('',#232,#3400);
#3400 = DEFINITIONAL_REPRESENTATION('',(#3401),#3405);
#3401 = LINE('',#3402,#3403);
#3402 = CARTESIAN_POINT('',(126.19081442879,-66.12428892665));
#3403 = VECTOR('',#3404,1.);
#3404 = DIRECTION('',(-5.E-02,-0.998749217772));
#3405 = ( GEOMETRIC_REPRESENTATION_CONTEXT(2) 
PARAMETRIC_REPRESENTATION_CONTEXT() REPRESENTATION_CONTEXT('2D SPACE',''
  ) );
#3406 = PCURVE('',#3407,#3412);
#3407 = PLANE('',#3408);
#3408 = AXIS2_PLACEMENT_3D('',#3409,#3410,#3411);
#3409 = CARTESIAN_POINT('',(126.19081442879,-56.11343783628,110.));
#3410 = DIRECTION('',(-0.998749217772,5.E-02,0.));
#3411 = DIRECTION('',(-5.E-02,-0.998749217772,0.));
#3412 = DEFINITIONAL_REPRESENTATION('',(#3413),#3417);
#3413 = LINE('',#3414,#3415);
#3414 = CARTESIAN_POINT('',(0.,4.));
#3415 = VECTOR('',#3416,1.);
#3416 = DIRECTION('',(1.,0.));
#3417 = ( GEOMETRIC_REPRESENTATION_CONTEXT(2) 
PARAMETRIC_REPRESENTATION_CONTEXT() REPRESENTATION_CONTEXT('2D SPACE',''
  ) );
#3418 = ORIENTED_EDGE('',*,*,#3419,.F.);
#3419 = EDGE_CURVE('',#3420,#3392,#3422,.T.);
#3420 = VERTEX_POINT('',#3421);
#3421 = CARTESIAN_POINT('',(113.52838851402,-130.3677124404,114.));
#3422 = SURFACE_CURVE('',#3423,(#3428,#3435),.PCURVE_S1.);
#3423 = CIRCLE('',#3424,10.);
#3424 = AXIS2_PLACEMENT_3D('',#3425,#3426,#3427);
#3425 = CARTESIAN_POINT('',(112.96074657145,-120.3838363081,114.));
#3426 = DIRECTION('',(0.,0.,1.));
#3427 = DIRECTION('',(1.,0.,0.));
#3428 = PCURVE('',#232,#3429);
#3429 = DEFINITIONAL_REPRESENTATION('',(#3430),#3434);
#3430 = CIRCLE('',#3431,10.);
#3431 = AXIS2_PLACEMENT_2D('',#3432,#3433);
#3432 = CARTESIAN_POINT('',(112.96074657145,-130.3946873984));
#3433 = DIRECTION('',(1.,0.));
#3434 = ( GEOMETRIC_REPRESENTATION_CONTEXT(2) 
PARAMETRIC_REPRESENTATION_CONTEXT() REPRESENTATION_CONTEXT('2D SPACE',''
  ) );
#3435 = PCURVE('',#3436,#3441);
#3436 = CYLINDRICAL_SURFACE('',#3437,10.);
#3437 = AXIS2_PLACEMENT_3D('',#3438,#3439,#3440);
#3438 = CARTESIAN_POINT('',(112.96074657145,-120.3838363081,110.));
#3439 = DIRECTION('',(-0.,-0.,-1.));
#3440 = DIRECTION('',(1.,0.,0.));
#3441 = DEFINITIONAL_REPRESENTATION('',(#3442),#3468);
#3442 = B_SPLINE_CURVE_WITH_KNOTS('',3,(#3443,#3444,#3445,#3446,#3447,
    #3448,#3449,#3450,#3451,#3452,#3453,#3454,#3455,#3456,#3457,#3458,
    #3459,#3460,#3461,#3462,#3463,#3464,#3465,#3466,#3467),
  .UNSPECIFIED.,.F.,.F.,(4,1,1,1,1,1,1,1,1,1,1,1,1,1,1,1,1,1,1,1,1,1,4),
  (4.769183702944,4.835728282373,4.902272861801,4.96881744123,
    5.035362020658,5.101906600087,5.168451179516,5.234995758944,
    5.301540338373,5.368084917802,5.43462949723,5.501174076659,
    5.567718656088,5.634263235516,5.700807814945,5.767352394373,
    5.833896973802,5.900441553231,5.966986132659,6.033530712088,
    6.100075291517,6.166619870945,6.233164450374),.UNSPECIFIED.);
#3443 = CARTESIAN_POINT('',(1.514001604236,-4.));
#3444 = CARTESIAN_POINT('',(1.491820077759,-4.));
#3445 = CARTESIAN_POINT('',(1.447457024807,-4.));
#3446 = CARTESIAN_POINT('',(1.380912445378,-4.));
#3447 = CARTESIAN_POINT('',(1.31436786595,-4.));
#3448 = CARTESIAN_POINT('',(1.247823286521,-4.));
#3449 = CARTESIAN_POINT('',(1.181278707093,-4.));
#3450 = CARTESIAN_POINT('',(1.114734127664,-4.));
#3451 = CARTESIAN_POINT('',(1.048189548235,-4.));
#3452 = CARTESIAN_POINT('',(0.981644968807,-4.));
#3453 = CARTESIAN_POINT('',(0.915100389378,-4.));
#3454 = CARTESIAN_POINT('',(0.848555809949,-4.));
#3455 = CARTESIAN_POINT('',(0.782011230521,-4.));
#3456 = CARTESIAN_POINT('',(0.715466651092,-4.));
#3457 = CARTESIAN_POINT('',(0.648922071663,-4.));
#3458 = CARTESIAN_POINT('',(0.582377492235,-4.));
#3459 = CARTESIAN_POINT('',(0.515832912806,-4.));
#3460 = CARTESIAN_POINT('',(0.449288333378,-4.));
#3461 = CARTESIAN_POINT('',(0.382743753949,-4.));
#3462 = CARTESIAN_POINT('',(0.31619917452,-4.));
#3463 = CARTESIAN_POINT('',(0.249654595092,-4.));
#3464 = CARTESIAN_POINT('',(0.183110015663,-4.));
#3465 = CARTESIAN_POINT('',(0.116565436234,-4.));
#3466 = CARTESIAN_POINT('',(7.220238328198E-02,-4.));
#3467 = CARTESIAN_POINT('',(5.002085680577E-02,-4.));
#3468 = ( GEOMETRIC_REPRESENTATION_CONTEXT(2) 
PARAMETRIC_REPRESENTATION_CONTEXT() REPRESENTATION_CONTEXT('2D SPACE',''
  ) );
#3469 = ORIENTED_EDGE('',*,*,#3470,.F.);
#3470 = EDGE_CURVE('',#3471,#3420,#3473,.T.);
#3471 = VERTEX_POINT('',#3472);
#3472 = CARTESIAN_POINT('',(-113.528388514,-130.3677124404,114.));
#3473 = SURFACE_CURVE('',#3474,(#3479,#3486),.PCURVE_S1.);
#3474 = CIRCLE('',#3475,2.E+03);
#3475 = AXIS2_PLACEMENT_3D('',#3476,#3477,#3478);
#3476 = CARTESIAN_POINT('',(-2.22044604925E-13,1.866407514019E+03,114.)
  );
#3477 = DIRECTION('',(0.,0.,1.));
#3478 = DIRECTION('',(-6.124999999994E-02,-0.998122456165,0.));
#3479 = PCURVE('',#232,#3480);
#3480 = DEFINITIONAL_REPRESENTATION('',(#3481),#3485);
#3481 = CIRCLE('',#3482,2.E+03);
#3482 = AXIS2_PLACEMENT_2D('',#3483,#3484);
#3483 = CARTESIAN_POINT('',(-2.498001805406E-13,1.856396662929E+03));
#3484 = DIRECTION('',(-6.124999999994E-02,-0.998122456165));
#3485 = ( GEOMETRIC_REPRESENTATION_CONTEXT(2) 
PARAMETRIC_REPRESENTATION_CONTEXT() REPRESENTATION_CONTEXT('2D SPACE',''
  ) );
#3486 = PCURVE('',#3487,#3492);
#3487 = CYLINDRICAL_SURFACE('',#3488,2.E+03);
#3488 = AXIS2_PLACEMENT_3D('',#3489,#3490,#3491);
#3489 = CARTESIAN_POINT('',(-2.22044604925E-13,1.866407514019E+03,110.)
  );
#3490 = DIRECTION('',(-0.,-0.,-1.));
#3491 = DIRECTION('',(1.,0.,0.));
#3492 = DEFINITIONAL_REPRESENTATION('',(#3493),#3519);
#3493 = B_SPLINE_CURVE_WITH_KNOTS('',3,(#3494,#3495,#3496,#3497,#3498,
    #3499,#3500,#3501,#3502,#3503,#3504,#3505,#3506,#3507,#3508,#3509,
    #3510,#3511,#3512,#3513,#3514,#3515,#3516,#3517,#3518),
  .UNSPECIFIED.,.F.,.F.,(4,1,1,1,1,1,1,1,1,1,1,1,1,1,1,1,1,1,1,1,1,1,4),
  (4.493639439479E-03,9.656796035774E-03,1.481995263207E-02,
    1.998310922836E-02,2.514626582466E-02,3.030942242095E-02,
    3.547257901725E-02,4.063573561354E-02,4.579889220984E-02,
    5.096204880613E-02,5.612520540243E-02,6.128836199872E-02,
    6.645151859501E-02,7.161467519131E-02,7.67778317876E-02,
    8.19409883839E-02,8.710414498019E-02,9.226730157649E-02,
    9.743045817278E-02,0.102593614769,0.107756771365,0.112919927962,
    0.118083084558),.UNSPECIFIED.);
#3494 = CARTESIAN_POINT('',(1.627591049354,-4.));
#3495 = CARTESIAN_POINT('',(1.625869997155,-4.));
#3496 = CARTESIAN_POINT('',(1.622427892758,-4.));
#3497 = CARTESIAN_POINT('',(1.617264736162,-4.));
#3498 = CARTESIAN_POINT('',(1.612101579565,-4.));
#3499 = CARTESIAN_POINT('',(1.606938422969,-4.));
#3500 = CARTESIAN_POINT('',(1.601775266373,-4.));
#3501 = CARTESIAN_POINT('',(1.596612109776,-4.));
#3502 = CARTESIAN_POINT('',(1.59144895318,-4.));
#3503 = CARTESIAN_POINT('',(1.586285796584,-4.));
#3504 = CARTESIAN_POINT('',(1.581122639987,-4.));
#3505 = CARTESIAN_POINT('',(1.575959483391,-4.));
#3506 = CARTESIAN_POINT('',(1.570796326795,-4.));
#3507 = CARTESIAN_POINT('',(1.565633170199,-4.));
#3508 = CARTESIAN_POINT('',(1.560470013602,-4.));
#3509 = CARTESIAN_POINT('',(1.555306857006,-4.));
#3510 = CARTESIAN_POINT('',(1.55014370041,-4.));
#3511 = CARTESIAN_POINT('',(1.544980543813,-4.));
#3512 = CARTESIAN_POINT('',(1.539817387217,-4.));
#3513 = CARTESIAN_POINT('',(1.534654230621,-4.));
#3514 = CARTESIAN_POINT('',(1.529491074025,-4.));
#3515 = CARTESIAN_POINT('',(1.524327917428,-4.));
#3516 = CARTESIAN_POINT('',(1.519164760832,-4.));
#3517 = CARTESIAN_POINT('',(1.515722656434,-4.));
#3518 = CARTESIAN_POINT('',(1.514001604236,-4.));
#3519 = ( GEOMETRIC_REPRESENTATION_CONTEXT(2) 
PARAMETRIC_REPRESENTATION_CONTEXT() REPRESENTATION_CONTEXT('2D SPACE',''
  ) );
#3520 = ORIENTED_EDGE('',*,*,#3521,.F.);
#3521 = EDGE_CURVE('',#3522,#3471,#3524,.T.);
#3522 = VERTEX_POINT('',#3523);
#3523 = CARTESIAN_POINT('',(-122.9482387491,-120.8838363081,114.));
#3524 = SURFACE_CURVE('',#3525,(#3530,#3537),.PCURVE_S1.);
#3525 = CIRCLE('',#3526,10.);
#3526 = AXIS2_PLACEMENT_3D('',#3527,#3528,#3529);
#3527 = CARTESIAN_POINT('',(-112.9607465714,-120.3838363081,114.));
#3528 = DIRECTION('',(0.,0.,1.));
#3529 = DIRECTION('',(1.,0.,0.));
#3530 = PCURVE('',#232,#3531);
#3531 = DEFINITIONAL_REPRESENTATION('',(#3532),#3536);
#3532 = CIRCLE('',#3533,10.);
#3533 = AXIS2_PLACEMENT_2D('',#3534,#3535);
#3534 = CARTESIAN_POINT('',(-112.9607465714,-130.3946873984));
#3535 = DIRECTION('',(1.,0.));
#3536 = ( GEOMETRIC_REPRESENTATION_CONTEXT(2) 
PARAMETRIC_REPRESENTATION_CONTEXT() REPRESENTATION_CONTEXT('2D SPACE',''
  ) );
#3537 = PCURVE('',#3538,#3543);
#3538 = CYLINDRICAL_SURFACE('',#3539,10.);
#3539 = AXIS2_PLACEMENT_3D('',#3540,#3541,#3542);
#3540 = CARTESIAN_POINT('',(-112.9607465714,-120.3838363081,110.));
#3541 = DIRECTION('',(-0.,-0.,-1.));
#3542 = DIRECTION('',(1.,0.,0.));
#3543 = DEFINITIONAL_REPRESENTATION('',(#3544),#3570);
#3544 = B_SPLINE_CURVE_WITH_KNOTS('',3,(#3545,#3546,#3547,#3548,#3549,
    #3550,#3551,#3552,#3553,#3554,#3555,#3556,#3557,#3558,#3559,#3560,
    #3561,#3562,#3563,#3564,#3565,#3566,#3567,#3568,#3569),
  .UNSPECIFIED.,.F.,.F.,(4,1,1,1,1,1,1,1,1,1,1,1,1,1,1,1,1,1,1,1,1,1,4),
  (3.191613510396,3.258158089824,3.324702669253,3.391247248681,
    3.45779182811,3.524336407539,3.590880986967,3.657425566396,
    3.723970145825,3.790514725253,3.857059304682,3.923603884111,
    3.990148463539,4.056693042968,4.123237622396,4.189782201825,
    4.256326781254,4.322871360682,4.389415940111,4.45596051954,
    4.522505098968,4.589049678397,4.655594257825),.UNSPECIFIED.);
#3545 = CARTESIAN_POINT('',(3.091571796784,-4.));
#3546 = CARTESIAN_POINT('',(3.069390270308,-4.));
#3547 = CARTESIAN_POINT('',(3.025027217355,-4.));
#3548 = CARTESIAN_POINT('',(2.958482637927,-4.));
#3549 = CARTESIAN_POINT('',(2.891938058498,-4.));
#3550 = CARTESIAN_POINT('',(2.825393479069,-4.));
#3551 = CARTESIAN_POINT('',(2.758848899641,-4.));
#3552 = CARTESIAN_POINT('',(2.692304320212,-4.));
#3553 = CARTESIAN_POINT('',(2.625759740784,-4.));
#3554 = CARTESIAN_POINT('',(2.559215161355,-4.));
#3555 = CARTESIAN_POINT('',(2.492670581926,-4.));
#3556 = CARTESIAN_POINT('',(2.426126002498,-4.));
#3557 = CARTESIAN_POINT('',(2.359581423069,-4.));
#3558 = CARTESIAN_POINT('',(2.29303684364,-4.));
#3559 = CARTESIAN_POINT('',(2.226492264212,-4.));
#3560 = CARTESIAN_POINT('',(2.159947684783,-4.));
#3561 = CARTESIAN_POINT('',(2.093403105355,-4.));
#3562 = CARTESIAN_POINT('',(2.026858525926,-4.));
#3563 = CARTESIAN_POINT('',(1.960313946497,-4.));
#3564 = CARTESIAN_POINT('',(1.893769367069,-4.));
#3565 = CARTESIAN_POINT('',(1.82722478764,-4.));
#3566 = CARTESIAN_POINT('',(1.760680208211,-4.));
#3567 = CARTESIAN_POINT('',(1.694135628783,-4.));
#3568 = CARTESIAN_POINT('',(1.64977257583,-4.));
#3569 = CARTESIAN_POINT('',(1.627591049354,-4.));
#3570 = ( GEOMETRIC_REPRESENTATION_CONTEXT(2) 
PARAMETRIC_REPRESENTATION_CONTEXT() REPRESENTATION_CONTEXT('2D SPACE',''
  ) );
#3571 = ORIENTED_EDGE('',*,*,#3572,.T.);
#3572 = EDGE_CURVE('',#3522,#3573,#3575,.T.);
#3573 = VERTEX_POINT('',#3574);
#3574 = CARTESIAN_POINT('',(-129.,9.020562075079E-14,114.));
#3575 = SURFACE_CURVE('',#3576,(#3580,#3587),.PCURVE_S1.);
#3576 = LINE('',#3577,#3578);
#3577 = CARTESIAN_POINT('',(-126.1823345289,-56.28282370373,114.));
#3578 = VECTOR('',#3579,1.);
#3579 = DIRECTION('',(-5.E-02,0.998749217772,0.));
#3580 = PCURVE('',#232,#3581);
#3581 = DEFINITIONAL_REPRESENTATION('',(#3582),#3586);
#3582 = LINE('',#3583,#3584);
#3583 = CARTESIAN_POINT('',(-126.1823345289,-66.2936747941));
#3584 = VECTOR('',#3585,1.);
#3585 = DIRECTION('',(-5.E-02,0.998749217772));
#3586 = ( GEOMETRIC_REPRESENTATION_CONTEXT(2) 
PARAMETRIC_REPRESENTATION_CONTEXT() REPRESENTATION_CONTEXT('2D SPACE',''
  ) );
#3587 = PCURVE('',#3588,#3593);
#3588 = PLANE('',#3589);
#3589 = AXIS2_PLACEMENT_3D('',#3590,#3591,#3592);
#3590 = CARTESIAN_POINT('',(-126.1823345289,-56.28282370373,110.));
#3591 = DIRECTION('',(0.998749217772,5.E-02,0.));
#3592 = DIRECTION('',(-5.E-02,0.998749217772,0.));
#3593 = DEFINITIONAL_REPRESENTATION('',(#3594),#3598);
#3594 = LINE('',#3595,#3596);
#3595 = CARTESIAN_POINT('',(0.,4.));
#3596 = VECTOR('',#3597,1.);
#3597 = DIRECTION('',(1.,0.));
#3598 = ( GEOMETRIC_REPRESENTATION_CONTEXT(2) 
PARAMETRIC_REPRESENTATION_CONTEXT() REPRESENTATION_CONTEXT('2D SPACE',''
  ) );
#3599 = ORIENTED_EDGE('',*,*,#3600,.T.);
#3600 = EDGE_CURVE('',#3573,#3601,#3603,.T.);
#3601 = VERTEX_POINT('',#3602);
#3602 = CARTESIAN_POINT('',(-122.8910955228,140.84229691206,114.));
#3603 = SURFACE_CURVE('',#3604,(#3608,#3615),.PCURVE_S1.);
#3604 = LINE('',#3605,#3606);
#3605 = CARTESIAN_POINT('',(-125.75,74.929550245547,114.));
#3606 = VECTOR('',#3607,1.);
#3607 = DIRECTION('',(4.333333333329E-02,0.999060669941,0.));
#3608 = PCURVE('',#232,#3609);
#3609 = DEFINITIONAL_REPRESENTATION('',(#3610),#3614);
#3610 = LINE('',#3611,#3612);
#3611 = CARTESIAN_POINT('',(-125.75,64.918699155174));
#3612 = VECTOR('',#3613,1.);
#3613 = DIRECTION('',(4.333333333329E-02,0.999060669941));
#3614 = ( GEOMETRIC_REPRESENTATION_CONTEXT(2) 
PARAMETRIC_REPRESENTATION_CONTEXT() REPRESENTATION_CONTEXT('2D SPACE',''
  ) );
#3615 = PCURVE('',#3616,#3621);
#3616 = PLANE('',#3617);
#3617 = AXIS2_PLACEMENT_3D('',#3618,#3619,#3620);
#3618 = CARTESIAN_POINT('',(-125.75,74.929550245547,110.));
#3619 = DIRECTION('',(0.999060669941,-4.333333333329E-02,0.));
#3620 = DIRECTION('',(4.333333333329E-02,0.999060669941,0.));
#3621 = DEFINITIONAL_REPRESENTATION('',(#3622),#3626);
#3622 = LINE('',#3623,#3624);
#3623 = CARTESIAN_POINT('',(0.,4.));
#3624 = VECTOR('',#3625,1.);
#3625 = DIRECTION('',(1.,0.));
#3626 = ( GEOMETRIC_REPRESENTATION_CONTEXT(2) 
PARAMETRIC_REPRESENTATION_CONTEXT() REPRESENTATION_CONTEXT('2D SPACE',''
  ) );
#3627 = ORIENTED_EDGE('',*,*,#3628,.F.);
#3628 = EDGE_CURVE('',#3262,#3601,#3629,.T.);
#3629 = SURFACE_CURVE('',#3630,(#3635,#3642),.PCURVE_S1.);
#3630 = CIRCLE('',#3631,10.);
#3631 = AXIS2_PLACEMENT_3D('',#3632,#3633,#3634);
#3632 = CARTESIAN_POINT('',(-112.9004888234,140.40896357873,114.));
#3633 = DIRECTION('',(0.,0.,1.));
#3634 = DIRECTION('',(1.,0.,0.));
#3635 = PCURVE('',#232,#3636);
#3636 = DEFINITIONAL_REPRESENTATION('',(#3637),#3641);
#3637 = CIRCLE('',#3638,10.);
#3638 = AXIS2_PLACEMENT_2D('',#3639,#3640);
#3639 = CARTESIAN_POINT('',(-112.9004888234,130.39811248835));
#3640 = DIRECTION('',(1.,0.));
#3641 = ( GEOMETRIC_REPRESENTATION_CONTEXT(2) 
PARAMETRIC_REPRESENTATION_CONTEXT() REPRESENTATION_CONTEXT('2D SPACE',''
  ) );
#3642 = PCURVE('',#3643,#3648);
#3643 = CYLINDRICAL_SURFACE('',#3644,10.);
#3644 = AXIS2_PLACEMENT_3D('',#3645,#3646,#3647);
#3645 = CARTESIAN_POINT('',(-112.9004888234,140.40896357873,110.));
#3646 = DIRECTION('',(-0.,-0.,-1.));
#3647 = DIRECTION('',(1.,0.,0.));
#3648 = DEFINITIONAL_REPRESENTATION('',(#3649),#3675);
#3649 = B_SPLINE_CURVE_WITH_KNOTS('',3,(#3650,#3651,#3652,#3653,#3654,
    #3655,#3656,#3657,#3658,#3659,#3660,#3661,#3662,#3663,#3664,#3665,
    #3666,#3667,#3668,#3669,#3670,#3671,#3672,#3673,#3674),
  .UNSPECIFIED.,.F.,.F.,(4,1,1,1,1,1,1,1,1,1,1,1,1,1,1,1,1,1,1,1,1,1,4),
  (1.627560720203,1.694410039605,1.761259359007,1.82810867841,
    1.894957997812,1.961807317215,2.028656636617,2.095505956019,
    2.162355275422,2.229204594824,2.296053914227,2.362903233629,
    2.429752553031,2.496601872434,2.563451191836,2.630300511239,
    2.697149830641,2.763999150044,2.830848469446,2.897697788848,
    2.964547108251,3.031396427653,3.098245747056),.UNSPECIFIED.);
#3650 = CARTESIAN_POINT('',(4.655624586977,-4.));
#3651 = CARTESIAN_POINT('',(4.63334148051,-4.));
#3652 = CARTESIAN_POINT('',(4.588775267575,-4.));
#3653 = CARTESIAN_POINT('',(4.521925948172,-4.));
#3654 = CARTESIAN_POINT('',(4.45507662877,-4.));
#3655 = CARTESIAN_POINT('',(4.388227309367,-4.));
#3656 = CARTESIAN_POINT('',(4.321377989965,-4.));
#3657 = CARTESIAN_POINT('',(4.254528670563,-4.));
#3658 = CARTESIAN_POINT('',(4.18767935116,-4.));
#3659 = CARTESIAN_POINT('',(4.120830031758,-4.));
#3660 = CARTESIAN_POINT('',(4.053980712355,-4.));
#3661 = CARTESIAN_POINT('',(3.987131392953,-4.));
#3662 = CARTESIAN_POINT('',(3.920282073551,-4.));
#3663 = CARTESIAN_POINT('',(3.853432754148,-4.));
#3664 = CARTESIAN_POINT('',(3.786583434746,-4.));
#3665 = CARTESIAN_POINT('',(3.719734115343,-4.));
#3666 = CARTESIAN_POINT('',(3.652884795941,-4.));
#3667 = CARTESIAN_POINT('',(3.586035476538,-4.));
#3668 = CARTESIAN_POINT('',(3.519186157136,-4.));
#3669 = CARTESIAN_POINT('',(3.452336837734,-4.));
#3670 = CARTESIAN_POINT('',(3.385487518331,-4.));
#3671 = CARTESIAN_POINT('',(3.318638198929,-4.));
#3672 = CARTESIAN_POINT('',(3.251788879526,-4.));
#3673 = CARTESIAN_POINT('',(3.207222666591,-4.));
#3674 = CARTESIAN_POINT('',(3.184939560124,-4.));
#3675 = ( GEOMETRIC_REPRESENTATION_CONTEXT(2) 
PARAMETRIC_REPRESENTATION_CONTEXT() REPRESENTATION_CONTEXT('2D SPACE',''
  ) );
#3676 = ADVANCED_FACE('',(#3677),#280,.T.);
#3677 = FACE_BOUND('',#3678,.T.);
#3678 = EDGE_LOOP('',(#3679,#3680,#3752,#3753));
#3679 = ORIENTED_EDGE('',*,*,#2517,.F.);
#3680 = ORIENTED_EDGE('',*,*,#3681,.T.);
#3681 = EDGE_CURVE('',#2241,#330,#3682,.T.);
#3682 = SURFACE_CURVE('',#3683,(#3694,#3723),.PCURVE_S1.);
#3683 = B_SPLINE_CURVE_WITH_KNOTS('',3,(#3684,#3685,#3686,#3687,#3688,
    #3689,#3690,#3691,#3692,#3693),.UNSPECIFIED.,.F.,.F.,(4,2,2,2,4),(0.
    ,3.118234903104E-02,6.236469806208E-02,9.354704709312E-02,
    0.124729396124),.UNSPECIFIED.);
#3684 = CARTESIAN_POINT('',(-124.8016226165,142.94847049275,114.));
#3685 = CARTESIAN_POINT('',(-127.1039926364,146.4889887306,
    104.50255195166));
#3686 = CARTESIAN_POINT('',(-129.4080369731,150.02640401189,
    95.004355509599));
#3687 = CARTESIAN_POINT('',(-134.0188184447,157.0959252737,
    76.00664033807));
#3688 = CARTESIAN_POINT('',(-136.3255572583,160.62803042211,
    66.507121698166));
#3689 = CARTESIAN_POINT('',(-140.9412302245,167.68767964396,
    47.506919879859));
#3690 = CARTESIAN_POINT('',(-143.2501650636,171.21522223684,
    38.006238649189));
#3691 = CARTESIAN_POINT('',(-147.869843488,178.26637049001,
    19.003855003973));
#3692 = CARTESIAN_POINT('',(-150.1805879768,181.78997563368,
    9.502152187778));
#3693 = CARTESIAN_POINT('',(-152.4920853552,185.31187428958,0.));
#3694 = PCURVE('',#280,#3695);
#3695 = DEFINITIONAL_REPRESENTATION('',(#3696),#3722);
#3696 = B_SPLINE_CURVE_WITH_KNOTS('',3,(#3697,#3698,#3699,#3700,#3701,
    #3702,#3703,#3704,#3705,#3706,#3707,#3708,#3709,#3710,#3711,#3712,
    #3713,#3714,#3715,#3716,#3717,#3718,#3719,#3720,#3721),
  .UNSPECIFIED.,.F.,.F.,(4,1,1,1,1,1,1,1,1,1,1,1,1,1,1,1,1,1,1,1,1,1,4),
  (0.,5.669518005644E-03,1.133903601129E-02,1.700855401693E-02,
    2.267807202257E-02,2.834759002822E-02,3.401710803386E-02,
    3.96866260395E-02,4.535614404515E-02,5.102566205079E-02,
    5.669518005644E-02,6.236469806208E-02,6.803421606772E-02,
    7.370373407337E-02,7.937325207901E-02,8.504277008465E-02,
    9.07122880903E-02,9.638180609594E-02,0.102051324102,0.107720842107,
    0.113390360113,0.119059878119,0.124729396124),.UNSPECIFIED.);
#3697 = CARTESIAN_POINT('',(5.796177811731E-02,1.));
#3698 = CARTESIAN_POINT('',(5.765035027016E-02,0.984852555056));
#3699 = CARTESIAN_POINT('',(5.703673708143E-02,0.954557231746));
#3700 = CARTESIAN_POINT('',(5.614297702753E-02,0.909112972745));
#3701 = CARTESIAN_POINT('',(5.527478886576E-02,0.863667465425));
#3702 = CARTESIAN_POINT('',(5.443115493242E-02,0.818220737317));
#3703 = CARTESIAN_POINT('',(5.361110059512E-02,0.772772816685));
#3704 = CARTESIAN_POINT('',(5.281369498826E-02,0.727323734048));
#3705 = CARTESIAN_POINT('',(5.203806206849E-02,0.681873515309));
#3706 = CARTESIAN_POINT('',(5.128337478607E-02,0.636422183132));
#3707 = CARTESIAN_POINT('',(5.054884073967E-02,0.590969762004));
#3708 = CARTESIAN_POINT('',(4.983370310264E-02,0.545516277176));
#3709 = CARTESIAN_POINT('',(4.913723765267E-02,0.500061754141));
#3710 = CARTESIAN_POINT('',(4.845875235671E-02,0.454606221472));
#3711 = CARTESIAN_POINT('',(4.779759911007E-02,0.409149701654));
#3712 = CARTESIAN_POINT('',(4.715315632444E-02,0.36369221548));
#3713 = CARTESIAN_POINT('',(4.652482850589E-02,0.318233785066));
#3714 = CARTESIAN_POINT('',(4.59120451466E-02,0.272774432727));
#3715 = CARTESIAN_POINT('',(4.531425755383E-02,0.227314182232));
#3716 = CARTESIAN_POINT('',(4.473094713142E-02,0.181853053278));
#3717 = CARTESIAN_POINT('',(4.41616216196E-02,0.136391064134));
#3718 = CARTESIAN_POINT('',(4.360580746118E-02,9.092823409514E-02));
#3719 = CARTESIAN_POINT('',(4.306304838446E-02,4.546458272155E-02));
#3720 = CARTESIAN_POINT('',(4.270962420406E-02,1.515494770202E-02));
#3721 = CARTESIAN_POINT('',(4.253494272627E-02,0.));
#3722 = ( GEOMETRIC_REPRESENTATION_CONTEXT(2) 
PARAMETRIC_REPRESENTATION_CONTEXT() REPRESENTATION_CONTEXT('2D SPACE',''
  ) );
#3723 = PCURVE('',#1644,#3724);
#3724 = DEFINITIONAL_REPRESENTATION('',(#3725),#3751);
#3725 = B_SPLINE_CURVE_WITH_KNOTS('',3,(#3726,#3727,#3728,#3729,#3730,
    #3731,#3732,#3733,#3734,#3735,#3736,#3737,#3738,#3739,#3740,#3741,
    #3742,#3743,#3744,#3745,#3746,#3747,#3748,#3749,#3750),
  .UNSPECIFIED.,.F.,.F.,(4,1,1,1,1,1,1,1,1,1,1,1,1,1,1,1,1,1,1,1,1,1,4),
  (0.,5.669518005644E-03,1.133903601129E-02,1.700855401693E-02,
    2.267807202257E-02,2.834759002822E-02,3.401710803386E-02,
    3.96866260395E-02,4.535614404515E-02,5.102566205079E-02,
    5.669518005644E-02,6.236469806208E-02,6.803421606772E-02,
    7.370373407337E-02,7.937325207901E-02,8.504277008465E-02,
    9.07122880903E-02,9.638180609594E-02,0.102051324102,0.107720842107,
    0.113390360113,0.119059878119,0.124729396124),.UNSPECIFIED.);
#3726 = CARTESIAN_POINT('',(0.252438114595,0.));
#3727 = CARTESIAN_POINT('',(0.25054811994,-2.69072949242E-16));
#3728 = CARTESIAN_POINT('',(0.246768137131,-5.373951354408E-15));
#3729 = CARTESIAN_POINT('',(0.241098181582,1.74692792982E-14));
#3730 = CARTESIAN_POINT('',(0.235428243854,-6.483416570575E-14));
#3731 = CARTESIAN_POINT('',(0.229758323108,2.415363836574E-13));
#3732 = CARTESIAN_POINT('',(0.224088418493,-9.016423687914E-13));
#3733 = CARTESIAN_POINT('',(0.218418529197,3.365033091508E-12));
#3734 = CARTESIAN_POINT('',(0.212748653998,-1.255882099711E-11));
#3735 = CARTESIAN_POINT('',(0.207078792323,4.686991989706E-11));
#3736 = CARTESIAN_POINT('',(0.201408943512,-1.74921189591E-10));
#3737 = CARTESIAN_POINT('',(0.195739106942,6.52814507467E-10));
#3738 = CARTESIAN_POINT('',(0.190069281931,-2.436337171277E-09));
#3739 = CARTESIAN_POINT('',(0.184399467997,9.092534177641E-09));
#3740 = CARTESIAN_POINT('',(0.178729664674,-1.951819870542E-09));
#3741 = CARTESIAN_POINT('',(0.17305987152,4.194896226551E-10));
#3742 = CARTESIAN_POINT('',(0.167390088091,2.73859526185E-10));
#3743 = CARTESIAN_POINT('',(0.161720313955,-1.514929588986E-09));
#3744 = CARTESIAN_POINT('',(0.156050548633,5.7858569604E-09));
#3745 = CARTESIAN_POINT('',(0.150380791795,1.266647428176E-08));
#3746 = CARTESIAN_POINT('',(0.144711043119,-3.39513733365E-09));
#3747 = CARTESIAN_POINT('',(0.139041302201,9.140750528422E-10));
#3748 = CARTESIAN_POINT('',(0.13337156866,-2.61164777274E-10));
#3749 = CARTESIAN_POINT('',(0.129591750958,-1.5951976091E-16));
#3750 = CARTESIAN_POINT('',(0.127701843208,0.));
#3751 = ( GEOMETRIC_REPRESENTATION_CONTEXT(2) 
PARAMETRIC_REPRESENTATION_CONTEXT() REPRESENTATION_CONTEXT('2D SPACE',''
  ) );
#3752 = ORIENTED_EDGE('',*,*,#329,.T.);
#3753 = ORIENTED_EDGE('',*,*,#243,.T.);
#3754 = ADVANCED_FACE('',(#3755),#1644,.T.);
#3755 = FACE_BOUND('',#3756,.T.);
#3756 = EDGE_LOOP('',(#3757,#3758,#3759,#3760));
#3757 = ORIENTED_EDGE('',*,*,#1544,.F.);
#3758 = ORIENTED_EDGE('',*,*,#3681,.F.);
#3759 = ORIENTED_EDGE('',*,*,#2240,.F.);
#3760 = ORIENTED_EDGE('',*,*,#3761,.F.);
#3761 = EDGE_CURVE('',#1445,#2192,#3762,.T.);
#3762 = SURFACE_CURVE('',#3763,(#3774,#3803),.PCURVE_S1.);
#3763 = B_SPLINE_CURVE_WITH_KNOTS('',3,(#3764,#3765,#3766,#3767,#3768,
    #3769,#3770,#3771,#3772,#3773),.UNSPECIFIED.,.F.,.F.,(4,2,2,2,4),(0.
    ,3.123552488675E-02,6.24710497735E-02,9.370657466025E-02,
    0.124942099547),.UNSPECIFIED.);
#3764 = CARTESIAN_POINT('',(-144.4397921559,194.70694970355,
    1.739502921781E-15));
#3765 = CARTESIAN_POINT('',(-142.0720874153,191.18038076946,
    9.50598624379));
#3766 = CARTESIAN_POINT('',(-139.7027638649,187.65166344953,
    19.010770244418));
#3767 = CARTESIAN_POINT('',(-134.9605547971,180.58909237233,
    38.017540813392));
#3768 = CARTESIAN_POINT('',(-132.5876688557,177.05524027732,
    47.519527949014));
#3769 = CARTESIAN_POINT('',(-127.8379978564,169.98135874408,
    66.520233644508));
#3770 = CARTESIAN_POINT('',(-125.4612128978,166.44133279286,
    76.01894931736));
#3771 = CARTESIAN_POINT('',(-120.7034140363,159.35380516462,
    95.012534658296));
#3772 = CARTESIAN_POINT('',(-118.3223995446,155.80630749373,
    104.50740186198));
#3773 = CARTESIAN_POINT('',(-115.9391235513,152.25425463073,114.));
#3774 = PCURVE('',#1644,#3775);
#3775 = DEFINITIONAL_REPRESENTATION('',(#3776),#3802);
#3776 = B_SPLINE_CURVE_WITH_KNOTS('',3,(#3777,#3778,#3779,#3780,#3781,
    #3782,#3783,#3784,#3785,#3786,#3787,#3788,#3789,#3790,#3791,#3792,
    #3793,#3794,#3795,#3796,#3797,#3798,#3799,#3800,#3801),
  .UNSPECIFIED.,.F.,.F.,(4,1,1,1,1,1,1,1,1,1,1,1,1,1,1,1,1,1,1,1,1,1,4),
  (0.,5.679186211575E-03,1.135837242315E-02,1.703755863473E-02,
    2.27167448463E-02,2.839593105788E-02,3.407511726945E-02,
    3.975430348103E-02,4.54334896926E-02,5.111267590418E-02,
    5.679186211575E-02,6.247104832733E-02,6.815023453891E-02,
    7.382942075048E-02,7.950860696206E-02,8.518779317363E-02,
    9.086697938521E-02,9.654616559678E-02,0.102225351808,0.10790453802,
    0.113583724232,0.119262910443,0.124942096655),.UNSPECIFIED.);
#3777 = CARTESIAN_POINT('',(0.126299245545,1.));
#3778 = CARTESIAN_POINT('',(0.128192026616,0.999999999681));
#3779 = CARTESIAN_POINT('',(0.131977580782,0.999999999399));
#3780 = CARTESIAN_POINT('',(0.137655887286,0.999999999585));
#3781 = CARTESIAN_POINT('',(0.143334168221,0.999999999978));
#3782 = CARTESIAN_POINT('',(0.149012422768,0.999999999978));
#3783 = CARTESIAN_POINT('',(0.154690650094,1.000000000112));
#3784 = CARTESIAN_POINT('',(0.160368849414,0.999999999575));
#3785 = CARTESIAN_POINT('',(0.166047019627,0.999999998877));
#3786 = CARTESIAN_POINT('',(0.1717251596,0.999999998622));
#3787 = CARTESIAN_POINT('',(0.177403268221,0.999999998684));
#3788 = CARTESIAN_POINT('',(0.183081344347,0.999999999007));
#3789 = CARTESIAN_POINT('',(0.18875938694,1.000000000121));
#3790 = CARTESIAN_POINT('',(0.194437394575,1.000000000275));
#3791 = CARTESIAN_POINT('',(0.200115365594,0.999999998778));
#3792 = CARTESIAN_POINT('',(0.205793298591,0.999999995875));
#3793 = CARTESIAN_POINT('',(0.211471192091,0.999999994401));
#3794 = CARTESIAN_POINT('',(0.217149044629,0.999999996426));
#3795 = CARTESIAN_POINT('',(0.22282685477,1.000000000777));
#3796 = CARTESIAN_POINT('',(0.228504620521,1.000000000466));
#3797 = CARTESIAN_POINT('',(0.234182340146,0.999999997358));
#3798 = CARTESIAN_POINT('',(0.239860011802,0.999999986959));
#3799 = CARTESIAN_POINT('',(0.245537633674,0.999999984567));
#3800 = CARTESIAN_POINT('',(0.249322680516,0.999999990585));
#3801 = CARTESIAN_POINT('',(0.251215195032,0.999999996632));
#3802 = ( GEOMETRIC_REPRESENTATION_CONTEXT(2) 
PARAMETRIC_REPRESENTATION_CONTEXT() REPRESENTATION_CONTEXT('2D SPACE',''
  ) );
#3803 = PCURVE('',#1474,#3804);
#3804 = DEFINITIONAL_REPRESENTATION('',(#3805),#3831);
#3805 = B_SPLINE_CURVE_WITH_KNOTS('',3,(#3806,#3807,#3808,#3809,#3810,
    #3811,#3812,#3813,#3814,#3815,#3816,#3817,#3818,#3819,#3820,#3821,
    #3822,#3823,#3824,#3825,#3826,#3827,#3828,#3829,#3830),
  .UNSPECIFIED.,.F.,.F.,(4,1,1,1,1,1,1,1,1,1,1,1,1,1,1,1,1,1,1,1,1,1,4),
  (0.,5.679186211575E-03,1.135837242315E-02,1.703755863473E-02,
    2.27167448463E-02,2.839593105788E-02,3.407511726945E-02,
    3.975430348103E-02,4.54334896926E-02,5.111267590418E-02,
    5.679186211575E-02,6.247104832733E-02,6.815023453891E-02,
    7.382942075048E-02,7.950860696206E-02,8.518779317363E-02,
    9.086697938521E-02,9.654616559678E-02,0.102225351808,0.10790453802,
    0.113583724232,0.119262910443,0.124942096655),.UNSPECIFIED.);
#3806 = CARTESIAN_POINT('',(0.974107087179,0.));
#3807 = CARTESIAN_POINT('',(0.974009907386,1.516106207461E-02));
#3808 = CARTESIAN_POINT('',(0.973813558349,4.548248787144E-02));
#3809 = CARTESIAN_POINT('',(0.973512887715,9.096247175493E-02));
#3810 = CARTESIAN_POINT('',(0.973205893788,0.136440241862));
#3811 = CARTESIAN_POINT('',(0.972892391573,0.181915736464));
#3812 = CARTESIAN_POINT('',(0.972572190014,0.227388891929));
#3813 = CARTESIAN_POINT('',(0.972245090872,0.272859642365));
#3814 = CARTESIAN_POINT('',(0.971910888647,0.318327919696));
#3815 = CARTESIAN_POINT('',(0.971569371227,0.363793653748));
#3816 = CARTESIAN_POINT('',(0.97122031832,0.409256771898));
#3817 = CARTESIAN_POINT('',(0.970863501296,0.454717198577));
#3818 = CARTESIAN_POINT('',(0.970498682964,0.500174856907));
#3819 = CARTESIAN_POINT('',(0.970125616546,0.545629662067));
#3820 = CARTESIAN_POINT('',(0.969744047957,0.591081526765));
#3821 = CARTESIAN_POINT('',(0.969353713651,0.636530365772));
#3822 = CARTESIAN_POINT('',(0.968954339463,0.68197608933));
#3823 = CARTESIAN_POINT('',(0.968545640489,0.727418604564));
#3824 = CARTESIAN_POINT('',(0.968127320061,0.772857815681));
#3825 = CARTESIAN_POINT('',(0.967699070836,0.818293616714));
#3826 = CARTESIAN_POINT('',(0.967260577376,0.863725907038));
#3827 = CARTESIAN_POINT('',(0.966811509967,0.909154580811));
#3828 = CARTESIAN_POINT('',(0.966351526886,0.954579528838));
#3829 = CARTESIAN_POINT('',(0.96603735333,0.984860266903));
#3830 = CARTESIAN_POINT('',(0.965878327693,0.999999976869));
#3831 = ( GEOMETRIC_REPRESENTATION_CONTEXT(2) 
PARAMETRIC_REPRESENTATION_CONTEXT() REPRESENTATION_CONTEXT('2D SPACE',''
  ) );
#3832 = ADVANCED_FACE('',(#3833),#1474,.T.);
#3833 = FACE_BOUND('',#3834,.T.);
#3834 = EDGE_LOOP('',(#3835,#3836,#3837,#3838));
#3835 = ORIENTED_EDGE('',*,*,#1444,.T.);
#3836 = ORIENTED_EDGE('',*,*,#3761,.T.);
#3837 = ORIENTED_EDGE('',*,*,#2189,.F.);
#3838 = ORIENTED_EDGE('',*,*,#3839,.T.);
#3839 = EDGE_CURVE('',#2190,#1159,#3840,.T.);
#3840 = SURFACE_CURVE('',#3841,(#3852,#3881),.PCURVE_S1.);
#3841 = B_SPLINE_CURVE_WITH_KNOTS('',3,(#3842,#3843,#3844,#3845,#3846,
    #3847,#3848,#3849,#3850,#3851),.UNSPECIFIED.,.F.,.F.,(4,2,2,2,4),(0.
    ,3.123552214082E-02,6.247104428164E-02,9.370656642247E-02,
    0.124942088563),.UNSPECIFIED.);
#3842 = CARTESIAN_POINT('',(115.93912355137,152.25425463073,114.));
#3843 = CARTESIAN_POINT('',(118.32239980018,155.80630787465,
    104.50740084401));
#3844 = CARTESIAN_POINT('',(120.70341400137,159.35380511246,
    95.01253479545));
#3845 = CARTESIAN_POINT('',(125.46121136363,166.44133050754,
    76.018955444344));
#3846 = CARTESIAN_POINT('',(127.83799591722,169.98135585584,
    66.520241397276));
#3847 = CARTESIAN_POINT('',(132.58766711811,177.05523768947,
    47.5195349052));
#3848 = CARTESIAN_POINT('',(134.96055334871,180.58909021522,
    38.01754661605));
#3849 = CARTESIAN_POINT('',(139.7027631314,187.65166235704,
    19.01077318707));
#3850 = CARTESIAN_POINT('',(142.0720872636,191.1803805434,9.50598685315)
  );
#3851 = CARTESIAN_POINT('',(144.4397921559,194.70694970355,0.));
#3852 = PCURVE('',#1474,#3853);
#3853 = DEFINITIONAL_REPRESENTATION('',(#3854),#3880);
#3854 = B_SPLINE_CURVE_WITH_KNOTS('',3,(#3855,#3856,#3857,#3858,#3859,
    #3860,#3861,#3862,#3863,#3864,#3865,#3866,#3867,#3868,#3869,#3870,
    #3871,#3872,#3873,#3874,#3875,#3876,#3877,#3878,#3879),
  .UNSPECIFIED.,.F.,.F.,(4,1,1,1,1,1,1,1,1,1,1,1,1,1,1,1,1,1,1,1,1,1,4),
  (2.844634619129E-09,5.679188559119E-03,1.13583742736E-02,
    1.703755998809E-02,2.271674570257E-02,2.839593141706E-02,
    3.407511713154E-02,3.975430284602E-02,4.543348856051E-02,
    5.111267427499E-02,5.679185998948E-02,6.247104570396E-02,
    6.815023141845E-02,7.382941713293E-02,7.950860284741E-02,
    8.51877885619E-02,9.086697427638E-02,9.654615999087E-02,
    0.102225345705,0.10790453142,0.113583717134,0.119262902849,
    0.124942088563),.UNSPECIFIED.);
#3855 = CARTESIAN_POINT('',(3.412167231112E-02,0.99999997725));
#3856 = CARTESIAN_POINT('',(3.396264665661E-02,0.984860265655));
#3857 = CARTESIAN_POINT('',(3.364847308092E-02,0.954579525591));
#3858 = CARTESIAN_POINT('',(3.318849000749E-02,0.909154578245));
#3859 = CARTESIAN_POINT('',(3.273942264029E-02,0.863725908712));
#3860 = CARTESIAN_POINT('',(3.230092925453E-02,0.81829362613));
#3861 = CARTESIAN_POINT('',(3.187268013002E-02,0.772857836059));
#3862 = CARTESIAN_POINT('',(3.14543598313E-02,0.727418639677));
#3863 = CARTESIAN_POINT('',(3.104566095383E-02,0.681976136188));
#3864 = CARTESIAN_POINT('',(3.064628683683E-02,0.636530421823));
#3865 = CARTESIAN_POINT('',(3.025595257249E-02,0.591081589051));
#3866 = CARTESIAN_POINT('',(2.987438399814E-02,0.54562972757));
#3867 = CARTESIAN_POINT('',(2.950131756403E-02,0.500174922014));
#3868 = CARTESIAN_POINT('',(2.913649919851E-02,0.454717260871));
#3869 = CARTESIAN_POINT('',(2.877968213483E-02,0.409256830511));
#3870 = CARTESIAN_POINT('',(2.843062918196E-02,0.36379370759));
#3871 = CARTESIAN_POINT('',(2.808911171141E-02,0.318327967932));
#3872 = CARTESIAN_POINT('',(2.775490943268E-02,0.272859684269));
#3873 = CARTESIAN_POINT('',(2.742781023467E-02,0.22738892699));
#3874 = CARTESIAN_POINT('',(2.710760861391E-02,0.181915763373));
#3875 = CARTESIAN_POINT('',(2.679410633817E-02,0.136440260337));
#3876 = CARTESIAN_POINT('',(2.648711235491E-02,9.096248228853E-02));
#3877 = CARTESIAN_POINT('',(2.618644167623E-02,4.548249180446E-02));
#3878 = CARTESIAN_POINT('',(2.599009261999E-02,1.516106305228E-02));
#3879 = CARTESIAN_POINT('',(2.589291282123E-02,0.));
#3880 = ( GEOMETRIC_REPRESENTATION_CONTEXT(2) 
PARAMETRIC_REPRESENTATION_CONTEXT() REPRESENTATION_CONTEXT('2D SPACE',''
  ) );
#3881 = PCURVE('',#1274,#3882);
#3882 = DEFINITIONAL_REPRESENTATION('',(#3883),#3909);
#3883 = B_SPLINE_CURVE_WITH_KNOTS('',3,(#3884,#3885,#3886,#3887,#3888,
    #3889,#3890,#3891,#3892,#3893,#3894,#3895,#3896,#3897,#3898,#3899,
    #3900,#3901,#3902,#3903,#3904,#3905,#3906,#3907,#3908),
  .UNSPECIFIED.,.F.,.F.,(4,1,1,1,1,1,1,1,1,1,1,1,1,1,1,1,1,1,1,1,1,1,4),
  (2.844634619129E-09,5.679188559119E-03,1.13583742736E-02,
    1.703755998809E-02,2.271674570257E-02,2.839593141706E-02,
    3.407511713154E-02,3.975430284602E-02,4.543348856051E-02,
    5.111267427499E-02,5.679185998948E-02,6.247104570396E-02,
    6.815023141845E-02,7.382941713293E-02,7.950860284741E-02,
    8.51877885619E-02,9.086697427638E-02,9.654615999087E-02,
    0.102225345705,0.10790453142,0.113583717134,0.119262902849,
    0.124942088563),.UNSPECIFIED.);
#3884 = CARTESIAN_POINT('',(0.251189913002,3.350072117614E-09));
#3885 = CARTESIAN_POINT('',(0.249297398282,9.381238623289E-09));
#3886 = CARTESIAN_POINT('',(0.24551235119,1.538086048205E-08));
#3887 = CARTESIAN_POINT('',(0.239834729404,1.299222073635E-08));
#3888 = CARTESIAN_POINT('',(0.234157058278,2.602379088739E-09));
#3889 = CARTESIAN_POINT('',(0.228479339621,-4.556278067908E-10));
#3890 = CARTESIAN_POINT('',(0.222801575239,-7.798696336578E-10));
#3891 = CARTESIAN_POINT('',(0.217123766939,3.575106010424E-09));
#3892 = CARTESIAN_POINT('',(0.211445915867,5.59203705443E-09));
#3893 = CARTESIAN_POINT('',(0.205768023515,4.112409650924E-09));
#3894 = CARTESIAN_POINT('',(0.200090091297,1.195021240594E-09));
#3895 = CARTESIAN_POINT('',(0.194412120679,-2.672219075647E-10));
#3896 = CARTESIAN_POINT('',(0.188734112995,-1.261336103354E-10));
#3897 = CARTESIAN_POINT('',(0.18305607005,1.014733541593E-09));
#3898 = CARTESIAN_POINT('',(0.177377993464,1.336125945277E-09));
#3899 = CARTESIAN_POINT('',(0.171699884246,1.393947456062E-09));
#3900 = CARTESIAN_POINT('',(0.166021743573,1.130353117671E-09));
#3901 = CARTESIAN_POINT('',(0.160343572569,4.249487163661E-10));
#3902 = CARTESIAN_POINT('',(0.154665372394,-1.103429737618E-10));
#3903 = CARTESIAN_POINT('',(0.14898714405,1.64228476826E-11));
#3904 = CARTESIAN_POINT('',(0.143308888449,4.465158303142E-11));
#3905 = CARTESIAN_POINT('',(0.137630606523,4.431035118454E-10));
#3906 = CARTESIAN_POINT('',(0.131952299194,6.324931296982E-10));
#3907 = CARTESIAN_POINT('',(0.128166744659,3.339897151421E-10));
#3908 = CARTESIAN_POINT('',(0.126273963467,0.));
#3909 = ( GEOMETRIC_REPRESENTATION_CONTEXT(2) 
PARAMETRIC_REPRESENTATION_CONTEXT() REPRESENTATION_CONTEXT('2D SPACE',''
  ) );
#3910 = ADVANCED_FACE('',(#3911),#1274,.T.);
#3911 = FACE_BOUND('',#3912,.T.);
#3912 = EDGE_LOOP('',(#3913,#3914,#3915,#3916));
#3913 = ORIENTED_EDGE('',*,*,#1158,.F.);
#3914 = ORIENTED_EDGE('',*,*,#3839,.F.);
#3915 = ORIENTED_EDGE('',*,*,#2978,.F.);
#3916 = ORIENTED_EDGE('',*,*,#3917,.F.);
#3917 = EDGE_CURVE('',#1095,#2936,#3918,.T.);
#3918 = SURFACE_CURVE('',#3919,(#3929,#3958),.PCURVE_S1.);
#3919 = B_SPLINE_CURVE_WITH_KNOTS('',3,(#3920,#3921,#3922,#3923,#3924,
    #3925,#3926,#3927,#3928),.UNSPECIFIED.,.F.,.F.,(4,1,2,2,4),(0.,
    3.118235020003E-02,6.236470040005E-02,9.354705060008E-02,
    0.1247294008),.UNSPECIFIED.);
#3920 = CARTESIAN_POINT('',(152.49208535528,185.31187428958,
    -2.262394212381E-15));
#3921 = CARTESIAN_POINT('',(150.18058803806,181.78997572703,
    9.502151935927));
#3922 = CARTESIAN_POINT('',(145.55910034058,174.7427654974,
    28.505555618206));
#3923 = CARTESIAN_POINT('',(140.94123094707,167.68768074819,
    47.506916906458));
#3924 = CARTESIAN_POINT('',(136.32555805677,160.62803164417,
    66.507118410613));
#3925 = CARTESIAN_POINT('',(134.01881903804,157.09592618296,
    76.006637893967));
#3926 = CARTESIAN_POINT('',(129.40803698272,150.02640402691,
    95.004355469929));
#3927 = CARTESIAN_POINT('',(127.10399253487,146.48898857433,
    104.50255237086));
#3928 = CARTESIAN_POINT('',(124.80162261657,142.94847049275,114.));
#3929 = PCURVE('',#1274,#3930);
#3930 = DEFINITIONAL_REPRESENTATION('',(#3931),#3957);
#3931 = B_SPLINE_CURVE_WITH_KNOTS('',3,(#3932,#3933,#3934,#3935,#3936,
    #3937,#3938,#3939,#3940,#3941,#3942,#3943,#3944,#3945,#3946,#3947,
    #3948,#3949,#3950,#3951,#3952,#3953,#3954,#3955,#3956),
  .UNSPECIFIED.,.F.,.F.,(4,1,1,1,1,1,1,1,1,1,1,1,1,1,1,1,1,1,1,1,1,1,4),
  (0.,5.669518218187E-03,1.133903643637E-02,1.700855465456E-02,
    2.267807287275E-02,2.834759109093E-02,3.401710930912E-02,
    3.968662752731E-02,4.535614574549E-02,5.102566396368E-02,
    5.669518218187E-02,6.236470040005E-02,6.803421861824E-02,
    7.370373683643E-02,7.937325505461E-02,8.50427732728E-02,
    9.071229149098E-02,9.638180970917E-02,0.102051327927,0.107720846146,
    0.113390364364,0.119059882582,0.1247294008),.UNSPECIFIED.);
#3932 = CARTESIAN_POINT('',(0.127676561129,1.));
#3933 = CARTESIAN_POINT('',(0.12956646883,1.));
#3934 = CARTESIAN_POINT('',(0.133346286381,1.));
#3935 = CARTESIAN_POINT('',(0.139016019585,1.));
#3936 = CARTESIAN_POINT('',(0.144685760098,1.000000000001));
#3937 = CARTESIAN_POINT('',(0.150355508343,0.999999999997));
#3938 = CARTESIAN_POINT('',(0.156025264763,1.000000000013));
#3939 = CARTESIAN_POINT('',(0.161695029735,0.999999999953));
#3940 = CARTESIAN_POINT('',(0.167364803524,1.000000000175));
#3941 = CARTESIAN_POINT('',(0.173034586635,0.999999999346));
#3942 = CARTESIAN_POINT('',(0.178704379511,1.000000002441));
#3943 = CARTESIAN_POINT('',(0.184374182622,0.999999990889));
#3944 = CARTESIAN_POINT('',(0.190043996402,1.000000002441));
#3945 = CARTESIAN_POINT('',(0.195713821415,0.999999999346));
#3946 = CARTESIAN_POINT('',(0.201383658195,1.000000000175));
#3947 = CARTESIAN_POINT('',(0.207053507378,0.999999999953));
#3948 = CARTESIAN_POINT('',(0.212723369568,1.000000000013));
#3949 = CARTESIAN_POINT('',(0.218393245393,0.999999999997));
#3950 = CARTESIAN_POINT('',(0.224063135426,1.000000000001));
#3951 = CARTESIAN_POINT('',(0.229733040591,1.));
#3952 = CARTESIAN_POINT('',(0.235402961723,1.));
#3953 = CARTESIAN_POINT('',(0.24107289966,1.));
#3954 = CARTESIAN_POINT('',(0.24674285524,1.));
#3955 = CARTESIAN_POINT('',(0.250522837946,1.));
#3956 = CARTESIAN_POINT('',(0.252412832518,1.));
#3957 = ( GEOMETRIC_REPRESENTATION_CONTEXT(2) 
PARAMETRIC_REPRESENTATION_CONTEXT() REPRESENTATION_CONTEXT('2D SPACE',''
  ) );
#3958 = PCURVE('',#1112,#3959);
#3959 = DEFINITIONAL_REPRESENTATION('',(#3960),#3986);
#3960 = B_SPLINE_CURVE_WITH_KNOTS('',3,(#3961,#3962,#3963,#3964,#3965,
    #3966,#3967,#3968,#3969,#3970,#3971,#3972,#3973,#3974,#3975,#3976,
    #3977,#3978,#3979,#3980,#3981,#3982,#3983,#3984,#3985),
  .UNSPECIFIED.,.F.,.F.,(4,1,1,1,1,1,1,1,1,1,1,1,1,1,1,1,1,1,1,1,1,1,4),
  (0.,5.669518218187E-03,1.133903643637E-02,1.700855465456E-02,
    2.267807287275E-02,2.834759109093E-02,3.401710930912E-02,
    3.968662752731E-02,4.535614574549E-02,5.102566396368E-02,
    5.669518218187E-02,6.236470040005E-02,6.803421861824E-02,
    7.370373683643E-02,7.937325505461E-02,8.50427732728E-02,
    9.071229149098E-02,9.638180970917E-02,0.102051327927,0.107720846146,
    0.113390364364,0.119059882582,0.1247294008),.UNSPECIFIED.);
#3961 = CARTESIAN_POINT('',(0.957465057274,0.));
#3962 = CARTESIAN_POINT('',(0.957290375801,1.515494730035E-02));
#3963 = CARTESIAN_POINT('',(0.956936951506,4.546458104265E-02));
#3964 = CARTESIAN_POINT('',(0.956394192051,9.092822950757E-02));
#3965 = CARTESIAN_POINT('',(0.955838377476,0.13639105607));
#3966 = CARTESIAN_POINT('',(0.955269051694,0.181853041608));
#3967 = CARTESIAN_POINT('',(0.954685741302,0.227314167215));
#3968 = CARTESIAN_POINT('',(0.954087954345,0.272774415197));
#3969 = CARTESIAN_POINT('',(0.953475171386,0.318233764934));
#3970 = CARTESIAN_POINT('',(0.952846843838,0.363692192904));
#3971 = CARTESIAN_POINT('',(0.952202401206,0.409149676907));
#3972 = CARTESIAN_POINT('',(0.951541248033,0.454606195034));
#3973 = CARTESIAN_POINT('',(0.950862762766,0.500061726473));
#3974 = CARTESIAN_POINT('',(0.950166297327,0.545516249522));
#3975 = CARTESIAN_POINT('',(0.949451159675,0.590969736036));
#3976 = CARTESIAN_POINT('',(0.948716625591,0.636422160145));
#3977 = CARTESIAN_POINT('',(0.947961938249,0.681873496457));
#3978 = CARTESIAN_POINT('',(0.947186305252,0.727323720212));
#3979 = CARTESIAN_POINT('',(0.946388899547,0.772772808755));
#3980 = CARTESIAN_POINT('',(0.945568845133,0.81822073379));
#3981 = CARTESIAN_POINT('',(0.944725211143,0.863667464995));
#3982 = CARTESIAN_POINT('',(0.943857022948,0.909112973997));
#3983 = CARTESIAN_POINT('',(0.942963262889,0.954557233242));
#3984 = CARTESIAN_POINT('',(0.942349649716,0.984852555725));
#3985 = CARTESIAN_POINT('',(0.942038221883,1.));
#3986 = ( GEOMETRIC_REPRESENTATION_CONTEXT(2) 
PARAMETRIC_REPRESENTATION_CONTEXT() REPRESENTATION_CONTEXT('2D SPACE',''
  ) );
#3987 = ADVANCED_FACE('',(#3988),#658,.T.);
#3988 = FACE_BOUND('',#3989,.T.);
#3989 = EDGE_LOOP('',(#3990,#3991,#4062,#4063));
#3990 = ORIENTED_EDGE('',*,*,#636,.T.);
#3991 = ORIENTED_EDGE('',*,*,#3992,.T.);
#3992 = EDGE_CURVE('',#637,#2561,#3993,.T.);
#3993 = SURFACE_CURVE('',#3994,(#4004,#4033),.PCURVE_S1.);
#3994 = B_SPLINE_CURVE_WITH_KNOTS('',3,(#3995,#3996,#3997,#3998,#3999,
    #4000,#4001,#4002,#4003),.UNSPECIFIED.,.F.,.F.,(4,1,2,2,4),(0.,
    3.004639853158E-02,6.009279706315E-02,9.013919559473E-02,
    0.120185594126),.UNSPECIFIED.);
#3995 = CARTESIAN_POINT('',(146.17256965066,-154.9608178741,
    9.080064991945E-16));
#3996 = CARTESIAN_POINT('',(143.62920393159,-153.0735922126,
    9.501538797297));
#3997 = CARTESIAN_POINT('',(138.5417636043,-149.2970240241,
    28.504005548065));
#3998 = CARTESIAN_POINT('',(133.45265066593,-145.5155197618,
    47.505042696991));
#3999 = CARTESIAN_POINT('',(128.36254656377,-141.73111114,
    66.505236786106));
#4000 = CARTESIAN_POINT('',(125.81699931497,-139.8374557847,
    76.004911979245));
#4001 = CARTESIAN_POINT('',(120.72472637946,-136.0466966068,
    95.003258808323));
#4002 = CARTESIAN_POINT('',(118.17800109732,-134.1495943143,
    104.50193029129));
#4003 = CARTESIAN_POINT('',(115.63057259411,-132.2504229939,114.));
#4004 = PCURVE('',#658,#4005);
#4005 = DEFINITIONAL_REPRESENTATION('',(#4006),#4032);
#4006 = B_SPLINE_CURVE_WITH_KNOTS('',3,(#4007,#4008,#4009,#4010,#4011,
    #4012,#4013,#4014,#4015,#4016,#4017,#4018,#4019,#4020,#4021,#4022,
    #4023,#4024,#4025,#4026,#4027,#4028,#4029,#4030,#4031),
  .UNSPECIFIED.,.F.,.F.,(4,1,1,1,1,1,1,1,1,1,1,1,1,1,1,1,1,1,1,1,1,1,4),
  (0.,5.462981450892E-03,1.092596290178E-02,1.638894435268E-02,
    2.185192580357E-02,2.731490725446E-02,3.277788870535E-02,
    3.824087015624E-02,4.370385160714E-02,4.916683305803E-02,
    5.462981450892E-02,6.009279595981E-02,6.55557774107E-02,
    7.101875886159E-02,7.648174031249E-02,8.194472176338E-02,
    8.740770321427E-02,9.287068466516E-02,9.833366611605E-02,
    0.103796647567,0.109259629018,0.114722610469,0.12018559192),
  .UNSPECIFIED.);
#4007 = CARTESIAN_POINT('',(0.971905719203,0.));
#4008 = CARTESIAN_POINT('',(0.971818905082,1.515396905724E-02));
#4009 = CARTESIAN_POINT('',(0.971643646796,4.546172983172E-02));
#4010 = CARTESIAN_POINT('',(0.971375721987,9.092282302312E-02));
#4011 = CARTESIAN_POINT('',(0.971102614686,0.136383352476));
#4012 = CARTESIAN_POINT('',(0.970824172289,0.181843301785));
#4013 = CARTESIAN_POINT('',(0.970540236907,0.227302654075));
#4014 = CARTESIAN_POINT('',(0.970250644633,0.272761392045));
#4015 = CARTESIAN_POINT('',(0.969955224497,0.318219497419));
#4016 = CARTESIAN_POINT('',(0.969653798049,0.363676950896));
#4017 = CARTESIAN_POINT('',(0.969346179966,0.409133732689));
#4018 = CARTESIAN_POINT('',(0.969032177514,0.454589822312));
#4019 = CARTESIAN_POINT('',(0.968711590211,0.500045198846));
#4020 = CARTESIAN_POINT('',(0.968384209557,0.545499839933));
#4021 = CARTESIAN_POINT('',(0.968049816817,0.590953721463));
#4022 = CARTESIAN_POINT('',(0.967708184077,0.63640681933));
#4023 = CARTESIAN_POINT('',(0.967359073935,0.681859108449));
#4024 = CARTESIAN_POINT('',(0.967002238895,0.727310562899));
#4025 = CARTESIAN_POINT('',(0.966637421193,0.772761156149));
#4026 = CARTESIAN_POINT('',(0.966264350808,0.818210859036));
#4027 = CARTESIAN_POINT('',(0.965882744491,0.863659641817));
#4028 = CARTESIAN_POINT('',(0.965492306421,0.909107473719));
#4029 = CARTESIAN_POINT('',(0.965092728991,0.954554323011));
#4030 = CARTESIAN_POINT('',(0.964820033235,0.984851545288));
#4031 = CARTESIAN_POINT('',(0.964682054098,0.999999981643));
#4032 = ( GEOMETRIC_REPRESENTATION_CONTEXT(2) 
PARAMETRIC_REPRESENTATION_CONTEXT() REPRESENTATION_CONTEXT('2D SPACE',''
  ) );
#4033 = PCURVE('',#838,#4034);
#4034 = DEFINITIONAL_REPRESENTATION('',(#4035),#4061);
#4035 = B_SPLINE_CURVE_WITH_KNOTS('',3,(#4036,#4037,#4038,#4039,#4040,
    #4041,#4042,#4043,#4044,#4045,#4046,#4047,#4048,#4049,#4050,#4051,
    #4052,#4053,#4054,#4055,#4056,#4057,#4058,#4059,#4060),
  .UNSPECIFIED.,.F.,.F.,(4,1,1,1,1,1,1,1,1,1,1,1,1,1,1,1,1,1,1,1,1,1,4),
  (0.,5.462981450892E-03,1.092596290178E-02,1.638894435268E-02,
    2.185192580357E-02,2.731490725446E-02,3.277788870535E-02,
    3.824087015624E-02,4.370385160714E-02,4.916683305803E-02,
    5.462981450892E-02,6.009279595981E-02,6.55557774107E-02,
    7.101875886159E-02,7.648174031249E-02,8.194472176338E-02,
    8.740770321427E-02,9.287068466516E-02,9.833366611605E-02,
    0.103796647567,0.109259629018,0.114722610469,0.12018559192),
  .UNSPECIFIED.);
#4036 = CARTESIAN_POINT('',(0.1227369675,1.));
#4037 = CARTESIAN_POINT('',(0.124557830789,1.));
#4038 = CARTESIAN_POINT('',(0.128199553868,1.));
#4039 = CARTESIAN_POINT('',(0.133662127593,1.));
#4040 = CARTESIAN_POINT('',(0.139124690026,1.));
#4041 = CARTESIAN_POINT('',(0.144587240772,1.));
#4042 = CARTESIAN_POINT('',(0.150049779429,1.000000000001));
#4043 = CARTESIAN_POINT('',(0.155512305614,0.999999999995));
#4044 = CARTESIAN_POINT('',(0.160974818806,1.000000000017));
#4045 = CARTESIAN_POINT('',(0.166437318459,0.999999999937));
#4046 = CARTESIAN_POINT('',(0.171899804036,1.000000000236));
#4047 = CARTESIAN_POINT('',(0.177362274997,0.999999999119));
#4048 = CARTESIAN_POINT('',(0.182824730798,1.000000000236));
#4049 = CARTESIAN_POINT('',(0.188287170922,0.999999999937));
#4050 = CARTESIAN_POINT('',(0.193749594624,1.000000000016));
#4051 = CARTESIAN_POINT('',(0.199212001192,0.999999999997));
#4052 = CARTESIAN_POINT('',(0.204674389909,0.999999999994));
#4053 = CARTESIAN_POINT('',(0.210136760053,1.000000000026));
#4054 = CARTESIAN_POINT('',(0.215599110924,0.999999999902));
#4055 = CARTESIAN_POINT('',(0.221061441712,1.000000000026));
#4056 = CARTESIAN_POINT('',(0.226523751464,0.999999999993));
#4057 = CARTESIAN_POINT('',(0.231986039256,1.000000000002));
#4058 = CARTESIAN_POINT('',(0.237448304152,0.999999999999));
#4059 = CARTESIAN_POINT('',(0.241089798198,1.));
#4060 = CARTESIAN_POINT('',(0.242910541095,1.));
#4061 = ( GEOMETRIC_REPRESENTATION_CONTEXT(2) 
PARAMETRIC_REPRESENTATION_CONTEXT() REPRESENTATION_CONTEXT('2D SPACE',''
  ) );
#4062 = ORIENTED_EDGE('',*,*,#2560,.F.);
#4063 = ORIENTED_EDGE('',*,*,#1831,.T.);
#4064 = ADVANCED_FACE('',(#4065),#1112,.T.);
#4065 = FACE_BOUND('',#4066,.T.);
#4066 = EDGE_LOOP('',(#4067,#4068,#4069,#4070));
#4067 = ORIENTED_EDGE('',*,*,#1094,.T.);
#4068 = ORIENTED_EDGE('',*,*,#3917,.T.);
#4069 = ORIENTED_EDGE('',*,*,#2935,.F.);
#4070 = ORIENTED_EDGE('',*,*,#4071,.F.);
#4071 = EDGE_CURVE('',#1031,#2893,#4072,.T.);
#4072 = SURFACE_CURVE('',#4073,(#4078,#4107),.PCURVE_S1.);
#4073 = B_SPLINE_CURVE_WITH_KNOTS('',3,(#4074,#4075,#4076,#4077),
  .UNSPECIFIED.,.F.,.F.,(4,4),(0.,1.),.PIECEWISE_BEZIER_KNOTS.);
#4074 = CARTESIAN_POINT('',(157.5025,4.163336342344E-14,0.));
#4075 = CARTESIAN_POINT('',(148.66905673935,-2.22707234498E-03,38.));
#4076 = CARTESIAN_POINT('',(139.83561347871,-4.454144690002E-03,76.));
#4077 = CARTESIAN_POINT('',(131.00217021807,-6.681217035023E-03,114.));
#4078 = PCURVE('',#1112,#4079);
#4079 = DEFINITIONAL_REPRESENTATION('',(#4080),#4106);
#4080 = B_SPLINE_CURVE_WITH_KNOTS('',3,(#4081,#4082,#4083,#4084,#4085,
    #4086,#4087,#4088,#4089,#4090,#4091,#4092,#4093,#4094,#4095,#4096,
    #4097,#4098,#4099,#4100,#4101,#4102,#4103,#4104,#4105),
  .UNSPECIFIED.,.F.,.F.,(4,1,1,1,1,1,1,1,1,1,1,1,1,1,1,1,1,1,1,1,1,1,4),
  (0.,4.545454545455E-02,9.090909090909E-02,0.136363636364,
    0.181818181818,0.227272727273,0.272727272727,0.318181818182,
    0.363636363636,0.409090909091,0.454545454545,0.5,0.545454545455,
    0.590909090909,0.636363636364,0.681818181818,0.727272727273,
    0.772727272727,0.818181818182,0.863636363636,0.909090909091,
    0.954545454545,1.),.UNSPECIFIED.);
#4081 = CARTESIAN_POINT('',(0.,0.));
#4082 = CARTESIAN_POINT('',(0.,1.515151515152E-02));
#4083 = CARTESIAN_POINT('',(0.,4.545454545455E-02));
#4084 = CARTESIAN_POINT('',(0.,9.090909090909E-02));
#4085 = CARTESIAN_POINT('',(0.,0.136363636364));
#4086 = CARTESIAN_POINT('',(0.,0.181818181818));
#4087 = CARTESIAN_POINT('',(0.,0.227272727273));
#4088 = CARTESIAN_POINT('',(0.,0.272727272727));
#4089 = CARTESIAN_POINT('',(0.,0.318181818182));
#4090 = CARTESIAN_POINT('',(0.,0.363636363636));
#4091 = CARTESIAN_POINT('',(0.,0.409090909091));
#4092 = CARTESIAN_POINT('',(0.,0.454545454545));
#4093 = CARTESIAN_POINT('',(0.,0.5));
#4094 = CARTESIAN_POINT('',(0.,0.545454545455));
#4095 = CARTESIAN_POINT('',(0.,0.590909090909));
#4096 = CARTESIAN_POINT('',(0.,0.636363636364));
#4097 = CARTESIAN_POINT('',(0.,0.681818181818));
#4098 = CARTESIAN_POINT('',(0.,0.727272727273));
#4099 = CARTESIAN_POINT('',(0.,0.772727272727));
#4100 = CARTESIAN_POINT('',(0.,0.818181818182));
#4101 = CARTESIAN_POINT('',(0.,0.863636363636));
#4102 = CARTESIAN_POINT('',(0.,0.909090909091));
#4103 = CARTESIAN_POINT('',(0.,0.954545454545));
#4104 = CARTESIAN_POINT('',(-0.,0.984848484848));
#4105 = CARTESIAN_POINT('',(0.,1.));
#4106 = ( GEOMETRIC_REPRESENTATION_CONTEXT(2) 
PARAMETRIC_REPRESENTATION_CONTEXT() REPRESENTATION_CONTEXT('2D SPACE',''
  ) );
#4107 = PCURVE('',#1048,#4108);
#4108 = DEFINITIONAL_REPRESENTATION('',(#4109),#4135);
#4109 = B_SPLINE_CURVE_WITH_KNOTS('',3,(#4110,#4111,#4112,#4113,#4114,
    #4115,#4116,#4117,#4118,#4119,#4120,#4121,#4122,#4123,#4124,#4125,
    #4126,#4127,#4128,#4129,#4130,#4131,#4132,#4133,#4134),
  .UNSPECIFIED.,.F.,.F.,(4,1,1,1,1,1,1,1,1,1,1,1,1,1,1,1,1,1,1,1,1,1,4),
  (0.,4.545454545455E-02,9.090909090909E-02,0.136363636364,
    0.181818181818,0.227272727273,0.272727272727,0.318181818182,
    0.363636363636,0.409090909091,0.454545454545,0.5,0.545454545455,
    0.590909090909,0.636363636364,0.681818181818,0.727272727273,
    0.772727272727,0.818181818182,0.863636363636,0.909090909091,
    0.954545454545,1.),.UNSPECIFIED.);
#4110 = CARTESIAN_POINT('',(1.,0.));
#4111 = CARTESIAN_POINT('',(1.,1.515151515152E-02));
#4112 = CARTESIAN_POINT('',(1.,4.545454545455E-02));
#4113 = CARTESIAN_POINT('',(1.,9.090909090909E-02));
#4114 = CARTESIAN_POINT('',(1.,0.136363636364));
#4115 = CARTESIAN_POINT('',(1.,0.181818181818));
#4116 = CARTESIAN_POINT('',(1.,0.227272727273));
#4117 = CARTESIAN_POINT('',(1.,0.272727272727));
#4118 = CARTESIAN_POINT('',(1.,0.318181818182));
#4119 = CARTESIAN_POINT('',(1.,0.363636363636));
#4120 = CARTESIAN_POINT('',(1.,0.409090909091));
#4121 = CARTESIAN_POINT('',(1.,0.454545454545));
#4122 = CARTESIAN_POINT('',(1.,0.5));
#4123 = CARTESIAN_POINT('',(1.,0.545454545455));
#4124 = CARTESIAN_POINT('',(1.,0.590909090909));
#4125 = CARTESIAN_POINT('',(1.,0.636363636364));
#4126 = CARTESIAN_POINT('',(1.,0.681818181818));
#4127 = CARTESIAN_POINT('',(1.,0.727272727273));
#4128 = CARTESIAN_POINT('',(1.,0.772727272727));
#4129 = CARTESIAN_POINT('',(1.,0.818181818182));
#4130 = CARTESIAN_POINT('',(1.,0.863636363636));
#4131 = CARTESIAN_POINT('',(1.,0.909090909091));
#4132 = CARTESIAN_POINT('',(1.,0.954545454545));
#4133 = CARTESIAN_POINT('',(1.,0.984848484848));
#4134 = CARTESIAN_POINT('',(1.,1.));
#4135 = ( GEOMETRIC_REPRESENTATION_CONTEXT(2) 
PARAMETRIC_REPRESENTATION_CONTEXT() REPRESENTATION_CONTEXT('2D SPACE',''
  ) );
#4136 = ADVANCED_FACE('',(#4137),#838,.T.);
#4137 = FACE_BOUND('',#4138,.T.);
#4138 = EDGE_LOOP('',(#4139,#4140,#4210,#4211));
#4139 = ORIENTED_EDGE('',*,*,#712,.F.);
#4140 = ORIENTED_EDGE('',*,*,#4141,.F.);
#4141 = EDGE_CURVE('',#2610,#713,#4142,.T.);
#4142 = SURFACE_CURVE('',#4143,(#4152,#4181),.PCURVE_S1.);
#4143 = B_SPLINE_CURVE_WITH_KNOTS('',3,(#4144,#4145,#4146,#4147,#4148,
    #4149,#4150,#4151),.UNSPECIFIED.,.F.,.F.,(4,2,1,1,4),(0.,
    3.000794486582E-02,6.001588973164E-02,9.002383459746E-02,
    0.120031779463),.UNSPECIFIED.);
#4144 = CARTESIAN_POINT('',(124.84080321922,-123.0798906271,114.));
#4145 = CARTESIAN_POINT('',(127.34940819762,-124.950290406,
    104.49939578349));
#4146 = CARTESIAN_POINT('',(129.85923984432,-126.8198811553,
    94.998956407998));
#4147 = CARTESIAN_POINT('',(134.88102049417,-130.5577873296,
    75.998386030464));
#4148 = CARTESIAN_POINT('',(139.90491913961,-134.2944170345,
    56.99812428614));
#4149 = CARTESIAN_POINT('',(147.44630191021,-139.8963126944,
    28.498597030739));
#4150 = CARTESIAN_POINT('',(152.47712979943,-143.6292790304,
    9.499449171017));
#4151 = CARTESIAN_POINT('',(154.99325942961,-145.4954330634,0.));
#4152 = PCURVE('',#838,#4153);
#4153 = DEFINITIONAL_REPRESENTATION('',(#4154),#4180);
#4154 = B_SPLINE_CURVE_WITH_KNOTS('',3,(#4155,#4156,#4157,#4158,#4159,
    #4160,#4161,#4162,#4163,#4164,#4165,#4166,#4167,#4168,#4169,#4170,
    #4171,#4172,#4173,#4174,#4175,#4176,#4177,#4178,#4179),
  .UNSPECIFIED.,.F.,.F.,(4,1,1,1,1,1,1,1,1,1,1,1,1,1,1,1,1,1,1,1,1,1,4),
  (0.,5.455989975603E-03,1.091197995121E-02,1.636796992681E-02,
    2.182395990241E-02,2.727994987802E-02,3.273593985362E-02,
    3.819192982922E-02,4.364791980483E-02,4.910390978043E-02,
    5.455989975603E-02,6.001588973164E-02,6.547187970724E-02,
    7.092786968284E-02,7.638385965845E-02,8.183984963405E-02,
    8.729583960966E-02,9.275182958526E-02,9.820781956086E-02,
    0.103663809536,0.109119799512,0.114575789488,0.120031779463),
  .UNSPECIFIED.);
#4155 = CARTESIAN_POINT('',(0.242346269536,0.));
#4156 = CARTESIAN_POINT('',(0.240527453448,-1.526421115566E-16));
#4157 = CARTESIAN_POINT('',(0.236889825127,-3.028221819989E-11));
#4158 = CARTESIAN_POINT('',(0.231433393877,1.059862374148E-10));
#4159 = CARTESIAN_POINT('',(0.22597697352,-3.936644867449E-10));
#4160 = CARTESIAN_POINT('',(0.220520563719,1.468671365338E-09));
#4161 = CARTESIAN_POINT('',(0.215064164139,3.09540635422E-09));
#4162 = CARTESIAN_POINT('',(0.209607774431,-4.729739917578E-10));
#4163 = CARTESIAN_POINT('',(0.204151394173,-1.203510387188E-09));
#4164 = CARTESIAN_POINT('',(0.198695023127,5.287015196284E-09));
#4165 = CARTESIAN_POINT('',(0.193238661018,1.263670667653E-08));
#4166 = CARTESIAN_POINT('',(0.187782307578,1.849003702851E-08));
#4167 = CARTESIAN_POINT('',(0.182325962556,1.810841960067E-08));
#4168 = CARTESIAN_POINT('',(0.176869625618,1.470907984802E-08));
#4169 = CARTESIAN_POINT('',(0.171413296473,1.395999545444E-08));
#4170 = CARTESIAN_POINT('',(0.165956974921,1.352836812677E-08));
#4171 = CARTESIAN_POINT('',(0.160500660735,1.319267004605E-08));
#4172 = CARTESIAN_POINT('',(0.155044353699,1.23160950534E-08));
#4173 = CARTESIAN_POINT('',(0.149588053582,9.840247640281E-09));
#4174 = CARTESIAN_POINT('',(0.144131760234,5.506842215834E-09));
#4175 = CARTESIAN_POINT('',(0.138675473444,-3.56362582172E-10));
#4176 = CARTESIAN_POINT('',(0.133219192999,1.048888362632E-10));
#4177 = CARTESIAN_POINT('',(0.127762918686,-6.319276288101E-11));
#4178 = CARTESIAN_POINT('',(0.124125406423,7.752365972906E-11));
#4179 = CARTESIAN_POINT('',(0.122306651243,0.));
#4180 = ( GEOMETRIC_REPRESENTATION_CONTEXT(2) 
PARAMETRIC_REPRESENTATION_CONTEXT() REPRESENTATION_CONTEXT('2D SPACE',''
  ) );
#4181 = PCURVE('',#1048,#4182);
#4182 = DEFINITIONAL_REPRESENTATION('',(#4183),#4209);
#4183 = B_SPLINE_CURVE_WITH_KNOTS('',3,(#4184,#4185,#4186,#4187,#4188,
    #4189,#4190,#4191,#4192,#4193,#4194,#4195,#4196,#4197,#4198,#4199,
    #4200,#4201,#4202,#4203,#4204,#4205,#4206,#4207,#4208),
  .UNSPECIFIED.,.F.,.F.,(4,1,1,1,1,1,1,1,1,1,1,1,1,1,1,1,1,1,1,1,1,1,4),
  (0.,5.455989975603E-03,1.091197995121E-02,1.636796992681E-02,
    2.182395990241E-02,2.727994987802E-02,3.273593985362E-02,
    3.819192982922E-02,4.364791980483E-02,4.910390978043E-02,
    5.455989975603E-02,6.001588973164E-02,6.547187970724E-02,
    7.092786968284E-02,7.638385965845E-02,8.183984963405E-02,
    8.729583960966E-02,9.275182958526E-02,9.820781956086E-02,
    0.103663809536,0.109119799512,0.114575789488,0.120031779463),
  .UNSPECIFIED.);
#4184 = CARTESIAN_POINT('',(6.562103221616E-02,1.));
#4185 = CARTESIAN_POINT('',(6.544354496032E-02,0.984847521229));
#4186 = CARTESIAN_POINT('',(6.509169999574E-02,0.954542659543));
#4187 = CARTESIAN_POINT('',(6.457306981727E-02,0.909085650648));
#4188 = CARTESIAN_POINT('',(6.406332264203E-02,0.863628921253));
#4189 = CARTESIAN_POINT('',(6.356221432792E-02,0.818172467937));
#4190 = CARTESIAN_POINT('',(6.306950753687E-02,0.772716287637));
#4191 = CARTESIAN_POINT('',(6.258497045274E-02,0.727260378037));
#4192 = CARTESIAN_POINT('',(6.210838579761E-02,0.681804736031));
#4193 = CARTESIAN_POINT('',(6.163954819019E-02,0.636349357492));
#4194 = CARTESIAN_POINT('',(6.117825675321E-02,0.59089423898));
#4195 = CARTESIAN_POINT('',(6.072431662585E-02,0.545439377359));
#4196 = CARTESIAN_POINT('',(6.027753831056E-02,0.499984769877));
#4197 = CARTESIAN_POINT('',(5.983773763609E-02,0.45453041413));
#4198 = CARTESIAN_POINT('',(5.940474331782E-02,0.409076306249));
#4199 = CARTESIAN_POINT('',(5.897838876332E-02,0.363622442678));
#4200 = CARTESIAN_POINT('',(5.855851187355E-02,0.318168820176));
#4201 = CARTESIAN_POINT('',(5.81449551321E-02,0.272715435753));
#4202 = CARTESIAN_POINT('',(5.773756456113E-02,0.22726228686));
#4203 = CARTESIAN_POINT('',(5.733619365276E-02,0.181809370456));
#4204 = CARTESIAN_POINT('',(5.694070306111E-02,0.136356682984));
#4205 = CARTESIAN_POINT('',(5.655095650501E-02,9.090422130269E-02));
#4206 = CARTESIAN_POINT('',(5.616682113145E-02,4.545198244373E-02));
#4207 = CARTESIAN_POINT('',(5.591438621539E-02,1.515063665489E-02));
#4208 = CARTESIAN_POINT('',(5.578906100439E-02,0.));
#4209 = ( GEOMETRIC_REPRESENTATION_CONTEXT(2) 
PARAMETRIC_REPRESENTATION_CONTEXT() REPRESENTATION_CONTEXT('2D SPACE',''
  ) );
#4210 = ORIENTED_EDGE('',*,*,#2609,.F.);
#4211 = ORIENTED_EDGE('',*,*,#3992,.F.);
#4212 = ADVANCED_FACE('',(#4213),#1048,.T.);
#4213 = FACE_BOUND('',#4214,.T.);
#4214 = EDGE_LOOP('',(#4215,#4216,#4217,#4218));
#4215 = ORIENTED_EDGE('',*,*,#2892,.F.);
#4216 = ORIENTED_EDGE('',*,*,#4141,.T.);
#4217 = ORIENTED_EDGE('',*,*,#1030,.T.);
#4218 = ORIENTED_EDGE('',*,*,#4071,.T.);
#4219 = ADVANCED_FACE('',(#4220),#1815,.F.);
#4220 = FACE_BOUND('',#4221,.F.);
#4221 = EDGE_LOOP('',(#4222,#4223,#4246,#4277));
#4222 = ORIENTED_EDGE('',*,*,#1794,.F.);
#4223 = ORIENTED_EDGE('',*,*,#4224,.F.);
#4224 = EDGE_CURVE('',#4225,#1795,#4227,.T.);
#4225 = VERTEX_POINT('',#4226);
#4226 = CARTESIAN_POINT('',(-39.37599685084,20.332356451253,110.));
#4227 = SEAM_CURVE('',#4228,(#4232,#4239),.PCURVE_S1.);
#4228 = LINE('',#4229,#4230);
#4229 = CARTESIAN_POINT('',(-39.37599685084,20.332356451253,
    258.50382755725));
#4230 = VECTOR('',#4231,1.);
#4231 = DIRECTION('',(0.,0.,-1.));
#4232 = PCURVE('',#1815,#4233);
#4233 = DEFINITIONAL_REPRESENTATION('',(#4234),#4238);
#4234 = LINE('',#4235,#4236);
#4235 = CARTESIAN_POINT('',(0.,-0.));
#4236 = VECTOR('',#4237,1.);
#4237 = DIRECTION('',(0.,1.));
#4238 = ( GEOMETRIC_REPRESENTATION_CONTEXT(2) 
PARAMETRIC_REPRESENTATION_CONTEXT() REPRESENTATION_CONTEXT('2D SPACE',''
  ) );
#4239 = PCURVE('',#1815,#4240);
#4240 = DEFINITIONAL_REPRESENTATION('',(#4241),#4245);
#4241 = LINE('',#4242,#4243);
#4242 = CARTESIAN_POINT('',(6.28318530718,-0.));
#4243 = VECTOR('',#4244,1.);
#4244 = DIRECTION('',(0.,1.));
#4245 = ( GEOMETRIC_REPRESENTATION_CONTEXT(2) 
PARAMETRIC_REPRESENTATION_CONTEXT() REPRESENTATION_CONTEXT('2D SPACE',''
  ) );
#4246 = ORIENTED_EDGE('',*,*,#4247,.T.);
#4247 = EDGE_CURVE('',#4225,#4225,#4248,.T.);
#4248 = SURFACE_CURVE('',#4249,(#4254,#4261),.PCURVE_S1.);
#4249 = CIRCLE('',#4250,39.376);
#4250 = AXIS2_PLACEMENT_3D('',#4251,#4252,#4253);
#4251 = CARTESIAN_POINT('',(3.149154445696E-06,20.332356451253,110.));
#4252 = DIRECTION('',(0.,0.,-1.));
#4253 = DIRECTION('',(-1.,0.,0.));
#4254 = PCURVE('',#1815,#4255);
#4255 = DEFINITIONAL_REPRESENTATION('',(#4256),#4260);
#4256 = LINE('',#4257,#4258);
#4257 = CARTESIAN_POINT('',(0.,148.50382755725));
#4258 = VECTOR('',#4259,1.);
#4259 = DIRECTION('',(1.,0.));
#4260 = ( GEOMETRIC_REPRESENTATION_CONTEXT(2) 
PARAMETRIC_REPRESENTATION_CONTEXT() REPRESENTATION_CONTEXT('2D SPACE',''
  ) );
#4261 = PCURVE('',#4262,#4267);
#4262 = PLANE('',#4263);
#4263 = AXIS2_PLACEMENT_3D('',#4264,#4265,#4266);
#4264 = CARTESIAN_POINT('',(8.326672684689E-14,10.010851090373,110.));
#4265 = DIRECTION('',(0.,0.,1.));
#4266 = DIRECTION('',(1.,0.,0.));
#4267 = DEFINITIONAL_REPRESENTATION('',(#4268),#4276);
#4268 = ( BOUNDED_CURVE() B_SPLINE_CURVE(2,(#4269,#4270,#4271,#4272,
#4273,#4274,#4275),.UNSPECIFIED.,.T.,.F.) B_SPLINE_CURVE_WITH_KNOTS((1,2
    ,2,2,2,1),(-2.094395102393,0.,2.094395102393,4.188790204786,
6.28318530718,8.377580409573),.UNSPECIFIED.) CURVE() 
GEOMETRIC_REPRESENTATION_ITEM() RATIONAL_B_SPLINE_CURVE((1.,0.5,1.,0.5,
1.,0.5,1.)) REPRESENTATION_ITEM('') );
#4269 = CARTESIAN_POINT('',(-39.37599685084,10.32150536088));
#4270 = CARTESIAN_POINT('',(-39.37599685084,78.522737959712));
#4271 = CARTESIAN_POINT('',(19.688003149154,44.422121660296));
#4272 = CARTESIAN_POINT('',(78.752003149154,10.32150536088));
#4273 = CARTESIAN_POINT('',(19.688003149154,-23.77911093853));
#4274 = CARTESIAN_POINT('',(-39.37599685084,-57.87972723795));
#4275 = CARTESIAN_POINT('',(-39.37599685084,10.32150536088));
#4276 = ( GEOMETRIC_REPRESENTATION_CONTEXT(2) 
PARAMETRIC_REPRESENTATION_CONTEXT() REPRESENTATION_CONTEXT('2D SPACE',''
  ) );
#4277 = ORIENTED_EDGE('',*,*,#4224,.T.);
#4278 = ADVANCED_FACE('',(#4279),#3278,.F.);
#4279 = FACE_BOUND('',#4280,.F.);
#4280 = EDGE_LOOP('',(#4281,#4326,#4327,#4394));
#4281 = ORIENTED_EDGE('',*,*,#4282,.T.);
#4282 = EDGE_CURVE('',#4283,#3262,#4285,.T.);
#4283 = VERTEX_POINT('',#4284);
#4284 = CARTESIAN_POINT('',(-113.4678279632,150.39285692253,110.));
#4285 = SURFACE_CURVE('',#4286,(#4290,#4319),.PCURVE_S1.);
#4286 = LINE('',#4287,#4288);
#4287 = CARTESIAN_POINT('',(-113.4678279632,150.39285692253,110.));
#4288 = VECTOR('',#4289,1.);
#4289 = DIRECTION('',(0.,0.,1.));
#4290 = PCURVE('',#3278,#4291);
#4291 = DEFINITIONAL_REPRESENTATION('',(#4292),#4318);
#4292 = B_SPLINE_CURVE_WITH_KNOTS('',3,(#4293,#4294,#4295,#4296,#4297,
    #4298,#4299,#4300,#4301,#4302,#4303,#4304,#4305,#4306,#4307,#4308,
    #4309,#4310,#4311,#4312,#4313,#4314,#4315,#4316,#4317),
  .UNSPECIFIED.,.F.,.F.,(4,1,1,1,1,1,1,1,1,1,1,1,1,1,1,1,1,1,1,1,1,1,4),
  (0.,0.181818181818,0.363636363636,0.545454545455,0.727272727273,
    0.909090909091,1.090909090909,1.272727272727,1.454545454545,
    1.636363636364,1.818181818182,2.,2.181818181818,2.363636363636,
    2.545454545455,2.727272727273,2.909090909091,3.090909090909,
    3.272727272727,3.454545454545,3.636363636364,3.818181818182,4.),
  .UNSPECIFIED.);
#4293 = CARTESIAN_POINT('',(4.655624586977,0.));
#4294 = CARTESIAN_POINT('',(4.655624586977,-6.060606060607E-02));
#4295 = CARTESIAN_POINT('',(4.655624586977,-0.181818181818));
#4296 = CARTESIAN_POINT('',(4.655624586977,-0.363636363636));
#4297 = CARTESIAN_POINT('',(4.655624586977,-0.545454545455));
#4298 = CARTESIAN_POINT('',(4.655624586977,-0.727272727273));
#4299 = CARTESIAN_POINT('',(4.655624586977,-0.909090909091));
#4300 = CARTESIAN_POINT('',(4.655624586977,-1.090909090909));
#4301 = CARTESIAN_POINT('',(4.655624586977,-1.272727272727));
#4302 = CARTESIAN_POINT('',(4.655624586977,-1.454545454545));
#4303 = CARTESIAN_POINT('',(4.655624586977,-1.636363636364));
#4304 = CARTESIAN_POINT('',(4.655624586977,-1.818181818182));
#4305 = CARTESIAN_POINT('',(4.655624586977,-2.));
#4306 = CARTESIAN_POINT('',(4.655624586977,-2.181818181818));
#4307 = CARTESIAN_POINT('',(4.655624586977,-2.363636363636));
#4308 = CARTESIAN_POINT('',(4.655624586977,-2.545454545455));
#4309 = CARTESIAN_POINT('',(4.655624586977,-2.727272727273));
#4310 = CARTESIAN_POINT('',(4.655624586977,-2.909090909091));
#4311 = CARTESIAN_POINT('',(4.655624586977,-3.090909090909));
#4312 = CARTESIAN_POINT('',(4.655624586977,-3.272727272727));
#4313 = CARTESIAN_POINT('',(4.655624586977,-3.454545454545));
#4314 = CARTESIAN_POINT('',(4.655624586977,-3.636363636364));
#4315 = CARTESIAN_POINT('',(4.655624586977,-3.818181818182));
#4316 = CARTESIAN_POINT('',(4.655624586977,-3.939393939394));
#4317 = CARTESIAN_POINT('',(4.655624586977,-4.));
#4318 = ( GEOMETRIC_REPRESENTATION_CONTEXT(2) 
PARAMETRIC_REPRESENTATION_CONTEXT() REPRESENTATION_CONTEXT('2D SPACE',''
  ) );
#4319 = PCURVE('',#3643,#4320);
#4320 = DEFINITIONAL_REPRESENTATION('',(#4321),#4325);
#4321 = LINE('',#4322,#4323);
#4322 = CARTESIAN_POINT('',(4.655624586977,0.));
#4323 = VECTOR('',#4324,1.);
#4324 = DIRECTION('',(0.,-1.));
#4325 = ( GEOMETRIC_REPRESENTATION_CONTEXT(2) 
PARAMETRIC_REPRESENTATION_CONTEXT() REPRESENTATION_CONTEXT('2D SPACE',''
  ) );
#4326 = ORIENTED_EDGE('',*,*,#3259,.F.);
#4327 = ORIENTED_EDGE('',*,*,#4328,.F.);
#4328 = EDGE_CURVE('',#4329,#3260,#4331,.T.);
#4329 = VERTEX_POINT('',#4330);
#4330 = CARTESIAN_POINT('',(113.46782796328,150.39285692253,110.));
#4331 = SURFACE_CURVE('',#4332,(#4336,#4365),.PCURVE_S1.);
#4332 = LINE('',#4333,#4334);
#4333 = CARTESIAN_POINT('',(113.46782796328,150.39285692253,110.));
#4334 = VECTOR('',#4335,1.);
#4335 = DIRECTION('',(0.,0.,1.));
#4336 = PCURVE('',#3278,#4337);
#4337 = DEFINITIONAL_REPRESENTATION('',(#4338),#4364);
#4338 = B_SPLINE_CURVE_WITH_KNOTS('',3,(#4339,#4340,#4341,#4342,#4343,
    #4344,#4345,#4346,#4347,#4348,#4349,#4350,#4351,#4352,#4353,#4354,
    #4355,#4356,#4357,#4358,#4359,#4360,#4361,#4362,#4363),
  .UNSPECIFIED.,.F.,.F.,(4,1,1,1,1,1,1,1,1,1,1,1,1,1,1,1,1,1,1,1,1,1,4),
  (0.,0.181818181818,0.363636363636,0.545454545455,0.727272727273,
    0.909090909091,1.090909090909,1.272727272727,1.454545454545,
    1.636363636364,1.818181818182,2.,2.181818181818,2.363636363636,
    2.545454545455,2.727272727273,2.909090909091,3.090909090909,
    3.272727272727,3.454545454545,3.636363636364,3.818181818182,4.),
  .UNSPECIFIED.);
#4339 = CARTESIAN_POINT('',(4.769153373792,0.));
#4340 = CARTESIAN_POINT('',(4.769153373792,-6.060606060607E-02));
#4341 = CARTESIAN_POINT('',(4.769153373792,-0.181818181818));
#4342 = CARTESIAN_POINT('',(4.769153373792,-0.363636363636));
#4343 = CARTESIAN_POINT('',(4.769153373792,-0.545454545455));
#4344 = CARTESIAN_POINT('',(4.769153373792,-0.727272727273));
#4345 = CARTESIAN_POINT('',(4.769153373792,-0.909090909091));
#4346 = CARTESIAN_POINT('',(4.769153373792,-1.090909090909));
#4347 = CARTESIAN_POINT('',(4.769153373792,-1.272727272727));
#4348 = CARTESIAN_POINT('',(4.769153373792,-1.454545454545));
#4349 = CARTESIAN_POINT('',(4.769153373792,-1.636363636364));
#4350 = CARTESIAN_POINT('',(4.769153373792,-1.818181818182));
#4351 = CARTESIAN_POINT('',(4.769153373792,-2.));
#4352 = CARTESIAN_POINT('',(4.769153373792,-2.181818181818));
#4353 = CARTESIAN_POINT('',(4.769153373792,-2.363636363636));
#4354 = CARTESIAN_POINT('',(4.769153373792,-2.545454545455));
#4355 = CARTESIAN_POINT('',(4.769153373792,-2.727272727273));
#4356 = CARTESIAN_POINT('',(4.769153373792,-2.909090909091));
#4357 = CARTESIAN_POINT('',(4.769153373792,-3.090909090909));
#4358 = CARTESIAN_POINT('',(4.769153373792,-3.272727272727));
#4359 = CARTESIAN_POINT('',(4.769153373792,-3.454545454545));
#4360 = CARTESIAN_POINT('',(4.769153373792,-3.636363636364));
#4361 = CARTESIAN_POINT('',(4.769153373792,-3.818181818182));
#4362 = CARTESIAN_POINT('',(4.769153373792,-3.939393939394));
#4363 = CARTESIAN_POINT('',(4.769153373792,-4.));
#4364 = ( GEOMETRIC_REPRESENTATION_CONTEXT(2) 
PARAMETRIC_REPRESENTATION_CONTEXT() REPRESENTATION_CONTEXT('2D SPACE',''
  ) );
#4365 = PCURVE('',#3329,#4366);
#4366 = DEFINITIONAL_REPRESENTATION('',(#4367),#4393);
#4367 = B_SPLINE_CURVE_WITH_KNOTS('',3,(#4368,#4369,#4370,#4371,#4372,
    #4373,#4374,#4375,#4376,#4377,#4378,#4379,#4380,#4381,#4382,#4383,
    #4384,#4385,#4386,#4387,#4388,#4389,#4390,#4391,#4392),
  .UNSPECIFIED.,.F.,.F.,(4,1,1,1,1,1,1,1,1,1,1,1,1,1,1,1,1,1,1,1,1,1,4),
  (0.,0.181818181818,0.363636363636,0.545454545455,0.727272727273,
    0.909090909091,1.090909090909,1.272727272727,1.454545454545,
    1.636363636364,1.818181818182,2.,2.181818181818,2.363636363636,
    2.545454545455,2.727272727273,2.909090909091,3.090909090909,
    3.272727272727,3.454545454545,3.636363636364,3.818181818182,4.),
  .UNSPECIFIED.);
#4368 = CARTESIAN_POINT('',(4.769153373792,0.));
#4369 = CARTESIAN_POINT('',(4.769153373792,-6.060606060607E-02));
#4370 = CARTESIAN_POINT('',(4.769153373792,-0.181818181818));
#4371 = CARTESIAN_POINT('',(4.769153373792,-0.363636363636));
#4372 = CARTESIAN_POINT('',(4.769153373792,-0.545454545455));
#4373 = CARTESIAN_POINT('',(4.769153373792,-0.727272727273));
#4374 = CARTESIAN_POINT('',(4.769153373792,-0.909090909091));
#4375 = CARTESIAN_POINT('',(4.769153373792,-1.090909090909));
#4376 = CARTESIAN_POINT('',(4.769153373792,-1.272727272727));
#4377 = CARTESIAN_POINT('',(4.769153373792,-1.454545454545));
#4378 = CARTESIAN_POINT('',(4.769153373792,-1.636363636364));
#4379 = CARTESIAN_POINT('',(4.769153373792,-1.818181818182));
#4380 = CARTESIAN_POINT('',(4.769153373792,-2.));
#4381 = CARTESIAN_POINT('',(4.769153373792,-2.181818181818));
#4382 = CARTESIAN_POINT('',(4.769153373792,-2.363636363636));
#4383 = CARTESIAN_POINT('',(4.769153373792,-2.545454545455));
#4384 = CARTESIAN_POINT('',(4.769153373792,-2.727272727273));
#4385 = CARTESIAN_POINT('',(4.769153373792,-2.909090909091));
#4386 = CARTESIAN_POINT('',(4.769153373792,-3.090909090909));
#4387 = CARTESIAN_POINT('',(4.769153373792,-3.272727272727));
#4388 = CARTESIAN_POINT('',(4.769153373792,-3.454545454545));
#4389 = CARTESIAN_POINT('',(4.769153373792,-3.636363636364));
#4390 = CARTESIAN_POINT('',(4.769153373792,-3.818181818182));
#4391 = CARTESIAN_POINT('',(4.769153373792,-3.939393939394));
#4392 = CARTESIAN_POINT('',(4.769153373792,-4.));
#4393 = ( GEOMETRIC_REPRESENTATION_CONTEXT(2) 
PARAMETRIC_REPRESENTATION_CONTEXT() REPRESENTATION_CONTEXT('2D SPACE',''
  ) );
#4394 = ORIENTED_EDGE('',*,*,#4395,.T.);
#4395 = EDGE_CURVE('',#4329,#4283,#4396,.T.);
#4396 = SURFACE_CURVE('',#4397,(#4402,#4431),.PCURVE_S1.);
#4397 = CIRCLE('',#4398,2.E+03);
#4398 = AXIS2_PLACEMENT_3D('',#4399,#4400,#4401);
#4399 = CARTESIAN_POINT('',(2.498001805407E-13,-1.846385811838E+03,110.)
  );
#4400 = DIRECTION('',(0.,-0.,1.));
#4401 = DIRECTION('',(6.124999999994E-02,0.998122456165,0.));
#4402 = PCURVE('',#3278,#4403);
#4403 = DEFINITIONAL_REPRESENTATION('',(#4404),#4430);
#4404 = B_SPLINE_CURVE_WITH_KNOTS('',3,(#4405,#4406,#4407,#4408,#4409,
    #4410,#4411,#4412,#4413,#4414,#4415,#4416,#4417,#4418,#4419,#4420,
    #4421,#4422,#4423,#4424,#4425,#4426,#4427,#4428,#4429),
  .UNSPECIFIED.,.F.,.F.,(4,1,1,1,1,1,1,1,1,1,1,1,1,1,1,1,1,1,1,1,1,1,4),
  (4.523968591069E-03,9.684367991765E-03,1.484476739246E-02,
    2.000516679316E-02,2.516556619385E-02,3.032596559455E-02,
    3.548636499524E-02,4.064676439594E-02,4.580716379663E-02,
    5.096756319733E-02,5.612796259802E-02,6.128836199872E-02,
    6.644876139942E-02,7.160916080011E-02,7.676956020081E-02,
    8.19299596015E-02,8.70903590022E-02,9.225075840289E-02,
    9.741115780359E-02,0.102571557204,0.107731956605,0.112892356006,
    0.118052755406),.UNSPECIFIED.);
#4405 = CARTESIAN_POINT('',(4.769153373792,0.));
#4406 = CARTESIAN_POINT('',(4.767433240659,0.));
#4407 = CARTESIAN_POINT('',(4.763992974392,0.));
#4408 = CARTESIAN_POINT('',(4.758832574991,0.));
#4409 = CARTESIAN_POINT('',(4.75367217559,0.));
#4410 = CARTESIAN_POINT('',(4.74851177619,0.));
#4411 = CARTESIAN_POINT('',(4.743351376789,0.));
#4412 = CARTESIAN_POINT('',(4.738190977388,0.));
#4413 = CARTESIAN_POINT('',(4.733030577987,0.));
#4414 = CARTESIAN_POINT('',(4.727870178587,0.));
#4415 = CARTESIAN_POINT('',(4.722709779186,0.));
#4416 = CARTESIAN_POINT('',(4.717549379785,0.));
#4417 = CARTESIAN_POINT('',(4.712388980385,0.));
#4418 = CARTESIAN_POINT('',(4.707228580984,0.));
#4419 = CARTESIAN_POINT('',(4.702068181583,0.));
#4420 = CARTESIAN_POINT('',(4.696907782183,0.));
#4421 = CARTESIAN_POINT('',(4.691747382782,0.));
#4422 = CARTESIAN_POINT('',(4.686586983381,0.));
#4423 = CARTESIAN_POINT('',(4.681426583981,0.));
#4424 = CARTESIAN_POINT('',(4.67626618458,0.));
#4425 = CARTESIAN_POINT('',(4.671105785179,0.));
#4426 = CARTESIAN_POINT('',(4.665945385778,0.));
#4427 = CARTESIAN_POINT('',(4.660784986378,0.));
#4428 = CARTESIAN_POINT('',(4.657344720111,0.));
#4429 = CARTESIAN_POINT('',(4.655624586977,0.));
#4430 = ( GEOMETRIC_REPRESENTATION_CONTEXT(2) 
PARAMETRIC_REPRESENTATION_CONTEXT() REPRESENTATION_CONTEXT('2D SPACE',''
  ) );
#4431 = PCURVE('',#4262,#4432);
#4432 = DEFINITIONAL_REPRESENTATION('',(#4433),#4437);
#4433 = CIRCLE('',#4434,2.E+03);
#4434 = AXIS2_PLACEMENT_2D('',#4435,#4436);
#4435 = CARTESIAN_POINT('',(1.665334536938E-13,-1.856396662928E+03));
#4436 = DIRECTION('',(6.124999999994E-02,0.998122456165));
#4437 = ( GEOMETRIC_REPRESENTATION_CONTEXT(2) 
PARAMETRIC_REPRESENTATION_CONTEXT() REPRESENTATION_CONTEXT('2D SPACE',''
  ) );
#4438 = ADVANCED_FACE('',(#4439),#3329,.F.);
#4439 = FACE_BOUND('',#4440,.F.);
#4440 = EDGE_LOOP('',(#4441,#4442,#4443,#4488));
#4441 = ORIENTED_EDGE('',*,*,#4328,.T.);
#4442 = ORIENTED_EDGE('',*,*,#3312,.F.);
#4443 = ORIENTED_EDGE('',*,*,#4444,.F.);
#4444 = EDGE_CURVE('',#4445,#3313,#4447,.T.);
#4445 = VERTEX_POINT('',#4446);
#4446 = CARTESIAN_POINT('',(122.89109552287,140.84229691206,110.));
#4447 = SURFACE_CURVE('',#4448,(#4452,#4481),.PCURVE_S1.);
#4448 = LINE('',#4449,#4450);
#4449 = CARTESIAN_POINT('',(122.89109552287,140.84229691206,110.));
#4450 = VECTOR('',#4451,1.);
#4451 = DIRECTION('',(0.,0.,1.));
#4452 = PCURVE('',#3329,#4453);
#4453 = DEFINITIONAL_REPRESENTATION('',(#4454),#4480);
#4454 = B_SPLINE_CURVE_WITH_KNOTS('',3,(#4455,#4456,#4457,#4458,#4459,
    #4460,#4461,#4462,#4463,#4464,#4465,#4466,#4467,#4468,#4469,#4470,
    #4471,#4472,#4473,#4474,#4475,#4476,#4477,#4478,#4479),
  .UNSPECIFIED.,.F.,.F.,(4,1,1,1,1,1,1,1,1,1,1,1,1,1,1,1,1,1,1,1,1,1,4),
  (0.,0.181818181818,0.363636363636,0.545454545455,0.727272727273,
    0.909090909091,1.090909090909,1.272727272727,1.454545454545,
    1.636363636364,1.818181818182,2.,2.181818181818,2.363636363636,
    2.545454545455,2.727272727273,2.909090909091,3.090909090909,
    3.272727272727,3.454545454545,3.636363636364,3.818181818182,4.),
  .UNSPECIFIED.);
#4455 = CARTESIAN_POINT('',(6.239838400645,0.));
#4456 = CARTESIAN_POINT('',(6.239838400645,-6.060606060607E-02));
#4457 = CARTESIAN_POINT('',(6.239838400645,-0.181818181818));
#4458 = CARTESIAN_POINT('',(6.239838400645,-0.363636363636));
#4459 = CARTESIAN_POINT('',(6.239838400645,-0.545454545455));
#4460 = CARTESIAN_POINT('',(6.239838400645,-0.727272727273));
#4461 = CARTESIAN_POINT('',(6.239838400645,-0.909090909091));
#4462 = CARTESIAN_POINT('',(6.239838400645,-1.090909090909));
#4463 = CARTESIAN_POINT('',(6.239838400645,-1.272727272727));
#4464 = CARTESIAN_POINT('',(6.239838400645,-1.454545454545));
#4465 = CARTESIAN_POINT('',(6.239838400645,-1.636363636364));
#4466 = CARTESIAN_POINT('',(6.239838400645,-1.818181818182));
#4467 = CARTESIAN_POINT('',(6.239838400645,-2.));
#4468 = CARTESIAN_POINT('',(6.239838400645,-2.181818181818));
#4469 = CARTESIAN_POINT('',(6.239838400645,-2.363636363636));
#4470 = CARTESIAN_POINT('',(6.239838400645,-2.545454545455));
#4471 = CARTESIAN_POINT('',(6.239838400645,-2.727272727273));
#4472 = CARTESIAN_POINT('',(6.239838400645,-2.909090909091));
#4473 = CARTESIAN_POINT('',(6.239838400645,-3.090909090909));
#4474 = CARTESIAN_POINT('',(6.239838400645,-3.272727272727));
#4475 = CARTESIAN_POINT('',(6.239838400645,-3.454545454545));
#4476 = CARTESIAN_POINT('',(6.239838400645,-3.636363636364));
#4477 = CARTESIAN_POINT('',(6.239838400645,-3.818181818182));
#4478 = CARTESIAN_POINT('',(6.239838400645,-3.939393939394));
#4479 = CARTESIAN_POINT('',(6.239838400645,-4.));
#4480 = ( GEOMETRIC_REPRESENTATION_CONTEXT(2) 
PARAMETRIC_REPRESENTATION_CONTEXT() REPRESENTATION_CONTEXT('2D SPACE',''
  ) );
#4481 = PCURVE('',#3379,#4482);
#4482 = DEFINITIONAL_REPRESENTATION('',(#4483),#4487);
#4483 = LINE('',#4484,#4485);
#4484 = CARTESIAN_POINT('',(-67.1698494761,0.));
#4485 = VECTOR('',#4486,1.);
#4486 = DIRECTION('',(0.,1.));
#4487 = ( GEOMETRIC_REPRESENTATION_CONTEXT(2) 
PARAMETRIC_REPRESENTATION_CONTEXT() REPRESENTATION_CONTEXT('2D SPACE',''
  ) );
#4488 = ORIENTED_EDGE('',*,*,#4489,.T.);
#4489 = EDGE_CURVE('',#4445,#4329,#4490,.T.);
#4490 = SURFACE_CURVE('',#4491,(#4496,#4525),.PCURVE_S1.);
#4491 = CIRCLE('',#4492,10.);
#4492 = AXIS2_PLACEMENT_3D('',#4493,#4494,#4495);
#4493 = CARTESIAN_POINT('',(112.90048882346,140.40896357873,110.));
#4494 = DIRECTION('',(0.,0.,1.));
#4495 = DIRECTION('',(1.,0.,0.));
#4496 = PCURVE('',#3329,#4497);
#4497 = DEFINITIONAL_REPRESENTATION('',(#4498),#4524);
#4498 = B_SPLINE_CURVE_WITH_KNOTS('',3,(#4499,#4500,#4501,#4502,#4503,
    #4504,#4505,#4506,#4507,#4508,#4509,#4510,#4511,#4512,#4513,#4514,
    #4515,#4516,#4517,#4518,#4519,#4520,#4521,#4522,#4523),
  .UNSPECIFIED.,.F.,.F.,(4,1,1,1,1,1,1,1,1,1,1,1,1,1,1,1,1,1,1,1,1,1,4),
  (4.334690653418E-02,0.110196225937,0.177045545339,0.243894864741,
    0.310744184144,0.377593503546,0.444442822949,0.511292142351,
    0.578141461753,0.644990781156,0.711840100558,0.778689419961,
    0.845538739363,0.912388058766,0.979237378168,1.04608669757,
    1.112936016973,1.179785336375,1.246634655778,1.31348397518,
    1.380333294582,1.447182613985,1.514031933387),.UNSPECIFIED.);
#4499 = CARTESIAN_POINT('',(6.239838400645,0.));
#4500 = CARTESIAN_POINT('',(6.217555294178,0.));
#4501 = CARTESIAN_POINT('',(6.172989081243,0.));
#4502 = CARTESIAN_POINT('',(6.106139761841,0.));
#4503 = CARTESIAN_POINT('',(6.039290442438,0.));
#4504 = CARTESIAN_POINT('',(5.972441123036,0.));
#4505 = CARTESIAN_POINT('',(5.905591803633,0.));
#4506 = CARTESIAN_POINT('',(5.838742484231,0.));
#4507 = CARTESIAN_POINT('',(5.771893164829,0.));
#4508 = CARTESIAN_POINT('',(5.705043845426,0.));
#4509 = CARTESIAN_POINT('',(5.638194526024,0.));
#4510 = CARTESIAN_POINT('',(5.571345206621,0.));
#4511 = CARTESIAN_POINT('',(5.504495887219,0.));
#4512 = CARTESIAN_POINT('',(5.437646567816,0.));
#4513 = CARTESIAN_POINT('',(5.370797248414,0.));
#4514 = CARTESIAN_POINT('',(5.303947929012,0.));
#4515 = CARTESIAN_POINT('',(5.237098609609,0.));
#4516 = CARTESIAN_POINT('',(5.170249290207,0.));
#4517 = CARTESIAN_POINT('',(5.103399970804,0.));
#4518 = CARTESIAN_POINT('',(5.036550651402,0.));
#4519 = CARTESIAN_POINT('',(4.969701332,0.));
#4520 = CARTESIAN_POINT('',(4.902852012597,0.));
#4521 = CARTESIAN_POINT('',(4.836002693195,0.));
#4522 = CARTESIAN_POINT('',(4.79143648026,0.));
#4523 = CARTESIAN_POINT('',(4.769153373792,0.));
#4524 = ( GEOMETRIC_REPRESENTATION_CONTEXT(2) 
PARAMETRIC_REPRESENTATION_CONTEXT() REPRESENTATION_CONTEXT('2D SPACE',''
  ) );
#4525 = PCURVE('',#4262,#4526);
#4526 = DEFINITIONAL_REPRESENTATION('',(#4527),#4531);
#4527 = CIRCLE('',#4528,10.);
#4528 = AXIS2_PLACEMENT_2D('',#4529,#4530);
#4529 = CARTESIAN_POINT('',(112.90048882346,130.39811248835));
#4530 = DIRECTION('',(1.,0.));
#4531 = ( GEOMETRIC_REPRESENTATION_CONTEXT(2) 
PARAMETRIC_REPRESENTATION_CONTEXT() REPRESENTATION_CONTEXT('2D SPACE',''
  ) );
#4532 = ADVANCED_FACE('',(#4533),#3379,.T.);
#4533 = FACE_BOUND('',#4534,.T.);
#4534 = EDGE_LOOP('',(#4535,#4536,#4537,#4560));
#4535 = ORIENTED_EDGE('',*,*,#3363,.F.);
#4536 = ORIENTED_EDGE('',*,*,#4444,.F.);
#4537 = ORIENTED_EDGE('',*,*,#4538,.T.);
#4538 = EDGE_CURVE('',#4445,#4539,#4541,.T.);
#4539 = VERTEX_POINT('',#4540);
#4540 = CARTESIAN_POINT('',(129.,-1.52655665886E-13,110.));
#4541 = SURFACE_CURVE('',#4542,(#4546,#4553),.PCURVE_S1.);
#4542 = LINE('',#4543,#4544);
#4543 = CARTESIAN_POINT('',(125.80178900017,73.735542094647,110.));
#4544 = VECTOR('',#4545,1.);
#4545 = DIRECTION('',(4.333333333329E-02,-0.999060669941,0.));
#4546 = PCURVE('',#3379,#4547);
#4547 = DEFINITIONAL_REPRESENTATION('',(#4548),#4552);
#4548 = LINE('',#4549,#4550);
#4549 = CARTESIAN_POINT('',(0.,0.));
#4550 = VECTOR('',#4551,1.);
#4551 = DIRECTION('',(1.,0.));
#4552 = ( GEOMETRIC_REPRESENTATION_CONTEXT(2) 
PARAMETRIC_REPRESENTATION_CONTEXT() REPRESENTATION_CONTEXT('2D SPACE',''
  ) );
#4553 = PCURVE('',#4262,#4554);
#4554 = DEFINITIONAL_REPRESENTATION('',(#4555),#4559);
#4555 = LINE('',#4556,#4557);
#4556 = CARTESIAN_POINT('',(125.80178900017,63.724691004274));
#4557 = VECTOR('',#4558,1.);
#4558 = DIRECTION('',(4.333333333329E-02,-0.999060669941));
#4559 = ( GEOMETRIC_REPRESENTATION_CONTEXT(2) 
PARAMETRIC_REPRESENTATION_CONTEXT() REPRESENTATION_CONTEXT('2D SPACE',''
  ) );
#4560 = ORIENTED_EDGE('',*,*,#4561,.T.);
#4561 = EDGE_CURVE('',#4539,#3364,#4562,.T.);
#4562 = SURFACE_CURVE('',#4563,(#4567,#4574),.PCURVE_S1.);
#4563 = LINE('',#4564,#4565);
#4564 = CARTESIAN_POINT('',(129.,-1.52655665886E-13,110.));
#4565 = VECTOR('',#4566,1.);
#4566 = DIRECTION('',(0.,0.,1.));
#4567 = PCURVE('',#3379,#4568);
#4568 = DEFINITIONAL_REPRESENTATION('',(#4569),#4573);
#4569 = LINE('',#4570,#4571);
#4570 = CARTESIAN_POINT('',(73.80486922684,0.));
#4571 = VECTOR('',#4572,1.);
#4572 = DIRECTION('',(0.,1.));
#4573 = ( GEOMETRIC_REPRESENTATION_CONTEXT(2) 
PARAMETRIC_REPRESENTATION_CONTEXT() REPRESENTATION_CONTEXT('2D SPACE',''
  ) );
#4574 = PCURVE('',#3407,#4575);
#4575 = DEFINITIONAL_REPRESENTATION('',(#4576),#4580);
#4576 = LINE('',#4577,#4578);
#4577 = CARTESIAN_POINT('',(-56.18371142403,0.));
#4578 = VECTOR('',#4579,1.);
#4579 = DIRECTION('',(0.,1.));
#4580 = ( GEOMETRIC_REPRESENTATION_CONTEXT(2) 
PARAMETRIC_REPRESENTATION_CONTEXT() REPRESENTATION_CONTEXT('2D SPACE',''
  ) );
#4581 = ADVANCED_FACE('',(#4582),#3407,.T.);
#4582 = FACE_BOUND('',#4583,.T.);
#4583 = EDGE_LOOP('',(#4584,#4607,#4628,#4629));
#4584 = ORIENTED_EDGE('',*,*,#4585,.T.);
#4585 = EDGE_CURVE('',#4539,#4586,#4588,.T.);
#4586 = VERTEX_POINT('',#4587);
#4587 = CARTESIAN_POINT('',(122.94823874917,-120.8838363081,110.));
#4588 = SURFACE_CURVE('',#4589,(#4593,#4600),.PCURVE_S1.);
#4589 = LINE('',#4590,#4591);
#4590 = CARTESIAN_POINT('',(126.19081442879,-56.11343783628,110.));
#4591 = VECTOR('',#4592,1.);
#4592 = DIRECTION('',(-5.E-02,-0.998749217772,0.));
#4593 = PCURVE('',#3407,#4594);
#4594 = DEFINITIONAL_REPRESENTATION('',(#4595),#4599);
#4595 = LINE('',#4596,#4597);
#4596 = CARTESIAN_POINT('',(0.,0.));
#4597 = VECTOR('',#4598,1.);
#4598 = DIRECTION('',(1.,0.));
#4599 = ( GEOMETRIC_REPRESENTATION_CONTEXT(2) 
PARAMETRIC_REPRESENTATION_CONTEXT() REPRESENTATION_CONTEXT('2D SPACE',''
  ) );
#4600 = PCURVE('',#4262,#4601);
#4601 = DEFINITIONAL_REPRESENTATION('',(#4602),#4606);
#4602 = LINE('',#4603,#4604);
#4603 = CARTESIAN_POINT('',(126.19081442879,-66.12428892665));
#4604 = VECTOR('',#4605,1.);
#4605 = DIRECTION('',(-5.E-02,-0.998749217772));
#4606 = ( GEOMETRIC_REPRESENTATION_CONTEXT(2) 
PARAMETRIC_REPRESENTATION_CONTEXT() REPRESENTATION_CONTEXT('2D SPACE',''
  ) );
#4607 = ORIENTED_EDGE('',*,*,#4608,.T.);
#4608 = EDGE_CURVE('',#4586,#3392,#4609,.T.);
#4609 = SURFACE_CURVE('',#4610,(#4614,#4621),.PCURVE_S1.);
#4610 = LINE('',#4611,#4612);
#4611 = CARTESIAN_POINT('',(122.94823874917,-120.8838363081,110.));
#4612 = VECTOR('',#4613,1.);
#4613 = DIRECTION('',(0.,0.,1.));
#4614 = PCURVE('',#3407,#4615);
#4615 = DEFINITIONAL_REPRESENTATION('',(#4616),#4620);
#4616 = LINE('',#4617,#4618);
#4617 = CARTESIAN_POINT('',(64.851513592486,0.));
#4618 = VECTOR('',#4619,1.);
#4619 = DIRECTION('',(0.,1.));
#4620 = ( GEOMETRIC_REPRESENTATION_CONTEXT(2) 
PARAMETRIC_REPRESENTATION_CONTEXT() REPRESENTATION_CONTEXT('2D SPACE',''
  ) );
#4621 = PCURVE('',#3436,#4622);
#4622 = DEFINITIONAL_REPRESENTATION('',(#4623),#4627);
#4623 = LINE('',#4624,#4625);
#4624 = CARTESIAN_POINT('',(5.002085680577E-02,0.));
#4625 = VECTOR('',#4626,1.);
#4626 = DIRECTION('',(0.,-1.));
#4627 = ( GEOMETRIC_REPRESENTATION_CONTEXT(2) 
PARAMETRIC_REPRESENTATION_CONTEXT() REPRESENTATION_CONTEXT('2D SPACE',''
  ) );
#4628 = ORIENTED_EDGE('',*,*,#3391,.F.);
#4629 = ORIENTED_EDGE('',*,*,#4561,.F.);
#4630 = ADVANCED_FACE('',(#4631),#3436,.F.);
#4631 = FACE_BOUND('',#4632,.F.);
#4632 = EDGE_LOOP('',(#4633,#4634,#4635,#4680));
#4633 = ORIENTED_EDGE('',*,*,#4608,.T.);
#4634 = ORIENTED_EDGE('',*,*,#3419,.F.);
#4635 = ORIENTED_EDGE('',*,*,#4636,.F.);
#4636 = EDGE_CURVE('',#4637,#3420,#4639,.T.);
#4637 = VERTEX_POINT('',#4638);
#4638 = CARTESIAN_POINT('',(113.52838851402,-130.3677124404,110.));
#4639 = SURFACE_CURVE('',#4640,(#4644,#4651),.PCURVE_S1.);
#4640 = LINE('',#4641,#4642);
#4641 = CARTESIAN_POINT('',(113.52838851402,-130.3677124404,110.));
#4642 = VECTOR('',#4643,1.);
#4643 = DIRECTION('',(0.,0.,1.));
#4644 = PCURVE('',#3436,#4645);
#4645 = DEFINITIONAL_REPRESENTATION('',(#4646),#4650);
#4646 = LINE('',#4647,#4648);
#4647 = CARTESIAN_POINT('',(1.514001604236,0.));
#4648 = VECTOR('',#4649,1.);
#4649 = DIRECTION('',(0.,-1.));
#4650 = ( GEOMETRIC_REPRESENTATION_CONTEXT(2) 
PARAMETRIC_REPRESENTATION_CONTEXT() REPRESENTATION_CONTEXT('2D SPACE',''
  ) );
#4651 = PCURVE('',#3487,#4652);
#4652 = DEFINITIONAL_REPRESENTATION('',(#4653),#4679);
#4653 = B_SPLINE_CURVE_WITH_KNOTS('',3,(#4654,#4655,#4656,#4657,#4658,
    #4659,#4660,#4661,#4662,#4663,#4664,#4665,#4666,#4667,#4668,#4669,
    #4670,#4671,#4672,#4673,#4674,#4675,#4676,#4677,#4678),
  .UNSPECIFIED.,.F.,.F.,(4,1,1,1,1,1,1,1,1,1,1,1,1,1,1,1,1,1,1,1,1,1,4),
  (0.,0.181818181818,0.363636363636,0.545454545455,0.727272727273,
    0.909090909091,1.090909090909,1.272727272727,1.454545454545,
    1.636363636364,1.818181818182,2.,2.181818181818,2.363636363636,
    2.545454545455,2.727272727273,2.909090909091,3.090909090909,
    3.272727272727,3.454545454545,3.636363636364,3.818181818182,4.),
  .UNSPECIFIED.);
#4654 = CARTESIAN_POINT('',(1.514001604236,0.));
#4655 = CARTESIAN_POINT('',(1.514001604236,-6.060606060607E-02));
#4656 = CARTESIAN_POINT('',(1.514001604236,-0.181818181818));
#4657 = CARTESIAN_POINT('',(1.514001604236,-0.363636363636));
#4658 = CARTESIAN_POINT('',(1.514001604236,-0.545454545455));
#4659 = CARTESIAN_POINT('',(1.514001604236,-0.727272727273));
#4660 = CARTESIAN_POINT('',(1.514001604236,-0.909090909091));
#4661 = CARTESIAN_POINT('',(1.514001604236,-1.090909090909));
#4662 = CARTESIAN_POINT('',(1.514001604236,-1.272727272727));
#4663 = CARTESIAN_POINT('',(1.514001604236,-1.454545454545));
#4664 = CARTESIAN_POINT('',(1.514001604236,-1.636363636364));
#4665 = CARTESIAN_POINT('',(1.514001604236,-1.818181818182));
#4666 = CARTESIAN_POINT('',(1.514001604236,-2.));
#4667 = CARTESIAN_POINT('',(1.514001604236,-2.181818181818));
#4668 = CARTESIAN_POINT('',(1.514001604236,-2.363636363636));
#4669 = CARTESIAN_POINT('',(1.514001604236,-2.545454545455));
#4670 = CARTESIAN_POINT('',(1.514001604236,-2.727272727273));
#4671 = CARTESIAN_POINT('',(1.514001604236,-2.909090909091));
#4672 = CARTESIAN_POINT('',(1.514001604236,-3.090909090909));
#4673 = CARTESIAN_POINT('',(1.514001604236,-3.272727272727));
#4674 = CARTESIAN_POINT('',(1.514001604236,-3.454545454545));
#4675 = CARTESIAN_POINT('',(1.514001604236,-3.636363636364));
#4676 = CARTESIAN_POINT('',(1.514001604236,-3.818181818182));
#4677 = CARTESIAN_POINT('',(1.514001604236,-3.939393939394));
#4678 = CARTESIAN_POINT('',(1.514001604236,-4.));
#4679 = ( GEOMETRIC_REPRESENTATION_CONTEXT(2) 
PARAMETRIC_REPRESENTATION_CONTEXT() REPRESENTATION_CONTEXT('2D SPACE',''
  ) );
#4680 = ORIENTED_EDGE('',*,*,#4681,.T.);
#4681 = EDGE_CURVE('',#4637,#4586,#4682,.T.);
#4682 = SURFACE_CURVE('',#4683,(#4688,#4717),.PCURVE_S1.);
#4683 = CIRCLE('',#4684,10.);
#4684 = AXIS2_PLACEMENT_3D('',#4685,#4686,#4687);
#4685 = CARTESIAN_POINT('',(112.96074657145,-120.3838363081,110.));
#4686 = DIRECTION('',(0.,0.,1.));
#4687 = DIRECTION('',(1.,0.,0.));
#4688 = PCURVE('',#3436,#4689);
#4689 = DEFINITIONAL_REPRESENTATION('',(#4690),#4716);
#4690 = B_SPLINE_CURVE_WITH_KNOTS('',3,(#4691,#4692,#4693,#4694,#4695,
    #4696,#4697,#4698,#4699,#4700,#4701,#4702,#4703,#4704,#4705,#4706,
    #4707,#4708,#4709,#4710,#4711,#4712,#4713,#4714,#4715),
  .UNSPECIFIED.,.F.,.F.,(4,1,1,1,1,1,1,1,1,1,1,1,1,1,1,1,1,1,1,1,1,1,4),
  (4.769183702944,4.835728282373,4.902272861801,4.96881744123,
    5.035362020658,5.101906600087,5.168451179516,5.234995758944,
    5.301540338373,5.368084917802,5.43462949723,5.501174076659,
    5.567718656088,5.634263235516,5.700807814945,5.767352394373,
    5.833896973802,5.900441553231,5.966986132659,6.033530712088,
    6.100075291517,6.166619870945,6.233164450374),.UNSPECIFIED.);
#4691 = CARTESIAN_POINT('',(1.514001604236,0.));
#4692 = CARTESIAN_POINT('',(1.491820077759,0.));
#4693 = CARTESIAN_POINT('',(1.447457024807,0.));
#4694 = CARTESIAN_POINT('',(1.380912445378,0.));
#4695 = CARTESIAN_POINT('',(1.31436786595,0.));
#4696 = CARTESIAN_POINT('',(1.247823286521,0.));
#4697 = CARTESIAN_POINT('',(1.181278707093,0.));
#4698 = CARTESIAN_POINT('',(1.114734127664,0.));
#4699 = CARTESIAN_POINT('',(1.048189548235,0.));
#4700 = CARTESIAN_POINT('',(0.981644968807,0.));
#4701 = CARTESIAN_POINT('',(0.915100389378,0.));
#4702 = CARTESIAN_POINT('',(0.848555809949,0.));
#4703 = CARTESIAN_POINT('',(0.782011230521,0.));
#4704 = CARTESIAN_POINT('',(0.715466651092,0.));
#4705 = CARTESIAN_POINT('',(0.648922071663,0.));
#4706 = CARTESIAN_POINT('',(0.582377492235,0.));
#4707 = CARTESIAN_POINT('',(0.515832912806,0.));
#4708 = CARTESIAN_POINT('',(0.449288333378,0.));
#4709 = CARTESIAN_POINT('',(0.382743753949,0.));
#4710 = CARTESIAN_POINT('',(0.31619917452,0.));
#4711 = CARTESIAN_POINT('',(0.249654595092,0.));
#4712 = CARTESIAN_POINT('',(0.183110015663,0.));
#4713 = CARTESIAN_POINT('',(0.116565436234,0.));
#4714 = CARTESIAN_POINT('',(7.220238328198E-02,0.));
#4715 = CARTESIAN_POINT('',(5.002085680577E-02,0.));
#4716 = ( GEOMETRIC_REPRESENTATION_CONTEXT(2) 
PARAMETRIC_REPRESENTATION_CONTEXT() REPRESENTATION_CONTEXT('2D SPACE',''
  ) );
#4717 = PCURVE('',#4262,#4718);
#4718 = DEFINITIONAL_REPRESENTATION('',(#4719),#4723);
#4719 = CIRCLE('',#4720,10.);
#4720 = AXIS2_PLACEMENT_2D('',#4721,#4722);
#4721 = CARTESIAN_POINT('',(112.96074657145,-130.3946873984));
#4722 = DIRECTION('',(1.,0.));
#4723 = ( GEOMETRIC_REPRESENTATION_CONTEXT(2) 
PARAMETRIC_REPRESENTATION_CONTEXT() REPRESENTATION_CONTEXT('2D SPACE',''
  ) );
#4724 = ADVANCED_FACE('',(#4725),#3487,.F.);
#4725 = FACE_BOUND('',#4726,.F.);
#4726 = EDGE_LOOP('',(#4727,#4728,#4729,#4774));
#4727 = ORIENTED_EDGE('',*,*,#4636,.T.);
#4728 = ORIENTED_EDGE('',*,*,#3470,.F.);
#4729 = ORIENTED_EDGE('',*,*,#4730,.F.);
#4730 = EDGE_CURVE('',#4731,#3471,#4733,.T.);
#4731 = VERTEX_POINT('',#4732);
#4732 = CARTESIAN_POINT('',(-113.528388514,-130.3677124404,110.));
#4733 = SURFACE_CURVE('',#4734,(#4738,#4767),.PCURVE_S1.);
#4734 = LINE('',#4735,#4736);
#4735 = CARTESIAN_POINT('',(-113.528388514,-130.3677124404,110.));
#4736 = VECTOR('',#4737,1.);
#4737 = DIRECTION('',(0.,0.,1.));
#4738 = PCURVE('',#3487,#4739);
#4739 = DEFINITIONAL_REPRESENTATION('',(#4740),#4766);
#4740 = B_SPLINE_CURVE_WITH_KNOTS('',3,(#4741,#4742,#4743,#4744,#4745,
    #4746,#4747,#4748,#4749,#4750,#4751,#4752,#4753,#4754,#4755,#4756,
    #4757,#4758,#4759,#4760,#4761,#4762,#4763,#4764,#4765),
  .UNSPECIFIED.,.F.,.F.,(4,1,1,1,1,1,1,1,1,1,1,1,1,1,1,1,1,1,1,1,1,1,4),
  (0.,0.181818181818,0.363636363636,0.545454545455,0.727272727273,
    0.909090909091,1.090909090909,1.272727272727,1.454545454545,
    1.636363636364,1.818181818182,2.,2.181818181818,2.363636363636,
    2.545454545455,2.727272727273,2.909090909091,3.090909090909,
    3.272727272727,3.454545454545,3.636363636364,3.818181818182,4.),
  .UNSPECIFIED.);
#4741 = CARTESIAN_POINT('',(1.627591049354,0.));
#4742 = CARTESIAN_POINT('',(1.627591049354,-6.060606060607E-02));
#4743 = CARTESIAN_POINT('',(1.627591049354,-0.181818181818));
#4744 = CARTESIAN_POINT('',(1.627591049354,-0.363636363636));
#4745 = CARTESIAN_POINT('',(1.627591049354,-0.545454545455));
#4746 = CARTESIAN_POINT('',(1.627591049354,-0.727272727273));
#4747 = CARTESIAN_POINT('',(1.627591049354,-0.909090909091));
#4748 = CARTESIAN_POINT('',(1.627591049354,-1.090909090909));
#4749 = CARTESIAN_POINT('',(1.627591049354,-1.272727272727));
#4750 = CARTESIAN_POINT('',(1.627591049354,-1.454545454545));
#4751 = CARTESIAN_POINT('',(1.627591049354,-1.636363636364));
#4752 = CARTESIAN_POINT('',(1.627591049354,-1.818181818182));
#4753 = CARTESIAN_POINT('',(1.627591049354,-2.));
#4754 = CARTESIAN_POINT('',(1.627591049354,-2.181818181818));
#4755 = CARTESIAN_POINT('',(1.627591049354,-2.363636363636));
#4756 = CARTESIAN_POINT('',(1.627591049354,-2.545454545455));
#4757 = CARTESIAN_POINT('',(1.627591049354,-2.727272727273));
#4758 = CARTESIAN_POINT('',(1.627591049354,-2.909090909091));
#4759 = CARTESIAN_POINT('',(1.627591049354,-3.090909090909));
#4760 = CARTESIAN_POINT('',(1.627591049354,-3.272727272727));
#4761 = CARTESIAN_POINT('',(1.627591049354,-3.454545454545));
#4762 = CARTESIAN_POINT('',(1.627591049354,-3.636363636364));
#4763 = CARTESIAN_POINT('',(1.627591049354,-3.818181818182));
#4764 = CARTESIAN_POINT('',(1.627591049354,-3.939393939394));
#4765 = CARTESIAN_POINT('',(1.627591049354,-4.));
#4766 = ( GEOMETRIC_REPRESENTATION_CONTEXT(2) 
PARAMETRIC_REPRESENTATION_CONTEXT() REPRESENTATION_CONTEXT('2D SPACE',''
  ) );
#4767 = PCURVE('',#3538,#4768);
#4768 = DEFINITIONAL_REPRESENTATION('',(#4769),#4773);
#4769 = LINE('',#4770,#4771);
#4770 = CARTESIAN_POINT('',(1.627591049354,0.));
#4771 = VECTOR('',#4772,1.);
#4772 = DIRECTION('',(0.,-1.));
#4773 = ( GEOMETRIC_REPRESENTATION_CONTEXT(2) 
PARAMETRIC_REPRESENTATION_CONTEXT() REPRESENTATION_CONTEXT('2D SPACE',''
  ) );
#4774 = ORIENTED_EDGE('',*,*,#4775,.T.);
#4775 = EDGE_CURVE('',#4731,#4637,#4776,.T.);
#4776 = SURFACE_CURVE('',#4777,(#4782,#4811),.PCURVE_S1.);
#4777 = CIRCLE('',#4778,2.E+03);
#4778 = AXIS2_PLACEMENT_3D('',#4779,#4780,#4781);
#4779 = CARTESIAN_POINT('',(-2.22044604925E-13,1.866407514019E+03,110.)
  );
#4780 = DIRECTION('',(0.,0.,1.));
#4781 = DIRECTION('',(-6.124999999994E-02,-0.998122456165,0.));
#4782 = PCURVE('',#3487,#4783);
#4783 = DEFINITIONAL_REPRESENTATION('',(#4784),#4810);
#4784 = B_SPLINE_CURVE_WITH_KNOTS('',3,(#4785,#4786,#4787,#4788,#4789,
    #4790,#4791,#4792,#4793,#4794,#4795,#4796,#4797,#4798,#4799,#4800,
    #4801,#4802,#4803,#4804,#4805,#4806,#4807,#4808,#4809),
  .UNSPECIFIED.,.F.,.F.,(4,1,1,1,1,1,1,1,1,1,1,1,1,1,1,1,1,1,1,1,1,1,4),
  (4.493639439479E-03,9.656796035774E-03,1.481995263207E-02,
    1.998310922836E-02,2.514626582466E-02,3.030942242095E-02,
    3.547257901725E-02,4.063573561354E-02,4.579889220984E-02,
    5.096204880613E-02,5.612520540243E-02,6.128836199872E-02,
    6.645151859501E-02,7.161467519131E-02,7.67778317876E-02,
    8.19409883839E-02,8.710414498019E-02,9.226730157649E-02,
    9.743045817278E-02,0.102593614769,0.107756771365,0.112919927962,
    0.118083084558),.UNSPECIFIED.);
#4785 = CARTESIAN_POINT('',(1.627591049354,0.));
#4786 = CARTESIAN_POINT('',(1.625869997155,0.));
#4787 = CARTESIAN_POINT('',(1.622427892758,0.));
#4788 = CARTESIAN_POINT('',(1.617264736162,0.));
#4789 = CARTESIAN_POINT('',(1.612101579565,0.));
#4790 = CARTESIAN_POINT('',(1.606938422969,0.));
#4791 = CARTESIAN_POINT('',(1.601775266373,0.));
#4792 = CARTESIAN_POINT('',(1.596612109776,0.));
#4793 = CARTESIAN_POINT('',(1.59144895318,0.));
#4794 = CARTESIAN_POINT('',(1.586285796584,0.));
#4795 = CARTESIAN_POINT('',(1.581122639987,0.));
#4796 = CARTESIAN_POINT('',(1.575959483391,0.));
#4797 = CARTESIAN_POINT('',(1.570796326795,0.));
#4798 = CARTESIAN_POINT('',(1.565633170199,0.));
#4799 = CARTESIAN_POINT('',(1.560470013602,0.));
#4800 = CARTESIAN_POINT('',(1.555306857006,0.));
#4801 = CARTESIAN_POINT('',(1.55014370041,0.));
#4802 = CARTESIAN_POINT('',(1.544980543813,0.));
#4803 = CARTESIAN_POINT('',(1.539817387217,0.));
#4804 = CARTESIAN_POINT('',(1.534654230621,0.));
#4805 = CARTESIAN_POINT('',(1.529491074025,0.));
#4806 = CARTESIAN_POINT('',(1.524327917428,0.));
#4807 = CARTESIAN_POINT('',(1.519164760832,0.));
#4808 = CARTESIAN_POINT('',(1.515722656434,0.));
#4809 = CARTESIAN_POINT('',(1.514001604236,0.));
#4810 = ( GEOMETRIC_REPRESENTATION_CONTEXT(2) 
PARAMETRIC_REPRESENTATION_CONTEXT() REPRESENTATION_CONTEXT('2D SPACE',''
  ) );
#4811 = PCURVE('',#4262,#4812);
#4812 = DEFINITIONAL_REPRESENTATION('',(#4813),#4817);
#4813 = CIRCLE('',#4814,2.E+03);
#4814 = AXIS2_PLACEMENT_2D('',#4815,#4816);
#4815 = CARTESIAN_POINT('',(-3.053113317719E-13,1.856396662929E+03));
#4816 = DIRECTION('',(-6.124999999994E-02,-0.998122456165));
#4817 = ( GEOMETRIC_REPRESENTATION_CONTEXT(2) 
PARAMETRIC_REPRESENTATION_CONTEXT() REPRESENTATION_CONTEXT('2D SPACE',''
  ) );
#4818 = ADVANCED_FACE('',(#4819),#3538,.F.);
#4819 = FACE_BOUND('',#4820,.F.);
#4820 = EDGE_LOOP('',(#4821,#4822,#4823,#4846));
#4821 = ORIENTED_EDGE('',*,*,#4730,.T.);
#4822 = ORIENTED_EDGE('',*,*,#3521,.F.);
#4823 = ORIENTED_EDGE('',*,*,#4824,.F.);
#4824 = EDGE_CURVE('',#4825,#3522,#4827,.T.);
#4825 = VERTEX_POINT('',#4826);
#4826 = CARTESIAN_POINT('',(-122.9482387491,-120.8838363081,110.));
#4827 = SURFACE_CURVE('',#4828,(#4832,#4839),.PCURVE_S1.);
#4828 = LINE('',#4829,#4830);
#4829 = CARTESIAN_POINT('',(-122.9482387491,-120.8838363081,110.));
#4830 = VECTOR('',#4831,1.);
#4831 = DIRECTION('',(0.,0.,1.));
#4832 = PCURVE('',#3538,#4833);
#4833 = DEFINITIONAL_REPRESENTATION('',(#4834),#4838);
#4834 = LINE('',#4835,#4836);
#4835 = CARTESIAN_POINT('',(3.091571796784,0.));
#4836 = VECTOR('',#4837,1.);
#4837 = DIRECTION('',(0.,-1.));
#4838 = ( GEOMETRIC_REPRESENTATION_CONTEXT(2) 
PARAMETRIC_REPRESENTATION_CONTEXT() REPRESENTATION_CONTEXT('2D SPACE',''
  ) );
#4839 = PCURVE('',#3588,#4840);
#4840 = DEFINITIONAL_REPRESENTATION('',(#4841),#4845);
#4841 = LINE('',#4842,#4843);
#4842 = CARTESIAN_POINT('',(-64.68191559487,0.));
#4843 = VECTOR('',#4844,1.);
#4844 = DIRECTION('',(0.,1.));
#4845 = ( GEOMETRIC_REPRESENTATION_CONTEXT(2) 
PARAMETRIC_REPRESENTATION_CONTEXT() REPRESENTATION_CONTEXT('2D SPACE',''
  ) );
#4846 = ORIENTED_EDGE('',*,*,#4847,.T.);
#4847 = EDGE_CURVE('',#4825,#4731,#4848,.T.);
#4848 = SURFACE_CURVE('',#4849,(#4854,#4883),.PCURVE_S1.);
#4849 = CIRCLE('',#4850,10.);
#4850 = AXIS2_PLACEMENT_3D('',#4851,#4852,#4853);
#4851 = CARTESIAN_POINT('',(-112.9607465714,-120.3838363081,110.));
#4852 = DIRECTION('',(0.,0.,1.));
#4853 = DIRECTION('',(1.,0.,0.));
#4854 = PCURVE('',#3538,#4855);
#4855 = DEFINITIONAL_REPRESENTATION('',(#4856),#4882);
#4856 = B_SPLINE_CURVE_WITH_KNOTS('',3,(#4857,#4858,#4859,#4860,#4861,
    #4862,#4863,#4864,#4865,#4866,#4867,#4868,#4869,#4870,#4871,#4872,
    #4873,#4874,#4875,#4876,#4877,#4878,#4879,#4880,#4881),
  .UNSPECIFIED.,.F.,.F.,(4,1,1,1,1,1,1,1,1,1,1,1,1,1,1,1,1,1,1,1,1,1,4),
  (3.191613510396,3.258158089824,3.324702669253,3.391247248681,
    3.45779182811,3.524336407539,3.590880986967,3.657425566396,
    3.723970145825,3.790514725253,3.857059304682,3.923603884111,
    3.990148463539,4.056693042968,4.123237622396,4.189782201825,
    4.256326781254,4.322871360682,4.389415940111,4.45596051954,
    4.522505098968,4.589049678397,4.655594257825),.UNSPECIFIED.);
#4857 = CARTESIAN_POINT('',(3.091571796784,0.));
#4858 = CARTESIAN_POINT('',(3.069390270308,0.));
#4859 = CARTESIAN_POINT('',(3.025027217355,0.));
#4860 = CARTESIAN_POINT('',(2.958482637927,0.));
#4861 = CARTESIAN_POINT('',(2.891938058498,0.));
#4862 = CARTESIAN_POINT('',(2.825393479069,0.));
#4863 = CARTESIAN_POINT('',(2.758848899641,0.));
#4864 = CARTESIAN_POINT('',(2.692304320212,0.));
#4865 = CARTESIAN_POINT('',(2.625759740784,0.));
#4866 = CARTESIAN_POINT('',(2.559215161355,0.));
#4867 = CARTESIAN_POINT('',(2.492670581926,0.));
#4868 = CARTESIAN_POINT('',(2.426126002498,0.));
#4869 = CARTESIAN_POINT('',(2.359581423069,0.));
#4870 = CARTESIAN_POINT('',(2.29303684364,0.));
#4871 = CARTESIAN_POINT('',(2.226492264212,0.));
#4872 = CARTESIAN_POINT('',(2.159947684783,0.));
#4873 = CARTESIAN_POINT('',(2.093403105355,0.));
#4874 = CARTESIAN_POINT('',(2.026858525926,0.));
#4875 = CARTESIAN_POINT('',(1.960313946497,0.));
#4876 = CARTESIAN_POINT('',(1.893769367069,0.));
#4877 = CARTESIAN_POINT('',(1.82722478764,0.));
#4878 = CARTESIAN_POINT('',(1.760680208211,0.));
#4879 = CARTESIAN_POINT('',(1.694135628783,0.));
#4880 = CARTESIAN_POINT('',(1.64977257583,0.));
#4881 = CARTESIAN_POINT('',(1.627591049354,0.));
#4882 = ( GEOMETRIC_REPRESENTATION_CONTEXT(2) 
PARAMETRIC_REPRESENTATION_CONTEXT() REPRESENTATION_CONTEXT('2D SPACE',''
  ) );
#4883 = PCURVE('',#4262,#4884);
#4884 = DEFINITIONAL_REPRESENTATION('',(#4885),#4889);
#4885 = CIRCLE('',#4886,10.);
#4886 = AXIS2_PLACEMENT_2D('',#4887,#4888);
#4887 = CARTESIAN_POINT('',(-112.9607465714,-130.3946873984));
#4888 = DIRECTION('',(1.,0.));
#4889 = ( GEOMETRIC_REPRESENTATION_CONTEXT(2) 
PARAMETRIC_REPRESENTATION_CONTEXT() REPRESENTATION_CONTEXT('2D SPACE',''
  ) );
#4890 = ADVANCED_FACE('',(#4891),#3588,.T.);
#4891 = FACE_BOUND('',#4892,.T.);
#4892 = EDGE_LOOP('',(#4893,#4894,#4895,#4918));
#4893 = ORIENTED_EDGE('',*,*,#3572,.F.);
#4894 = ORIENTED_EDGE('',*,*,#4824,.F.);
#4895 = ORIENTED_EDGE('',*,*,#4896,.T.);
#4896 = EDGE_CURVE('',#4825,#4897,#4899,.T.);
#4897 = VERTEX_POINT('',#4898);
#4898 = CARTESIAN_POINT('',(-129.,9.020562075079E-14,110.));
#4899 = SURFACE_CURVE('',#4900,(#4904,#4911),.PCURVE_S1.);
#4900 = LINE('',#4901,#4902);
#4901 = CARTESIAN_POINT('',(-126.1823345289,-56.28282370373,110.));
#4902 = VECTOR('',#4903,1.);
#4903 = DIRECTION('',(-5.E-02,0.998749217772,0.));
#4904 = PCURVE('',#3588,#4905);
#4905 = DEFINITIONAL_REPRESENTATION('',(#4906),#4910);
#4906 = LINE('',#4907,#4908);
#4907 = CARTESIAN_POINT('',(0.,0.));
#4908 = VECTOR('',#4909,1.);
#4909 = DIRECTION('',(1.,0.));
#4910 = ( GEOMETRIC_REPRESENTATION_CONTEXT(2) 
PARAMETRIC_REPRESENTATION_CONTEXT() REPRESENTATION_CONTEXT('2D SPACE',''
  ) );
#4911 = PCURVE('',#4262,#4912);
#4912 = DEFINITIONAL_REPRESENTATION('',(#4913),#4917);
#4913 = LINE('',#4914,#4915);
#4914 = CARTESIAN_POINT('',(-126.1823345289,-66.2936747941));
#4915 = VECTOR('',#4916,1.);
#4916 = DIRECTION('',(-5.E-02,0.998749217772));
#4917 = ( GEOMETRIC_REPRESENTATION_CONTEXT(2) 
PARAMETRIC_REPRESENTATION_CONTEXT() REPRESENTATION_CONTEXT('2D SPACE',''
  ) );
#4918 = ORIENTED_EDGE('',*,*,#4919,.T.);
#4919 = EDGE_CURVE('',#4897,#3573,#4920,.T.);
#4920 = SURFACE_CURVE('',#4921,(#4925,#4932),.PCURVE_S1.);
#4921 = LINE('',#4922,#4923);
#4922 = CARTESIAN_POINT('',(-129.,9.020562075079E-14,110.));
#4923 = VECTOR('',#4924,1.);
#4924 = DIRECTION('',(0.,0.,1.));
#4925 = PCURVE('',#3588,#4926);
#4926 = DEFINITIONAL_REPRESENTATION('',(#4927),#4931);
#4927 = LINE('',#4928,#4929);
#4928 = CARTESIAN_POINT('',(56.35330942165,0.));
#4929 = VECTOR('',#4930,1.);
#4930 = DIRECTION('',(0.,1.));
#4931 = ( GEOMETRIC_REPRESENTATION_CONTEXT(2) 
PARAMETRIC_REPRESENTATION_CONTEXT() REPRESENTATION_CONTEXT('2D SPACE',''
  ) );
#4932 = PCURVE('',#3616,#4933);
#4933 = DEFINITIONAL_REPRESENTATION('',(#4934),#4938);
#4934 = LINE('',#4935,#4936);
#4935 = CARTESIAN_POINT('',(-75.,0.));
#4936 = VECTOR('',#4937,1.);
#4937 = DIRECTION('',(0.,1.));
#4938 = ( GEOMETRIC_REPRESENTATION_CONTEXT(2) 
PARAMETRIC_REPRESENTATION_CONTEXT() REPRESENTATION_CONTEXT('2D SPACE',''
  ) );
#4939 = ADVANCED_FACE('',(#4940),#3616,.T.);
#4940 = FACE_BOUND('',#4941,.T.);
#4941 = EDGE_LOOP('',(#4942,#4965,#5008,#5009));
#4942 = ORIENTED_EDGE('',*,*,#4943,.T.);
#4943 = EDGE_CURVE('',#4897,#4944,#4946,.T.);
#4944 = VERTEX_POINT('',#4945);
#4945 = CARTESIAN_POINT('',(-122.8910955228,140.84229691206,110.));
#4946 = SURFACE_CURVE('',#4947,(#4951,#4958),.PCURVE_S1.);
#4947 = LINE('',#4948,#4949);
#4948 = CARTESIAN_POINT('',(-125.75,74.929550245547,110.));
#4949 = VECTOR('',#4950,1.);
#4950 = DIRECTION('',(4.333333333329E-02,0.999060669941,0.));
#4951 = PCURVE('',#3616,#4952);
#4952 = DEFINITIONAL_REPRESENTATION('',(#4953),#4957);
#4953 = LINE('',#4954,#4955);
#4954 = CARTESIAN_POINT('',(0.,0.));
#4955 = VECTOR('',#4956,1.);
#4956 = DIRECTION('',(1.,0.));
#4957 = ( GEOMETRIC_REPRESENTATION_CONTEXT(2) 
PARAMETRIC_REPRESENTATION_CONTEXT() REPRESENTATION_CONTEXT('2D SPACE',''
  ) );
#4958 = PCURVE('',#4262,#4959);
#4959 = DEFINITIONAL_REPRESENTATION('',(#4960),#4964);
#4960 = LINE('',#4961,#4962);
#4961 = CARTESIAN_POINT('',(-125.75,64.918699155174));
#4962 = VECTOR('',#4963,1.);
#4963 = DIRECTION('',(4.333333333329E-02,0.999060669941));
#4964 = ( GEOMETRIC_REPRESENTATION_CONTEXT(2) 
PARAMETRIC_REPRESENTATION_CONTEXT() REPRESENTATION_CONTEXT('2D SPACE',''
  ) );
#4965 = ORIENTED_EDGE('',*,*,#4966,.T.);
#4966 = EDGE_CURVE('',#4944,#3601,#4967,.T.);
#4967 = SURFACE_CURVE('',#4968,(#4972,#4979),.PCURVE_S1.);
#4968 = LINE('',#4969,#4970);
#4969 = CARTESIAN_POINT('',(-122.8910955228,140.84229691206,110.));
#4970 = VECTOR('',#4971,1.);
#4971 = DIRECTION('',(0.,0.,1.));
#4972 = PCURVE('',#3616,#4973);
#4973 = DEFINITIONAL_REPRESENTATION('',(#4974),#4978);
#4974 = LINE('',#4975,#4976);
#4975 = CARTESIAN_POINT('',(65.974718702952,0.));
#4976 = VECTOR('',#4977,1.);
#4977 = DIRECTION('',(0.,1.));
#4978 = ( GEOMETRIC_REPRESENTATION_CONTEXT(2) 
PARAMETRIC_REPRESENTATION_CONTEXT() REPRESENTATION_CONTEXT('2D SPACE',''
  ) );
#4979 = PCURVE('',#3643,#4980);
#4980 = DEFINITIONAL_REPRESENTATION('',(#4981),#5007);
#4981 = B_SPLINE_CURVE_WITH_KNOTS('',3,(#4982,#4983,#4984,#4985,#4986,
    #4987,#4988,#4989,#4990,#4991,#4992,#4993,#4994,#4995,#4996,#4997,
    #4998,#4999,#5000,#5001,#5002,#5003,#5004,#5005,#5006),
  .UNSPECIFIED.,.F.,.F.,(4,1,1,1,1,1,1,1,1,1,1,1,1,1,1,1,1,1,1,1,1,1,4),
  (0.,0.181818181818,0.363636363636,0.545454545455,0.727272727273,
    0.909090909091,1.090909090909,1.272727272727,1.454545454545,
    1.636363636364,1.818181818182,2.,2.181818181818,2.363636363636,
    2.545454545455,2.727272727273,2.909090909091,3.090909090909,
    3.272727272727,3.454545454545,3.636363636364,3.818181818182,4.),
  .UNSPECIFIED.);
#4982 = CARTESIAN_POINT('',(3.184939560124,0.));
#4983 = CARTESIAN_POINT('',(3.184939560124,-6.060606060607E-02));
#4984 = CARTESIAN_POINT('',(3.184939560124,-0.181818181818));
#4985 = CARTESIAN_POINT('',(3.184939560124,-0.363636363636));
#4986 = CARTESIAN_POINT('',(3.184939560124,-0.545454545455));
#4987 = CARTESIAN_POINT('',(3.184939560124,-0.727272727273));
#4988 = CARTESIAN_POINT('',(3.184939560124,-0.909090909091));
#4989 = CARTESIAN_POINT('',(3.184939560124,-1.090909090909));
#4990 = CARTESIAN_POINT('',(3.184939560124,-1.272727272727));
#4991 = CARTESIAN_POINT('',(3.184939560124,-1.454545454545));
#4992 = CARTESIAN_POINT('',(3.184939560124,-1.636363636364));
#4993 = CARTESIAN_POINT('',(3.184939560124,-1.818181818182));
#4994 = CARTESIAN_POINT('',(3.184939560124,-2.));
#4995 = CARTESIAN_POINT('',(3.184939560124,-2.181818181818));
#4996 = CARTESIAN_POINT('',(3.184939560124,-2.363636363636));
#4997 = CARTESIAN_POINT('',(3.184939560124,-2.545454545455));
#4998 = CARTESIAN_POINT('',(3.184939560124,-2.727272727273));
#4999 = CARTESIAN_POINT('',(3.184939560124,-2.909090909091));
#5000 = CARTESIAN_POINT('',(3.184939560124,-3.090909090909));
#5001 = CARTESIAN_POINT('',(3.184939560124,-3.272727272727));
#5002 = CARTESIAN_POINT('',(3.184939560124,-3.454545454545));
#5003 = CARTESIAN_POINT('',(3.184939560124,-3.636363636364));
#5004 = CARTESIAN_POINT('',(3.184939560124,-3.818181818182));
#5005 = CARTESIAN_POINT('',(3.184939560124,-3.939393939394));
#5006 = CARTESIAN_POINT('',(3.184939560124,-4.));
#5007 = ( GEOMETRIC_REPRESENTATION_CONTEXT(2) 
PARAMETRIC_REPRESENTATION_CONTEXT() REPRESENTATION_CONTEXT('2D SPACE',''
  ) );
#5008 = ORIENTED_EDGE('',*,*,#3600,.F.);
#5009 = ORIENTED_EDGE('',*,*,#4919,.F.);
#5010 = ADVANCED_FACE('',(#5011),#3643,.F.);
#5011 = FACE_BOUND('',#5012,.F.);
#5012 = EDGE_LOOP('',(#5013,#5014,#5015,#5016));
#5013 = ORIENTED_EDGE('',*,*,#4966,.T.);
#5014 = ORIENTED_EDGE('',*,*,#3628,.F.);
#5015 = ORIENTED_EDGE('',*,*,#4282,.F.);
#5016 = ORIENTED_EDGE('',*,*,#5017,.T.);
#5017 = EDGE_CURVE('',#4283,#4944,#5018,.T.);
#5018 = SURFACE_CURVE('',#5019,(#5024,#5053),.PCURVE_S1.);
#5019 = CIRCLE('',#5020,10.);
#5020 = AXIS2_PLACEMENT_3D('',#5021,#5022,#5023);
#5021 = CARTESIAN_POINT('',(-112.9004888234,140.40896357873,110.));
#5022 = DIRECTION('',(0.,0.,1.));
#5023 = DIRECTION('',(1.,0.,0.));
#5024 = PCURVE('',#3643,#5025);
#5025 = DEFINITIONAL_REPRESENTATION('',(#5026),#5052);
#5026 = B_SPLINE_CURVE_WITH_KNOTS('',3,(#5027,#5028,#5029,#5030,#5031,
    #5032,#5033,#5034,#5035,#5036,#5037,#5038,#5039,#5040,#5041,#5042,
    #5043,#5044,#5045,#5046,#5047,#5048,#5049,#5050,#5051),
  .UNSPECIFIED.,.F.,.F.,(4,1,1,1,1,1,1,1,1,1,1,1,1,1,1,1,1,1,1,1,1,1,4),
  (1.627560720203,1.694410039605,1.761259359007,1.82810867841,
    1.894957997812,1.961807317215,2.028656636617,2.095505956019,
    2.162355275422,2.229204594824,2.296053914227,2.362903233629,
    2.429752553031,2.496601872434,2.563451191836,2.630300511239,
    2.697149830641,2.763999150044,2.830848469446,2.897697788848,
    2.964547108251,3.031396427653,3.098245747056),.UNSPECIFIED.);
#5027 = CARTESIAN_POINT('',(4.655624586977,0.));
#5028 = CARTESIAN_POINT('',(4.63334148051,0.));
#5029 = CARTESIAN_POINT('',(4.588775267575,0.));
#5030 = CARTESIAN_POINT('',(4.521925948172,0.));
#5031 = CARTESIAN_POINT('',(4.45507662877,0.));
#5032 = CARTESIAN_POINT('',(4.388227309367,0.));
#5033 = CARTESIAN_POINT('',(4.321377989965,0.));
#5034 = CARTESIAN_POINT('',(4.254528670563,0.));
#5035 = CARTESIAN_POINT('',(4.18767935116,0.));
#5036 = CARTESIAN_POINT('',(4.120830031758,0.));
#5037 = CARTESIAN_POINT('',(4.053980712355,0.));
#5038 = CARTESIAN_POINT('',(3.987131392953,0.));
#5039 = CARTESIAN_POINT('',(3.920282073551,0.));
#5040 = CARTESIAN_POINT('',(3.853432754148,0.));
#5041 = CARTESIAN_POINT('',(3.786583434746,0.));
#5042 = CARTESIAN_POINT('',(3.719734115343,0.));
#5043 = CARTESIAN_POINT('',(3.652884795941,0.));
#5044 = CARTESIAN_POINT('',(3.586035476538,0.));
#5045 = CARTESIAN_POINT('',(3.519186157136,0.));
#5046 = CARTESIAN_POINT('',(3.452336837734,0.));
#5047 = CARTESIAN_POINT('',(3.385487518331,0.));
#5048 = CARTESIAN_POINT('',(3.318638198929,0.));
#5049 = CARTESIAN_POINT('',(3.251788879526,0.));
#5050 = CARTESIAN_POINT('',(3.207222666591,0.));
#5051 = CARTESIAN_POINT('',(3.184939560124,0.));
#5052 = ( GEOMETRIC_REPRESENTATION_CONTEXT(2) 
PARAMETRIC_REPRESENTATION_CONTEXT() REPRESENTATION_CONTEXT('2D SPACE',''
  ) );
#5053 = PCURVE('',#4262,#5054);
#5054 = DEFINITIONAL_REPRESENTATION('',(#5055),#5059);
#5055 = CIRCLE('',#5056,10.);
#5056 = AXIS2_PLACEMENT_2D('',#5057,#5058);
#5057 = CARTESIAN_POINT('',(-112.9004888234,130.39811248835));
#5058 = DIRECTION('',(1.,0.));
#5059 = ( GEOMETRIC_REPRESENTATION_CONTEXT(2) 
PARAMETRIC_REPRESENTATION_CONTEXT() REPRESENTATION_CONTEXT('2D SPACE',''
  ) );
#5060 = ADVANCED_FACE('',(#5061,#5073),#4262,.T.);
#5061 = FACE_BOUND('',#5062,.T.);
#5062 = EDGE_LOOP('',(#5063,#5064,#5065,#5066,#5067,#5068,#5069,#5070,
    #5071,#5072));
#5063 = ORIENTED_EDGE('',*,*,#4538,.F.);
#5064 = ORIENTED_EDGE('',*,*,#4489,.T.);
#5065 = ORIENTED_EDGE('',*,*,#4395,.T.);
#5066 = ORIENTED_EDGE('',*,*,#5017,.T.);
#5067 = ORIENTED_EDGE('',*,*,#4943,.F.);
#5068 = ORIENTED_EDGE('',*,*,#4896,.F.);
#5069 = ORIENTED_EDGE('',*,*,#4847,.T.);
#5070 = ORIENTED_EDGE('',*,*,#4775,.T.);
#5071 = ORIENTED_EDGE('',*,*,#4681,.T.);
#5072 = ORIENTED_EDGE('',*,*,#4585,.F.);
#5073 = FACE_BOUND('',#5074,.T.);
#5074 = EDGE_LOOP('',(#5075));
#5075 = ORIENTED_EDGE('',*,*,#4247,.T.);
#5076 = ( GEOMETRIC_REPRESENTATION_CONTEXT(3) 
GLOBAL_UNCERTAINTY_ASSIGNED_CONTEXT((#5080)) 
GLOBAL_UNIT_ASSIGNED_CONTEXT((#5077,#5078,#5079)) REPRESENTATION_CONTEXT
('Context #1','3D Context with UNIT and UNCERTAINTY') );
#5077 = ( LENGTH_UNIT() NAMED_UNIT(*) SI_UNIT(.MILLI.,.METRE.) );
#5078 = ( NAMED_UNIT(*) PLANE_ANGLE_UNIT() SI_UNIT($,.RADIAN.) );
#5079 = ( NAMED_UNIT(*) SI_UNIT($,.STERADIAN.) SOLID_ANGLE_UNIT() );
#5080 = UNCERTAINTY_MEASURE_WITH_UNIT(LENGTH_MEASURE(2.E-05),#5077,
  'distance_accuracy_value','confusion accuracy');
#5081 = PRODUCT_RELATED_PRODUCT_CATEGORY('part',$,(#7));
ENDSEC;
END-ISO-10303-21;
