ISO-10303-21;
HEADER;
FILE_DESCRIPTION(('Open CASCADE Model'),'2;1');
FILE_NAME('Open CASCADE Shape Model','2026-08-25T11:50:11',('Author'),(
    'Open CASCADE'),'Open CASCADE STEP processor 7.9','build123d',
  'Unknown');
FILE_SCHEMA(('AUTOMOTIVE_DESIGN { 1 0 10303 214 1 1 1 1 }'));
ENDSEC;
DATA;
#1 = APPLICATION_PROTOCOL_DEFINITION('international standard',
  'automotive_design',2000,#2);
#2 = APPLICATION_CONTEXT(
  'core data for automotive mechanical design processes');
#3 = SHAPE_DEFINITION_REPRESENTATION(#4,#10);
#4 = PRODUCT_DEFINITION_SHAPE('','',#5);
#5 = PRODUCT_DEFINITION('design','',#6,#9);
#6 = PRODUCT_DEFINITION_FORMATION('','',#7);
#7 = PRODUCT('COMPOUND','COMPOUND','',(#8));
#8 = PRODUCT_CONTEXT('',#2,'mechanical');
#9 = PRODUCT_DEFINITION_CONTEXT('part definition',#2,'design');
#10 = SHAPE_REPRESENTATION('',(#11,#15,#4157),#4335);
#11 = AXIS2_PLACEMENT_3D('',#12,#13,#14);
#12 = CARTESIAN_POINT('',(0.,0.,0.));
#13 = DIRECTION('',(0.,0.,1.));
#14 = DIRECTION('',(1.,0.,-0.));
#15 = MANIFOLD_SOLID_BREP('',#16);
#16 = CLOSED_SHELL('',(#17,#171,#409,#535,#657,#1040,#1160,#1325,#1375,
    #1477,#1550,#1644,#1956,#2538,#2606,#2614,#2884,#3095,#3415,#3491,
    #3569,#3648,#3702,#3756,#3788,#3815,#3822,#3898,#3947,#4023,#4072,
    #4121,#4148));
#17 = ADVANCED_FACE('',(#18),#32,.F.);
#18 = FACE_BOUND('',#19,.T.);
#19 = EDGE_LOOP('',(#20,#55,#83,#111));
#20 = ORIENTED_EDGE('',*,*,#21,.T.);
#21 = EDGE_CURVE('',#22,#24,#26,.T.);
#22 = VERTEX_POINT('',#23);
#23 = CARTESIAN_POINT('',(-14.81095129206,-22.,62.373967528041));
#24 = VERTEX_POINT('',#25);
#25 = CARTESIAN_POINT('',(-14.81095129206,-5.,62.373967528041));
#26 = SURFACE_CURVE('',#27,(#31,#43),.PCURVE_S1.);
#27 = LINE('',#28,#29);
#28 = CARTESIAN_POINT('',(-14.81095129206,-25.,62.373967528041));
#29 = VECTOR('',#30,1.);
#30 = DIRECTION('',(0.,1.,0.));
#31 = PCURVE('',#32,#37);
#32 = PLANE('',#33);
#33 = AXIS2_PLACEMENT_3D('',#34,#35,#36);
#34 = CARTESIAN_POINT('',(-17.82157255415,-25.,43.590995838233));
#35 = DIRECTION('',(0.987396752804,0.,-0.158264501869));
#36 = DIRECTION('',(-0.158264501869,0.,-0.987396752804));
#37 = DEFINITIONAL_REPRESENTATION('',(#38),#42);
#38 = LINE('',#39,#40);
#39 = CARTESIAN_POINT('',(-19.02271972888,0.));
#40 = VECTOR('',#41,1.);
#41 = DIRECTION('',(0.,1.));
#42 = ( GEOMETRIC_REPRESENTATION_CONTEXT(2) 
PARAMETRIC_REPRESENTATION_CONTEXT() REPRESENTATION_CONTEXT('2D SPACE',''
  ) );
#43 = PCURVE('',#44,#49);
#44 = CYLINDRICAL_SURFACE('',#45,15.);
#45 = AXIS2_PLACEMENT_3D('',#46,#47,#48);
#46 = CARTESIAN_POINT('',(-1.351702651971E-16,-25.,60.));
#47 = DIRECTION('',(-0.,-1.,-0.));
#48 = DIRECTION('',(0.,0.,1.));
#49 = DEFINITIONAL_REPRESENTATION('',(#50),#54);
#50 = LINE('',#51,#52);
#51 = CARTESIAN_POINT('',(1.411863572636,0.));
#52 = VECTOR('',#53,1.);
#53 = DIRECTION('',(0.,-1.));
#54 = ( GEOMETRIC_REPRESENTATION_CONTEXT(2) 
PARAMETRIC_REPRESENTATION_CONTEXT() REPRESENTATION_CONTEXT('2D SPACE',''
  ) );
#55 = ORIENTED_EDGE('',*,*,#56,.T.);
#56 = EDGE_CURVE('',#24,#57,#59,.T.);
#57 = VERTEX_POINT('',#58);
#58 = CARTESIAN_POINT('',(-20.,-5.,30.));
#59 = SURFACE_CURVE('',#60,(#64,#71),.PCURVE_S1.);
#60 = LINE('',#61,#62);
#61 = CARTESIAN_POINT('',(-17.82157255415,-5.,43.590995838233));
#62 = VECTOR('',#63,1.);
#63 = DIRECTION('',(-0.158264501869,0.,-0.987396752804));
#64 = PCURVE('',#32,#65);
#65 = DEFINITIONAL_REPRESENTATION('',(#66),#70);
#66 = LINE('',#67,#68);
#67 = CARTESIAN_POINT('',(0.,20.));
#68 = VECTOR('',#69,1.);
#69 = DIRECTION('',(1.,0.));
#70 = ( GEOMETRIC_REPRESENTATION_CONTEXT(2) 
PARAMETRIC_REPRESENTATION_CONTEXT() REPRESENTATION_CONTEXT('2D SPACE',''
  ) );
#71 = PCURVE('',#72,#77);
#72 = PLANE('',#73);
#73 = AXIS2_PLACEMENT_3D('',#74,#75,#76);
#74 = CARTESIAN_POINT('',(-17.82157255415,-5.,43.590995838233));
#75 = DIRECTION('',(0.698194939629,-0.707106781187,-0.111909902493));
#76 = DIRECTION('',(-0.158264501869,3.820554983491E-13,-0.987396752804)
  );
#77 = DEFINITIONAL_REPRESENTATION('',(#78),#82);
#78 = LINE('',#79,#80);
#79 = CARTESIAN_POINT('',(0.,0.));
#80 = VECTOR('',#81,1.);
#81 = DIRECTION('',(1.,-1.800642968064E-13));
#82 = ( GEOMETRIC_REPRESENTATION_CONTEXT(2) 
PARAMETRIC_REPRESENTATION_CONTEXT() REPRESENTATION_CONTEXT('2D SPACE',''
  ) );
#83 = ORIENTED_EDGE('',*,*,#84,.F.);
#84 = EDGE_CURVE('',#85,#57,#87,.T.);
#85 = VERTEX_POINT('',#86);
#86 = CARTESIAN_POINT('',(-20.,-22.,30.));
#87 = SURFACE_CURVE('',#88,(#92,#99),.PCURVE_S1.);
#88 = LINE('',#89,#90);
#89 = CARTESIAN_POINT('',(-20.,-25.,30.));
#90 = VECTOR('',#91,1.);
#91 = DIRECTION('',(0.,1.,0.));
#92 = PCURVE('',#32,#93);
#93 = DEFINITIONAL_REPRESENTATION('',(#94),#98);
#94 = LINE('',#95,#96);
#95 = CARTESIAN_POINT('',(13.764472892621,0.));
#96 = VECTOR('',#97,1.);
#97 = DIRECTION('',(0.,1.));
#98 = ( GEOMETRIC_REPRESENTATION_CONTEXT(2) 
PARAMETRIC_REPRESENTATION_CONTEXT() REPRESENTATION_CONTEXT('2D SPACE',''
  ) );
#99 = PCURVE('',#100,#105);
#100 = PLANE('',#101);
#101 = AXIS2_PLACEMENT_3D('',#102,#103,#104);
#102 = CARTESIAN_POINT('',(-20.,-25.,0.87985091672));
#103 = DIRECTION('',(-1.,0.,6.123233995737E-17));
#104 = DIRECTION('',(6.123233995737E-17,0.,1.));
#105 = DEFINITIONAL_REPRESENTATION('',(#106),#110);
#106 = LINE('',#107,#108);
#107 = CARTESIAN_POINT('',(29.12014908328,0.));
#108 = VECTOR('',#109,1.);
#109 = DIRECTION('',(0.,1.));
#110 = ( GEOMETRIC_REPRESENTATION_CONTEXT(2) 
PARAMETRIC_REPRESENTATION_CONTEXT() REPRESENTATION_CONTEXT('2D SPACE',''
  ) );
#111 = ORIENTED_EDGE('',*,*,#112,.T.);
#112 = EDGE_CURVE('',#85,#22,#113,.T.);
#113 = SURFACE_CURVE('',#114,(#117,#123),.PCURVE_S1.);
#114 = B_SPLINE_CURVE_WITH_KNOTS('',1,(#115,#116),.UNSPECIFIED.,.F.,.F.,
  (2,2),(0.,1.),.PIECEWISE_BEZIER_KNOTS.);
#115 = CARTESIAN_POINT('',(-19.99999999999,-22.,30.000000000039));
#116 = CARTESIAN_POINT('',(-14.81095129206,-22.,62.373967528041));
#117 = PCURVE('',#32,#118);
#118 = DEFINITIONAL_REPRESENTATION('',(#119),#122);
#119 = B_SPLINE_CURVE_WITH_KNOTS('',1,(#120,#121),.UNSPECIFIED.,.F.,.F.,
  (2,2),(0.,1.),.PIECEWISE_BEZIER_KNOTS.);
#120 = CARTESIAN_POINT('',(13.764472892581,3.));
#121 = CARTESIAN_POINT('',(-19.02271972888,3.));
#122 = ( GEOMETRIC_REPRESENTATION_CONTEXT(2) 
PARAMETRIC_REPRESENTATION_CONTEXT() REPRESENTATION_CONTEXT('2D SPACE',''
  ) );
#123 = PCURVE('',#124,#143);
#124 = B_SPLINE_SURFACE_WITH_KNOTS('',2,3,(
    (#125,#126,#127,#128,#129,#130)
    ,(#131,#132,#133,#134,#135,#136)
    ,(#137,#138,#139,#140,#141,#142
    )),.UNSPECIFIED.,.F.,.F.,.F.,(3,3),(4,2,4),(0.,1.),(
    -1.221012531449E-02,-1.033186345872E-02,2.221642693809E-02),
  .UNSPECIFIED.);
#125 = CARTESIAN_POINT('',(-20.25945243539,-22.,28.381301623598));
#126 = CARTESIAN_POINT('',(-20.16036504306,-22.,28.999498176034));
#127 = CARTESIAN_POINT('',(-20.06127765074,-22.,29.617694728472));
#128 = CARTESIAN_POINT('',(-18.24511060296,-22.,40.948583363269));
#129 = CARTESIAN_POINT('',(-16.5280309475,-22.,51.661275445675));
#130 = CARTESIAN_POINT('',(-14.81095129206,-22.,62.373967528041));
#131 = CARTESIAN_POINT('',(-20.25945243539,-25.,28.381301623598));
#132 = CARTESIAN_POINT('',(-20.16036504306,-25.,28.999498176035));
#133 = CARTESIAN_POINT('',(-20.06127765074,-25.,29.617694728471));
#134 = CARTESIAN_POINT('',(-18.24511060295,-25.,40.948583363286));
#135 = CARTESIAN_POINT('',(-16.52803094749,-25.,51.661275445658));
#136 = CARTESIAN_POINT('',(-14.81095129206,-25.,62.373967528041));
#137 = CARTESIAN_POINT('',(-17.29726217698,-25.,27.90650811799));
#138 = CARTESIAN_POINT('',(-17.19817478465,-25.,28.524704670426));
#139 = CARTESIAN_POINT('',(-17.09908739232,-25.,29.142901222864));
#140 = CARTESIAN_POINT('',(-15.28292034454,-25.,40.473789857659));
#141 = CARTESIAN_POINT('',(-13.56584068907,-25.,51.186481940064));
#142 = CARTESIAN_POINT('',(-11.84876103364,-25.,61.899174022433));
#143 = DEFINITIONAL_REPRESENTATION('',(#144),#170);
#144 = B_SPLINE_CURVE_WITH_KNOTS('',3,(#145,#146,#147,#148,#149,#150,
    #151,#152,#153,#154,#155,#156,#157,#158,#159,#160,#161,#162,#163,
    #164,#165,#166,#167,#168,#169),.UNSPECIFIED.,.F.,.F.,(4,1,1,1,1,1,1,
    1,1,1,1,1,1,1,1,1,1,1,1,1,1,1,4),(0.,4.545454545455E-02,
    9.090909090909E-02,0.136363636364,0.181818181818,0.227272727273,
    0.272727272727,0.318181818182,0.363636363636,0.409090909091,
    0.454545454545,0.5,0.545454545455,0.590909090909,0.636363636364,
    0.681818181818,0.727272727273,0.772727272727,0.818181818182,
    0.863636363636,0.909090909091,0.954545454545,1.),.UNSPECIFIED.);
#145 = CARTESIAN_POINT('',(0.,-1.057076568338E-02));
#146 = CARTESIAN_POINT('',(0.,-1.00739900376E-02));
#147 = CARTESIAN_POINT('',(0.,-9.080438746037E-03));
#148 = CARTESIAN_POINT('',(0.,-7.590111808696E-03));
#149 = CARTESIAN_POINT('',(0.,-6.099784871356E-03));
#150 = CARTESIAN_POINT('',(0.,-4.609457934015E-03));
#151 = CARTESIAN_POINT('',(0.,-3.119130996676E-03));
#152 = CARTESIAN_POINT('',(0.,-1.628804059336E-03));
#153 = CARTESIAN_POINT('',(0.,-1.384771219968E-04));
#154 = CARTESIAN_POINT('',(0.,1.351849815342E-03));
#155 = CARTESIAN_POINT('',(0.,2.842176752681E-03));
#156 = CARTESIAN_POINT('',(0.,4.33250369002E-03));
#157 = CARTESIAN_POINT('',(0.,5.822830627358E-03));
#158 = CARTESIAN_POINT('',(0.,7.313157564697E-03));
#159 = CARTESIAN_POINT('',(0.,8.803484502035E-03));
#160 = CARTESIAN_POINT('',(0.,1.029381143937E-02));
#161 = CARTESIAN_POINT('',(0.,1.178413837671E-02));
#162 = CARTESIAN_POINT('',(0.,1.327446531405E-02));
#163 = CARTESIAN_POINT('',(0.,1.476479225139E-02));
#164 = CARTESIAN_POINT('',(0.,1.625511918873E-02));
#165 = CARTESIAN_POINT('',(0.,1.774544612607E-02));
#166 = CARTESIAN_POINT('',(0.,1.923577306341E-02));
#167 = CARTESIAN_POINT('',(0.,2.072610000075E-02));
#168 = CARTESIAN_POINT('',(-0.,2.171965129231E-02));
#169 = CARTESIAN_POINT('',(0.,2.221642693809E-02));
#170 = ( GEOMETRIC_REPRESENTATION_CONTEXT(2) 
PARAMETRIC_REPRESENTATION_CONTEXT() REPRESENTATION_CONTEXT('2D SPACE',''
  ) );
#171 = ADVANCED_FACE('',(#172),#44,.T.);
#172 = FACE_BOUND('',#173,.T.);
#173 = EDGE_LOOP('',(#174,#204,#253,#254));
#174 = ORIENTED_EDGE('',*,*,#175,.T.);
#175 = EDGE_CURVE('',#176,#178,#180,.T.);
#176 = VERTEX_POINT('',#177);
#177 = CARTESIAN_POINT('',(14.810951292061,-22.,62.373967528041));
#178 = VERTEX_POINT('',#179);
#179 = CARTESIAN_POINT('',(14.810951292061,-5.,62.373967528041));
#180 = SURFACE_CURVE('',#181,(#185,#192),.PCURVE_S1.);
#181 = LINE('',#182,#183);
#182 = CARTESIAN_POINT('',(14.810951292061,-25.,62.373967528041));
#183 = VECTOR('',#184,1.);
#184 = DIRECTION('',(0.,1.,0.));
#185 = PCURVE('',#44,#186);
#186 = DEFINITIONAL_REPRESENTATION('',(#187),#191);
#187 = LINE('',#188,#189);
#188 = CARTESIAN_POINT('',(-1.411863572636,0.));
#189 = VECTOR('',#190,1.);
#190 = DIRECTION('',(0.,-1.));
#191 = ( GEOMETRIC_REPRESENTATION_CONTEXT(2) 
PARAMETRIC_REPRESENTATION_CONTEXT() REPRESENTATION_CONTEXT('2D SPACE',''
  ) );
#192 = PCURVE('',#193,#198);
#193 = PLANE('',#194);
#194 = AXIS2_PLACEMENT_3D('',#195,#196,#197);
#195 = CARTESIAN_POINT('',(17.927499900939,-25.,42.930125478724));
#196 = DIRECTION('',(0.987396752804,0.,0.158264501869));
#197 = DIRECTION('',(0.158264501869,0.,-0.987396752804));
#198 = DEFINITIONAL_REPRESENTATION('',(#199),#203);
#199 = LINE('',#200,#201);
#200 = CARTESIAN_POINT('',(-19.69202551466,0.));
#201 = VECTOR('',#202,1.);
#202 = DIRECTION('',(0.,1.));
#203 = ( GEOMETRIC_REPRESENTATION_CONTEXT(2) 
PARAMETRIC_REPRESENTATION_CONTEXT() REPRESENTATION_CONTEXT('2D SPACE',''
  ) );
#204 = ORIENTED_EDGE('',*,*,#205,.T.);
#205 = EDGE_CURVE('',#178,#24,#206,.T.);
#206 = SURFACE_CURVE('',#207,(#212,#241),.PCURVE_S1.);
#207 = CIRCLE('',#208,15.);
#208 = AXIS2_PLACEMENT_3D('',#209,#210,#211);
#209 = CARTESIAN_POINT('',(-1.351702651971E-16,-5.,60.));
#210 = DIRECTION('',(0.,-1.,0.));
#211 = DIRECTION('',(0.,0.,-1.));
#212 = PCURVE('',#44,#213);
#213 = DEFINITIONAL_REPRESENTATION('',(#214),#240);
#214 = B_SPLINE_CURVE_WITH_KNOTS('',3,(#215,#216,#217,#218,#219,#220,
    #221,#222,#223,#224,#225,#226,#227,#228,#229,#230,#231,#232,#233,
    #234,#235,#236,#237,#238,#239),.UNSPECIFIED.,.F.,.F.,(4,1,1,1,1,1,1,
    1,1,1,1,1,1,1,1,1,1,1,1,1,1,1,4),(1.729729080954,1.85808031483,
    1.986431548706,2.114782782582,2.243134016458,2.371485250334,
    2.49983648421,2.628187718086,2.756538951962,2.884890185838,
    3.013241419714,3.14159265359,3.269943887466,3.398295121342,
    3.526646355218,3.654997589094,3.78334882297,3.911700056846,
    4.040051290722,4.168402524598,4.296753758474,4.425104992349,
    4.553456226225),.UNSPECIFIED.);
#215 = CARTESIAN_POINT('',(-1.411863572636,-20.));
#216 = CARTESIAN_POINT('',(-1.36907982801,-20.));
#217 = CARTESIAN_POINT('',(-1.28351233876,-20.));
#218 = CARTESIAN_POINT('',(-1.155161104884,-20.));
#219 = CARTESIAN_POINT('',(-1.026809871008,-20.));
#220 = CARTESIAN_POINT('',(-0.898458637132,-20.));
#221 = CARTESIAN_POINT('',(-0.770107403256,-20.));
#222 = CARTESIAN_POINT('',(-0.64175616938,-20.));
#223 = CARTESIAN_POINT('',(-0.513404935504,-20.));
#224 = CARTESIAN_POINT('',(-0.385053701628,-20.));
#225 = CARTESIAN_POINT('',(-0.256702467752,-20.));
#226 = CARTESIAN_POINT('',(-0.128351233876,-20.));
#227 = CARTESIAN_POINT('',(8.881784197001E-16,-20.));
#228 = CARTESIAN_POINT('',(0.128351233876,-20.));
#229 = CARTESIAN_POINT('',(0.256702467752,-20.));
#230 = CARTESIAN_POINT('',(0.385053701628,-20.));
#231 = CARTESIAN_POINT('',(0.513404935504,-20.));
#232 = CARTESIAN_POINT('',(0.64175616938,-20.));
#233 = CARTESIAN_POINT('',(0.770107403256,-20.));
#234 = CARTESIAN_POINT('',(0.898458637132,-20.));
#235 = CARTESIAN_POINT('',(1.026809871008,-20.));
#236 = CARTESIAN_POINT('',(1.155161104884,-20.));
#237 = CARTESIAN_POINT('',(1.28351233876,-20.));
#238 = CARTESIAN_POINT('',(1.36907982801,-20.));
#239 = CARTESIAN_POINT('',(1.411863572636,-20.));
#240 = ( GEOMETRIC_REPRESENTATION_CONTEXT(2) 
PARAMETRIC_REPRESENTATION_CONTEXT() REPRESENTATION_CONTEXT('2D SPACE',''
  ) );
#241 = PCURVE('',#242,#247);
#242 = CONICAL_SURFACE('',#243,15.,0.7853981634);
#243 = AXIS2_PLACEMENT_3D('',#244,#245,#246);
#244 = CARTESIAN_POINT('',(-1.351702651971E-16,-5.,60.));
#245 = DIRECTION('',(0.,-1.,0.));
#246 = DIRECTION('',(0.,0.,-1.));
#247 = DEFINITIONAL_REPRESENTATION('',(#248),#252);
#248 = LINE('',#249,#250);
#249 = CARTESIAN_POINT('',(0.,0.));
#250 = VECTOR('',#251,1.);
#251 = DIRECTION('',(1.,0.));
#252 = ( GEOMETRIC_REPRESENTATION_CONTEXT(2) 
PARAMETRIC_REPRESENTATION_CONTEXT() REPRESENTATION_CONTEXT('2D SPACE',''
  ) );
#253 = ORIENTED_EDGE('',*,*,#21,.F.);
#254 = ORIENTED_EDGE('',*,*,#255,.T.);
#255 = EDGE_CURVE('',#22,#176,#256,.T.);
#256 = SURFACE_CURVE('',#257,(#276,#327),.PCURVE_S1.);
#257 = B_SPLINE_CURVE_WITH_KNOTS('',3,(#258,#259,#260,#261,#262,#263,
    #264,#265,#266,#267,#268,#269,#270,#271,#272,#273,#274,#275),
  .UNSPECIFIED.,.F.,.F.,(4,2,2,2,2,2,2,2,4),(0.,0.125,0.25,0.375,0.5,
    0.625,0.75,0.875,1.),.UNSPECIFIED.);
#258 = CARTESIAN_POINT('',(-14.81095129206,-22.,62.373967528041));
#259 = CARTESIAN_POINT('',(-14.53164143577,-22.,64.116554411819));
#260 = CARTESIAN_POINT('',(-13.94171329846,-22.,65.808894330828));
#261 = CARTESIAN_POINT('',(-12.21276846316,-22.,68.886107669195));
#262 = CARTESIAN_POINT('',(-11.07419637943,-22.,70.270189754482));
#263 = CARTESIAN_POINT('',(-8.388099840662,-22.,72.560032010565));
#264 = CARTESIAN_POINT('',(-6.841266140362,-22.,73.465203327097));
#265 = CARTESIAN_POINT('',(-3.529205089254,-22.,74.685344207111));
#266 = CARTESIAN_POINT('',(-1.764829465795,-22.,75.));
#267 = CARTESIAN_POINT('',(1.764829465795,-22.,75.));
#268 = CARTESIAN_POINT('',(3.529205089254,-22.,74.685344207111));
#269 = CARTESIAN_POINT('',(6.841266140362,-22.,73.465203327097));
#270 = CARTESIAN_POINT('',(8.388099840662,-22.,72.560032010565));
#271 = CARTESIAN_POINT('',(11.074196379434,-22.,70.270189754482));
#272 = CARTESIAN_POINT('',(12.212768463162,-22.,68.886107669195));
#273 = CARTESIAN_POINT('',(13.941713298466,-22.,65.808894330828));
#274 = CARTESIAN_POINT('',(14.531641435773,-22.,64.116554411819));
#275 = CARTESIAN_POINT('',(14.810951292061,-22.,62.373967528041));
#276 = PCURVE('',#44,#277);
#277 = DEFINITIONAL_REPRESENTATION('',(#278),#326);
#278 = B_SPLINE_CURVE_WITH_KNOTS('',3,(#279,#280,#281,#282,#283,#284,
    #285,#286,#287,#288,#289,#290,#291,#292,#293,#294,#295,#296,#297,
    #298,#299,#300,#301,#302,#303,#304,#305,#306,#307,#308,#309,#310,
    #311,#312,#313,#314,#315,#316,#317,#318,#319,#320,#321,#322,#323,
    #324,#325),.UNSPECIFIED.,.F.,.F.,(4,1,1,1,1,1,1,1,1,1,1,1,1,1,1,1,1,
    1,1,1,1,1,1,1,1,1,1,1,1,1,1,1,1,1,1,1,1,1,1,1,1,1,1,1,4),(0.,
    2.272727272727E-02,4.545454545455E-02,6.818181818182E-02,
    9.090909090909E-02,0.113636363636,0.136363636364,0.159090909091,
    0.181818181818,0.204545454545,0.227272727273,0.25,0.272727272727,
    0.295454545455,0.318181818182,0.340909090909,0.363636363636,
    0.386363636364,0.409090909091,0.431818181818,0.454545454545,
    0.477272727273,0.5,0.522727272727,0.545454545455,0.568181818182,
    0.590909090909,0.613636363636,0.636363636364,0.659090909091,
    0.681818181818,0.704545454545,0.727272727273,0.75,0.772727272727,
    0.795454545455,0.818181818182,0.840909090909,0.863636363636,
    0.886363636364,0.909090909091,0.931818181818,0.954545454545,
    0.977272727273,1.),.UNSPECIFIED.);
#279 = CARTESIAN_POINT('',(1.411863572636,-3.));
#280 = CARTESIAN_POINT('',(1.390472259746,-3.));
#281 = CARTESIAN_POINT('',(1.347689397719,-3.));
#282 = CARTESIAN_POINT('',(1.283514139091,-3.));
#283 = CARTESIAN_POINT('',(1.219336059641,-3.));
#284 = CARTESIAN_POINT('',(1.155158898491,-3.));
#285 = CARTESIAN_POINT('',(1.090985207719,-3.));
#286 = CARTESIAN_POINT('',(1.026810151116,-3.));
#287 = CARTESIAN_POINT('',(0.962636461059,-3.));
#288 = CARTESIAN_POINT('',(0.898459297043,-3.));
#289 = CARTESIAN_POINT('',(0.834281228342,-3.));
#290 = CARTESIAN_POINT('',(0.770105929584,-3.));
#291 = CARTESIAN_POINT('',(0.705931786318,-3.));
#292 = CARTESIAN_POINT('',(0.641757643052,-3.));
#293 = CARTESIAN_POINT('',(0.577582344293,-3.));
#294 = CARTESIAN_POINT('',(0.513404275596,-3.));
#295 = CARTESIAN_POINT('',(0.449227111564,-3.));
#296 = CARTESIAN_POINT('',(0.385053421564,-3.));
#297 = CARTESIAN_POINT('',(0.320878364754,-3.));
#298 = CARTESIAN_POINT('',(0.256704674753,-3.));
#299 = CARTESIAN_POINT('',(0.192527510722,-3.));
#300 = CARTESIAN_POINT('',(0.128349442025,-3.));
#301 = CARTESIAN_POINT('',(6.417414326548E-02,-3.));
#302 = CARTESIAN_POINT('',(1.896456438276E-15,-3.));
#303 = CARTESIAN_POINT('',(-6.417414326547E-02,-3.));
#304 = CARTESIAN_POINT('',(-0.128349442025,-3.));
#305 = CARTESIAN_POINT('',(-0.192527510722,-3.));
#306 = CARTESIAN_POINT('',(-0.256704674753,-3.));
#307 = CARTESIAN_POINT('',(-0.320878364754,-3.));
#308 = CARTESIAN_POINT('',(-0.385053421564,-3.));
#309 = CARTESIAN_POINT('',(-0.449227111564,-3.));
#310 = CARTESIAN_POINT('',(-0.513404275596,-3.));
#311 = CARTESIAN_POINT('',(-0.577582344293,-3.));
#312 = CARTESIAN_POINT('',(-0.641757643052,-3.));
#313 = CARTESIAN_POINT('',(-0.705931786318,-3.));
#314 = CARTESIAN_POINT('',(-0.770105929584,-3.));
#315 = CARTESIAN_POINT('',(-0.834281228342,-3.));
#316 = CARTESIAN_POINT('',(-0.898459297043,-3.));
#317 = CARTESIAN_POINT('',(-0.962636461059,-3.));
#318 = CARTESIAN_POINT('',(-1.026810151116,-3.));
#319 = CARTESIAN_POINT('',(-1.090985207719,-3.));
#320 = CARTESIAN_POINT('',(-1.155158898491,-3.));
#321 = CARTESIAN_POINT('',(-1.219336059641,-3.));
#322 = CARTESIAN_POINT('',(-1.283514139091,-3.));
#323 = CARTESIAN_POINT('',(-1.347689397719,-3.));
#324 = CARTESIAN_POINT('',(-1.390472259746,-3.));
#325 = CARTESIAN_POINT('',(-1.411863572636,-3.));
#326 = ( GEOMETRIC_REPRESENTATION_CONTEXT(2) 
PARAMETRIC_REPRESENTATION_CONTEXT() REPRESENTATION_CONTEXT('2D SPACE',''
  ) );
#327 = PCURVE('',#328,#359);
#328 = B_SPLINE_SURFACE_WITH_KNOTS('',2,3,(
    (#329,#330,#331,#332,#333,#334,#335,#336,#337,#338)
    ,(#339,#340,#341,#342,#343,#344,#345,#346,#347,#348)
    ,(#349,#350,#351,#352,#353,#354,#355,#356,#357,#358
  )),.UNSPECIFIED.,.F.,.F.,.F.,(3,3),(4,2,2,2,4),(0.,1.),(1.729729080954
    ,2.435660867272,3.14159265359,3.847524439908,4.553456226225),
  .UNSPECIFIED.);
#329 = CARTESIAN_POINT('',(11.848761033649,-25.,61.899174022433));
#330 = CARTESIAN_POINT('',(11.401040392189,-25.,64.692459328443));
#331 = CARTESIAN_POINT('',(9.933795716569,-25.,67.300214903275));
#332 = CARTESIAN_POINT('',(5.636041259508,-25.,70.963962508762));
#333 = CARTESIAN_POINT('',(2.823727142003,-25.,72.));
#334 = CARTESIAN_POINT('',(-2.823727142003,-25.,72.));
#335 = CARTESIAN_POINT('',(-5.636041259507,-25.,70.963962508762));
#336 = CARTESIAN_POINT('',(-9.93379571657,-25.,67.300214903275));
#337 = CARTESIAN_POINT('',(-11.40104039219,-25.,64.692459328445));
#338 = CARTESIAN_POINT('',(-11.84876103364,-25.,61.899174022433));
#339 = CARTESIAN_POINT('',(14.810951292061,-25.,62.373967528041));
#340 = CARTESIAN_POINT('',(14.251300490238,-25.,65.865574160562));
#341 = CARTESIAN_POINT('',(12.417244645713,-25.,69.125268629084));
#342 = CARTESIAN_POINT('',(7.045051574384,-25.,73.704953135963));
#343 = CARTESIAN_POINT('',(3.529658927504,-25.,75.));
#344 = CARTESIAN_POINT('',(-3.529658927504,-25.,75.));
#345 = CARTESIAN_POINT('',(-7.045051574384,-25.,73.704953135963));
#346 = CARTESIAN_POINT('',(-12.41724464571,-25.,69.125268629084));
#347 = CARTESIAN_POINT('',(-14.25130049024,-25.,65.865574160563));
#348 = CARTESIAN_POINT('',(-14.81095129206,-25.,62.373967528041));
#349 = CARTESIAN_POINT('',(14.810951292061,-22.,62.373967528041));
#350 = CARTESIAN_POINT('',(14.251300490243,-22.,65.865574160561));
#351 = CARTESIAN_POINT('',(12.417244645715,-22.,69.125268629087));
#352 = CARTESIAN_POINT('',(7.045051574381,-22.,73.70495313596));
#353 = CARTESIAN_POINT('',(3.529658927504,-22.,75.));
#354 = CARTESIAN_POINT('',(-3.529658927504,-22.,75.));
#355 = CARTESIAN_POINT('',(-7.045051574381,-22.,73.70495313596));
#356 = CARTESIAN_POINT('',(-12.41724464571,-22.,69.125268629087));
#357 = CARTESIAN_POINT('',(-14.25130049024,-22.,65.865574160561));
#358 = CARTESIAN_POINT('',(-14.81095129206,-22.,62.373967528041));
#359 = DEFINITIONAL_REPRESENTATION('',(#360),#408);
#360 = B_SPLINE_CURVE_WITH_KNOTS('',3,(#361,#362,#363,#364,#365,#366,
    #367,#368,#369,#370,#371,#372,#373,#374,#375,#376,#377,#378,#379,
    #380,#381,#382,#383,#384,#385,#386,#387,#388,#389,#390,#391,#392,
    #393,#394,#395,#396,#397,#398,#399,#400,#401,#402,#403,#404,#405,
    #406,#407),.UNSPECIFIED.,.F.,.F.,(4,1,1,1,1,1,1,1,1,1,1,1,1,1,1,1,1,
    1,1,1,1,1,1,1,1,1,1,1,1,1,1,1,1,1,1,1,1,1,1,1,1,1,1,1,4),(0.,
    2.272727272727E-02,4.545454545455E-02,6.818181818182E-02,
    9.090909090909E-02,0.113636363636,0.136363636364,0.159090909091,
    0.181818181818,0.204545454545,0.227272727273,0.25,0.272727272727,
    0.295454545455,0.318181818182,0.340909090909,0.363636363636,
    0.386363636364,0.409090909091,0.431818181818,0.454545454545,
    0.477272727273,0.5,0.522727272727,0.545454545455,0.568181818182,
    0.590909090909,0.613636363636,0.636363636364,0.659090909091,
    0.681818181818,0.704545454545,0.727272727273,0.75,0.772727272727,
    0.795454545455,0.818181818182,0.840909090909,0.863636363636,
    0.886363636364,0.909090909091,0.931818181818,0.954545454545,
    0.977272727273,1.),.UNSPECIFIED.);
#361 = CARTESIAN_POINT('',(1.,4.553456226225));
#362 = CARTESIAN_POINT('',(1.,4.532102880767));
#363 = CARTESIAN_POINT('',(1.,4.489371612985));
#364 = CARTESIAN_POINT('',(1.,4.425226522464));
#365 = CARTESIAN_POINT('',(1.,4.361063135666));
#366 = CARTESIAN_POINT('',(1.,4.296896117297));
#367 = CARTESIAN_POINT('',(1.,4.23273039233));
#368 = CARTESIAN_POINT('',(1.,4.168556905105));
#369 = CARTESIAN_POINT('',(1.,4.104372343875));
#370 = CARTESIAN_POINT('',(1.,4.04016684184));
#371 = CARTESIAN_POINT('',(1.,3.975945159976));
#372 = CARTESIAN_POINT('',(1.,3.91171680278));
#373 = CARTESIAN_POINT('',(1.,3.847523062333));
#374 = CARTESIAN_POINT('',(1.,3.783337587332));
#375 = CARTESIAN_POINT('',(1.,3.719131653778));
#376 = CARTESIAN_POINT('',(1.,3.654942765021));
#377 = CARTESIAN_POINT('',(1.,3.59077558318));
#378 = CARTESIAN_POINT('',(1.,3.526629271409));
#379 = CARTESIAN_POINT('',(1.,3.462487823482));
#380 = CARTESIAN_POINT('',(1.,3.398341503353));
#381 = CARTESIAN_POINT('',(1.,3.334174354941));
#382 = CARTESIAN_POINT('',(1.,3.269985340824));
#383 = CARTESIAN_POINT('',(1.,3.205779875283));
#384 = CARTESIAN_POINT('',(1.,3.14159265359));
#385 = CARTESIAN_POINT('',(1.,3.077405431897));
#386 = CARTESIAN_POINT('',(1.,3.013199966356));
#387 = CARTESIAN_POINT('',(1.,2.949010952238));
#388 = CARTESIAN_POINT('',(1.,2.884843803826));
#389 = CARTESIAN_POINT('',(1.,2.820697483698));
#390 = CARTESIAN_POINT('',(1.,2.756556035771));
#391 = CARTESIAN_POINT('',(1.,2.692409724));
#392 = CARTESIAN_POINT('',(1.,2.628242542158));
#393 = CARTESIAN_POINT('',(1.,2.564053653401));
#394 = CARTESIAN_POINT('',(1.,2.499847719847));
#395 = CARTESIAN_POINT('',(1.,2.435662244846));
#396 = CARTESIAN_POINT('',(1.,2.371468504399));
#397 = CARTESIAN_POINT('',(1.,2.307240147203));
#398 = CARTESIAN_POINT('',(1.,2.24301846534));
#399 = CARTESIAN_POINT('',(1.,2.178812963305));
#400 = CARTESIAN_POINT('',(1.,2.114628402074));
#401 = CARTESIAN_POINT('',(1.,2.050454914849));
#402 = CARTESIAN_POINT('',(1.,1.986289189883));
#403 = CARTESIAN_POINT('',(1.,1.922122171514));
#404 = CARTESIAN_POINT('',(1.,1.857958784716));
#405 = CARTESIAN_POINT('',(1.,1.793813694195));
#406 = CARTESIAN_POINT('',(1.,1.751082426412));
#407 = CARTESIAN_POINT('',(1.,1.729729080954));
#408 = ( GEOMETRIC_REPRESENTATION_CONTEXT(2) 
PARAMETRIC_REPRESENTATION_CONTEXT() REPRESENTATION_CONTEXT('2D SPACE',''
  ) );
#409 = ADVANCED_FACE('',(#410),#72,.F.);
#410 = FACE_BOUND('',#411,.T.);
#411 = EDGE_LOOP('',(#412,#442,#470,#491,#492));
#412 = ORIENTED_EDGE('',*,*,#413,.F.);
#413 = EDGE_CURVE('',#414,#416,#418,.T.);
#414 = VERTEX_POINT('',#415);
#415 = CARTESIAN_POINT('',(-18.94329462771,0.,5.));
#416 = VERTEX_POINT('',#417);
#417 = CARTESIAN_POINT('',(-9.873967528041,0.,61.582645018694));
#418 = SURFACE_CURVE('',#419,(#423,#430),.PCURVE_S1.);
#419 = LINE('',#420,#421);
#420 = CARTESIAN_POINT('',(-13.39003927071,0.,39.646217201113));
#421 = VECTOR('',#422,1.);
#422 = DIRECTION('',(0.158264501869,0.,0.987396752804));
#423 = PCURVE('',#72,#424);
#424 = DEFINITIONAL_REPRESENTATION('',(#425),#429);
#425 = LINE('',#426,#427);
#426 = CARTESIAN_POINT('',(3.193707209205,7.071067811865));
#427 = VECTOR('',#428,1.);
#428 = DIRECTION('',(-1.,1.800642968064E-13));
#429 = ( GEOMETRIC_REPRESENTATION_CONTEXT(2) 
PARAMETRIC_REPRESENTATION_CONTEXT() REPRESENTATION_CONTEXT('2D SPACE',''
  ) );
#430 = PCURVE('',#431,#436);
#431 = PLANE('',#432);
#432 = AXIS2_PLACEMENT_3D('',#433,#434,#435);
#433 = CARTESIAN_POINT('',(0.,0.,37.5));
#434 = DIRECTION('',(0.,-1.,0.));
#435 = DIRECTION('',(1.,0.,0.));
#436 = DEFINITIONAL_REPRESENTATION('',(#437),#441);
#437 = LINE('',#438,#439);
#438 = CARTESIAN_POINT('',(-13.39003927071,2.146217201113));
#439 = VECTOR('',#440,1.);
#440 = DIRECTION('',(0.158264501869,0.987396752804));
#441 = ( GEOMETRIC_REPRESENTATION_CONTEXT(2) 
PARAMETRIC_REPRESENTATION_CONTEXT() REPRESENTATION_CONTEXT('2D SPACE',''
  ) );
#442 = ORIENTED_EDGE('',*,*,#443,.T.);
#443 = EDGE_CURVE('',#414,#444,#446,.T.);
#444 = VERTEX_POINT('',#445);
#445 = CARTESIAN_POINT('',(-20.,-0.900819675973,4.099180324027));
#446 = SURFACE_CURVE('',#447,(#451,#458),.PCURVE_S1.);
#447 = LINE('',#448,#449);
#448 = CARTESIAN_POINT('',(-6.814477186553,10.339568326084,
    15.339568326084));
#449 = VECTOR('',#450,1.);
#450 = DIRECTION('',(-0.638428178004,-0.544246939142,-0.544246939142));
#451 = PCURVE('',#72,#452);
#452 = DEFINITIONAL_REPRESENTATION('',(#453),#457);
#453 = LINE('',#454,#455);
#454 = CARTESIAN_POINT('',(26.153335322204,21.693425567682));
#455 = VECTOR('',#456,1.);
#456 = DIRECTION('',(0.638428178003,-0.769681402615));
#457 = ( GEOMETRIC_REPRESENTATION_CONTEXT(2) 
PARAMETRIC_REPRESENTATION_CONTEXT() REPRESENTATION_CONTEXT('2D SPACE',''
  ) );
#458 = PCURVE('',#459,#464);
#459 = PLANE('',#460);
#460 = AXIS2_PLACEMENT_3D('',#461,#462,#463);
#461 = CARTESIAN_POINT('',(-2.555874176323,-5.,0.));
#462 = DIRECTION('',(0.,-0.707106781187,0.707106781187));
#463 = DIRECTION('',(1.,0.,0.));
#464 = DEFINITIONAL_REPRESENTATION('',(#465),#469);
#465 = LINE('',#466,#467);
#466 = CARTESIAN_POINT('',(-4.25860301023,21.693425567697));
#467 = VECTOR('',#468,1.);
#468 = DIRECTION('',(-0.638428178004,-0.769681402615));
#469 = ( GEOMETRIC_REPRESENTATION_CONTEXT(2) 
PARAMETRIC_REPRESENTATION_CONTEXT() REPRESENTATION_CONTEXT('2D SPACE',''
  ) );
#470 = ORIENTED_EDGE('',*,*,#471,.T.);
#471 = EDGE_CURVE('',#444,#57,#472,.T.);
#472 = SURFACE_CURVE('',#473,(#477,#484),.PCURVE_S1.);
#473 = LINE('',#474,#475);
#474 = CARTESIAN_POINT('',(-20.,-0.992642071067,4.679363460542));
#475 = VECTOR('',#476,1.);
#476 = DIRECTION('',(6.047958860741E-17,-0.156318898982,0.98770663753));
#477 = PCURVE('',#72,#478);
#478 = DEFINITIONAL_REPRESENTATION('',(#479),#483);
#479 = LINE('',#480,#481);
#480 = CARTESIAN_POINT('',(38.765987190617,5.66725993236));
#481 = VECTOR('',#482,1.);
#482 = DIRECTION('',(-0.97525832662,-0.221068306995));
#483 = ( GEOMETRIC_REPRESENTATION_CONTEXT(2) 
PARAMETRIC_REPRESENTATION_CONTEXT() REPRESENTATION_CONTEXT('2D SPACE',''
  ) );
#484 = PCURVE('',#100,#485);
#485 = DEFINITIONAL_REPRESENTATION('',(#486),#490);
#486 = LINE('',#487,#488);
#487 = CARTESIAN_POINT('',(3.799512543822,24.007357928933));
#488 = VECTOR('',#489,1.);
#489 = DIRECTION('',(0.98770663753,-0.156318898982));
#490 = ( GEOMETRIC_REPRESENTATION_CONTEXT(2) 
PARAMETRIC_REPRESENTATION_CONTEXT() REPRESENTATION_CONTEXT('2D SPACE',''
  ) );
#491 = ORIENTED_EDGE('',*,*,#56,.F.);
#492 = ORIENTED_EDGE('',*,*,#493,.T.);
#493 = EDGE_CURVE('',#24,#416,#494,.T.);
#494 = SURFACE_CURVE('',#495,(#499,#506),.PCURVE_S1.);
#495 = LINE('',#496,#497);
#496 = CARTESIAN_POINT('',(-14.81095129206,-5.,62.373967528041));
#497 = VECTOR('',#498,1.);
#498 = DIRECTION('',(0.698194939629,0.707106781187,-0.111909902493));
#499 = PCURVE('',#72,#500);
#500 = DEFINITIONAL_REPRESENTATION('',(#501),#505);
#501 = LINE('',#502,#503);
#502 = CARTESIAN_POINT('',(-19.02271972888,5.795808277753E-12));
#503 = VECTOR('',#504,1.);
#504 = DIRECTION('',(5.403039127216E-13,1.));
#505 = ( GEOMETRIC_REPRESENTATION_CONTEXT(2) 
PARAMETRIC_REPRESENTATION_CONTEXT() REPRESENTATION_CONTEXT('2D SPACE',''
  ) );
#506 = PCURVE('',#242,#507);
#507 = DEFINITIONAL_REPRESENTATION('',(#508),#534);
#508 = B_SPLINE_CURVE_WITH_KNOTS('',3,(#509,#510,#511,#512,#513,#514,
    #515,#516,#517,#518,#519,#520,#521,#522,#523,#524,#525,#526,#527,
    #528,#529,#530,#531,#532,#533),.UNSPECIFIED.,.F.,.F.,(4,1,1,1,1,1,1,
    1,1,1,1,1,1,1,1,1,1,1,1,1,1,1,4),(0.,0.321412173267,0.642824346533,
    0.9642365198,1.285648693066,1.607060866333,1.9284730396,
    2.249885212866,2.571297386133,2.8927095594,3.214121732666,
    3.535533905933,3.856946079199,4.178358252466,4.499770425733,
    4.821182598999,5.142594772266,5.464006945532,5.785419118799,
    6.106831292066,6.428243465332,6.749655638599,7.071067811866),
  .UNSPECIFIED.);
#509 = CARTESIAN_POINT('',(4.553456226225,2.48689957516E-14));
#510 = CARTESIAN_POINT('',(4.553456226225,-7.575757575736E-02));
#511 = CARTESIAN_POINT('',(4.553456226225,-0.227272727272));
#512 = CARTESIAN_POINT('',(4.553456226225,-0.454545454544));
#513 = CARTESIAN_POINT('',(4.553456226225,-0.681818181816));
#514 = CARTESIAN_POINT('',(4.553456226225,-0.909090909089));
#515 = CARTESIAN_POINT('',(4.553456226225,-1.136363636361));
#516 = CARTESIAN_POINT('',(4.553456226225,-1.363636363633));
#517 = CARTESIAN_POINT('',(4.553456226225,-1.590909090905));
#518 = CARTESIAN_POINT('',(4.553456226225,-1.818181818177));
#519 = CARTESIAN_POINT('',(4.553456226225,-2.045454545449));
#520 = CARTESIAN_POINT('',(4.553456226225,-2.272727272721));
#521 = CARTESIAN_POINT('',(4.553456226225,-2.499999999994));
#522 = CARTESIAN_POINT('',(4.553456226225,-2.727272727266));
#523 = CARTESIAN_POINT('',(4.553456226225,-2.954545454538));
#524 = CARTESIAN_POINT('',(4.553456226225,-3.18181818181));
#525 = CARTESIAN_POINT('',(4.553456226225,-3.409090909082));
#526 = CARTESIAN_POINT('',(4.553456226225,-3.636363636354));
#527 = CARTESIAN_POINT('',(4.553456226225,-3.863636363627));
#528 = CARTESIAN_POINT('',(4.553456226225,-4.090909090899));
#529 = CARTESIAN_POINT('',(4.553456226225,-4.318181818171));
#530 = CARTESIAN_POINT('',(4.553456226225,-4.545454545443));
#531 = CARTESIAN_POINT('',(4.553456226225,-4.772727272715));
#532 = CARTESIAN_POINT('',(4.553456226225,-4.92424242423));
#533 = CARTESIAN_POINT('',(4.553456226225,-4.999999999987));
#534 = ( GEOMETRIC_REPRESENTATION_CONTEXT(2) 
PARAMETRIC_REPRESENTATION_CONTEXT() REPRESENTATION_CONTEXT('2D SPACE',''
  ) );
#535 = ADVANCED_FACE('',(#536),#100,.T.);
#536 = FACE_BOUND('',#537,.T.);
#537 = EDGE_LOOP('',(#538,#539,#562,#590,#656));
#538 = ORIENTED_EDGE('',*,*,#471,.F.);
#539 = ORIENTED_EDGE('',*,*,#540,.F.);
#540 = EDGE_CURVE('',#541,#444,#543,.T.);
#541 = VERTEX_POINT('',#542);
#542 = CARTESIAN_POINT('',(-20.,-5.,0.));
#543 = SURFACE_CURVE('',#544,(#548,#555),.PCURVE_S1.);
#544 = LINE('',#545,#546);
#545 = CARTESIAN_POINT('',(-20.,-14.56007454164,-9.56007454164));
#546 = VECTOR('',#547,1.);
#547 = DIRECTION('',(4.329780281171E-17,0.707106781187,0.707106781187));
#548 = PCURVE('',#100,#549);
#549 = DEFINITIONAL_REPRESENTATION('',(#550),#554);
#550 = LINE('',#551,#552);
#551 = CARTESIAN_POINT('',(-10.43992545836,10.43992545836));
#552 = VECTOR('',#553,1.);
#553 = DIRECTION('',(0.707106781187,0.707106781187));
#554 = ( GEOMETRIC_REPRESENTATION_CONTEXT(2) 
PARAMETRIC_REPRESENTATION_CONTEXT() REPRESENTATION_CONTEXT('2D SPACE',''
  ) );
#555 = PCURVE('',#459,#556);
#556 = DEFINITIONAL_REPRESENTATION('',(#557),#561);
#557 = LINE('',#558,#559);
#558 = CARTESIAN_POINT('',(-17.44412582367,-13.51998707408));
#559 = VECTOR('',#560,1.);
#560 = DIRECTION('',(4.329780281171E-17,1.));
#561 = ( GEOMETRIC_REPRESENTATION_CONTEXT(2) 
PARAMETRIC_REPRESENTATION_CONTEXT() REPRESENTATION_CONTEXT('2D SPACE',''
  ) );
#562 = ORIENTED_EDGE('',*,*,#563,.F.);
#563 = EDGE_CURVE('',#564,#541,#566,.T.);
#564 = VERTEX_POINT('',#565);
#565 = CARTESIAN_POINT('',(-20.,-22.,0.));
#566 = SURFACE_CURVE('',#567,(#571,#578),.PCURVE_S1.);
#567 = LINE('',#568,#569);
#568 = CARTESIAN_POINT('',(-20.,-25.,0.));
#569 = VECTOR('',#570,1.);
#570 = DIRECTION('',(0.,1.,0.));
#571 = PCURVE('',#100,#572);
#572 = DEFINITIONAL_REPRESENTATION('',(#573),#577);
#573 = LINE('',#574,#575);
#574 = CARTESIAN_POINT('',(-0.87985091672,0.));
#575 = VECTOR('',#576,1.);
#576 = DIRECTION('',(0.,1.));
#577 = ( GEOMETRIC_REPRESENTATION_CONTEXT(2) 
PARAMETRIC_REPRESENTATION_CONTEXT() REPRESENTATION_CONTEXT('2D SPACE',''
  ) );
#578 = PCURVE('',#579,#584);
#579 = PLANE('',#580);
#580 = AXIS2_PLACEMENT_3D('',#581,#582,#583);
#581 = CARTESIAN_POINT('',(-2.555874176323,-25.,0.));
#582 = DIRECTION('',(0.,0.,1.));
#583 = DIRECTION('',(1.,0.,0.));
#584 = DEFINITIONAL_REPRESENTATION('',(#585),#589);
#585 = LINE('',#586,#587);
#586 = CARTESIAN_POINT('',(-17.44412582367,0.));
#587 = VECTOR('',#588,1.);
#588 = DIRECTION('',(0.,1.));
#589 = ( GEOMETRIC_REPRESENTATION_CONTEXT(2) 
PARAMETRIC_REPRESENTATION_CONTEXT() REPRESENTATION_CONTEXT('2D SPACE',''
  ) );
#590 = ORIENTED_EDGE('',*,*,#591,.T.);
#591 = EDGE_CURVE('',#564,#85,#592,.T.);
#592 = SURFACE_CURVE('',#593,(#596,#602),.PCURVE_S1.);
#593 = B_SPLINE_CURVE_WITH_KNOTS('',1,(#594,#595),.UNSPECIFIED.,.F.,.F.,
  (2,2),(0.,1.),.PIECEWISE_BEZIER_KNOTS.);
#594 = CARTESIAN_POINT('',(-20.,-22.,-1.09504419421E-14));
#595 = CARTESIAN_POINT('',(-20.,-22.,30.));
#596 = PCURVE('',#100,#597);
#597 = DEFINITIONAL_REPRESENTATION('',(#598),#601);
#598 = B_SPLINE_CURVE_WITH_KNOTS('',1,(#599,#600),.UNSPECIFIED.,.F.,.F.,
  (2,2),(0.,1.),.PIECEWISE_BEZIER_KNOTS.);
#599 = CARTESIAN_POINT('',(-0.87985091672,3.));
#600 = CARTESIAN_POINT('',(29.12014908328,3.));
#601 = ( GEOMETRIC_REPRESENTATION_CONTEXT(2) 
PARAMETRIC_REPRESENTATION_CONTEXT() REPRESENTATION_CONTEXT('2D SPACE',''
  ) );
#602 = PCURVE('',#603,#628);
#603 = B_SPLINE_SURFACE_WITH_KNOTS('',2,3,(
    (#604,#605,#606,#607,#608,#609,#610,#611)
    ,(#612,#613,#614,#615,#616,#617,#618,#619)
    ,(#620,#621,#622,#623,#624,#625,#626,#627
  )),.UNSPECIFIED.,.F.,.F.,.F.,(3,3),(4,2,2,4),(0.,1.),(
    -2.37985091672E-03,2.12014908328E-03,2.888124685858E-02,
    3.062014908328E-02),.UNSPECIFIED.);
#604 = CARTESIAN_POINT('',(-20.,-22.,-1.5));
#605 = CARTESIAN_POINT('',(-20.,-22.,1.734723475977E-15));
#606 = CARTESIAN_POINT('',(-20.,-22.,1.5));
#607 = CARTESIAN_POINT('',(-20.,-22.,11.9203659251));
#608 = CARTESIAN_POINT('',(-20.,-22.,20.8407318502));
#609 = CARTESIAN_POINT('',(-20.,-22.,30.340731850199));
#610 = CARTESIAN_POINT('',(-20.,-22.,30.9203659251));
#611 = CARTESIAN_POINT('',(-20.,-22.,31.5));
#612 = CARTESIAN_POINT('',(-20.,-25.,-1.5));
#613 = CARTESIAN_POINT('',(-20.,-25.,1.951563910474E-15));
#614 = CARTESIAN_POINT('',(-20.,-25.,1.5));
#615 = CARTESIAN_POINT('',(-20.,-25.,11.9203659251));
#616 = CARTESIAN_POINT('',(-20.,-25.,20.8407318502));
#617 = CARTESIAN_POINT('',(-20.,-25.,30.340731850199));
#618 = CARTESIAN_POINT('',(-20.,-25.,30.9203659251));
#619 = CARTESIAN_POINT('',(-20.,-25.,31.5));
#620 = CARTESIAN_POINT('',(-17.,-25.,-1.5));
#621 = CARTESIAN_POINT('',(-17.,-25.,1.51788304148E-15));
#622 = CARTESIAN_POINT('',(-17.,-25.,1.5));
#623 = CARTESIAN_POINT('',(-17.,-25.,11.9203659251));
#624 = CARTESIAN_POINT('',(-17.,-25.,20.8407318502));
#625 = CARTESIAN_POINT('',(-17.,-25.,30.340731850199));
#626 = CARTESIAN_POINT('',(-17.,-25.,30.9203659251));
#627 = CARTESIAN_POINT('',(-17.,-25.,31.5));
#628 = DEFINITIONAL_REPRESENTATION('',(#629),#655);
#629 = B_SPLINE_CURVE_WITH_KNOTS('',3,(#630,#631,#632,#633,#634,#635,
    #636,#637,#638,#639,#640,#641,#642,#643,#644,#645,#646,#647,#648,
    #649,#650,#651,#652,#653,#654),.UNSPECIFIED.,.F.,.F.,(4,1,1,1,1,1,1,
    1,1,1,1,1,1,1,1,1,1,1,1,1,1,1,4),(0.,4.545454545455E-02,
    9.090909090909E-02,0.136363636364,0.181818181818,0.227272727273,
    0.272727272727,0.318181818182,0.363636363636,0.409090909091,
    0.454545454545,0.5,0.545454545455,0.590909090909,0.636363636364,
    0.681818181818,0.727272727273,0.772727272727,0.818181818182,
    0.863636363636,0.909090909091,0.954545454545,1.),.UNSPECIFIED.);
#630 = CARTESIAN_POINT('',(0.,-8.798509167197E-04));
#631 = CARTESIAN_POINT('',(0.,-4.253054621743E-04));
#632 = CARTESIAN_POINT('',(0.,4.837854469166E-04));
#633 = CARTESIAN_POINT('',(0.,1.847421810553E-03));
#634 = CARTESIAN_POINT('',(0.,3.211058174189E-03));
#635 = CARTESIAN_POINT('',(0.,4.574694537826E-03));
#636 = CARTESIAN_POINT('',(0.,5.938330901462E-03));
#637 = CARTESIAN_POINT('',(0.,7.301967265099E-03));
#638 = CARTESIAN_POINT('',(0.,8.665603628735E-03));
#639 = CARTESIAN_POINT('',(0.,1.002923999237E-02));
#640 = CARTESIAN_POINT('',(0.,1.139287635601E-02));
#641 = CARTESIAN_POINT('',(0.,1.275651271964E-02));
#642 = CARTESIAN_POINT('',(0.,1.412014908328E-02));
#643 = CARTESIAN_POINT('',(0.,1.548378544692E-02));
#644 = CARTESIAN_POINT('',(0.,1.684742181055E-02));
#645 = CARTESIAN_POINT('',(0.,1.821105817419E-02));
#646 = CARTESIAN_POINT('',(0.,1.957469453783E-02));
#647 = CARTESIAN_POINT('',(0.,2.093833090146E-02));
#648 = CARTESIAN_POINT('',(0.,2.23019672651E-02));
#649 = CARTESIAN_POINT('',(0.,2.366560362874E-02));
#650 = CARTESIAN_POINT('',(0.,2.502923999237E-02));
#651 = CARTESIAN_POINT('',(0.,2.639287635601E-02));
#652 = CARTESIAN_POINT('',(0.,2.775651271964E-02));
#653 = CARTESIAN_POINT('',(-0.,2.866560362874E-02));
#654 = CARTESIAN_POINT('',(0.,2.912014908328E-02));
#655 = ( GEOMETRIC_REPRESENTATION_CONTEXT(2) 
PARAMETRIC_REPRESENTATION_CONTEXT() REPRESENTATION_CONTEXT('2D SPACE',''
  ) );
#656 = ORIENTED_EDGE('',*,*,#84,.T.);
#657 = ADVANCED_FACE('',(#658),#124,.T.);
#658 = FACE_BOUND('',#659,.T.);
#659 = EDGE_LOOP('',(#660,#727,#728,#994));
#660 = ORIENTED_EDGE('',*,*,#661,.T.);
#661 = EDGE_CURVE('',#662,#22,#664,.T.);
#662 = VERTEX_POINT('',#663);
#663 = CARTESIAN_POINT('',(-11.84876103364,-25.,61.899174022433));
#664 = SURFACE_CURVE('',#665,(#669,#698),.PCURVE_S1.);
#665 = B_SPLINE_CURVE_WITH_KNOTS('',2,(#666,#667,#668),.UNSPECIFIED.,.F.
  ,.F.,(3,3),(0.,1.),.PIECEWISE_BEZIER_KNOTS.);
#666 = CARTESIAN_POINT('',(-11.84876103364,-25.,61.899174022433));
#667 = CARTESIAN_POINT('',(-14.81095129206,-25.,62.373967528041));
#668 = CARTESIAN_POINT('',(-14.81095129206,-22.,62.373967528041));
#669 = PCURVE('',#124,#670);
#670 = DEFINITIONAL_REPRESENTATION('',(#671),#697);
#671 = B_SPLINE_CURVE_WITH_KNOTS('',3,(#672,#673,#674,#675,#676,#677,
    #678,#679,#680,#681,#682,#683,#684,#685,#686,#687,#688,#689,#690,
    #691,#692,#693,#694,#695,#696),.UNSPECIFIED.,.F.,.F.,(4,1,1,1,1,1,1,
    1,1,1,1,1,1,1,1,1,1,1,1,1,1,1,4),(0.,4.545454545455E-02,
    9.090909090909E-02,0.136363636364,0.181818181818,0.227272727273,
    0.272727272727,0.318181818182,0.363636363636,0.409090909091,
    0.454545454545,0.5,0.545454545455,0.590909090909,0.636363636364,
    0.681818181818,0.727272727273,0.772727272727,0.818181818182,
    0.863636363636,0.909090909091,0.954545454545,1.),.UNSPECIFIED.);
#672 = CARTESIAN_POINT('',(1.,2.221642693809E-02));
#673 = CARTESIAN_POINT('',(0.984848484848,2.221642693809E-02));
#674 = CARTESIAN_POINT('',(0.954545454545,2.221642693809E-02));
#675 = CARTESIAN_POINT('',(0.909090909091,2.221642693809E-02));
#676 = CARTESIAN_POINT('',(0.863636363636,2.221642693809E-02));
#677 = CARTESIAN_POINT('',(0.818181818182,2.221642693809E-02));
#678 = CARTESIAN_POINT('',(0.772727272727,2.221642693809E-02));
#679 = CARTESIAN_POINT('',(0.727272727273,2.221642693809E-02));
#680 = CARTESIAN_POINT('',(0.681818181818,2.221642693809E-02));
#681 = CARTESIAN_POINT('',(0.636363636364,2.221642693809E-02));
#682 = CARTESIAN_POINT('',(0.590909090909,2.221642693809E-02));
#683 = CARTESIAN_POINT('',(0.545454545455,2.221642693809E-02));
#684 = CARTESIAN_POINT('',(0.5,2.221642693809E-02));
#685 = CARTESIAN_POINT('',(0.454545454545,2.221642693809E-02));
#686 = CARTESIAN_POINT('',(0.409090909091,2.221642693809E-02));
#687 = CARTESIAN_POINT('',(0.363636363636,2.221642693809E-02));
#688 = CARTESIAN_POINT('',(0.318181818182,2.221642693809E-02));
#689 = CARTESIAN_POINT('',(0.272727272727,2.221642693809E-02));
#690 = CARTESIAN_POINT('',(0.227272727273,2.221642693809E-02));
#691 = CARTESIAN_POINT('',(0.181818181818,2.221642693809E-02));
#692 = CARTESIAN_POINT('',(0.136363636364,2.221642693809E-02));
#693 = CARTESIAN_POINT('',(9.090909090909E-02,2.221642693809E-02));
#694 = CARTESIAN_POINT('',(4.545454545455E-02,2.221642693809E-02));
#695 = CARTESIAN_POINT('',(1.515151515152E-02,2.221642693809E-02));
#696 = CARTESIAN_POINT('',(0.,2.221642693809E-02));
#697 = ( GEOMETRIC_REPRESENTATION_CONTEXT(2) 
PARAMETRIC_REPRESENTATION_CONTEXT() REPRESENTATION_CONTEXT('2D SPACE',''
  ) );
#698 = PCURVE('',#328,#699);
#699 = DEFINITIONAL_REPRESENTATION('',(#700),#726);
#700 = B_SPLINE_CURVE_WITH_KNOTS('',3,(#701,#702,#703,#704,#705,#706,
    #707,#708,#709,#710,#711,#712,#713,#714,#715,#716,#717,#718,#719,
    #720,#721,#722,#723,#724,#725),.UNSPECIFIED.,.F.,.F.,(4,1,1,1,1,1,1,
    1,1,1,1,1,1,1,1,1,1,1,1,1,1,1,4),(0.,4.545454545455E-02,
    9.090909090909E-02,0.136363636364,0.181818181818,0.227272727273,
    0.272727272727,0.318181818182,0.363636363636,0.409090909091,
    0.454545454545,0.5,0.545454545455,0.590909090909,0.636363636364,
    0.681818181818,0.727272727273,0.772727272727,0.818181818182,
    0.863636363636,0.909090909091,0.954545454545,1.),.UNSPECIFIED.);
#701 = CARTESIAN_POINT('',(0.,4.553456226225));
#702 = CARTESIAN_POINT('',(1.515151515152E-02,4.553456226225));
#703 = CARTESIAN_POINT('',(4.545454545455E-02,4.553456226225));
#704 = CARTESIAN_POINT('',(9.090909090909E-02,4.553456226225));
#705 = CARTESIAN_POINT('',(0.136363636364,4.553456226225));
#706 = CARTESIAN_POINT('',(0.181818181818,4.553456226225));
#707 = CARTESIAN_POINT('',(0.227272727273,4.553456226225));
#708 = CARTESIAN_POINT('',(0.272727272727,4.553456226225));
#709 = CARTESIAN_POINT('',(0.318181818182,4.553456226225));
#710 = CARTESIAN_POINT('',(0.363636363636,4.553456226225));
#711 = CARTESIAN_POINT('',(0.409090909091,4.553456226225));
#712 = CARTESIAN_POINT('',(0.454545454545,4.553456226225));
#713 = CARTESIAN_POINT('',(0.5,4.553456226225));
#714 = CARTESIAN_POINT('',(0.545454545455,4.553456226225));
#715 = CARTESIAN_POINT('',(0.590909090909,4.553456226225));
#716 = CARTESIAN_POINT('',(0.636363636364,4.553456226225));
#717 = CARTESIAN_POINT('',(0.681818181818,4.553456226225));
#718 = CARTESIAN_POINT('',(0.727272727273,4.553456226225));
#719 = CARTESIAN_POINT('',(0.772727272727,4.553456226225));
#720 = CARTESIAN_POINT('',(0.818181818182,4.553456226225));
#721 = CARTESIAN_POINT('',(0.863636363636,4.553456226225));
#722 = CARTESIAN_POINT('',(0.909090909091,4.553456226225));
#723 = CARTESIAN_POINT('',(0.954545454545,4.553456226225));
#724 = CARTESIAN_POINT('',(0.984848484848,4.553456226225));
#725 = CARTESIAN_POINT('',(1.,4.553456226225));
#726 = ( GEOMETRIC_REPRESENTATION_CONTEXT(2) 
PARAMETRIC_REPRESENTATION_CONTEXT() REPRESENTATION_CONTEXT('2D SPACE',''
  ) );
#727 = ORIENTED_EDGE('',*,*,#112,.F.);
#728 = ORIENTED_EDGE('',*,*,#729,.F.);
#729 = EDGE_CURVE('',#730,#85,#732,.T.);
#730 = VERTEX_POINT('',#731);
#731 = CARTESIAN_POINT('',(-17.00000000003,-25.,29.761097775076));
#732 = SURFACE_CURVE('',#733,(#760,#877),.PCURVE_S1.);
#733 = B_SPLINE_CURVE_WITH_KNOTS('',3,(#734,#735,#736,#737,#738,#739,
    #740,#741,#742,#743,#744,#745,#746,#747,#748,#749,#750,#751,#752,
    #753,#754,#755,#756,#757,#758,#759),.UNSPECIFIED.,.F.,.F.,(4,1,1,1,1
    ,1,1,1,1,1,1,1,1,1,1,1,1,1,1,1,1,1,1,4),(0.,5.251150595792E-02,
    0.102798034828,0.150982261798,0.197203604141,0.241619966722,
    0.284409241786,0.325770321028,0.365923324811,0.405108737555,
    0.443585190802,0.48162577915,0.519513023642,0.557532863932,
    0.595968280471,0.635093237504,0.675167559856,0.716433143494,
    0.759111633477,0.803403468569,0.849488041257,0.897524663335,
    0.947654039149,1.),.UNSPECIFIED.);
#734 = CARTESIAN_POINT('',(-17.,-25.,29.761097775076));
#735 = CARTESIAN_POINT('',(-17.08509555811,-24.99896017094,
    29.767874281594));
#736 = CARTESIAN_POINT('',(-17.25168107089,-24.99692457167,
    29.781140165713));
#737 = CARTESIAN_POINT('',(-17.49585326754,-24.97957290823,
    29.800584593827));
#738 = CARTESIAN_POINT('',(-17.72873514903,-24.95158737325,
    29.819129927927));
#739 = CARTESIAN_POINT('',(-17.95033188304,-24.91205108579,
    29.836776579537));
#740 = CARTESIAN_POINT('',(-18.16064420909,-24.86117745134,
    29.853524607569));
#741 = CARTESIAN_POINT('',(-18.35966949861,-24.79889260466,
    29.869373802714));
#742 = CARTESIAN_POINT('',(-18.54739969705,-24.72519333102,
    29.884323523572));
#743 = CARTESIAN_POINT('',(-18.72382034768,-24.64005902525,
    29.898372618913));
#744 = CARTESIAN_POINT('',(-18.88891027922,-24.54347723893,
    29.911519402797));
#745 = CARTESIAN_POINT('',(-19.04264275101,-24.43544099491,
    29.923761745773));
#746 = CARTESIAN_POINT('',(-19.18498824622,-24.31595287308,
    29.935097297313));
#747 = CARTESIAN_POINT('',(-19.31591857587,-24.18502570829,
    29.945523812629));
#748 = CARTESIAN_POINT('',(-19.43541125073,-24.0426815652,29.95503950083
    ));
#749 = CARTESIAN_POINT('',(-19.54345283123,-23.88894849139,
    29.963643291686));
#750 = CARTESIAN_POINT('',(-19.64004010169,-23.72385615956,
    29.971334929135));
#751 = CARTESIAN_POINT('',(-19.72517950786,-23.54743169164,
    29.978114926496));
#752 = CARTESIAN_POINT('',(-19.7988831446,-23.35969674879,
    29.983984246949));
#753 = CARTESIAN_POINT('',(-19.86117145825,-23.16066627392,
    29.988944518734));
#754 = CARTESIAN_POINT('',(-19.91204764466,-22.95034872871,
    29.992995996369));
#755 = CARTESIAN_POINT('',(-19.95158568193,-22.72874703495,
    29.996144571046));
#756 = CARTESIAN_POINT('',(-19.9795722546,-22.49586064112,
    29.998373255606));
#757 = CARTESIAN_POINT('',(-19.9969244828,-22.25168444985,
    29.999755084068));
#758 = CARTESIAN_POINT('',(-19.99896015015,-22.08509594332,
    29.999917192531));
#759 = CARTESIAN_POINT('',(-20.,-22.,30.));
#760 = PCURVE('',#124,#761);
#761 = DEFINITIONAL_REPRESENTATION('',(#762),#876);
#762 = B_SPLINE_CURVE_WITH_KNOTS('',3,(#763,#764,#765,#766,#767,#768,
    #769,#770,#771,#772,#773,#774,#775,#776,#777,#778,#779,#780,#781,
    #782,#783,#784,#785,#786,#787,#788,#789,#790,#791,#792,#793,#794,
    #795,#796,#797,#798,#799,#800,#801,#802,#803,#804,#805,#806,#807,
    #808,#809,#810,#811,#812,#813,#814,#815,#816,#817,#818,#819,#820,
    #821,#822,#823,#824,#825,#826,#827,#828,#829,#830,#831,#832,#833,
    #834,#835,#836,#837,#838,#839,#840,#841,#842,#843,#844,#845,#846,
    #847,#848,#849,#850,#851,#852,#853,#854,#855,#856,#857,#858,#859,
    #860,#861,#862,#863,#864,#865,#866,#867,#868,#869,#870,#871,#872,
    #873,#874,#875),.UNSPECIFIED.,.F.,.F.,(4,1,1,1,1,1,1,1,1,1,1,1,1,1,1
    ,1,1,1,1,1,1,1,1,1,1,1,1,1,1,1,1,1,1,1,1,1,1,1,1,1,1,1,1,1,1,1,1,1,1
    ,1,1,1,1,1,1,1,1,1,1,1,1,1,1,1,1,1,1,1,1,1,1,1,1,1,1,1,1,1,1,1,1,1,1
    ,1,1,1,1,1,1,1,1,1,1,1,1,1,1,1,1,1,1,1,1,1,1,1,1,1,1,1,4),(0.,
    9.090909090909E-03,1.818181818182E-02,2.727272727273E-02,
    3.636363636364E-02,4.545454545455E-02,5.454545454545E-02,
    6.363636363636E-02,7.272727272727E-02,8.181818181818E-02,
    9.090909090909E-02,0.1,0.109090909091,0.118181818182,0.127272727273,
    0.136363636364,0.145454545455,0.154545454545,0.163636363636,
    0.172727272727,0.181818181818,0.190909090909,0.2,0.209090909091,
    0.218181818182,0.227272727273,0.236363636364,0.245454545455,
    0.254545454545,0.263636363636,0.272727272727,0.281818181818,
    0.290909090909,0.3,0.309090909091,0.318181818182,0.327272727273,
    0.336363636364,0.345454545455,0.354545454545,0.363636363636,
    0.372727272727,0.381818181818,0.390909090909,0.4,0.409090909091,
    0.418181818182,0.427272727273,0.436363636364,0.445454545455,
    0.454545454545,0.463636363636,0.472727272727,0.481818181818,
    0.490909090909,0.5,0.509090909091,0.518181818182,0.527272727273,
    0.536363636364,0.545454545455,0.554545454545,0.563636363636,
    0.572727272727,0.581818181818,0.590909090909,0.6,0.609090909091,
    0.618181818182,0.627272727273,0.636363636364,0.645454545455,
    0.654545454545,0.663636363636,0.672727272727,0.681818181818,
    0.690909090909,0.7,0.709090909091,0.718181818182,0.727272727273,
    0.736363636364,0.745454545455,0.754545454545,0.763636363636,
    0.772727272727,0.781818181818,0.790909090909,0.8,0.809090909091,
    0.818181818182,0.827272727273,0.836363636364,0.845454545455,
    0.854545454545,0.863636363636,0.872727272727,0.881818181818,
    0.890909090909,0.9,0.909090909091,0.918181818182,0.927272727273,
    0.936363636364,0.945454545455,0.954545454545,0.963636363636,
    0.972727272727,0.981818181818,0.990909090909,1.),.UNSPECIFIED.);
#763 = CARTESIAN_POINT('',(1.,-1.033186345872E-02));
#764 = CARTESIAN_POINT('',(0.997544649878,-1.033303662262E-02));
#765 = CARTESIAN_POINT('',(0.992615527249,-1.033538295028E-02));
#766 = CARTESIAN_POINT('',(0.985166438283,-1.033890222288E-02));
#767 = CARTESIAN_POINT('',(0.977661946359,-1.034242105812E-02));
#768 = CARTESIAN_POINT('',(0.970101563797,-1.034593923764E-02));
#769 = CARTESIAN_POINT('',(0.962484456401,-1.034945654133E-02));
#770 = CARTESIAN_POINT('',(0.95480930009,-1.035297275591E-02));
#771 = CARTESIAN_POINT('',(0.9470745081,-1.035648764137E-02));
#772 = CARTESIAN_POINT('',(0.939279270002,-1.036000085571E-02));
#773 = CARTESIAN_POINT('',(0.93142276319,-1.03635120698E-02));
#774 = CARTESIAN_POINT('',(0.923504272825,-1.036702095219E-02));
#775 = CARTESIAN_POINT('',(0.915523164344,-1.037052716783E-02));
#776 = CARTESIAN_POINT('',(0.907478945084,-1.037403039839E-02));
#777 = CARTESIAN_POINT('',(0.899371051656,-1.037753021968E-02));
#778 = CARTESIAN_POINT('',(0.89119878372,-1.038102616298E-02));
#779 = CARTESIAN_POINT('',(0.882961376548,-1.038451777167E-02));
#780 = CARTESIAN_POINT('',(0.874657997618,-1.038800458147E-02));
#781 = CARTESIAN_POINT('',(0.866287670168,-1.039148614667E-02));
#782 = CARTESIAN_POINT('',(0.857849595515,-1.03949619448E-02));
#783 = CARTESIAN_POINT('',(0.849343372002,-1.039843132985E-02));
#784 = CARTESIAN_POINT('',(0.840768500701,-1.040189367994E-02));
#785 = CARTESIAN_POINT('',(0.832124496137,-1.040534836252E-02));
#786 = CARTESIAN_POINT('',(0.823410821905,-1.040879476355E-02));
#787 = CARTESIAN_POINT('',(0.814627063138,-1.041223219981E-02));
#788 = CARTESIAN_POINT('',(0.805773097262,-1.041565982217E-02));
#789 = CARTESIAN_POINT('',(0.796848720305,-1.041907680987E-02));
#790 = CARTESIAN_POINT('',(0.787853735286,-1.042248232823E-02));
#791 = CARTESIAN_POINT('',(0.778787848592,-1.042587556984E-02));
#792 = CARTESIAN_POINT('',(0.769651046559,-1.042925561528E-02));
#793 = CARTESIAN_POINT('',(0.760443737138,-1.043262138763E-02));
#794 = CARTESIAN_POINT('',(0.751166238742,-1.043597184254E-02));
#795 = CARTESIAN_POINT('',(0.741818913751,-1.043930591957E-02));
#796 = CARTESIAN_POINT('',(0.732402031398,-1.044262258996E-02));
#797 = CARTESIAN_POINT('',(0.722916427754,-1.044592063138E-02));
#798 = CARTESIAN_POINT('',(0.71336316512,-1.044919875082E-02));
#799 = CARTESIAN_POINT('',(0.703743281631,-1.045245567072E-02));
#800 = CARTESIAN_POINT('',(0.694057814663,-1.045569011716E-02));
#801 = CARTESIAN_POINT('',(0.684307930763,-1.045890078541E-02));
#802 = CARTESIAN_POINT('',(0.674495535624,-1.046208618666E-02));
#803 = CARTESIAN_POINT('',(0.664622505189,-1.046524485214E-02));
#804 = CARTESIAN_POINT('',(0.654690798464,-1.046837530415E-02));
#805 = CARTESIAN_POINT('',(0.644702305968,-1.047147608058E-02));
#806 = CARTESIAN_POINT('',(0.634659601111,-1.047454561773E-02));
#807 = CARTESIAN_POINT('',(0.624565525262,-1.047758232073E-02));
#808 = CARTESIAN_POINT('',(0.614422947461,-1.048058460284E-02));
#809 = CARTESIAN_POINT('',(0.604234715703,-1.048355087406E-02));
#810 = CARTESIAN_POINT('',(0.594004031063,-1.04864795502E-02));
#811 = CARTESIAN_POINT('',(0.583734609483,-1.048936905297E-02));
#812 = CARTESIAN_POINT('',(0.573430156455,-1.049221780518E-02));
#813 = CARTESIAN_POINT('',(0.563094417245,-1.049502422103E-02));
#814 = CARTESIAN_POINT('',(0.552731231484,-1.049778674956E-02));
#815 = CARTESIAN_POINT('',(0.542344908958,-1.050050398977E-02));
#816 = CARTESIAN_POINT('',(0.531939777166,-1.050317452279E-02));
#817 = CARTESIAN_POINT('',(0.521520203054,-1.05057969332E-02));
#818 = CARTESIAN_POINT('',(0.511090533719,-1.05083698096E-02));
#819 = CARTESIAN_POINT('',(0.500655305545,-1.051089205446E-02));
#820 = CARTESIAN_POINT('',(0.490219103225,-1.051336256228E-02));
#821 = CARTESIAN_POINT('',(0.479786511101,-1.051578023917E-02));
#822 = CARTESIAN_POINT('',(0.469362081365,-1.051814395278E-02));
#823 = CARTESIAN_POINT('',(0.458950202997,-1.052045297469E-02));
#824 = CARTESIAN_POINT('',(0.448555272154,-1.052270663249E-02));
#825 = CARTESIAN_POINT('',(0.438181652304,-1.052490425461E-02));
#826 = CARTESIAN_POINT('',(0.427833700112,-1.052704511147E-02));
#827 = CARTESIAN_POINT('',(0.417515364596,-1.052912884384E-02));
#828 = CARTESIAN_POINT('',(0.407230438252,-1.053115526033E-02));
#829 = CARTESIAN_POINT('',(0.396982693981,-1.053312414145E-02));
#830 = CARTESIAN_POINT('',(0.38677590167,-1.053503522855E-02));
#831 = CARTESIAN_POINT('',(0.376613419127,-1.053688848506E-02));
#832 = CARTESIAN_POINT('',(0.3664981574,-1.053868416178E-02));
#833 = CARTESIAN_POINT('',(0.356433066324,-1.054042245522E-02));
#834 = CARTESIAN_POINT('',(0.34642104169,-1.054210356524E-02));
#835 = CARTESIAN_POINT('',(0.336464809656,-1.054372773361E-02));
#836 = CARTESIAN_POINT('',(0.326566354013,-1.054529552928E-02));
#837 = CARTESIAN_POINT('',(0.316727701745,-1.054680748943E-02));
#838 = CARTESIAN_POINT('',(0.306950796969,-1.054826416704E-02));
#839 = CARTESIAN_POINT('',(0.297237632265,-1.054966608355E-02));
#840 = CARTESIAN_POINT('',(0.287589515034,-1.055101396165E-02));
#841 = CARTESIAN_POINT('',(0.278007525757,-1.055230859145E-02));
#842 = CARTESIAN_POINT('',(0.26849277158,-1.055355074751E-02));
#843 = CARTESIAN_POINT('',(0.259046358669,-1.055474120361E-02));
#844 = CARTESIAN_POINT('',(0.249669241981,-1.055588075296E-02));
#845 = CARTESIAN_POINT('',(0.240361749388,-1.055697028617E-02));
#846 = CARTESIAN_POINT('',(0.231124286583,-1.055801068189E-02));
#847 = CARTESIAN_POINT('',(0.22195721853,-1.055900282442E-02));
#848 = CARTESIAN_POINT('',(0.21286099327,-1.055994758738E-02));
#849 = CARTESIAN_POINT('',(0.203835691591,-1.056084589098E-02));
#850 = CARTESIAN_POINT('',(0.194881042757,-1.056169870153E-02));
#851 = CARTESIAN_POINT('',(0.185996882121,-1.05625069775E-02));
#852 = CARTESIAN_POINT('',(0.177183033735,-1.05632716724E-02));
#853 = CARTESIAN_POINT('',(0.168439405189,-1.056399376741E-02));
#854 = CARTESIAN_POINT('',(0.159765633287,-1.056467408729E-02));
#855 = CARTESIAN_POINT('',(0.151161195923,-1.05653133684E-02));
#856 = CARTESIAN_POINT('',(0.1426256284,-1.056591236315E-02));
#857 = CARTESIAN_POINT('',(0.134158449747,-1.056647183736E-02));
#858 = CARTESIAN_POINT('',(0.125759276191,-1.056699248706E-02));
#859 = CARTESIAN_POINT('',(0.117427353636,-1.056747536553E-02));
#860 = CARTESIAN_POINT('',(0.109161703684,-1.056792180241E-02));
#861 = CARTESIAN_POINT('',(0.100961500977,-1.056833307664E-02));
#862 = CARTESIAN_POINT('',(9.282598600565E-02,-1.056871043995E-02));
#863 = CARTESIAN_POINT('',(8.475446612871E-02,-1.056905530361E-02));
#864 = CARTESIAN_POINT('',(7.674637934438E-02,-1.056936842338E-02));
#865 = CARTESIAN_POINT('',(6.880124357618E-02,-1.056964864813E-02));
#866 = CARTESIAN_POINT('',(6.091843263757E-02,-1.056989512552E-02));
#867 = CARTESIAN_POINT('',(5.30972385962E-02,-1.057010686403E-02));
#868 = CARTESIAN_POINT('',(4.533684225363E-02,-1.057028313004E-02));
#869 = CARTESIAN_POINT('',(3.763644178624E-02,-1.057042229752E-02));
#870 = CARTESIAN_POINT('',(2.999445447295E-02,-1.057052923708E-02));
#871 = CARTESIAN_POINT('',(2.240953916964E-02,-1.057061071293E-02));
#872 = CARTESIAN_POINT('',(1.488085697564E-02,-1.057067300961E-02));
#873 = CARTESIAN_POINT('',(7.407918492203E-03,-1.057072254023E-02));
#874 = CARTESIAN_POINT('',(2.46312662648E-03,-1.057075130226E-02));
#875 = CARTESIAN_POINT('',(0.,-1.057076568342E-02));
#876 = ( GEOMETRIC_REPRESENTATION_CONTEXT(2) 
PARAMETRIC_REPRESENTATION_CONTEXT() REPRESENTATION_CONTEXT('2D SPACE',''
  ) );
#877 = PCURVE('',#603,#878);
#878 = DEFINITIONAL_REPRESENTATION('',(#879),#993);
#879 = B_SPLINE_CURVE_WITH_KNOTS('',3,(#880,#881,#882,#883,#884,#885,
    #886,#887,#888,#889,#890,#891,#892,#893,#894,#895,#896,#897,#898,
    #899,#900,#901,#902,#903,#904,#905,#906,#907,#908,#909,#910,#911,
    #912,#913,#914,#915,#916,#917,#918,#919,#920,#921,#922,#923,#924,
    #925,#926,#927,#928,#929,#930,#931,#932,#933,#934,#935,#936,#937,
    #938,#939,#940,#941,#942,#943,#944,#945,#946,#947,#948,#949,#950,
    #951,#952,#953,#954,#955,#956,#957,#958,#959,#960,#961,#962,#963,
    #964,#965,#966,#967,#968,#969,#970,#971,#972,#973,#974,#975,#976,
    #977,#978,#979,#980,#981,#982,#983,#984,#985,#986,#987,#988,#989,
    #990,#991,#992),.UNSPECIFIED.,.F.,.F.,(4,1,1,1,1,1,1,1,1,1,1,1,1,1,1
    ,1,1,1,1,1,1,1,1,1,1,1,1,1,1,1,1,1,1,1,1,1,1,1,1,1,1,1,1,1,1,1,1,1,1
    ,1,1,1,1,1,1,1,1,1,1,1,1,1,1,1,1,1,1,1,1,1,1,1,1,1,1,1,1,1,1,1,1,1,1
    ,1,1,1,1,1,1,1,1,1,1,1,1,1,1,1,1,1,1,1,1,1,1,1,1,1,1,1,4),(0.,
    9.090909090909E-03,1.818181818182E-02,2.727272727273E-02,
    3.636363636364E-02,4.545454545455E-02,5.454545454545E-02,
    6.363636363636E-02,7.272727272727E-02,8.181818181818E-02,
    9.090909090909E-02,0.1,0.109090909091,0.118181818182,0.127272727273,
    0.136363636364,0.145454545455,0.154545454545,0.163636363636,
    0.172727272727,0.181818181818,0.190909090909,0.2,0.209090909091,
    0.218181818182,0.227272727273,0.236363636364,0.245454545455,
    0.254545454545,0.263636363636,0.272727272727,0.281818181818,
    0.290909090909,0.3,0.309090909091,0.318181818182,0.327272727273,
    0.336363636364,0.345454545455,0.354545454545,0.363636363636,
    0.372727272727,0.381818181818,0.390909090909,0.4,0.409090909091,
    0.418181818182,0.427272727273,0.436363636364,0.445454545455,
    0.454545454545,0.463636363636,0.472727272727,0.481818181818,
    0.490909090909,0.5,0.509090909091,0.518181818182,0.527272727273,
    0.536363636364,0.545454545455,0.554545454545,0.563636363636,
    0.572727272727,0.581818181818,0.590909090909,0.6,0.609090909091,
    0.618181818182,0.627272727273,0.636363636364,0.645454545455,
    0.654545454545,0.663636363636,0.672727272727,0.681818181818,
    0.690909090909,0.7,0.709090909091,0.718181818182,0.727272727273,
    0.736363636364,0.745454545455,0.754545454545,0.763636363636,
    0.772727272727,0.781818181818,0.790909090909,0.8,0.809090909091,
    0.818181818182,0.827272727273,0.836363636364,0.845454545455,
    0.854545454545,0.863636363636,0.872727272727,0.881818181818,
    0.890909090909,0.9,0.909090909091,0.918181818182,0.927272727273,
    0.936363636364,0.945454545455,0.954545454545,0.963636363636,
    0.972727272727,0.981818181818,0.990909090909,1.),.UNSPECIFIED.);
#880 = CARTESIAN_POINT('',(1.,2.888124685858E-02));
#881 = CARTESIAN_POINT('',(0.997544649877,2.888242002237E-02));
#882 = CARTESIAN_POINT('',(0.992615527248,2.88847663501E-02));
#883 = CARTESIAN_POINT('',(0.98516643829,2.888828562329E-02));
#884 = CARTESIAN_POINT('',(0.977661946373,2.889180445898E-02));
#885 = CARTESIAN_POINT('',(0.970101563817,2.889532263897E-02));
#886 = CARTESIAN_POINT('',(0.962484456428,2.889883994312E-02));
#887 = CARTESIAN_POINT('',(0.954809300123,2.890235615814E-02));
#888 = CARTESIAN_POINT('',(0.947074508139,2.890587104403E-02));
#889 = CARTESIAN_POINT('',(0.939279270047,2.890938425879E-02));
#890 = CARTESIAN_POINT('',(0.931422763242,2.891289547329E-02));
#891 = CARTESIAN_POINT('',(0.923504272882,2.891640435607E-02));
#892 = CARTESIAN_POINT('',(0.915523164407,2.891991057208E-02));
#893 = CARTESIAN_POINT('',(0.907478945153,2.892341380301E-02));
#894 = CARTESIAN_POINT('',(0.89937105173,2.892691362466E-02));
#895 = CARTESIAN_POINT('',(0.891198783801,2.89304095683E-02));
#896 = CARTESIAN_POINT('',(0.882961376634,2.893390117733E-02));
#897 = CARTESIAN_POINT('',(0.874657997708,2.893738798744E-02));
#898 = CARTESIAN_POINT('',(0.866287670264,2.894086955295E-02));
#899 = CARTESIAN_POINT('',(0.857849595616,2.894434535138E-02));
#900 = CARTESIAN_POINT('',(0.849343372108,2.894781473671E-02));
#901 = CARTESIAN_POINT('',(0.840768500811,2.895127708706E-02));
#902 = CARTESIAN_POINT('',(0.832124496253,2.895473176989E-02));
#903 = CARTESIAN_POINT('',(0.823410822025,2.895817817117E-02));
#904 = CARTESIAN_POINT('',(0.814627063261,2.896161560765E-02));
#905 = CARTESIAN_POINT('',(0.80577309739,2.896504323023E-02));
#906 = CARTESIAN_POINT('',(0.796848720436,2.896846021813E-02));
#907 = CARTESIAN_POINT('',(0.787853735421,2.897186573668E-02));
#908 = CARTESIAN_POINT('',(0.77878784873,2.897525897846E-02));
#909 = CARTESIAN_POINT('',(0.7696510467,2.897863902406E-02));
#910 = CARTESIAN_POINT('',(0.760443737282,2.898200479656E-02));
#911 = CARTESIAN_POINT('',(0.751166238888,2.898535525159E-02));
#912 = CARTESIAN_POINT('',(0.741818913899,2.898868932874E-02));
#913 = CARTESIAN_POINT('',(0.732402031549,2.899200599924E-02));
#914 = CARTESIAN_POINT('',(0.722916427906,2.899530404075E-02));
#915 = CARTESIAN_POINT('',(0.713363165274,2.899858216026E-02));
#916 = CARTESIAN_POINT('',(0.703743281786,2.900183908023E-02));
#917 = CARTESIAN_POINT('',(0.694057814818,2.900507352672E-02));
#918 = CARTESIAN_POINT('',(0.684307930918,2.900828419501E-02));
#919 = CARTESIAN_POINT('',(0.67449553578,2.901146959628E-02));
#920 = CARTESIAN_POINT('',(0.664622505345,2.901462826177E-02));
#921 = CARTESIAN_POINT('',(0.654690798618,2.901775871378E-02));
#922 = CARTESIAN_POINT('',(0.644702306122,2.902085949019E-02));
#923 = CARTESIAN_POINT('',(0.634659601263,2.902392902731E-02));
#924 = CARTESIAN_POINT('',(0.624565525413,2.902696573027E-02));
#925 = CARTESIAN_POINT('',(0.61442294761,2.902996801233E-02));
#926 = CARTESIAN_POINT('',(0.60423471585,2.903293428348E-02));
#927 = CARTESIAN_POINT('',(0.594004031207,2.903586295954E-02));
#928 = CARTESIAN_POINT('',(0.583734609625,2.903875246222E-02));
#929 = CARTESIAN_POINT('',(0.573430156594,2.904160121433E-02));
#930 = CARTESIAN_POINT('',(0.56309441738,2.904440763007E-02));
#931 = CARTESIAN_POINT('',(0.552731231615,2.904717015848E-02));
#932 = CARTESIAN_POINT('',(0.542344909086,2.904988739856E-02));
#933 = CARTESIAN_POINT('',(0.53193977729,2.905255793143E-02));
#934 = CARTESIAN_POINT('',(0.521520203173,2.905518034169E-02));
#935 = CARTESIAN_POINT('',(0.511090533834,2.905775321794E-02));
#936 = CARTESIAN_POINT('',(0.500655305655,2.906027546263E-02));
#937 = CARTESIAN_POINT('',(0.490219103331,2.906274597028E-02));
#938 = CARTESIAN_POINT('',(0.479786511202,2.906516364699E-02));
#939 = CARTESIAN_POINT('',(0.469362081462,2.906752736041E-02));
#940 = CARTESIAN_POINT('',(0.458950203088,2.906983638212E-02));
#941 = CARTESIAN_POINT('',(0.448555272241,2.907209003973E-02));
#942 = CARTESIAN_POINT('',(0.438181652386,2.907428766164E-02));
#943 = CARTESIAN_POINT('',(0.42783370019,2.90764285183E-02));
#944 = CARTESIAN_POINT('',(0.417515364669,2.907851225045E-02));
#945 = CARTESIAN_POINT('',(0.407230438321,2.908053866673E-02));
#946 = CARTESIAN_POINT('',(0.396982694044,2.908250754763E-02));
#947 = CARTESIAN_POINT('',(0.38677590173,2.908441863451E-02));
#948 = CARTESIAN_POINT('',(0.376613419183,2.908627189081E-02));
#949 = CARTESIAN_POINT('',(0.366498157451,2.90880675673E-02));
#950 = CARTESIAN_POINT('',(0.356433066371,2.908980586052E-02));
#951 = CARTESIAN_POINT('',(0.346421041734,2.909148697033E-02));
#952 = CARTESIAN_POINT('',(0.336464809696,2.909311113847E-02));
#953 = CARTESIAN_POINT('',(0.32656635405,2.909467893393E-02));
#954 = CARTESIAN_POINT('',(0.316727701779,2.909619089385E-02));
#955 = CARTESIAN_POINT('',(0.306950797,2.909764757125E-02));
#956 = CARTESIAN_POINT('',(0.297237632293,2.909904948755E-02));
#957 = CARTESIAN_POINT('',(0.287589515059,2.910039736544E-02));
#958 = CARTESIAN_POINT('',(0.27800752578,2.910169199503E-02));
#959 = CARTESIAN_POINT('',(0.2684927716,2.910293415088E-02));
#960 = CARTESIAN_POINT('',(0.259046358688,2.910412460679E-02));
#961 = CARTESIAN_POINT('',(0.249669241998,2.910526415593E-02));
#962 = CARTESIAN_POINT('',(0.240361749402,2.910635368896E-02));
#963 = CARTESIAN_POINT('',(0.231124286596,2.910739408449E-02));
#964 = CARTESIAN_POINT('',(0.221957218541,2.910838622684E-02));
#965 = CARTESIAN_POINT('',(0.21286099328,2.910933098962E-02));
#966 = CARTESIAN_POINT('',(0.2038356916,2.911022929305E-02));
#967 = CARTESIAN_POINT('',(0.194881042764,2.911108210343E-02));
#968 = CARTESIAN_POINT('',(0.185996882128,2.911189037924E-02));
#969 = CARTESIAN_POINT('',(0.177183033741,2.911265507398E-02));
#970 = CARTESIAN_POINT('',(0.168439405193,2.911337716884E-02));
#971 = CARTESIAN_POINT('',(0.159765633291,2.911405748858E-02));
#972 = CARTESIAN_POINT('',(0.151161195927,2.911469676956E-02));
#973 = CARTESIAN_POINT('',(0.142625628403,2.911529576417E-02));
#974 = CARTESIAN_POINT('',(0.134158449749,2.911585523826E-02));
#975 = CARTESIAN_POINT('',(0.125759276193,2.911637588784E-02));
#976 = CARTESIAN_POINT('',(0.117427353638,2.911685876621E-02));
#977 = CARTESIAN_POINT('',(0.109161703686,2.911730520298E-02));
#978 = CARTESIAN_POINT('',(0.100961500978,2.911771647711E-02));
#979 = CARTESIAN_POINT('',(9.282598600641E-02,2.911809384033E-02));
#980 = CARTESIAN_POINT('',(8.475446612929E-02,2.911843870391E-02));
#981 = CARTESIAN_POINT('',(7.67463793448E-02,2.91187518236E-02));
#982 = CARTESIAN_POINT('',(6.880124357649E-02,2.911903204828E-02));
#983 = CARTESIAN_POINT('',(6.091843263777E-02,2.911927852561E-02));
#984 = CARTESIAN_POINT('',(5.309723859634E-02,2.911949026406E-02));
#985 = CARTESIAN_POINT('',(4.533684225372E-02,2.911966653003E-02));
#986 = CARTESIAN_POINT('',(3.763644178629E-02,2.911980569747E-02));
#987 = CARTESIAN_POINT('',(2.999445447298E-02,2.911991263701E-02));
#988 = CARTESIAN_POINT('',(2.240953916965E-02,2.911999411284E-02));
#989 = CARTESIAN_POINT('',(1.488085697565E-02,2.91200564095E-02));
#990 = CARTESIAN_POINT('',(7.407918492203E-03,2.91201059401E-02));
#991 = CARTESIAN_POINT('',(2.46312662648E-03,2.912013470213E-02));
#992 = CARTESIAN_POINT('',(0.,2.912014908328E-02));
#993 = ( GEOMETRIC_REPRESENTATION_CONTEXT(2) 
PARAMETRIC_REPRESENTATION_CONTEXT() REPRESENTATION_CONTEXT('2D SPACE',''
  ) );
#994 = ORIENTED_EDGE('',*,*,#995,.F.);
#995 = EDGE_CURVE('',#662,#730,#996,.T.);
#996 = SURFACE_CURVE('',#997,(#1000,#1029),.PCURVE_S1.);
#997 = B_SPLINE_CURVE_WITH_KNOTS('',1,(#998,#999),.UNSPECIFIED.,.F.,.F.,
  (2,2),(0.,1.),.PIECEWISE_BEZIER_KNOTS.);
#998 = CARTESIAN_POINT('',(-11.84876103364,-25.,61.899174022433));
#999 = CARTESIAN_POINT('',(-17.00000000003,-25.,29.761097775076));
#1000 = PCURVE('',#124,#1001);
#1001 = DEFINITIONAL_REPRESENTATION('',(#1002),#1028);
#1002 = B_SPLINE_CURVE_WITH_KNOTS('',3,(#1003,#1004,#1005,#1006,#1007,
    #1008,#1009,#1010,#1011,#1012,#1013,#1014,#1015,#1016,#1017,#1018,
    #1019,#1020,#1021,#1022,#1023,#1024,#1025,#1026,#1027),
  .UNSPECIFIED.,.F.,.F.,(4,1,1,1,1,1,1,1,1,1,1,1,1,1,1,1,1,1,1,1,1,1,4),
  (0.,4.545454545455E-02,9.090909090909E-02,0.136363636364,
    0.181818181818,0.227272727273,0.272727272727,0.318181818182,
    0.363636363636,0.409090909091,0.454545454545,0.5,0.545454545455,
    0.590909090909,0.636363636364,0.681818181818,0.727272727273,
    0.772727272727,0.818181818182,0.863636363636,0.909090909091,
    0.954545454545,1.),.UNSPECIFIED.);
#1003 = CARTESIAN_POINT('',(1.,2.221642693809E-02));
#1004 = CARTESIAN_POINT('',(1.,2.172327102298E-02));
#1005 = CARTESIAN_POINT('',(1.,2.073695919277E-02));
#1006 = CARTESIAN_POINT('',(1.,1.925749144745E-02));
#1007 = CARTESIAN_POINT('',(1.,1.777802370213E-02));
#1008 = CARTESIAN_POINT('',(1.,1.629855595681E-02));
#1009 = CARTESIAN_POINT('',(1.,1.481908821149E-02));
#1010 = CARTESIAN_POINT('',(1.,1.333962046617E-02));
#1011 = CARTESIAN_POINT('',(1.,1.186015272085E-02));
#1012 = CARTESIAN_POINT('',(1.,1.038068497553E-02));
#1013 = CARTESIAN_POINT('',(1.,8.901217230213E-03));
#1014 = CARTESIAN_POINT('',(1.,7.421749484895E-03));
#1015 = CARTESIAN_POINT('',(1.,5.942281739576E-03));
#1016 = CARTESIAN_POINT('',(1.,4.462813994257E-03));
#1017 = CARTESIAN_POINT('',(1.,2.983346248938E-03));
#1018 = CARTESIAN_POINT('',(1.,1.503878503619E-03));
#1019 = CARTESIAN_POINT('',(1.,2.441075830003E-05));
#1020 = CARTESIAN_POINT('',(1.,-1.455056987019E-03));
#1021 = CARTESIAN_POINT('',(1.,-2.934524732339E-03));
#1022 = CARTESIAN_POINT('',(1.,-4.413992477658E-03));
#1023 = CARTESIAN_POINT('',(1.,-5.893460222982E-03));
#1024 = CARTESIAN_POINT('',(1.,-7.372927968289E-03));
#1025 = CARTESIAN_POINT('',(1.,-8.852395713662E-03));
#1026 = CARTESIAN_POINT('',(1.,-9.838707543748E-03));
#1027 = CARTESIAN_POINT('',(1.,-1.033186345872E-02));
#1028 = ( GEOMETRIC_REPRESENTATION_CONTEXT(2) 
PARAMETRIC_REPRESENTATION_CONTEXT() REPRESENTATION_CONTEXT('2D SPACE',''
  ) );
#1029 = PCURVE('',#1030,#1035);
#1030 = PLANE('',#1031);
#1031 = AXIS2_PLACEMENT_3D('',#1032,#1033,#1034);
#1032 = CARTESIAN_POINT('',(0.,-25.,37.5));
#1033 = DIRECTION('',(0.,-1.,0.));
#1034 = DIRECTION('',(1.,0.,0.));
#1035 = DEFINITIONAL_REPRESENTATION('',(#1036),#1039);
#1036 = B_SPLINE_CURVE_WITH_KNOTS('',1,(#1037,#1038),.UNSPECIFIED.,.F.,
  .F.,(2,2),(0.,1.),.PIECEWISE_BEZIER_KNOTS.);
#1037 = CARTESIAN_POINT('',(-11.84876103364,24.399174022433));
#1038 = CARTESIAN_POINT('',(-17.00000000003,-7.738902224924));
#1039 = ( GEOMETRIC_REPRESENTATION_CONTEXT(2) 
PARAMETRIC_REPRESENTATION_CONTEXT() REPRESENTATION_CONTEXT('2D SPACE',''
  ) );
#1040 = ADVANCED_FACE('',(#1041),#193,.T.);
#1041 = FACE_BOUND('',#1042,.T.);
#1042 = EDGE_LOOP('',(#1043,#1073,#1099,#1100));
#1043 = ORIENTED_EDGE('',*,*,#1044,.T.);
#1044 = EDGE_CURVE('',#1045,#1047,#1049,.T.);
#1045 = VERTEX_POINT('',#1046);
#1046 = CARTESIAN_POINT('',(20.,-22.,30.));
#1047 = VERTEX_POINT('',#1048);
#1048 = CARTESIAN_POINT('',(20.,-5.,30.));
#1049 = SURFACE_CURVE('',#1050,(#1054,#1061),.PCURVE_S1.);
#1050 = LINE('',#1051,#1052);
#1051 = CARTESIAN_POINT('',(20.,-25.,30.));
#1052 = VECTOR('',#1053,1.);
#1053 = DIRECTION('',(0.,1.,0.));
#1054 = PCURVE('',#193,#1055);
#1055 = DEFINITIONAL_REPRESENTATION('',(#1056),#1060);
#1056 = LINE('',#1057,#1058);
#1057 = CARTESIAN_POINT('',(13.095167106843,0.));
#1058 = VECTOR('',#1059,1.);
#1059 = DIRECTION('',(0.,1.));
#1060 = ( GEOMETRIC_REPRESENTATION_CONTEXT(2) 
PARAMETRIC_REPRESENTATION_CONTEXT() REPRESENTATION_CONTEXT('2D SPACE',''
  ) );
#1061 = PCURVE('',#1062,#1067);
#1062 = PLANE('',#1063);
#1063 = AXIS2_PLACEMENT_3D('',#1064,#1065,#1066);
#1064 = CARTESIAN_POINT('',(20.,-25.,0.777876004577));
#1065 = DIRECTION('',(-1.,0.,6.123233995737E-17));
#1066 = DIRECTION('',(6.123233995737E-17,0.,1.));
#1067 = DEFINITIONAL_REPRESENTATION('',(#1068),#1072);
#1068 = LINE('',#1069,#1070);
#1069 = CARTESIAN_POINT('',(29.222123995423,0.));
#1070 = VECTOR('',#1071,1.);
#1071 = DIRECTION('',(0.,1.));
#1072 = ( GEOMETRIC_REPRESENTATION_CONTEXT(2) 
PARAMETRIC_REPRESENTATION_CONTEXT() REPRESENTATION_CONTEXT('2D SPACE',''
  ) );
#1073 = ORIENTED_EDGE('',*,*,#1074,.T.);
#1074 = EDGE_CURVE('',#1047,#178,#1075,.T.);
#1075 = SURFACE_CURVE('',#1076,(#1080,#1087),.PCURVE_S1.);
#1076 = LINE('',#1077,#1078);
#1077 = CARTESIAN_POINT('',(14.810951292061,-5.,62.373967528041));
#1078 = VECTOR('',#1079,1.);
#1079 = DIRECTION('',(-0.158264501869,0.,0.987396752804));
#1080 = PCURVE('',#193,#1081);
#1081 = DEFINITIONAL_REPRESENTATION('',(#1082),#1086);
#1082 = LINE('',#1083,#1084);
#1083 = CARTESIAN_POINT('',(-19.69202551466,20.));
#1084 = VECTOR('',#1085,1.);
#1085 = DIRECTION('',(-1.,0.));
#1086 = ( GEOMETRIC_REPRESENTATION_CONTEXT(2) 
PARAMETRIC_REPRESENTATION_CONTEXT() REPRESENTATION_CONTEXT('2D SPACE',''
  ) );
#1087 = PCURVE('',#1088,#1093);
#1088 = PLANE('',#1089);
#1089 = AXIS2_PLACEMENT_3D('',#1090,#1091,#1092);
#1090 = CARTESIAN_POINT('',(13.390039270715,0.,39.646217201113));
#1091 = DIRECTION('',(0.698194939629,0.707106781187,0.111909902493));
#1092 = DIRECTION('',(-0.158264501869,-3.820554983491E-13,0.987396752804
    ));
#1093 = DEFINITIONAL_REPRESENTATION('',(#1094),#1098);
#1094 = LINE('',#1095,#1096);
#1095 = CARTESIAN_POINT('',(22.216426938095,7.071067811856));
#1096 = VECTOR('',#1097,1.);
#1097 = DIRECTION('',(1.,-1.800642968064E-13));
#1098 = ( GEOMETRIC_REPRESENTATION_CONTEXT(2) 
PARAMETRIC_REPRESENTATION_CONTEXT() REPRESENTATION_CONTEXT('2D SPACE',''
  ) );
#1099 = ORIENTED_EDGE('',*,*,#175,.F.);
#1100 = ORIENTED_EDGE('',*,*,#1101,.T.);
#1101 = EDGE_CURVE('',#176,#1045,#1102,.T.);
#1102 = SURFACE_CURVE('',#1103,(#1106,#1112),.PCURVE_S1.);
#1103 = B_SPLINE_CURVE_WITH_KNOTS('',1,(#1104,#1105),.UNSPECIFIED.,.F.,
  .F.,(2,2),(0.,1.),.PIECEWISE_BEZIER_KNOTS.);
#1104 = CARTESIAN_POINT('',(14.810951292061,-22.,62.373967528041));
#1105 = CARTESIAN_POINT('',(20.,-22.,30.));
#1106 = PCURVE('',#193,#1107);
#1107 = DEFINITIONAL_REPRESENTATION('',(#1108),#1111);
#1108 = B_SPLINE_CURVE_WITH_KNOTS('',1,(#1109,#1110),.UNSPECIFIED.,.F.,
  .F.,(2,2),(0.,1.),.PIECEWISE_BEZIER_KNOTS.);
#1109 = CARTESIAN_POINT('',(-19.69202551466,3.));
#1110 = CARTESIAN_POINT('',(13.095167106843,3.));
#1111 = ( GEOMETRIC_REPRESENTATION_CONTEXT(2) 
PARAMETRIC_REPRESENTATION_CONTEXT() REPRESENTATION_CONTEXT('2D SPACE',''
  ) );
#1112 = PCURVE('',#1113,#1132);
#1113 = B_SPLINE_SURFACE_WITH_KNOTS('',2,3,(
    (#1114,#1115,#1116,#1117,#1118,#1119)
    ,(#1120,#1121,#1122,#1123,#1124,#1125)
    ,(#1126,#1127,#1128,#1129,#1130,#1131
    )),.UNSPECIFIED.,.F.,.F.,.F.,(3,3),(4,2,4),(0.,1.),(
    -1.969202551467E-02,1.285626488214E-02,1.473452673792E-02),
  .UNSPECIFIED.);
#1114 = CARTESIAN_POINT('',(14.810951292061,-22.,62.373967528041));
#1115 = CARTESIAN_POINT('',(16.528030947514,-22.,51.661275445646));
#1116 = CARTESIAN_POINT('',(18.245110602958,-22.,40.948583363308));
#1117 = CARTESIAN_POINT('',(20.061277650741,-22.,29.617694728469));
#1118 = CARTESIAN_POINT('',(20.160365043068,-22.,28.999498176035));
#1119 = CARTESIAN_POINT('',(20.259452435397,-22.,28.381301623598));
#1120 = CARTESIAN_POINT('',(14.810951292061,-25.,62.373967528041));
#1121 = CARTESIAN_POINT('',(16.528030947493,-25.,51.661275445642));
#1122 = CARTESIAN_POINT('',(18.245110602933,-25.,40.948583363304));
#1123 = CARTESIAN_POINT('',(20.061277650742,-25.,29.61769472847));
#1124 = CARTESIAN_POINT('',(20.160365043065,-25.,28.999498176035));
#1125 = CARTESIAN_POINT('',(20.259452435397,-25.,28.381301623598));
#1126 = CARTESIAN_POINT('',(11.848761033649,-25.,61.899174022433));
#1127 = CARTESIAN_POINT('',(13.565840689081,-25.,51.186481940036));
#1128 = CARTESIAN_POINT('',(15.28292034454,-25.,40.473789857696));
#1129 = CARTESIAN_POINT('',(17.099087392329,-25.,29.142901222862));
#1130 = CARTESIAN_POINT('',(17.198174784657,-25.,28.524704670427));
#1131 = CARTESIAN_POINT('',(17.297262176985,-25.,27.90650811799));
#1132 = DEFINITIONAL_REPRESENTATION('',(#1133),#1159);
#1133 = B_SPLINE_CURVE_WITH_KNOTS('',3,(#1134,#1135,#1136,#1137,#1138,
    #1139,#1140,#1141,#1142,#1143,#1144,#1145,#1146,#1147,#1148,#1149,
    #1150,#1151,#1152,#1153,#1154,#1155,#1156,#1157,#1158),
  .UNSPECIFIED.,.F.,.F.,(4,1,1,1,1,1,1,1,1,1,1,1,1,1,1,1,1,1,1,1,1,1,4),
  (0.,4.545454545455E-02,9.090909090909E-02,0.136363636364,
    0.181818181818,0.227272727273,0.272727272727,0.318181818182,
    0.363636363636,0.409090909091,0.454545454545,0.5,0.545454545455,
    0.590909090909,0.636363636364,0.681818181818,0.727272727273,
    0.772727272727,0.818181818182,0.863636363636,0.909090909091,
    0.954545454545,1.),.UNSPECIFIED.);
#1134 = CARTESIAN_POINT('',(0.,-1.969202551467E-02));
#1135 = CARTESIAN_POINT('',(0.,-1.919524986889E-02));
#1136 = CARTESIAN_POINT('',(0.,-1.820169857733E-02));
#1137 = CARTESIAN_POINT('',(0.,-1.671137163999E-02));
#1138 = CARTESIAN_POINT('',(0.,-1.522104470265E-02));
#1139 = CARTESIAN_POINT('',(0.,-1.373071776531E-02));
#1140 = CARTESIAN_POINT('',(0.,-1.224039082796E-02));
#1141 = CARTESIAN_POINT('',(0.,-1.075006389062E-02));
#1142 = CARTESIAN_POINT('',(0.,-9.25973695328E-03));
#1143 = CARTESIAN_POINT('',(0.,-7.769410015937E-03));
#1144 = CARTESIAN_POINT('',(0.,-6.279083078595E-03));
#1145 = CARTESIAN_POINT('',(0.,-4.788756141252E-03));
#1146 = CARTESIAN_POINT('',(0.,-3.298429203909E-03));
#1147 = CARTESIAN_POINT('',(0.,-1.808102266566E-03));
#1148 = CARTESIAN_POINT('',(0.,-3.177753292235E-04));
#1149 = CARTESIAN_POINT('',(0.,1.172551608119E-03));
#1150 = CARTESIAN_POINT('',(0.,2.662878545461E-03));
#1151 = CARTESIAN_POINT('',(0.,4.153205482803E-03));
#1152 = CARTESIAN_POINT('',(0.,5.643532420144E-03));
#1153 = CARTESIAN_POINT('',(0.,7.133859357485E-03));
#1154 = CARTESIAN_POINT('',(0.,8.624186294826E-03));
#1155 = CARTESIAN_POINT('',(0.,1.011451323217E-02));
#1156 = CARTESIAN_POINT('',(0.,1.16048401695E-02));
#1157 = CARTESIAN_POINT('',(-0.,1.259839146106E-02));
#1158 = CARTESIAN_POINT('',(0.,1.309516710684E-02));
#1159 = ( GEOMETRIC_REPRESENTATION_CONTEXT(2) 
PARAMETRIC_REPRESENTATION_CONTEXT() REPRESENTATION_CONTEXT('2D SPACE',''
  ) );
#1160 = ADVANCED_FACE('',(#1161),#328,.T.);
#1161 = FACE_BOUND('',#1162,.T.);
#1162 = EDGE_LOOP('',(#1163,#1230,#1231,#1232));
#1163 = ORIENTED_EDGE('',*,*,#1164,.F.);
#1164 = EDGE_CURVE('',#176,#1165,#1167,.T.);
#1165 = VERTEX_POINT('',#1166);
#1166 = CARTESIAN_POINT('',(11.848761033649,-25.,61.899174022433));
#1167 = SURFACE_CURVE('',#1168,(#1172,#1201),.PCURVE_S1.);
#1168 = B_SPLINE_CURVE_WITH_KNOTS('',2,(#1169,#1170,#1171),
  .UNSPECIFIED.,.F.,.F.,(3,3),(0.,1.),.PIECEWISE_BEZIER_KNOTS.);
#1169 = CARTESIAN_POINT('',(14.810951292061,-22.,62.373967528041));
#1170 = CARTESIAN_POINT('',(14.810951292061,-25.,62.373967528041));
#1171 = CARTESIAN_POINT('',(11.848761033649,-25.,61.899174022433));
#1172 = PCURVE('',#328,#1173);
#1173 = DEFINITIONAL_REPRESENTATION('',(#1174),#1200);
#1174 = B_SPLINE_CURVE_WITH_KNOTS('',3,(#1175,#1176,#1177,#1178,#1179,
    #1180,#1181,#1182,#1183,#1184,#1185,#1186,#1187,#1188,#1189,#1190,
    #1191,#1192,#1193,#1194,#1195,#1196,#1197,#1198,#1199),
  .UNSPECIFIED.,.F.,.F.,(4,1,1,1,1,1,1,1,1,1,1,1,1,1,1,1,1,1,1,1,1,1,4),
  (0.,4.545454545455E-02,9.090909090909E-02,0.136363636364,
    0.181818181818,0.227272727273,0.272727272727,0.318181818182,
    0.363636363636,0.409090909091,0.454545454545,0.5,0.545454545455,
    0.590909090909,0.636363636364,0.681818181818,0.727272727273,
    0.772727272727,0.818181818182,0.863636363636,0.909090909091,
    0.954545454545,1.),.UNSPECIFIED.);
#1175 = CARTESIAN_POINT('',(1.,1.729729080954));
#1176 = CARTESIAN_POINT('',(0.984848484848,1.729729080954));
#1177 = CARTESIAN_POINT('',(0.954545454545,1.729729080954));
#1178 = CARTESIAN_POINT('',(0.909090909091,1.729729080954));
#1179 = CARTESIAN_POINT('',(0.863636363636,1.729729080954));
#1180 = CARTESIAN_POINT('',(0.818181818182,1.729729080954));
#1181 = CARTESIAN_POINT('',(0.772727272727,1.729729080954));
#1182 = CARTESIAN_POINT('',(0.727272727273,1.729729080954));
#1183 = CARTESIAN_POINT('',(0.681818181818,1.729729080954));
#1184 = CARTESIAN_POINT('',(0.636363636364,1.729729080954));
#1185 = CARTESIAN_POINT('',(0.590909090909,1.729729080954));
#1186 = CARTESIAN_POINT('',(0.545454545455,1.729729080954));
#1187 = CARTESIAN_POINT('',(0.5,1.729729080954));
#1188 = CARTESIAN_POINT('',(0.454545454545,1.729729080954));
#1189 = CARTESIAN_POINT('',(0.409090909091,1.729729080954));
#1190 = CARTESIAN_POINT('',(0.363636363636,1.729729080954));
#1191 = CARTESIAN_POINT('',(0.318181818182,1.729729080954));
#1192 = CARTESIAN_POINT('',(0.272727272727,1.729729080954));
#1193 = CARTESIAN_POINT('',(0.227272727273,1.729729080954));
#1194 = CARTESIAN_POINT('',(0.181818181818,1.729729080954));
#1195 = CARTESIAN_POINT('',(0.136363636364,1.729729080954));
#1196 = CARTESIAN_POINT('',(9.090909090909E-02,1.729729080954));
#1197 = CARTESIAN_POINT('',(4.545454545455E-02,1.729729080954));
#1198 = CARTESIAN_POINT('',(1.515151515152E-02,1.729729080954));
#1199 = CARTESIAN_POINT('',(0.,1.729729080954));
#1200 = ( GEOMETRIC_REPRESENTATION_CONTEXT(2) 
PARAMETRIC_REPRESENTATION_CONTEXT() REPRESENTATION_CONTEXT('2D SPACE',''
  ) );
#1201 = PCURVE('',#1113,#1202);
#1202 = DEFINITIONAL_REPRESENTATION('',(#1203),#1229);
#1203 = B_SPLINE_CURVE_WITH_KNOTS('',3,(#1204,#1205,#1206,#1207,#1208,
    #1209,#1210,#1211,#1212,#1213,#1214,#1215,#1216,#1217,#1218,#1219,
    #1220,#1221,#1222,#1223,#1224,#1225,#1226,#1227,#1228),
  .UNSPECIFIED.,.F.,.F.,(4,1,1,1,1,1,1,1,1,1,1,1,1,1,1,1,1,1,1,1,1,1,4),
  (0.,4.545454545455E-02,9.090909090909E-02,0.136363636364,
    0.181818181818,0.227272727273,0.272727272727,0.318181818182,
    0.363636363636,0.409090909091,0.454545454545,0.5,0.545454545455,
    0.590909090909,0.636363636364,0.681818181818,0.727272727273,
    0.772727272727,0.818181818182,0.863636363636,0.909090909091,
    0.954545454545,1.),.UNSPECIFIED.);
#1204 = CARTESIAN_POINT('',(0.,-1.969202551467E-02));
#1205 = CARTESIAN_POINT('',(1.515151515152E-02,-1.969202551467E-02));
#1206 = CARTESIAN_POINT('',(4.545454545455E-02,-1.969202551467E-02));
#1207 = CARTESIAN_POINT('',(9.090909090909E-02,-1.969202551467E-02));
#1208 = CARTESIAN_POINT('',(0.136363636364,-1.969202551467E-02));
#1209 = CARTESIAN_POINT('',(0.181818181818,-1.969202551467E-02));
#1210 = CARTESIAN_POINT('',(0.227272727273,-1.969202551467E-02));
#1211 = CARTESIAN_POINT('',(0.272727272727,-1.969202551467E-02));
#1212 = CARTESIAN_POINT('',(0.318181818182,-1.969202551467E-02));
#1213 = CARTESIAN_POINT('',(0.363636363636,-1.969202551467E-02));
#1214 = CARTESIAN_POINT('',(0.409090909091,-1.969202551467E-02));
#1215 = CARTESIAN_POINT('',(0.454545454545,-1.969202551467E-02));
#1216 = CARTESIAN_POINT('',(0.5,-1.969202551467E-02));
#1217 = CARTESIAN_POINT('',(0.545454545455,-1.969202551467E-02));
#1218 = CARTESIAN_POINT('',(0.590909090909,-1.969202551467E-02));
#1219 = CARTESIAN_POINT('',(0.636363636364,-1.969202551467E-02));
#1220 = CARTESIAN_POINT('',(0.681818181818,-1.969202551467E-02));
#1221 = CARTESIAN_POINT('',(0.727272727273,-1.969202551467E-02));
#1222 = CARTESIAN_POINT('',(0.772727272727,-1.969202551467E-02));
#1223 = CARTESIAN_POINT('',(0.818181818182,-1.969202551467E-02));
#1224 = CARTESIAN_POINT('',(0.863636363636,-1.969202551467E-02));
#1225 = CARTESIAN_POINT('',(0.909090909091,-1.969202551467E-02));
#1226 = CARTESIAN_POINT('',(0.954545454545,-1.969202551467E-02));
#1227 = CARTESIAN_POINT('',(0.984848484848,-1.969202551467E-02));
#1228 = CARTESIAN_POINT('',(1.,-1.969202551467E-02));
#1229 = ( GEOMETRIC_REPRESENTATION_CONTEXT(2) 
PARAMETRIC_REPRESENTATION_CONTEXT() REPRESENTATION_CONTEXT('2D SPACE',''
  ) );
#1230 = ORIENTED_EDGE('',*,*,#255,.F.);
#1231 = ORIENTED_EDGE('',*,*,#661,.F.);
#1232 = ORIENTED_EDGE('',*,*,#1233,.F.);
#1233 = EDGE_CURVE('',#1165,#662,#1234,.T.);
#1234 = SURFACE_CURVE('',#1235,(#1253,#1304),.PCURVE_S1.);
#1235 = B_SPLINE_CURVE_WITH_KNOTS('',2,(#1236,#1237,#1238,#1239,#1240,
    #1241,#1242,#1243,#1244,#1245,#1246,#1247,#1248,#1249,#1250,#1251,
    #1252),.UNSPECIFIED.,.F.,.F.,(3,2,2,2,2,2,2,2,3),(0.,0.125,0.25,
    0.375,0.5,0.625,0.75,0.875,1.),.PIECEWISE_BEZIER_KNOTS.);
#1236 = CARTESIAN_POINT('',(11.848761033649,-25.,61.899174022433));
#1237 = CARTESIAN_POINT('',(11.513198181483,-25.,63.992717847309));
#1238 = CARTESIAN_POINT('',(10.454773480995,-25.,65.876160677951));
#1239 = CARTESIAN_POINT('',(9.397915867507,-25.,67.756814912698));
#1240 = CARTESIAN_POINT('',(7.784918488039,-25.,69.132088706019));
#1241 = CARTESIAN_POINT('',(6.174094003031,-25.,70.505509846108));
#1242 = CARTESIAN_POINT('',(4.145527961572,-25.,71.252997029038));
#1243 = CARTESIAN_POINT('',(2.118745264742,-25.,71.999827084112));
#1244 = CARTESIAN_POINT('',(1.734723475977E-15,-25.,72.));
#1245 = CARTESIAN_POINT('',(-2.116845445944,-25.,72.000172760839));
#1246 = CARTESIAN_POINT('',(-4.145527961571,-25.,71.252997029038));
#1247 = CARTESIAN_POINT('',(-6.172425501429,-25.,70.506478714338));
#1248 = CARTESIAN_POINT('',(-7.784918488039,-25.,69.132088706019));
#1249 = CARTESIAN_POINT('',(-9.396694190352,-25.,67.75831006679));
#1250 = CARTESIAN_POINT('',(-10.45477348099,-25.,65.876160677952));
#1251 = CARTESIAN_POINT('',(-11.51304593837,-25.,63.993667677205));
#1252 = CARTESIAN_POINT('',(-11.84876103364,-25.,61.899174022433));
#1253 = PCURVE('',#328,#1254);
#1254 = DEFINITIONAL_REPRESENTATION('',(#1255),#1303);
#1255 = B_SPLINE_CURVE_WITH_KNOTS('',3,(#1256,#1257,#1258,#1259,#1260,
    #1261,#1262,#1263,#1264,#1265,#1266,#1267,#1268,#1269,#1270,#1271,
    #1272,#1273,#1274,#1275,#1276,#1277,#1278,#1279,#1280,#1281,#1282,
    #1283,#1284,#1285,#1286,#1287,#1288,#1289,#1290,#1291,#1292,#1293,
    #1294,#1295,#1296,#1297,#1298,#1299,#1300,#1301,#1302),
  .UNSPECIFIED.,.F.,.F.,(4,1,1,1,1,1,1,1,1,1,1,1,1,1,1,1,1,1,1,1,1,1,1,1
    ,1,1,1,1,1,1,1,1,1,1,1,1,1,1,1,1,1,1,1,1,4),(0.,2.272727272727E-02,
    4.545454545455E-02,6.818181818182E-02,9.090909090909E-02,
    0.113636363636,0.136363636364,0.159090909091,0.181818181818,
    0.204545454545,0.227272727273,0.25,0.272727272727,0.295454545455,
    0.318181818182,0.340909090909,0.363636363636,0.386363636364,
    0.409090909091,0.431818181818,0.454545454545,0.477272727273,0.5,
    0.522727272727,0.545454545455,0.568181818182,0.590909090909,
    0.613636363636,0.636363636364,0.659090909091,0.681818181818,
    0.704545454545,0.727272727273,0.75,0.772727272727,0.795454545455,
    0.818181818182,0.840909090909,0.863636363636,0.886363636364,
    0.909090909091,0.931818181818,0.954545454545,0.977272727273,1.),
  .UNSPECIFIED.);
#1256 = CARTESIAN_POINT('',(0.,1.729729080954));
#1257 = CARTESIAN_POINT('',(1.058149869933E-05,1.751108335935));
#1258 = CARTESIAN_POINT('',(9.793901376358E-05,1.793718683605));
#1259 = CARTESIAN_POINT('',(2.81905145163E-04,1.857438194884));
#1260 = CARTESIAN_POINT('',(3.212325061846E-04,1.921200240648));
#1261 = CARTESIAN_POINT('',(2.000547401027E-04,1.985278127417));
#1262 = CARTESIAN_POINT('',(-6.71542415572E-06,2.049899519945));
#1263 = CARTESIAN_POINT('',(4.316131782628E-06,2.115460886769));
#1264 = CARTESIAN_POINT('',(2.149286157808E-04,2.179994579494));
#1265 = CARTESIAN_POINT('',(3.319596221081E-04,2.244049301246));
#1266 = CARTESIAN_POINT('',(2.824027667216E-04,2.30782662576));
#1267 = CARTESIAN_POINT('',(9.758271540994E-05,2.371555360775));
#1268 = CARTESIAN_POINT('',(-5.279444599036E-05,2.435684008654));
#1269 = CARTESIAN_POINT('',(1.135950685791E-04,2.499673808242));
#1270 = CARTESIAN_POINT('',(2.960167587526E-04,2.563370731327));
#1271 = CARTESIAN_POINT('',(3.356368467135E-04,2.627129021252));
#1272 = CARTESIAN_POINT('',(2.075279473208E-04,2.691201257799));
#1273 = CARTESIAN_POINT('',(-6.835346130622E-06,2.755818662609));
#1274 = CARTESIAN_POINT('',(4.325738284037E-06,2.821417319895));
#1275 = CARTESIAN_POINT('',(2.189424270013E-04,2.885982050735));
#1276 = CARTESIAN_POINT('',(3.382450971196E-04,2.950041234818));
#1277 = CARTESIAN_POINT('',(2.878795137948E-04,3.013807602488));
#1278 = CARTESIAN_POINT('',(9.943564806565E-05,3.077517678435));
#1279 = CARTESIAN_POINT('',(-5.329817270697E-05,3.141607625411));
#1280 = CARTESIAN_POINT('',(1.137570427611E-04,3.205607741459));
#1281 = CARTESIAN_POINT('',(2.960099481823E-04,3.269301867007));
#1282 = CARTESIAN_POINT('',(3.356686978746E-04,3.333060895285));
#1283 = CARTESIAN_POINT('',(2.07535273504E-04,3.397132944775));
#1284 = CARTESIAN_POINT('',(-6.834833065008E-06,3.461750436643));
#1285 = CARTESIAN_POINT('',(4.324961540131E-06,3.527349119985));
#1286 = CARTESIAN_POINT('',(2.189450219241E-04,3.591913794244));
#1287 = CARTESIAN_POINT('',(3.382354962671E-04,3.655973178599));
#1288 = CARTESIAN_POINT('',(2.879153244719E-04,3.71973880176));
#1289 = CARTESIAN_POINT('',(9.930200790117E-05,3.783451655469));
#1290 = CARTESIAN_POINT('',(-5.279942187519E-05,3.84753123591));
#1291 = CARTESIAN_POINT('',(1.11895679609E-04,3.911570040336));
#1292 = CARTESIAN_POINT('',(2.905357857633E-04,3.975282883026));
#1293 = CARTESIAN_POINT('',(3.29395230911E-04,4.039052551477));
#1294 = CARTESIAN_POINT('',(2.035104878607E-04,4.103121290919));
#1295 = CARTESIAN_POINT('',(-6.787887605554E-06,4.167703483107));
#1296 = CARTESIAN_POINT('',(4.231753951968E-06,4.233280875251));
#1297 = CARTESIAN_POINT('',(2.175846422707E-04,4.297872276954));
#1298 = CARTESIAN_POINT('',(3.374205186276E-04,4.361944950337));
#1299 = CARTESIAN_POINT('',(2.91687339105E-04,4.425708341843));
#1300 = CARTESIAN_POINT('',(1.005138368799E-04,4.489441099445));
#1301 = CARTESIAN_POINT('',(1.05987473055E-05,4.532067246982));
#1302 = CARTESIAN_POINT('',(0.,4.553456226225));
#1303 = ( GEOMETRIC_REPRESENTATION_CONTEXT(2) 
PARAMETRIC_REPRESENTATION_CONTEXT() REPRESENTATION_CONTEXT('2D SPACE',''
  ) );
#1304 = PCURVE('',#1030,#1305);
#1305 = DEFINITIONAL_REPRESENTATION('',(#1306),#1324);
#1306 = B_SPLINE_CURVE_WITH_KNOTS('',2,(#1307,#1308,#1309,#1310,#1311,
    #1312,#1313,#1314,#1315,#1316,#1317,#1318,#1319,#1320,#1321,#1322,
    #1323),.UNSPECIFIED.,.F.,.F.,(3,2,2,2,2,2,2,2,3),(0.,0.125,0.25,
    0.375,0.5,0.625,0.75,0.875,1.),.PIECEWISE_BEZIER_KNOTS.);
#1307 = CARTESIAN_POINT('',(11.848761033649,24.399174022433));
#1308 = CARTESIAN_POINT('',(11.513198181483,26.492717847309));
#1309 = CARTESIAN_POINT('',(10.454773480995,28.376160677951));
#1310 = CARTESIAN_POINT('',(9.397915867507,30.256814912698));
#1311 = CARTESIAN_POINT('',(7.784918488039,31.632088706019));
#1312 = CARTESIAN_POINT('',(6.174094003031,33.005509846108));
#1313 = CARTESIAN_POINT('',(4.145527961572,33.752997029038));
#1314 = CARTESIAN_POINT('',(2.118745264742,34.499827084112));
#1315 = CARTESIAN_POINT('',(1.734723475977E-15,34.5));
#1316 = CARTESIAN_POINT('',(-2.116845445944,34.500172760839));
#1317 = CARTESIAN_POINT('',(-4.145527961571,33.752997029038));
#1318 = CARTESIAN_POINT('',(-6.172425501429,33.006478714338));
#1319 = CARTESIAN_POINT('',(-7.784918488039,31.632088706019));
#1320 = CARTESIAN_POINT('',(-9.396694190352,30.25831006679));
#1321 = CARTESIAN_POINT('',(-10.45477348099,28.376160677952));
#1322 = CARTESIAN_POINT('',(-11.51304593837,26.493667677205));
#1323 = CARTESIAN_POINT('',(-11.84876103364,24.399174022433));
#1324 = ( GEOMETRIC_REPRESENTATION_CONTEXT(2) 
PARAMETRIC_REPRESENTATION_CONTEXT() REPRESENTATION_CONTEXT('2D SPACE',''
  ) );
#1325 = ADVANCED_FACE('',(#1326),#242,.T.);
#1326 = FACE_BOUND('',#1327,.T.);
#1327 = EDGE_LOOP('',(#1328,#1351,#1373,#1374));
#1328 = ORIENTED_EDGE('',*,*,#1329,.T.);
#1329 = EDGE_CURVE('',#178,#1330,#1332,.T.);
#1330 = VERTEX_POINT('',#1331);
#1331 = CARTESIAN_POINT('',(9.873967528041,0.,61.582645018694));
#1332 = SURFACE_CURVE('',#1333,(#1337,#1344),.PCURVE_S1.);
#1333 = LINE('',#1334,#1335);
#1334 = CARTESIAN_POINT('',(14.810951292061,-5.,62.373967528041));
#1335 = VECTOR('',#1336,1.);
#1336 = DIRECTION('',(-0.698194939629,0.707106781187,-0.111909902493));
#1337 = PCURVE('',#242,#1338);
#1338 = DEFINITIONAL_REPRESENTATION('',(#1339),#1343);
#1339 = LINE('',#1340,#1341);
#1340 = CARTESIAN_POINT('',(1.729729080954,-2.48689957516E-14));
#1341 = VECTOR('',#1342,1.);
#1342 = DIRECTION('',(8.881784197024E-17,-1.));
#1343 = ( GEOMETRIC_REPRESENTATION_CONTEXT(2) 
PARAMETRIC_REPRESENTATION_CONTEXT() REPRESENTATION_CONTEXT('2D SPACE',''
  ) );
#1344 = PCURVE('',#1088,#1345);
#1345 = DEFINITIONAL_REPRESENTATION('',(#1346),#1350);
#1346 = LINE('',#1347,#1348);
#1347 = CARTESIAN_POINT('',(22.216426938095,7.071067811856));
#1348 = VECTOR('',#1349,1.);
#1349 = DIRECTION('',(-5.403039127216E-13,-1.));
#1350 = ( GEOMETRIC_REPRESENTATION_CONTEXT(2) 
PARAMETRIC_REPRESENTATION_CONTEXT() REPRESENTATION_CONTEXT('2D SPACE',''
  ) );
#1351 = ORIENTED_EDGE('',*,*,#1352,.T.);
#1352 = EDGE_CURVE('',#1330,#416,#1353,.T.);
#1353 = SURFACE_CURVE('',#1354,(#1359,#1366),.PCURVE_S1.);
#1354 = CIRCLE('',#1355,10.);
#1355 = AXIS2_PLACEMENT_3D('',#1356,#1357,#1358);
#1356 = CARTESIAN_POINT('',(-1.351702651971E-16,0.,60.));
#1357 = DIRECTION('',(0.,-1.,0.));
#1358 = DIRECTION('',(0.,0.,-1.));
#1359 = PCURVE('',#242,#1360);
#1360 = DEFINITIONAL_REPRESENTATION('',(#1361),#1365);
#1361 = LINE('',#1362,#1363);
#1362 = CARTESIAN_POINT('',(2.22044604925E-16,-4.999999999987));
#1363 = VECTOR('',#1364,1.);
#1364 = DIRECTION('',(1.,0.));
#1365 = ( GEOMETRIC_REPRESENTATION_CONTEXT(2) 
PARAMETRIC_REPRESENTATION_CONTEXT() REPRESENTATION_CONTEXT('2D SPACE',''
  ) );
#1366 = PCURVE('',#431,#1367);
#1367 = DEFINITIONAL_REPRESENTATION('',(#1368),#1372);
#1368 = CIRCLE('',#1369,10.);
#1369 = AXIS2_PLACEMENT_2D('',#1370,#1371);
#1370 = CARTESIAN_POINT('',(-1.351702651971E-16,22.5));
#1371 = DIRECTION('',(0.,-1.));
#1372 = ( GEOMETRIC_REPRESENTATION_CONTEXT(2) 
PARAMETRIC_REPRESENTATION_CONTEXT() REPRESENTATION_CONTEXT('2D SPACE',''
  ) );
#1373 = ORIENTED_EDGE('',*,*,#493,.F.);
#1374 = ORIENTED_EDGE('',*,*,#205,.F.);
#1375 = ADVANCED_FACE('',(#1376,#1424),#431,.F.);
#1376 = FACE_BOUND('',#1377,.T.);
#1377 = EDGE_LOOP('',(#1378,#1401,#1422,#1423));
#1378 = ORIENTED_EDGE('',*,*,#1379,.T.);
#1379 = EDGE_CURVE('',#1330,#1380,#1382,.T.);
#1380 = VERTEX_POINT('',#1381);
#1381 = CARTESIAN_POINT('',(18.943294627714,0.,5.));
#1382 = SURFACE_CURVE('',#1383,(#1387,#1394),.PCURVE_S1.);
#1383 = LINE('',#1384,#1385);
#1384 = CARTESIAN_POINT('',(15.06301623598,0.,29.208677490653));
#1385 = VECTOR('',#1386,1.);
#1386 = DIRECTION('',(0.158264501869,0.,-0.987396752804));
#1387 = PCURVE('',#431,#1388);
#1388 = DEFINITIONAL_REPRESENTATION('',(#1389),#1393);
#1389 = LINE('',#1390,#1391);
#1390 = CARTESIAN_POINT('',(15.06301623598,-8.291322509347));
#1391 = VECTOR('',#1392,1.);
#1392 = DIRECTION('',(0.158264501869,-0.987396752804));
#1393 = ( GEOMETRIC_REPRESENTATION_CONTEXT(2) 
PARAMETRIC_REPRESENTATION_CONTEXT() REPRESENTATION_CONTEXT('2D SPACE',''
  ) );
#1394 = PCURVE('',#1088,#1395);
#1395 = DEFINITIONAL_REPRESENTATION('',(#1396),#1400);
#1396 = LINE('',#1397,#1398);
#1397 = CARTESIAN_POINT('',(-10.57076568341,5.221378884812E-12));
#1398 = VECTOR('',#1399,1.);
#1399 = DIRECTION('',(-1.,1.800642968064E-13));
#1400 = ( GEOMETRIC_REPRESENTATION_CONTEXT(2) 
PARAMETRIC_REPRESENTATION_CONTEXT() REPRESENTATION_CONTEXT('2D SPACE',''
  ) );
#1401 = ORIENTED_EDGE('',*,*,#1402,.T.);
#1402 = EDGE_CURVE('',#1380,#414,#1403,.T.);
#1403 = SURFACE_CURVE('',#1404,(#1408,#1415),.PCURVE_S1.);
#1404 = LINE('',#1405,#1406);
#1405 = CARTESIAN_POINT('',(0.,0.,5.));
#1406 = VECTOR('',#1407,1.);
#1407 = DIRECTION('',(-1.,0.,0.));
#1408 = PCURVE('',#431,#1409);
#1409 = DEFINITIONAL_REPRESENTATION('',(#1410),#1414);
#1410 = LINE('',#1411,#1412);
#1411 = CARTESIAN_POINT('',(0.,-32.5));
#1412 = VECTOR('',#1413,1.);
#1413 = DIRECTION('',(-1.,0.));
#1414 = ( GEOMETRIC_REPRESENTATION_CONTEXT(2) 
PARAMETRIC_REPRESENTATION_CONTEXT() REPRESENTATION_CONTEXT('2D SPACE',''
  ) );
#1415 = PCURVE('',#459,#1416);
#1416 = DEFINITIONAL_REPRESENTATION('',(#1417),#1421);
#1417 = LINE('',#1418,#1419);
#1418 = CARTESIAN_POINT('',(2.555874176323,7.071067811865));
#1419 = VECTOR('',#1420,1.);
#1420 = DIRECTION('',(-1.,0.));
#1421 = ( GEOMETRIC_REPRESENTATION_CONTEXT(2) 
PARAMETRIC_REPRESENTATION_CONTEXT() REPRESENTATION_CONTEXT('2D SPACE',''
  ) );
#1422 = ORIENTED_EDGE('',*,*,#413,.T.);
#1423 = ORIENTED_EDGE('',*,*,#1352,.F.);
#1424 = FACE_BOUND('',#1425,.T.);
#1425 = EDGE_LOOP('',(#1426));
#1426 = ORIENTED_EDGE('',*,*,#1427,.T.);
#1427 = EDGE_CURVE('',#1428,#1428,#1430,.T.);
#1428 = VERTEX_POINT('',#1429);
#1429 = CARTESIAN_POINT('',(6.,0.,60.));
#1430 = SURFACE_CURVE('',#1431,(#1436,#1443),.PCURVE_S1.);
#1431 = CIRCLE('',#1432,6.);
#1432 = AXIS2_PLACEMENT_3D('',#1433,#1434,#1435);
#1433 = CARTESIAN_POINT('',(-1.351702651971E-16,0.,60.));
#1434 = DIRECTION('',(0.,-1.,0.));
#1435 = DIRECTION('',(1.,0.,0.));
#1436 = PCURVE('',#431,#1437);
#1437 = DEFINITIONAL_REPRESENTATION('',(#1438),#1442);
#1438 = CIRCLE('',#1439,6.);
#1439 = AXIS2_PLACEMENT_2D('',#1440,#1441);
#1440 = CARTESIAN_POINT('',(-1.351702651971E-16,22.5));
#1441 = DIRECTION('',(1.,0.));
#1442 = ( GEOMETRIC_REPRESENTATION_CONTEXT(2) 
PARAMETRIC_REPRESENTATION_CONTEXT() REPRESENTATION_CONTEXT('2D SPACE',''
  ) );
#1443 = PCURVE('',#1444,#1449);
#1444 = CYLINDRICAL_SURFACE('',#1445,6.);
#1445 = AXIS2_PLACEMENT_3D('',#1446,#1447,#1448);
#1446 = CARTESIAN_POINT('',(-1.351702651971E-16,-25.,60.));
#1447 = DIRECTION('',(-0.,-1.,-0.));
#1448 = DIRECTION('',(0.,0.,1.));
#1449 = DEFINITIONAL_REPRESENTATION('',(#1450),#1476);
#1450 = B_SPLINE_CURVE_WITH_KNOTS('',3,(#1451,#1452,#1453,#1454,#1455,
    #1456,#1457,#1458,#1459,#1460,#1461,#1462,#1463,#1464,#1465,#1466,
    #1467,#1468,#1469,#1470,#1471,#1472,#1473,#1474,#1475),
  .UNSPECIFIED.,.F.,.F.,(4,1,1,1,1,1,1,1,1,1,1,1,1,1,1,1,1,1,1,1,1,1,4),
  (0.,0.285599332145,0.571198664289,0.856797996434,1.142397328578,
    1.427996660723,1.713595992867,1.999195325012,2.284794657156,
    2.570393989301,2.855993321445,3.14159265359,3.427191985734,
    3.712791317879,3.998390650023,4.283989982168,4.569589314312,
    4.855188646457,5.140787978601,5.426387310746,5.711986642891,
    5.997585975035,6.28318530718),.UNSPECIFIED.);
#1451 = CARTESIAN_POINT('',(-1.570796326795,-25.));
#1452 = CARTESIAN_POINT('',(-1.475596549414,-25.));
#1453 = CARTESIAN_POINT('',(-1.285196994651,-25.));
#1454 = CARTESIAN_POINT('',(-0.999597662506,-25.));
#1455 = CARTESIAN_POINT('',(-0.713998330362,-25.));
#1456 = CARTESIAN_POINT('',(-0.428398998217,-25.));
#1457 = CARTESIAN_POINT('',(-0.142799666073,-25.));
#1458 = CARTESIAN_POINT('',(0.142799666072,-25.));
#1459 = CARTESIAN_POINT('',(0.428398998216,-25.));
#1460 = CARTESIAN_POINT('',(0.713998330361,-25.));
#1461 = CARTESIAN_POINT('',(0.999597662505,-25.));
#1462 = CARTESIAN_POINT('',(1.28519699465,-25.));
#1463 = CARTESIAN_POINT('',(1.570796326794,-25.));
#1464 = CARTESIAN_POINT('',(1.856395658939,-25.));
#1465 = CARTESIAN_POINT('',(2.141994991084,-25.));
#1466 = CARTESIAN_POINT('',(2.427594323228,-25.));
#1467 = CARTESIAN_POINT('',(2.713193655373,-25.));
#1468 = CARTESIAN_POINT('',(2.998792987517,-25.));
#1469 = CARTESIAN_POINT('',(3.284392319662,-25.));
#1470 = CARTESIAN_POINT('',(3.569991651806,-25.));
#1471 = CARTESIAN_POINT('',(3.855590983951,-25.));
#1472 = CARTESIAN_POINT('',(4.141190316095,-25.));
#1473 = CARTESIAN_POINT('',(4.42678964824,-25.));
#1474 = CARTESIAN_POINT('',(4.617189203003,-25.));
#1475 = CARTESIAN_POINT('',(4.712388980384,-25.));
#1476 = ( GEOMETRIC_REPRESENTATION_CONTEXT(2) 
PARAMETRIC_REPRESENTATION_CONTEXT() REPRESENTATION_CONTEXT('2D SPACE',''
  ) );
#1477 = ADVANCED_FACE('',(#1478),#459,.F.);
#1478 = FACE_BOUND('',#1479,.T.);
#1479 = EDGE_LOOP('',(#1480,#1481,#1482,#1505,#1528,#1549));
#1480 = ORIENTED_EDGE('',*,*,#443,.F.);
#1481 = ORIENTED_EDGE('',*,*,#1402,.F.);
#1482 = ORIENTED_EDGE('',*,*,#1483,.T.);
#1483 = EDGE_CURVE('',#1380,#1484,#1486,.T.);
#1484 = VERTEX_POINT('',#1485);
#1485 = CARTESIAN_POINT('',(20.,-0.900819675973,4.099180324027));
#1486 = SURFACE_CURVE('',#1487,(#1491,#1498),.PCURVE_S1.);
#1487 = LINE('',#1488,#1489);
#1488 = CARTESIAN_POINT('',(4.641576210259,12.191921881507,
    17.191921881507));
#1489 = VECTOR('',#1490,1.);
#1490 = DIRECTION('',(0.638428178004,-0.544246939142,-0.544246939142));
#1491 = PCURVE('',#459,#1492);
#1492 = DEFINITIONAL_REPRESENTATION('',(#1493),#1497);
#1493 = LINE('',#1494,#1495);
#1494 = CARTESIAN_POINT('',(7.197450386582,24.313049088086));
#1495 = VECTOR('',#1496,1.);
#1496 = DIRECTION('',(0.638428178004,-0.769681402615));
#1497 = ( GEOMETRIC_REPRESENTATION_CONTEXT(2) 
PARAMETRIC_REPRESENTATION_CONTEXT() REPRESENTATION_CONTEXT('2D SPACE',''
  ) );
#1498 = PCURVE('',#1088,#1499);
#1499 = DEFINITIONAL_REPRESENTATION('',(#1500),#1504);
#1500 = LINE('',#1501,#1502);
#1501 = CARTESIAN_POINT('',(-20.7867271367,-17.24198127621));
#1502 = VECTOR('',#1503,1.);
#1503 = DIRECTION('',(-0.638428178003,0.769681402615));
#1504 = ( GEOMETRIC_REPRESENTATION_CONTEXT(2) 
PARAMETRIC_REPRESENTATION_CONTEXT() REPRESENTATION_CONTEXT('2D SPACE',''
  ) );
#1505 = ORIENTED_EDGE('',*,*,#1506,.T.);
#1506 = EDGE_CURVE('',#1484,#1507,#1509,.T.);
#1507 = VERTEX_POINT('',#1508);
#1508 = CARTESIAN_POINT('',(20.,-5.,0.));
#1509 = SURFACE_CURVE('',#1510,(#1514,#1521),.PCURVE_S1.);
#1510 = LINE('',#1511,#1512);
#1511 = CARTESIAN_POINT('',(20.,-5.,-6.905744778001E-16));
#1512 = VECTOR('',#1513,1.);
#1513 = DIRECTION('',(-4.329780281171E-17,-0.707106781187,
    -0.707106781187));
#1514 = PCURVE('',#459,#1515);
#1515 = DEFINITIONAL_REPRESENTATION('',(#1516),#1520);
#1516 = LINE('',#1517,#1518);
#1517 = CARTESIAN_POINT('',(22.555874176323,-2.441549480834E-16));
#1518 = VECTOR('',#1519,1.);
#1519 = DIRECTION('',(-4.329780281171E-17,-1.));
#1520 = ( GEOMETRIC_REPRESENTATION_CONTEXT(2) 
PARAMETRIC_REPRESENTATION_CONTEXT() REPRESENTATION_CONTEXT('2D SPACE',''
  ) );
#1521 = PCURVE('',#1062,#1522);
#1522 = DEFINITIONAL_REPRESENTATION('',(#1523),#1527);
#1523 = LINE('',#1524,#1525);
#1524 = CARTESIAN_POINT('',(-0.777876004577,20.));
#1525 = VECTOR('',#1526,1.);
#1526 = DIRECTION('',(-0.707106781187,-0.707106781187));
#1527 = ( GEOMETRIC_REPRESENTATION_CONTEXT(2) 
PARAMETRIC_REPRESENTATION_CONTEXT() REPRESENTATION_CONTEXT('2D SPACE',''
  ) );
#1528 = ORIENTED_EDGE('',*,*,#1529,.F.);
#1529 = EDGE_CURVE('',#541,#1507,#1530,.T.);
#1530 = SURFACE_CURVE('',#1531,(#1535,#1542),.PCURVE_S1.);
#1531 = LINE('',#1532,#1533);
#1532 = CARTESIAN_POINT('',(-2.555874176323,-5.,0.));
#1533 = VECTOR('',#1534,1.);
#1534 = DIRECTION('',(1.,0.,0.));
#1535 = PCURVE('',#459,#1536);
#1536 = DEFINITIONAL_REPRESENTATION('',(#1537),#1541);
#1537 = LINE('',#1538,#1539);
#1538 = CARTESIAN_POINT('',(0.,0.));
#1539 = VECTOR('',#1540,1.);
#1540 = DIRECTION('',(1.,0.));
#1541 = ( GEOMETRIC_REPRESENTATION_CONTEXT(2) 
PARAMETRIC_REPRESENTATION_CONTEXT() REPRESENTATION_CONTEXT('2D SPACE',''
  ) );
#1542 = PCURVE('',#579,#1543);
#1543 = DEFINITIONAL_REPRESENTATION('',(#1544),#1548);
#1544 = LINE('',#1545,#1546);
#1545 = CARTESIAN_POINT('',(0.,20.));
#1546 = VECTOR('',#1547,1.);
#1547 = DIRECTION('',(1.,0.));
#1548 = ( GEOMETRIC_REPRESENTATION_CONTEXT(2) 
PARAMETRIC_REPRESENTATION_CONTEXT() REPRESENTATION_CONTEXT('2D SPACE',''
  ) );
#1549 = ORIENTED_EDGE('',*,*,#540,.T.);
#1550 = ADVANCED_FACE('',(#1551),#579,.F.);
#1551 = FACE_BOUND('',#1552,.T.);
#1552 = EDGE_LOOP('',(#1553,#1554,#1555,#1578));
#1553 = ORIENTED_EDGE('',*,*,#563,.T.);
#1554 = ORIENTED_EDGE('',*,*,#1529,.T.);
#1555 = ORIENTED_EDGE('',*,*,#1556,.F.);
#1556 = EDGE_CURVE('',#1557,#1507,#1559,.T.);
#1557 = VERTEX_POINT('',#1558);
#1558 = CARTESIAN_POINT('',(20.,-22.,0.));
#1559 = SURFACE_CURVE('',#1560,(#1564,#1571),.PCURVE_S1.);
#1560 = LINE('',#1561,#1562);
#1561 = CARTESIAN_POINT('',(20.,-25.,0.));
#1562 = VECTOR('',#1563,1.);
#1563 = DIRECTION('',(0.,1.,0.));
#1564 = PCURVE('',#579,#1565);
#1565 = DEFINITIONAL_REPRESENTATION('',(#1566),#1570);
#1566 = LINE('',#1567,#1568);
#1567 = CARTESIAN_POINT('',(22.555874176323,0.));
#1568 = VECTOR('',#1569,1.);
#1569 = DIRECTION('',(0.,1.));
#1570 = ( GEOMETRIC_REPRESENTATION_CONTEXT(2) 
PARAMETRIC_REPRESENTATION_CONTEXT() REPRESENTATION_CONTEXT('2D SPACE',''
  ) );
#1571 = PCURVE('',#1062,#1572);
#1572 = DEFINITIONAL_REPRESENTATION('',(#1573),#1577);
#1573 = LINE('',#1574,#1575);
#1574 = CARTESIAN_POINT('',(-0.777876004577,0.));
#1575 = VECTOR('',#1576,1.);
#1576 = DIRECTION('',(0.,1.));
#1577 = ( GEOMETRIC_REPRESENTATION_CONTEXT(2) 
PARAMETRIC_REPRESENTATION_CONTEXT() REPRESENTATION_CONTEXT('2D SPACE',''
  ) );
#1578 = ORIENTED_EDGE('',*,*,#1579,.T.);
#1579 = EDGE_CURVE('',#1557,#564,#1580,.T.);
#1580 = SURFACE_CURVE('',#1581,(#1584,#1590),.PCURVE_S1.);
#1581 = B_SPLINE_CURVE_WITH_KNOTS('',1,(#1582,#1583),.UNSPECIFIED.,.F.,
  .F.,(2,2),(0.,1.),.PIECEWISE_BEZIER_KNOTS.);
#1582 = CARTESIAN_POINT('',(20.,-22.,0.));
#1583 = CARTESIAN_POINT('',(-20.,-22.,0.));
#1584 = PCURVE('',#579,#1585);
#1585 = DEFINITIONAL_REPRESENTATION('',(#1586),#1589);
#1586 = B_SPLINE_CURVE_WITH_KNOTS('',1,(#1587,#1588),.UNSPECIFIED.,.F.,
  .F.,(2,2),(0.,1.),.PIECEWISE_BEZIER_KNOTS.);
#1587 = CARTESIAN_POINT('',(22.555874176323,3.));
#1588 = CARTESIAN_POINT('',(-17.44412582367,3.));
#1589 = ( GEOMETRIC_REPRESENTATION_CONTEXT(2) 
PARAMETRIC_REPRESENTATION_CONTEXT() REPRESENTATION_CONTEXT('2D SPACE',''
  ) );
#1590 = PCURVE('',#1591,#1616);
#1591 = B_SPLINE_SURFACE_WITH_KNOTS('',2,3,(
    (#1592,#1593,#1594,#1595,#1596,#1597,#1598,#1599)
    ,(#1600,#1601,#1602,#1603,#1604,#1605,#1606,#1607)
    ,(#1608,#1609,#1610,#1611,#1612,#1613,#1614,#1615
  )),.UNSPECIFIED.,.F.,.F.,.F.,(3,3),(4,2,2,4),(0.,1.),(-2.2E-02,
    -1.7E-02,1.7E-02,2.2E-02),.UNSPECIFIED.);
#1592 = CARTESIAN_POINT('',(22.,-22.,2.602085213965E-15));
#1593 = CARTESIAN_POINT('',(20.333333333333,-22.,2.602085213965E-15));
#1594 = CARTESIAN_POINT('',(18.666666666667,-22.,2.602085213965E-15));
#1595 = CARTESIAN_POINT('',(5.666666666667,-22.,2.602085213965E-15));
#1596 = CARTESIAN_POINT('',(-5.666666666667,-22.,2.602085213965E-15));
#1597 = CARTESIAN_POINT('',(-18.66666666666,-22.,2.602085213965E-15));
#1598 = CARTESIAN_POINT('',(-20.33333333333,-22.,2.602085213965E-15));
#1599 = CARTESIAN_POINT('',(-22.,-22.,2.602085213965E-15));
#1600 = CARTESIAN_POINT('',(22.,-25.,2.602085213965E-15));
#1601 = CARTESIAN_POINT('',(20.333333333333,-25.,2.602085213965E-15));
#1602 = CARTESIAN_POINT('',(18.666666666667,-25.,2.602085213965E-15));
#1603 = CARTESIAN_POINT('',(5.666666666667,-25.,2.602085213965E-15));
#1604 = CARTESIAN_POINT('',(-5.666666666667,-25.,2.602085213965E-15));
#1605 = CARTESIAN_POINT('',(-18.66666666666,-25.,2.602085213965E-15));
#1606 = CARTESIAN_POINT('',(-20.33333333333,-25.,2.602085213965E-15));
#1607 = CARTESIAN_POINT('',(-22.,-25.,2.602085213965E-15));
#1608 = CARTESIAN_POINT('',(22.,-25.,3.));
#1609 = CARTESIAN_POINT('',(20.333333333333,-25.,3.));
#1610 = CARTESIAN_POINT('',(18.666666666667,-25.,3.));
#1611 = CARTESIAN_POINT('',(5.666666666667,-25.,3.));
#1612 = CARTESIAN_POINT('',(-5.666666666667,-25.,3.));
#1613 = CARTESIAN_POINT('',(-18.66666666666,-25.,3.));
#1614 = CARTESIAN_POINT('',(-20.33333333333,-25.,3.));
#1615 = CARTESIAN_POINT('',(-22.,-25.,3.));
#1616 = DEFINITIONAL_REPRESENTATION('',(#1617),#1643);
#1617 = B_SPLINE_CURVE_WITH_KNOTS('',3,(#1618,#1619,#1620,#1621,#1622,
    #1623,#1624,#1625,#1626,#1627,#1628,#1629,#1630,#1631,#1632,#1633,
    #1634,#1635,#1636,#1637,#1638,#1639,#1640,#1641,#1642),
  .UNSPECIFIED.,.F.,.F.,(4,1,1,1,1,1,1,1,1,1,1,1,1,1,1,1,1,1,1,1,1,1,4),
  (0.,4.545454545455E-02,9.090909090909E-02,0.136363636364,
    0.181818181818,0.227272727273,0.272727272727,0.318181818182,
    0.363636363636,0.409090909091,0.454545454545,0.5,0.545454545455,
    0.590909090909,0.636363636364,0.681818181818,0.727272727273,
    0.772727272727,0.818181818182,0.863636363636,0.909090909091,
    0.954545454545,1.),.UNSPECIFIED.);
#1618 = CARTESIAN_POINT('',(0.,-2.E-02));
#1619 = CARTESIAN_POINT('',(0.,-1.939393939394E-02));
#1620 = CARTESIAN_POINT('',(0.,-1.818181818182E-02));
#1621 = CARTESIAN_POINT('',(0.,-1.636363636364E-02));
#1622 = CARTESIAN_POINT('',(0.,-1.454545454545E-02));
#1623 = CARTESIAN_POINT('',(0.,-1.272727272727E-02));
#1624 = CARTESIAN_POINT('',(0.,-1.090909090909E-02));
#1625 = CARTESIAN_POINT('',(0.,-9.090909090909E-03));
#1626 = CARTESIAN_POINT('',(0.,-7.272727272727E-03));
#1627 = CARTESIAN_POINT('',(0.,-5.454545454546E-03));
#1628 = CARTESIAN_POINT('',(0.,-3.636363636364E-03));
#1629 = CARTESIAN_POINT('',(0.,-1.818181818182E-03));
#1630 = CARTESIAN_POINT('',(0.,-9.700165513792E-17));
#1631 = CARTESIAN_POINT('',(0.,1.818181818182E-03));
#1632 = CARTESIAN_POINT('',(0.,3.636363636364E-03));
#1633 = CARTESIAN_POINT('',(0.,5.454545454545E-03));
#1634 = CARTESIAN_POINT('',(0.,7.272727272727E-03));
#1635 = CARTESIAN_POINT('',(0.,9.090909090909E-03));
#1636 = CARTESIAN_POINT('',(0.,1.090909090909E-02));
#1637 = CARTESIAN_POINT('',(0.,1.272727272727E-02));
#1638 = CARTESIAN_POINT('',(0.,1.454545454545E-02));
#1639 = CARTESIAN_POINT('',(0.,1.636363636364E-02));
#1640 = CARTESIAN_POINT('',(0.,1.818181818182E-02));
#1641 = CARTESIAN_POINT('',(-0.,1.939393939394E-02));
#1642 = CARTESIAN_POINT('',(0.,2.E-02));
#1643 = ( GEOMETRIC_REPRESENTATION_CONTEXT(2) 
PARAMETRIC_REPRESENTATION_CONTEXT() REPRESENTATION_CONTEXT('2D SPACE',''
  ) );
#1644 = ADVANCED_FACE('',(#1645),#603,.T.);
#1645 = FACE_BOUND('',#1646,.T.);
#1646 = EDGE_LOOP('',(#1647,#1648,#1649,#1915));
#1647 = ORIENTED_EDGE('',*,*,#729,.T.);
#1648 = ORIENTED_EDGE('',*,*,#591,.F.);
#1649 = ORIENTED_EDGE('',*,*,#1650,.F.);
#1650 = EDGE_CURVE('',#1651,#564,#1653,.T.);
#1651 = VERTEX_POINT('',#1652);
#1652 = CARTESIAN_POINT('',(-17.,-25.,3.));
#1653 = SURFACE_CURVE('',#1654,(#1681,#1798),.PCURVE_S1.);
#1654 = B_SPLINE_CURVE_WITH_KNOTS('',3,(#1655,#1656,#1657,#1658,#1659,
    #1660,#1661,#1662,#1663,#1664,#1665,#1666,#1667,#1668,#1669,#1670,
    #1671,#1672,#1673,#1674,#1675,#1676,#1677,#1678,#1679,#1680),
  .UNSPECIFIED.,.F.,.F.,(4,1,1,1,1,1,1,1,1,1,1,1,1,1,1,1,1,1,1,1,1,1,1,4
    ),(0.,6.106233400151E-02,0.11947453512,0.17530868103,0.228647301782,
    0.279585058724,0.328230631031,0.374708780005,0.419162519593,
    0.461755260744,0.502672717149,0.542124268229,0.580343393426,
    0.617586757713,0.654131591002,0.69027120225,0.726308796043,
    0.762550137572,0.799295906167,0.836834661975,0.875437186113,
    0.915352616165,0.95680642476,1.),.UNSPECIFIED.);
#1655 = CARTESIAN_POINT('',(-17.,-25.,3.));
#1656 = CARTESIAN_POINT('',(-17.08508095938,-24.99896097153,
    2.914919040614));
#1657 = CARTESIAN_POINT('',(-17.25155032607,-24.9969280089,
    2.748449673918));
#1658 = CARTESIAN_POINT('',(-17.49556662022,-24.97959829633,
    2.504433379762));
#1659 = CARTESIAN_POINT('',(-17.72826952161,-24.95165355174,
    2.27173047837));
#1660 = CARTESIAN_POINT('',(-17.9496644217,-24.91218723581,
    2.050335578281));
#1661 = CARTESIAN_POINT('',(-18.15975595509,-24.86141831053,
    1.84024404488));
#1662 = CARTESIAN_POINT('',(-18.35854887299,-24.79928087322,
    1.641451126986));
#1663 = CARTESIAN_POINT('',(-18.54604716086,-24.72577635942,
    1.453952839108));
#1664 = CARTESIAN_POINT('',(-18.72225323938,-24.64088494,1.277746760593)
  );
#1665 = CARTESIAN_POINT('',(-18.8871667424,-24.54458760272,
    1.112833257576));
#1666 = CARTESIAN_POINT('',(-19.04078305838,-24.43686141635,
    0.959216941592));
#1667 = CARTESIAN_POINT('',(-19.18309184582,-24.31768283662,
    0.816908154156));
#1668 = CARTESIAN_POINT('',(-19.3140760113,-24.18703065618,
    0.685923988679));
#1669 = CARTESIAN_POINT('',(-19.43371180316,-24.04489055805,
    0.56628819682));
#1670 = CARTESIAN_POINT('',(-19.54197070129,-23.89125980798,
    0.458029298686));
#1671 = CARTESIAN_POINT('',(-19.63882305479,-23.72615061576,
    0.361176945195));
#1672 = CARTESIAN_POINT('',(-19.7242434868,-23.54959042336,
    0.275756513185));
#1673 = CARTESIAN_POINT('',(-19.79821384823,-23.36161835002,
    0.201786151754));
#1674 = CARTESIAN_POINT('',(-19.86073224011,-23.16227861212,
    0.139267759883));
#1675 = CARTESIAN_POINT('',(-19.91178865301,-22.95161326392,
    8.821134698303E-02));
#1676 = CARTESIAN_POINT('',(-19.95145604391,-22.7296561043,
    4.854395608655E-02));
#1677 = CARTESIAN_POINT('',(-19.97952157308,-22.49643107153,
    2.047842691725E-02));
#1678 = CARTESIAN_POINT('',(-19.99691755401,-22.25194723032,
    3.08244598422E-03));
#1679 = CARTESIAN_POINT('',(-19.99895853517,-22.08512531295,
    1.041464828691E-03));
#1680 = CARTESIAN_POINT('',(-20.,-22.,2.602085213965E-15));
#1681 = PCURVE('',#603,#1682);
#1682 = DEFINITIONAL_REPRESENTATION('',(#1683),#1797);
#1683 = B_SPLINE_CURVE_WITH_KNOTS('',3,(#1684,#1685,#1686,#1687,#1688,
    #1689,#1690,#1691,#1692,#1693,#1694,#1695,#1696,#1697,#1698,#1699,
    #1700,#1701,#1702,#1703,#1704,#1705,#1706,#1707,#1708,#1709,#1710,
    #1711,#1712,#1713,#1714,#1715,#1716,#1717,#1718,#1719,#1720,#1721,
    #1722,#1723,#1724,#1725,#1726,#1727,#1728,#1729,#1730,#1731,#1732,
    #1733,#1734,#1735,#1736,#1737,#1738,#1739,#1740,#1741,#1742,#1743,
    #1744,#1745,#1746,#1747,#1748,#1749,#1750,#1751,#1752,#1753,#1754,
    #1755,#1756,#1757,#1758,#1759,#1760,#1761,#1762,#1763,#1764,#1765,
    #1766,#1767,#1768,#1769,#1770,#1771,#1772,#1773,#1774,#1775,#1776,
    #1777,#1778,#1779,#1780,#1781,#1782,#1783,#1784,#1785,#1786,#1787,
    #1788,#1789,#1790,#1791,#1792,#1793,#1794,#1795,#1796),
  .UNSPECIFIED.,.F.,.F.,(4,1,1,1,1,1,1,1,1,1,1,1,1,1,1,1,1,1,1,1,1,1,1,1
    ,1,1,1,1,1,1,1,1,1,1,1,1,1,1,1,1,1,1,1,1,1,1,1,1,1,1,1,1,1,1,1,1,1,1
    ,1,1,1,1,1,1,1,1,1,1,1,1,1,1,1,1,1,1,1,1,1,1,1,1,1,1,1,1,1,1,1,1,1,1
    ,1,1,1,1,1,1,1,1,1,1,1,1,1,1,1,1,1,1,4),(0.,9.090909090909E-03,
    1.818181818182E-02,2.727272727273E-02,3.636363636364E-02,
    4.545454545455E-02,5.454545454545E-02,6.363636363636E-02,
    7.272727272727E-02,8.181818181818E-02,9.090909090909E-02,0.1,
    0.109090909091,0.118181818182,0.127272727273,0.136363636364,
    0.145454545455,0.154545454545,0.163636363636,0.172727272727,
    0.181818181818,0.190909090909,0.2,0.209090909091,0.218181818182,
    0.227272727273,0.236363636364,0.245454545455,0.254545454545,
    0.263636363636,0.272727272727,0.281818181818,0.290909090909,0.3,
    0.309090909091,0.318181818182,0.327272727273,0.336363636364,
    0.345454545455,0.354545454545,0.363636363636,0.372727272727,
    0.381818181818,0.390909090909,0.4,0.409090909091,0.418181818182,
    0.427272727273,0.436363636364,0.445454545455,0.454545454545,
    0.463636363636,0.472727272727,0.481818181818,0.490909090909,0.5,
    0.509090909091,0.518181818182,0.527272727273,0.536363636364,
    0.545454545455,0.554545454545,0.563636363636,0.572727272727,
    0.581818181818,0.590909090909,0.6,0.609090909091,0.618181818182,
    0.627272727273,0.636363636364,0.645454545455,0.654545454545,
    0.663636363636,0.672727272727,0.681818181818,0.690909090909,0.7,
    0.709090909091,0.718181818182,0.727272727273,0.736363636364,
    0.745454545455,0.754545454545,0.763636363636,0.772727272727,
    0.781818181818,0.790909090909,0.8,0.809090909091,0.818181818182,
    0.827272727273,0.836363636364,0.845454545455,0.854545454545,
    0.863636363636,0.872727272727,0.881818181818,0.890909090909,0.9,
    0.909090909091,0.918181818182,0.927272727273,0.936363636364,
    0.945454545455,0.954545454545,0.963636363636,0.972727272727,
    0.981818181818,0.990909090909,1.),.UNSPECIFIED.);
#1684 = CARTESIAN_POINT('',(1.,2.12014908328E-03));
#1685 = CARTESIAN_POINT('',(0.997888854294,2.10748230138E-03));
#1686 = CARTESIAN_POINT('',(0.993652923754,2.082148737573E-03));
#1687 = CARTESIAN_POINT('',(0.987257922111,2.044149270802E-03));
#1688 = CARTESIAN_POINT('',(0.980821701759,2.006151561725E-03));
#1689 = CARTESIAN_POINT('',(0.974343885305,1.968156489803E-03));
#1690 = CARTESIAN_POINT('',(0.967823899414,1.930164931878E-03));
#1691 = CARTESIAN_POINT('',(0.961260948395,1.892177774555E-03));
#1692 = CARTESIAN_POINT('',(0.954653953548,1.854195868006E-03));
#1693 = CARTESIAN_POINT('',(0.94800173107,1.816220209042E-03));
#1694 = CARTESIAN_POINT('',(0.941303510632,1.778252194499E-03));
#1695 = CARTESIAN_POINT('',(0.93455849721,1.740293160177E-03));
#1696 = CARTESIAN_POINT('',(0.927765946408,1.702344459124E-03));
#1697 = CARTESIAN_POINT('',(0.92092515314,1.664407436422E-03));
#1698 = CARTESIAN_POINT('',(0.914035454142,1.626483451771E-03));
#1699 = CARTESIAN_POINT('',(0.907096264733,1.588573814369E-03));
#1700 = CARTESIAN_POINT('',(0.900106821946,1.550680381136E-03));
#1701 = CARTESIAN_POINT('',(0.893066274839,1.512805087792E-03));
#1702 = CARTESIAN_POINT('',(0.885973727743,1.474949851261E-03));
#1703 = CARTESIAN_POINT('',(0.878828223702,1.437116586489E-03));
#1704 = CARTESIAN_POINT('',(0.871628757284,1.399307235133E-03));
#1705 = CARTESIAN_POINT('',(0.864374229582,1.361523633985E-03));
#1706 = CARTESIAN_POINT('',(0.857063698989,1.323768310962E-03));
#1707 = CARTESIAN_POINT('',(0.84969627143,1.286044047985E-03));
#1708 = CARTESIAN_POINT('',(0.842271003321,1.248353565699E-03));
#1709 = CARTESIAN_POINT('',(0.834786926945,1.210699594456E-03));
#1710 = CARTESIAN_POINT('',(0.827243047869,1.173084887065E-03));
#1711 = CARTESIAN_POINT('',(0.819638339519,1.135512096789E-03));
#1712 = CARTESIAN_POINT('',(0.811971834072,1.097984925162E-03));
#1713 = CARTESIAN_POINT('',(0.804242531678,1.060507239824E-03));
#1714 = CARTESIAN_POINT('',(0.796449383718,1.023082858389E-03));
#1715 = CARTESIAN_POINT('',(0.788591303487,9.857156362736E-04));
#1716 = CARTESIAN_POINT('',(0.780667147603,9.484093277069E-04));
#1717 = CARTESIAN_POINT('',(0.772675793709,9.111680756592E-04));
#1718 = CARTESIAN_POINT('',(0.764616275976,8.739973235522E-04));
#1719 = CARTESIAN_POINT('',(0.756487557285,8.369023378256E-04));
#1720 = CARTESIAN_POINT('',(0.748288565536,7.998884234699E-04));
#1721 = CARTESIAN_POINT('',(0.74001819324,7.629609082536E-04));
#1722 = CARTESIAN_POINT('',(0.731675281404,7.261249902832E-04));
#1723 = CARTESIAN_POINT('',(0.723258898141,6.893877304026E-04));
#1724 = CARTESIAN_POINT('',(0.714768093838,6.527563835132E-04));
#1725 = CARTESIAN_POINT('',(0.706201868067,6.162381348229E-04));
#1726 = CARTESIAN_POINT('',(0.697559197226,5.798402564886E-04));
#1727 = CARTESIAN_POINT('',(0.688838982065,5.435697425648E-04));
#1728 = CARTESIAN_POINT('',(0.680040443787,5.074357538396E-04));
#1729 = CARTESIAN_POINT('',(0.671162854457,4.714480011107E-04));
#1730 = CARTESIAN_POINT('',(0.662205427754,4.35616040954E-04));
#1731 = CARTESIAN_POINT('',(0.653167365206,3.999495215328E-04));
#1732 = CARTESIAN_POINT('',(0.644047807957,3.644578788832E-04));
#1733 = CARTESIAN_POINT('',(0.634846392091,3.291533110945E-04));
#1734 = CARTESIAN_POINT('',(0.625562779045,2.940482897283E-04));
#1735 = CARTESIAN_POINT('',(0.616196606876,2.591552563333E-04));
#1736 = CARTESIAN_POINT('',(0.606747462652,2.244865025835E-04));
#1737 = CARTESIAN_POINT('',(0.597215076942,1.900549769926E-04));
#1738 = CARTESIAN_POINT('',(0.587599833506,1.558764643208E-04));
#1739 = CARTESIAN_POINT('',(0.577902020469,1.2196637566E-04));
#1740 = CARTESIAN_POINT('',(0.568121976191,8.834031923346E-05));
#1741 = CARTESIAN_POINT('',(0.558259905296,5.501348840729E-05));
#1742 = CARTESIAN_POINT('',(0.548316810403,2.200358392959E-05));
#1743 = CARTESIAN_POINT('',(0.538294004856,-1.067074249375E-05));
#1744 = CARTESIAN_POINT('',(0.528192763446,-4.299101741902E-05));
#1745 = CARTESIAN_POINT('',(0.518014263326,-7.49389298419E-05));
#1746 = CARTESIAN_POINT('',(0.507760166557,-1.064952295386E-04));
#1747 = CARTESIAN_POINT('',(0.497433048987,-1.376389358426E-04));
#1748 = CARTESIAN_POINT('',(0.487035352411,-1.683493689493E-04));
#1749 = CARTESIAN_POINT('',(0.47656949776,-1.986058005131E-04));
#1750 = CARTESIAN_POINT('',(0.466038082861,-2.28387391988E-04));
#1751 = CARTESIAN_POINT('',(0.455444985125,-2.576725202747E-04));
#1752 = CARTESIAN_POINT('',(0.44479396037,-2.864396482292E-04));
#1753 = CARTESIAN_POINT('',(0.434088746084,-3.146671970575E-04));
#1754 = CARTESIAN_POINT('',(0.423333080696,-3.423336689687E-04));
#1755 = CARTESIAN_POINT('',(0.412532030728,-3.694188286511E-04));
#1756 = CARTESIAN_POINT('',(0.401690574602,-3.959023918335E-04));
#1757 = CARTESIAN_POINT('',(0.39081362004,-4.217640510686E-04));
#1758 = CARTESIAN_POINT('',(0.379905993118,-4.469836409184E-04));
#1759 = CARTESIAN_POINT('',(0.368973618571,-4.715446424687E-04));
#1760 = CARTESIAN_POINT('',(0.358022312108,-4.954304384258E-04));
#1761 = CARTESIAN_POINT('',(0.347057759741,-5.186243484953E-04));
#1762 = CARTESIAN_POINT('',(0.336085516876,-5.411100447319E-04));
#1763 = CARTESIAN_POINT('',(0.325111789603,-5.628768216722E-04));
#1764 = CARTESIAN_POINT('',(0.314142628999,-5.839137390098E-04));
#1765 = CARTESIAN_POINT('',(0.303183922314,-6.042097495931E-04));
#1766 = CARTESIAN_POINT('',(0.292241366871,-6.237544767285E-04));
#1767 = CARTESIAN_POINT('',(0.281320741289,-6.425442827718E-04));
#1768 = CARTESIAN_POINT('',(0.27042766556,-6.605750950892E-04));
#1769 = CARTESIAN_POINT('',(0.259567593965,-6.778427774753E-04));
#1770 = CARTESIAN_POINT('',(0.248745739856,-6.943438939772E-04));
#1771 = CARTESIAN_POINT('',(0.237966900168,-7.100812556105E-04));
#1772 = CARTESIAN_POINT('',(0.227235751867,-7.25057207173E-04));
#1773 = CARTESIAN_POINT('',(0.21655681945,-7.392741043791E-04));
#1774 = CARTESIAN_POINT('',(0.205934394887,-7.527347285545E-04));
#1775 = CARTESIAN_POINT('',(0.19537189762,-7.65448375517E-04));
#1776 = CARTESIAN_POINT('',(0.184872703781,-7.774239807865E-04));
#1777 = CARTESIAN_POINT('',(0.174440066136,-7.886705791939E-04));
#1778 = CARTESIAN_POINT('',(0.164077159509,-7.991971686239E-04));
#1779 = CARTESIAN_POINT('',(0.153786289961,-8.090128157658E-04));
#1780 = CARTESIAN_POINT('',(0.143569647291,-8.181264440612E-04));
#1781 = CARTESIAN_POINT('',(0.133429290402,-8.265475088773E-04));
#1782 = CARTESIAN_POINT('',(0.123367351067,-8.342834811298E-04));
#1783 = CARTESIAN_POINT('',(0.113384791272,-8.413545110548E-04));
#1784 = CARTESIAN_POINT('',(0.103482228178,-8.477860949762E-04));
#1785 = CARTESIAN_POINT('',(9.36604715808E-02,-8.536014052188E-04));
#1786 = CARTESIAN_POINT('',(8.392037705147E-02,-8.588279679357E-04));
#1787 = CARTESIAN_POINT('',(7.426286798191E-02,-8.634768095404E-04));
#1788 = CARTESIAN_POINT('',(6.468859476024E-02,-8.675208978514E-04));
#1789 = CARTESIAN_POINT('',(5.519792354341E-02,-8.70937956979E-04));
#1790 = CARTESIAN_POINT('',(4.579091441309E-02,-8.737094751299E-04));
#1791 = CARTESIAN_POINT('',(3.64676049668E-02,-8.757971278329E-04));
#1792 = CARTESIAN_POINT('',(2.722627257981E-02,-8.773080051304E-04));
#1793 = CARTESIAN_POINT('',(1.806566822931E-02,-8.783933644912E-04));
#1794 = CARTESIAN_POINT('',(8.985478755456E-03,-8.791933046568E-04));
#1795 = CARTESIAN_POINT('',(2.986099981229E-03,-8.796317206465E-04));
#1796 = CARTESIAN_POINT('',(0.,-8.798509167197E-04));
#1797 = ( GEOMETRIC_REPRESENTATION_CONTEXT(2) 
PARAMETRIC_REPRESENTATION_CONTEXT() REPRESENTATION_CONTEXT('2D SPACE',''
  ) );
#1798 = PCURVE('',#1591,#1799);
#1799 = DEFINITIONAL_REPRESENTATION('',(#1800),#1914);
#1800 = B_SPLINE_CURVE_WITH_KNOTS('',3,(#1801,#1802,#1803,#1804,#1805,
    #1806,#1807,#1808,#1809,#1810,#1811,#1812,#1813,#1814,#1815,#1816,
    #1817,#1818,#1819,#1820,#1821,#1822,#1823,#1824,#1825,#1826,#1827,
    #1828,#1829,#1830,#1831,#1832,#1833,#1834,#1835,#1836,#1837,#1838,
    #1839,#1840,#1841,#1842,#1843,#1844,#1845,#1846,#1847,#1848,#1849,
    #1850,#1851,#1852,#1853,#1854,#1855,#1856,#1857,#1858,#1859,#1860,
    #1861,#1862,#1863,#1864,#1865,#1866,#1867,#1868,#1869,#1870,#1871,
    #1872,#1873,#1874,#1875,#1876,#1877,#1878,#1879,#1880,#1881,#1882,
    #1883,#1884,#1885,#1886,#1887,#1888,#1889,#1890,#1891,#1892,#1893,
    #1894,#1895,#1896,#1897,#1898,#1899,#1900,#1901,#1902,#1903,#1904,
    #1905,#1906,#1907,#1908,#1909,#1910,#1911,#1912,#1913),
  .UNSPECIFIED.,.F.,.F.,(4,1,1,1,1,1,1,1,1,1,1,1,1,1,1,1,1,1,1,1,1,1,1,1
    ,1,1,1,1,1,1,1,1,1,1,1,1,1,1,1,1,1,1,1,1,1,1,1,1,1,1,1,1,1,1,1,1,1,1
    ,1,1,1,1,1,1,1,1,1,1,1,1,1,1,1,1,1,1,1,1,1,1,1,1,1,1,1,1,1,1,1,1,1,1
    ,1,1,1,1,1,1,1,1,1,1,1,1,1,1,1,1,1,1,4),(0.,9.090909090909E-03,
    1.818181818182E-02,2.727272727273E-02,3.636363636364E-02,
    4.545454545455E-02,5.454545454545E-02,6.363636363636E-02,
    7.272727272727E-02,8.181818181818E-02,9.090909090909E-02,0.1,
    0.109090909091,0.118181818182,0.127272727273,0.136363636364,
    0.145454545455,0.154545454545,0.163636363636,0.172727272727,
    0.181818181818,0.190909090909,0.2,0.209090909091,0.218181818182,
    0.227272727273,0.236363636364,0.245454545455,0.254545454545,
    0.263636363636,0.272727272727,0.281818181818,0.290909090909,0.3,
    0.309090909091,0.318181818182,0.327272727273,0.336363636364,
    0.345454545455,0.354545454545,0.363636363636,0.372727272727,
    0.381818181818,0.390909090909,0.4,0.409090909091,0.418181818182,
    0.427272727273,0.436363636364,0.445454545455,0.454545454545,
    0.463636363636,0.472727272727,0.481818181818,0.490909090909,0.5,
    0.509090909091,0.518181818182,0.527272727273,0.536363636364,
    0.545454545455,0.554545454545,0.563636363636,0.572727272727,
    0.581818181818,0.590909090909,0.6,0.609090909091,0.618181818182,
    0.627272727273,0.636363636364,0.645454545455,0.654545454545,
    0.663636363636,0.672727272727,0.681818181818,0.690909090909,0.7,
    0.709090909091,0.718181818182,0.727272727273,0.736363636364,
    0.745454545455,0.754545454545,0.763636363636,0.772727272727,
    0.781818181818,0.790909090909,0.8,0.809090909091,0.818181818182,
    0.827272727273,0.836363636364,0.845454545455,0.854545454545,
    0.863636363636,0.872727272727,0.881818181818,0.890909090909,0.9,
    0.909090909091,0.918181818182,0.927272727273,0.936363636364,
    0.945454545455,0.954545454545,0.963636363636,0.972727272727,
    0.981818181818,0.990909090909,1.),.UNSPECIFIED.);
#1801 = CARTESIAN_POINT('',(1.,1.7E-02));
#1802 = CARTESIAN_POINT('',(0.997888854294,1.70126667819E-02));
#1803 = CARTESIAN_POINT('',(0.993652923754,1.703800034571E-02));
#1804 = CARTESIAN_POINT('',(0.987257922111,1.707599981248E-02));
#1805 = CARTESIAN_POINT('',(0.980821701758,1.711399752155E-02));
#1806 = CARTESIAN_POINT('',(0.974343885304,1.715199259347E-02));
#1807 = CARTESIAN_POINT('',(0.967823899413,1.71899841514E-02));
#1808 = CARTESIAN_POINT('',(0.961260948394,1.722797130872E-02));
#1809 = CARTESIAN_POINT('',(0.954653953547,1.726595321527E-02));
#1810 = CARTESIAN_POINT('',(0.948001731069,1.730392887423E-02));
#1811 = CARTESIAN_POINT('',(0.941303510631,1.734189688877E-02));
#1812 = CARTESIAN_POINT('',(0.934558497208,1.737985592309E-02));
#1813 = CARTESIAN_POINT('',(0.927765946407,1.741780462415E-02));
#1814 = CARTESIAN_POINT('',(0.920925153138,1.745574164685E-02));
#1815 = CARTESIAN_POINT('',(0.91403545414,1.74936656315E-02));
#1816 = CARTESIAN_POINT('',(0.907096264731,1.75315752689E-02));
#1817 = CARTESIAN_POINT('',(0.900106821944,1.756946870213E-02));
#1818 = CARTESIAN_POINT('',(0.893066274836,1.760734399548E-02));
#1819 = CARTESIAN_POINT('',(0.88597372774,1.764519923201E-02));
#1820 = CARTESIAN_POINT('',(0.878828223699,1.768303249678E-02));
#1821 = CARTESIAN_POINT('',(0.871628757281,1.772084184813E-02));
#1822 = CARTESIAN_POINT('',(0.86437422958,1.775862544928E-02));
#1823 = CARTESIAN_POINT('',(0.857063698986,1.77963807723E-02));
#1824 = CARTESIAN_POINT('',(0.849696271427,1.783410503528E-02));
#1825 = CARTESIAN_POINT('',(0.842271003318,1.787179551756E-02));
#1826 = CARTESIAN_POINT('',(0.834786926941,1.790944948881E-02));
#1827 = CARTESIAN_POINT('',(0.827243047865,1.79470641962E-02));
#1828 = CARTESIAN_POINT('',(0.819638339516,1.798463698647E-02));
#1829 = CARTESIAN_POINT('',(0.811971834068,1.80221641581E-02));
#1830 = CARTESIAN_POINT('',(0.804242531675,1.805964184344E-02));
#1831 = CARTESIAN_POINT('',(0.796449383714,1.809706622487E-02));
#1832 = CARTESIAN_POINT('',(0.788591303483,1.813443344699E-02));
#1833 = CARTESIAN_POINT('',(0.780667147599,1.817173975555E-02));
#1834 = CARTESIAN_POINT('',(0.772675793704,1.82089810076E-02));
#1835 = CARTESIAN_POINT('',(0.764616275972,1.824615175971E-02));
#1836 = CARTESIAN_POINT('',(0.756487557281,1.828324674543E-02));
#1837 = CARTESIAN_POINT('',(0.748288565531,1.832026065979E-02));
#1838 = CARTESIAN_POINT('',(0.740018193235,1.8357188175E-02));
#1839 = CARTESIAN_POINT('',(0.7316752814,1.839402409297E-02));
#1840 = CARTESIAN_POINT('',(0.723258898136,1.843076135286E-02));
#1841 = CARTESIAN_POINT('',(0.714768093834,1.846739269974E-02));
#1842 = CARTESIAN_POINT('',(0.706201868062,1.850391094843E-02));
#1843 = CARTESIAN_POINT('',(0.697559197222,1.854030882677E-02));
#1844 = CARTESIAN_POINT('',(0.68883898206,1.857657934069E-02));
#1845 = CARTESIAN_POINT('',(0.680040443783,1.861271332942E-02));
#1846 = CARTESIAN_POINT('',(0.671162854452,1.864870108215E-02));
#1847 = CARTESIAN_POINT('',(0.662205427749,1.86845330423E-02));
#1848 = CARTESIAN_POINT('',(0.653167365201,1.872019956172E-02));
#1849 = CARTESIAN_POINT('',(0.644047807952,1.875569120437E-02));
#1850 = CARTESIAN_POINT('',(0.634846392086,1.879099577216E-02));
#1851 = CARTESIAN_POINT('',(0.62556277904,1.882610079353E-02));
#1852 = CARTESIAN_POINT('',(0.616196606872,1.886099382692E-02));
#1853 = CARTESIAN_POINT('',(0.606747462648,1.889566258067E-02));
#1854 = CARTESIAN_POINT('',(0.597215076938,1.893009410627E-02));
#1855 = CARTESIAN_POINT('',(0.587599833501,1.896427261894E-02));
#1856 = CARTESIAN_POINT('',(0.577902020465,1.89981827076E-02));
#1857 = CARTESIAN_POINT('',(0.568121976187,1.903180876403E-02));
#1858 = CARTESIAN_POINT('',(0.558259905292,1.906513559485E-02));
#1859 = CARTESIAN_POINT('',(0.5483168104,1.909814549933E-02));
#1860 = CARTESIAN_POINT('',(0.538294004852,1.913081982575E-02));
#1861 = CARTESIAN_POINT('',(0.528192763443,1.916314010068E-02));
#1862 = CARTESIAN_POINT('',(0.518014263322,1.91950880131E-02));
#1863 = CARTESIAN_POINT('',(0.507760166554,1.92266443128E-02));
#1864 = CARTESIAN_POINT('',(0.497433048984,1.92577880191E-02));
#1865 = CARTESIAN_POINT('',(0.487035352408,1.928849845221E-02));
#1866 = CARTESIAN_POINT('',(0.476569497757,1.931875488378E-02));
#1867 = CARTESIAN_POINT('',(0.466038082858,1.934853647525E-02));
#1868 = CARTESIAN_POINT('',(0.455444985122,1.937782160354E-02));
#1869 = CARTESIAN_POINT('',(0.444793960368,1.940658873149E-02));
#1870 = CARTESIAN_POINT('',(0.434088746082,1.943481628032E-02));
#1871 = CARTESIAN_POINT('',(0.423333080693,1.946248275223E-02));
#1872 = CARTESIAN_POINT('',(0.412532030726,1.948956791192E-02));
#1873 = CARTESIAN_POINT('',(0.401690574601,1.95160514751E-02));
#1874 = CARTESIAN_POINT('',(0.390813620039,1.954191313433E-02));
#1875 = CARTESIAN_POINT('',(0.379905993116,1.956713272418E-02));
#1876 = CARTESIAN_POINT('',(0.368973618569,1.959169372574E-02));
#1877 = CARTESIAN_POINT('',(0.358022312107,1.961557952169E-02));
#1878 = CARTESIAN_POINT('',(0.34705775974,1.963877343176E-02));
#1879 = CARTESIAN_POINT('',(0.336085516875,1.9661259128E-02));
#1880 = CARTESIAN_POINT('',(0.325111789602,1.968302590494E-02));
#1881 = CARTESIAN_POINT('',(0.314142628998,1.970406282228E-02));
#1882 = CARTESIAN_POINT('',(0.303183922313,1.972435883286E-02));
#1883 = CARTESIAN_POINT('',(0.292241366871,1.974390356E-02));
#1884 = CARTESIAN_POINT('',(0.281320741288,1.976269336604E-02));
#1885 = CARTESIAN_POINT('',(0.270427665559,1.978072417836E-02));
#1886 = CARTESIAN_POINT('',(0.259567593965,1.979799186075E-02));
#1887 = CARTESIAN_POINT('',(0.248745739855,1.981449297725E-02));
#1888 = CARTESIAN_POINT('',(0.237966900168,1.983023033888E-02));
#1889 = CARTESIAN_POINT('',(0.227235751866,1.984520629045E-02));
#1890 = CARTESIAN_POINT('',(0.21655681945,1.985942318765E-02));
#1891 = CARTESIAN_POINT('',(0.205934394886,1.987288381183E-02));
#1892 = CARTESIAN_POINT('',(0.19537189762,1.988559745879E-02));
#1893 = CARTESIAN_POINT('',(0.18487270378,1.989757306406E-02));
#1894 = CARTESIAN_POINT('',(0.174440066136,1.990881966247E-02));
#1895 = CARTESIAN_POINT('',(0.164077159508,1.99193462519E-02));
#1896 = CARTESIAN_POINT('',(0.153786289961,1.992916189904E-02));
#1897 = CARTESIAN_POINT('',(0.143569647291,1.993827552734E-02));
#1898 = CARTESIAN_POINT('',(0.133429290402,1.994669659216E-02));
#1899 = CARTESIAN_POINT('',(0.123367351067,1.995443256441E-02));
#1900 = CARTESIAN_POINT('',(0.113384791272,1.996150359433E-02));
#1901 = CARTESIAN_POINT('',(0.103482228178,1.996793517826E-02));
#1902 = CARTESIAN_POINT('',(9.366047158078E-02,1.99737504885E-02));
#1903 = CARTESIAN_POINT('',(8.392037705146E-02,1.997897705121E-02));
#1904 = CARTESIAN_POINT('',(7.42628679819E-02,1.998362589282E-02));
#1905 = CARTESIAN_POINT('',(6.468859476023E-02,1.998766998113E-02));
#1906 = CARTESIAN_POINT('',(5.519792354341E-02,1.999108704026E-02));
#1907 = CARTESIAN_POINT('',(4.579091441309E-02,1.999385855841E-02));
#1908 = CARTESIAN_POINT('',(3.64676049668E-02,1.999594621111E-02));
#1909 = CARTESIAN_POINT('',(2.722627257981E-02,1.999745708841E-02));
#1910 = CARTESIAN_POINT('',(1.806566822931E-02,1.999854244777E-02));
#1911 = CARTESIAN_POINT('',(8.985478755456E-03,1.999934238794E-02));
#1912 = CARTESIAN_POINT('',(2.986099981228E-03,1.999978080393E-02));
#1913 = CARTESIAN_POINT('',(0.,2.E-02));
#1914 = ( GEOMETRIC_REPRESENTATION_CONTEXT(2) 
PARAMETRIC_REPRESENTATION_CONTEXT() REPRESENTATION_CONTEXT('2D SPACE',''
  ) );
#1915 = ORIENTED_EDGE('',*,*,#1916,.F.);
#1916 = EDGE_CURVE('',#730,#1651,#1917,.T.);
#1917 = SURFACE_CURVE('',#1918,(#1921,#1950),.PCURVE_S1.);
#1918 = B_SPLINE_CURVE_WITH_KNOTS('',1,(#1919,#1920),.UNSPECIFIED.,.F.,
  .F.,(2,2),(0.,1.),.PIECEWISE_BEZIER_KNOTS.);
#1919 = CARTESIAN_POINT('',(-17.,-25.,29.761097775077));
#1920 = CARTESIAN_POINT('',(-17.,-25.,3.));
#1921 = PCURVE('',#603,#1922);
#1922 = DEFINITIONAL_REPRESENTATION('',(#1923),#1949);
#1923 = B_SPLINE_CURVE_WITH_KNOTS('',3,(#1924,#1925,#1926,#1927,#1928,
    #1929,#1930,#1931,#1932,#1933,#1934,#1935,#1936,#1937,#1938,#1939,
    #1940,#1941,#1942,#1943,#1944,#1945,#1946,#1947,#1948),
  .UNSPECIFIED.,.F.,.F.,(4,1,1,1,1,1,1,1,1,1,1,1,1,1,1,1,1,1,1,1,1,1,4),
  (0.,4.545454545455E-02,9.090909090909E-02,0.136363636364,
    0.181818181818,0.227272727273,0.272727272727,0.318181818182,
    0.363636363636,0.409090909091,0.454545454545,0.5,0.545454545455,
    0.590909090909,0.636363636364,0.681818181818,0.727272727273,
    0.772727272727,0.818181818182,0.863636363636,0.909090909091,
    0.954545454545,1.),.UNSPECIFIED.);
#1924 = CARTESIAN_POINT('',(1.,2.888124685858E-02));
#1925 = CARTESIAN_POINT('',(1.,2.847577568003E-02));
#1926 = CARTESIAN_POINT('',(1.,2.766483332309E-02));
#1927 = CARTESIAN_POINT('',(1.,2.644841978791E-02));
#1928 = CARTESIAN_POINT('',(1.,2.523200625266E-02));
#1929 = CARTESIAN_POINT('',(1.,2.401559271743E-02));
#1930 = CARTESIAN_POINT('',(1.,2.27991791822E-02));
#1931 = CARTESIAN_POINT('',(1.,2.158276564697E-02));
#1932 = CARTESIAN_POINT('',(1.,2.036635211174E-02));
#1933 = CARTESIAN_POINT('',(1.,1.914993857651E-02));
#1934 = CARTESIAN_POINT('',(1.,1.793352504128E-02));
#1935 = CARTESIAN_POINT('',(1.,1.671711150605E-02));
#1936 = CARTESIAN_POINT('',(1.,1.550069797082E-02));
#1937 = CARTESIAN_POINT('',(1.,1.428428443559E-02));
#1938 = CARTESIAN_POINT('',(1.,1.306787090036E-02));
#1939 = CARTESIAN_POINT('',(1.,1.185145736513E-02));
#1940 = CARTESIAN_POINT('',(1.,1.06350438299E-02));
#1941 = CARTESIAN_POINT('',(1.,9.418630294665E-03));
#1942 = CARTESIAN_POINT('',(1.,8.202216759434E-03));
#1943 = CARTESIAN_POINT('',(1.,6.985803224203E-03));
#1944 = CARTESIAN_POINT('',(1.,5.769389688973E-03));
#1945 = CARTESIAN_POINT('',(1.,4.552976153742E-03));
#1946 = CARTESIAN_POINT('',(1.,3.336562618511E-03));
#1947 = CARTESIAN_POINT('',(1.,2.525620261691E-03));
#1948 = CARTESIAN_POINT('',(1.,2.12014908328E-03));
#1949 = ( GEOMETRIC_REPRESENTATION_CONTEXT(2) 
PARAMETRIC_REPRESENTATION_CONTEXT() REPRESENTATION_CONTEXT('2D SPACE',''
  ) );
#1950 = PCURVE('',#1030,#1951);
#1951 = DEFINITIONAL_REPRESENTATION('',(#1952),#1955);
#1952 = B_SPLINE_CURVE_WITH_KNOTS('',1,(#1953,#1954),.UNSPECIFIED.,.F.,
  .F.,(2,2),(0.,1.),.PIECEWISE_BEZIER_KNOTS.);
#1953 = CARTESIAN_POINT('',(-17.,-7.738902224923));
#1954 = CARTESIAN_POINT('',(-17.,-34.5));
#1955 = ( GEOMETRIC_REPRESENTATION_CONTEXT(2) 
PARAMETRIC_REPRESENTATION_CONTEXT() REPRESENTATION_CONTEXT('2D SPACE',''
  ) );
#1956 = ADVANCED_FACE('',(#1957,#2128,#2404),#1030,.T.);
#1957 = FACE_BOUND('',#1958,.T.);
#1958 = EDGE_LOOP('',(#1959,#1989,#2017,#2046,#2074,#2102));
#1959 = ORIENTED_EDGE('',*,*,#1960,.T.);
#1960 = EDGE_CURVE('',#1961,#1963,#1965,.T.);
#1961 = VERTEX_POINT('',#1962);
#1962 = CARTESIAN_POINT('',(-9.025206494392,-25.,9.316529003739));
#1963 = VERTEX_POINT('',#1964);
#1964 = CARTESIAN_POINT('',(-9.025206494392,-25.,29.599822329636));
#1965 = SURFACE_CURVE('',#1966,(#1970,#1977),.PCURVE_S1.);
#1966 = LINE('',#1967,#1968);
#1967 = CARTESIAN_POINT('',(-9.025206494392,-25.,37.5));
#1968 = VECTOR('',#1969,1.);
#1969 = DIRECTION('',(6.123233995737E-17,0.,1.));
#1970 = PCURVE('',#1030,#1971);
#1971 = DEFINITIONAL_REPRESENTATION('',(#1972),#1976);
#1972 = LINE('',#1973,#1974);
#1973 = CARTESIAN_POINT('',(-9.025206494392,0.));
#1974 = VECTOR('',#1975,1.);
#1975 = DIRECTION('',(6.123233995737E-17,1.));
#1976 = ( GEOMETRIC_REPRESENTATION_CONTEXT(2) 
PARAMETRIC_REPRESENTATION_CONTEXT() REPRESENTATION_CONTEXT('2D SPACE',''
  ) );
#1977 = PCURVE('',#1978,#1983);
#1978 = PLANE('',#1979);
#1979 = AXIS2_PLACEMENT_3D('',#1980,#1981,#1982);
#1980 = CARTESIAN_POINT('',(-9.025206494392,-25.,37.5));
#1981 = DIRECTION('',(-0.707106781187,0.707106781187,4.329780281171E-17)
  );
#1982 = DIRECTION('',(6.123233995733E-17,4.731316538579E-29,1.));
#1983 = DEFINITIONAL_REPRESENTATION('',(#1984),#1988);
#1984 = LINE('',#1985,#1986);
#1985 = CARTESIAN_POINT('',(0.,0.));
#1986 = VECTOR('',#1987,1.);
#1987 = DIRECTION('',(1.,-2.87194673307E-30));
#1988 = ( GEOMETRIC_REPRESENTATION_CONTEXT(2) 
PARAMETRIC_REPRESENTATION_CONTEXT() REPRESENTATION_CONTEXT('2D SPACE',''
  ) );
#1989 = ORIENTED_EDGE('',*,*,#1990,.T.);
#1990 = EDGE_CURVE('',#1963,#1991,#1993,.T.);
#1991 = VERTEX_POINT('',#1992);
#1992 = CARTESIAN_POINT('',(-6.125364190139,-25.,47.69165493292));
#1993 = SURFACE_CURVE('',#1994,(#1998,#2005),.PCURVE_S1.);
#1994 = LINE('',#1995,#1996);
#1995 = CARTESIAN_POINT('',(-6.354999187851,-25.,46.258984634825));
#1996 = VECTOR('',#1997,1.);
#1997 = DIRECTION('',(0.158264501869,0.,0.987396752804));
#1998 = PCURVE('',#1030,#1999);
#1999 = DEFINITIONAL_REPRESENTATION('',(#2000),#2004);
#2000 = LINE('',#2001,#2002);
#2001 = CARTESIAN_POINT('',(-6.354999187851,8.758984634825));
#2002 = VECTOR('',#2003,1.);
#2003 = DIRECTION('',(0.158264501869,0.987396752804));
#2004 = ( GEOMETRIC_REPRESENTATION_CONTEXT(2) 
PARAMETRIC_REPRESENTATION_CONTEXT() REPRESENTATION_CONTEXT('2D SPACE',''
  ) );
#2005 = PCURVE('',#2006,#2011);
#2006 = PLANE('',#2007);
#2007 = AXIS2_PLACEMENT_3D('',#2008,#2009,#2010);
#2008 = CARTESIAN_POINT('',(-8.151238966351,-24.,28.733883985045));
#2009 = DIRECTION('',(0.698194939629,-0.707106781187,-0.111909902493));
#2010 = DIRECTION('',(0.158264501869,-3.820554983491E-13,0.987396752804)
  );
#2011 = DEFINITIONAL_REPRESENTATION('',(#2012),#2016);
#2012 = LINE('',#2013,#2014);
#2013 = CARTESIAN_POINT('',(17.58850846794,1.414213562365));
#2014 = VECTOR('',#2015,1.);
#2015 = DIRECTION('',(1.,-1.800642968064E-13));
#2016 = ( GEOMETRIC_REPRESENTATION_CONTEXT(2) 
PARAMETRIC_REPRESENTATION_CONTEXT() REPRESENTATION_CONTEXT('2D SPACE',''
  ) );
#2017 = ORIENTED_EDGE('',*,*,#2018,.T.);
#2018 = EDGE_CURVE('',#1991,#2019,#2021,.T.);
#2019 = VERTEX_POINT('',#2020);
#2020 = CARTESIAN_POINT('',(10.074951201355,-25.,47.69165493292));
#2021 = SURFACE_CURVE('',#2022,(#2027,#2034),.PCURVE_S1.);
#2022 = CIRCLE('',#2023,15.);
#2023 = AXIS2_PLACEMENT_3D('',#2024,#2025,#2026);
#2024 = CARTESIAN_POINT('',(1.974793505608,-25.,60.316529003739));
#2025 = DIRECTION('',(0.,-1.,0.));
#2026 = DIRECTION('',(0.,0.,-1.));
#2027 = PCURVE('',#1030,#2028);
#2028 = DEFINITIONAL_REPRESENTATION('',(#2029),#2033);
#2029 = CIRCLE('',#2030,15.);
#2030 = AXIS2_PLACEMENT_2D('',#2031,#2032);
#2031 = CARTESIAN_POINT('',(1.974793505608,22.816529003739));
#2032 = DIRECTION('',(0.,-1.));
#2033 = ( GEOMETRIC_REPRESENTATION_CONTEXT(2) 
PARAMETRIC_REPRESENTATION_CONTEXT() REPRESENTATION_CONTEXT('2D SPACE',''
  ) );
#2034 = PCURVE('',#2035,#2040);
#2035 = CONICAL_SURFACE('',#2036,16.,0.7853981634);
#2036 = AXIS2_PLACEMENT_3D('',#2037,#2038,#2039);
#2037 = CARTESIAN_POINT('',(1.974793505608,-24.,60.316529003739));
#2038 = DIRECTION('',(0.,1.,0.));
#2039 = DIRECTION('',(0.,0.,1.));
#2040 = DEFINITIONAL_REPRESENTATION('',(#2041),#2045);
#2041 = LINE('',#2042,#2043);
#2042 = CARTESIAN_POINT('',(9.424777960769,-0.999999999997));
#2043 = VECTOR('',#2044,1.);
#2044 = DIRECTION('',(-1.,-1.513807445795E-15));
#2045 = ( GEOMETRIC_REPRESENTATION_CONTEXT(2) 
PARAMETRIC_REPRESENTATION_CONTEXT() REPRESENTATION_CONTEXT('2D SPACE',''
  ) );
#2046 = ORIENTED_EDGE('',*,*,#2047,.T.);
#2047 = EDGE_CURVE('',#2019,#2048,#2050,.T.);
#2048 = VERTEX_POINT('',#2049);
#2049 = CARTESIAN_POINT('',(12.974793505608,-25.,29.599822329636));
#2050 = SURFACE_CURVE('',#2051,(#2055,#2062),.PCURVE_S1.);
#2051 = LINE('',#2052,#2053);
#2052 = CARTESIAN_POINT('',(11.415245765107,-25.,39.329688197374));
#2053 = VECTOR('',#2054,1.);
#2054 = DIRECTION('',(0.158264501869,0.,-0.987396752804));
#2055 = PCURVE('',#1030,#2056);
#2056 = DEFINITIONAL_REPRESENTATION('',(#2057),#2061);
#2057 = LINE('',#2058,#2059);
#2058 = CARTESIAN_POINT('',(11.415245765107,1.829688197374));
#2059 = VECTOR('',#2060,1.);
#2060 = DIRECTION('',(0.158264501869,-0.987396752804));
#2061 = ( GEOMETRIC_REPRESENTATION_CONTEXT(2) 
PARAMETRIC_REPRESENTATION_CONTEXT() REPRESENTATION_CONTEXT('2D SPACE',''
  ) );
#2062 = PCURVE('',#2063,#2068);
#2063 = PLANE('',#2064);
#2064 = AXIS2_PLACEMENT_3D('',#2065,#2066,#2067);
#2065 = CARTESIAN_POINT('',(11.415245765107,-25.,39.329688197374));
#2066 = DIRECTION('',(0.698194939629,0.707106781187,0.111909902493));
#2067 = DIRECTION('',(0.158264501869,3.820554983491E-13,-0.987396752804)
  );
#2068 = DEFINITIONAL_REPRESENTATION('',(#2069),#2073);
#2069 = LINE('',#2070,#2071);
#2070 = CARTESIAN_POINT('',(0.,0.));
#2071 = VECTOR('',#2072,1.);
#2072 = DIRECTION('',(1.,-1.800642968064E-13));
#2073 = ( GEOMETRIC_REPRESENTATION_CONTEXT(2) 
PARAMETRIC_REPRESENTATION_CONTEXT() REPRESENTATION_CONTEXT('2D SPACE',''
  ) );
#2074 = ORIENTED_EDGE('',*,*,#2075,.T.);
#2075 = EDGE_CURVE('',#2048,#2076,#2078,.T.);
#2076 = VERTEX_POINT('',#2077);
#2077 = CARTESIAN_POINT('',(12.974793505608,-25.,9.316529003739));
#2078 = SURFACE_CURVE('',#2079,(#2083,#2090),.PCURVE_S1.);
#2079 = LINE('',#2080,#2081);
#2080 = CARTESIAN_POINT('',(12.974793505608,-25.,10.316529003739));
#2081 = VECTOR('',#2082,1.);
#2082 = DIRECTION('',(-6.123233995737E-17,0.,-1.));
#2083 = PCURVE('',#1030,#2084);
#2084 = DEFINITIONAL_REPRESENTATION('',(#2085),#2089);
#2085 = LINE('',#2086,#2087);
#2086 = CARTESIAN_POINT('',(12.974793505608,-27.18347099626));
#2087 = VECTOR('',#2088,1.);
#2088 = DIRECTION('',(-6.123233995737E-17,-1.));
#2089 = ( GEOMETRIC_REPRESENTATION_CONTEXT(2) 
PARAMETRIC_REPRESENTATION_CONTEXT() REPRESENTATION_CONTEXT('2D SPACE',''
  ) );
#2090 = PCURVE('',#2091,#2096);
#2091 = PLANE('',#2092);
#2092 = AXIS2_PLACEMENT_3D('',#2093,#2094,#2095);
#2093 = CARTESIAN_POINT('',(11.974793505608,-24.,30.316529003739));
#2094 = DIRECTION('',(-0.707106781187,-0.707106781187,4.329780281171E-17
    ));
#2095 = DIRECTION('',(-6.123233995733E-17,4.728851348251E-29,-1.));
#2096 = DEFINITIONAL_REPRESENTATION('',(#2097),#2101);
#2097 = LINE('',#2098,#2099);
#2098 = CARTESIAN_POINT('',(20.,1.414213562373));
#2099 = VECTOR('',#2100,1.);
#2100 = DIRECTION('',(1.,2.84113185396E-30));
#2101 = ( GEOMETRIC_REPRESENTATION_CONTEXT(2) 
PARAMETRIC_REPRESENTATION_CONTEXT() REPRESENTATION_CONTEXT('2D SPACE',''
  ) );
#2102 = ORIENTED_EDGE('',*,*,#2103,.T.);
#2103 = EDGE_CURVE('',#2076,#1961,#2104,.T.);
#2104 = SURFACE_CURVE('',#2105,(#2109,#2116),.PCURVE_S1.);
#2105 = LINE('',#2106,#2107);
#2106 = CARTESIAN_POINT('',(-8.025206494392,-25.,9.316529003739));
#2107 = VECTOR('',#2108,1.);
#2108 = DIRECTION('',(-1.,0.,0.));
#2109 = PCURVE('',#1030,#2110);
#2110 = DEFINITIONAL_REPRESENTATION('',(#2111),#2115);
#2111 = LINE('',#2112,#2113);
#2112 = CARTESIAN_POINT('',(-8.025206494392,-28.18347099626));
#2113 = VECTOR('',#2114,1.);
#2114 = DIRECTION('',(-1.,0.));
#2115 = ( GEOMETRIC_REPRESENTATION_CONTEXT(2) 
PARAMETRIC_REPRESENTATION_CONTEXT() REPRESENTATION_CONTEXT('2D SPACE',''
  ) );
#2116 = PCURVE('',#2117,#2122);
#2117 = PLANE('',#2118);
#2118 = AXIS2_PLACEMENT_3D('',#2119,#2120,#2121);
#2119 = CARTESIAN_POINT('',(21.974793505608,-24.,10.316529003739));
#2120 = DIRECTION('',(0.,-0.707106781187,0.707106781187));
#2121 = DIRECTION('',(-1.,0.,0.));
#2122 = DEFINITIONAL_REPRESENTATION('',(#2123),#2127);
#2123 = LINE('',#2124,#2125);
#2124 = CARTESIAN_POINT('',(30.,1.414213562373));
#2125 = VECTOR('',#2126,1.);
#2126 = DIRECTION('',(1.,0.));
#2127 = ( GEOMETRIC_REPRESENTATION_CONTEXT(2) 
PARAMETRIC_REPRESENTATION_CONTEXT() REPRESENTATION_CONTEXT('2D SPACE',''
  ) );
#2128 = FACE_BOUND('',#2129,.T.);
#2129 = EDGE_LOOP('',(#2130));
#2130 = ORIENTED_EDGE('',*,*,#2131,.T.);
#2131 = EDGE_CURVE('',#2132,#2132,#2134,.T.);
#2132 = VERTEX_POINT('',#2133);
#2133 = CARTESIAN_POINT('',(9.,-25.,60.));
#2134 = SURFACE_CURVE('',#2135,(#2171,#2210),.PCURVE_S1.);
#2135 = B_SPLINE_CURVE_WITH_KNOTS('',3,(#2136,#2137,#2138,#2139,#2140,
    #2141,#2142,#2143,#2144,#2145,#2146,#2147,#2148,#2149,#2150,#2151,
    #2152,#2153,#2154,#2155,#2156,#2157,#2158,#2159,#2160,#2161,#2162,
    #2163,#2164,#2165,#2166,#2167,#2168,#2169,#2170),.UNSPECIFIED.,.T.,
  .F.,(1,1,1,1,1,1,1,1,1,1,1,1,1,1,1,1,1,1,1,1,1,1,1,1,1,1,1,1,1,1,1,1,1
    ,1,1,1,1,1,1),(-9.3958052016E-02,-6.2500164647E-02,-3.1054759613E-02
    ,0.,3.104635656925E-02,6.24998355979E-02,9.394082980883E-02,
    0.124999830645,0.156041948194,0.187499835563,0.218940829774,
    0.24999983061,0.281041948159,0.312499835528,0.343940829739,
    0.374999830575,0.406041948124,0.437499835493,0.468940829704,
    0.49999983054,0.531041948089,0.562499835458,0.593940829669,
    0.624999830505,0.656041948054,0.687499835423,0.718940829634,
    0.74999983047,0.78104194802,0.812499835388,0.843940829599,
    0.874999830435,0.906041947984,0.937499835353,0.968945240387,1.,
    1.031046356569,1.062499835598,1.093940829809),.UNSPECIFIED.);
#2136 = CARTESIAN_POINT('',(8.883668377581,-25.,61.76318987331));
#2137 = CARTESIAN_POINT('',(9.057823205707,-25.,60.000151591775));
#2138 = CARTESIAN_POINT('',(8.883553203398,-25.,58.237001971883));
#2139 = CARTESIAN_POINT('',(8.357573231631,-25.,56.538435511199));
#2140 = CARTESIAN_POINT('',(7.528441287691,-25.,54.965174808421));
#2141 = CARTESIAN_POINT('',(6.405073705714,-25.,53.595375475324));
#2142 = CARTESIAN_POINT('',(5.03510439337,-25.,52.471732483156));
#2143 = CARTESIAN_POINT('',(3.462070505339,-25.,51.642650138363));
#2144 = CARTESIAN_POINT('',(1.763255542364,-25.,51.116424353687));
#2145 = CARTESIAN_POINT('',(0.,-25.,50.942176774524));
#2146 = CARTESIAN_POINT('',(-1.762932356369,-25.,51.116354185628));
#2147 = CARTESIAN_POINT('',(-3.46148528113,-25.,51.642407800977));
#2148 = CARTESIAN_POINT('',(-5.034826615847,-25.,52.47155344398));
#2149 = CARTESIAN_POINT('',(-6.404624145417,-25.,53.594927697164));
#2150 = CARTESIAN_POINT('',(-7.528267619964,-25.,54.964895225194));
#2151 = CARTESIAN_POINT('',(-8.357349833858,-25.,56.537929597423));
#2152 = CARTESIAN_POINT('',(-8.883575653653,-25.,58.236744430479));
#2153 = CARTESIAN_POINT('',(-9.057823223521,-25.,59.999683104885));
#2154 = CARTESIAN_POINT('',(-8.883645814905,-25.,61.762932354401));
#2155 = CARTESIAN_POINT('',(-8.357592198884,-25.,63.461485281654));
#2156 = CARTESIAN_POINT('',(-7.528446556046,-25.,65.034826615702));
#2157 = CARTESIAN_POINT('',(-6.405072302869,-25.,66.404624145439));
#2158 = CARTESIAN_POINT('',(-5.035104774674,-25.,67.528267619993));
#2159 = CARTESIAN_POINT('',(-3.46207040311,-25.,68.357349833717));
#2160 = CARTESIAN_POINT('',(-1.763255567552,-25.,68.883575654192));
#2161 = CARTESIAN_POINT('',(0.,-25.,69.057823221561));
#2162 = CARTESIAN_POINT('',(1.762932381601,-25.,68.883645822256));
#2163 = CARTESIAN_POINT('',(3.461485178716,-25.,68.357592171042));
#2164 = CARTESIAN_POINT('',(5.034826997598,-25.,67.528446659286));
#2165 = CARTESIAN_POINT('',(6.404622739845,-25.,66.405071922842));
#2166 = CARTESIAN_POINT('',(7.528272894437,-25.,65.035106200638));
#2167 = CARTESIAN_POINT('',(8.357368785886,-25.,63.461991143653));
#2168 = CARTESIAN_POINT('',(8.883668377581,-25.,61.76318987331));
#2169 = CARTESIAN_POINT('',(9.057823205707,-25.,60.000151591775));
#2170 = CARTESIAN_POINT('',(8.883553203398,-25.,58.237001971883));
#2171 = PCURVE('',#1030,#2172);
#2172 = DEFINITIONAL_REPRESENTATION('',(#2173),#2209);
#2173 = B_SPLINE_CURVE_WITH_KNOTS('',3,(#2174,#2175,#2176,#2177,#2178,
    #2179,#2180,#2181,#2182,#2183,#2184,#2185,#2186,#2187,#2188,#2189,
    #2190,#2191,#2192,#2193,#2194,#2195,#2196,#2197,#2198,#2199,#2200,
    #2201,#2202,#2203,#2204,#2205,#2206,#2207,#2208),.UNSPECIFIED.,.F.,
  .F.,(1,1,1,1,1,1,1,1,1,1,1,1,1,1,1,1,1,1,1,1,1,1,1,1,1,1,1,1,1,1,1,1,1
    ,1,1,1,1,1,1),(-9.3958052016E-02,-6.2500164647E-02,-3.1054759613E-02
    ,0.,3.104635656925E-02,6.24998355979E-02,9.394082980883E-02,
    0.124999830645,0.156041948194,0.187499835563,0.218940829774,
    0.24999983061,0.281041948159,0.312499835528,0.343940829739,
    0.374999830575,0.406041948124,0.437499835493,0.468940829704,
    0.49999983054,0.531041948089,0.562499835458,0.593940829669,
    0.624999830505,0.656041948054,0.687499835423,0.718940829634,
    0.74999983047,0.78104194802,0.812499835388,0.843940829599,
    0.874999830435,0.906041947984,0.937499835353,0.968945240387,1.,
    1.031046356569,1.062499835598,1.093940829809),.UNSPECIFIED.);
#2174 = CARTESIAN_POINT('',(8.883668377581,24.26318987331));
#2175 = CARTESIAN_POINT('',(9.057823205707,22.500151591775));
#2176 = CARTESIAN_POINT('',(8.883553203398,20.737001971883));
#2177 = CARTESIAN_POINT('',(8.357573231631,19.038435511199));
#2178 = CARTESIAN_POINT('',(7.528441287691,17.465174808421));
#2179 = CARTESIAN_POINT('',(6.405073705714,16.095375475324));
#2180 = CARTESIAN_POINT('',(5.03510439337,14.971732483156));
#2181 = CARTESIAN_POINT('',(3.462070505339,14.142650138363));
#2182 = CARTESIAN_POINT('',(1.763255542364,13.616424353687));
#2183 = CARTESIAN_POINT('',(0.,13.442176774524));
#2184 = CARTESIAN_POINT('',(-1.762932356369,13.616354185628));
#2185 = CARTESIAN_POINT('',(-3.46148528113,14.142407800977));
#2186 = CARTESIAN_POINT('',(-5.034826615847,14.97155344398));
#2187 = CARTESIAN_POINT('',(-6.404624145417,16.094927697164));
#2188 = CARTESIAN_POINT('',(-7.528267619964,17.464895225194));
#2189 = CARTESIAN_POINT('',(-8.357349833858,19.037929597423));
#2190 = CARTESIAN_POINT('',(-8.883575653653,20.736744430479));
#2191 = CARTESIAN_POINT('',(-9.057823223521,22.499683104885));
#2192 = CARTESIAN_POINT('',(-8.883645814905,24.262932354401));
#2193 = CARTESIAN_POINT('',(-8.357592198884,25.961485281654));
#2194 = CARTESIAN_POINT('',(-7.528446556046,27.534826615702));
#2195 = CARTESIAN_POINT('',(-6.405072302869,28.904624145439));
#2196 = CARTESIAN_POINT('',(-5.035104774674,30.028267619993));
#2197 = CARTESIAN_POINT('',(-3.46207040311,30.857349833717));
#2198 = CARTESIAN_POINT('',(-1.763255567552,31.383575654192));
#2199 = CARTESIAN_POINT('',(0.,31.557823221561));
#2200 = CARTESIAN_POINT('',(1.762932381601,31.383645822256));
#2201 = CARTESIAN_POINT('',(3.461485178716,30.857592171042));
#2202 = CARTESIAN_POINT('',(5.034826997598,30.028446659286));
#2203 = CARTESIAN_POINT('',(6.404622739845,28.905071922842));
#2204 = CARTESIAN_POINT('',(7.528272894437,27.535106200638));
#2205 = CARTESIAN_POINT('',(8.357368785886,25.961991143653));
#2206 = CARTESIAN_POINT('',(8.883668377581,24.26318987331));
#2207 = CARTESIAN_POINT('',(9.057823205707,22.500151591775));
#2208 = CARTESIAN_POINT('',(8.883553203398,20.737001971883));
#2209 = ( GEOMETRIC_REPRESENTATION_CONTEXT(2) 
PARAMETRIC_REPRESENTATION_CONTEXT() REPRESENTATION_CONTEXT('2D SPACE',''
  ) );
#2210 = PCURVE('',#2211,#2266);
#2211 = B_SPLINE_SURFACE_WITH_KNOTS('',2,3,(
    (#2212,#2213,#2214,#2215,#2216,#2217,#2218,#2219,#2220,#2221,#2222
      ,#2223,#2224,#2225,#2226,#2227,#2228,#2229)
    ,(#2230,#2231,#2232,#2233,#2234,#2235,#2236,#2237,#2238,#2239,#2240
      ,#2241,#2242,#2243,#2244,#2245,#2246,#2247)
    ,(#2248,#2249,#2250,#2251,#2252,#2253,#2254,#2255,#2256,#2257,#2258
      ,#2259,#2260,#2261,#2262,#2263,#2264,#2265
  )),.UNSPECIFIED.,.F.,.T.,.F.,(3,3),(1,3,2,2,2,2,2,2,2,3,1),(0.,1.),(
    0.785398163398,1.570796326795,2.356194490192,3.14159265359,
    3.926990816987,4.712388980385,5.497787143782,6.28318530718,
    7.068583470577,7.853981633974,8.639379797371),.UNSPECIFIED.);
#2212 = CARTESIAN_POINT('',(6.,-22.,60.));
#2213 = CARTESIAN_POINT('',(6.,-22.,61.570796323564));
#2214 = CARTESIAN_POINT('',(5.353361419376,-22.,63.131919954863));
#2215 = CARTESIAN_POINT('',(3.131919954863,-22.,65.353361419376));
#2216 = CARTESIAN_POINT('',(1.570796323563,-22.,66.));
#2217 = CARTESIAN_POINT('',(-1.570796323563,-22.,66.));
#2218 = CARTESIAN_POINT('',(-3.131919954863,-22.,65.353361419375));
#2219 = CARTESIAN_POINT('',(-5.353361419375,-22.,63.131919954863));
#2220 = CARTESIAN_POINT('',(-6.,-22.,61.570796323567));
#2221 = CARTESIAN_POINT('',(-6.,-22.,58.429203676433));
#2222 = CARTESIAN_POINT('',(-5.353361419371,-22.,56.868080045133));
#2223 = CARTESIAN_POINT('',(-3.131919954867,-22.,54.646638580629));
#2224 = CARTESIAN_POINT('',(-1.570796323565,-22.,54.));
#2225 = CARTESIAN_POINT('',(1.570796323565,-22.,54.));
#2226 = CARTESIAN_POINT('',(3.131919954863,-22.,54.646638580624));
#2227 = CARTESIAN_POINT('',(5.353361419376,-22.,56.868080045137));
#2228 = CARTESIAN_POINT('',(6.,-22.,58.429203676436));
#2229 = CARTESIAN_POINT('',(6.,-22.,60.));
#2230 = CARTESIAN_POINT('',(6.,-25.,60.));
#2231 = CARTESIAN_POINT('',(6.,-25.,61.570796323564));
#2232 = CARTESIAN_POINT('',(5.353361419373,-25.,63.131919954861));
#2233 = CARTESIAN_POINT('',(3.131919954866,-25.,65.353361419378));
#2234 = CARTESIAN_POINT('',(1.570796323563,-25.,66.));
#2235 = CARTESIAN_POINT('',(-1.570796323563,-25.,66.));
#2236 = CARTESIAN_POINT('',(-3.131919954866,-25.,65.353361419378));
#2237 = CARTESIAN_POINT('',(-5.353361419373,-25.,63.131919954861));
#2238 = CARTESIAN_POINT('',(-6.,-25.,61.570796323567));
#2239 = CARTESIAN_POINT('',(-6.,-25.,58.429203676433));
#2240 = CARTESIAN_POINT('',(-5.353361419372,-25.,56.868080045131));
#2241 = CARTESIAN_POINT('',(-3.131919954867,-25.,54.64663858063));
#2242 = CARTESIAN_POINT('',(-1.570796323565,-25.,54.));
#2243 = CARTESIAN_POINT('',(1.570796323565,-25.,54.));
#2244 = CARTESIAN_POINT('',(3.131919954866,-25.,54.646638580622));
#2245 = CARTESIAN_POINT('',(5.353361419373,-25.,56.868080045139));
#2246 = CARTESIAN_POINT('',(6.,-25.,58.429203676436));
#2247 = CARTESIAN_POINT('',(6.,-25.,60.));
#2248 = CARTESIAN_POINT('',(9.,-25.,60.));
#2249 = CARTESIAN_POINT('',(9.,-25.,62.356194485338));
#2250 = CARTESIAN_POINT('',(8.030042129061,-25.,64.697879932291));
#2251 = CARTESIAN_POINT('',(4.697879932297,-25.,68.030042129067));
#2252 = CARTESIAN_POINT('',(2.356194485344,-25.,69.));
#2253 = CARTESIAN_POINT('',(-2.356194485344,-25.,69.));
#2254 = CARTESIAN_POINT('',(-4.697879932297,-25.,68.030042129067));
#2255 = CARTESIAN_POINT('',(-8.030042129061,-25.,64.697879932291));
#2256 = CARTESIAN_POINT('',(-9.,-25.,62.356194485342));
#2257 = CARTESIAN_POINT('',(-9.,-25.,57.643805514658));
#2258 = CARTESIAN_POINT('',(-8.03004212906,-25.,55.302120067701));
#2259 = CARTESIAN_POINT('',(-4.697879932298,-25.,51.969957870941));
#2260 = CARTESIAN_POINT('',(-2.356194485347,-25.,51.));
#2261 = CARTESIAN_POINT('',(2.356194485347,-25.,51.));
#2262 = CARTESIAN_POINT('',(4.697879932297,-25.,51.969957870941));
#2263 = CARTESIAN_POINT('',(8.030042129061,-25.,55.302120067701));
#2264 = CARTESIAN_POINT('',(9.,-25.,57.643805514662));
#2265 = CARTESIAN_POINT('',(9.,-25.,60.));
#2266 = DEFINITIONAL_REPRESENTATION('',(#2267),#2403);
#2267 = B_SPLINE_CURVE_WITH_KNOTS('',3,(#2268,#2269,#2270,#2271,#2272,
    #2273,#2274,#2275,#2276,#2277,#2278,#2279,#2280,#2281,#2282,#2283,
    #2284,#2285,#2286,#2287,#2288,#2289,#2290,#2291,#2292,#2293,#2294,
    #2295,#2296,#2297,#2298,#2299,#2300,#2301,#2302,#2303,#2304,#2305,
    #2306,#2307,#2308,#2309,#2310,#2311,#2312,#2313,#2314,#2315,#2316,
    #2317,#2318,#2319,#2320,#2321,#2322,#2323,#2324,#2325,#2326,#2327,
    #2328,#2329,#2330,#2331,#2332,#2333,#2334,#2335,#2336,#2337,#2338,
    #2339,#2340,#2341,#2342,#2343,#2344,#2345,#2346,#2347,#2348,#2349,
    #2350,#2351,#2352,#2353,#2354,#2355,#2356,#2357,#2358,#2359,#2360,
    #2361,#2362,#2363,#2364,#2365,#2366,#2367,#2368,#2369,#2370,#2371,
    #2372,#2373,#2374,#2375,#2376,#2377,#2378,#2379,#2380,#2381,#2382,
    #2383,#2384,#2385,#2386,#2387,#2388,#2389,#2390,#2391,#2392,#2393,
    #2394,#2395,#2396,#2397,#2398,#2399,#2400,#2401,#2402),
  .UNSPECIFIED.,.F.,.F.,(4,1,1,1,1,1,1,1,1,1,1,1,1,1,1,1,1,1,1,1,1,1,1,1
    ,1,1,1,1,1,1,1,1,1,1,1,1,1,1,1,1,1,1,1,1,1,1,1,1,1,1,1,1,1,1,1,1,1,1
    ,1,1,1,1,1,1,1,1,1,1,1,1,1,1,1,1,1,1,1,1,1,1,1,1,1,1,1,1,1,1,1,1,1,1
    ,1,1,1,1,1,1,1,1,1,1,1,1,1,1,1,1,1,1,1,1,1,1,1,1,1,1,1,1,1,1,1,1,1,1
    ,1,1,1,1,1,1,4),(0.,7.575757575758E-03,1.515151515152E-02,
    2.272727272727E-02,3.030303030303E-02,3.787878787879E-02,
    4.545454545455E-02,5.30303030303E-02,6.060606060606E-02,
    6.818181818182E-02,7.575757575758E-02,8.333333333333E-02,
    9.090909090909E-02,9.848484848485E-02,0.106060606061,0.113636363636,
    0.121212121212,0.128787878788,0.136363636364,0.143939393939,
    0.151515151515,0.159090909091,0.166666666667,0.174242424242,
    0.181818181818,0.189393939394,0.19696969697,0.204545454545,
    0.212121212121,0.219696969697,0.227272727273,0.234848484848,
    0.242424242424,0.25,0.257575757576,0.265151515152,0.272727272727,
    0.280303030303,0.287878787879,0.295454545455,0.30303030303,
    0.310606060606,0.318181818182,0.325757575758,0.333333333333,
    0.340909090909,0.348484848485,0.356060606061,0.363636363636,
    0.371212121212,0.378787878788,0.386363636364,0.393939393939,
    0.401515151515,0.409090909091,0.416666666667,0.424242424242,
    0.431818181818,0.439393939394,0.44696969697,0.454545454545,
    0.462121212121,0.469696969697,0.477272727273,0.484848484848,
    0.492424242424,0.5,0.507575757576,0.515151515152,0.522727272727,
    0.530303030303,0.537878787879,0.545454545455,0.55303030303,
    0.560606060606,0.568181818182,0.575757575758,0.583333333333,
    0.590909090909,0.598484848485,0.606060606061,0.613636363636,
    0.621212121212,0.628787878788,0.636363636364,0.643939393939,
    0.651515151515,0.659090909091,0.666666666667,0.674242424242,
    0.681818181818,0.689393939394,0.69696969697,0.704545454545,
    0.712121212121,0.719696969697,0.727272727273,0.734848484848,
    0.742424242424,0.75,0.757575757576,0.765151515152,0.772727272727,
    0.780303030303,0.787878787879,0.795454545455,0.80303030303,
    0.810606060606,0.818181818182,0.825757575758,0.833333333333,
    0.840909090909,0.848484848485,0.856060606061,0.863636363636,
    0.871212121212,0.878787878788,0.886363636364,0.893939393939,
    0.901515151515,0.909090909091,0.916666666667,0.924242424242,
    0.931818181818,0.939393939394,0.94696969697,0.954545454545,
    0.962121212121,0.969696969697,0.977272727273,0.984848484848,
    0.992424242424,1.),.QUASI_UNIFORM_KNOTS.);
#2268 = CARTESIAN_POINT('',(1.,7.853981633974));
#2269 = CARTESIAN_POINT('',(1.000011633224,7.838117003923));
#2270 = CARTESIAN_POINT('',(1.000041722461,7.806378296273));
#2271 = CARTESIAN_POINT('',(1.000086521551,7.758757794868));
#2272 = CARTESIAN_POINT('',(1.000070771391,7.711143926569));
#2273 = CARTESIAN_POINT('',(1.000072197253,7.663544668258));
#2274 = CARTESIAN_POINT('',(1.000067597244,7.615961208439));
#2275 = CARTESIAN_POINT('',(1.000071772613,7.56837761551));
#2276 = CARTESIAN_POINT('',(1.000048491985,7.520785370596));
#2277 = CARTESIAN_POINT('',(0.999984259448,7.473183031981));
#2278 = CARTESIAN_POINT('',(1.00003509155,7.425577838729));
#2279 = CARTESIAN_POINT('',(1.000069364445,7.37798026864));
#2280 = CARTESIAN_POINT('',(1.000058953223,7.330393240563));
#2281 = CARTESIAN_POINT('',(1.000061123483,7.282811857463));
#2282 = CARTESIAN_POINT('',(1.000058591429,7.235221900155));
#2283 = CARTESIAN_POINT('',(1.000063180096,7.187614504902));
#2284 = CARTESIAN_POINT('',(1.00004484873,7.139996200158));
#2285 = CARTESIAN_POINT('',(1.000007424983,7.092377543155));
#2286 = CARTESIAN_POINT('',(1.000007925948,7.044787266334));
#2287 = CARTESIAN_POINT('',(1.000044713973,6.997168683696));
#2288 = CARTESIAN_POINT('',(1.00006321816,6.949550506458));
#2289 = CARTESIAN_POINT('',(1.000058574014,6.901943258843));
#2290 = CARTESIAN_POINT('',(1.000061155189,6.854353421366));
#2291 = CARTESIAN_POINT('',(1.000058843949,6.806772038274));
#2292 = CARTESIAN_POINT('',(1.000069769999,6.759184896362));
#2293 = CARTESIAN_POINT('',(1.000033578819,6.711587143187));
#2294 = CARTESIAN_POINT('',(0.999985301057,6.663981804683));
#2295 = CARTESIAN_POINT('',(1.00004821471,6.616379388308));
#2296 = CARTESIAN_POINT('',(1.000071840104,6.568786659776));
#2297 = CARTESIAN_POINT('',(1.000067605174,6.521201629847));
#2298 = CARTESIAN_POINT('',(1.00007209914,6.473615133287));
#2299 = CARTESIAN_POINT('',(1.000071158082,6.42601048347));
#2300 = CARTESIAN_POINT('',(1.000085077026,6.378391192093));
#2301 = CARTESIAN_POINT('',(1.000047120705,6.330764222618));
#2302 = CARTESIAN_POINT('',(0.999976440153,6.283160009967));
#2303 = CARTESIAN_POINT('',(1.000047121549,6.235560050018));
#2304 = CARTESIAN_POINT('',(1.000085073652,6.187942825182));
#2305 = CARTESIAN_POINT('',(1.000071157081,6.140335503358));
#2306 = CARTESIAN_POINT('',(1.000072098371,6.092741917264));
#2307 = CARTESIAN_POINT('',(1.000067605149,6.045162264293));
#2308 = CARTESIAN_POINT('',(1.000071839141,5.997580655826));
#2309 = CARTESIAN_POINT('',(1.000048217783,5.949989134934));
#2310 = CARTESIAN_POINT('',(0.999985289727,5.902386750656));
#2311 = CARTESIAN_POINT('',(1.000033601158,5.854781412725));
#2312 = CARTESIAN_POINT('',(1.000069763827,5.807183789812));
#2313 = CARTESIAN_POINT('',(1.000058846068,5.759596785719));
#2314 = CARTESIAN_POINT('',(1.000061152709,5.712015497457));
#2315 = CARTESIAN_POINT('',(1.000058581678,5.664425622253));
#2316 = CARTESIAN_POINT('',(1.000063189878,5.616818253726));
#2317 = CARTESIAN_POINT('',(1.000044819358,5.569199933491));
#2318 = CARTESIAN_POINT('',(1.000007532691,5.521581234002));
#2319 = CARTESIAN_POINT('',(1.000007840805,5.473990920717));
#2320 = CARTESIAN_POINT('',(1.00004473679,5.4263723269));
#2321 = CARTESIAN_POINT('',(1.000063212037,5.37875415536));
#2322 = CARTESIAN_POINT('',(1.000058575691,5.3311469236));
#2323 = CARTESIAN_POINT('',(1.000061154603,5.283557099829));
#2324 = CARTESIAN_POINT('',(1.000058844615,5.235975721354));
#2325 = CARTESIAN_POINT('',(1.000069767923,5.188388576838));
#2326 = CARTESIAN_POINT('',(1.00003358646,5.140790822586));
#2327 = CARTESIAN_POINT('',(0.99998529857,5.093185464109));
#2328 = CARTESIAN_POINT('',(1.000048215384,5.045583109738));
#2329 = CARTESIAN_POINT('',(1.000071839896,4.99799105649));
#2330 = CARTESIAN_POINT('',(1.000067605134,4.950407801566));
#2331 = CARTESIAN_POINT('',(1.000072098811,4.902824741963));
#2332 = CARTESIAN_POINT('',(1.000071157635,4.855225571427));
#2333 = CARTESIAN_POINT('',(1.000085075367,4.807612189581));
#2334 = CARTESIAN_POINT('',(1.000047121325,4.759990023858));
#2335 = CARTESIAN_POINT('',(0.999976439331,4.712387905944));
#2336 = CARTESIAN_POINT('',(1.00004712137,4.664785847245));
#2337 = CARTESIAN_POINT('',(1.00008507519,4.617163815809));
#2338 = CARTESIAN_POINT('',(1.000071157564,4.569550583608));
#2339 = CARTESIAN_POINT('',(1.000072098672,4.521951520744));
#2340 = CARTESIAN_POINT('',(1.000067605263,4.474368435605));
#2341 = CARTESIAN_POINT('',(1.00007183908,4.426785054811));
#2342 = CARTESIAN_POINT('',(1.000048218113,4.379192859467));
#2343 = CARTESIAN_POINT('',(0.999985288467,4.331590411506));
#2344 = CARTESIAN_POINT('',(1.000033601502,4.283985088667));
#2345 = CARTESIAN_POINT('',(1.000069763735,4.236387461703));
#2346 = CARTESIAN_POINT('',(1.000058846092,4.188800458699));
#2347 = CARTESIAN_POINT('',(1.000061152702,4.141219170168));
#2348 = CARTESIAN_POINT('',(1.000058581679,4.093629295007));
#2349 = CARTESIAN_POINT('',(1.000063189877,4.046021926502));
#2350 = CARTESIAN_POINT('',(1.000044819358,3.998403606256));
#2351 = CARTESIAN_POINT('',(1.00000753269,3.95078490677));
#2352 = CARTESIAN_POINT('',(1.000007840806,3.903194593483));
#2353 = CARTESIAN_POINT('',(1.000044736789,3.855575999657));
#2354 = CARTESIAN_POINT('',(1.000063212036,3.807957828128));
#2355 = CARTESIAN_POINT('',(1.000058575693,3.760350596335));
#2356 = CARTESIAN_POINT('',(1.000061154597,3.712760772696));
#2357 = CARTESIAN_POINT('',(1.000058844639,3.665179393809));
#2358 = CARTESIAN_POINT('',(1.000069767831,3.617592250478));
#2359 = CARTESIAN_POINT('',(1.000033586801,3.569994492163));
#2360 = CARTESIAN_POINT('',(0.99998529731,3.522389148834));
#2361 = CARTESIAN_POINT('',(1.000048215714,3.47478673056));
#2362 = CARTESIAN_POINT('',(1.000071839835,3.427194002704));
#2363 = CARTESIAN_POINT('',(1.000067605246,3.379608973935));
#2364 = CARTESIAN_POINT('',(1.00007209912,3.332022479108));
#2365 = CARTESIAN_POINT('',(1.000071158087,3.284417830019));
#2366 = CARTESIAN_POINT('',(1.000085077024,3.236798538724));
#2367 = CARTESIAN_POINT('',(1.000047120706,3.189171568826));
#2368 = CARTESIAN_POINT('',(0.999976440153,3.141567355499));
#2369 = CARTESIAN_POINT('',(1.000047121549,3.093967394867));
#2370 = CARTESIAN_POINT('',(1.00008507365,3.046350169614));
#2371 = CARTESIAN_POINT('',(1.000071157086,2.998742847866));
#2372 = CARTESIAN_POINT('',(1.000072098352,2.951149262526));
#2373 = CARTESIAN_POINT('',(1.000067605221,2.903569611206));
#2374 = CARTESIAN_POINT('',(1.000071838872,2.855988004239));
#2375 = CARTESIAN_POINT('',(1.00004821879,2.808396483619));
#2376 = CARTESIAN_POINT('',(0.99998528597,2.760794097591));
#2377 = CARTESIAN_POINT('',(1.00003360916,2.713188754843));
#2378 = CARTESIAN_POINT('',(1.000069761654,2.66559112656));
#2379 = CARTESIAN_POINT('',(1.000058846759,2.618004121194));
#2380 = CARTESIAN_POINT('',(1.000061152115,2.570422837216));
#2381 = CARTESIAN_POINT('',(1.00005858336,2.522832975846));
#2382 = CARTESIAN_POINT('',(1.000063183742,2.475225623192));
#2383 = CARTESIAN_POINT('',(1.000044842217,2.427607308652));
#2384 = CARTESIAN_POINT('',(1.00000744739,2.379988597941));
#2385 = CARTESIAN_POINT('',(1.000007948711,2.332398248145));
#2386 = CARTESIAN_POINT('',(1.000044707363,2.284779611704));
#2387 = CARTESIAN_POINT('',(1.000063221837,2.237161424888));
#2388 = CARTESIAN_POINT('',(1.000058565922,2.189554219345));
#2389 = CARTESIAN_POINT('',(1.000061183884,2.141964478573));
#2390 = CARTESIAN_POINT('',(1.000058737256,2.094383194656));
#2391 = CARTESIAN_POINT('',(1.000070168064,2.046796075161));
#2392 = CARTESIAN_POINT('',(1.000032093236,1.999198263942));
#2393 = CARTESIAN_POINT('',(0.999986330657,1.951592775322));
#2394 = CARTESIAN_POINT('',(1.000047936981,1.903990312651));
#2395 = CARTESIAN_POINT('',(1.000071921421,1.856398304698));
#2396 = CARTESIAN_POINT('',(1.000067557454,1.808815278993));
#2397 = CARTESIAN_POINT('',(1.000072207971,1.761232532828));
#2398 = CARTESIAN_POINT('',(1.000070768544,1.713633789536));
#2399 = CARTESIAN_POINT('',(1.000086522321,1.66602018263));
#2400 = CARTESIAN_POINT('',(1.00004172224,1.618399700349));
#2401 = CARTESIAN_POINT('',(1.000011633225,1.586660961707));
#2402 = CARTESIAN_POINT('',(1.,1.570796326795));
#2403 = ( GEOMETRIC_REPRESENTATION_CONTEXT(2) 
PARAMETRIC_REPRESENTATION_CONTEXT() REPRESENTATION_CONTEXT('2D SPACE',''
  ) );
#2404 = FACE_BOUND('',#2405,.T.);
#2405 = EDGE_LOOP('',(#2406,#2407,#2408,#2428,#2496,#2537));
#2406 = ORIENTED_EDGE('',*,*,#995,.T.);
#2407 = ORIENTED_EDGE('',*,*,#1916,.T.);
#2408 = ORIENTED_EDGE('',*,*,#2409,.T.);
#2409 = EDGE_CURVE('',#1651,#2410,#2412,.T.);
#2410 = VERTEX_POINT('',#2411);
#2411 = CARTESIAN_POINT('',(17.,-25.,3.));
#2412 = SURFACE_CURVE('',#2413,(#2416,#2422),.PCURVE_S1.);
#2413 = B_SPLINE_CURVE_WITH_KNOTS('',1,(#2414,#2415),.UNSPECIFIED.,.F.,
  .F.,(2,2),(0.,1.),.PIECEWISE_BEZIER_KNOTS.);
#2414 = CARTESIAN_POINT('',(-17.,-25.,3.));
#2415 = CARTESIAN_POINT('',(17.000000000001,-25.,3.));
#2416 = PCURVE('',#1030,#2417);
#2417 = DEFINITIONAL_REPRESENTATION('',(#2418),#2421);
#2418 = B_SPLINE_CURVE_WITH_KNOTS('',1,(#2419,#2420),.UNSPECIFIED.,.F.,
  .F.,(2,2),(0.,1.),.PIECEWISE_BEZIER_KNOTS.);
#2419 = CARTESIAN_POINT('',(-17.,-34.5));
#2420 = CARTESIAN_POINT('',(17.000000000001,-34.5));
#2421 = ( GEOMETRIC_REPRESENTATION_CONTEXT(2) 
PARAMETRIC_REPRESENTATION_CONTEXT() REPRESENTATION_CONTEXT('2D SPACE',''
  ) );
#2422 = PCURVE('',#1591,#2423);
#2423 = DEFINITIONAL_REPRESENTATION('',(#2424),#2427);
#2424 = B_SPLINE_CURVE_WITH_KNOTS('',1,(#2425,#2426),.UNSPECIFIED.,.F.,
  .F.,(2,2),(0.,1.),.PIECEWISE_BEZIER_KNOTS.);
#2425 = CARTESIAN_POINT('',(1.,1.7E-02));
#2426 = CARTESIAN_POINT('',(1.,-1.7E-02));
#2427 = ( GEOMETRIC_REPRESENTATION_CONTEXT(2) 
PARAMETRIC_REPRESENTATION_CONTEXT() REPRESENTATION_CONTEXT('2D SPACE',''
  ) );
#2428 = ORIENTED_EDGE('',*,*,#2429,.T.);
#2429 = EDGE_CURVE('',#2410,#2430,#2432,.T.);
#2430 = VERTEX_POINT('',#2431);
#2431 = CARTESIAN_POINT('',(16.999999999997,-25.,29.761097775316));
#2432 = SURFACE_CURVE('',#2433,(#2436,#2442),.PCURVE_S1.);
#2433 = B_SPLINE_CURVE_WITH_KNOTS('',1,(#2434,#2435),.UNSPECIFIED.,.F.,
  .F.,(2,2),(0.,1.),.PIECEWISE_BEZIER_KNOTS.);
#2434 = CARTESIAN_POINT('',(17.,-25.,3.));
#2435 = CARTESIAN_POINT('',(17.,-25.,29.761097775325));
#2436 = PCURVE('',#1030,#2437);
#2437 = DEFINITIONAL_REPRESENTATION('',(#2438),#2441);
#2438 = B_SPLINE_CURVE_WITH_KNOTS('',1,(#2439,#2440),.UNSPECIFIED.,.F.,
  .F.,(2,2),(0.,1.),.PIECEWISE_BEZIER_KNOTS.);
#2439 = CARTESIAN_POINT('',(17.,-34.5));
#2440 = CARTESIAN_POINT('',(17.,-7.738902224675));
#2441 = ( GEOMETRIC_REPRESENTATION_CONTEXT(2) 
PARAMETRIC_REPRESENTATION_CONTEXT() REPRESENTATION_CONTEXT('2D SPACE',''
  ) );
#2442 = PCURVE('',#2443,#2468);
#2443 = B_SPLINE_SURFACE_WITH_KNOTS('',2,3,(
    (#2444,#2445,#2446,#2447,#2448,#2449,#2450,#2451)
    ,(#2452,#2453,#2454,#2455,#2456,#2457,#2458,#2459)
    ,(#2460,#2461,#2462,#2463,#2464,#2465,#2466,#2467
  )),.UNSPECIFIED.,.F.,.F.,.F.,(3,3),(4,2,2,4),(0.,1.),(6.E-03,
    7.738902224701E-03,3.45E-02,3.9E-02),.UNSPECIFIED.);
#2444 = CARTESIAN_POINT('',(20.,-22.,31.5));
#2445 = CARTESIAN_POINT('',(20.,-22.,30.920365925099));
#2446 = CARTESIAN_POINT('',(20.,-22.,30.3407318502));
#2447 = CARTESIAN_POINT('',(20.,-22.,20.840731850192));
#2448 = CARTESIAN_POINT('',(20.,-22.,11.9203659251));
#2449 = CARTESIAN_POINT('',(20.,-22.,1.5));
#2450 = CARTESIAN_POINT('',(20.,-22.,-2.168404344971E-16));
#2451 = CARTESIAN_POINT('',(20.,-22.,-1.5));
#2452 = CARTESIAN_POINT('',(20.,-25.,31.5));
#2453 = CARTESIAN_POINT('',(20.,-25.,30.920365925099));
#2454 = CARTESIAN_POINT('',(20.,-25.,30.3407318502));
#2455 = CARTESIAN_POINT('',(20.,-25.,20.840731850192));
#2456 = CARTESIAN_POINT('',(20.,-25.,11.9203659251));
#2457 = CARTESIAN_POINT('',(20.,-25.,1.5));
#2458 = CARTESIAN_POINT('',(20.,-25.,4.336808689942E-16));
#2459 = CARTESIAN_POINT('',(20.,-25.,-1.5));
#2460 = CARTESIAN_POINT('',(17.,-25.,31.5));
#2461 = CARTESIAN_POINT('',(17.,-25.,30.920365925099));
#2462 = CARTESIAN_POINT('',(17.,-25.,30.3407318502));
#2463 = CARTESIAN_POINT('',(17.,-25.,20.840731850192));
#2464 = CARTESIAN_POINT('',(17.,-25.,11.9203659251));
#2465 = CARTESIAN_POINT('',(17.,-25.,1.5));
#2466 = CARTESIAN_POINT('',(17.,-25.,0.));
#2467 = CARTESIAN_POINT('',(17.,-25.,-1.5));
#2468 = DEFINITIONAL_REPRESENTATION('',(#2469),#2495);
#2469 = B_SPLINE_CURVE_WITH_KNOTS('',3,(#2470,#2471,#2472,#2473,#2474,
    #2475,#2476,#2477,#2478,#2479,#2480,#2481,#2482,#2483,#2484,#2485,
    #2486,#2487,#2488,#2489,#2490,#2491,#2492,#2493,#2494),
  .UNSPECIFIED.,.F.,.F.,(4,1,1,1,1,1,1,1,1,1,1,1,1,1,1,1,1,1,1,1,1,1,4),
  (0.,4.545454545455E-02,9.090909090909E-02,0.136363636364,
    0.181818181818,0.227272727273,0.272727272727,0.318181818182,
    0.363636363636,0.409090909091,0.454545454545,0.5,0.545454545455,
    0.590909090909,0.636363636364,0.681818181818,0.727272727273,
    0.772727272727,0.818181818182,0.863636363636,0.909090909091,
    0.954545454545,1.),.UNSPECIFIED.);
#2470 = CARTESIAN_POINT('',(1.,3.45E-02));
#2471 = CARTESIAN_POINT('',(1.,3.409452882159E-02));
#2472 = CARTESIAN_POINT('',(1.,3.328358646476E-02));
#2473 = CARTESIAN_POINT('',(1.,3.206717292952E-02));
#2474 = CARTESIAN_POINT('',(1.,3.085075939427E-02));
#2475 = CARTESIAN_POINT('',(1.,2.963434585903E-02));
#2476 = CARTESIAN_POINT('',(1.,2.841793232379E-02));
#2477 = CARTESIAN_POINT('',(1.,2.720151878855E-02));
#2478 = CARTESIAN_POINT('',(1.,2.59851052533E-02));
#2479 = CARTESIAN_POINT('',(1.,2.476869171806E-02));
#2480 = CARTESIAN_POINT('',(1.,2.355227818282E-02));
#2481 = CARTESIAN_POINT('',(1.,2.233586464758E-02));
#2482 = CARTESIAN_POINT('',(1.,2.111945111233E-02));
#2483 = CARTESIAN_POINT('',(1.,1.990303757709E-02));
#2484 = CARTESIAN_POINT('',(1.,1.868662404185E-02));
#2485 = CARTESIAN_POINT('',(1.,1.747021050661E-02));
#2486 = CARTESIAN_POINT('',(1.,1.625379697137E-02));
#2487 = CARTESIAN_POINT('',(1.,1.503738343612E-02));
#2488 = CARTESIAN_POINT('',(1.,1.382096990088E-02));
#2489 = CARTESIAN_POINT('',(1.,1.260455636564E-02));
#2490 = CARTESIAN_POINT('',(1.,1.13881428304E-02));
#2491 = CARTESIAN_POINT('',(1.,1.017172929516E-02));
#2492 = CARTESIAN_POINT('',(1.,8.955315759911E-03));
#2493 = CARTESIAN_POINT('',(1.,8.144373403098E-03));
#2494 = CARTESIAN_POINT('',(1.,7.738902224701E-03));
#2495 = ( GEOMETRIC_REPRESENTATION_CONTEXT(2) 
PARAMETRIC_REPRESENTATION_CONTEXT() REPRESENTATION_CONTEXT('2D SPACE',''
  ) );
#2496 = ORIENTED_EDGE('',*,*,#2497,.T.);
#2497 = EDGE_CURVE('',#2430,#1165,#2498,.T.);
#2498 = SURFACE_CURVE('',#2499,(#2502,#2508),.PCURVE_S1.);
#2499 = B_SPLINE_CURVE_WITH_KNOTS('',1,(#2500,#2501),.UNSPECIFIED.,.F.,
  .F.,(2,2),(0.,1.),.PIECEWISE_BEZIER_KNOTS.);
#2500 = CARTESIAN_POINT('',(16.999999999997,-25.,29.761097775316));
#2501 = CARTESIAN_POINT('',(11.848761033649,-25.,61.899174022433));
#2502 = PCURVE('',#1030,#2503);
#2503 = DEFINITIONAL_REPRESENTATION('',(#2504),#2507);
#2504 = B_SPLINE_CURVE_WITH_KNOTS('',1,(#2505,#2506),.UNSPECIFIED.,.F.,
  .F.,(2,2),(0.,1.),.PIECEWISE_BEZIER_KNOTS.);
#2505 = CARTESIAN_POINT('',(16.999999999997,-7.738902224684));
#2506 = CARTESIAN_POINT('',(11.848761033649,24.399174022433));
#2507 = ( GEOMETRIC_REPRESENTATION_CONTEXT(2) 
PARAMETRIC_REPRESENTATION_CONTEXT() REPRESENTATION_CONTEXT('2D SPACE',''
  ) );
#2508 = PCURVE('',#1113,#2509);
#2509 = DEFINITIONAL_REPRESENTATION('',(#2510),#2536);
#2510 = B_SPLINE_CURVE_WITH_KNOTS('',3,(#2511,#2512,#2513,#2514,#2515,
    #2516,#2517,#2518,#2519,#2520,#2521,#2522,#2523,#2524,#2525,#2526,
    #2527,#2528,#2529,#2530,#2531,#2532,#2533,#2534,#2535),
  .UNSPECIFIED.,.F.,.F.,(4,1,1,1,1,1,1,1,1,1,1,1,1,1,1,1,1,1,1,1,1,1,4),
  (0.,4.545454545455E-02,9.090909090909E-02,0.136363636364,
    0.181818181818,0.227272727273,0.272727272727,0.318181818182,
    0.363636363636,0.409090909091,0.454545454545,0.5,0.545454545455,
    0.590909090909,0.636363636364,0.681818181818,0.727272727273,
    0.772727272727,0.818181818182,0.863636363636,0.909090909091,
    0.954545454545,1.),.UNSPECIFIED.);
#2511 = CARTESIAN_POINT('',(1.,1.285626488214E-02));
#2512 = CARTESIAN_POINT('',(1.,1.236310896703E-02));
#2513 = CARTESIAN_POINT('',(1.,1.137679713682E-02));
#2514 = CARTESIAN_POINT('',(1.,9.897329391513E-03));
#2515 = CARTESIAN_POINT('',(1.,8.417861646205E-03));
#2516 = CARTESIAN_POINT('',(1.,6.938393900897E-03));
#2517 = CARTESIAN_POINT('',(1.,5.458926155589E-03));
#2518 = CARTESIAN_POINT('',(1.,3.97945841028E-03));
#2519 = CARTESIAN_POINT('',(1.,2.49999066497E-03));
#2520 = CARTESIAN_POINT('',(1.,1.020522919661E-03));
#2521 = CARTESIAN_POINT('',(1.,-4.589448256487E-04));
#2522 = CARTESIAN_POINT('',(1.,-1.938412570959E-03));
#2523 = CARTESIAN_POINT('',(1.,-3.417880316268E-03));
#2524 = CARTESIAN_POINT('',(1.,-4.897348061578E-03));
#2525 = CARTESIAN_POINT('',(1.,-6.376815806888E-03));
#2526 = CARTESIAN_POINT('',(1.,-7.856283552198E-03));
#2527 = CARTESIAN_POINT('',(1.,-9.335751297508E-03));
#2528 = CARTESIAN_POINT('',(1.,-1.081521904282E-02));
#2529 = CARTESIAN_POINT('',(1.,-1.229468678813E-02));
#2530 = CARTESIAN_POINT('',(1.,-1.377415453344E-02));
#2531 = CARTESIAN_POINT('',(1.,-1.525362227874E-02));
#2532 = CARTESIAN_POINT('',(1.,-1.673309002405E-02));
#2533 = CARTESIAN_POINT('',(1.,-1.821255776936E-02));
#2534 = CARTESIAN_POINT('',(1.,-1.919886959956E-02));
#2535 = CARTESIAN_POINT('',(1.,-1.969202551467E-02));
#2536 = ( GEOMETRIC_REPRESENTATION_CONTEXT(2) 
PARAMETRIC_REPRESENTATION_CONTEXT() REPRESENTATION_CONTEXT('2D SPACE',''
  ) );
#2537 = ORIENTED_EDGE('',*,*,#1233,.T.);
#2538 = ADVANCED_FACE('',(#2539),#1062,.F.);
#2539 = FACE_BOUND('',#2540,.T.);
#2540 = EDGE_LOOP('',(#2541,#2542,#2543,#2564,#2565));
#2541 = ORIENTED_EDGE('',*,*,#1556,.T.);
#2542 = ORIENTED_EDGE('',*,*,#1506,.F.);
#2543 = ORIENTED_EDGE('',*,*,#2544,.T.);
#2544 = EDGE_CURVE('',#1484,#1047,#2545,.T.);
#2545 = SURFACE_CURVE('',#2546,(#2550,#2557),.PCURVE_S1.);
#2546 = LINE('',#2547,#2548);
#2547 = CARTESIAN_POINT('',(20.,-6.36717107152,38.638520043162));
#2548 = VECTOR('',#2549,1.);
#2549 = DIRECTION('',(6.047958860741E-17,-0.156318898982,0.98770663753)
  );
#2550 = PCURVE('',#1062,#2551);
#2551 = DEFINITIONAL_REPRESENTATION('',(#2552),#2556);
#2552 = LINE('',#2553,#2554);
#2553 = CARTESIAN_POINT('',(37.860644038585,18.63282892848));
#2554 = VECTOR('',#2555,1.);
#2555 = DIRECTION('',(0.98770663753,-0.156318898982));
#2556 = ( GEOMETRIC_REPRESENTATION_CONTEXT(2) 
PARAMETRIC_REPRESENTATION_CONTEXT() REPRESENTATION_CONTEXT('2D SPACE',''
  ) );
#2557 = PCURVE('',#1088,#2558);
#2558 = DEFINITIONAL_REPRESENTATION('',(#2559),#2563);
#2559 = LINE('',#2560,#2561);
#2560 = CARTESIAN_POINT('',(-2.041119043763,9.004539683294));
#2561 = VECTOR('',#2562,1.);
#2562 = DIRECTION('',(0.97525832662,0.221068306995));
#2563 = ( GEOMETRIC_REPRESENTATION_CONTEXT(2) 
PARAMETRIC_REPRESENTATION_CONTEXT() REPRESENTATION_CONTEXT('2D SPACE',''
  ) );
#2564 = ORIENTED_EDGE('',*,*,#1044,.F.);
#2565 = ORIENTED_EDGE('',*,*,#2566,.T.);
#2566 = EDGE_CURVE('',#1045,#1557,#2567,.T.);
#2567 = SURFACE_CURVE('',#2568,(#2571,#2577),.PCURVE_S1.);
#2568 = B_SPLINE_CURVE_WITH_KNOTS('',1,(#2569,#2570),.UNSPECIFIED.,.F.,
  .F.,(2,2),(0.,1.),.PIECEWISE_BEZIER_KNOTS.);
#2569 = CARTESIAN_POINT('',(20.,-22.,30.00000000002));
#2570 = CARTESIAN_POINT('',(20.,-22.,0.));
#2571 = PCURVE('',#1062,#2572);
#2572 = DEFINITIONAL_REPRESENTATION('',(#2573),#2576);
#2573 = B_SPLINE_CURVE_WITH_KNOTS('',1,(#2574,#2575),.UNSPECIFIED.,.F.,
  .F.,(2,2),(0.,1.),.PIECEWISE_BEZIER_KNOTS.);
#2574 = CARTESIAN_POINT('',(29.222123995443,3.));
#2575 = CARTESIAN_POINT('',(-0.777876004577,3.));
#2576 = ( GEOMETRIC_REPRESENTATION_CONTEXT(2) 
PARAMETRIC_REPRESENTATION_CONTEXT() REPRESENTATION_CONTEXT('2D SPACE',''
  ) );
#2577 = PCURVE('',#2443,#2578);
#2578 = DEFINITIONAL_REPRESENTATION('',(#2579),#2605);
#2579 = B_SPLINE_CURVE_WITH_KNOTS('',3,(#2580,#2581,#2582,#2583,#2584,
    #2585,#2586,#2587,#2588,#2589,#2590,#2591,#2592,#2593,#2594,#2595,
    #2596,#2597,#2598,#2599,#2600,#2601,#2602,#2603,#2604),
  .UNSPECIFIED.,.F.,.F.,(4,1,1,1,1,1,1,1,1,1,1,1,1,1,1,1,1,1,1,1,1,1,4),
  (0.,4.545454545455E-02,9.090909090909E-02,0.136363636364,
    0.181818181818,0.227272727273,0.272727272727,0.318181818182,
    0.363636363636,0.409090909091,0.454545454545,0.5,0.545454545455,
    0.590909090909,0.636363636364,0.681818181818,0.727272727273,
    0.772727272727,0.818181818182,0.863636363636,0.909090909091,
    0.954545454545,1.),.UNSPECIFIED.);
#2580 = CARTESIAN_POINT('',(0.,7.49999999998E-03));
#2581 = CARTESIAN_POINT('',(0.,7.954545454525E-03));
#2582 = CARTESIAN_POINT('',(0.,8.863636363616E-03));
#2583 = CARTESIAN_POINT('',(0.,1.022727272725E-02));
#2584 = CARTESIAN_POINT('',(0.,1.159090909089E-02));
#2585 = CARTESIAN_POINT('',(0.,1.295454545453E-02));
#2586 = CARTESIAN_POINT('',(0.,1.431818181816E-02));
#2587 = CARTESIAN_POINT('',(0.,1.56818181818E-02));
#2588 = CARTESIAN_POINT('',(0.,1.704545454544E-02));
#2589 = CARTESIAN_POINT('',(0.,1.840909090907E-02));
#2590 = CARTESIAN_POINT('',(0.,1.977272727271E-02));
#2591 = CARTESIAN_POINT('',(0.,2.113636363635E-02));
#2592 = CARTESIAN_POINT('',(0.,2.249999999999E-02));
#2593 = CARTESIAN_POINT('',(0.,2.386363636362E-02));
#2594 = CARTESIAN_POINT('',(0.,2.522727272726E-02));
#2595 = CARTESIAN_POINT('',(0.,2.65909090909E-02));
#2596 = CARTESIAN_POINT('',(0.,2.795454545454E-02));
#2597 = CARTESIAN_POINT('',(0.,2.931818181818E-02));
#2598 = CARTESIAN_POINT('',(0.,3.068181818181E-02));
#2599 = CARTESIAN_POINT('',(0.,3.204545454545E-02));
#2600 = CARTESIAN_POINT('',(0.,3.340909090909E-02));
#2601 = CARTESIAN_POINT('',(0.,3.477272727273E-02));
#2602 = CARTESIAN_POINT('',(0.,3.613636363636E-02));
#2603 = CARTESIAN_POINT('',(-0.,3.704545454545E-02));
#2604 = CARTESIAN_POINT('',(0.,3.75E-02));
#2605 = ( GEOMETRIC_REPRESENTATION_CONTEXT(2) 
PARAMETRIC_REPRESENTATION_CONTEXT() REPRESENTATION_CONTEXT('2D SPACE',''
  ) );
#2606 = ADVANCED_FACE('',(#2607),#1088,.T.);
#2607 = FACE_BOUND('',#2608,.T.);
#2608 = EDGE_LOOP('',(#2609,#2610,#2611,#2612,#2613));
#2609 = ORIENTED_EDGE('',*,*,#2544,.F.);
#2610 = ORIENTED_EDGE('',*,*,#1483,.F.);
#2611 = ORIENTED_EDGE('',*,*,#1379,.F.);
#2612 = ORIENTED_EDGE('',*,*,#1329,.F.);
#2613 = ORIENTED_EDGE('',*,*,#1074,.F.);
#2614 = ADVANCED_FACE('',(#2615),#1113,.T.);
#2615 = FACE_BOUND('',#2616,.T.);
#2616 = EDGE_LOOP('',(#2617,#2618,#2619,#2883));
#2617 = ORIENTED_EDGE('',*,*,#1164,.T.);
#2618 = ORIENTED_EDGE('',*,*,#2497,.F.);
#2619 = ORIENTED_EDGE('',*,*,#2620,.F.);
#2620 = EDGE_CURVE('',#1045,#2430,#2621,.T.);
#2621 = SURFACE_CURVE('',#2622,(#2649,#2766),.PCURVE_S1.);
#2622 = B_SPLINE_CURVE_WITH_KNOTS('',3,(#2623,#2624,#2625,#2626,#2627,
    #2628,#2629,#2630,#2631,#2632,#2633,#2634,#2635,#2636,#2637,#2638,
    #2639,#2640,#2641,#2642,#2643,#2644,#2645,#2646,#2647,#2648),
  .UNSPECIFIED.,.F.,.F.,(4,1,1,1,1,1,1,1,1,1,1,1,1,1,1,1,1,1,1,1,1,1,1,4
    ),(0.,5.234595698705E-02,0.1024753296,0.150511949068,0.196596519667,
    0.240888353121,0.28356684185,0.324832424557,0.364906746242,
    0.404031702823,0.442467119085,0.480486959244,0.518374203738,
    0.55641479222,0.594891245748,0.634076658947,0.674229663399,
    0.715590743575,0.758380019893,0.802796384112,0.849017728543,
    0.89720195812,0.947488490185,1.),.UNSPECIFIED.);
#2623 = CARTESIAN_POINT('',(20.,-22.,30.));
#2624 = CARTESIAN_POINT('',(19.998960150304,-22.08509593703,
    29.99991719253));
#2625 = CARTESIAN_POINT('',(19.996924483245,-22.25168443207,
    29.999755084064));
#2626 = CARTESIAN_POINT('',(19.979572257492,-22.4958606077,
    29.998373255599));
#2627 = CARTESIAN_POINT('',(19.95158568851,-22.72874698901,
    29.996144571038));
#2628 = CARTESIAN_POINT('',(19.912047656063,-22.95034867312,
    29.992995996361));
#2629 = CARTESIAN_POINT('',(19.861171475336,-23.16066621134,
    29.988944518728));
#2630 = CARTESIAN_POINT('',(19.798883168023,-23.35969668164,
    29.983984246946));
#2631 = CARTESIAN_POINT('',(19.725179538016,-23.54743162212,
    29.978114926499));
#2632 = CARTESIAN_POINT('',(19.640040138762,-23.72385608963,
    29.971334929146));
#2633 = CARTESIAN_POINT('',(19.543452875143,-23.8889484228,
    29.963643291705));
#2634 = CARTESIAN_POINT('',(19.435411301178,-24.04268149946,
    29.955039500859));
#2635 = CARTESIAN_POINT('',(19.315918632298,-24.18502564669,
    29.945523812667));
#2636 = CARTESIAN_POINT('',(19.184988307829,-24.31595281666,
    29.935097297359));
#2637 = CARTESIAN_POINT('',(19.042642816754,-24.43544094446,
    29.923761745828));
#2638 = CARTESIAN_POINT('',(18.888910347819,-24.54347719501,
    29.911519402859));
#2639 = CARTESIAN_POINT('',(18.723820417611,-24.64005898819,
    29.898372618981));
#2640 = CARTESIAN_POINT('',(18.547399766577,-24.72519330087,
    29.884323523646));
#2641 = CARTESIAN_POINT('',(18.359669565766,-24.79889258124,
    29.869373802793));
#2642 = CARTESIAN_POINT('',(18.160644271678,-24.86117743425,
    29.853524607654));
#2643 = CARTESIAN_POINT('',(17.950331938642,-24.9120510744,
    29.83677657963));
#2644 = CARTESIAN_POINT('',(17.72873519498,-24.95158736667,
    29.819129928027));
#2645 = CARTESIAN_POINT('',(17.495853300973,-24.97957290534,
    29.80058459394));
#2646 = CARTESIAN_POINT('',(17.251681088688,-24.99692457123,
    29.781140165826));
#2647 = CARTESIAN_POINT('',(17.085095564404,-24.99896017079,
    29.767874281813));
#2648 = CARTESIAN_POINT('',(17.,-25.,29.761097775317));
#2649 = PCURVE('',#1113,#2650);
#2650 = DEFINITIONAL_REPRESENTATION('',(#2651),#2765);
#2651 = B_SPLINE_CURVE_WITH_KNOTS('',3,(#2652,#2653,#2654,#2655,#2656,
    #2657,#2658,#2659,#2660,#2661,#2662,#2663,#2664,#2665,#2666,#2667,
    #2668,#2669,#2670,#2671,#2672,#2673,#2674,#2675,#2676,#2677,#2678,
    #2679,#2680,#2681,#2682,#2683,#2684,#2685,#2686,#2687,#2688,#2689,
    #2690,#2691,#2692,#2693,#2694,#2695,#2696,#2697,#2698,#2699,#2700,
    #2701,#2702,#2703,#2704,#2705,#2706,#2707,#2708,#2709,#2710,#2711,
    #2712,#2713,#2714,#2715,#2716,#2717,#2718,#2719,#2720,#2721,#2722,
    #2723,#2724,#2725,#2726,#2727,#2728,#2729,#2730,#2731,#2732,#2733,
    #2734,#2735,#2736,#2737,#2738,#2739,#2740,#2741,#2742,#2743,#2744,
    #2745,#2746,#2747,#2748,#2749,#2750,#2751,#2752,#2753,#2754,#2755,
    #2756,#2757,#2758,#2759,#2760,#2761,#2762,#2763,#2764),
  .UNSPECIFIED.,.F.,.F.,(4,1,1,1,1,1,1,1,1,1,1,1,1,1,1,1,1,1,1,1,1,1,1,1
    ,1,1,1,1,1,1,1,1,1,1,1,1,1,1,1,1,1,1,1,1,1,1,1,1,1,1,1,1,1,1,1,1,1,1
    ,1,1,1,1,1,1,1,1,1,1,1,1,1,1,1,1,1,1,1,1,1,1,1,1,1,1,1,1,1,1,1,1,1,1
    ,1,1,1,1,1,1,1,1,1,1,1,1,1,1,1,1,1,1,4),(0.,9.090909090909E-03,
    1.818181818182E-02,2.727272727273E-02,3.636363636364E-02,
    4.545454545455E-02,5.454545454545E-02,6.363636363636E-02,
    7.272727272727E-02,8.181818181818E-02,9.090909090909E-02,0.1,
    0.109090909091,0.118181818182,0.127272727273,0.136363636364,
    0.145454545455,0.154545454545,0.163636363636,0.172727272727,
    0.181818181818,0.190909090909,0.2,0.209090909091,0.218181818182,
    0.227272727273,0.236363636364,0.245454545455,0.254545454545,
    0.263636363636,0.272727272727,0.281818181818,0.290909090909,0.3,
    0.309090909091,0.318181818182,0.327272727273,0.336363636364,
    0.345454545455,0.354545454545,0.363636363636,0.372727272727,
    0.381818181818,0.390909090909,0.4,0.409090909091,0.418181818182,
    0.427272727273,0.436363636364,0.445454545455,0.454545454545,
    0.463636363636,0.472727272727,0.481818181818,0.490909090909,0.5,
    0.509090909091,0.518181818182,0.527272727273,0.536363636364,
    0.545454545455,0.554545454545,0.563636363636,0.572727272727,
    0.581818181818,0.590909090909,0.6,0.609090909091,0.618181818182,
    0.627272727273,0.636363636364,0.645454545455,0.654545454545,
    0.663636363636,0.672727272727,0.681818181818,0.690909090909,0.7,
    0.709090909091,0.718181818182,0.727272727273,0.736363636364,
    0.745454545455,0.754545454545,0.763636363636,0.772727272727,
    0.781818181818,0.790909090909,0.8,0.809090909091,0.818181818182,
    0.827272727273,0.836363636364,0.845454545455,0.854545454545,
    0.863636363636,0.872727272727,0.881818181818,0.890909090909,0.9,
    0.909090909091,0.918181818182,0.927272727273,0.936363636364,
    0.945454545455,0.954545454545,0.963636363636,0.972727272727,
    0.981818181818,0.990909090909,1.),.UNSPECIFIED.);
#2652 = CARTESIAN_POINT('',(0.,1.309516710684E-02));
#2653 = CARTESIAN_POINT('',(2.463126626309E-03,1.309515272569E-02));
#2654 = CARTESIAN_POINT('',(7.40791849165E-03,1.309512396366E-02));
#2655 = CARTESIAN_POINT('',(1.488085697444E-02,1.309507443306E-02));
#2656 = CARTESIAN_POINT('',(2.240953916773E-02,1.309501213639E-02));
#2657 = CARTESIAN_POINT('',(2.999445447036E-02,1.309493066055E-02));
#2658 = CARTESIAN_POINT('',(3.763644178308E-02,1.3094823721E-02));
#2659 = CARTESIAN_POINT('',(4.533684225027E-02,1.309468455354E-02));
#2660 = CARTESIAN_POINT('',(5.30972385927E-02,1.309450828755E-02));
#2661 = CARTESIAN_POINT('',(6.091843263388E-02,1.309429654907E-02));
#2662 = CARTESIAN_POINT('',(6.880124357227E-02,1.309405007171E-02));
#2663 = CARTESIAN_POINT('',(7.674637934013E-02,1.3093769847E-02));
#2664 = CARTESIAN_POINT('',(8.475446612397E-02,1.309345672728E-02));
#2665 = CARTESIAN_POINT('',(9.282598600019E-02,1.309311186366E-02));
#2666 = CARTESIAN_POINT('',(0.100961500971,1.30927345004E-02));
#2667 = CARTESIAN_POINT('',(0.109161703677,1.309232322623E-02));
#2668 = CARTESIAN_POINT('',(0.117427353629,1.309187678941E-02));
#2669 = CARTESIAN_POINT('',(0.125759276183,1.3091393911E-02));
#2670 = CARTESIAN_POINT('',(0.134158449739,1.309087326136E-02));
#2671 = CARTESIAN_POINT('',(0.142625628392,1.309031378722E-02));
#2672 = CARTESIAN_POINT('',(0.151161195915,1.308971479254E-02));
#2673 = CARTESIAN_POINT('',(0.159765633278,1.30890755115E-02));
#2674 = CARTESIAN_POINT('',(0.16843940518,1.308839519171E-02));
#2675 = CARTESIAN_POINT('',(0.177183033727,1.308767309678E-02));
#2676 = CARTESIAN_POINT('',(0.185996882113,1.308690840197E-02));
#2677 = CARTESIAN_POINT('',(0.194881042748,1.308610012609E-02));
#2678 = CARTESIAN_POINT('',(0.203835691583,1.308524731563E-02));
#2679 = CARTESIAN_POINT('',(0.212860993262,1.308434901213E-02));
#2680 = CARTESIAN_POINT('',(0.221957218522,1.308340424927E-02));
#2681 = CARTESIAN_POINT('',(0.231124286576,1.308241210684E-02));
#2682 = CARTESIAN_POINT('',(0.240361749381,1.308137171122E-02));
#2683 = CARTESIAN_POINT('',(0.249669241975,1.308028217811E-02));
#2684 = CARTESIAN_POINT('',(0.259046358664,1.307914262888E-02));
#2685 = CARTESIAN_POINT('',(0.268492771576,1.307795217288E-02));
#2686 = CARTESIAN_POINT('',(0.278007525754,1.307671001694E-02));
#2687 = CARTESIAN_POINT('',(0.287589515032,1.307541538726E-02));
#2688 = CARTESIAN_POINT('',(0.297237632264,1.307406750927E-02));
#2689 = CARTESIAN_POINT('',(0.30695079697,1.307266559288E-02));
#2690 = CARTESIAN_POINT('',(0.316727701747,1.307120891539E-02));
#2691 = CARTESIAN_POINT('',(0.326566354017,1.306969695536E-02));
#2692 = CARTESIAN_POINT('',(0.336464809661,1.306812915981E-02));
#2693 = CARTESIAN_POINT('',(0.346421041698,1.306650499157E-02));
#2694 = CARTESIAN_POINT('',(0.356433066334,1.306482388167E-02));
#2695 = CARTESIAN_POINT('',(0.366498157413,1.306308558835E-02));
#2696 = CARTESIAN_POINT('',(0.376613419142,1.306128991176E-02));
#2697 = CARTESIAN_POINT('',(0.386775901687,1.305943665536E-02));
#2698 = CARTESIAN_POINT('',(0.396982694001,1.305752556838E-02));
#2699 = CARTESIAN_POINT('',(0.407230438276,1.305555668738E-02));
#2700 = CARTESIAN_POINT('',(0.417515364622,1.305353027102E-02));
#2701 = CARTESIAN_POINT('',(0.427833700141,1.305144653877E-02));
#2702 = CARTESIAN_POINT('',(0.438181652336,1.304930568201E-02));
#2703 = CARTESIAN_POINT('',(0.44855527219,1.304710806002E-02));
#2704 = CARTESIAN_POINT('',(0.458950203036,1.304485440232E-02));
#2705 = CARTESIAN_POINT('',(0.469362081407,1.304254538053E-02));
#2706 = CARTESIAN_POINT('',(0.479786511147,1.304018166702E-02));
#2707 = CARTESIAN_POINT('',(0.490219103274,1.303776399023E-02));
#2708 = CARTESIAN_POINT('',(0.500655305597,1.303529348251E-02));
#2709 = CARTESIAN_POINT('',(0.511090533774,1.303277123774E-02));
#2710 = CARTESIAN_POINT('',(0.521520203112,1.303019836143E-02));
#2711 = CARTESIAN_POINT('',(0.531939777228,1.30275759511E-02));
#2712 = CARTESIAN_POINT('',(0.542344909023,1.302490541816E-02));
#2713 = CARTESIAN_POINT('',(0.552731231552,1.302218817803E-02));
#2714 = CARTESIAN_POINT('',(0.563094417315,1.301942564956E-02));
#2715 = CARTESIAN_POINT('',(0.573430156528,1.301661923378E-02));
#2716 = CARTESIAN_POINT('',(0.583734609559,1.301377048162E-02));
#2717 = CARTESIAN_POINT('',(0.594004031141,1.30108809789E-02));
#2718 = CARTESIAN_POINT('',(0.604234715783,1.30079523028E-02));
#2719 = CARTESIAN_POINT('',(0.614422947542,1.300498603162E-02));
#2720 = CARTESIAN_POINT('',(0.624565525345,1.300198374954E-02));
#2721 = CARTESIAN_POINT('',(0.634659601195,1.299894704657E-02));
#2722 = CARTESIAN_POINT('',(0.644702306054,1.299587750943E-02));
#2723 = CARTESIAN_POINT('',(0.65469079855,1.299277673301E-02));
#2724 = CARTESIAN_POINT('',(0.664622505276,1.2989646281E-02));
#2725 = CARTESIAN_POINT('',(0.674495535712,1.298648761552E-02));
#2726 = CARTESIAN_POINT('',(0.684307930851,1.298330221426E-02));
#2727 = CARTESIAN_POINT('',(0.694057814751,1.298009154599E-02));
#2728 = CARTESIAN_POINT('',(0.703743281719,1.297685709952E-02));
#2729 = CARTESIAN_POINT('',(0.713363165208,1.297360017958E-02));
#2730 = CARTESIAN_POINT('',(0.722916427842,1.29703220601E-02));
#2731 = CARTESIAN_POINT('',(0.732402031485,1.296702401864E-02));
#2732 = CARTESIAN_POINT('',(0.741818913836,1.296370734818E-02));
#2733 = CARTESIAN_POINT('',(0.751166238826,1.296037327109E-02));
#2734 = CARTESIAN_POINT('',(0.760443737221,1.295702281611E-02));
#2735 = CARTESIAN_POINT('',(0.769651046641,1.295365704367E-02));
#2736 = CARTESIAN_POINT('',(0.778787848672,1.295027699815E-02));
#2737 = CARTESIAN_POINT('',(0.787853735364,1.294688375644E-02));
#2738 = CARTESIAN_POINT('',(0.796848720381,1.294347823798E-02));
#2739 = CARTESIAN_POINT('',(0.805773097336,1.294006125017E-02));
#2740 = CARTESIAN_POINT('',(0.814627063209,1.293663362768E-02));
#2741 = CARTESIAN_POINT('',(0.823410821974,1.29331961913E-02));
#2742 = CARTESIAN_POINT('',(0.832124496204,1.292974979013E-02));
#2743 = CARTESIAN_POINT('',(0.840768500764,1.292629510742E-02));
#2744 = CARTESIAN_POINT('',(0.849343372063,1.292283275718E-02));
#2745 = CARTESIAN_POINT('',(0.857849595573,1.291936337197E-02));
#2746 = CARTESIAN_POINT('',(0.866287670222,1.291588757368E-02));
#2747 = CARTESIAN_POINT('',(0.874657997669,1.291240600831E-02));
#2748 = CARTESIAN_POINT('',(0.882961376596,1.290891919833E-02));
#2749 = CARTESIAN_POINT('',(0.891198783765,1.290542758946E-02));
#2750 = CARTESIAN_POINT('',(0.899371051698,1.290193164597E-02));
#2751 = CARTESIAN_POINT('',(0.907478945123,1.289843182447E-02));
#2752 = CARTESIAN_POINT('',(0.91552316438,1.289492859371E-02));
#2753 = CARTESIAN_POINT('',(0.923504272857,1.289142237786E-02));
#2754 = CARTESIAN_POINT('',(0.931422763219,1.288791349525E-02));
#2755 = CARTESIAN_POINT('',(0.939279270027,1.288440228094E-02));
#2756 = CARTESIAN_POINT('',(0.94707450812,1.288088906636E-02));
#2757 = CARTESIAN_POINT('',(0.954809300107,1.287737418067E-02));
#2758 = CARTESIAN_POINT('',(0.962484456414,1.287385796584E-02));
#2759 = CARTESIAN_POINT('',(0.970101563806,1.287034066189E-02));
#2760 = CARTESIAN_POINT('',(0.977661946364,1.286682248211E-02));
#2761 = CARTESIAN_POINT('',(0.985166438285,1.286330364662E-02));
#2762 = CARTESIAN_POINT('',(0.992615527245,1.285978437369E-02));
#2763 = CARTESIAN_POINT('',(0.997544649876,1.285743804599E-02));
#2764 = CARTESIAN_POINT('',(1.,1.285626488214E-02));
#2765 = ( GEOMETRIC_REPRESENTATION_CONTEXT(2) 
PARAMETRIC_REPRESENTATION_CONTEXT() REPRESENTATION_CONTEXT('2D SPACE',''
  ) );
#2766 = PCURVE('',#2443,#2767);
#2767 = DEFINITIONAL_REPRESENTATION('',(#2768),#2882);
#2768 = B_SPLINE_CURVE_WITH_KNOTS('',3,(#2769,#2770,#2771,#2772,#2773,
    #2774,#2775,#2776,#2777,#2778,#2779,#2780,#2781,#2782,#2783,#2784,
    #2785,#2786,#2787,#2788,#2789,#2790,#2791,#2792,#2793,#2794,#2795,
    #2796,#2797,#2798,#2799,#2800,#2801,#2802,#2803,#2804,#2805,#2806,
    #2807,#2808,#2809,#2810,#2811,#2812,#2813,#2814,#2815,#2816,#2817,
    #2818,#2819,#2820,#2821,#2822,#2823,#2824,#2825,#2826,#2827,#2828,
    #2829,#2830,#2831,#2832,#2833,#2834,#2835,#2836,#2837,#2838,#2839,
    #2840,#2841,#2842,#2843,#2844,#2845,#2846,#2847,#2848,#2849,#2850,
    #2851,#2852,#2853,#2854,#2855,#2856,#2857,#2858,#2859,#2860,#2861,
    #2862,#2863,#2864,#2865,#2866,#2867,#2868,#2869,#2870,#2871,#2872,
    #2873,#2874,#2875,#2876,#2877,#2878,#2879,#2880,#2881),
  .UNSPECIFIED.,.F.,.F.,(4,1,1,1,1,1,1,1,1,1,1,1,1,1,1,1,1,1,1,1,1,1,1,1
    ,1,1,1,1,1,1,1,1,1,1,1,1,1,1,1,1,1,1,1,1,1,1,1,1,1,1,1,1,1,1,1,1,1,1
    ,1,1,1,1,1,1,1,1,1,1,1,1,1,1,1,1,1,1,1,1,1,1,1,1,1,1,1,1,1,1,1,1,1,1
    ,1,1,1,1,1,1,1,1,1,1,1,1,1,1,1,1,1,1,4),(0.,9.090909090909E-03,
    1.818181818182E-02,2.727272727273E-02,3.636363636364E-02,
    4.545454545455E-02,5.454545454545E-02,6.363636363636E-02,
    7.272727272727E-02,8.181818181818E-02,9.090909090909E-02,0.1,
    0.109090909091,0.118181818182,0.127272727273,0.136363636364,
    0.145454545455,0.154545454545,0.163636363636,0.172727272727,
    0.181818181818,0.190909090909,0.2,0.209090909091,0.218181818182,
    0.227272727273,0.236363636364,0.245454545455,0.254545454545,
    0.263636363636,0.272727272727,0.281818181818,0.290909090909,0.3,
    0.309090909091,0.318181818182,0.327272727273,0.336363636364,
    0.345454545455,0.354545454545,0.363636363636,0.372727272727,
    0.381818181818,0.390909090909,0.4,0.409090909091,0.418181818182,
    0.427272727273,0.436363636364,0.445454545455,0.454545454545,
    0.463636363636,0.472727272727,0.481818181818,0.490909090909,0.5,
    0.509090909091,0.518181818182,0.527272727273,0.536363636364,
    0.545454545455,0.554545454545,0.563636363636,0.572727272727,
    0.581818181818,0.590909090909,0.6,0.609090909091,0.618181818182,
    0.627272727273,0.636363636364,0.645454545455,0.654545454545,
    0.663636363636,0.672727272727,0.681818181818,0.690909090909,0.7,
    0.709090909091,0.718181818182,0.727272727273,0.736363636364,
    0.745454545455,0.754545454545,0.763636363636,0.772727272727,
    0.781818181818,0.790909090909,0.8,0.809090909091,0.818181818182,
    0.827272727273,0.836363636364,0.845454545455,0.854545454545,
    0.863636363636,0.872727272727,0.881818181818,0.890909090909,0.9,
    0.909090909091,0.918181818182,0.927272727273,0.936363636364,
    0.945454545455,0.954545454545,0.963636363636,0.972727272727,
    0.981818181818,0.990909090909,1.),.UNSPECIFIED.);
#2769 = CARTESIAN_POINT('',(0.,7.5E-03));
#2770 = CARTESIAN_POINT('',(2.463126626309E-03,7.500014381152E-03));
#2771 = CARTESIAN_POINT('',(7.40791849165E-03,7.500043143182E-03));
#2772 = CARTESIAN_POINT('',(1.488085697444E-02,7.50009267379E-03));
#2773 = CARTESIAN_POINT('',(2.240953916773E-02,7.500154970458E-03));
#2774 = CARTESIAN_POINT('',(2.999445447036E-02,7.500236446297E-03));
#2775 = CARTESIAN_POINT('',(3.763644178308E-02,7.500343385853E-03));
#2776 = CARTESIAN_POINT('',(4.533684225026E-02,7.50048255332E-03));
#2777 = CARTESIAN_POINT('',(5.309723859268E-02,7.500658819315E-03));
#2778 = CARTESIAN_POINT('',(6.091843263386E-02,7.500870557804E-03));
#2779 = CARTESIAN_POINT('',(6.880124357223E-02,7.501117035167E-03));
#2780 = CARTESIAN_POINT('',(7.674637934008E-02,7.501397259888E-03));
#2781 = CARTESIAN_POINT('',(8.47544661239E-02,7.501710379616E-03));
#2782 = CARTESIAN_POINT('',(9.28259860001E-02,7.502055243239E-03));
#2783 = CARTESIAN_POINT('',(0.100961500971,7.502432606509E-03));
#2784 = CARTESIAN_POINT('',(0.109161703677,7.502843880695E-03));
#2785 = CARTESIAN_POINT('',(0.117427353629,7.503290317528E-03));
#2786 = CARTESIAN_POINT('',(0.125759276183,7.503773195952E-03));
#2787 = CARTESIAN_POINT('',(0.134158449739,7.5042938456E-03));
#2788 = CARTESIAN_POINT('',(0.142625628391,7.504853319762E-03));
#2789 = CARTESIAN_POINT('',(0.151161195915,7.505452314449E-03));
#2790 = CARTESIAN_POINT('',(0.159765633278,7.506091595504E-03));
#2791 = CARTESIAN_POINT('',(0.16843940518,7.506771915318E-03));
#2792 = CARTESIAN_POINT('',(0.177183033726,7.507494010265E-03));
#2793 = CARTESIAN_POINT('',(0.185996882112,7.508258705092E-03));
#2794 = CARTESIAN_POINT('',(0.194881042747,7.509066980989E-03));
#2795 = CARTESIAN_POINT('',(0.203835691582,7.509919791464E-03));
#2796 = CARTESIAN_POINT('',(0.212860993261,7.510818094992E-03));
#2797 = CARTESIAN_POINT('',(0.221957218521,7.511762857872E-03));
#2798 = CARTESIAN_POINT('',(0.231124286575,7.512755000321E-03));
#2799 = CARTESIAN_POINT('',(0.240361749379,7.51379539596E-03));
#2800 = CARTESIAN_POINT('',(0.249669241973,7.514884929092E-03));
#2801 = CARTESIAN_POINT('',(0.259046358662,7.516024478346E-03));
#2802 = CARTESIAN_POINT('',(0.268492771573,7.517214934366E-03));
#2803 = CARTESIAN_POINT('',(0.278007525752,7.518457090333E-03));
#2804 = CARTESIAN_POINT('',(0.287589515029,7.519751720038E-03));
#2805 = CARTESIAN_POINT('',(0.29723763226,7.521099598046E-03));
#2806 = CARTESIAN_POINT('',(0.306950796966,7.522501514464E-03));
#2807 = CARTESIAN_POINT('',(0.316727701743,7.523958191982E-03));
#2808 = CARTESIAN_POINT('',(0.326566354013,7.525470152029E-03));
#2809 = CARTESIAN_POINT('',(0.336464809657,7.527037947609E-03));
#2810 = CARTESIAN_POINT('',(0.346421041693,7.528662115876E-03));
#2811 = CARTESIAN_POINT('',(0.356433066329,7.530343225803E-03));
#2812 = CARTESIAN_POINT('',(0.366498157407,7.532081519148E-03));
#2813 = CARTESIAN_POINT('',(0.376613419136,7.533877195763E-03));
#2814 = CARTESIAN_POINT('',(0.386775901681,7.535730452182E-03));
#2815 = CARTESIAN_POINT('',(0.396982693994,7.537641539187E-03));
#2816 = CARTESIAN_POINT('',(0.407230438268,7.539610420213E-03));
#2817 = CARTESIAN_POINT('',(0.417515364613,7.541636836603E-03));
#2818 = CARTESIAN_POINT('',(0.427833700132,7.543720568879E-03));
#2819 = CARTESIAN_POINT('',(0.438181652327,7.545861425654E-03));
#2820 = CARTESIAN_POINT('',(0.448555272179,7.548059047677E-03));
#2821 = CARTESIAN_POINT('',(0.458950203025,7.55031270539E-03));
#2822 = CARTESIAN_POINT('',(0.469362081396,7.552621727211E-03));
#2823 = CARTESIAN_POINT('',(0.479786511135,7.55498544074E-03));
#2824 = CARTESIAN_POINT('',(0.490219103262,7.557403117548E-03));
#2825 = CARTESIAN_POINT('',(0.500655305584,7.559873625293E-03));
#2826 = CARTESIAN_POINT('',(0.511090533761,7.56239587008E-03));
#2827 = CARTESIAN_POINT('',(0.521520203099,7.564968746412E-03));
#2828 = CARTESIAN_POINT('',(0.531939777214,7.567591156754E-03));
#2829 = CARTESIAN_POINT('',(0.542344909008,7.570261689707E-03));
#2830 = CARTESIAN_POINT('',(0.552731231536,7.572978929861E-03));
#2831 = CARTESIAN_POINT('',(0.5630944173,7.575741458341E-03));
#2832 = CARTESIAN_POINT('',(0.573430156512,7.578547874136E-03));
#2833 = CARTESIAN_POINT('',(0.583734609542,7.581396626307E-03));
#2834 = CARTESIAN_POINT('',(0.594004031124,7.584286129033E-03));
#2835 = CARTESIAN_POINT('',(0.604234715766,7.587214805141E-03));
#2836 = CARTESIAN_POINT('',(0.614422947525,7.59018107633E-03));
#2837 = CARTESIAN_POINT('',(0.624565525327,7.593183358419E-03));
#2838 = CARTESIAN_POINT('',(0.634659601178,7.596220061396E-03));
#2839 = CARTESIAN_POINT('',(0.644702306036,7.599289598537E-03));
#2840 = CARTESIAN_POINT('',(0.654690798532,7.602390374958E-03));
#2841 = CARTESIAN_POINT('',(0.664622505259,7.605520826968E-03));
#2842 = CARTESIAN_POINT('',(0.674495535694,7.608679492445E-03));
#2843 = CARTESIAN_POINT('',(0.684307930833,7.61186489371E-03));
#2844 = CARTESIAN_POINT('',(0.694057814733,7.615075561977E-03));
#2845 = CARTESIAN_POINT('',(0.703743281701,7.618310008434E-03));
#2846 = CARTESIAN_POINT('',(0.71336316519,7.621566928368E-03));
#2847 = CARTESIAN_POINT('',(0.722916427824,7.62484504784E-03));
#2848 = CARTESIAN_POINT('',(0.732402031468,7.628143089295E-03));
#2849 = CARTESIAN_POINT('',(0.741818913819,7.631459759736E-03));
#2850 = CARTESIAN_POINT('',(0.751166238809,7.634793836818E-03));
#2851 = CARTESIAN_POINT('',(0.760443737204,7.638144291781E-03));
#2852 = CARTESIAN_POINT('',(0.769651046624,7.641510064202E-03));
#2853 = CARTESIAN_POINT('',(0.778787848656,7.644890109706E-03));
#2854 = CARTESIAN_POINT('',(0.787853735348,7.648283351393E-03));
#2855 = CARTESIAN_POINT('',(0.796848720365,7.651688869838E-03));
#2856 = CARTESIAN_POINT('',(0.805773097321,7.655105857628E-03));
#2857 = CARTESIAN_POINT('',(0.814627063195,7.658533480088E-03));
#2858 = CARTESIAN_POINT('',(0.82341082196,7.661970916443E-03));
#2859 = CARTESIAN_POINT('',(0.832124496191,7.665417317581E-03));
#2860 = CARTESIAN_POINT('',(0.840768500751,7.668872000272E-03));
#2861 = CARTESIAN_POINT('',(0.84934337205,7.672334350476E-03));
#2862 = CARTESIAN_POINT('',(0.857849595561,7.675803735652E-03));
#2863 = CARTESIAN_POINT('',(0.866287670211,7.679279533911E-03));
#2864 = CARTESIAN_POINT('',(0.874657997658,7.682761099251E-03));
#2865 = CARTESIAN_POINT('',(0.882961376586,7.686247909188E-03));
#2866 = CARTESIAN_POINT('',(0.891198783756,7.689739518026E-03));
#2867 = CARTESIAN_POINT('',(0.899371051689,7.693235461477E-03));
#2868 = CARTESIAN_POINT('',(0.907478945115,7.696735282929E-03));
#2869 = CARTESIAN_POINT('',(0.915523164372,7.700238513655E-03));
#2870 = CARTESIAN_POINT('',(0.92350427285,7.703744729458E-03));
#2871 = CARTESIAN_POINT('',(0.931422763213,7.70725361202E-03));
#2872 = CARTESIAN_POINT('',(0.939279270021,7.710764826289E-03));
#2873 = CARTESIAN_POINT('',(0.947074508116,7.714278040815E-03));
#2874 = CARTESIAN_POINT('',(0.954809300103,7.717792926465E-03));
#2875 = CARTESIAN_POINT('',(0.96248445641,7.72130914124E-03));
#2876 = CARTESIAN_POINT('',(0.970101563803,7.724826445138E-03));
#2877 = CARTESIAN_POINT('',(0.977661946362,7.728344624863E-03));
#2878 = CARTESIAN_POINT('',(0.985166438284,7.731863460302E-03));
#2879 = CARTESIAN_POINT('',(0.992615527245,7.735382733163E-03));
#2880 = CARTESIAN_POINT('',(0.997544649876,7.73772906085E-03));
#2881 = CARTESIAN_POINT('',(1.,7.738902224701E-03));
#2882 = ( GEOMETRIC_REPRESENTATION_CONTEXT(2) 
PARAMETRIC_REPRESENTATION_CONTEXT() REPRESENTATION_CONTEXT('2D SPACE',''
  ) );
#2883 = ORIENTED_EDGE('',*,*,#1101,.F.);
#2884 = ADVANCED_FACE('',(#2885),#1444,.F.);
#2885 = FACE_BOUND('',#2886,.F.);
#2886 = EDGE_LOOP('',(#2887,#3073,#3093,#3094));
#2887 = ORIENTED_EDGE('',*,*,#2888,.F.);
#2888 = EDGE_CURVE('',#2889,#2889,#2891,.T.);
#2889 = VERTEX_POINT('',#2890);
#2890 = CARTESIAN_POINT('',(6.,-22.,60.));
#2891 = SURFACE_CURVE('',#2892,(#2927,#3000),.PCURVE_S1.);
#2892 = B_SPLINE_CURVE_WITH_KNOTS('',3,(#2893,#2894,#2895,#2896,#2897,
    #2898,#2899,#2900,#2901,#2902,#2903,#2904,#2905,#2906,#2907,#2908,
    #2909,#2910,#2911,#2912,#2913,#2914,#2915,#2916,#2917,#2918,#2919,
    #2920,#2921,#2922,#2923,#2924,#2925,#2926),.UNSPECIFIED.,.T.,.F.,(2,
    2,2,2,2,2,2,2,2,2,2,2,2,2,2,2,2,2,2),(-6.25E-02,0.,6.25E-02,0.125,
    0.1875,0.25,0.3125,0.375,0.4375,0.5,0.5625,0.625,0.6875,0.75,0.8125,
    0.875,0.9375,1.,1.0625),.UNSPECIFIED.);
#2893 = CARTESIAN_POINT('',(6.,-22.,59.214601836603));
#2894 = CARTESIAN_POINT('',(6.,-22.,60.785398163398));
#2895 = CARTESIAN_POINT('',(5.84383606001,-22.,61.570487306156));
#2896 = CARTESIAN_POINT('',(5.242718330126,-22.,63.021713882225));
#2897 = CARTESIAN_POINT('',(4.798001054389,-22.,63.68728031985));
#2898 = CARTESIAN_POINT('',(3.687280319849,-22.,64.798001054389));
#2899 = CARTESIAN_POINT('',(3.021713882225,-22.,65.242718330126));
#2900 = CARTESIAN_POINT('',(1.570487306156,-22.,65.84383606001));
#2901 = CARTESIAN_POINT('',(0.785398163397,-22.,66.));
#2902 = CARTESIAN_POINT('',(-0.785398163397,-22.,66.));
#2903 = CARTESIAN_POINT('',(-1.570487306156,-22.,65.84383606001));
#2904 = CARTESIAN_POINT('',(-3.021713882225,-22.,65.242718330125));
#2905 = CARTESIAN_POINT('',(-3.687280319849,-22.,64.798001054389));
#2906 = CARTESIAN_POINT('',(-4.798001054389,-22.,63.68728031985));
#2907 = CARTESIAN_POINT('',(-5.242718330126,-22.,63.021713882225));
#2908 = CARTESIAN_POINT('',(-5.84383606001,-22.,61.570487306156));
#2909 = CARTESIAN_POINT('',(-6.,-22.,60.785398163397));
#2910 = CARTESIAN_POINT('',(-6.,-22.,59.214601836603));
#2911 = CARTESIAN_POINT('',(-5.84383606001,-22.,58.429512693844));
#2912 = CARTESIAN_POINT('',(-5.242718330126,-22.,56.978286117775));
#2913 = CARTESIAN_POINT('',(-4.798001054389,-22.,56.312719680151));
#2914 = CARTESIAN_POINT('',(-3.687280319849,-22.,55.201998945611));
#2915 = CARTESIAN_POINT('',(-3.021713882225,-22.,54.757281669875));
#2916 = CARTESIAN_POINT('',(-1.570487306156,-22.,54.15616393999));
#2917 = CARTESIAN_POINT('',(-0.785398163397,-22.,54.));
#2918 = CARTESIAN_POINT('',(0.785398163397,-22.,54.));
#2919 = CARTESIAN_POINT('',(1.570487306156,-22.,54.15616393999));
#2920 = CARTESIAN_POINT('',(3.021713882225,-22.,54.757281669874));
#2921 = CARTESIAN_POINT('',(3.687280319849,-22.,55.201998945611));
#2922 = CARTESIAN_POINT('',(4.798001054389,-22.,56.312719680151));
#2923 = CARTESIAN_POINT('',(5.242718330126,-22.,56.978286117775));
#2924 = CARTESIAN_POINT('',(5.84383606001,-22.,58.429512693844));
#2925 = CARTESIAN_POINT('',(6.,-22.,59.214601836603));
#2926 = CARTESIAN_POINT('',(6.,-22.,60.785398163398));
#2927 = PCURVE('',#1444,#2928);
#2928 = DEFINITIONAL_REPRESENTATION('',(#2929),#2999);
#2929 = B_SPLINE_CURVE_WITH_KNOTS('',3,(#2930,#2931,#2932,#2933,#2934,
    #2935,#2936,#2937,#2938,#2939,#2940,#2941,#2942,#2943,#2944,#2945,
    #2946,#2947,#2948,#2949,#2950,#2951,#2952,#2953,#2954,#2955,#2956,
    #2957,#2958,#2959,#2960,#2961,#2962,#2963,#2964,#2965,#2966,#2967,
    #2968,#2969,#2970,#2971,#2972,#2973,#2974,#2975,#2976,#2977,#2978,
    #2979,#2980,#2981,#2982,#2983,#2984,#2985,#2986,#2987,#2988,#2989,
    #2990,#2991,#2992,#2993,#2994,#2995,#2996,#2997,#2998),
  .UNSPECIFIED.,.F.,.F.,(4,1,1,1,1,1,1,1,1,1,1,1,1,1,1,1,1,1,1,1,1,1,1,1
    ,1,1,1,1,1,1,1,1,1,1,1,1,1,1,1,1,1,1,1,1,1,1,1,1,1,1,1,1,1,1,1,1,1,1
    ,1,1,1,1,1,1,1,1,4),(0.,1.515151515152E-02,3.030303030303E-02,
    4.545454545455E-02,6.060606060606E-02,7.575757575758E-02,
    9.090909090909E-02,0.106060606061,0.121212121212,0.136363636364,
    0.151515151515,0.166666666667,0.181818181818,0.19696969697,
    0.212121212121,0.227272727273,0.242424242424,0.257575757576,
    0.272727272727,0.287878787879,0.30303030303,0.318181818182,
    0.333333333333,0.348484848485,0.363636363636,0.378787878788,
    0.393939393939,0.409090909091,0.424242424242,0.439393939394,
    0.454545454545,0.469696969697,0.484848484848,0.5,0.515151515152,
    0.530303030303,0.545454545455,0.560606060606,0.575757575758,
    0.590909090909,0.606060606061,0.621212121212,0.636363636364,
    0.651515151515,0.666666666667,0.681818181818,0.69696969697,
    0.712121212121,0.727272727273,0.742424242424,0.757575757576,
    0.772727272727,0.787878787879,0.80303030303,0.818181818182,
    0.833333333333,0.848484848485,0.863636363636,0.878787878788,
    0.893939393939,0.909090909091,0.924242424242,0.939393939394,
    0.954545454545,0.969696969697,0.984848484848,1.),.UNSPECIFIED.);
#2930 = CARTESIAN_POINT('',(-1.570796326795,-3.));
#2931 = CARTESIAN_POINT('',(-1.539065306672,-3.));
#2932 = CARTESIAN_POINT('',(-1.47560002,-3.));
#2933 = CARTESIAN_POINT('',(-1.380397429689,-3.));
#2934 = CARTESIAN_POINT('',(-1.285192654179,-3.));
#2935 = CARTESIAN_POINT('',(-1.189997282116,-3.));
#2936 = CARTESIAN_POINT('',(-1.094800768595,-3.));
#2937 = CARTESIAN_POINT('',(-0.999599237643,-3.));
#2938 = CARTESIAN_POINT('',(-0.904393460528,-3.));
#2939 = CARTESIAN_POINT('',(-0.809197876307,-3.));
#2940 = CARTESIAN_POINT('',(-0.714001037221,-3.));
#2941 = CARTESIAN_POINT('',(-0.618801048342,-3.));
#2942 = CARTESIAN_POINT('',(-0.52359450602,-3.));
#2943 = CARTESIAN_POINT('',(-0.428398257719,-3.));
#2944 = CARTESIAN_POINT('',(-0.333201263806,-3.));
#2945 = CARTESIAN_POINT('',(-0.238002716316,-3.));
#2946 = CARTESIAN_POINT('',(-0.142795790995,-3.));
#2947 = CARTESIAN_POINT('',(-4.759851886959E-02,-3.));
#2948 = CARTESIAN_POINT('',(4.759851886941E-02,-3.));
#2949 = CARTESIAN_POINT('',(0.142795790994,-3.));
#2950 = CARTESIAN_POINT('',(0.238002716315,-3.));
#2951 = CARTESIAN_POINT('',(0.333201263805,-3.));
#2952 = CARTESIAN_POINT('',(0.428398257718,-3.));
#2953 = CARTESIAN_POINT('',(0.52359450602,-3.));
#2954 = CARTESIAN_POINT('',(0.618801048338,-3.));
#2955 = CARTESIAN_POINT('',(0.714001037232,-3.));
#2956 = CARTESIAN_POINT('',(0.809197876263,-3.));
#2957 = CARTESIAN_POINT('',(0.904393460688,-3.));
#2958 = CARTESIAN_POINT('',(0.999599237041,-3.));
#2959 = CARTESIAN_POINT('',(1.094800770836,-3.));
#2960 = CARTESIAN_POINT('',(1.189997273748,-3.));
#2961 = CARTESIAN_POINT('',(1.285192685405,-3.));
#2962 = CARTESIAN_POINT('',(1.380397313147,-3.));
#2963 = CARTESIAN_POINT('',(1.475600454938,-3.));
#2964 = CARTESIAN_POINT('',(1.570796326795,-3.));
#2965 = CARTESIAN_POINT('',(1.665992198651,-3.));
#2966 = CARTESIAN_POINT('',(1.761195340442,-3.));
#2967 = CARTESIAN_POINT('',(1.856399968184,-3.));
#2968 = CARTESIAN_POINT('',(1.951595379841,-3.));
#2969 = CARTESIAN_POINT('',(2.046791882753,-3.));
#2970 = CARTESIAN_POINT('',(2.141993416548,-3.));
#2971 = CARTESIAN_POINT('',(2.237199192901,-3.));
#2972 = CARTESIAN_POINT('',(2.332394777326,-3.));
#2973 = CARTESIAN_POINT('',(2.427591616357,-3.));
#2974 = CARTESIAN_POINT('',(2.522791605251,-3.));
#2975 = CARTESIAN_POINT('',(2.617998147569,-3.));
#2976 = CARTESIAN_POINT('',(2.713194395871,-3.));
#2977 = CARTESIAN_POINT('',(2.808391389784,-3.));
#2978 = CARTESIAN_POINT('',(2.903589937274,-3.));
#2979 = CARTESIAN_POINT('',(2.998796862595,-3.));
#2980 = CARTESIAN_POINT('',(3.09399413472,-3.));
#2981 = CARTESIAN_POINT('',(3.189191172459,-3.));
#2982 = CARTESIAN_POINT('',(3.284388444584,-3.));
#2983 = CARTESIAN_POINT('',(3.379595369905,-3.));
#2984 = CARTESIAN_POINT('',(3.474793917395,-3.));
#2985 = CARTESIAN_POINT('',(3.569990911308,-3.));
#2986 = CARTESIAN_POINT('',(3.665187159609,-3.));
#2987 = CARTESIAN_POINT('',(3.760393701931,-3.));
#2988 = CARTESIAN_POINT('',(3.85559369081,-3.));
#2989 = CARTESIAN_POINT('',(3.950790529896,-3.));
#2990 = CARTESIAN_POINT('',(4.045986114117,-3.));
#2991 = CARTESIAN_POINT('',(4.141191891232,-3.));
#2992 = CARTESIAN_POINT('',(4.236393422184,-3.));
#2993 = CARTESIAN_POINT('',(4.331589935705,-3.));
#2994 = CARTESIAN_POINT('',(4.426785307768,-3.));
#2995 = CARTESIAN_POINT('',(4.521990083278,-3.));
#2996 = CARTESIAN_POINT('',(4.617192673589,-3.));
#2997 = CARTESIAN_POINT('',(4.680657960261,-3.));
#2998 = CARTESIAN_POINT('',(4.712388980384,-3.));
#2999 = ( GEOMETRIC_REPRESENTATION_CONTEXT(2) 
PARAMETRIC_REPRESENTATION_CONTEXT() REPRESENTATION_CONTEXT('2D SPACE',''
  ) );
#3000 = PCURVE('',#2211,#3001);
#3001 = DEFINITIONAL_REPRESENTATION('',(#3002),#3072);
#3002 = B_SPLINE_CURVE_WITH_KNOTS('',3,(#3003,#3004,#3005,#3006,#3007,
    #3008,#3009,#3010,#3011,#3012,#3013,#3014,#3015,#3016,#3017,#3018,
    #3019,#3020,#3021,#3022,#3023,#3024,#3025,#3026,#3027,#3028,#3029,
    #3030,#3031,#3032,#3033,#3034,#3035,#3036,#3037,#3038,#3039,#3040,
    #3041,#3042,#3043,#3044,#3045,#3046,#3047,#3048,#3049,#3050,#3051,
    #3052,#3053,#3054,#3055,#3056,#3057,#3058,#3059,#3060,#3061,#3062,
    #3063,#3064,#3065,#3066,#3067,#3068,#3069,#3070,#3071),
  .UNSPECIFIED.,.F.,.F.,(4,1,1,1,1,1,1,1,1,1,1,1,1,1,1,1,1,1,1,1,1,1,1,1
    ,1,1,1,1,1,1,1,1,1,1,1,1,1,1,1,1,1,1,1,1,1,1,1,1,1,1,1,1,1,1,1,1,1,1
    ,1,1,1,1,1,1,1,1,4),(0.,1.515151515152E-02,3.030303030303E-02,
    4.545454545455E-02,6.060606060606E-02,7.575757575758E-02,
    9.090909090909E-02,0.106060606061,0.121212121212,0.136363636364,
    0.151515151515,0.166666666667,0.181818181818,0.19696969697,
    0.212121212121,0.227272727273,0.242424242424,0.257575757576,
    0.272727272727,0.287878787879,0.30303030303,0.318181818182,
    0.333333333333,0.348484848485,0.363636363636,0.378787878788,
    0.393939393939,0.409090909091,0.424242424242,0.439393939394,
    0.454545454545,0.469696969697,0.484848484848,0.5,0.515151515152,
    0.530303030303,0.545454545455,0.560606060606,0.575757575758,
    0.590909090909,0.606060606061,0.621212121212,0.636363636364,
    0.651515151515,0.666666666667,0.681818181818,0.69696969697,
    0.712121212121,0.727272727273,0.742424242424,0.757575757576,
    0.772727272727,0.787878787879,0.80303030303,0.818181818182,
    0.833333333333,0.848484848485,0.863636363636,0.878787878788,
    0.893939393939,0.909090909091,0.924242424242,0.939393939394,
    0.954545454545,0.969696969697,0.984848484848,1.),
  .QUASI_UNIFORM_KNOTS.);
#3003 = CARTESIAN_POINT('',(0.,1.570796326795));
#3004 = CARTESIAN_POINT('',(2.073959565902E-17,1.602534849571));
#3005 = CARTESIAN_POINT('',(7.205061568939E-18,1.666033257559));
#3006 = CARTESIAN_POINT('',(-1.597770685214E-16,1.761290719164));
#3007 = CARTESIAN_POINT('',(-3.960278036953E-16,1.856478319166));
#3008 = CARTESIAN_POINT('',(-8.308134881902E-16,1.951605503721));
#3009 = CARTESIAN_POINT('',(-8.329305071376E-16,2.046727104374));
#3010 = CARTESIAN_POINT('',(-6.510107660529E-16,2.141895940692));
#3011 = CARTESIAN_POINT('',(3.093079209011E-16,2.237139004498));
#3012 = CARTESIAN_POINT('',(4.62432472002E-17,2.332399740466));
#3013 = CARTESIAN_POINT('',(3.277990677529E-16,2.42760841851));
#3014 = CARTESIAN_POINT('',(3.928983849533E-17,2.522881400329));
#3015 = CARTESIAN_POINT('',(9.065622656939E-16,2.618086369353));
#3016 = CARTESIAN_POINT('',(3.942616237759E-16,2.713224440186));
#3017 = CARTESIAN_POINT('',(7.441067164434E-16,2.808342873833));
#3018 = CARTESIAN_POINT('',(4.118460487023E-16,2.903495155126));
#3019 = CARTESIAN_POINT('',(3.564913662242E-16,2.998719225578));
#3020 = CARTESIAN_POINT('',(2.164078507484E-16,3.093992477275));
#3021 = CARTESIAN_POINT('',(1.4352475636E-16,3.189192829904));
#3022 = CARTESIAN_POINT('',(-1.059657157595E-16,3.284466081601));
#3023 = CARTESIAN_POINT('',(7.667051570985E-16,3.379690152053));
#3024 = CARTESIAN_POINT('',(6.531304282547E-17,3.474842433347));
#3025 = CARTESIAN_POINT('',(6.96472858579E-16,3.569960866992));
#3026 = CARTESIAN_POINT('',(3.489491830552E-16,3.665098937832));
#3027 = CARTESIAN_POINT('',(6.860888669415E-16,3.76030390683));
#3028 = CARTESIAN_POINT('',(1.588839909816E-16,3.855576888745));
#3029 = CARTESIAN_POINT('',(-4.206268617198E-16,3.950785566429));
#3030 = CARTESIAN_POINT('',(9.690223220959E-17,4.046046303741));
#3031 = CARTESIAN_POINT('',(-5.805035694202E-16,4.141289362534));
#3032 = CARTESIAN_POINT('',(-6.531566957401E-16,4.236458217559));
#3033 = CARTESIAN_POINT('',(-1.416284743999E-16,4.3315797484));
#3034 = CARTESIAN_POINT('',(-5.862565804697E-16,4.426707193498));
#3035 = CARTESIAN_POINT('',(2.965972546166E-16,4.521893821139));
#3036 = CARTESIAN_POINT('',(-4.656782435434E-16,4.617154911645));
#3037 = CARTESIAN_POINT('',(4.016981844417E-16,4.712388980385));
#3038 = CARTESIAN_POINT('',(-5.169008017962E-17,4.807623049124));
#3039 = CARTESIAN_POINT('',(-1.949378637232E-16,4.902884139631));
#3040 = CARTESIAN_POINT('',(9.318564895207E-17,4.998070767272));
#3041 = CARTESIAN_POINT('',(3.354529308541E-16,5.093198212369));
#3042 = CARTESIAN_POINT('',(7.795211654717E-16,5.18831974321));
#3043 = CARTESIAN_POINT('',(1.378409995125E-16,5.283488598235));
#3044 = CARTESIAN_POINT('',(1.508859915753E-16,5.378731657028));
#3045 = CARTESIAN_POINT('',(-2.604695151144E-18,5.47399239434));
#3046 = CARTESIAN_POINT('',(-9.632450867549E-17,5.569201072024));
#3047 = CARTESIAN_POINT('',(-8.57356908465E-17,5.664474053939));
#3048 = CARTESIAN_POINT('',(-5.079092507119E-16,5.759679022938));
#3049 = CARTESIAN_POINT('',(-9.242506868925E-17,5.854817093778));
#3050 = CARTESIAN_POINT('',(-5.355804544794E-16,5.949935527423));
#3051 = CARTESIAN_POINT('',(2.717066801947E-16,6.045087808717));
#3052 = CARTESIAN_POINT('',(-1.565690324555E-16,6.140311879169));
#3053 = CARTESIAN_POINT('',(-5.782096903982E-16,6.235585130865));
#3054 = CARTESIAN_POINT('',(2.066462768992E-16,6.330785483494));
#3055 = CARTESIAN_POINT('',(-2.833675454617E-16,6.426058735191));
#3056 = CARTESIAN_POINT('',(-9.620610182385E-17,6.521282805643));
#3057 = CARTESIAN_POINT('',(6.098256211704E-16,6.616435086936));
#3058 = CARTESIAN_POINT('',(-6.349741786306E-17,6.711553520583));
#3059 = CARTESIAN_POINT('',(7.40197860891E-16,6.806691591416));
#3060 = CARTESIAN_POINT('',(-3.277191860056E-16,6.901896560441));
#3061 = CARTESIAN_POINT('',(4.721553948114E-16,6.997169542259));
#3062 = CARTESIAN_POINT('',(-3.914703887025E-16,7.092378220303));
#3063 = CARTESIAN_POINT('',(-3.959572233468E-17,7.187638956272));
#3064 = CARTESIAN_POINT('',(-3.201047391139E-16,7.282882020077));
#3065 = CARTESIAN_POINT('',(-8.967872566298E-16,7.378050856395));
#3066 = CARTESIAN_POINT('',(-6.353808904371E-16,7.473172457048));
#3067 = CARTESIAN_POINT('',(-3.098180954929E-16,7.568299641603));
#3068 = CARTESIAN_POINT('',(-3.079741438653E-16,7.663487241605));
#3069 = CARTESIAN_POINT('',(-3.080940204048E-16,7.75874470321));
#3070 = CARTESIAN_POINT('',(-1.564251171037E-16,7.822243111199));
#3071 = CARTESIAN_POINT('',(0.,7.853981633974));
#3072 = ( GEOMETRIC_REPRESENTATION_CONTEXT(2) 
PARAMETRIC_REPRESENTATION_CONTEXT() REPRESENTATION_CONTEXT('2D SPACE',''
  ) );
#3073 = ORIENTED_EDGE('',*,*,#3074,.F.);
#3074 = EDGE_CURVE('',#1428,#2889,#3075,.T.);
#3075 = SEAM_CURVE('',#3076,(#3079,#3086),.PCURVE_S1.);
#3076 = B_SPLINE_CURVE_WITH_KNOTS('',1,(#3077,#3078),.UNSPECIFIED.,.F.,
  .F.,(2,2),(-25.,-3.),.PIECEWISE_BEZIER_KNOTS.);
#3077 = CARTESIAN_POINT('',(6.,0.,60.));
#3078 = CARTESIAN_POINT('',(6.,-22.,60.));
#3079 = PCURVE('',#1444,#3080);
#3080 = DEFINITIONAL_REPRESENTATION('',(#3081),#3085);
#3081 = LINE('',#3082,#3083);
#3082 = CARTESIAN_POINT('',(-1.570796326795,0.));
#3083 = VECTOR('',#3084,1.);
#3084 = DIRECTION('',(0.,1.));
#3085 = ( GEOMETRIC_REPRESENTATION_CONTEXT(2) 
PARAMETRIC_REPRESENTATION_CONTEXT() REPRESENTATION_CONTEXT('2D SPACE',''
  ) );
#3086 = PCURVE('',#1444,#3087);
#3087 = DEFINITIONAL_REPRESENTATION('',(#3088),#3092);
#3088 = LINE('',#3089,#3090);
#3089 = CARTESIAN_POINT('',(4.712388980384,0.));
#3090 = VECTOR('',#3091,1.);
#3091 = DIRECTION('',(0.,1.));
#3092 = ( GEOMETRIC_REPRESENTATION_CONTEXT(2) 
PARAMETRIC_REPRESENTATION_CONTEXT() REPRESENTATION_CONTEXT('2D SPACE',''
  ) );
#3093 = ORIENTED_EDGE('',*,*,#1427,.T.);
#3094 = ORIENTED_EDGE('',*,*,#3074,.T.);
#3095 = ADVANCED_FACE('',(#3096),#1591,.T.);
#3096 = FACE_BOUND('',#3097,.T.);
#3097 = EDGE_LOOP('',(#3098,#3099,#3100,#3414));
#3098 = ORIENTED_EDGE('',*,*,#1650,.T.);
#3099 = ORIENTED_EDGE('',*,*,#1579,.F.);
#3100 = ORIENTED_EDGE('',*,*,#3101,.T.);
#3101 = EDGE_CURVE('',#1557,#2410,#3102,.T.);
#3102 = SURFACE_CURVE('',#3103,(#3136,#3275),.PCURVE_S1.);
#3103 = B_SPLINE_CURVE_WITH_KNOTS('',3,(#3104,#3105,#3106,#3107,#3108,
    #3109,#3110,#3111,#3112,#3113,#3114,#3115,#3116,#3117,#3118,#3119,
    #3120,#3121,#3122,#3123,#3124,#3125,#3126,#3127,#3128,#3129,#3130,
    #3131,#3132,#3133,#3134,#3135),.UNSPECIFIED.,.F.,.F.,(4,1,1,1,1,1,1,
    1,1,1,1,1,1,1,1,1,1,1,1,1,1,1,1,1,1,1,1,1,1,4),(0.,
    3.440561567729E-02,6.769239870976E-02,9.995712065352E-02,
    0.131306019558,0.161854889682,0.191728829698,0.221061574905,
    0.249994366223,0.278674354169,0.307252594609,0.335881754002,
    0.364713689967,0.393897094811,0.42357537859,0.453884927593,
    0.484953815832,0.516900986207,0.549835867358,0.583858358755,
    0.619059101194,0.655519949217,0.693314570947,0.732509114545,
    0.773162895266,0.815329070679,0.859055282884,0.904384255316,
    0.951354338054,1.),.UNSPECIFIED.);
#3104 = CARTESIAN_POINT('',(20.,-22.,2.602085213965E-15));
#3105 = CARTESIAN_POINT('',(19.999338541146,-22.06780551619,0.));
#3106 = CARTESIAN_POINT('',(19.998037133351,-22.20121158804,
    1.962866650264E-03));
#3107 = CARTESIAN_POINT('',(19.987068053234,-22.39770565244,
    1.293194677093E-02));
#3108 = CARTESIAN_POINT('',(19.969413932178,-22.58709919586,
    3.058606783201E-02));
#3109 = CARTESIAN_POINT('',(19.944480803761,-22.76939123574,
    5.551919625709E-02));
#3110 = CARTESIAN_POINT('',(19.912412917678,-22.94457670754,
    8.758708234917E-02));
#3111 = CARTESIAN_POINT('',(19.873165811967,-23.11264819358,
    0.12683418807));
#3112 = CARTESIAN_POINT('',(19.826744855137,-23.27359543692,
    0.173255144912));
#3113 = CARTESIAN_POINT('',(19.77314476597,-23.42740595557,
    0.226855234092));
#3114 = CARTESIAN_POINT('',(19.712366084618,-23.57406596989,
    0.287633915456));
#3115 = CARTESIAN_POINT('',(19.644411364386,-23.71356175207,
    0.355588635701));
#3116 = CARTESIAN_POINT('',(19.569286141092,-23.84588110138,
    0.430713859008));
#3117 = CARTESIAN_POINT('',(19.486998094206,-23.97101464313,
    0.513001905906));
#3118 = CARTESIAN_POINT('',(19.397556241576,-24.08895666515,
    0.602443758548));
#3119 = CARTESIAN_POINT('',(19.300969912174,-24.19970534616,
    0.699030087961));
#3120 = CARTESIAN_POINT('',(19.197247833716,-24.3032624051,
    0.802752166428));
#3121 = CARTESIAN_POINT('',(19.086397458522,-24.39963234078,
    0.91360254163));
#3122 = CARTESIAN_POINT('',(18.968424599498,-24.48882148884,
    1.031575400662));
#3123 = CARTESIAN_POINT('',(18.843333351282,-24.5708371026,
    1.156666648882));
#3124 = CARTESIAN_POINT('',(18.711126222924,-24.64568658653,
    1.288873777241));
#3125 = CARTESIAN_POINT('',(18.571804393038,-24.71337696479,
    1.428195607128));
#3126 = CARTESIAN_POINT('',(18.425368010301,-24.7739144844,
    1.574631989861));
#3127 = CARTESIAN_POINT('',(18.27181648509,-24.82730470141,
    1.728183515065));
#3128 = CARTESIAN_POINT('',(18.111148742722,-24.87355148436,
    1.888851257424));
#3129 = CARTESIAN_POINT('',(17.943363423172,-24.91266086791,
    2.056636576961));
#3130 = CARTESIAN_POINT('',(17.768459040125,-24.94462614869,
    2.23154095999));
#3131 = CARTESIAN_POINT('',(17.586434055074,-24.96948712279,
    2.413565945019));
#3132 = CARTESIAN_POINT('',(17.397287074415,-24.98709718805,
    2.602712925653));
#3133 = CARTESIAN_POINT('',(17.201016393031,-24.99804124163,
    2.798983607006));
#3134 = CARTESIAN_POINT('',(17.067783724902,-24.99933949696,
    2.932216275111));
#3135 = CARTESIAN_POINT('',(17.000000000001,-25.,3.));
#3136 = PCURVE('',#1591,#3137);
#3137 = DEFINITIONAL_REPRESENTATION('',(#3138),#3274);
#3138 = B_SPLINE_CURVE_WITH_KNOTS('',3,(#3139,#3140,#3141,#3142,#3143,
    #3144,#3145,#3146,#3147,#3148,#3149,#3150,#3151,#3152,#3153,#3154,
    #3155,#3156,#3157,#3158,#3159,#3160,#3161,#3162,#3163,#3164,#3165,
    #3166,#3167,#3168,#3169,#3170,#3171,#3172,#3173,#3174,#3175,#3176,
    #3177,#3178,#3179,#3180,#3181,#3182,#3183,#3184,#3185,#3186,#3187,
    #3188,#3189,#3190,#3191,#3192,#3193,#3194,#3195,#3196,#3197,#3198,
    #3199,#3200,#3201,#3202,#3203,#3204,#3205,#3206,#3207,#3208,#3209,
    #3210,#3211,#3212,#3213,#3214,#3215,#3216,#3217,#3218,#3219,#3220,
    #3221,#3222,#3223,#3224,#3225,#3226,#3227,#3228,#3229,#3230,#3231,
    #3232,#3233,#3234,#3235,#3236,#3237,#3238,#3239,#3240,#3241,#3242,
    #3243,#3244,#3245,#3246,#3247,#3248,#3249,#3250,#3251,#3252,#3253,
    #3254,#3255,#3256,#3257,#3258,#3259,#3260,#3261,#3262,#3263,#3264,
    #3265,#3266,#3267,#3268,#3269,#3270,#3271,#3272,#3273),
  .UNSPECIFIED.,.F.,.F.,(4,1,1,1,1,1,1,1,1,1,1,1,1,1,1,1,1,1,1,1,1,1,1,1
    ,1,1,1,1,1,1,1,1,1,1,1,1,1,1,1,1,1,1,1,1,1,1,1,1,1,1,1,1,1,1,1,1,1,1
    ,1,1,1,1,1,1,1,1,1,1,1,1,1,1,1,1,1,1,1,1,1,1,1,1,1,1,1,1,1,1,1,1,1,1
    ,1,1,1,1,1,1,1,1,1,1,1,1,1,1,1,1,1,1,1,1,1,1,1,1,1,1,1,1,1,1,1,1,1,1
    ,1,1,1,1,1,1,4),(0.,7.575757575758E-03,1.515151515152E-02,
    2.272727272727E-02,3.030303030303E-02,3.787878787879E-02,
    4.545454545455E-02,5.30303030303E-02,6.060606060606E-02,
    6.818181818182E-02,7.575757575758E-02,8.333333333333E-02,
    9.090909090909E-02,9.848484848485E-02,0.106060606061,0.113636363636,
    0.121212121212,0.128787878788,0.136363636364,0.143939393939,
    0.151515151515,0.159090909091,0.166666666667,0.174242424242,
    0.181818181818,0.189393939394,0.19696969697,0.204545454545,
    0.212121212121,0.219696969697,0.227272727273,0.234848484848,
    0.242424242424,0.25,0.257575757576,0.265151515152,0.272727272727,
    0.280303030303,0.287878787879,0.295454545455,0.30303030303,
    0.310606060606,0.318181818182,0.325757575758,0.333333333333,
    0.340909090909,0.348484848485,0.356060606061,0.363636363636,
    0.371212121212,0.378787878788,0.386363636364,0.393939393939,
    0.401515151515,0.409090909091,0.416666666667,0.424242424242,
    0.431818181818,0.439393939394,0.44696969697,0.454545454545,
    0.462121212121,0.469696969697,0.477272727273,0.484848484848,
    0.492424242424,0.5,0.507575757576,0.515151515152,0.522727272727,
    0.530303030303,0.537878787879,0.545454545455,0.55303030303,
    0.560606060606,0.568181818182,0.575757575758,0.583333333333,
    0.590909090909,0.598484848485,0.606060606061,0.613636363636,
    0.621212121212,0.628787878788,0.636363636364,0.643939393939,
    0.651515151515,0.659090909091,0.666666666667,0.674242424242,
    0.681818181818,0.689393939394,0.69696969697,0.704545454545,
    0.712121212121,0.719696969697,0.727272727273,0.734848484848,
    0.742424242424,0.75,0.757575757576,0.765151515152,0.772727272727,
    0.780303030303,0.787878787879,0.795454545455,0.80303030303,
    0.810606060606,0.818181818182,0.825757575758,0.833333333333,
    0.840909090909,0.848484848485,0.856060606061,0.863636363636,
    0.871212121212,0.878787878788,0.886363636364,0.893939393939,
    0.901515151515,0.909090909091,0.916666666667,0.924242424242,
    0.931818181818,0.939393939394,0.94696969697,0.954545454545,
    0.962121212121,0.969696969697,0.977272727273,0.984848484848,
    0.992424242424,1.),.UNSPECIFIED.);
#3139 = CARTESIAN_POINT('',(0.,-2.E-02));
#3140 = CARTESIAN_POINT('',(2.488353834662E-03,-1.999985435366E-02));
#3141 = CARTESIAN_POINT('',(7.483602124891E-03,-1.999956303021E-02));
#3142 = CARTESIAN_POINT('',(1.503242179687E-02,-1.99990248458E-02));
#3143 = CARTESIAN_POINT('',(2.263747360245E-02,-1.999828324727E-02));
#3144 = CARTESIAN_POINT('',(3.029918410791E-02,-1.999723989772E-02));
#3145 = CARTESIAN_POINT('',(3.801816803331E-02,-1.999578205631E-02));
#3146 = CARTESIAN_POINT('',(4.579486130525E-02,-1.999386224038E-02));
#3147 = CARTESIAN_POINT('',(5.362928154738E-02,-1.999151115368E-02));
#3148 = CARTESIAN_POINT('',(6.152144267352E-02,-1.998874350857E-02));
#3149 = CARTESIAN_POINT('',(6.947126024689E-02,-1.998557878399E-02));
#3150 = CARTESIAN_POINT('',(7.747854981919E-02,-1.998203337478E-02));
#3151 = CARTESIAN_POINT('',(8.554304179872E-02,-1.997809050552E-02));
#3152 = CARTESIAN_POINT('',(9.366453316581E-02,-1.997373480653E-02));
#3153 = CARTESIAN_POINT('',(0.101842851148,-1.996895079649E-02));
#3154 = CARTESIAN_POINT('',(0.110077954441,-1.996372203492E-02));
#3155 = CARTESIAN_POINT('',(0.118369257344,-1.995804119683E-02));
#3156 = CARTESIAN_POINT('',(0.126716020219,-1.99519029569E-02));
#3157 = CARTESIAN_POINT('',(0.135117493768,-1.994530141944E-02));
#3158 = CARTESIAN_POINT('',(0.14357293718,-1.993823104311E-02));
#3159 = CARTESIAN_POINT('',(0.152081290254,-1.993068495707E-02));
#3160 = CARTESIAN_POINT('',(0.160641332967,-1.992265566499E-02));
#3161 = CARTESIAN_POINT('',(0.169251834574,-1.99141359052E-02));
#3162 = CARTESIAN_POINT('',(0.177911593187,-1.990511804332E-02));
#3163 = CARTESIAN_POINT('',(0.186619032546,-1.989559632477E-02));
#3164 = CARTESIAN_POINT('',(0.195372333263,-1.988556599503E-02));
#3165 = CARTESIAN_POINT('',(0.204169654845,-1.987502213494E-02));
#3166 = CARTESIAN_POINT('',(0.213009140043,-1.9863959602E-02));
#3167 = CARTESIAN_POINT('',(0.221888597602,-1.985237502653E-02));
#3168 = CARTESIAN_POINT('',(0.230805644684,-1.984026576657E-02));
#3169 = CARTESIAN_POINT('',(0.239757851076,-1.982762907764E-02));
#3170 = CARTESIAN_POINT('',(0.24874274037,-1.981446196084E-02));
#3171 = CARTESIAN_POINT('',(0.257757554097,-1.980076416157E-02));
#3172 = CARTESIAN_POINT('',(0.266799399739,-1.978653596838E-02));
#3173 = CARTESIAN_POINT('',(0.275865313457,-1.977177752757E-02));
#3174 = CARTESIAN_POINT('',(0.284952258998,-1.975648902854E-02));
#3175 = CARTESIAN_POINT('',(0.2940570682,-1.974067378563E-02));
#3176 = CARTESIAN_POINT('',(0.303176477268,-1.972433516238E-02));
#3177 = CARTESIAN_POINT('',(0.312307130627,-1.970747634168E-02));
#3178 = CARTESIAN_POINT('',(0.321445640601,-1.969010121057E-02));
#3179 = CARTESIAN_POINT('',(0.330588666063,-1.967221645425E-02));
#3180 = CARTESIAN_POINT('',(0.339732768324,-1.965382848816E-02));
#3181 = CARTESIAN_POINT('',(0.348874400528,-1.963494350761E-02));
#3182 = CARTESIAN_POINT('',(0.358010141177,-1.961556908979E-02));
#3183 = CARTESIAN_POINT('',(0.367136716035,-1.959571459843E-02));
#3184 = CARTESIAN_POINT('',(0.376250749456,-1.957538910881E-02));
#3185 = CARTESIAN_POINT('',(0.385348758579,-1.955460152589E-02));
#3186 = CARTESIAN_POINT('',(0.394427617666,-1.953336229977E-02));
#3187 = CARTESIAN_POINT('',(0.403484325715,-1.951168263334E-02));
#3188 = CARTESIAN_POINT('',(0.41251579992,-1.94895735722E-02));
#3189 = CARTESIAN_POINT('',(0.421518889259,-1.946704611319E-02));
#3190 = CARTESIAN_POINT('',(0.43049098961,-1.944411230955E-02));
#3191 = CARTESIAN_POINT('',(0.43942953827,-1.942078437319E-02));
#3192 = CARTESIAN_POINT('',(0.448331923265,-1.939707447412E-02));
#3193 = CARTESIAN_POINT('',(0.457195533457,-1.93729947945E-02));
#3194 = CARTESIAN_POINT('',(0.46601837629,-1.934855777874E-02));
#3195 = CARTESIAN_POINT('',(0.474798437097,-1.932377586821E-02));
#3196 = CARTESIAN_POINT('',(0.483533679456,-1.929866151431E-02));
#3197 = CARTESIAN_POINT('',(0.492222120103,-1.927322713096E-02));
#3198 = CARTESIAN_POINT('',(0.5008623726,-1.92474846817E-02));
#3199 = CARTESIAN_POINT('',(0.509453007481,-1.922144615221E-02));
#3200 = CARTESIAN_POINT('',(0.517992593468,-1.919512354163E-02));
#3201 = CARTESIAN_POINT('',(0.526479748294,-1.916852877253E-02));
#3202 = CARTESIAN_POINT('',(0.534913632387,-1.914167279819E-02));
#3203 = CARTESIAN_POINT('',(0.543293370402,-1.911456663203E-02));
#3204 = CARTESIAN_POINT('',(0.551618099565,-1.908722126764E-02));
#3205 = CARTESIAN_POINT('',(0.55988695536,-1.905964771783E-02));
#3206 = CARTESIAN_POINT('',(0.568099544268,-1.903185569735E-02));
#3207 = CARTESIAN_POINT('',(0.576255473772,-1.900385491857E-02));
#3208 = CARTESIAN_POINT('',(0.584354362428,-1.897565505252E-02));
#3209 = CARTESIAN_POINT('',(0.592395784461,-1.894726593793E-02));
#3210 = CARTESIAN_POINT('',(0.600379656889,-1.891869614024E-02));
#3211 = CARTESIAN_POINT('',(0.60830598532,-1.888995388912E-02));
#3212 = CARTESIAN_POINT('',(0.616174757063,-1.886104746036E-02));
#3213 = CARTESIAN_POINT('',(0.623985926524,-1.883198526366E-02));
#3214 = CARTESIAN_POINT('',(0.631739590823,-1.880277502233E-02));
#3215 = CARTESIAN_POINT('',(0.639436054054,-1.877342348137E-02));
#3216 = CARTESIAN_POINT('',(0.647075570621,-1.874393757985E-02));
#3217 = CARTESIAN_POINT('',(0.654658399349,-1.871432418902E-02));
#3218 = CARTESIAN_POINT('',(0.662184772274,-1.868459025737E-02));
#3219 = CARTESIAN_POINT('',(0.669655145864,-1.865474145745E-02));
#3220 = CARTESIAN_POINT('',(0.677069979637,-1.862478338948E-02));
#3221 = CARTESIAN_POINT('',(0.684429719759,-1.859472165124E-02));
#3222 = CARTESIAN_POINT('',(0.691734783826,-1.856456192225E-02));
#3223 = CARTESIAN_POINT('',(0.698985629456,-1.853430953156E-02));
#3224 = CARTESIAN_POINT('',(0.706182857069,-1.850396884926E-02));
#3225 = CARTESIAN_POINT('',(0.713327027107,-1.847354439962E-02));
#3226 = CARTESIAN_POINT('',(0.720418693843,-1.844304063656E-02));
#3227 = CARTESIAN_POINT('',(0.72745837336,-1.841246214115E-02));
#3228 = CARTESIAN_POINT('',(0.73444664214,-1.838181295671E-02));
#3229 = CARTESIAN_POINT('',(0.741384151227,-1.835109651933E-02));
#3230 = CARTESIAN_POINT('',(0.748271514584,-1.832031639665E-02));
#3231 = CARTESIAN_POINT('',(0.755109335756,-1.828947609682E-02));
#3232 = CARTESIAN_POINT('',(0.761898182393,-1.825857923443E-02));
#3233 = CARTESIAN_POINT('',(0.768638666203,-1.822762896994E-02));
#3234 = CARTESIAN_POINT('',(0.775331451279,-1.819662797584E-02));
#3235 = CARTESIAN_POINT('',(0.781977168095,-1.816557902988E-02));
#3236 = CARTESIAN_POINT('',(0.788576433119,-1.813448486828E-02));
#3237 = CARTESIAN_POINT('',(0.795129834086,-1.810334828805E-02));
#3238 = CARTESIAN_POINT('',(0.801637966222,-1.807217186612E-02));
#3239 = CARTESIAN_POINT('',(0.808101475385,-1.804095765932E-02));
#3240 = CARTESIAN_POINT('',(0.814520979087,-1.800970780765E-02));
#3241 = CARTESIAN_POINT('',(0.820897079033,-1.797842443023E-02));
#3242 = CARTESIAN_POINT('',(0.827230357981,-1.794710964658E-02));
#3243 = CARTESIAN_POINT('',(0.833521375882,-1.791576559545E-02));
#3244 = CARTESIAN_POINT('',(0.839770752319,-1.788439391934E-02));
#3245 = CARTESIAN_POINT('',(0.845979092385,-1.78529962345E-02));
#3246 = CARTESIAN_POINT('',(0.852146980764,-1.782157416691E-02));
#3247 = CARTESIAN_POINT('',(0.858274983744,-1.779012932991E-02));
#3248 = CARTESIAN_POINT('',(0.864363645319,-1.775866337754E-02));
#3249 = CARTESIAN_POINT('',(0.87041350103,-1.772717779285E-02));
#3250 = CARTESIAN_POINT('',(0.876425093459,-1.769567376456E-02));
#3251 = CARTESIAN_POINT('',(0.882398951147,-1.76641525341E-02));
#3252 = CARTESIAN_POINT('',(0.888335590685,-1.763261533154E-02));
#3253 = CARTESIAN_POINT('',(0.89423552037,-1.760106337961E-02));
#3254 = CARTESIAN_POINT('',(0.900099220805,-1.756949794183E-02));
#3255 = CARTESIAN_POINT('',(0.905927241654,-1.753792005824E-02));
#3256 = CARTESIAN_POINT('',(0.911720156576,-1.750633062773E-02));
#3257 = CARTESIAN_POINT('',(0.91747849775,-1.74747305814E-02));
#3258 = CARTESIAN_POINT('',(0.923202773855,-1.744312084379E-02));
#3259 = CARTESIAN_POINT('',(0.928893461605,-1.741150233344E-02));
#3260 = CARTESIAN_POINT('',(0.934551026836,-1.737987599943E-02));
#3261 = CARTESIAN_POINT('',(0.940175826293,-1.734824262006E-02));
#3262 = CARTESIAN_POINT('',(0.945768195287,-1.731660287363E-02));
#3263 = CARTESIAN_POINT('',(0.951328513347,-1.728495746149E-02));
#3264 = CARTESIAN_POINT('',(0.956857182195,-1.725330708036E-02));
#3265 = CARTESIAN_POINT('',(0.962354638361,-1.722165242249E-02));
#3266 = CARTESIAN_POINT('',(0.967821308946,-1.718999420259E-02));
#3267 = CARTESIAN_POINT('',(0.973257781759,-1.715833303493E-02));
#3268 = CARTESIAN_POINT('',(0.978664718722,-1.712666939198E-02));
#3269 = CARTESIAN_POINT('',(0.984042594939,-1.709500377368E-02));
#3270 = CARTESIAN_POINT('',(0.989391759505,-1.706333667264E-02));
#3271 = CARTESIAN_POINT('',(0.994712442997,-1.70316685834E-02));
#3272 = CARTESIAN_POINT('',(0.998240624843,-1.701055619447E-02));
#3273 = CARTESIAN_POINT('',(1.,-1.7E-02));
#3274 = ( GEOMETRIC_REPRESENTATION_CONTEXT(2) 
PARAMETRIC_REPRESENTATION_CONTEXT() REPRESENTATION_CONTEXT('2D SPACE',''
  ) );
#3275 = PCURVE('',#2443,#3276);
#3276 = DEFINITIONAL_REPRESENTATION('',(#3277),#3413);
#3277 = B_SPLINE_CURVE_WITH_KNOTS('',3,(#3278,#3279,#3280,#3281,#3282,
    #3283,#3284,#3285,#3286,#3287,#3288,#3289,#3290,#3291,#3292,#3293,
    #3294,#3295,#3296,#3297,#3298,#3299,#3300,#3301,#3302,#3303,#3304,
    #3305,#3306,#3307,#3308,#3309,#3310,#3311,#3312,#3313,#3314,#3315,
    #3316,#3317,#3318,#3319,#3320,#3321,#3322,#3323,#3324,#3325,#3326,
    #3327,#3328,#3329,#3330,#3331,#3332,#3333,#3334,#3335,#3336,#3337,
    #3338,#3339,#3340,#3341,#3342,#3343,#3344,#3345,#3346,#3347,#3348,
    #3349,#3350,#3351,#3352,#3353,#3354,#3355,#3356,#3357,#3358,#3359,
    #3360,#3361,#3362,#3363,#3364,#3365,#3366,#3367,#3368,#3369,#3370,
    #3371,#3372,#3373,#3374,#3375,#3376,#3377,#3378,#3379,#3380,#3381,
    #3382,#3383,#3384,#3385,#3386,#3387,#3388,#3389,#3390,#3391,#3392,
    #3393,#3394,#3395,#3396,#3397,#3398,#3399,#3400,#3401,#3402,#3403,
    #3404,#3405,#3406,#3407,#3408,#3409,#3410,#3411,#3412),
  .UNSPECIFIED.,.F.,.F.,(4,1,1,1,1,1,1,1,1,1,1,1,1,1,1,1,1,1,1,1,1,1,1,1
    ,1,1,1,1,1,1,1,1,1,1,1,1,1,1,1,1,1,1,1,1,1,1,1,1,1,1,1,1,1,1,1,1,1,1
    ,1,1,1,1,1,1,1,1,1,1,1,1,1,1,1,1,1,1,1,1,1,1,1,1,1,1,1,1,1,1,1,1,1,1
    ,1,1,1,1,1,1,1,1,1,1,1,1,1,1,1,1,1,1,1,1,1,1,1,1,1,1,1,1,1,1,1,1,1,1
    ,1,1,1,1,1,1,4),(0.,7.575757575758E-03,1.515151515152E-02,
    2.272727272727E-02,3.030303030303E-02,3.787878787879E-02,
    4.545454545455E-02,5.30303030303E-02,6.060606060606E-02,
    6.818181818182E-02,7.575757575758E-02,8.333333333333E-02,
    9.090909090909E-02,9.848484848485E-02,0.106060606061,0.113636363636,
    0.121212121212,0.128787878788,0.136363636364,0.143939393939,
    0.151515151515,0.159090909091,0.166666666667,0.174242424242,
    0.181818181818,0.189393939394,0.19696969697,0.204545454545,
    0.212121212121,0.219696969697,0.227272727273,0.234848484848,
    0.242424242424,0.25,0.257575757576,0.265151515152,0.272727272727,
    0.280303030303,0.287878787879,0.295454545455,0.30303030303,
    0.310606060606,0.318181818182,0.325757575758,0.333333333333,
    0.340909090909,0.348484848485,0.356060606061,0.363636363636,
    0.371212121212,0.378787878788,0.386363636364,0.393939393939,
    0.401515151515,0.409090909091,0.416666666667,0.424242424242,
    0.431818181818,0.439393939394,0.44696969697,0.454545454545,
    0.462121212121,0.469696969697,0.477272727273,0.484848484848,
    0.492424242424,0.5,0.507575757576,0.515151515152,0.522727272727,
    0.530303030303,0.537878787879,0.545454545455,0.55303030303,
    0.560606060606,0.568181818182,0.575757575758,0.583333333333,
    0.590909090909,0.598484848485,0.606060606061,0.613636363636,
    0.621212121212,0.628787878788,0.636363636364,0.643939393939,
    0.651515151515,0.659090909091,0.666666666667,0.674242424242,
    0.681818181818,0.689393939394,0.69696969697,0.704545454545,
    0.712121212121,0.719696969697,0.727272727273,0.734848484848,
    0.742424242424,0.75,0.757575757576,0.765151515152,0.772727272727,
    0.780303030303,0.787878787879,0.795454545455,0.80303030303,
    0.810606060606,0.818181818182,0.825757575758,0.833333333333,
    0.840909090909,0.848484848485,0.856060606061,0.863636363636,
    0.871212121212,0.878787878788,0.886363636364,0.893939393939,
    0.901515151515,0.909090909091,0.916666666667,0.924242424242,
    0.931818181818,0.939393939394,0.94696969697,0.954545454545,
    0.962121212121,0.969696969697,0.977272727273,0.984848484848,
    0.992424242424,1.),.UNSPECIFIED.);
#3278 = CARTESIAN_POINT('',(0.,3.75E-02));
#3279 = CARTESIAN_POINT('',(2.488381540811E-03,3.75E-02));
#3280 = CARTESIAN_POINT('',(7.483943470785E-03,3.749990325194E-02));
#3281 = CARTESIAN_POINT('',(1.503350019724E-02,3.749944142737E-02));
#3282 = CARTESIAN_POINT('',(2.26389146478E-02,3.749863613262E-02));
#3283 = CARTESIAN_POINT('',(3.030043759345E-02,3.749746168291E-02));
#3284 = CARTESIAN_POINT('',(3.80189388564E-02,3.749588837119E-02));
#3285 = CARTESIAN_POINT('',(4.579523961107E-02,3.749390471455E-02));
#3286 = CARTESIAN_POINT('',(5.362939112786E-02,3.74915210837E-02));
#3287 = CARTESIAN_POINT('',(6.152144207603E-02,3.748874332879E-02));
#3288 = CARTESIAN_POINT('',(6.947126040691E-02,3.748557883215E-02));
#3289 = CARTESIAN_POINT('',(7.74785497762E-02,3.748203336187E-02));
#3290 = CARTESIAN_POINT('',(8.554304181009E-02,3.747809050897E-02));
#3291 = CARTESIAN_POINT('',(9.366453316256E-02,3.74737348056E-02));
#3292 = CARTESIAN_POINT('',(0.101842851148,3.746895079673E-02));
#3293 = CARTESIAN_POINT('',(0.11007795444,3.746372203484E-02));
#3294 = CARTESIAN_POINT('',(0.118369257344,3.745804119684E-02));
#3295 = CARTESIAN_POINT('',(0.126716020218,3.745190295688E-02));
#3296 = CARTESIAN_POINT('',(0.135117493768,3.744530141942E-02));
#3297 = CARTESIAN_POINT('',(0.143572937179,3.743823104309E-02));
#3298 = CARTESIAN_POINT('',(0.152081290254,3.743068495705E-02));
#3299 = CARTESIAN_POINT('',(0.160641332966,3.742265566497E-02));
#3300 = CARTESIAN_POINT('',(0.169251834573,3.741413590517E-02));
#3301 = CARTESIAN_POINT('',(0.177911593186,3.740511804329E-02));
#3302 = CARTESIAN_POINT('',(0.186619032545,3.739559632474E-02));
#3303 = CARTESIAN_POINT('',(0.195372333262,3.7385565995E-02));
#3304 = CARTESIAN_POINT('',(0.204169654843,3.73750221349E-02));
#3305 = CARTESIAN_POINT('',(0.213009140041,3.736395960196E-02));
#3306 = CARTESIAN_POINT('',(0.2218885976,3.735237502649E-02));
#3307 = CARTESIAN_POINT('',(0.230805644682,3.734026576653E-02));
#3308 = CARTESIAN_POINT('',(0.239757851073,3.732762907759E-02));
#3309 = CARTESIAN_POINT('',(0.248742740367,3.731446196079E-02));
#3310 = CARTESIAN_POINT('',(0.257757554093,3.730076416151E-02));
#3311 = CARTESIAN_POINT('',(0.266799399734,3.728653596832E-02));
#3312 = CARTESIAN_POINT('',(0.275865313452,3.727177752751E-02));
#3313 = CARTESIAN_POINT('',(0.284952258993,3.725648902847E-02));
#3314 = CARTESIAN_POINT('',(0.294057068195,3.724067378557E-02));
#3315 = CARTESIAN_POINT('',(0.303176477262,3.722433516231E-02));
#3316 = CARTESIAN_POINT('',(0.31230713062,3.720747634161E-02));
#3317 = CARTESIAN_POINT('',(0.321445640594,3.719010121049E-02));
#3318 = CARTESIAN_POINT('',(0.330588666055,3.717221645417E-02));
#3319 = CARTESIAN_POINT('',(0.339732768315,3.715382848807E-02));
#3320 = CARTESIAN_POINT('',(0.348874400518,3.713494350752E-02));
#3321 = CARTESIAN_POINT('',(0.358010141166,3.71155690897E-02));
#3322 = CARTESIAN_POINT('',(0.367136716024,3.709571459833E-02));
#3323 = CARTESIAN_POINT('',(0.376250749444,3.707538910871E-02));
#3324 = CARTESIAN_POINT('',(0.385348758567,3.705460152579E-02));
#3325 = CARTESIAN_POINT('',(0.394427617653,3.703336229967E-02));
#3326 = CARTESIAN_POINT('',(0.403484325701,3.701168263323E-02));
#3327 = CARTESIAN_POINT('',(0.412515799906,3.698957357209E-02));
#3328 = CARTESIAN_POINT('',(0.421518889244,3.696704611308E-02));
#3329 = CARTESIAN_POINT('',(0.430490989594,3.694411230943E-02));
#3330 = CARTESIAN_POINT('',(0.439429538253,3.692078437307E-02));
#3331 = CARTESIAN_POINT('',(0.448331923247,3.689707447399E-02));
#3332 = CARTESIAN_POINT('',(0.457195533438,3.687299479437E-02));
#3333 = CARTESIAN_POINT('',(0.46601837627,3.684855777861E-02));
#3334 = CARTESIAN_POINT('',(0.474798437076,3.682377586808E-02));
#3335 = CARTESIAN_POINT('',(0.483533679434,3.679866151418E-02));
#3336 = CARTESIAN_POINT('',(0.492222120081,3.677322713082E-02));
#3337 = CARTESIAN_POINT('',(0.500862372577,3.674748468156E-02));
#3338 = CARTESIAN_POINT('',(0.509453007457,3.672144615207E-02));
#3339 = CARTESIAN_POINT('',(0.517992593443,3.669512354149E-02));
#3340 = CARTESIAN_POINT('',(0.526479748268,3.666852877239E-02));
#3341 = CARTESIAN_POINT('',(0.534913632361,3.664167279804E-02));
#3342 = CARTESIAN_POINT('',(0.543293370375,3.661456663188E-02));
#3343 = CARTESIAN_POINT('',(0.551618099538,3.658722126749E-02));
#3344 = CARTESIAN_POINT('',(0.559886955332,3.655964771767E-02));
#3345 = CARTESIAN_POINT('',(0.568099544239,3.653185569719E-02));
#3346 = CARTESIAN_POINT('',(0.576255473743,3.650385491841E-02));
#3347 = CARTESIAN_POINT('',(0.584354362398,3.647565505236E-02));
#3348 = CARTESIAN_POINT('',(0.592395784431,3.644726593777E-02));
#3349 = CARTESIAN_POINT('',(0.600379656858,3.641869614008E-02));
#3350 = CARTESIAN_POINT('',(0.608305985289,3.638995388896E-02));
#3351 = CARTESIAN_POINT('',(0.616174757032,3.63610474602E-02));
#3352 = CARTESIAN_POINT('',(0.623985926492,3.63319852635E-02));
#3353 = CARTESIAN_POINT('',(0.631739590791,3.630277502216E-02));
#3354 = CARTESIAN_POINT('',(0.639436054021,3.62734234812E-02));
#3355 = CARTESIAN_POINT('',(0.647075570589,3.624393757968E-02));
#3356 = CARTESIAN_POINT('',(0.654658399316,3.621432418886E-02));
#3357 = CARTESIAN_POINT('',(0.662184772241,3.61845902572E-02));
#3358 = CARTESIAN_POINT('',(0.669655145831,3.615474145728E-02));
#3359 = CARTESIAN_POINT('',(0.677069979604,3.612478338932E-02));
#3360 = CARTESIAN_POINT('',(0.684429719726,3.609472165107E-02));
#3361 = CARTESIAN_POINT('',(0.691734783792,3.606456192209E-02));
#3362 = CARTESIAN_POINT('',(0.698985629423,3.60343095314E-02));
#3363 = CARTESIAN_POINT('',(0.706182857036,3.60039688491E-02));
#3364 = CARTESIAN_POINT('',(0.713327027074,3.597354439945E-02));
#3365 = CARTESIAN_POINT('',(0.72041869381,3.59430406364E-02));
#3366 = CARTESIAN_POINT('',(0.727458373328,3.591246214099E-02));
#3367 = CARTESIAN_POINT('',(0.734446642108,3.588181295655E-02));
#3368 = CARTESIAN_POINT('',(0.741384151195,3.585109651917E-02));
#3369 = CARTESIAN_POINT('',(0.748271514552,3.582031639649E-02));
#3370 = CARTESIAN_POINT('',(0.755109335724,3.578947609667E-02));
#3371 = CARTESIAN_POINT('',(0.761898182362,3.575857923428E-02));
#3372 = CARTESIAN_POINT('',(0.768638666173,3.572762896979E-02));
#3373 = CARTESIAN_POINT('',(0.775331451249,3.569662797569E-02));
#3374 = CARTESIAN_POINT('',(0.781977168066,3.566557902973E-02));
#3375 = CARTESIAN_POINT('',(0.78857643309,3.563448486814E-02));
#3376 = CARTESIAN_POINT('',(0.795129834058,3.56033482879E-02));
#3377 = CARTESIAN_POINT('',(0.801637966194,3.557217186598E-02));
#3378 = CARTESIAN_POINT('',(0.808101475358,3.554095765918E-02));
#3379 = CARTESIAN_POINT('',(0.81452097906,3.550970780751E-02));
#3380 = CARTESIAN_POINT('',(0.820897079007,3.547842443009E-02));
#3381 = CARTESIAN_POINT('',(0.827230357956,3.544710964645E-02));
#3382 = CARTESIAN_POINT('',(0.833521375857,3.541576559532E-02));
#3383 = CARTESIAN_POINT('',(0.839770752295,3.538439391921E-02));
#3384 = CARTESIAN_POINT('',(0.845979092361,3.535299623438E-02));
#3385 = CARTESIAN_POINT('',(0.852146980741,3.532157416679E-02));
#3386 = CARTESIAN_POINT('',(0.858274983722,3.529012932979E-02));
#3387 = CARTESIAN_POINT('',(0.864363645297,3.525866337742E-02));
#3388 = CARTESIAN_POINT('',(0.870413501009,3.522717779274E-02));
#3389 = CARTESIAN_POINT('',(0.87642509344,3.519567376445E-02));
#3390 = CARTESIAN_POINT('',(0.882398951128,3.516415253399E-02));
#3391 = CARTESIAN_POINT('',(0.888335590666,3.513261533144E-02));
#3392 = CARTESIAN_POINT('',(0.894235520353,3.510106337952E-02));
#3393 = CARTESIAN_POINT('',(0.900099220788,3.506949794174E-02));
#3394 = CARTESIAN_POINT('',(0.905927241639,3.503792005815E-02));
#3395 = CARTESIAN_POINT('',(0.911720156561,3.500633062765E-02));
#3396 = CARTESIAN_POINT('',(0.917478497736,3.497473058132E-02));
#3397 = CARTESIAN_POINT('',(0.923202773842,3.494312084371E-02));
#3398 = CARTESIAN_POINT('',(0.928893461593,3.491150233337E-02));
#3399 = CARTESIAN_POINT('',(0.934551026824,3.487987599937E-02));
#3400 = CARTESIAN_POINT('',(0.940175826283,3.484824262E-02));
#3401 = CARTESIAN_POINT('',(0.945768195277,3.481660287357E-02));
#3402 = CARTESIAN_POINT('',(0.951328513338,3.478495746144E-02));
#3403 = CARTESIAN_POINT('',(0.956857182188,3.475330708031E-02));
#3404 = CARTESIAN_POINT('',(0.962354638354,3.472165242245E-02));
#3405 = CARTESIAN_POINT('',(0.96782130894,3.468999420256E-02));
#3406 = CARTESIAN_POINT('',(0.973257781754,3.46583330349E-02));
#3407 = CARTESIAN_POINT('',(0.978664718718,3.462666939195E-02));
#3408 = CARTESIAN_POINT('',(0.984042594936,3.459500377367E-02));
#3409 = CARTESIAN_POINT('',(0.989391759503,3.456333667263E-02));
#3410 = CARTESIAN_POINT('',(0.994712442996,3.45316685834E-02));
#3411 = CARTESIAN_POINT('',(0.998240624842,3.451055619446E-02));
#3412 = CARTESIAN_POINT('',(1.,3.45E-02));
#3413 = ( GEOMETRIC_REPRESENTATION_CONTEXT(2) 
PARAMETRIC_REPRESENTATION_CONTEXT() REPRESENTATION_CONTEXT('2D SPACE',''
  ) );
#3414 = ORIENTED_EDGE('',*,*,#2409,.F.);
#3415 = ADVANCED_FACE('',(#3416),#1978,.F.);
#3416 = FACE_BOUND('',#3417,.T.);
#3417 = EDGE_LOOP('',(#3418,#3441,#3469,#3490));
#3418 = ORIENTED_EDGE('',*,*,#3419,.T.);
#3419 = EDGE_CURVE('',#1961,#3420,#3422,.T.);
#3420 = VERTEX_POINT('',#3421);
#3421 = CARTESIAN_POINT('',(-8.025206494392,-24.,10.316529003739));
#3422 = SURFACE_CURVE('',#3423,(#3427,#3434),.PCURVE_S1.);
#3423 = LINE('',#3424,#3425);
#3424 = CARTESIAN_POINT('',(0.369283837695,-15.60550966791,
    18.711019335826));
#3425 = VECTOR('',#3426,1.);
#3426 = DIRECTION('',(0.57735026919,0.57735026919,0.57735026919));
#3427 = PCURVE('',#1978,#3428);
#3428 = DEFINITIONAL_REPRESENTATION('',(#3429),#3433);
#3429 = LINE('',#3430,#3431);
#3430 = CARTESIAN_POINT('',(-18.78898066417,13.285815639222));
#3431 = VECTOR('',#3432,1.);
#3432 = DIRECTION('',(0.57735026919,0.816496580928));
#3433 = ( GEOMETRIC_REPRESENTATION_CONTEXT(2) 
PARAMETRIC_REPRESENTATION_CONTEXT() REPRESENTATION_CONTEXT('2D SPACE',''
  ) );
#3434 = PCURVE('',#2117,#3435);
#3435 = DEFINITIONAL_REPRESENTATION('',(#3436),#3440);
#3436 = LINE('',#3437,#3438);
#3437 = CARTESIAN_POINT('',(21.605509667913,-11.87160207684));
#3438 = VECTOR('',#3439,1.);
#3439 = DIRECTION('',(-0.57735026919,-0.816496580928));
#3440 = ( GEOMETRIC_REPRESENTATION_CONTEXT(2) 
PARAMETRIC_REPRESENTATION_CONTEXT() REPRESENTATION_CONTEXT('2D SPACE',''
  ) );
#3441 = ORIENTED_EDGE('',*,*,#3442,.F.);
#3442 = EDGE_CURVE('',#3443,#3420,#3445,.T.);
#3443 = VERTEX_POINT('',#3444);
#3444 = CARTESIAN_POINT('',(-8.025206494392,-24.,29.520188254736));
#3445 = SURFACE_CURVE('',#3446,(#3450,#3457),.PCURVE_S1.);
#3446 = LINE('',#3447,#3448);
#3447 = CARTESIAN_POINT('',(-8.025206494392,-24.,37.816529003739));
#3448 = VECTOR('',#3449,1.);
#3449 = DIRECTION('',(-6.123233995737E-17,0.,-1.));
#3450 = PCURVE('',#1978,#3451);
#3451 = DEFINITIONAL_REPRESENTATION('',(#3452),#3456);
#3452 = LINE('',#3453,#3454);
#3453 = CARTESIAN_POINT('',(0.316529003739,1.414213562373));
#3454 = VECTOR('',#3455,1.);
#3455 = DIRECTION('',(-1.,2.87194673307E-30));
#3456 = ( GEOMETRIC_REPRESENTATION_CONTEXT(2) 
PARAMETRIC_REPRESENTATION_CONTEXT() REPRESENTATION_CONTEXT('2D SPACE',''
  ) );
#3457 = PCURVE('',#3458,#3463);
#3458 = PLANE('',#3459);
#3459 = AXIS2_PLACEMENT_3D('',#3460,#3461,#3462);
#3460 = CARTESIAN_POINT('',(-8.025206494392,-20.,37.816529003739));
#3461 = DIRECTION('',(1.,0.,-6.123233995737E-17));
#3462 = DIRECTION('',(-6.123233995737E-17,0.,-1.));
#3463 = DEFINITIONAL_REPRESENTATION('',(#3464),#3468);
#3464 = LINE('',#3465,#3466);
#3465 = CARTESIAN_POINT('',(-0.,-4.));
#3466 = VECTOR('',#3467,1.);
#3467 = DIRECTION('',(1.,0.));
#3468 = ( GEOMETRIC_REPRESENTATION_CONTEXT(2) 
PARAMETRIC_REPRESENTATION_CONTEXT() REPRESENTATION_CONTEXT('2D SPACE',''
  ) );
#3469 = ORIENTED_EDGE('',*,*,#3470,.F.);
#3470 = EDGE_CURVE('',#1963,#3443,#3471,.T.);
#3471 = SURFACE_CURVE('',#3472,(#3476,#3483),.PCURVE_S1.);
#3472 = LINE('',#3473,#3474);
#3473 = CARTESIAN_POINT('',(-8.056814202321,-24.03160770792,
    29.522705305317));
#3474 = VECTOR('',#3475,1.);
#3475 = DIRECTION('',(0.705988395516,0.705988395516,-5.622073276731E-02)
  );
#3476 = PCURVE('',#1978,#3477);
#3477 = DEFINITIONAL_REPRESENTATION('',(#3478),#3482);
#3478 = LINE('',#3479,#3480);
#3479 = CARTESIAN_POINT('',(-7.977294694683,1.369513513151));
#3480 = VECTOR('',#3481,1.);
#3481 = DIRECTION('',(-5.622073276731E-02,0.998418363817));
#3482 = ( GEOMETRIC_REPRESENTATION_CONTEXT(2) 
PARAMETRIC_REPRESENTATION_CONTEXT() REPRESENTATION_CONTEXT('2D SPACE',''
  ) );
#3483 = PCURVE('',#2006,#3484);
#3484 = DEFINITIONAL_REPRESENTATION('',(#3485),#3489);
#3485 = LINE('',#3486,#3487);
#3486 = CARTESIAN_POINT('',(0.793823698423,4.470004922221E-02));
#3487 = VECTOR('',#3488,1.);
#3488 = DIRECTION('',(5.62207327668E-02,-0.998418363817));
#3489 = ( GEOMETRIC_REPRESENTATION_CONTEXT(2) 
PARAMETRIC_REPRESENTATION_CONTEXT() REPRESENTATION_CONTEXT('2D SPACE',''
  ) );
#3490 = ORIENTED_EDGE('',*,*,#1960,.F.);
#3491 = ADVANCED_FACE('',(#3492),#2006,.T.);
#3492 = FACE_BOUND('',#3493,.T.);
#3493 = EDGE_LOOP('',(#3494,#3541,#3542,#3543));
#3494 = ORIENTED_EDGE('',*,*,#3495,.F.);
#3495 = EDGE_CURVE('',#1991,#3496,#3498,.T.);
#3496 = VERTEX_POINT('',#3497);
#3497 = CARTESIAN_POINT('',(-5.367602435047,-24.,46.100720132955));
#3498 = SURFACE_CURVE('',#3499,(#3504,#3512),.PCURVE_S1.);
#3499 = B_SPLINE_CURVE_WITH_KNOTS('',3,(#3500,#3501,#3502,#3503),
  .UNSPECIFIED.,.F.,.F.,(4,4),(0.,2.026148172079E-03),
  .PIECEWISE_BEZIER_KNOTS.);
#3500 = CARTESIAN_POINT('',(-6.125364190139,-25.,47.69165493292));
#3501 = CARTESIAN_POINT('',(-5.883365261649,-24.67544965805,
    47.15077946962));
#3502 = CARTESIAN_POINT('',(-5.630273201612,-24.34169758728,
    46.620971511822));
#3503 = CARTESIAN_POINT('',(-5.367602435047,-24.,46.100720132955));
#3504 = PCURVE('',#2006,#3505);
#3505 = DEFINITIONAL_REPRESENTATION('',(#3506),#3511);
#3506 = B_SPLINE_CURVE_WITH_KNOTS('',3,(#3507,#3508,#3509,#3510),
  .UNSPECIFIED.,.F.,.F.,(4,4),(0.,2.026148172079E-03),
  .PIECEWISE_BEZIER_KNOTS.);
#3507 = CARTESIAN_POINT('',(19.039465536643,1.414213562365));
#3508 = CARTESIAN_POINT('',(18.543706700379,0.955230067109));
#3509 = CARTESIAN_POINT('',(18.060631532048,0.483233362158));
#3510 = CARTESIAN_POINT('',(17.588508467939,-7.865708084864E-12));
#3511 = ( GEOMETRIC_REPRESENTATION_CONTEXT(2) 
PARAMETRIC_REPRESENTATION_CONTEXT() REPRESENTATION_CONTEXT('2D SPACE',''
  ) );
#3512 = PCURVE('',#2035,#3513);
#3513 = DEFINITIONAL_REPRESENTATION('',(#3514),#3540);
#3514 = B_SPLINE_CURVE_WITH_KNOTS('',3,(#3515,#3516,#3517,#3518,#3519,
    #3520,#3521,#3522,#3523,#3524,#3525,#3526,#3527,#3528,#3529,#3530,
    #3531,#3532,#3533,#3534,#3535,#3536,#3537,#3538,#3539),
  .UNSPECIFIED.,.F.,.F.,(4,1,1,1,1,1,1,1,1,1,1,1,1,1,1,1,1,1,1,1,1,1,4),
  (0.,9.209764418542E-05,1.841952883708E-04,2.762929325562E-04,
    3.683905767417E-04,4.604882209271E-04,5.525858651125E-04,
    6.446835092979E-04,7.367811534833E-04,8.288787976687E-04,
    9.209764418542E-04,1.01307408604E-03,1.105171730225E-03,
    1.19726937441E-03,1.289367018596E-03,1.381464662781E-03,
    1.473562306967E-03,1.565659951152E-03,1.657757595337E-03,
    1.749855239523E-03,1.841952883708E-03,1.934050527894E-03,
    2.026148172079E-03),.UNSPECIFIED.);
#3515 = CARTESIAN_POINT('',(3.712042253817,-0.999999999997));
#3516 = CARTESIAN_POINT('',(3.710539954456,-0.98524771069));
#3517 = CARTESIAN_POINT('',(3.707543294497,-0.95570496671));
#3518 = CARTESIAN_POINT('',(3.703071942071,-0.911277166709));
#3519 = CARTESIAN_POINT('',(3.698624047709,-0.86673649958));
#3520 = CARTESIAN_POINT('',(3.694199434333,-0.822083765323));
#3521 = CARTESIAN_POINT('',(3.689797926423,-0.777319753142));
#3522 = CARTESIAN_POINT('',(3.685419350234,-0.732445240089));
#3523 = CARTESIAN_POINT('',(3.681063533739,-0.687460991704));
#3524 = CARTESIAN_POINT('',(3.676730306642,-0.642367762112));
#3525 = CARTESIAN_POINT('',(3.672419500375,-0.597166294266));
#3526 = CARTESIAN_POINT('',(3.668130948098,-0.551857320147));
#3527 = CARTESIAN_POINT('',(3.66386448469,-0.506441560972));
#3528 = CARTESIAN_POINT('',(3.659619946749,-0.460919727396));
#3529 = CARTESIAN_POINT('',(3.655397172591,-0.415292519709));
#3530 = CARTESIAN_POINT('',(3.651196002238,-0.369560628039));
#3531 = CARTESIAN_POINT('',(3.647016277417,-0.32372473254));
#3532 = CARTESIAN_POINT('',(3.642857841553,-0.277785503587));
#3533 = CARTESIAN_POINT('',(3.638720539761,-0.231743601967));
#3534 = CARTESIAN_POINT('',(3.634604218843,-0.185599679049));
#3535 = CARTESIAN_POINT('',(3.630508727265,-0.139354377039));
#3536 = CARTESIAN_POINT('',(3.626433915207,-9.300832887811E-02));
#3537 = CARTESIAN_POINT('',(3.622379634342,-4.656215949713E-02));
#3538 = CARTESIAN_POINT('',(3.619690370519,-1.553170780064E-02));
#3539 = CARTESIAN_POINT('',(3.618349111677,3.552713678801E-14));
#3540 = ( GEOMETRIC_REPRESENTATION_CONTEXT(2) 
PARAMETRIC_REPRESENTATION_CONTEXT() REPRESENTATION_CONTEXT('2D SPACE',''
  ) );
#3541 = ORIENTED_EDGE('',*,*,#1990,.F.);
#3542 = ORIENTED_EDGE('',*,*,#3470,.T.);
#3543 = ORIENTED_EDGE('',*,*,#3544,.F.);
#3544 = EDGE_CURVE('',#3496,#3443,#3545,.T.);
#3545 = SURFACE_CURVE('',#3546,(#3550,#3557),.PCURVE_S1.);
#3546 = LINE('',#3547,#3548);
#3547 = CARTESIAN_POINT('',(-8.025206494392,-24.,29.520188254736));
#3548 = VECTOR('',#3549,1.);
#3549 = DIRECTION('',(-0.158264501869,0.,-0.987396752804));
#3550 = PCURVE('',#2006,#3551);
#3551 = DEFINITIONAL_REPRESENTATION('',(#3552),#3556);
#3552 = LINE('',#3553,#3554);
#3553 = CARTESIAN_POINT('',(0.796340749003,-1.893485368498E-13));
#3554 = VECTOR('',#3555,1.);
#3555 = DIRECTION('',(-1.,1.800642968064E-13));
#3556 = ( GEOMETRIC_REPRESENTATION_CONTEXT(2) 
PARAMETRIC_REPRESENTATION_CONTEXT() REPRESENTATION_CONTEXT('2D SPACE',''
  ) );
#3557 = PCURVE('',#3558,#3563);
#3558 = PLANE('',#3559);
#3559 = AXIS2_PLACEMENT_3D('',#3560,#3561,#3562);
#3560 = CARTESIAN_POINT('',(-8.151238966351,-20.,28.733883985045));
#3561 = DIRECTION('',(-0.987396752804,0.,0.158264501869));
#3562 = DIRECTION('',(0.158264501869,0.,0.987396752804));
#3563 = DEFINITIONAL_REPRESENTATION('',(#3564),#3568);
#3564 = LINE('',#3565,#3566);
#3565 = CARTESIAN_POINT('',(0.796340749003,-4.));
#3566 = VECTOR('',#3567,1.);
#3567 = DIRECTION('',(-1.,0.));
#3568 = ( GEOMETRIC_REPRESENTATION_CONTEXT(2) 
PARAMETRIC_REPRESENTATION_CONTEXT() REPRESENTATION_CONTEXT('2D SPACE',''
  ) );
#3569 = ADVANCED_FACE('',(#3570),#2035,.T.);
#3570 = FACE_BOUND('',#3571,.T.);
#3571 = EDGE_LOOP('',(#3572,#3619,#3620,#3621));
#3572 = ORIENTED_EDGE('',*,*,#3573,.T.);
#3573 = EDGE_CURVE('',#3574,#2019,#3576,.T.);
#3574 = VERTEX_POINT('',#3575);
#3575 = CARTESIAN_POINT('',(9.317189446264,-24.,46.100720132955));
#3576 = SURFACE_CURVE('',#3577,(#3582,#3611),.PCURVE_S1.);
#3577 = B_SPLINE_CURVE_WITH_KNOTS('',3,(#3578,#3579,#3580,#3581),
  .UNSPECIFIED.,.F.,.F.,(4,4),(0.,2.026148172079E-03),
  .PIECEWISE_BEZIER_KNOTS.);
#3578 = CARTESIAN_POINT('',(9.317189446264,-24.,46.100720132955));
#3579 = CARTESIAN_POINT('',(9.579860212829,-24.34169758728,
    46.620971511822));
#3580 = CARTESIAN_POINT('',(9.832952272865,-24.67544965805,
    47.15077946962));
#3581 = CARTESIAN_POINT('',(10.074951201355,-25.,47.69165493292));
#3582 = PCURVE('',#2035,#3583);
#3583 = DEFINITIONAL_REPRESENTATION('',(#3584),#3610);
#3584 = B_SPLINE_CURVE_WITH_KNOTS('',3,(#3585,#3586,#3587,#3588,#3589,
    #3590,#3591,#3592,#3593,#3594,#3595,#3596,#3597,#3598,#3599,#3600,
    #3601,#3602,#3603,#3604,#3605,#3606,#3607,#3608,#3609),
  .UNSPECIFIED.,.F.,.F.,(4,1,1,1,1,1,1,1,1,1,1,1,1,1,1,1,1,1,1,1,1,1,4),
  (0.,9.209764418542E-05,1.841952883708E-04,2.762929325562E-04,
    3.683905767417E-04,4.604882209271E-04,5.525858651125E-04,
    6.446835092979E-04,7.367811534833E-04,8.288787976687E-04,
    9.209764418542E-04,1.01307408604E-03,1.105171730225E-03,
    1.19726937441E-03,1.289367018596E-03,1.381464662781E-03,
    1.473562306967E-03,1.565659951152E-03,1.657757595337E-03,
    1.749855239523E-03,1.841952883708E-03,1.934050527894E-03,
    2.026148172079E-03),.UNSPECIFIED.);
#3585 = CARTESIAN_POINT('',(2.664836195503,3.01980662698E-14));
#3586 = CARTESIAN_POINT('',(2.663494936661,-1.553170780065E-02));
#3587 = CARTESIAN_POINT('',(2.660805672837,-4.656215949714E-02));
#3588 = CARTESIAN_POINT('',(2.656751391972,-9.300832887812E-02));
#3589 = CARTESIAN_POINT('',(2.652676579914,-0.139354377039));
#3590 = CARTESIAN_POINT('',(2.648581088337,-0.185599679049));
#3591 = CARTESIAN_POINT('',(2.644464767419,-0.231743601967));
#3592 = CARTESIAN_POINT('',(2.640327465627,-0.277785503587));
#3593 = CARTESIAN_POINT('',(2.636169029763,-0.32372473254));
#3594 = CARTESIAN_POINT('',(2.631989304942,-0.369560628039));
#3595 = CARTESIAN_POINT('',(2.627788134588,-0.415292519709));
#3596 = CARTESIAN_POINT('',(2.62356536043,-0.460919727396));
#3597 = CARTESIAN_POINT('',(2.61932082249,-0.506441560972));
#3598 = CARTESIAN_POINT('',(2.615054359082,-0.551857320147));
#3599 = CARTESIAN_POINT('',(2.610765806804,-0.597166294266));
#3600 = CARTESIAN_POINT('',(2.606455000538,-0.642367762112));
#3601 = CARTESIAN_POINT('',(2.602121773441,-0.687460991704));
#3602 = CARTESIAN_POINT('',(2.597765956945,-0.732445240089));
#3603 = CARTESIAN_POINT('',(2.593387380756,-0.777319753142));
#3604 = CARTESIAN_POINT('',(2.588985872846,-0.822083765323));
#3605 = CARTESIAN_POINT('',(2.584561259471,-0.86673649958));
#3606 = CARTESIAN_POINT('',(2.580113365109,-0.911277166709));
#3607 = CARTESIAN_POINT('',(2.575642012682,-0.95570496671));
#3608 = CARTESIAN_POINT('',(2.572645352723,-0.98524771069));
#3609 = CARTESIAN_POINT('',(2.571143053363,-0.999999999997));
#3610 = ( GEOMETRIC_REPRESENTATION_CONTEXT(2) 
PARAMETRIC_REPRESENTATION_CONTEXT() REPRESENTATION_CONTEXT('2D SPACE',''
  ) );
#3611 = PCURVE('',#2063,#3612);
#3612 = DEFINITIONAL_REPRESENTATION('',(#3613),#3618);
#3613 = B_SPLINE_CURVE_WITH_KNOTS('',3,(#3614,#3615,#3616,#3617),
  .UNSPECIFIED.,.F.,.F.,(4,4),(0.,2.026148172079E-03),
  .PIECEWISE_BEZIER_KNOTS.);
#3614 = CARTESIAN_POINT('',(-7.01774278452,1.414213562376));
#3615 = CARTESIAN_POINT('',(-7.48986584863,0.93098020021));
#3616 = CARTESIAN_POINT('',(-7.972941016961,0.458983495259));
#3617 = CARTESIAN_POINT('',(-8.468699853224,3.815614491032E-12));
#3618 = ( GEOMETRIC_REPRESENTATION_CONTEXT(2) 
PARAMETRIC_REPRESENTATION_CONTEXT() REPRESENTATION_CONTEXT('2D SPACE',''
  ) );
#3619 = ORIENTED_EDGE('',*,*,#2018,.F.);
#3620 = ORIENTED_EDGE('',*,*,#3495,.T.);
#3621 = ORIENTED_EDGE('',*,*,#3622,.T.);
#3622 = EDGE_CURVE('',#3496,#3574,#3623,.T.);
#3623 = SURFACE_CURVE('',#3624,(#3629,#3636),.PCURVE_S1.);
#3624 = CIRCLE('',#3625,16.);
#3625 = AXIS2_PLACEMENT_3D('',#3626,#3627,#3628);
#3626 = CARTESIAN_POINT('',(1.974793505608,-24.,60.316529003739));
#3627 = DIRECTION('',(0.,-1.,0.));
#3628 = DIRECTION('',(0.,0.,-1.));
#3629 = PCURVE('',#2035,#3630);
#3630 = DEFINITIONAL_REPRESENTATION('',(#3631),#3635);
#3631 = LINE('',#3632,#3633);
#3632 = CARTESIAN_POINT('',(9.424777960769,5.408573614273E-15));
#3633 = VECTOR('',#3634,1.);
#3634 = DIRECTION('',(-1.,-9.314802187093E-16));
#3635 = ( GEOMETRIC_REPRESENTATION_CONTEXT(2) 
PARAMETRIC_REPRESENTATION_CONTEXT() REPRESENTATION_CONTEXT('2D SPACE',''
  ) );
#3636 = PCURVE('',#3637,#3642);
#3637 = CYLINDRICAL_SURFACE('',#3638,16.);
#3638 = AXIS2_PLACEMENT_3D('',#3639,#3640,#3641);
#3639 = CARTESIAN_POINT('',(1.974793505608,-20.,60.316529003739));
#3640 = DIRECTION('',(0.,1.,0.));
#3641 = DIRECTION('',(0.,0.,-1.));
#3642 = DEFINITIONAL_REPRESENTATION('',(#3643),#3647);
#3643 = LINE('',#3644,#3645);
#3644 = CARTESIAN_POINT('',(12.566370614359,-4.));
#3645 = VECTOR('',#3646,1.);
#3646 = DIRECTION('',(-1.,0.));
#3647 = ( GEOMETRIC_REPRESENTATION_CONTEXT(2) 
PARAMETRIC_REPRESENTATION_CONTEXT() REPRESENTATION_CONTEXT('2D SPACE',''
  ) );
#3648 = ADVANCED_FACE('',(#3649),#2063,.F.);
#3649 = FACE_BOUND('',#3650,.T.);
#3650 = EDGE_LOOP('',(#3651,#3674,#3675,#3676));
#3651 = ORIENTED_EDGE('',*,*,#3652,.F.);
#3652 = EDGE_CURVE('',#2048,#3653,#3655,.T.);
#3653 = VERTEX_POINT('',#3654);
#3654 = CARTESIAN_POINT('',(11.974793505608,-24.,29.520188254736));
#3655 = SURFACE_CURVE('',#3656,(#3660,#3667),.PCURVE_S1.);
#3656 = LINE('',#3657,#3658);
#3657 = CARTESIAN_POINT('',(12.006401213537,-24.03160770792,
    29.522705305316));
#3658 = VECTOR('',#3659,1.);
#3659 = DIRECTION('',(-0.705988395516,0.705988395516,-5.622073276731E-02
    ));
#3660 = PCURVE('',#2063,#3661);
#3661 = DEFINITIONAL_REPRESENTATION('',(#3662),#3666);
#3662 = LINE('',#3663,#3664);
#3663 = CARTESIAN_POINT('',(9.776941984997,1.369513513146));
#3664 = VECTOR('',#3665,1.);
#3665 = DIRECTION('',(-5.62207327668E-02,0.998418363817));
#3666 = ( GEOMETRIC_REPRESENTATION_CONTEXT(2) 
PARAMETRIC_REPRESENTATION_CONTEXT() REPRESENTATION_CONTEXT('2D SPACE',''
  ) );
#3667 = PCURVE('',#2091,#3668);
#3668 = DEFINITIONAL_REPRESENTATION('',(#3669),#3673);
#3669 = LINE('',#3670,#3671);
#3670 = CARTESIAN_POINT('',(0.793823698423,4.470004922235E-02));
#3671 = VECTOR('',#3672,1.);
#3672 = DIRECTION('',(5.622073276731E-02,-0.998418363817));
#3673 = ( GEOMETRIC_REPRESENTATION_CONTEXT(2) 
PARAMETRIC_REPRESENTATION_CONTEXT() REPRESENTATION_CONTEXT('2D SPACE',''
  ) );
#3674 = ORIENTED_EDGE('',*,*,#2047,.F.);
#3675 = ORIENTED_EDGE('',*,*,#3573,.F.);
#3676 = ORIENTED_EDGE('',*,*,#3677,.F.);
#3677 = EDGE_CURVE('',#3653,#3574,#3678,.T.);
#3678 = SURFACE_CURVE('',#3679,(#3683,#3690),.PCURVE_S1.);
#3679 = LINE('',#3680,#3681);
#3680 = CARTESIAN_POINT('',(10.427849012303,-24.,39.171423695505));
#3681 = VECTOR('',#3682,1.);
#3682 = DIRECTION('',(-0.158264501869,0.,0.987396752804));
#3683 = PCURVE('',#2063,#3684);
#3684 = DEFINITIONAL_REPRESENTATION('',(#3685),#3689);
#3685 = LINE('',#3686,#3687);
#3686 = CARTESIAN_POINT('',(2.544908728197E-13,1.414213562373));
#3687 = VECTOR('',#3688,1.);
#3688 = DIRECTION('',(-1.,1.800642968064E-13));
#3689 = ( GEOMETRIC_REPRESENTATION_CONTEXT(2) 
PARAMETRIC_REPRESENTATION_CONTEXT() REPRESENTATION_CONTEXT('2D SPACE',''
  ) );
#3690 = PCURVE('',#3691,#3696);
#3691 = PLANE('',#3692);
#3692 = AXIS2_PLACEMENT_3D('',#3693,#3694,#3695);
#3693 = CARTESIAN_POINT('',(10.427849012303,-20.,39.171423695505));
#3694 = DIRECTION('',(-0.987396752804,0.,-0.158264501869));
#3695 = DIRECTION('',(-0.158264501869,0.,0.987396752804));
#3696 = DEFINITIONAL_REPRESENTATION('',(#3697),#3701);
#3697 = LINE('',#3698,#3699);
#3698 = CARTESIAN_POINT('',(0.,-4.));
#3699 = VECTOR('',#3700,1.);
#3700 = DIRECTION('',(1.,0.));
#3701 = ( GEOMETRIC_REPRESENTATION_CONTEXT(2) 
PARAMETRIC_REPRESENTATION_CONTEXT() REPRESENTATION_CONTEXT('2D SPACE',''
  ) );
#3702 = ADVANCED_FACE('',(#3703),#2091,.T.);
#3703 = FACE_BOUND('',#3704,.T.);
#3704 = EDGE_LOOP('',(#3705,#3728,#3729,#3730));
#3705 = ORIENTED_EDGE('',*,*,#3706,.T.);
#3706 = EDGE_CURVE('',#3707,#2076,#3709,.T.);
#3707 = VERTEX_POINT('',#3708);
#3708 = CARTESIAN_POINT('',(11.974793505608,-24.,10.316529003739));
#3709 = SURFACE_CURVE('',#3710,(#3714,#3721),.PCURVE_S1.);
#3710 = LINE('',#3711,#3712);
#3711 = CARTESIAN_POINT('',(15.308126838941,-27.33333333333,
    6.983195670405));
#3712 = VECTOR('',#3713,1.);
#3713 = DIRECTION('',(0.57735026919,-0.57735026919,-0.57735026919));
#3714 = PCURVE('',#2091,#3715);
#3715 = DEFINITIONAL_REPRESENTATION('',(#3716),#3720);
#3716 = LINE('',#3717,#3718);
#3717 = CARTESIAN_POINT('',(23.333333333334,4.714045207908));
#3718 = VECTOR('',#3719,1.);
#3719 = DIRECTION('',(0.57735026919,0.816496580928));
#3720 = ( GEOMETRIC_REPRESENTATION_CONTEXT(2) 
PARAMETRIC_REPRESENTATION_CONTEXT() REPRESENTATION_CONTEXT('2D SPACE',''
  ) );
#3721 = PCURVE('',#2117,#3722);
#3722 = DEFINITIONAL_REPRESENTATION('',(#3723),#3727);
#3723 = LINE('',#3724,#3725);
#3724 = CARTESIAN_POINT('',(6.666666666667,4.714045207908));
#3725 = VECTOR('',#3726,1.);
#3726 = DIRECTION('',(-0.57735026919,0.816496580928));
#3727 = ( GEOMETRIC_REPRESENTATION_CONTEXT(2) 
PARAMETRIC_REPRESENTATION_CONTEXT() REPRESENTATION_CONTEXT('2D SPACE',''
  ) );
#3728 = ORIENTED_EDGE('',*,*,#2075,.F.);
#3729 = ORIENTED_EDGE('',*,*,#3652,.T.);
#3730 = ORIENTED_EDGE('',*,*,#3731,.F.);
#3731 = EDGE_CURVE('',#3707,#3653,#3732,.T.);
#3732 = SURFACE_CURVE('',#3733,(#3737,#3744),.PCURVE_S1.);
#3733 = LINE('',#3734,#3735);
#3734 = CARTESIAN_POINT('',(11.974793505608,-24.,29.520188254736));
#3735 = VECTOR('',#3736,1.);
#3736 = DIRECTION('',(6.123233995737E-17,0.,1.));
#3737 = PCURVE('',#2091,#3738);
#3738 = DEFINITIONAL_REPRESENTATION('',(#3739),#3743);
#3739 = LINE('',#3740,#3741);
#3740 = CARTESIAN_POINT('',(0.796340749003,3.447980472132E-17));
#3741 = VECTOR('',#3742,1.);
#3742 = DIRECTION('',(-1.,-2.84113185396E-30));
#3743 = ( GEOMETRIC_REPRESENTATION_CONTEXT(2) 
PARAMETRIC_REPRESENTATION_CONTEXT() REPRESENTATION_CONTEXT('2D SPACE',''
  ) );
#3744 = PCURVE('',#3745,#3750);
#3745 = PLANE('',#3746);
#3746 = AXIS2_PLACEMENT_3D('',#3747,#3748,#3749);
#3747 = CARTESIAN_POINT('',(11.974793505608,-20.,30.316529003739));
#3748 = DIRECTION('',(1.,0.,-6.123233995737E-17));
#3749 = DIRECTION('',(-6.123233995737E-17,0.,-1.));
#3750 = DEFINITIONAL_REPRESENTATION('',(#3751),#3755);
#3751 = LINE('',#3752,#3753);
#3752 = CARTESIAN_POINT('',(0.796340749003,-4.));
#3753 = VECTOR('',#3754,1.);
#3754 = DIRECTION('',(-1.,0.));
#3755 = ( GEOMETRIC_REPRESENTATION_CONTEXT(2) 
PARAMETRIC_REPRESENTATION_CONTEXT() REPRESENTATION_CONTEXT('2D SPACE',''
  ) );
#3756 = ADVANCED_FACE('',(#3757),#2117,.T.);
#3757 = FACE_BOUND('',#3758,.T.);
#3758 = EDGE_LOOP('',(#3759,#3760,#3786,#3787));
#3759 = ORIENTED_EDGE('',*,*,#3706,.F.);
#3760 = ORIENTED_EDGE('',*,*,#3761,.F.);
#3761 = EDGE_CURVE('',#3420,#3707,#3762,.T.);
#3762 = SURFACE_CURVE('',#3763,(#3767,#3774),.PCURVE_S1.);
#3763 = LINE('',#3764,#3765);
#3764 = CARTESIAN_POINT('',(11.974793505608,-24.,10.316529003739));
#3765 = VECTOR('',#3766,1.);
#3766 = DIRECTION('',(1.,0.,0.));
#3767 = PCURVE('',#2117,#3768);
#3768 = DEFINITIONAL_REPRESENTATION('',(#3769),#3773);
#3769 = LINE('',#3770,#3771);
#3770 = CARTESIAN_POINT('',(10.,0.));
#3771 = VECTOR('',#3772,1.);
#3772 = DIRECTION('',(-1.,-0.));
#3773 = ( GEOMETRIC_REPRESENTATION_CONTEXT(2) 
PARAMETRIC_REPRESENTATION_CONTEXT() REPRESENTATION_CONTEXT('2D SPACE',''
  ) );
#3774 = PCURVE('',#3775,#3780);
#3775 = PLANE('',#3776);
#3776 = AXIS2_PLACEMENT_3D('',#3777,#3778,#3779);
#3777 = CARTESIAN_POINT('',(21.974793505608,-20.,10.316529003739));
#3778 = DIRECTION('',(0.,0.,-1.));
#3779 = DIRECTION('',(-1.,0.,0.));
#3780 = DEFINITIONAL_REPRESENTATION('',(#3781),#3785);
#3781 = LINE('',#3782,#3783);
#3782 = CARTESIAN_POINT('',(10.,-4.));
#3783 = VECTOR('',#3784,1.);
#3784 = DIRECTION('',(-1.,0.));
#3785 = ( GEOMETRIC_REPRESENTATION_CONTEXT(2) 
PARAMETRIC_REPRESENTATION_CONTEXT() REPRESENTATION_CONTEXT('2D SPACE',''
  ) );
#3786 = ORIENTED_EDGE('',*,*,#3419,.F.);
#3787 = ORIENTED_EDGE('',*,*,#2103,.F.);
#3788 = ADVANCED_FACE('',(#3789),#2211,.T.);
#3789 = FACE_BOUND('',#3790,.T.);
#3790 = EDGE_LOOP('',(#3791,#3792,#3813,#3814));
#3791 = ORIENTED_EDGE('',*,*,#2131,.F.);
#3792 = ORIENTED_EDGE('',*,*,#3793,.F.);
#3793 = EDGE_CURVE('',#2889,#2132,#3794,.T.);
#3794 = SEAM_CURVE('',#3795,(#3799,#3806),.PCURVE_S1.);
#3795 = B_SPLINE_CURVE_WITH_KNOTS('',2,(#3796,#3797,#3798),
  .UNSPECIFIED.,.F.,.F.,(3,3),(0.,1.),.PIECEWISE_BEZIER_KNOTS.);
#3796 = CARTESIAN_POINT('',(6.,-22.,60.));
#3797 = CARTESIAN_POINT('',(6.,-25.,60.));
#3798 = CARTESIAN_POINT('',(9.,-25.,60.));
#3799 = PCURVE('',#2211,#3800);
#3800 = DEFINITIONAL_REPRESENTATION('',(#3801),#3805);
#3801 = LINE('',#3802,#3803);
#3802 = CARTESIAN_POINT('',(0.,7.853981633974));
#3803 = VECTOR('',#3804,1.);
#3804 = DIRECTION('',(1.,0.));
#3805 = ( GEOMETRIC_REPRESENTATION_CONTEXT(2) 
PARAMETRIC_REPRESENTATION_CONTEXT() REPRESENTATION_CONTEXT('2D SPACE',''
  ) );
#3806 = PCURVE('',#2211,#3807);
#3807 = DEFINITIONAL_REPRESENTATION('',(#3808),#3812);
#3808 = LINE('',#3809,#3810);
#3809 = CARTESIAN_POINT('',(0.,1.570796326795));
#3810 = VECTOR('',#3811,1.);
#3811 = DIRECTION('',(1.,0.));
#3812 = ( GEOMETRIC_REPRESENTATION_CONTEXT(2) 
PARAMETRIC_REPRESENTATION_CONTEXT() REPRESENTATION_CONTEXT('2D SPACE',''
  ) );
#3813 = ORIENTED_EDGE('',*,*,#2888,.F.);
#3814 = ORIENTED_EDGE('',*,*,#3793,.T.);
#3815 = ADVANCED_FACE('',(#3816),#2443,.T.);
#3816 = FACE_BOUND('',#3817,.T.);
#3817 = EDGE_LOOP('',(#3818,#3819,#3820,#3821));
#3818 = ORIENTED_EDGE('',*,*,#2620,.T.);
#3819 = ORIENTED_EDGE('',*,*,#2429,.F.);
#3820 = ORIENTED_EDGE('',*,*,#3101,.F.);
#3821 = ORIENTED_EDGE('',*,*,#2566,.F.);
#3822 = ADVANCED_FACE('',(#3823),#3458,.T.);
#3823 = FACE_BOUND('',#3824,.T.);
#3824 = EDGE_LOOP('',(#3825,#3848,#3849,#3872));
#3825 = ORIENTED_EDGE('',*,*,#3826,.T.);
#3826 = EDGE_CURVE('',#3827,#3443,#3829,.T.);
#3827 = VERTEX_POINT('',#3828);
#3828 = CARTESIAN_POINT('',(-8.025206494392,-20.,29.520188254736));
#3829 = SURFACE_CURVE('',#3830,(#3834,#3841),.PCURVE_S1.);
#3830 = LINE('',#3831,#3832);
#3831 = CARTESIAN_POINT('',(-8.025206494392,-20.,29.520188254736));
#3832 = VECTOR('',#3833,1.);
#3833 = DIRECTION('',(0.,-1.,0.));
#3834 = PCURVE('',#3458,#3835);
#3835 = DEFINITIONAL_REPRESENTATION('',(#3836),#3840);
#3836 = LINE('',#3837,#3838);
#3837 = CARTESIAN_POINT('',(8.296340749003,0.));
#3838 = VECTOR('',#3839,1.);
#3839 = DIRECTION('',(-0.,-1.));
#3840 = ( GEOMETRIC_REPRESENTATION_CONTEXT(2) 
PARAMETRIC_REPRESENTATION_CONTEXT() REPRESENTATION_CONTEXT('2D SPACE',''
  ) );
#3841 = PCURVE('',#3558,#3842);
#3842 = DEFINITIONAL_REPRESENTATION('',(#3843),#3847);
#3843 = LINE('',#3844,#3845);
#3844 = CARTESIAN_POINT('',(0.796340749003,0.));
#3845 = VECTOR('',#3846,1.);
#3846 = DIRECTION('',(0.,-1.));
#3847 = ( GEOMETRIC_REPRESENTATION_CONTEXT(2) 
PARAMETRIC_REPRESENTATION_CONTEXT() REPRESENTATION_CONTEXT('2D SPACE',''
  ) );
#3848 = ORIENTED_EDGE('',*,*,#3442,.T.);
#3849 = ORIENTED_EDGE('',*,*,#3850,.F.);
#3850 = EDGE_CURVE('',#3851,#3420,#3853,.T.);
#3851 = VERTEX_POINT('',#3852);
#3852 = CARTESIAN_POINT('',(-8.025206494392,-20.,10.316529003739));
#3853 = SURFACE_CURVE('',#3854,(#3858,#3865),.PCURVE_S1.);
#3854 = LINE('',#3855,#3856);
#3855 = CARTESIAN_POINT('',(-8.025206494392,-20.,10.316529003739));
#3856 = VECTOR('',#3857,1.);
#3857 = DIRECTION('',(0.,-1.,0.));
#3858 = PCURVE('',#3458,#3859);
#3859 = DEFINITIONAL_REPRESENTATION('',(#3860),#3864);
#3860 = LINE('',#3861,#3862);
#3861 = CARTESIAN_POINT('',(27.5,0.));
#3862 = VECTOR('',#3863,1.);
#3863 = DIRECTION('',(-0.,-1.));
#3864 = ( GEOMETRIC_REPRESENTATION_CONTEXT(2) 
PARAMETRIC_REPRESENTATION_CONTEXT() REPRESENTATION_CONTEXT('2D SPACE',''
  ) );
#3865 = PCURVE('',#3775,#3866);
#3866 = DEFINITIONAL_REPRESENTATION('',(#3867),#3871);
#3867 = LINE('',#3868,#3869);
#3868 = CARTESIAN_POINT('',(30.,0.));
#3869 = VECTOR('',#3870,1.);
#3870 = DIRECTION('',(0.,-1.));
#3871 = ( GEOMETRIC_REPRESENTATION_CONTEXT(2) 
PARAMETRIC_REPRESENTATION_CONTEXT() REPRESENTATION_CONTEXT('2D SPACE',''
  ) );
#3872 = ORIENTED_EDGE('',*,*,#3873,.T.);
#3873 = EDGE_CURVE('',#3851,#3827,#3874,.T.);
#3874 = SURFACE_CURVE('',#3875,(#3879,#3886),.PCURVE_S1.);
#3875 = LINE('',#3876,#3877);
#3876 = CARTESIAN_POINT('',(-8.025206494392,-20.,37.816529003739));
#3877 = VECTOR('',#3878,1.);
#3878 = DIRECTION('',(6.123233995737E-17,0.,1.));
#3879 = PCURVE('',#3458,#3880);
#3880 = DEFINITIONAL_REPRESENTATION('',(#3881),#3885);
#3881 = LINE('',#3882,#3883);
#3882 = CARTESIAN_POINT('',(0.,0.));
#3883 = VECTOR('',#3884,1.);
#3884 = DIRECTION('',(-1.,0.));
#3885 = ( GEOMETRIC_REPRESENTATION_CONTEXT(2) 
PARAMETRIC_REPRESENTATION_CONTEXT() REPRESENTATION_CONTEXT('2D SPACE',''
  ) );
#3886 = PCURVE('',#3887,#3892);
#3887 = PLANE('',#3888);
#3888 = AXIS2_PLACEMENT_3D('',#3889,#3890,#3891);
#3889 = CARTESIAN_POINT('',(-1.743050148661E-11,-20.,37.50004319021));
#3890 = DIRECTION('',(0.,-1.,0.));
#3891 = DIRECTION('',(1.,0.,0.));
#3892 = DEFINITIONAL_REPRESENTATION('',(#3893),#3897);
#3893 = LINE('',#3894,#3895);
#3894 = CARTESIAN_POINT('',(-8.025206494375,0.316485813529));
#3895 = VECTOR('',#3896,1.);
#3896 = DIRECTION('',(6.123233995737E-17,1.));
#3897 = ( GEOMETRIC_REPRESENTATION_CONTEXT(2) 
PARAMETRIC_REPRESENTATION_CONTEXT() REPRESENTATION_CONTEXT('2D SPACE',''
  ) );
#3898 = ADVANCED_FACE('',(#3899),#3558,.F.);
#3899 = FACE_BOUND('',#3900,.T.);
#3900 = EDGE_LOOP('',(#3901,#3924,#3925,#3926));
#3901 = ORIENTED_EDGE('',*,*,#3902,.T.);
#3902 = EDGE_CURVE('',#3903,#3496,#3905,.T.);
#3903 = VERTEX_POINT('',#3904);
#3904 = CARTESIAN_POINT('',(-5.367602435047,-20.,46.100720132955));
#3905 = SURFACE_CURVE('',#3906,(#3910,#3917),.PCURVE_S1.);
#3906 = LINE('',#3907,#3908);
#3907 = CARTESIAN_POINT('',(-5.367602435047,-20.,46.100720132955));
#3908 = VECTOR('',#3909,1.);
#3909 = DIRECTION('',(0.,-1.,0.));
#3910 = PCURVE('',#3558,#3911);
#3911 = DEFINITIONAL_REPRESENTATION('',(#3912),#3916);
#3912 = LINE('',#3913,#3914);
#3913 = CARTESIAN_POINT('',(17.588508467939,0.));
#3914 = VECTOR('',#3915,1.);
#3915 = DIRECTION('',(0.,-1.));
#3916 = ( GEOMETRIC_REPRESENTATION_CONTEXT(2) 
PARAMETRIC_REPRESENTATION_CONTEXT() REPRESENTATION_CONTEXT('2D SPACE',''
  ) );
#3917 = PCURVE('',#3637,#3918);
#3918 = DEFINITIONAL_REPRESENTATION('',(#3919),#3923);
#3919 = LINE('',#3920,#3921);
#3920 = CARTESIAN_POINT('',(6.759941765267,0.));
#3921 = VECTOR('',#3922,1.);
#3922 = DIRECTION('',(0.,-1.));
#3923 = ( GEOMETRIC_REPRESENTATION_CONTEXT(2) 
PARAMETRIC_REPRESENTATION_CONTEXT() REPRESENTATION_CONTEXT('2D SPACE',''
  ) );
#3924 = ORIENTED_EDGE('',*,*,#3544,.T.);
#3925 = ORIENTED_EDGE('',*,*,#3826,.F.);
#3926 = ORIENTED_EDGE('',*,*,#3927,.F.);
#3927 = EDGE_CURVE('',#3903,#3827,#3928,.T.);
#3928 = SURFACE_CURVE('',#3929,(#3933,#3940),.PCURVE_S1.);
#3929 = LINE('',#3930,#3931);
#3930 = CARTESIAN_POINT('',(-8.151238966351,-20.,28.733883985045));
#3931 = VECTOR('',#3932,1.);
#3932 = DIRECTION('',(-0.158264501869,0.,-0.987396752804));
#3933 = PCURVE('',#3558,#3934);
#3934 = DEFINITIONAL_REPRESENTATION('',(#3935),#3939);
#3935 = LINE('',#3936,#3937);
#3936 = CARTESIAN_POINT('',(0.,0.));
#3937 = VECTOR('',#3938,1.);
#3938 = DIRECTION('',(-1.,0.));
#3939 = ( GEOMETRIC_REPRESENTATION_CONTEXT(2) 
PARAMETRIC_REPRESENTATION_CONTEXT() REPRESENTATION_CONTEXT('2D SPACE',''
  ) );
#3940 = PCURVE('',#3887,#3941);
#3941 = DEFINITIONAL_REPRESENTATION('',(#3942),#3946);
#3942 = LINE('',#3943,#3944);
#3943 = CARTESIAN_POINT('',(-8.151238966334,-8.766159205165));
#3944 = VECTOR('',#3945,1.);
#3945 = DIRECTION('',(-0.158264501869,-0.987396752804));
#3946 = ( GEOMETRIC_REPRESENTATION_CONTEXT(2) 
PARAMETRIC_REPRESENTATION_CONTEXT() REPRESENTATION_CONTEXT('2D SPACE',''
  ) );
#3947 = ADVANCED_FACE('',(#3948),#3637,.T.);
#3948 = FACE_BOUND('',#3949,.T.);
#3949 = EDGE_LOOP('',(#3950,#3973,#3974,#3975));
#3950 = ORIENTED_EDGE('',*,*,#3951,.T.);
#3951 = EDGE_CURVE('',#3952,#3574,#3954,.T.);
#3952 = VERTEX_POINT('',#3953);
#3953 = CARTESIAN_POINT('',(9.317189446264,-20.,46.100720132955));
#3954 = SURFACE_CURVE('',#3955,(#3959,#3966),.PCURVE_S1.);
#3955 = LINE('',#3956,#3957);
#3956 = CARTESIAN_POINT('',(9.317189446264,-20.,46.100720132955));
#3957 = VECTOR('',#3958,1.);
#3958 = DIRECTION('',(0.,-1.,0.));
#3959 = PCURVE('',#3637,#3960);
#3960 = DEFINITIONAL_REPRESENTATION('',(#3961),#3965);
#3961 = LINE('',#3962,#3963);
#3962 = CARTESIAN_POINT('',(5.806428849092,0.));
#3963 = VECTOR('',#3964,1.);
#3964 = DIRECTION('',(0.,-1.));
#3965 = ( GEOMETRIC_REPRESENTATION_CONTEXT(2) 
PARAMETRIC_REPRESENTATION_CONTEXT() REPRESENTATION_CONTEXT('2D SPACE',''
  ) );
#3966 = PCURVE('',#3691,#3967);
#3967 = DEFINITIONAL_REPRESENTATION('',(#3968),#3972);
#3968 = LINE('',#3969,#3970);
#3969 = CARTESIAN_POINT('',(7.017742784521,0.));
#3970 = VECTOR('',#3971,1.);
#3971 = DIRECTION('',(0.,-1.));
#3972 = ( GEOMETRIC_REPRESENTATION_CONTEXT(2) 
PARAMETRIC_REPRESENTATION_CONTEXT() REPRESENTATION_CONTEXT('2D SPACE',''
  ) );
#3973 = ORIENTED_EDGE('',*,*,#3622,.F.);
#3974 = ORIENTED_EDGE('',*,*,#3902,.F.);
#3975 = ORIENTED_EDGE('',*,*,#3976,.F.);
#3976 = EDGE_CURVE('',#3952,#3903,#3977,.T.);
#3977 = SURFACE_CURVE('',#3978,(#3983,#4012),.PCURVE_S1.);
#3978 = CIRCLE('',#3979,16.);
#3979 = AXIS2_PLACEMENT_3D('',#3980,#3981,#3982);
#3980 = CARTESIAN_POINT('',(1.974793505608,-20.,60.316529003739));
#3981 = DIRECTION('',(0.,1.,0.));
#3982 = DIRECTION('',(0.458899746291,0.,-0.888488054424));
#3983 = PCURVE('',#3637,#3984);
#3984 = DEFINITIONAL_REPRESENTATION('',(#3985),#4011);
#3985 = B_SPLINE_CURVE_WITH_KNOTS('',3,(#3986,#3987,#3988,#3989,#3990,
    #3991,#3992,#3993,#3994,#3995,#3996,#3997,#3998,#3999,#4000,#4001,
    #4002,#4003,#4004,#4005,#4006,#4007,#4008,#4009,#4010),
  .UNSPECIFIED.,.F.,.F.,(4,1,1,1,1,1,1,1,1,1,1,1,1,1,1,1,1,1,1,1,1,1,4),
  (1.665334536938E-15,4.334149618974E-02,8.668299237948E-02,
    0.130024488569,0.173365984759,0.216707480949,0.260048977138,
    0.303390473328,0.346731969518,0.390073465708,0.433414961897,
    0.476756458087,0.520097954277,0.563439450467,0.606780946656,
    0.650122442846,0.693463939036,0.736805435226,0.780146931415,
    0.823488427605,0.866829923795,0.910171419984,0.953512916174),
  .UNSPECIFIED.);
#3986 = CARTESIAN_POINT('',(5.806428849092,0.));
#3987 = CARTESIAN_POINT('',(5.820876014489,0.));
#3988 = CARTESIAN_POINT('',(5.849770345282,0.));
#3989 = CARTESIAN_POINT('',(5.893111841472,0.));
#3990 = CARTESIAN_POINT('',(5.936453337662,0.));
#3991 = CARTESIAN_POINT('',(5.979794833851,0.));
#3992 = CARTESIAN_POINT('',(6.023136330041,0.));
#3993 = CARTESIAN_POINT('',(6.066477826231,0.));
#3994 = CARTESIAN_POINT('',(6.109819322421,0.));
#3995 = CARTESIAN_POINT('',(6.15316081861,0.));
#3996 = CARTESIAN_POINT('',(6.1965023148,0.));
#3997 = CARTESIAN_POINT('',(6.23984381099,0.));
#3998 = CARTESIAN_POINT('',(6.28318530718,0.));
#3999 = CARTESIAN_POINT('',(6.326526803369,0.));
#4000 = CARTESIAN_POINT('',(6.369868299559,0.));
#4001 = CARTESIAN_POINT('',(6.413209795749,0.));
#4002 = CARTESIAN_POINT('',(6.456551291939,0.));
#4003 = CARTESIAN_POINT('',(6.499892788128,0.));
#4004 = CARTESIAN_POINT('',(6.543234284318,0.));
#4005 = CARTESIAN_POINT('',(6.586575780508,0.));
#4006 = CARTESIAN_POINT('',(6.629917276697,0.));
#4007 = CARTESIAN_POINT('',(6.673258772887,0.));
#4008 = CARTESIAN_POINT('',(6.716600269077,0.));
#4009 = CARTESIAN_POINT('',(6.74549459987,0.));
#4010 = CARTESIAN_POINT('',(6.759941765267,0.));
#4011 = ( GEOMETRIC_REPRESENTATION_CONTEXT(2) 
PARAMETRIC_REPRESENTATION_CONTEXT() REPRESENTATION_CONTEXT('2D SPACE',''
  ) );
#4012 = PCURVE('',#3887,#4013);
#4013 = DEFINITIONAL_REPRESENTATION('',(#4014),#4022);
#4014 = ( BOUNDED_CURVE() B_SPLINE_CURVE(2,(#4015,#4016,#4017,#4018,
#4019,#4020,#4021),.UNSPECIFIED.,.T.,.F.) B_SPLINE_CURVE_WITH_KNOTS((1,2
    ,2,2,2,1),(-2.094395102393,0.,2.094395102393,4.188790204786,
6.28318530718,8.377580409573),.UNSPECIFIED.) CURVE() 
GEOMETRIC_REPRESENTATION_ITEM() RATIONAL_B_SPLINE_CURVE((1.,0.5,1.,0.5,
1.,0.5,1.)) REPRESENTATION_ITEM('') );
#4015 = CARTESIAN_POINT('',(9.317189446281,8.600676942746));
#4016 = CARTESIAN_POINT('',(-15.3053137886,-4.116725875757));
#4017 = CARTESIAN_POINT('',(-14.00765608214,23.565688839669));
#4018 = CARTESIAN_POINT('',(-12.70999837568,51.248103555096));
#4019 = CARTESIAN_POINT('',(10.61484715274,36.283091658172));
#4020 = CARTESIAN_POINT('',(33.939692681166,21.318079761249));
#4021 = CARTESIAN_POINT('',(9.317189446281,8.600676942746));
#4022 = ( GEOMETRIC_REPRESENTATION_CONTEXT(2) 
PARAMETRIC_REPRESENTATION_CONTEXT() REPRESENTATION_CONTEXT('2D SPACE',''
  ) );
#4023 = ADVANCED_FACE('',(#4024),#3691,.T.);
#4024 = FACE_BOUND('',#4025,.T.);
#4025 = EDGE_LOOP('',(#4026,#4049,#4050,#4051));
#4026 = ORIENTED_EDGE('',*,*,#4027,.T.);
#4027 = EDGE_CURVE('',#4028,#3653,#4030,.T.);
#4028 = VERTEX_POINT('',#4029);
#4029 = CARTESIAN_POINT('',(11.974793505608,-20.,29.520188254736));
#4030 = SURFACE_CURVE('',#4031,(#4035,#4042),.PCURVE_S1.);
#4031 = LINE('',#4032,#4033);
#4032 = CARTESIAN_POINT('',(11.974793505608,-20.,29.520188254736));
#4033 = VECTOR('',#4034,1.);
#4034 = DIRECTION('',(0.,-1.,0.));
#4035 = PCURVE('',#3691,#4036);
#4036 = DEFINITIONAL_REPRESENTATION('',(#4037),#4041);
#4037 = LINE('',#4038,#4039);
#4038 = CARTESIAN_POINT('',(-9.774424934415,0.));
#4039 = VECTOR('',#4040,1.);
#4040 = DIRECTION('',(0.,-1.));
#4041 = ( GEOMETRIC_REPRESENTATION_CONTEXT(2) 
PARAMETRIC_REPRESENTATION_CONTEXT() REPRESENTATION_CONTEXT('2D SPACE',''
  ) );
#4042 = PCURVE('',#3745,#4043);
#4043 = DEFINITIONAL_REPRESENTATION('',(#4044),#4048);
#4044 = LINE('',#4045,#4046);
#4045 = CARTESIAN_POINT('',(0.796340749003,0.));
#4046 = VECTOR('',#4047,1.);
#4047 = DIRECTION('',(-0.,-1.));
#4048 = ( GEOMETRIC_REPRESENTATION_CONTEXT(2) 
PARAMETRIC_REPRESENTATION_CONTEXT() REPRESENTATION_CONTEXT('2D SPACE',''
  ) );
#4049 = ORIENTED_EDGE('',*,*,#3677,.T.);
#4050 = ORIENTED_EDGE('',*,*,#3951,.F.);
#4051 = ORIENTED_EDGE('',*,*,#4052,.T.);
#4052 = EDGE_CURVE('',#3952,#4028,#4053,.T.);
#4053 = SURFACE_CURVE('',#4054,(#4058,#4065),.PCURVE_S1.);
#4054 = LINE('',#4055,#4056);
#4055 = CARTESIAN_POINT('',(10.427849012303,-20.,39.171423695505));
#4056 = VECTOR('',#4057,1.);
#4057 = DIRECTION('',(0.158264501869,0.,-0.987396752804));
#4058 = PCURVE('',#3691,#4059);
#4059 = DEFINITIONAL_REPRESENTATION('',(#4060),#4064);
#4060 = LINE('',#4061,#4062);
#4061 = CARTESIAN_POINT('',(0.,0.));
#4062 = VECTOR('',#4063,1.);
#4063 = DIRECTION('',(-1.,0.));
#4064 = ( GEOMETRIC_REPRESENTATION_CONTEXT(2) 
PARAMETRIC_REPRESENTATION_CONTEXT() REPRESENTATION_CONTEXT('2D SPACE',''
  ) );
#4065 = PCURVE('',#3887,#4066);
#4066 = DEFINITIONAL_REPRESENTATION('',(#4067),#4071);
#4067 = LINE('',#4068,#4069);
#4068 = CARTESIAN_POINT('',(10.42784901232,1.671380505295));
#4069 = VECTOR('',#4070,1.);
#4070 = DIRECTION('',(0.158264501869,-0.987396752804));
#4071 = ( GEOMETRIC_REPRESENTATION_CONTEXT(2) 
PARAMETRIC_REPRESENTATION_CONTEXT() REPRESENTATION_CONTEXT('2D SPACE',''
  ) );
#4072 = ADVANCED_FACE('',(#4073),#3745,.F.);
#4073 = FACE_BOUND('',#4074,.T.);
#4074 = EDGE_LOOP('',(#4075,#4098,#4099,#4100));
#4075 = ORIENTED_EDGE('',*,*,#4076,.T.);
#4076 = EDGE_CURVE('',#4077,#3707,#4079,.T.);
#4077 = VERTEX_POINT('',#4078);
#4078 = CARTESIAN_POINT('',(11.974793505608,-20.,10.316529003739));
#4079 = SURFACE_CURVE('',#4080,(#4084,#4091),.PCURVE_S1.);
#4080 = LINE('',#4081,#4082);
#4081 = CARTESIAN_POINT('',(11.974793505608,-20.,10.316529003739));
#4082 = VECTOR('',#4083,1.);
#4083 = DIRECTION('',(0.,-1.,0.));
#4084 = PCURVE('',#3745,#4085);
#4085 = DEFINITIONAL_REPRESENTATION('',(#4086),#4090);
#4086 = LINE('',#4087,#4088);
#4087 = CARTESIAN_POINT('',(20.,0.));
#4088 = VECTOR('',#4089,1.);
#4089 = DIRECTION('',(-0.,-1.));
#4090 = ( GEOMETRIC_REPRESENTATION_CONTEXT(2) 
PARAMETRIC_REPRESENTATION_CONTEXT() REPRESENTATION_CONTEXT('2D SPACE',''
  ) );
#4091 = PCURVE('',#3775,#4092);
#4092 = DEFINITIONAL_REPRESENTATION('',(#4093),#4097);
#4093 = LINE('',#4094,#4095);
#4094 = CARTESIAN_POINT('',(10.,0.));
#4095 = VECTOR('',#4096,1.);
#4096 = DIRECTION('',(0.,-1.));
#4097 = ( GEOMETRIC_REPRESENTATION_CONTEXT(2) 
PARAMETRIC_REPRESENTATION_CONTEXT() REPRESENTATION_CONTEXT('2D SPACE',''
  ) );
#4098 = ORIENTED_EDGE('',*,*,#3731,.T.);
#4099 = ORIENTED_EDGE('',*,*,#4027,.F.);
#4100 = ORIENTED_EDGE('',*,*,#4101,.F.);
#4101 = EDGE_CURVE('',#4077,#4028,#4102,.T.);
#4102 = SURFACE_CURVE('',#4103,(#4107,#4114),.PCURVE_S1.);
#4103 = LINE('',#4104,#4105);
#4104 = CARTESIAN_POINT('',(11.974793505608,-20.,30.316529003739));
#4105 = VECTOR('',#4106,1.);
#4106 = DIRECTION('',(6.123233995737E-17,0.,1.));
#4107 = PCURVE('',#3745,#4108);
#4108 = DEFINITIONAL_REPRESENTATION('',(#4109),#4113);
#4109 = LINE('',#4110,#4111);
#4110 = CARTESIAN_POINT('',(0.,0.));
#4111 = VECTOR('',#4112,1.);
#4112 = DIRECTION('',(-1.,0.));
#4113 = ( GEOMETRIC_REPRESENTATION_CONTEXT(2) 
PARAMETRIC_REPRESENTATION_CONTEXT() REPRESENTATION_CONTEXT('2D SPACE',''
  ) );
#4114 = PCURVE('',#3887,#4115);
#4115 = DEFINITIONAL_REPRESENTATION('',(#4116),#4120);
#4116 = LINE('',#4117,#4118);
#4117 = CARTESIAN_POINT('',(11.974793505625,-7.183514186471));
#4118 = VECTOR('',#4119,1.);
#4119 = DIRECTION('',(6.123233995737E-17,1.));
#4120 = ( GEOMETRIC_REPRESENTATION_CONTEXT(2) 
PARAMETRIC_REPRESENTATION_CONTEXT() REPRESENTATION_CONTEXT('2D SPACE',''
  ) );
#4121 = ADVANCED_FACE('',(#4122),#3775,.F.);
#4122 = FACE_BOUND('',#4123,.T.);
#4123 = EDGE_LOOP('',(#4124,#4125,#4126,#4127));
#4124 = ORIENTED_EDGE('',*,*,#3850,.T.);
#4125 = ORIENTED_EDGE('',*,*,#3761,.T.);
#4126 = ORIENTED_EDGE('',*,*,#4076,.F.);
#4127 = ORIENTED_EDGE('',*,*,#4128,.F.);
#4128 = EDGE_CURVE('',#3851,#4077,#4129,.T.);
#4129 = SURFACE_CURVE('',#4130,(#4134,#4141),.PCURVE_S1.);
#4130 = LINE('',#4131,#4132);
#4131 = CARTESIAN_POINT('',(21.974793505608,-20.,10.316529003739));
#4132 = VECTOR('',#4133,1.);
#4133 = DIRECTION('',(1.,0.,0.));
#4134 = PCURVE('',#3775,#4135);
#4135 = DEFINITIONAL_REPRESENTATION('',(#4136),#4140);
#4136 = LINE('',#4137,#4138);
#4137 = CARTESIAN_POINT('',(0.,0.));
#4138 = VECTOR('',#4139,1.);
#4139 = DIRECTION('',(-1.,0.));
#4140 = ( GEOMETRIC_REPRESENTATION_CONTEXT(2) 
PARAMETRIC_REPRESENTATION_CONTEXT() REPRESENTATION_CONTEXT('2D SPACE',''
  ) );
#4141 = PCURVE('',#3887,#4142);
#4142 = DEFINITIONAL_REPRESENTATION('',(#4143),#4147);
#4143 = LINE('',#4144,#4145);
#4144 = CARTESIAN_POINT('',(21.974793505625,-27.18351418647));
#4145 = VECTOR('',#4146,1.);
#4146 = DIRECTION('',(1.,0.));
#4147 = ( GEOMETRIC_REPRESENTATION_CONTEXT(2) 
PARAMETRIC_REPRESENTATION_CONTEXT() REPRESENTATION_CONTEXT('2D SPACE',''
  ) );
#4148 = ADVANCED_FACE('',(#4149),#3887,.T.);
#4149 = FACE_BOUND('',#4150,.T.);
#4150 = EDGE_LOOP('',(#4151,#4152,#4153,#4154,#4155,#4156));
#4151 = ORIENTED_EDGE('',*,*,#4128,.T.);
#4152 = ORIENTED_EDGE('',*,*,#4101,.T.);
#4153 = ORIENTED_EDGE('',*,*,#4052,.F.);
#4154 = ORIENTED_EDGE('',*,*,#3976,.T.);
#4155 = ORIENTED_EDGE('',*,*,#3927,.T.);
#4156 = ORIENTED_EDGE('',*,*,#3873,.F.);
#4157 = MANIFOLD_SOLID_BREP('',#4158);
#4158 = CLOSED_SHELL('',(#4159,#4248,#4326,#4331));
#4159 = ADVANCED_FACE('',(#4160),#4175,.F.);
#4160 = FACE_BOUND('',#4161,.F.);
#4161 = EDGE_LOOP('',(#4162,#4198,#4222));
#4162 = ORIENTED_EDGE('',*,*,#4163,.T.);
#4163 = EDGE_CURVE('',#4164,#4166,#4168,.T.);
#4164 = VERTEX_POINT('',#4165);
#4165 = CARTESIAN_POINT('',(-2.541822321207E-15,-16.667,75.0000001));
#4166 = VERTEX_POINT('',#4167);
#4167 = CARTESIAN_POINT('',(4.167,-12.5,75.0000001));
#4168 = SURFACE_CURVE('',#4169,(#4174,#4186),.PCURVE_S1.);
#4169 = CIRCLE('',#4170,4.167);
#4170 = AXIS2_PLACEMENT_3D('',#4171,#4172,#4173);
#4171 = CARTESIAN_POINT('',(-1.7763568394E-15,-12.5,75.0000001));
#4172 = DIRECTION('',(0.,0.,1.));
#4173 = DIRECTION('',(1.,0.,0.));
#4174 = PCURVE('',#4175,#4180);
#4175 = PLANE('',#4176);
#4176 = AXIS2_PLACEMENT_3D('',#4177,#4178,#4179);
#4177 = CARTESIAN_POINT('',(-1.7763568394E-15,-12.5,75.0000001));
#4178 = DIRECTION('',(0.,0.,1.));
#4179 = DIRECTION('',(1.,0.,0.));
#4180 = DEFINITIONAL_REPRESENTATION('',(#4181),#4185);
#4181 = CIRCLE('',#4182,4.167);
#4182 = AXIS2_PLACEMENT_2D('',#4183,#4184);
#4183 = CARTESIAN_POINT('',(0.,0.));
#4184 = DIRECTION('',(1.,0.));
#4185 = ( GEOMETRIC_REPRESENTATION_CONTEXT(2) 
PARAMETRIC_REPRESENTATION_CONTEXT() REPRESENTATION_CONTEXT('2D SPACE',''
  ) );
#4186 = PCURVE('',#4187,#4192);
#4187 = CYLINDRICAL_SURFACE('',#4188,4.167);
#4188 = AXIS2_PLACEMENT_3D('',#4189,#4190,#4191);
#4189 = CARTESIAN_POINT('',(-1.7763568394E-15,-12.5,75.0000001));
#4190 = DIRECTION('',(0.,0.,1.));
#4191 = DIRECTION('',(1.,0.,0.));
#4192 = DEFINITIONAL_REPRESENTATION('',(#4193),#4197);
#4193 = LINE('',#4194,#4195);
#4194 = CARTESIAN_POINT('',(0.,0.));
#4195 = VECTOR('',#4196,1.);
#4196 = DIRECTION('',(1.,0.));
#4197 = ( GEOMETRIC_REPRESENTATION_CONTEXT(2) 
PARAMETRIC_REPRESENTATION_CONTEXT() REPRESENTATION_CONTEXT('2D SPACE',''
  ) );
#4198 = ORIENTED_EDGE('',*,*,#4199,.T.);
#4199 = EDGE_CURVE('',#4166,#4200,#4202,.T.);
#4200 = VERTEX_POINT('',#4201);
#4201 = CARTESIAN_POINT('',(-5.959418100753E-16,-8.333,75.0000001));
#4202 = SURFACE_CURVE('',#4203,(#4208,#4215),.PCURVE_S1.);
#4203 = CIRCLE('',#4204,4.167);
#4204 = AXIS2_PLACEMENT_3D('',#4205,#4206,#4207);
#4205 = CARTESIAN_POINT('',(-1.7763568394E-15,-12.5,75.0000001));
#4206 = DIRECTION('',(0.,0.,1.));
#4207 = DIRECTION('',(1.,0.,0.));
#4208 = PCURVE('',#4175,#4209);
#4209 = DEFINITIONAL_REPRESENTATION('',(#4210),#4214);
#4210 = CIRCLE('',#4211,4.167);
#4211 = AXIS2_PLACEMENT_2D('',#4212,#4213);
#4212 = CARTESIAN_POINT('',(0.,0.));
#4213 = DIRECTION('',(1.,0.));
#4214 = ( GEOMETRIC_REPRESENTATION_CONTEXT(2) 
PARAMETRIC_REPRESENTATION_CONTEXT() REPRESENTATION_CONTEXT('2D SPACE',''
  ) );
#4215 = PCURVE('',#4187,#4216);
#4216 = DEFINITIONAL_REPRESENTATION('',(#4217),#4221);
#4217 = LINE('',#4218,#4219);
#4218 = CARTESIAN_POINT('',(0.,0.));
#4219 = VECTOR('',#4220,1.);
#4220 = DIRECTION('',(1.,0.));
#4221 = ( GEOMETRIC_REPRESENTATION_CONTEXT(2) 
PARAMETRIC_REPRESENTATION_CONTEXT() REPRESENTATION_CONTEXT('2D SPACE',''
  ) );
#4222 = ORIENTED_EDGE('',*,*,#4223,.T.);
#4223 = EDGE_CURVE('',#4200,#4164,#4224,.T.);
#4224 = SURFACE_CURVE('',#4225,(#4229,#4236),.PCURVE_S1.);
#4225 = LINE('',#4226,#4227);
#4226 = CARTESIAN_POINT('',(-1.351702651971E-16,-25.,75.0000001));
#4227 = VECTOR('',#4228,1.);
#4228 = DIRECTION('',(-0.,-1.,-0.));
#4229 = PCURVE('',#4175,#4230);
#4230 = DEFINITIONAL_REPRESENTATION('',(#4231),#4235);
#4231 = LINE('',#4232,#4233);
#4232 = CARTESIAN_POINT('',(1.641186574203E-15,-12.5));
#4233 = VECTOR('',#4234,1.);
#4234 = DIRECTION('',(0.,-1.));
#4235 = ( GEOMETRIC_REPRESENTATION_CONTEXT(2) 
PARAMETRIC_REPRESENTATION_CONTEXT() REPRESENTATION_CONTEXT('2D SPACE',''
  ) );
#4236 = PCURVE('',#4237,#4242);
#4237 = PLANE('',#4238);
#4238 = AXIS2_PLACEMENT_3D('',#4239,#4240,#4241);
#4239 = CARTESIAN_POINT('',(-1.7763568394E-15,-12.5,75.0000001));
#4240 = DIRECTION('',(0.,0.,1.));
#4241 = DIRECTION('',(1.,0.,0.));
#4242 = DEFINITIONAL_REPRESENTATION('',(#4243),#4247);
#4243 = LINE('',#4244,#4245);
#4244 = CARTESIAN_POINT('',(1.641186574203E-15,-12.5));
#4245 = VECTOR('',#4246,1.);
#4246 = DIRECTION('',(0.,-1.));
#4247 = ( GEOMETRIC_REPRESENTATION_CONTEXT(2) 
PARAMETRIC_REPRESENTATION_CONTEXT() REPRESENTATION_CONTEXT('2D SPACE',''
  ) );
#4248 = ADVANCED_FACE('',(#4249),#4187,.T.);
#4249 = FACE_BOUND('',#4250,.T.);
#4250 = EDGE_LOOP('',(#4251,#4274,#4301,#4302,#4303,#4325));
#4251 = ORIENTED_EDGE('',*,*,#4252,.T.);
#4252 = EDGE_CURVE('',#4166,#4253,#4255,.T.);
#4253 = VERTEX_POINT('',#4254);
#4254 = CARTESIAN_POINT('',(4.167,-12.5,112.5000001));
#4255 = SEAM_CURVE('',#4256,(#4260,#4267),.PCURVE_S1.);
#4256 = LINE('',#4257,#4258);
#4257 = CARTESIAN_POINT('',(4.167,-12.5,75.0000001));
#4258 = VECTOR('',#4259,1.);
#4259 = DIRECTION('',(0.,0.,1.));
#4260 = PCURVE('',#4187,#4261);
#4261 = DEFINITIONAL_REPRESENTATION('',(#4262),#4266);
#4262 = LINE('',#4263,#4264);
#4263 = CARTESIAN_POINT('',(6.28318530718,0.));
#4264 = VECTOR('',#4265,1.);
#4265 = DIRECTION('',(0.,1.));
#4266 = ( GEOMETRIC_REPRESENTATION_CONTEXT(2) 
PARAMETRIC_REPRESENTATION_CONTEXT() REPRESENTATION_CONTEXT('2D SPACE',''
  ) );
#4267 = PCURVE('',#4187,#4268);
#4268 = DEFINITIONAL_REPRESENTATION('',(#4269),#4273);
#4269 = LINE('',#4270,#4271);
#4270 = CARTESIAN_POINT('',(4.138911435803E-13,0.));
#4271 = VECTOR('',#4272,1.);
#4272 = DIRECTION('',(0.,1.));
#4273 = ( GEOMETRIC_REPRESENTATION_CONTEXT(2) 
PARAMETRIC_REPRESENTATION_CONTEXT() REPRESENTATION_CONTEXT('2D SPACE',''
  ) );
#4274 = ORIENTED_EDGE('',*,*,#4275,.F.);
#4275 = EDGE_CURVE('',#4253,#4253,#4276,.T.);
#4276 = SURFACE_CURVE('',#4277,(#4282,#4289),.PCURVE_S1.);
#4277 = CIRCLE('',#4278,4.167);
#4278 = AXIS2_PLACEMENT_3D('',#4279,#4280,#4281);
#4279 = CARTESIAN_POINT('',(-1.7763568394E-15,-12.5,112.5000001));
#4280 = DIRECTION('',(0.,0.,1.));
#4281 = DIRECTION('',(1.,0.,0.));
#4282 = PCURVE('',#4187,#4283);
#4283 = DEFINITIONAL_REPRESENTATION('',(#4284),#4288);
#4284 = LINE('',#4285,#4286);
#4285 = CARTESIAN_POINT('',(0.,37.5));
#4286 = VECTOR('',#4287,1.);
#4287 = DIRECTION('',(1.,0.));
#4288 = ( GEOMETRIC_REPRESENTATION_CONTEXT(2) 
PARAMETRIC_REPRESENTATION_CONTEXT() REPRESENTATION_CONTEXT('2D SPACE',''
  ) );
#4289 = PCURVE('',#4290,#4295);
#4290 = PLANE('',#4291);
#4291 = AXIS2_PLACEMENT_3D('',#4292,#4293,#4294);
#4292 = CARTESIAN_POINT('',(-1.7763568394E-15,-12.5,112.5000001));
#4293 = DIRECTION('',(0.,0.,1.));
#4294 = DIRECTION('',(1.,0.,0.));
#4295 = DEFINITIONAL_REPRESENTATION('',(#4296),#4300);
#4296 = CIRCLE('',#4297,4.167);
#4297 = AXIS2_PLACEMENT_2D('',#4298,#4299);
#4298 = CARTESIAN_POINT('',(0.,0.));
#4299 = DIRECTION('',(1.,0.));
#4300 = ( GEOMETRIC_REPRESENTATION_CONTEXT(2) 
PARAMETRIC_REPRESENTATION_CONTEXT() REPRESENTATION_CONTEXT('2D SPACE',''
  ) );
#4301 = ORIENTED_EDGE('',*,*,#4252,.F.);
#4302 = ORIENTED_EDGE('',*,*,#4199,.T.);
#4303 = ORIENTED_EDGE('',*,*,#4304,.T.);
#4304 = EDGE_CURVE('',#4200,#4164,#4305,.T.);
#4305 = SURFACE_CURVE('',#4306,(#4311,#4318),.PCURVE_S1.);
#4306 = CIRCLE('',#4307,4.167);
#4307 = AXIS2_PLACEMENT_3D('',#4308,#4309,#4310);
#4308 = CARTESIAN_POINT('',(-1.7763568394E-15,-12.5,75.0000001));
#4309 = DIRECTION('',(0.,0.,1.));
#4310 = DIRECTION('',(1.,0.,0.));
#4311 = PCURVE('',#4187,#4312);
#4312 = DEFINITIONAL_REPRESENTATION('',(#4313),#4317);
#4313 = LINE('',#4314,#4315);
#4314 = CARTESIAN_POINT('',(0.,0.));
#4315 = VECTOR('',#4316,1.);
#4316 = DIRECTION('',(1.,0.));
#4317 = ( GEOMETRIC_REPRESENTATION_CONTEXT(2) 
PARAMETRIC_REPRESENTATION_CONTEXT() REPRESENTATION_CONTEXT('2D SPACE',''
  ) );
#4318 = PCURVE('',#4237,#4319);
#4319 = DEFINITIONAL_REPRESENTATION('',(#4320),#4324);
#4320 = CIRCLE('',#4321,4.167);
#4321 = AXIS2_PLACEMENT_2D('',#4322,#4323);
#4322 = CARTESIAN_POINT('',(0.,0.));
#4323 = DIRECTION('',(1.,0.));
#4324 = ( GEOMETRIC_REPRESENTATION_CONTEXT(2) 
PARAMETRIC_REPRESENTATION_CONTEXT() REPRESENTATION_CONTEXT('2D SPACE',''
  ) );
#4325 = ORIENTED_EDGE('',*,*,#4163,.T.);
#4326 = ADVANCED_FACE('',(#4327),#4237,.F.);
#4327 = FACE_BOUND('',#4328,.F.);
#4328 = EDGE_LOOP('',(#4329,#4330));
#4329 = ORIENTED_EDGE('',*,*,#4223,.F.);
#4330 = ORIENTED_EDGE('',*,*,#4304,.T.);
#4331 = ADVANCED_FACE('',(#4332),#4290,.T.);
#4332 = FACE_BOUND('',#4333,.T.);
#4333 = EDGE_LOOP('',(#4334));
#4334 = ORIENTED_EDGE('',*,*,#4275,.T.);
#4335 = ( GEOMETRIC_REPRESENTATION_CONTEXT(3) 
GLOBAL_UNCERTAINTY_ASSIGNED_CONTEXT((#4339)) 
GLOBAL_UNIT_ASSIGNED_CONTEXT((#4336,#4337,#4338)) REPRESENTATION_CONTEXT
('Context #1','3D Context with UNIT and UNCERTAINTY') );
#4336 = ( LENGTH_UNIT() NAMED_UNIT(*) SI_UNIT(.MILLI.,.METRE.) );
#4337 = ( NAMED_UNIT(*) PLANE_ANGLE_UNIT() SI_UNIT($,.RADIAN.) );
#4338 = ( NAMED_UNIT(*) SI_UNIT($,.STERADIAN.) SOLID_ANGLE_UNIT() );
#4339 = UNCERTAINTY_MEASURE_WITH_UNIT(LENGTH_MEASURE(5.E-04),#4336,
  'distance_accuracy_value','confusion accuracy');
#4340 = PRODUCT_RELATED_PRODUCT_CATEGORY('part',$,(#7));
ENDSEC;
END-ISO-10303-21;
