ISO-10303-21;
HEADER;
FILE_DESCRIPTION(('Open CASCADE Model'),'2;1');
FILE_NAME('Open CASCADE Shape Model','2026-08-25T11:49:30',('Author'),(
    'Open CASCADE'),'Open CASCADE STEP processor 7.9','build123d',
  'Unknown');
FILE_SCHEMA(('AUTOMOTIVE_DESIGN { 1 0 10303 214 1 1 1 1 }'));
ENDSEC;
DATA;
#1 = APPLICATION_PROTOCOL_DEFINITION('international standard',
  'automotive_design',2000,#2);
#2 = APPLICATION_CONTEXT(
  'core data for automotive mechanical design processes');
#3 = SHAPE_DEFINITION_REPRESENTATION(#4,#10);
#4 = PRODUCT_DEFINITION_SHAPE('','',#5);
#5 = PRODUCT_DEFINITION('design','',#6,#9);
#6 = PRODUCT_DEFINITION_FORMATION('','',#7);
#7 = PRODUCT('COMPOUND','COMPOUND','',(#8));
#8 = PRODUCT_CONTEXT('',#2,'mechanical');
#9 = PRODUCT_DEFINITION_CONTEXT('part definition',#2,'design');
#10 = ADVANCED_BREP_SHAPE_REPRESENTATION('',(#11,#15),#13293);
#11 = AXIS2_PLACEMENT_3D('',#12,#13,#14);
#12 = CARTESIAN_POINT('',(0.,0.,0.));
#13 = DIRECTION('',(0.,0.,1.));
#14 = DIRECTION('',(1.,0.,-0.));
#15 = MANIFOLD_SOLID_BREP('',#16);
#16 = CLOSED_SHELL('',(#17,#315,#994,#1169,#1266,#1316,#1367,#1418,#1468
    ,#1621,#1718,#1768,#1819,#1870,#1920,#2073,#2170,#2220,#2271,#2322,
    #2372,#2525,#2622,#2672,#2723,#2774,#2824,#2977,#3074,#3124,#3175,
    #3226,#3373,#3561,#3639,#3699,#3703,#3731,#3759,#3787,#3866,#3924,
    #3963,#4017,#4052,#4110,#4485,#4561,#4822,#4898,#4974,#5050,#5126,
    #5202,#5278,#5354,#5430,#5506,#5582,#5658,#5734,#5810,#5886,#5962,
    #6038,#6114,#6190,#6266,#6342,#6418,#6494,#6570,#6646,#6722,#6798,
    #6874,#6950,#7026,#7102,#7178,#7254,#7330,#7406,#7482,#7558,#7634,
    #7710,#7786,#7862,#7938,#8014,#8090,#8161,#8188,#8215,#8242,#8313,
    #8340,#8411,#8438,#8465,#8492,#8919,#8995,#9081,#9157,#9228,#9255,
    #9282,#9309,#9336,#9343,#9419,#9505,#9581,#9652,#9679,#9706,#9733,
    #9760,#9767,#9843,#9891,#9918,#9925,#10001,#10049,#10076,#10083,
    #10141,#10176,#10230,#10284,#10338,#10392,#10446,#10500,#10554,
    #10608,#10662,#10716,#10770,#10824,#10878,#10932,#10986,#11040,
    #11094,#11148,#11202,#11256,#11310,#11364,#11418,#11472,#11526,
    #11580,#11634,#11688,#11746,#11781,#11839,#11878,#11936,#11975,
    #12029,#12064,#12118,#12153,#12207,#12242,#12300,#12339,#12397,
    #12436,#12494,#12533,#12591,#12630,#12688,#12727,#12785,#12824,
    #12878,#12932,#12990,#13029,#13087,#13126,#13181,#13185,#13284));
#17 = ADVANCED_FACE('',(#18),#32,.F.);
#18 = FACE_BOUND('',#19,.T.);
#19 = EDGE_LOOP('',(#20,#55,#106,#129,#157,#209,#237,#289));
#20 = ORIENTED_EDGE('',*,*,#21,.F.);
#21 = EDGE_CURVE('',#22,#24,#26,.T.);
#22 = VERTEX_POINT('',#23);
#23 = CARTESIAN_POINT('',(15.511764693593,6.068970175504,-157.571714413)
  );
#24 = VERTEX_POINT('',#25);
#25 = CARTESIAN_POINT('',(15.511764693593,6.068970175504,-166.45561));
#26 = SURFACE_CURVE('',#27,(#31,#43),.PCURVE_S1.);
#27 = LINE('',#28,#29);
#28 = CARTESIAN_POINT('',(15.511764693593,6.068970175504,-145.63483));
#29 = VECTOR('',#30,1.);
#30 = DIRECTION('',(0.,0.,-1.));
#31 = PCURVE('',#32,#37);
#32 = PLANE('',#33);
#33 = AXIS2_PLACEMENT_3D('',#34,#35,#36);
#34 = CARTESIAN_POINT('',(14.57969085147,6.288732623895,-145.63483));
#35 = DIRECTION('',(-0.229485514307,-0.973312076738,0.));
#36 = DIRECTION('',(0.973312076738,-0.229485514307,0.));
#37 = DEFINITIONAL_REPRESENTATION('',(#38),#42);
#38 = LINE('',#39,#40);
#39 = CARTESIAN_POINT('',(0.957631025444,0.));
#40 = VECTOR('',#41,1.);
#41 = DIRECTION('',(0.,-1.));
#42 = ( GEOMETRIC_REPRESENTATION_CONTEXT(2) 
PARAMETRIC_REPRESENTATION_CONTEXT() REPRESENTATION_CONTEXT('2D SPACE',''
  ) );
#43 = PCURVE('',#44,#49);
#44 = CYLINDRICAL_SURFACE('',#45,11.1457735);
#45 = AXIS2_PLACEMENT_3D('',#46,#47,#48);
#46 = CARTESIAN_POINT('',(4.855187193016,2.803143632854,-145.63483));
#47 = DIRECTION('',(0.,0.,1.));
#48 = DIRECTION('',(-1.,0.,0.));
#49 = DEFINITIONAL_REPRESENTATION('',(#50),#54);
#50 = LINE('',#51,#52);
#51 = CARTESIAN_POINT('',(3.438966478246,0.));
#52 = VECTOR('',#53,1.);
#53 = DIRECTION('',(0.,-1.));
#54 = ( GEOMETRIC_REPRESENTATION_CONTEXT(2) 
PARAMETRIC_REPRESENTATION_CONTEXT() REPRESENTATION_CONTEXT('2D SPACE',''
  ) );
#55 = ORIENTED_EDGE('',*,*,#56,.T.);
#56 = EDGE_CURVE('',#22,#57,#59,.T.);
#57 = VERTEX_POINT('',#58);
#58 = CARTESIAN_POINT('',(15.511764693593,6.068970175504,-156.1251170516
    ));
#59 = SURFACE_CURVE('',#60,(#65,#72),.PCURVE_S1.);
#60 = ELLIPSE('',#61,2.0548394,2.);
#61 = AXIS2_PLACEMENT_3D('',#62,#63,#64);
#62 = CARTESIAN_POINT('',(17.376393079758,5.629331939816,-156.8484157323
    ));
#63 = DIRECTION('',(-0.229485514307,-0.973312076738,0.));
#64 = DIRECTION('',(0.973312076738,-0.229485514307,0.));
#65 = PCURVE('',#32,#66);
#66 = DEFINITIONAL_REPRESENTATION('',(#67),#71);
#67 = ELLIPSE('',#68,2.0548394,2.);
#68 = AXIS2_PLACEMENT_2D('',#69,#70);
#69 = CARTESIAN_POINT('',(2.873386958952,-11.2135857323));
#70 = DIRECTION('',(1.,0.));
#71 = ( GEOMETRIC_REPRESENTATION_CONTEXT(2) 
PARAMETRIC_REPRESENTATION_CONTEXT() REPRESENTATION_CONTEXT('2D SPACE',''
  ) );
#72 = PCURVE('',#73,#78);
#73 = CYLINDRICAL_SURFACE('',#74,2.);
#74 = AXIS2_PLACEMENT_3D('',#75,#76,#77);
#75 = CARTESIAN_POINT('',(17.376393079758,10.,-156.8484157323));
#76 = DIRECTION('',(0.,1.,0.));
#77 = DIRECTION('',(0.,0.,-1.));
#78 = DEFINITIONAL_REPRESENTATION('',(#79),#105);
#79 = B_SPLINE_CURVE_WITH_KNOTS('',3,(#80,#81,#82,#83,#84,#85,#86,#87,
    #88,#89,#90,#91,#92,#93,#94,#95,#96,#97,#98,#99,#100,#101,#102,#103,
    #104),.UNSPECIFIED.,.F.,.F.,(4,1,1,1,1,1,1,1,1,1,1,1,1,1,1,1,1,1,1,1
    ,1,1,4),(3.511629024129,3.763588686225,4.01554834832,4.267508010416,
    4.519467672511,4.771427334607,5.023386996702,5.275346658798,
    5.527306320893,5.779265982989,6.031225645084,6.28318530718,
    6.535144969275,6.787104631371,7.039064293466,7.291023955561,
    7.542983617657,7.794943279752,8.046902941848,8.298862603943,
    8.550822266039,8.802781928134,9.05474159023),.UNSPECIFIED.);
#80 = CARTESIAN_POINT('',(7.483945264071,-3.93102982378));
#81 = CARTESIAN_POINT('',(7.399958710161,-3.945229693897));
#82 = CARTESIAN_POINT('',(7.23198560227,-3.983407065734));
#83 = CARTESIAN_POINT('',(6.980025940214,-4.064790025525));
#84 = CARTESIAN_POINT('',(6.728066277913,-4.165579317899));
#85 = CARTESIAN_POINT('',(6.476106615424,-4.279295391778));
#86 = CARTESIAN_POINT('',(6.224146952841,-4.398788019231));
#87 = CARTESIAN_POINT('',(5.972187290288,-4.516503169886));
#88 = CARTESIAN_POINT('',(5.720227627878,-4.625009514216));
#89 = CARTESIAN_POINT('',(5.468267965688,-4.71745444368));
#90 = CARTESIAN_POINT('',(5.216308303743,-4.788000355241));
#91 = CARTESIAN_POINT('',(4.964348642005,-4.832192335495));
#92 = CARTESIAN_POINT('',(4.712388980385,-4.847239737321));
#93 = CARTESIAN_POINT('',(4.460429318765,-4.832192335495));
#94 = CARTESIAN_POINT('',(4.208469657027,-4.788000355241));
#95 = CARTESIAN_POINT('',(3.956509995081,-4.71745444368));
#96 = CARTESIAN_POINT('',(3.704550332892,-4.625009514216));
#97 = CARTESIAN_POINT('',(3.452590670481,-4.516503169886));
#98 = CARTESIAN_POINT('',(3.200631007928,-4.398788019231));
#99 = CARTESIAN_POINT('',(2.948671345346,-4.279295391778));
#100 = CARTESIAN_POINT('',(2.696711682856,-4.165579317899));
#101 = CARTESIAN_POINT('',(2.444752020555,-4.064790025525));
#102 = CARTESIAN_POINT('',(2.1927923585,-3.983407065734));
#103 = CARTESIAN_POINT('',(2.024819250608,-3.945229693897));
#104 = CARTESIAN_POINT('',(1.940832696698,-3.93102982378));
#105 = ( GEOMETRIC_REPRESENTATION_CONTEXT(2) 
PARAMETRIC_REPRESENTATION_CONTEXT() REPRESENTATION_CONTEXT('2D SPACE',''
  ) );
#106 = ORIENTED_EDGE('',*,*,#107,.F.);
#107 = EDGE_CURVE('',#108,#57,#110,.T.);
#108 = VERTEX_POINT('',#109);
#109 = CARTESIAN_POINT('',(15.511764693593,6.068970175504,-146.45561));
#110 = SURFACE_CURVE('',#111,(#115,#122),.PCURVE_S1.);
#111 = LINE('',#112,#113);
#112 = CARTESIAN_POINT('',(15.511764693593,6.068970175504,-145.63483));
#113 = VECTOR('',#114,1.);
#114 = DIRECTION('',(0.,0.,-1.));
#115 = PCURVE('',#32,#116);
#116 = DEFINITIONAL_REPRESENTATION('',(#117),#121);
#117 = LINE('',#118,#119);
#118 = CARTESIAN_POINT('',(0.957631025444,0.));
#119 = VECTOR('',#120,1.);
#120 = DIRECTION('',(0.,-1.));
#121 = ( GEOMETRIC_REPRESENTATION_CONTEXT(2) 
PARAMETRIC_REPRESENTATION_CONTEXT() REPRESENTATION_CONTEXT('2D SPACE',''
  ) );
#122 = PCURVE('',#44,#123);
#123 = DEFINITIONAL_REPRESENTATION('',(#124),#128);
#124 = LINE('',#125,#126);
#125 = CARTESIAN_POINT('',(3.438966478246,0.));
#126 = VECTOR('',#127,1.);
#127 = DIRECTION('',(0.,-1.));
#128 = ( GEOMETRIC_REPRESENTATION_CONTEXT(2) 
PARAMETRIC_REPRESENTATION_CONTEXT() REPRESENTATION_CONTEXT('2D SPACE',''
  ) );
#129 = ORIENTED_EDGE('',*,*,#130,.T.);
#130 = EDGE_CURVE('',#108,#131,#133,.T.);
#131 = VERTEX_POINT('',#132);
#132 = CARTESIAN_POINT('',(15.915873352301,5.973690269299,-146.45561));
#133 = SURFACE_CURVE('',#134,(#138,#145),.PCURVE_S1.);
#134 = LINE('',#135,#136);
#135 = CARTESIAN_POINT('',(2.172476774918,9.214079972941,-146.45561));
#136 = VECTOR('',#137,1.);
#137 = DIRECTION('',(0.973312076738,-0.229485514307,0.));
#138 = PCURVE('',#32,#139);
#139 = DEFINITIONAL_REPRESENTATION('',(#140),#144);
#140 = LINE('',#141,#142);
#141 = CARTESIAN_POINT('',(-12.74741614029,-0.82078));
#142 = VECTOR('',#143,1.);
#143 = DIRECTION('',(1.,0.));
#144 = ( GEOMETRIC_REPRESENTATION_CONTEXT(2) 
PARAMETRIC_REPRESENTATION_CONTEXT() REPRESENTATION_CONTEXT('2D SPACE',''
  ) );
#145 = PCURVE('',#146,#151);
#146 = PLANE('',#147);
#147 = AXIS2_PLACEMENT_3D('',#148,#149,#150);
#148 = CARTESIAN_POINT('',(0.,0.,-146.45561));
#149 = DIRECTION('',(0.,0.,1.));
#150 = DIRECTION('',(1.,0.,0.));
#151 = DEFINITIONAL_REPRESENTATION('',(#152),#156);
#152 = LINE('',#153,#154);
#153 = CARTESIAN_POINT('',(2.172476774918,9.214079972941));
#154 = VECTOR('',#155,1.);
#155 = DIRECTION('',(0.973312076738,-0.229485514307));
#156 = ( GEOMETRIC_REPRESENTATION_CONTEXT(2) 
PARAMETRIC_REPRESENTATION_CONTEXT() REPRESENTATION_CONTEXT('2D SPACE',''
  ) );
#157 = ORIENTED_EDGE('',*,*,#158,.T.);
#158 = EDGE_CURVE('',#131,#159,#161,.T.);
#159 = VERTEX_POINT('',#160);
#160 = CARTESIAN_POINT('',(21.501510564382,4.65672024603,-151.45561));
#161 = SURFACE_CURVE('',#162,(#167,#175),.PCURVE_S1.);
#162 = B_SPLINE_CURVE_WITH_KNOTS('',3,(#163,#164,#165,#166),
  .UNSPECIFIED.,.F.,.F.,(4,4),(0.,7.611422541626E-03),
  .PIECEWISE_BEZIER_KNOTS.);
#163 = CARTESIAN_POINT('',(15.915873352301,5.973690269299,-146.45561));
#164 = CARTESIAN_POINT('',(17.816019483788,5.525677732863,
    -148.0771510029));
#165 = CARTESIAN_POINT('',(19.668161994114,5.088983391231,-149.755299313
    ));
#166 = CARTESIAN_POINT('',(21.501510564382,4.65672024603,-151.45561));
#167 = PCURVE('',#32,#168);
#168 = DEFINITIONAL_REPRESENTATION('',(#169),#174);
#169 = B_SPLINE_CURVE_WITH_KNOTS('',3,(#170,#171,#172,#173),
  .UNSPECIFIED.,.F.,.F.,(4,4),(0.,7.611422541626E-03),
  .PIECEWISE_BEZIER_KNOTS.);
#170 = CARTESIAN_POINT('',(1.372820221557,-0.82078));
#171 = CARTESIAN_POINT('',(3.32506778624,-2.4423210029));
#172 = CARTESIAN_POINT('',(5.227995484963,-4.120469313));
#173 = CARTESIAN_POINT('',(7.111613919467,-5.82078));
#174 = ( GEOMETRIC_REPRESENTATION_CONTEXT(2) 
PARAMETRIC_REPRESENTATION_CONTEXT() REPRESENTATION_CONTEXT('2D SPACE',''
  ) );
#175 = PCURVE('',#176,#181);
#176 = CONICAL_SURFACE('',#177,17.,0.7853981634);
#177 = AXIS2_PLACEMENT_3D('',#178,#179,#180);
#178 = CARTESIAN_POINT('',(0.,0.,-146.45561));
#179 = DIRECTION('',(0.,0.,-1.));
#180 = DIRECTION('',(-1.,0.,0.));
#181 = DEFINITIONAL_REPRESENTATION('',(#182),#208);
#182 = B_SPLINE_CURVE_WITH_KNOTS('',3,(#183,#184,#185,#186,#187,#188,
    #189,#190,#191,#192,#193,#194,#195,#196,#197,#198,#199,#200,#201,
    #202,#203,#204,#205,#206,#207),.UNSPECIFIED.,.F.,.F.,(4,1,1,1,1,1,1,
    1,1,1,1,1,1,1,1,1,1,1,1,1,1,1,4),(0.,3.459737518921E-04,
    6.919475037842E-04,1.037921255676E-03,1.383895007568E-03,
    1.72986875946E-03,2.075842511353E-03,2.421816263245E-03,
    2.767790015137E-03,3.113763767029E-03,3.459737518921E-03,
    3.805711270813E-03,4.151685022705E-03,4.497658774597E-03,
    4.843632526489E-03,5.189606278381E-03,5.535580030273E-03,
    5.881553782166E-03,6.227527534058E-03,6.57350128595E-03,
    6.919475037842E-03,7.265448789734E-03,7.611422541626E-03),
  .QUASI_UNIFORM_KNOTS.);
#183 = CARTESIAN_POINT('',(2.782533496871,3.907985046681E-14));
#184 = CARTESIAN_POINT('',(2.785440257417,7.370653999159E-02));
#185 = CARTESIAN_POINT('',(2.791171612078,0.221366900205));
#186 = CARTESIAN_POINT('',(2.799531141169,0.443569479012));
#187 = CARTESIAN_POINT('',(2.807662316863,0.666453700101));
#188 = CARTESIAN_POINT('',(2.81557375279,0.889991246281));
#189 = CARTESIAN_POINT('',(2.823273731117,1.114155050618));
#190 = CARTESIAN_POINT('',(2.83077016729,1.338919412846));
#191 = CARTESIAN_POINT('',(2.838070638605,1.564259869002));
#192 = CARTESIAN_POINT('',(2.845182395224,1.790153133307));
#193 = CARTESIAN_POINT('',(2.852112375377,2.016577026431));
#194 = CARTESIAN_POINT('',(2.858867218889,2.243510412824));
#195 = CARTESIAN_POINT('',(2.865453280565,2.470933140691));
#196 = CARTESIAN_POINT('',(2.871876643011,2.698825986028));
#197 = CARTESIAN_POINT('',(2.878143128994,2.927170600037));
#198 = CARTESIAN_POINT('',(2.884258313292,3.155949459823));
#199 = CARTESIAN_POINT('',(2.890227534084,3.385145822114));
#200 = CARTESIAN_POINT('',(2.896055903809,3.614743679939));
#201 = CARTESIAN_POINT('',(2.901748319695,3.844727721564));
#202 = CARTESIAN_POINT('',(2.907309473318,4.075083293485));
#203 = CARTESIAN_POINT('',(2.912743861596,4.305796359938));
#204 = CARTESIAN_POINT('',(2.918055790303,4.53685348632));
#205 = CARTESIAN_POINT('',(2.923249403474,4.768241743574));
#206 = CARTESIAN_POINT('',(2.926635543947,4.922713192573));
#207 = CARTESIAN_POINT('',(2.928310210284,4.999999999987));
#208 = ( GEOMETRIC_REPRESENTATION_CONTEXT(2) 
PARAMETRIC_REPRESENTATION_CONTEXT() REPRESENTATION_CONTEXT('2D SPACE',''
  ) );
#209 = ORIENTED_EDGE('',*,*,#210,.T.);
#210 = EDGE_CURVE('',#159,#211,#213,.T.);
#211 = VERTEX_POINT('',#212);
#212 = CARTESIAN_POINT('',(21.501510564382,4.65672024603,-161.45561));
#213 = SURFACE_CURVE('',#214,(#218,#225),.PCURVE_S1.);
#214 = LINE('',#215,#216);
#215 = CARTESIAN_POINT('',(21.501510564382,4.65672024603,-146.45561));
#216 = VECTOR('',#217,1.);
#217 = DIRECTION('',(0.,0.,-1.));
#218 = PCURVE('',#32,#219);
#219 = DEFINITIONAL_REPRESENTATION('',(#220),#224);
#220 = LINE('',#221,#222);
#221 = CARTESIAN_POINT('',(7.111613919467,-0.82078));
#222 = VECTOR('',#223,1.);
#223 = DIRECTION('',(0.,-1.));
#224 = ( GEOMETRIC_REPRESENTATION_CONTEXT(2) 
PARAMETRIC_REPRESENTATION_CONTEXT() REPRESENTATION_CONTEXT('2D SPACE',''
  ) );
#225 = PCURVE('',#226,#231);
#226 = CYLINDRICAL_SURFACE('',#227,22.);
#227 = AXIS2_PLACEMENT_3D('',#228,#229,#230);
#228 = CARTESIAN_POINT('',(0.,0.,-146.45561));
#229 = DIRECTION('',(0.,0.,1.));
#230 = DIRECTION('',(-1.,0.,0.));
#231 = DEFINITIONAL_REPRESENTATION('',(#232),#236);
#232 = LINE('',#233,#234);
#233 = CARTESIAN_POINT('',(3.354875096896,0.));
#234 = VECTOR('',#235,1.);
#235 = DIRECTION('',(0.,-1.));
#236 = ( GEOMETRIC_REPRESENTATION_CONTEXT(2) 
PARAMETRIC_REPRESENTATION_CONTEXT() REPRESENTATION_CONTEXT('2D SPACE',''
  ) );
#237 = ORIENTED_EDGE('',*,*,#238,.T.);
#238 = EDGE_CURVE('',#211,#239,#241,.T.);
#239 = VERTEX_POINT('',#240);
#240 = CARTESIAN_POINT('',(15.915873352301,5.973690269299,-166.45561));
#241 = SURFACE_CURVE('',#242,(#247,#255),.PCURVE_S1.);
#242 = B_SPLINE_CURVE_WITH_KNOTS('',3,(#243,#244,#245,#246),
  .UNSPECIFIED.,.F.,.F.,(4,4),(0.,7.611422541626E-03),
  .PIECEWISE_BEZIER_KNOTS.);
#243 = CARTESIAN_POINT('',(21.501510564382,4.65672024603,-161.45561));
#244 = CARTESIAN_POINT('',(19.668161994114,5.088983391231,
    -163.1559206869));
#245 = CARTESIAN_POINT('',(17.816019483788,5.525677732863,-164.834068997
    ));
#246 = CARTESIAN_POINT('',(15.915873352301,5.973690269299,-166.45561));
#247 = PCURVE('',#32,#248);
#248 = DEFINITIONAL_REPRESENTATION('',(#249),#254);
#249 = B_SPLINE_CURVE_WITH_KNOTS('',3,(#250,#251,#252,#253),
  .UNSPECIFIED.,.F.,.F.,(4,4),(0.,7.611422541626E-03),
  .PIECEWISE_BEZIER_KNOTS.);
#250 = CARTESIAN_POINT('',(7.111613919467,-15.82078));
#251 = CARTESIAN_POINT('',(5.227995484963,-17.5210906869));
#252 = CARTESIAN_POINT('',(3.32506778624,-19.199238997));
#253 = CARTESIAN_POINT('',(1.372820221557,-20.82078));
#254 = ( GEOMETRIC_REPRESENTATION_CONTEXT(2) 
PARAMETRIC_REPRESENTATION_CONTEXT() REPRESENTATION_CONTEXT('2D SPACE',''
  ) );
#255 = PCURVE('',#256,#261);
#256 = CONICAL_SURFACE('',#257,22.,0.7853981634);
#257 = AXIS2_PLACEMENT_3D('',#258,#259,#260);
#258 = CARTESIAN_POINT('',(0.,0.,-161.45561));
#259 = DIRECTION('',(0.,0.,1.));
#260 = DIRECTION('',(1.,0.,0.));
#261 = DEFINITIONAL_REPRESENTATION('',(#262),#288);
#262 = B_SPLINE_CURVE_WITH_KNOTS('',3,(#263,#264,#265,#266,#267,#268,
    #269,#270,#271,#272,#273,#274,#275,#276,#277,#278,#279,#280,#281,
    #282,#283,#284,#285,#286,#287),.UNSPECIFIED.,.F.,.F.,(4,1,1,1,1,1,1,
    1,1,1,1,1,1,1,1,1,1,1,1,1,1,1,4),(0.,3.459737518921E-04,
    6.919475037842E-04,1.037921255676E-03,1.383895007568E-03,
    1.72986875946E-03,2.075842511352E-03,2.421816263245E-03,
    2.767790015137E-03,3.113763767029E-03,3.459737518921E-03,
    3.805711270813E-03,4.151685022705E-03,4.497658774597E-03,
    4.843632526489E-03,5.189606278381E-03,5.535580030273E-03,
    5.881553782165E-03,6.227527534057E-03,6.57350128595E-03,
    6.919475037842E-03,7.265448789734E-03,7.611422541626E-03),
  .UNSPECIFIED.);
#263 = CARTESIAN_POINT('',(0.213282443306,-1.24344978758E-14));
#264 = CARTESIAN_POINT('',(0.214957109642,-7.728680741259E-02));
#265 = CARTESIAN_POINT('',(0.218343250116,-0.231758256407));
#266 = CARTESIAN_POINT('',(0.223536863287,-0.463146513657));
#267 = CARTESIAN_POINT('',(0.228848791994,-0.694203640033));
#268 = CARTESIAN_POINT('',(0.234283180272,-0.924916706483));
#269 = CARTESIAN_POINT('',(0.239844333895,-1.155272278401));
#270 = CARTESIAN_POINT('',(0.245536749781,-1.385256320024));
#271 = CARTESIAN_POINT('',(0.251365119506,-1.614854177847));
#272 = CARTESIAN_POINT('',(0.257334340298,-1.844050540137));
#273 = CARTESIAN_POINT('',(0.263449524596,-2.072829399922));
#274 = CARTESIAN_POINT('',(0.269716010578,-2.301174013931));
#275 = CARTESIAN_POINT('',(0.276139373025,-2.529066859269));
#276 = CARTESIAN_POINT('',(0.282725434701,-2.756489587137));
#277 = CARTESIAN_POINT('',(0.289480278212,-2.983422973531));
#278 = CARTESIAN_POINT('',(0.296410258366,-3.209846866656));
#279 = CARTESIAN_POINT('',(0.303522014985,-3.435740130963));
#280 = CARTESIAN_POINT('',(0.3108224863,-3.661080587123));
#281 = CARTESIAN_POINT('',(0.318318922472,-3.885844949353));
#282 = CARTESIAN_POINT('',(0.3260189008,-4.110008753693));
#283 = CARTESIAN_POINT('',(0.333930336727,-4.333546299876));
#284 = CARTESIAN_POINT('',(0.342061512421,-4.556430520968));
#285 = CARTESIAN_POINT('',(0.350421041512,-4.778633099779));
#286 = CARTESIAN_POINT('',(0.356152396173,-4.926293459994));
#287 = CARTESIAN_POINT('',(0.359059156719,-4.999999999987));
#288 = ( GEOMETRIC_REPRESENTATION_CONTEXT(2) 
PARAMETRIC_REPRESENTATION_CONTEXT() REPRESENTATION_CONTEXT('2D SPACE',''
  ) );
#289 = ORIENTED_EDGE('',*,*,#290,.T.);
#290 = EDGE_CURVE('',#239,#24,#291,.T.);
#291 = SURFACE_CURVE('',#292,(#296,#303),.PCURVE_S1.);
#292 = LINE('',#293,#294);
#293 = CARTESIAN_POINT('',(14.57969085147,6.288732623895,-166.45561));
#294 = VECTOR('',#295,1.);
#295 = DIRECTION('',(-0.973312076738,0.229485514307,0.));
#296 = PCURVE('',#32,#297);
#297 = DEFINITIONAL_REPRESENTATION('',(#298),#302);
#298 = LINE('',#299,#300);
#299 = CARTESIAN_POINT('',(0.,-20.82078));
#300 = VECTOR('',#301,1.);
#301 = DIRECTION('',(-1.,0.));
#302 = ( GEOMETRIC_REPRESENTATION_CONTEXT(2) 
PARAMETRIC_REPRESENTATION_CONTEXT() REPRESENTATION_CONTEXT('2D SPACE',''
  ) );
#303 = PCURVE('',#304,#309);
#304 = PLANE('',#305);
#305 = AXIS2_PLACEMENT_3D('',#306,#307,#308);
#306 = CARTESIAN_POINT('',(0.,0.,-166.45561));
#307 = DIRECTION('',(0.,0.,1.));
#308 = DIRECTION('',(1.,0.,0.));
#309 = DEFINITIONAL_REPRESENTATION('',(#310),#314);
#310 = LINE('',#311,#312);
#311 = CARTESIAN_POINT('',(14.57969085147,6.288732623895));
#312 = VECTOR('',#313,1.);
#313 = DIRECTION('',(-0.973312076738,0.229485514307));
#314 = ( GEOMETRIC_REPRESENTATION_CONTEXT(2) 
PARAMETRIC_REPRESENTATION_CONTEXT() REPRESENTATION_CONTEXT('2D SPACE',''
  ) );
#315 = ADVANCED_FACE('',(#316,#347),#304,.F.);
#316 = FACE_BOUND('',#317,.T.);
#317 = EDGE_LOOP('',(#318));
#318 = ORIENTED_EDGE('',*,*,#319,.T.);
#319 = EDGE_CURVE('',#320,#320,#322,.T.);
#320 = VERTEX_POINT('',#321);
#321 = CARTESIAN_POINT('',(16.,0.,-166.45561));
#322 = SURFACE_CURVE('',#323,(#328,#335),.PCURVE_S1.);
#323 = CIRCLE('',#324,16.);
#324 = AXIS2_PLACEMENT_3D('',#325,#326,#327);
#325 = CARTESIAN_POINT('',(-1.271285233422E-17,0.,-166.45561));
#326 = DIRECTION('',(0.,0.,1.));
#327 = DIRECTION('',(1.,0.,0.));
#328 = PCURVE('',#304,#329);
#329 = DEFINITIONAL_REPRESENTATION('',(#330),#334);
#330 = CIRCLE('',#331,16.);
#331 = AXIS2_PLACEMENT_2D('',#332,#333);
#332 = CARTESIAN_POINT('',(-1.271285233422E-17,0.));
#333 = DIRECTION('',(1.,0.));
#334 = ( GEOMETRIC_REPRESENTATION_CONTEXT(2) 
PARAMETRIC_REPRESENTATION_CONTEXT() REPRESENTATION_CONTEXT('2D SPACE',''
  ) );
#335 = PCURVE('',#336,#341);
#336 = CYLINDRICAL_SURFACE('',#337,16.);
#337 = AXIS2_PLACEMENT_3D('',#338,#339,#340);
#338 = CARTESIAN_POINT('',(-3.802011951659E-16,0.,-72.30334041267));
#339 = DIRECTION('',(3.903127820948E-18,0.,-1.));
#340 = DIRECTION('',(1.,0.,3.903127820948E-18));
#341 = DEFINITIONAL_REPRESENTATION('',(#342),#346);
#342 = LINE('',#343,#344);
#343 = CARTESIAN_POINT('',(6.28318530718,94.152269587324));
#344 = VECTOR('',#345,1.);
#345 = DIRECTION('',(-1.,0.));
#346 = ( GEOMETRIC_REPRESENTATION_CONTEXT(2) 
PARAMETRIC_REPRESENTATION_CONTEXT() REPRESENTATION_CONTEXT('2D SPACE',''
  ) );
#347 = FACE_BOUND('',#348,.T.);
#348 = EDGE_LOOP('',(#349,#350,#374,#402,#431,#459,#488,#516,#545,#573,
    #602,#630,#659,#687,#716,#744,#773,#801,#830,#858,#887,#915,#944,
    #972));
#349 = ORIENTED_EDGE('',*,*,#290,.F.);
#350 = ORIENTED_EDGE('',*,*,#351,.F.);
#351 = EDGE_CURVE('',#352,#239,#354,.T.);
#352 = VERTEX_POINT('',#353);
#353 = CARTESIAN_POINT('',(15.915873352301,-5.973690269299,-166.45561));
#354 = SURFACE_CURVE('',#355,(#360,#367),.PCURVE_S1.);
#355 = CIRCLE('',#356,17.);
#356 = AXIS2_PLACEMENT_3D('',#357,#358,#359);
#357 = CARTESIAN_POINT('',(0.,0.,-166.45561));
#358 = DIRECTION('',(0.,0.,1.));
#359 = DIRECTION('',(1.,0.,0.));
#360 = PCURVE('',#304,#361);
#361 = DEFINITIONAL_REPRESENTATION('',(#362),#366);
#362 = CIRCLE('',#363,17.);
#363 = AXIS2_PLACEMENT_2D('',#364,#365);
#364 = CARTESIAN_POINT('',(0.,0.));
#365 = DIRECTION('',(1.,0.));
#366 = ( GEOMETRIC_REPRESENTATION_CONTEXT(2) 
PARAMETRIC_REPRESENTATION_CONTEXT() REPRESENTATION_CONTEXT('2D SPACE',''
  ) );
#367 = PCURVE('',#256,#368);
#368 = DEFINITIONAL_REPRESENTATION('',(#369),#373);
#369 = LINE('',#370,#371);
#370 = CARTESIAN_POINT('',(-6.28318530718,-4.999999999987));
#371 = VECTOR('',#372,1.);
#372 = DIRECTION('',(1.,0.));
#373 = ( GEOMETRIC_REPRESENTATION_CONTEXT(2) 
PARAMETRIC_REPRESENTATION_CONTEXT() REPRESENTATION_CONTEXT('2D SPACE',''
  ) );
#374 = ORIENTED_EDGE('',*,*,#375,.F.);
#375 = EDGE_CURVE('',#376,#352,#378,.T.);
#376 = VERTEX_POINT('',#377);
#377 = CARTESIAN_POINT('',(15.511764693593,-6.068970175504,-166.45561));
#378 = SURFACE_CURVE('',#379,(#383,#390),.PCURVE_S1.);
#379 = LINE('',#380,#381);
#380 = CARTESIAN_POINT('',(15.352637129237,-6.106488944478,-166.45561));
#381 = VECTOR('',#382,1.);
#382 = DIRECTION('',(0.973312076738,0.229485514307,0.));
#383 = PCURVE('',#304,#384);
#384 = DEFINITIONAL_REPRESENTATION('',(#385),#389);
#385 = LINE('',#386,#387);
#386 = CARTESIAN_POINT('',(15.352637129237,-6.106488944478));
#387 = VECTOR('',#388,1.);
#388 = DIRECTION('',(0.973312076738,0.229485514307));
#389 = ( GEOMETRIC_REPRESENTATION_CONTEXT(2) 
PARAMETRIC_REPRESENTATION_CONTEXT() REPRESENTATION_CONTEXT('2D SPACE',''
  ) );
#390 = PCURVE('',#391,#396);
#391 = PLANE('',#392);
#392 = AXIS2_PLACEMENT_3D('',#393,#394,#395);
#393 = CARTESIAN_POINT('',(15.352637129237,-6.106488944478,-145.63483));
#394 = DIRECTION('',(-0.229485514307,0.973312076738,0.));
#395 = DIRECTION('',(-0.973312076738,-0.229485514307,0.));
#396 = DEFINITIONAL_REPRESENTATION('',(#397),#401);
#397 = LINE('',#398,#399);
#398 = CARTESIAN_POINT('',(-0.,-20.82078));
#399 = VECTOR('',#400,1.);
#400 = DIRECTION('',(-1.,0.));
#401 = ( GEOMETRIC_REPRESENTATION_CONTEXT(2) 
PARAMETRIC_REPRESENTATION_CONTEXT() REPRESENTATION_CONTEXT('2D SPACE',''
  ) );
#402 = ORIENTED_EDGE('',*,*,#403,.F.);
#403 = EDGE_CURVE('',#404,#376,#406,.T.);
#404 = VERTEX_POINT('',#405);
#405 = CARTESIAN_POINT('',(13.011764693593,-10.39909719442,-166.45561));
#406 = SURFACE_CURVE('',#407,(#412,#419),.PCURVE_S1.);
#407 = CIRCLE('',#408,11.1457735);
#408 = AXIS2_PLACEMENT_3D('',#409,#410,#411);
#409 = CARTESIAN_POINT('',(4.855187193016,-2.803143632854,-166.45561));
#410 = DIRECTION('',(-0.,0.,1.));
#411 = DIRECTION('',(0.731809012328,-0.681509772106,0.));
#412 = PCURVE('',#304,#413);
#413 = DEFINITIONAL_REPRESENTATION('',(#414),#418);
#414 = CIRCLE('',#415,11.1457735);
#415 = AXIS2_PLACEMENT_2D('',#416,#417);
#416 = CARTESIAN_POINT('',(4.855187193016,-2.803143632854));
#417 = DIRECTION('',(0.731809012328,-0.681509772106));
#418 = ( GEOMETRIC_REPRESENTATION_CONTEXT(2) 
PARAMETRIC_REPRESENTATION_CONTEXT() REPRESENTATION_CONTEXT('2D SPACE',''
  ) );
#419 = PCURVE('',#420,#425);
#420 = CYLINDRICAL_SURFACE('',#421,11.1457735);
#421 = AXIS2_PLACEMENT_3D('',#422,#423,#424);
#422 = CARTESIAN_POINT('',(4.855187193016,-2.803143632854,-145.63483));
#423 = DIRECTION('',(0.,0.,1.));
#424 = DIRECTION('',(-1.,0.,0.));
#425 = DEFINITIONAL_REPRESENTATION('',(#426),#430);
#426 = LINE('',#427,#428);
#427 = CARTESIAN_POINT('',(2.391768927049,-20.82078));
#428 = VECTOR('',#429,1.);
#429 = DIRECTION('',(1.,0.));
#430 = ( GEOMETRIC_REPRESENTATION_CONTEXT(2) 
PARAMETRIC_REPRESENTATION_CONTEXT() REPRESENTATION_CONTEXT('2D SPACE',''
  ) );
#431 = ORIENTED_EDGE('',*,*,#432,.F.);
#432 = EDGE_CURVE('',#433,#404,#435,.T.);
#433 = VERTEX_POINT('',#434);
#434 = CARTESIAN_POINT('',(13.131304203703,-10.79670551185,-166.45561));
#435 = SURFACE_CURVE('',#436,(#440,#447),.PCURVE_S1.);
#436 = LINE('',#437,#438);
#437 = CARTESIAN_POINT('',(12.736047635636,-9.48201634475,-166.45561));
#438 = VECTOR('',#439,1.);
#439 = DIRECTION('',(-0.287915753178,0.957655741419,0.));
#440 = PCURVE('',#304,#441);
#441 = DEFINITIONAL_REPRESENTATION('',(#442),#446);
#442 = LINE('',#443,#444);
#443 = CARTESIAN_POINT('',(12.736047635636,-9.48201634475));
#444 = VECTOR('',#445,1.);
#445 = DIRECTION('',(-0.287915753178,0.957655741419));
#446 = ( GEOMETRIC_REPRESENTATION_CONTEXT(2) 
PARAMETRIC_REPRESENTATION_CONTEXT() REPRESENTATION_CONTEXT('2D SPACE',''
  ) );
#447 = PCURVE('',#448,#453);
#448 = PLANE('',#449);
#449 = AXIS2_PLACEMENT_3D('',#450,#451,#452);
#450 = CARTESIAN_POINT('',(12.736047635636,-9.48201634475,-145.63483));
#451 = DIRECTION('',(-0.957655741419,-0.287915753178,0.));
#452 = DIRECTION('',(0.287915753178,-0.957655741419,0.));
#453 = DEFINITIONAL_REPRESENTATION('',(#454),#458);
#454 = LINE('',#455,#456);
#455 = CARTESIAN_POINT('',(0.,-20.82078));
#456 = VECTOR('',#457,1.);
#457 = DIRECTION('',(-1.,0.));
#458 = ( GEOMETRIC_REPRESENTATION_CONTEXT(2) 
PARAMETRIC_REPRESENTATION_CONTEXT() REPRESENTATION_CONTEXT('2D SPACE',''
  ) );
#459 = ORIENTED_EDGE('',*,*,#460,.F.);
#460 = EDGE_CURVE('',#461,#433,#463,.T.);
#461 = VERTEX_POINT('',#462);
#462 = CARTESIAN_POINT('',(2.784569148597,-16.77039578115,-166.45561));
#463 = SURFACE_CURVE('',#464,(#469,#476),.PCURVE_S1.);
#464 = CIRCLE('',#465,17.);
#465 = AXIS2_PLACEMENT_3D('',#466,#467,#468);
#466 = CARTESIAN_POINT('',(0.,0.,-166.45561));
#467 = DIRECTION('',(0.,0.,1.));
#468 = DIRECTION('',(1.,0.,0.));
#469 = PCURVE('',#304,#470);
#470 = DEFINITIONAL_REPRESENTATION('',(#471),#475);
#471 = CIRCLE('',#472,17.);
#472 = AXIS2_PLACEMENT_2D('',#473,#474);
#473 = CARTESIAN_POINT('',(0.,0.));
#474 = DIRECTION('',(1.,0.));
#475 = ( GEOMETRIC_REPRESENTATION_CONTEXT(2) 
PARAMETRIC_REPRESENTATION_CONTEXT() REPRESENTATION_CONTEXT('2D SPACE',''
  ) );
#476 = PCURVE('',#477,#482);
#477 = CONICAL_SURFACE('',#478,22.,0.7853981634);
#478 = AXIS2_PLACEMENT_3D('',#479,#480,#481);
#479 = CARTESIAN_POINT('',(0.,0.,-161.45561));
#480 = DIRECTION('',(0.,0.,1.));
#481 = DIRECTION('',(1.,0.,0.));
#482 = DEFINITIONAL_REPRESENTATION('',(#483),#487);
#483 = LINE('',#484,#485);
#484 = CARTESIAN_POINT('',(0.,-4.999999999987));
#485 = VECTOR('',#486,1.);
#486 = DIRECTION('',(1.,0.));
#487 = ( GEOMETRIC_REPRESENTATION_CONTEXT(2) 
PARAMETRIC_REPRESENTATION_CONTEXT() REPRESENTATION_CONTEXT('2D SPACE',''
  ) );
#488 = ORIENTED_EDGE('',*,*,#489,.F.);
#489 = EDGE_CURVE('',#490,#461,#492,.T.);
#490 = VERTEX_POINT('',#491);
#491 = CARTESIAN_POINT('',(2.5,-16.46806736993,-166.45561));
#492 = SURFACE_CURVE('',#493,(#497,#504),.PCURVE_S1.);
#493 = LINE('',#494,#495);
#494 = CARTESIAN_POINT('',(2.387944010771,-16.34901824124,-166.45561));
#495 = VECTOR('',#496,1.);
#496 = DIRECTION('',(0.685396323559,-0.728170227111,0.));
#497 = PCURVE('',#304,#498);
#498 = DEFINITIONAL_REPRESENTATION('',(#499),#503);
#499 = LINE('',#500,#501);
#500 = CARTESIAN_POINT('',(2.387944010771,-16.34901824124));
#501 = VECTOR('',#502,1.);
#502 = DIRECTION('',(0.685396323559,-0.728170227111));
#503 = ( GEOMETRIC_REPRESENTATION_CONTEXT(2) 
PARAMETRIC_REPRESENTATION_CONTEXT() REPRESENTATION_CONTEXT('2D SPACE',''
  ) );
#504 = PCURVE('',#505,#510);
#505 = PLANE('',#506);
#506 = AXIS2_PLACEMENT_3D('',#507,#508,#509);
#507 = CARTESIAN_POINT('',(2.387944010771,-16.34901824124,-145.63483));
#508 = DIRECTION('',(0.728170227111,0.685396323559,0.));
#509 = DIRECTION('',(-0.685396323559,0.728170227111,0.));
#510 = DEFINITIONAL_REPRESENTATION('',(#511),#515);
#511 = LINE('',#512,#513);
#512 = CARTESIAN_POINT('',(0.,-20.82078));
#513 = VECTOR('',#514,1.);
#514 = DIRECTION('',(-1.,0.));
#515 = ( GEOMETRIC_REPRESENTATION_CONTEXT(2) 
PARAMETRIC_REPRESENTATION_CONTEXT() REPRESENTATION_CONTEXT('2D SPACE',''
  ) );
#516 = ORIENTED_EDGE('',*,*,#517,.F.);
#517 = EDGE_CURVE('',#518,#490,#520,.T.);
#518 = VERTEX_POINT('',#519);
#519 = CARTESIAN_POINT('',(-2.5,-16.46806736993,-166.45561));
#520 = SURFACE_CURVE('',#521,(#526,#533),.PCURVE_S1.);
#521 = CIRCLE('',#522,11.1457735);
#522 = AXIS2_PLACEMENT_3D('',#523,#524,#525);
#523 = CARTESIAN_POINT('',(-6.865721755049E-16,-5.606287265707,
    -166.45561));
#524 = DIRECTION('',(0.,0.,1.));
#525 = DIRECTION('',(-0.224300269407,-0.974520081447,0.));
#526 = PCURVE('',#304,#527);
#527 = DEFINITIONAL_REPRESENTATION('',(#528),#532);
#528 = CIRCLE('',#529,11.1457735);
#529 = AXIS2_PLACEMENT_2D('',#530,#531);
#530 = CARTESIAN_POINT('',(-6.865721755049E-16,-5.606287265707));
#531 = DIRECTION('',(-0.224300269407,-0.974520081447));
#532 = ( GEOMETRIC_REPRESENTATION_CONTEXT(2) 
PARAMETRIC_REPRESENTATION_CONTEXT() REPRESENTATION_CONTEXT('2D SPACE',''
  ) );
#533 = PCURVE('',#534,#539);
#534 = CYLINDRICAL_SURFACE('',#535,11.1457735);
#535 = AXIS2_PLACEMENT_3D('',#536,#537,#538);
#536 = CARTESIAN_POINT('',(-6.865721755049E-16,-5.606287265707,
    -145.63483));
#537 = DIRECTION('',(0.,0.,1.));
#538 = DIRECTION('',(-1.,0.,0.));
#539 = DEFINITIONAL_REPRESENTATION('',(#540),#544);
#540 = LINE('',#541,#542);
#541 = CARTESIAN_POINT('',(1.344571375853,-20.82078));
#542 = VECTOR('',#543,1.);
#543 = DIRECTION('',(1.,0.));
#544 = ( GEOMETRIC_REPRESENTATION_CONTEXT(2) 
PARAMETRIC_REPRESENTATION_CONTEXT() REPRESENTATION_CONTEXT('2D SPACE',''
  ) );
#545 = ORIENTED_EDGE('',*,*,#546,.F.);
#546 = EDGE_CURVE('',#547,#518,#549,.T.);
#547 = VERTEX_POINT('',#548);
#548 = CARTESIAN_POINT('',(-2.784569148597,-16.77039578115,-166.45561));
#549 = SURFACE_CURVE('',#550,(#554,#561),.PCURVE_S1.);
#550 = LINE('',#551,#552);
#551 = CARTESIAN_POINT('',(-1.843643215835,-15.77074896864,-166.45561));
#552 = VECTOR('',#553,1.);
#553 = DIRECTION('',(0.685396323559,0.728170227111,0.));
#554 = PCURVE('',#304,#555);
#555 = DEFINITIONAL_REPRESENTATION('',(#556),#560);
#556 = LINE('',#557,#558);
#557 = CARTESIAN_POINT('',(-1.843643215835,-15.77074896864));
#558 = VECTOR('',#559,1.);
#559 = DIRECTION('',(0.685396323559,0.728170227111));
#560 = ( GEOMETRIC_REPRESENTATION_CONTEXT(2) 
PARAMETRIC_REPRESENTATION_CONTEXT() REPRESENTATION_CONTEXT('2D SPACE',''
  ) );
#561 = PCURVE('',#562,#567);
#562 = PLANE('',#563);
#563 = AXIS2_PLACEMENT_3D('',#564,#565,#566);
#564 = CARTESIAN_POINT('',(-1.843643215835,-15.77074896864,-145.63483));
#565 = DIRECTION('',(-0.728170227111,0.685396323559,0.));
#566 = DIRECTION('',(-0.685396323559,-0.728170227111,0.));
#567 = DEFINITIONAL_REPRESENTATION('',(#568),#572);
#568 = LINE('',#569,#570);
#569 = CARTESIAN_POINT('',(-0.,-20.82078));
#570 = VECTOR('',#571,1.);
#571 = DIRECTION('',(-1.,0.));
#572 = ( GEOMETRIC_REPRESENTATION_CONTEXT(2) 
PARAMETRIC_REPRESENTATION_CONTEXT() REPRESENTATION_CONTEXT('2D SPACE',''
  ) );
#573 = ORIENTED_EDGE('',*,*,#574,.F.);
#574 = EDGE_CURVE('',#575,#547,#577,.T.);
#575 = VERTEX_POINT('',#576);
#576 = CARTESIAN_POINT('',(-13.1313042037,-10.79670551185,-166.45561));
#577 = SURFACE_CURVE('',#578,(#583,#590),.PCURVE_S1.);
#578 = CIRCLE('',#579,17.);
#579 = AXIS2_PLACEMENT_3D('',#580,#581,#582);
#580 = CARTESIAN_POINT('',(0.,0.,-166.45561));
#581 = DIRECTION('',(0.,0.,1.));
#582 = DIRECTION('',(1.,0.,0.));
#583 = PCURVE('',#304,#584);
#584 = DEFINITIONAL_REPRESENTATION('',(#585),#589);
#585 = CIRCLE('',#586,17.);
#586 = AXIS2_PLACEMENT_2D('',#587,#588);
#587 = CARTESIAN_POINT('',(0.,0.));
#588 = DIRECTION('',(1.,0.));
#589 = ( GEOMETRIC_REPRESENTATION_CONTEXT(2) 
PARAMETRIC_REPRESENTATION_CONTEXT() REPRESENTATION_CONTEXT('2D SPACE',''
  ) );
#590 = PCURVE('',#591,#596);
#591 = CONICAL_SURFACE('',#592,22.,0.7853981634);
#592 = AXIS2_PLACEMENT_3D('',#593,#594,#595);
#593 = CARTESIAN_POINT('',(0.,0.,-161.45561));
#594 = DIRECTION('',(0.,0.,1.));
#595 = DIRECTION('',(1.,0.,0.));
#596 = DEFINITIONAL_REPRESENTATION('',(#597),#601);
#597 = LINE('',#598,#599);
#598 = CARTESIAN_POINT('',(0.,-4.999999999987));
#599 = VECTOR('',#600,1.);
#600 = DIRECTION('',(1.,-2.623677624087E-15));
#601 = ( GEOMETRIC_REPRESENTATION_CONTEXT(2) 
PARAMETRIC_REPRESENTATION_CONTEXT() REPRESENTATION_CONTEXT('2D SPACE',''
  ) );
#602 = ORIENTED_EDGE('',*,*,#603,.F.);
#603 = EDGE_CURVE('',#604,#575,#606,.T.);
#604 = VERTEX_POINT('',#605);
#605 = CARTESIAN_POINT('',(-13.01176469359,-10.39909719442,-166.45561));
#606 = SURFACE_CURVE('',#607,(#611,#618),.PCURVE_S1.);
#607 = LINE('',#608,#609);
#608 = CARTESIAN_POINT('',(-12.96469311846,-10.24252929676,-166.45561));
#609 = VECTOR('',#610,1.);
#610 = DIRECTION('',(-0.287915753178,-0.957655741419,0.));
#611 = PCURVE('',#304,#612);
#612 = DEFINITIONAL_REPRESENTATION('',(#613),#617);
#613 = LINE('',#614,#615);
#614 = CARTESIAN_POINT('',(-12.96469311846,-10.24252929676));
#615 = VECTOR('',#616,1.);
#616 = DIRECTION('',(-0.287915753178,-0.957655741419));
#617 = ( GEOMETRIC_REPRESENTATION_CONTEXT(2) 
PARAMETRIC_REPRESENTATION_CONTEXT() REPRESENTATION_CONTEXT('2D SPACE',''
  ) );
#618 = PCURVE('',#619,#624);
#619 = PLANE('',#620);
#620 = AXIS2_PLACEMENT_3D('',#621,#622,#623);
#621 = CARTESIAN_POINT('',(-12.96469311846,-10.24252929676,-145.63483));
#622 = DIRECTION('',(0.957655741419,-0.287915753178,0.));
#623 = DIRECTION('',(0.287915753178,0.957655741419,0.));
#624 = DEFINITIONAL_REPRESENTATION('',(#625),#629);
#625 = LINE('',#626,#627);
#626 = CARTESIAN_POINT('',(0.,-20.82078));
#627 = VECTOR('',#628,1.);
#628 = DIRECTION('',(-1.,0.));
#629 = ( GEOMETRIC_REPRESENTATION_CONTEXT(2) 
PARAMETRIC_REPRESENTATION_CONTEXT() REPRESENTATION_CONTEXT('2D SPACE',''
  ) );
#630 = ORIENTED_EDGE('',*,*,#631,.F.);
#631 = EDGE_CURVE('',#632,#604,#634,.T.);
#632 = VERTEX_POINT('',#633);
#633 = CARTESIAN_POINT('',(-15.51176469359,-6.068970175504,-166.45561));
#634 = SURFACE_CURVE('',#635,(#640,#647),.PCURVE_S1.);
#635 = CIRCLE('',#636,11.1457735);
#636 = AXIS2_PLACEMENT_3D('',#637,#638,#639);
#637 = CARTESIAN_POINT('',(-4.855187193016,-2.803143632854,-166.45561));
#638 = DIRECTION('',(0.,0.,1.));
#639 = DIRECTION('',(-0.956109281735,-0.293010309341,0.));
#640 = PCURVE('',#304,#641);
#641 = DEFINITIONAL_REPRESENTATION('',(#642),#646);
#642 = CIRCLE('',#643,11.1457735);
#643 = AXIS2_PLACEMENT_2D('',#644,#645);
#644 = CARTESIAN_POINT('',(-4.855187193016,-2.803143632854));
#645 = DIRECTION('',(-0.956109281735,-0.293010309341));
#646 = ( GEOMETRIC_REPRESENTATION_CONTEXT(2) 
PARAMETRIC_REPRESENTATION_CONTEXT() REPRESENTATION_CONTEXT('2D SPACE',''
  ) );
#647 = PCURVE('',#648,#653);
#648 = CYLINDRICAL_SURFACE('',#649,11.1457735);
#649 = AXIS2_PLACEMENT_3D('',#650,#651,#652);
#650 = CARTESIAN_POINT('',(-4.855187193016,-2.803143632854,-145.63483));
#651 = DIRECTION('',(0.,0.,1.));
#652 = DIRECTION('',(-1.,0.,0.));
#653 = DEFINITIONAL_REPRESENTATION('',(#654),#658);
#654 = LINE('',#655,#656);
#655 = CARTESIAN_POINT('',(0.297373824656,-20.82078));
#656 = VECTOR('',#657,1.);
#657 = DIRECTION('',(1.,0.));
#658 = ( GEOMETRIC_REPRESENTATION_CONTEXT(2) 
PARAMETRIC_REPRESENTATION_CONTEXT() REPRESENTATION_CONTEXT('2D SPACE',''
  ) );
#659 = ORIENTED_EDGE('',*,*,#660,.F.);
#660 = EDGE_CURVE('',#661,#632,#663,.T.);
#661 = VERTEX_POINT('',#662);
#662 = CARTESIAN_POINT('',(-15.9158733523,-5.973690269299,-166.45561));
#663 = SURFACE_CURVE('',#664,(#668,#675),.PCURVE_S1.);
#664 = LINE('',#665,#666);
#665 = CARTESIAN_POINT('',(-14.57969085147,-6.288732623895,-166.45561));
#666 = VECTOR('',#667,1.);
#667 = DIRECTION('',(0.973312076738,-0.229485514307,0.));
#668 = PCURVE('',#304,#669);
#669 = DEFINITIONAL_REPRESENTATION('',(#670),#674);
#670 = LINE('',#671,#672);
#671 = CARTESIAN_POINT('',(-14.57969085147,-6.288732623895));
#672 = VECTOR('',#673,1.);
#673 = DIRECTION('',(0.973312076738,-0.229485514307));
#674 = ( GEOMETRIC_REPRESENTATION_CONTEXT(2) 
PARAMETRIC_REPRESENTATION_CONTEXT() REPRESENTATION_CONTEXT('2D SPACE',''
  ) );
#675 = PCURVE('',#676,#681);
#676 = PLANE('',#677);
#677 = AXIS2_PLACEMENT_3D('',#678,#679,#680);
#678 = CARTESIAN_POINT('',(-14.57969085147,-6.288732623895,-145.63483));
#679 = DIRECTION('',(0.229485514307,0.973312076738,0.));
#680 = DIRECTION('',(-0.973312076738,0.229485514307,0.));
#681 = DEFINITIONAL_REPRESENTATION('',(#682),#686);
#682 = LINE('',#683,#684);
#683 = CARTESIAN_POINT('',(0.,-20.82078));
#684 = VECTOR('',#685,1.);
#685 = DIRECTION('',(-1.,0.));
#686 = ( GEOMETRIC_REPRESENTATION_CONTEXT(2) 
PARAMETRIC_REPRESENTATION_CONTEXT() REPRESENTATION_CONTEXT('2D SPACE',''
  ) );
#687 = ORIENTED_EDGE('',*,*,#688,.F.);
#688 = EDGE_CURVE('',#689,#661,#691,.T.);
#689 = VERTEX_POINT('',#690);
#690 = CARTESIAN_POINT('',(-15.9158733523,5.973690269299,-166.45561));
#691 = SURFACE_CURVE('',#692,(#697,#704),.PCURVE_S1.);
#692 = CIRCLE('',#693,17.);
#693 = AXIS2_PLACEMENT_3D('',#694,#695,#696);
#694 = CARTESIAN_POINT('',(0.,0.,-166.45561));
#695 = DIRECTION('',(0.,0.,1.));
#696 = DIRECTION('',(1.,0.,0.));
#697 = PCURVE('',#304,#698);
#698 = DEFINITIONAL_REPRESENTATION('',(#699),#703);
#699 = CIRCLE('',#700,17.);
#700 = AXIS2_PLACEMENT_2D('',#701,#702);
#701 = CARTESIAN_POINT('',(0.,0.));
#702 = DIRECTION('',(1.,0.));
#703 = ( GEOMETRIC_REPRESENTATION_CONTEXT(2) 
PARAMETRIC_REPRESENTATION_CONTEXT() REPRESENTATION_CONTEXT('2D SPACE',''
  ) );
#704 = PCURVE('',#705,#710);
#705 = CONICAL_SURFACE('',#706,22.,0.7853981634);
#706 = AXIS2_PLACEMENT_3D('',#707,#708,#709);
#707 = CARTESIAN_POINT('',(0.,0.,-161.45561));
#708 = DIRECTION('',(0.,0.,1.));
#709 = DIRECTION('',(1.,0.,0.));
#710 = DEFINITIONAL_REPRESENTATION('',(#711),#715);
#711 = LINE('',#712,#713);
#712 = CARTESIAN_POINT('',(0.,-4.999999999987));
#713 = VECTOR('',#714,1.);
#714 = DIRECTION('',(1.,0.));
#715 = ( GEOMETRIC_REPRESENTATION_CONTEXT(2) 
PARAMETRIC_REPRESENTATION_CONTEXT() REPRESENTATION_CONTEXT('2D SPACE',''
  ) );
#716 = ORIENTED_EDGE('',*,*,#717,.F.);
#717 = EDGE_CURVE('',#718,#689,#720,.T.);
#718 = VERTEX_POINT('',#719);
#719 = CARTESIAN_POINT('',(-15.51176469359,6.068970175504,-166.45561));
#720 = SURFACE_CURVE('',#721,(#725,#732),.PCURVE_S1.);
#721 = LINE('',#722,#723);
#722 = CARTESIAN_POINT('',(-15.35263712923,6.106488944478,-166.45561));
#723 = VECTOR('',#724,1.);
#724 = DIRECTION('',(-0.973312076738,-0.229485514307,0.));
#725 = PCURVE('',#304,#726);
#726 = DEFINITIONAL_REPRESENTATION('',(#727),#731);
#727 = LINE('',#728,#729);
#728 = CARTESIAN_POINT('',(-15.35263712923,6.106488944478));
#729 = VECTOR('',#730,1.);
#730 = DIRECTION('',(-0.973312076738,-0.229485514307));
#731 = ( GEOMETRIC_REPRESENTATION_CONTEXT(2) 
PARAMETRIC_REPRESENTATION_CONTEXT() REPRESENTATION_CONTEXT('2D SPACE',''
  ) );
#732 = PCURVE('',#733,#738);
#733 = PLANE('',#734);
#734 = AXIS2_PLACEMENT_3D('',#735,#736,#737);
#735 = CARTESIAN_POINT('',(-15.35263712923,6.106488944478,-145.63483));
#736 = DIRECTION('',(0.229485514307,-0.973312076738,0.));
#737 = DIRECTION('',(0.973312076738,0.229485514307,0.));
#738 = DEFINITIONAL_REPRESENTATION('',(#739),#743);
#739 = LINE('',#740,#741);
#740 = CARTESIAN_POINT('',(0.,-20.82078));
#741 = VECTOR('',#742,1.);
#742 = DIRECTION('',(-1.,0.));
#743 = ( GEOMETRIC_REPRESENTATION_CONTEXT(2) 
PARAMETRIC_REPRESENTATION_CONTEXT() REPRESENTATION_CONTEXT('2D SPACE',''
  ) );
#744 = ORIENTED_EDGE('',*,*,#745,.F.);
#745 = EDGE_CURVE('',#746,#718,#748,.T.);
#746 = VERTEX_POINT('',#747);
#747 = CARTESIAN_POINT('',(-13.01176469359,10.399097194426,-166.45561));
#748 = SURFACE_CURVE('',#749,(#754,#761),.PCURVE_S1.);
#749 = CIRCLE('',#750,11.1457735);
#750 = AXIS2_PLACEMENT_3D('',#751,#752,#753);
#751 = CARTESIAN_POINT('',(-4.855187193016,2.803143632854,-166.45561));
#752 = DIRECTION('',(0.,0.,1.));
#753 = DIRECTION('',(-0.731809012328,0.681509772106,0.));
#754 = PCURVE('',#304,#755);
#755 = DEFINITIONAL_REPRESENTATION('',(#756),#760);
#756 = CIRCLE('',#757,11.1457735);
#757 = AXIS2_PLACEMENT_2D('',#758,#759);
#758 = CARTESIAN_POINT('',(-4.855187193016,2.803143632854));
#759 = DIRECTION('',(-0.731809012328,0.681509772106));
#760 = ( GEOMETRIC_REPRESENTATION_CONTEXT(2) 
PARAMETRIC_REPRESENTATION_CONTEXT() REPRESENTATION_CONTEXT('2D SPACE',''
  ) );
#761 = PCURVE('',#762,#767);
#762 = CYLINDRICAL_SURFACE('',#763,11.1457735);
#763 = AXIS2_PLACEMENT_3D('',#764,#765,#766);
#764 = CARTESIAN_POINT('',(-4.855187193016,2.803143632854,-145.63483));
#765 = DIRECTION('',(0.,0.,1.));
#766 = DIRECTION('',(-1.,0.,0.));
#767 = DEFINITIONAL_REPRESENTATION('',(#768),#772);
#768 = LINE('',#769,#770);
#769 = CARTESIAN_POINT('',(5.533361580639,-20.82078));
#770 = VECTOR('',#771,1.);
#771 = DIRECTION('',(1.,0.));
#772 = ( GEOMETRIC_REPRESENTATION_CONTEXT(2) 
PARAMETRIC_REPRESENTATION_CONTEXT() REPRESENTATION_CONTEXT('2D SPACE',''
  ) );
#773 = ORIENTED_EDGE('',*,*,#774,.F.);
#774 = EDGE_CURVE('',#775,#746,#777,.T.);
#775 = VERTEX_POINT('',#776);
#776 = CARTESIAN_POINT('',(-13.1313042037,10.796705511859,-166.45561));
#777 = SURFACE_CURVE('',#778,(#782,#789),.PCURVE_S1.);
#778 = LINE('',#779,#780);
#779 = CARTESIAN_POINT('',(-12.73604763563,9.48201634475,-166.45561));
#780 = VECTOR('',#781,1.);
#781 = DIRECTION('',(0.287915753178,-0.957655741419,0.));
#782 = PCURVE('',#304,#783);
#783 = DEFINITIONAL_REPRESENTATION('',(#784),#788);
#784 = LINE('',#785,#786);
#785 = CARTESIAN_POINT('',(-12.73604763563,9.48201634475));
#786 = VECTOR('',#787,1.);
#787 = DIRECTION('',(0.287915753178,-0.957655741419));
#788 = ( GEOMETRIC_REPRESENTATION_CONTEXT(2) 
PARAMETRIC_REPRESENTATION_CONTEXT() REPRESENTATION_CONTEXT('2D SPACE',''
  ) );
#789 = PCURVE('',#790,#795);
#790 = PLANE('',#791);
#791 = AXIS2_PLACEMENT_3D('',#792,#793,#794);
#792 = CARTESIAN_POINT('',(-12.73604763563,9.48201634475,-145.63483));
#793 = DIRECTION('',(0.957655741419,0.287915753178,0.));
#794 = DIRECTION('',(-0.287915753178,0.957655741419,0.));
#795 = DEFINITIONAL_REPRESENTATION('',(#796),#800);
#796 = LINE('',#797,#798);
#797 = CARTESIAN_POINT('',(0.,-20.82078));
#798 = VECTOR('',#799,1.);
#799 = DIRECTION('',(-1.,0.));
#800 = ( GEOMETRIC_REPRESENTATION_CONTEXT(2) 
PARAMETRIC_REPRESENTATION_CONTEXT() REPRESENTATION_CONTEXT('2D SPACE',''
  ) );
#801 = ORIENTED_EDGE('',*,*,#802,.F.);
#802 = EDGE_CURVE('',#803,#775,#805,.T.);
#803 = VERTEX_POINT('',#804);
#804 = CARTESIAN_POINT('',(-2.784569148597,16.770395781158,-166.45561));
#805 = SURFACE_CURVE('',#806,(#811,#818),.PCURVE_S1.);
#806 = CIRCLE('',#807,17.);
#807 = AXIS2_PLACEMENT_3D('',#808,#809,#810);
#808 = CARTESIAN_POINT('',(0.,0.,-166.45561));
#809 = DIRECTION('',(0.,0.,1.));
#810 = DIRECTION('',(1.,0.,0.));
#811 = PCURVE('',#304,#812);
#812 = DEFINITIONAL_REPRESENTATION('',(#813),#817);
#813 = CIRCLE('',#814,17.);
#814 = AXIS2_PLACEMENT_2D('',#815,#816);
#815 = CARTESIAN_POINT('',(0.,0.));
#816 = DIRECTION('',(1.,0.));
#817 = ( GEOMETRIC_REPRESENTATION_CONTEXT(2) 
PARAMETRIC_REPRESENTATION_CONTEXT() REPRESENTATION_CONTEXT('2D SPACE',''
  ) );
#818 = PCURVE('',#819,#824);
#819 = CONICAL_SURFACE('',#820,22.,0.7853981634);
#820 = AXIS2_PLACEMENT_3D('',#821,#822,#823);
#821 = CARTESIAN_POINT('',(0.,0.,-161.45561));
#822 = DIRECTION('',(0.,0.,1.));
#823 = DIRECTION('',(1.,0.,0.));
#824 = DEFINITIONAL_REPRESENTATION('',(#825),#829);
#825 = LINE('',#826,#827);
#826 = CARTESIAN_POINT('',(0.,-4.999999999987));
#827 = VECTOR('',#828,1.);
#828 = DIRECTION('',(1.,0.));
#829 = ( GEOMETRIC_REPRESENTATION_CONTEXT(2) 
PARAMETRIC_REPRESENTATION_CONTEXT() REPRESENTATION_CONTEXT('2D SPACE',''
  ) );
#830 = ORIENTED_EDGE('',*,*,#831,.F.);
#831 = EDGE_CURVE('',#832,#803,#834,.T.);
#832 = VERTEX_POINT('',#833);
#833 = CARTESIAN_POINT('',(-2.5,16.46806736993,-166.45561));
#834 = SURFACE_CURVE('',#835,(#839,#846),.PCURVE_S1.);
#835 = LINE('',#836,#837);
#836 = CARTESIAN_POINT('',(-2.160776071783,16.107673308333,-166.45561));
#837 = VECTOR('',#838,1.);
#838 = DIRECTION('',(-0.685396323559,0.728170227111,0.));
#839 = PCURVE('',#304,#840);
#840 = DEFINITIONAL_REPRESENTATION('',(#841),#845);
#841 = LINE('',#842,#843);
#842 = CARTESIAN_POINT('',(-2.160776071783,16.107673308333));
#843 = VECTOR('',#844,1.);
#844 = DIRECTION('',(-0.685396323559,0.728170227111));
#845 = ( GEOMETRIC_REPRESENTATION_CONTEXT(2) 
PARAMETRIC_REPRESENTATION_CONTEXT() REPRESENTATION_CONTEXT('2D SPACE',''
  ) );
#846 = PCURVE('',#847,#852);
#847 = PLANE('',#848);
#848 = AXIS2_PLACEMENT_3D('',#849,#850,#851);
#849 = CARTESIAN_POINT('',(-2.160776071783,16.107673308333,-145.63483));
#850 = DIRECTION('',(-0.728170227111,-0.685396323559,0.));
#851 = DIRECTION('',(0.685396323559,-0.728170227111,0.));
#852 = DEFINITIONAL_REPRESENTATION('',(#853),#857);
#853 = LINE('',#854,#855);
#854 = CARTESIAN_POINT('',(0.,-20.82078));
#855 = VECTOR('',#856,1.);
#856 = DIRECTION('',(-1.,0.));
#857 = ( GEOMETRIC_REPRESENTATION_CONTEXT(2) 
PARAMETRIC_REPRESENTATION_CONTEXT() REPRESENTATION_CONTEXT('2D SPACE',''
  ) );
#858 = ORIENTED_EDGE('',*,*,#859,.F.);
#859 = EDGE_CURVE('',#860,#832,#862,.T.);
#860 = VERTEX_POINT('',#861);
#861 = CARTESIAN_POINT('',(2.5,16.46806736993,-166.45561));
#862 = SURFACE_CURVE('',#863,(#868,#875),.PCURVE_S1.);
#863 = CIRCLE('',#864,11.1457735);
#864 = AXIS2_PLACEMENT_3D('',#865,#866,#867);
#865 = CARTESIAN_POINT('',(0.,5.606287265707,-166.45561));
#866 = DIRECTION('',(0.,-0.,1.));
#867 = DIRECTION('',(0.224300269407,0.974520081447,0.));
#868 = PCURVE('',#304,#869);
#869 = DEFINITIONAL_REPRESENTATION('',(#870),#874);
#870 = CIRCLE('',#871,11.1457735);
#871 = AXIS2_PLACEMENT_2D('',#872,#873);
#872 = CARTESIAN_POINT('',(0.,5.606287265707));
#873 = DIRECTION('',(0.224300269407,0.974520081447));
#874 = ( GEOMETRIC_REPRESENTATION_CONTEXT(2) 
PARAMETRIC_REPRESENTATION_CONTEXT() REPRESENTATION_CONTEXT('2D SPACE',''
  ) );
#875 = PCURVE('',#876,#881);
#876 = CYLINDRICAL_SURFACE('',#877,11.1457735);
#877 = AXIS2_PLACEMENT_3D('',#878,#879,#880);
#878 = CARTESIAN_POINT('',(0.,5.606287265707,-145.63483));
#879 = DIRECTION('',(0.,0.,1.));
#880 = DIRECTION('',(-1.,0.,0.));
#881 = DEFINITIONAL_REPRESENTATION('',(#882),#886);
#882 = LINE('',#883,#884);
#883 = CARTESIAN_POINT('',(4.486164029442,-20.82078));
#884 = VECTOR('',#885,1.);
#885 = DIRECTION('',(1.,0.));
#886 = ( GEOMETRIC_REPRESENTATION_CONTEXT(2) 
PARAMETRIC_REPRESENTATION_CONTEXT() REPRESENTATION_CONTEXT('2D SPACE',''
  ) );
#887 = ORIENTED_EDGE('',*,*,#888,.F.);
#888 = EDGE_CURVE('',#889,#860,#891,.T.);
#889 = VERTEX_POINT('',#890);
#890 = CARTESIAN_POINT('',(2.784569148597,16.770395781158,-166.45561));
#891 = SURFACE_CURVE('',#892,(#896,#903),.PCURVE_S1.);
#892 = LINE('',#893,#894);
#893 = CARTESIAN_POINT('',(1.843643215835,15.770748968644,-166.45561));
#894 = VECTOR('',#895,1.);
#895 = DIRECTION('',(-0.685396323559,-0.728170227111,0.));
#896 = PCURVE('',#304,#897);
#897 = DEFINITIONAL_REPRESENTATION('',(#898),#902);
#898 = LINE('',#899,#900);
#899 = CARTESIAN_POINT('',(1.843643215835,15.770748968644));
#900 = VECTOR('',#901,1.);
#901 = DIRECTION('',(-0.685396323559,-0.728170227111));
#902 = ( GEOMETRIC_REPRESENTATION_CONTEXT(2) 
PARAMETRIC_REPRESENTATION_CONTEXT() REPRESENTATION_CONTEXT('2D SPACE',''
  ) );
#903 = PCURVE('',#904,#909);
#904 = PLANE('',#905);
#905 = AXIS2_PLACEMENT_3D('',#906,#907,#908);
#906 = CARTESIAN_POINT('',(1.843643215835,15.770748968644,-145.63483));
#907 = DIRECTION('',(0.728170227111,-0.685396323559,0.));
#908 = DIRECTION('',(0.685396323559,0.728170227111,0.));
#909 = DEFINITIONAL_REPRESENTATION('',(#910),#914);
#910 = LINE('',#911,#912);
#911 = CARTESIAN_POINT('',(0.,-20.82078));
#912 = VECTOR('',#913,1.);
#913 = DIRECTION('',(-1.,0.));
#914 = ( GEOMETRIC_REPRESENTATION_CONTEXT(2) 
PARAMETRIC_REPRESENTATION_CONTEXT() REPRESENTATION_CONTEXT('2D SPACE',''
  ) );
#915 = ORIENTED_EDGE('',*,*,#916,.F.);
#916 = EDGE_CURVE('',#917,#889,#919,.T.);
#917 = VERTEX_POINT('',#918);
#918 = CARTESIAN_POINT('',(13.131304203703,10.796705511859,-166.45561));
#919 = SURFACE_CURVE('',#920,(#925,#932),.PCURVE_S1.);
#920 = CIRCLE('',#921,17.);
#921 = AXIS2_PLACEMENT_3D('',#922,#923,#924);
#922 = CARTESIAN_POINT('',(0.,0.,-166.45561));
#923 = DIRECTION('',(0.,0.,1.));
#924 = DIRECTION('',(1.,0.,0.));
#925 = PCURVE('',#304,#926);
#926 = DEFINITIONAL_REPRESENTATION('',(#927),#931);
#927 = CIRCLE('',#928,17.);
#928 = AXIS2_PLACEMENT_2D('',#929,#930);
#929 = CARTESIAN_POINT('',(0.,0.));
#930 = DIRECTION('',(1.,0.));
#931 = ( GEOMETRIC_REPRESENTATION_CONTEXT(2) 
PARAMETRIC_REPRESENTATION_CONTEXT() REPRESENTATION_CONTEXT('2D SPACE',''
  ) );
#932 = PCURVE('',#933,#938);
#933 = CONICAL_SURFACE('',#934,22.,0.7853981634);
#934 = AXIS2_PLACEMENT_3D('',#935,#936,#937);
#935 = CARTESIAN_POINT('',(0.,0.,-161.45561));
#936 = DIRECTION('',(0.,0.,1.));
#937 = DIRECTION('',(1.,0.,0.));
#938 = DEFINITIONAL_REPRESENTATION('',(#939),#943);
#939 = LINE('',#940,#941);
#940 = CARTESIAN_POINT('',(1.110223024625E-16,-4.999999999987));
#941 = VECTOR('',#942,1.);
#942 = DIRECTION('',(1.,0.));
#943 = ( GEOMETRIC_REPRESENTATION_CONTEXT(2) 
PARAMETRIC_REPRESENTATION_CONTEXT() REPRESENTATION_CONTEXT('2D SPACE',''
  ) );
#944 = ORIENTED_EDGE('',*,*,#945,.F.);
#945 = EDGE_CURVE('',#946,#917,#948,.T.);
#946 = VERTEX_POINT('',#947);
#947 = CARTESIAN_POINT('',(13.011764693593,10.399097194426,-166.45561));
#948 = SURFACE_CURVE('',#949,(#953,#960),.PCURVE_S1.);
#949 = LINE('',#950,#951);
#950 = CARTESIAN_POINT('',(12.964693118465,10.242529296764,-166.45561));
#951 = VECTOR('',#952,1.);
#952 = DIRECTION('',(0.287915753178,0.957655741419,0.));
#953 = PCURVE('',#304,#954);
#954 = DEFINITIONAL_REPRESENTATION('',(#955),#959);
#955 = LINE('',#956,#957);
#956 = CARTESIAN_POINT('',(12.964693118465,10.242529296764));
#957 = VECTOR('',#958,1.);
#958 = DIRECTION('',(0.287915753178,0.957655741419));
#959 = ( GEOMETRIC_REPRESENTATION_CONTEXT(2) 
PARAMETRIC_REPRESENTATION_CONTEXT() REPRESENTATION_CONTEXT('2D SPACE',''
  ) );
#960 = PCURVE('',#961,#966);
#961 = PLANE('',#962);
#962 = AXIS2_PLACEMENT_3D('',#963,#964,#965);
#963 = CARTESIAN_POINT('',(12.964693118465,10.242529296764,-145.63483));
#964 = DIRECTION('',(-0.957655741419,0.287915753178,0.));
#965 = DIRECTION('',(-0.287915753178,-0.957655741419,0.));
#966 = DEFINITIONAL_REPRESENTATION('',(#967),#971);
#967 = LINE('',#968,#969);
#968 = CARTESIAN_POINT('',(-0.,-20.82078));
#969 = VECTOR('',#970,1.);
#970 = DIRECTION('',(-1.,0.));
#971 = ( GEOMETRIC_REPRESENTATION_CONTEXT(2) 
PARAMETRIC_REPRESENTATION_CONTEXT() REPRESENTATION_CONTEXT('2D SPACE',''
  ) );
#972 = ORIENTED_EDGE('',*,*,#973,.F.);
#973 = EDGE_CURVE('',#24,#946,#974,.T.);
#974 = SURFACE_CURVE('',#975,(#980,#987),.PCURVE_S1.);
#975 = CIRCLE('',#976,11.1457735);
#976 = AXIS2_PLACEMENT_3D('',#977,#978,#979);
#977 = CARTESIAN_POINT('',(4.855187193016,2.803143632854,-166.45561));
#978 = DIRECTION('',(0.,-0.,1.));
#979 = DIRECTION('',(0.956109281735,0.293010309341,0.));
#980 = PCURVE('',#304,#981);
#981 = DEFINITIONAL_REPRESENTATION('',(#982),#986);
#982 = CIRCLE('',#983,11.1457735);
#983 = AXIS2_PLACEMENT_2D('',#984,#985);
#984 = CARTESIAN_POINT('',(4.855187193016,2.803143632854));
#985 = DIRECTION('',(0.956109281735,0.293010309341));
#986 = ( GEOMETRIC_REPRESENTATION_CONTEXT(2) 
PARAMETRIC_REPRESENTATION_CONTEXT() REPRESENTATION_CONTEXT('2D SPACE',''
  ) );
#987 = PCURVE('',#44,#988);
#988 = DEFINITIONAL_REPRESENTATION('',(#989),#993);
#989 = LINE('',#990,#991);
#990 = CARTESIAN_POINT('',(3.438966478246,-20.82078));
#991 = VECTOR('',#992,1.);
#992 = DIRECTION('',(1.,0.));
#993 = ( GEOMETRIC_REPRESENTATION_CONTEXT(2) 
PARAMETRIC_REPRESENTATION_CONTEXT() REPRESENTATION_CONTEXT('2D SPACE',''
  ) );
#994 = ADVANCED_FACE('',(#995),#961,.F.);
#995 = FACE_BOUND('',#996,.T.);
#996 = EDGE_LOOP('',(#997,#998,#1045,#1073,#1125,#1148));
#997 = ORIENTED_EDGE('',*,*,#945,.T.);
#998 = ORIENTED_EDGE('',*,*,#999,.T.);
#999 = EDGE_CURVE('',#917,#1000,#1002,.T.);
#1000 = VERTEX_POINT('',#1001);
#1001 = CARTESIAN_POINT('',(14.78359331357,16.292494245479,-161.45561));
#1002 = SURFACE_CURVE('',#1003,(#1008,#1016),.PCURVE_S1.);
#1003 = B_SPLINE_CURVE_WITH_KNOTS('',3,(#1004,#1005,#1006,#1007),
  .UNSPECIFIED.,.F.,.F.,(4,4),(0.,7.611422541626E-03),
  .PIECEWISE_BEZIER_KNOTS.);
#1004 = CARTESIAN_POINT('',(13.131304203703,10.796705511859,-166.45561)
  );
#1005 = CARTESIAN_POINT('',(13.693387031679,12.666286600848,
    -164.834068997));
#1006 = CARTESIAN_POINT('',(14.2412698933,14.488636237035,
    -163.1559206869));
#1007 = CARTESIAN_POINT('',(14.78359331357,16.292494245479,-161.45561));
#1008 = PCURVE('',#961,#1009);
#1009 = DEFINITIONAL_REPRESENTATION('',(#1010),#1015);
#1010 = B_SPLINE_CURVE_WITH_KNOTS('',3,(#1011,#1012,#1013,#1014),
  .UNSPECIFIED.,.F.,.F.,(4,4),(0.,7.611422541626E-03),
  .PIECEWISE_BEZIER_KNOTS.);
#1011 = CARTESIAN_POINT('',(-0.578679990237,-20.82078));
#1012 = CARTESIAN_POINT('',(-2.53092755492,-19.199238997));
#1013 = CARTESIAN_POINT('',(-4.433855253644,-17.5210906869));
#1014 = CARTESIAN_POINT('',(-6.317473688147,-15.82078));
#1015 = ( GEOMETRIC_REPRESENTATION_CONTEXT(2) 
PARAMETRIC_REPRESENTATION_CONTEXT() REPRESENTATION_CONTEXT('2D SPACE',''
  ) );
#1016 = PCURVE('',#933,#1017);
#1017 = DEFINITIONAL_REPRESENTATION('',(#1018),#1044);
#1018 = B_SPLINE_CURVE_WITH_KNOTS('',3,(#1019,#1020,#1021,#1022,#1023,
    #1024,#1025,#1026,#1027,#1028,#1029,#1030,#1031,#1032,#1033,#1034,
    #1035,#1036,#1037,#1038,#1039,#1040,#1041,#1042,#1043),
  .UNSPECIFIED.,.F.,.F.,(4,1,1,1,1,1,1,1,1,1,1,1,1,1,1,1,1,1,1,1,1,1,4),
  (0.,3.459737518921E-04,6.919475037842E-04,1.037921255676E-03,
    1.383895007568E-03,1.72986875946E-03,2.075842511353E-03,
    2.421816263245E-03,2.767790015137E-03,3.113763767029E-03,
    3.459737518921E-03,3.805711270813E-03,4.151685022705E-03,
    4.497658774597E-03,4.843632526489E-03,5.189606278381E-03,
    5.535580030273E-03,5.881553782166E-03,6.227527534058E-03,
    6.57350128595E-03,6.919475037842E-03,7.265448789734E-03,
    7.611422541626E-03),.QUASI_UNIFORM_KNOTS.);
#1019 = CARTESIAN_POINT('',(0.688138394477,-4.999999999987));
#1020 = CARTESIAN_POINT('',(0.691045155024,-4.926293459993));
#1021 = CARTESIAN_POINT('',(0.696776509685,-4.778633099776));
#1022 = CARTESIAN_POINT('',(0.705136038776,-4.556430520963));
#1023 = CARTESIAN_POINT('',(0.71326721447,-4.333546299869));
#1024 = CARTESIAN_POINT('',(0.721178650397,-4.110008753684));
#1025 = CARTESIAN_POINT('',(0.728878628724,-3.885844949343));
#1026 = CARTESIAN_POINT('',(0.736375064897,-3.661080587112));
#1027 = CARTESIAN_POINT('',(0.743675536212,-3.435740130952));
#1028 = CARTESIAN_POINT('',(0.750787292831,-3.209846866645));
#1029 = CARTESIAN_POINT('',(0.757717272984,-2.983422973519));
#1030 = CARTESIAN_POINT('',(0.764472116496,-2.756489587126));
#1031 = CARTESIAN_POINT('',(0.771058178172,-2.529066859259));
#1032 = CARTESIAN_POINT('',(0.777481540618,-2.301174013922));
#1033 = CARTESIAN_POINT('',(0.783748026601,-2.072829399914));
#1034 = CARTESIAN_POINT('',(0.789863210899,-1.844050540129));
#1035 = CARTESIAN_POINT('',(0.79583243169,-1.61485417784));
#1036 = CARTESIAN_POINT('',(0.801660801416,-1.385256320019));
#1037 = CARTESIAN_POINT('',(0.807353217302,-1.155272278397));
#1038 = CARTESIAN_POINT('',(0.812914370924,-0.92491670648));
#1039 = CARTESIAN_POINT('',(0.818348759202,-0.694203640031));
#1040 = CARTESIAN_POINT('',(0.82366068791,-0.463146513655));
#1041 = CARTESIAN_POINT('',(0.828854301081,-0.231758256407));
#1042 = CARTESIAN_POINT('',(0.832240441554,-7.728680741247E-02));
#1043 = CARTESIAN_POINT('',(0.833915107891,-2.48689957516E-14));
#1044 = ( GEOMETRIC_REPRESENTATION_CONTEXT(2) 
PARAMETRIC_REPRESENTATION_CONTEXT() REPRESENTATION_CONTEXT('2D SPACE',''
  ) );
#1045 = ORIENTED_EDGE('',*,*,#1046,.F.);
#1046 = EDGE_CURVE('',#1047,#1000,#1049,.T.);
#1047 = VERTEX_POINT('',#1048);
#1048 = CARTESIAN_POINT('',(14.78359331357,16.292494245479,-151.45561));
#1049 = SURFACE_CURVE('',#1050,(#1054,#1061),.PCURVE_S1.);
#1050 = LINE('',#1051,#1052);
#1051 = CARTESIAN_POINT('',(14.78359331357,16.292494245479,-146.45561));
#1052 = VECTOR('',#1053,1.);
#1053 = DIRECTION('',(0.,0.,-1.));
#1054 = PCURVE('',#961,#1055);
#1055 = DEFINITIONAL_REPRESENTATION('',(#1056),#1060);
#1056 = LINE('',#1057,#1058);
#1057 = CARTESIAN_POINT('',(-6.317473688147,-0.82078));
#1058 = VECTOR('',#1059,1.);
#1059 = DIRECTION('',(-0.,-1.));
#1060 = ( GEOMETRIC_REPRESENTATION_CONTEXT(2) 
PARAMETRIC_REPRESENTATION_CONTEXT() REPRESENTATION_CONTEXT('2D SPACE',''
  ) );
#1061 = PCURVE('',#1062,#1067);
#1062 = CYLINDRICAL_SURFACE('',#1063,22.);
#1063 = AXIS2_PLACEMENT_3D('',#1064,#1065,#1066);
#1064 = CARTESIAN_POINT('',(0.,0.,-146.45561));
#1065 = DIRECTION('',(0.,0.,1.));
#1066 = DIRECTION('',(-1.,0.,0.));
#1067 = DEFINITIONAL_REPRESENTATION('',(#1068),#1072);
#1068 = LINE('',#1069,#1070);
#1069 = CARTESIAN_POINT('',(3.975507761481,0.));
#1070 = VECTOR('',#1071,1.);
#1071 = DIRECTION('',(0.,-1.));
#1072 = ( GEOMETRIC_REPRESENTATION_CONTEXT(2) 
PARAMETRIC_REPRESENTATION_CONTEXT() REPRESENTATION_CONTEXT('2D SPACE',''
  ) );
#1073 = ORIENTED_EDGE('',*,*,#1074,.T.);
#1074 = EDGE_CURVE('',#1047,#1075,#1077,.T.);
#1075 = VERTEX_POINT('',#1076);
#1076 = CARTESIAN_POINT('',(13.131304203703,10.796705511859,-146.45561)
  );
#1077 = SURFACE_CURVE('',#1078,(#1083,#1091),.PCURVE_S1.);
#1078 = B_SPLINE_CURVE_WITH_KNOTS('',3,(#1079,#1080,#1081,#1082),
  .UNSPECIFIED.,.F.,.F.,(4,4),(0.,7.611422541626E-03),
  .PIECEWISE_BEZIER_KNOTS.);
#1079 = CARTESIAN_POINT('',(14.78359331357,16.292494245479,-151.45561));
#1080 = CARTESIAN_POINT('',(14.2412698933,14.488636237035,-149.755299313
    ));
#1081 = CARTESIAN_POINT('',(13.693387031679,12.666286600848,
    -148.0771510029));
#1082 = CARTESIAN_POINT('',(13.131304203703,10.796705511859,-146.45561)
  );
#1083 = PCURVE('',#961,#1084);
#1084 = DEFINITIONAL_REPRESENTATION('',(#1085),#1090);
#1085 = B_SPLINE_CURVE_WITH_KNOTS('',3,(#1086,#1087,#1088,#1089),
  .UNSPECIFIED.,.F.,.F.,(4,4),(0.,7.611422541626E-03),
  .PIECEWISE_BEZIER_KNOTS.);
#1086 = CARTESIAN_POINT('',(-6.317473688147,-5.82078));
#1087 = CARTESIAN_POINT('',(-4.433855253644,-4.120469313));
#1088 = CARTESIAN_POINT('',(-2.53092755492,-2.4423210029));
#1089 = CARTESIAN_POINT('',(-0.578679990237,-0.82078));
#1090 = ( GEOMETRIC_REPRESENTATION_CONTEXT(2) 
PARAMETRIC_REPRESENTATION_CONTEXT() REPRESENTATION_CONTEXT('2D SPACE',''
  ) );
#1091 = PCURVE('',#1092,#1097);
#1092 = CONICAL_SURFACE('',#1093,17.,0.7853981634);
#1093 = AXIS2_PLACEMENT_3D('',#1094,#1095,#1096);
#1094 = CARTESIAN_POINT('',(0.,0.,-146.45561));
#1095 = DIRECTION('',(0.,0.,-1.));
#1096 = DIRECTION('',(-1.,0.,0.));
#1097 = DEFINITIONAL_REPRESENTATION('',(#1098),#1124);
#1098 = B_SPLINE_CURVE_WITH_KNOTS('',3,(#1099,#1100,#1101,#1102,#1103,
    #1104,#1105,#1106,#1107,#1108,#1109,#1110,#1111,#1112,#1113,#1114,
    #1115,#1116,#1117,#1118,#1119,#1120,#1121,#1122,#1123),
  .UNSPECIFIED.,.F.,.F.,(4,1,1,1,1,1,1,1,1,1,1,1,1,1,1,1,1,1,1,1,1,1,4),
  (0.,3.459737518921E-04,6.919475037842E-04,1.037921255676E-03,
    1.383895007568E-03,1.72986875946E-03,2.075842511352E-03,
    2.421816263245E-03,2.767790015137E-03,3.113763767029E-03,
    3.459737518921E-03,3.805711270813E-03,4.151685022705E-03,
    4.497658774597E-03,4.843632526489E-03,5.189606278381E-03,
    5.535580030273E-03,5.881553782165E-03,6.227527534057E-03,
    6.57350128595E-03,6.919475037842E-03,7.265448789734E-03,
    7.611422541626E-03),.UNSPECIFIED.);
#1099 = CARTESIAN_POINT('',(2.307677545699,4.999999999987));
#1100 = CARTESIAN_POINT('',(2.309352212036,4.922713192575));
#1101 = CARTESIAN_POINT('',(2.312738352509,4.76824174358));
#1102 = CARTESIAN_POINT('',(2.31793196568,4.536853486331));
#1103 = CARTESIAN_POINT('',(2.323243894387,4.305796359954));
#1104 = CARTESIAN_POINT('',(2.328678282665,4.075083293504));
#1105 = CARTESIAN_POINT('',(2.334239436288,3.844727721586));
#1106 = CARTESIAN_POINT('',(2.339931852174,3.614743679964));
#1107 = CARTESIAN_POINT('',(2.345760221899,3.38514582214));
#1108 = CARTESIAN_POINT('',(2.351729442691,3.155949459851));
#1109 = CARTESIAN_POINT('',(2.357844626989,2.927170600065));
#1110 = CARTESIAN_POINT('',(2.364111112972,2.698825986056));
#1111 = CARTESIAN_POINT('',(2.370534475418,2.470933140718));
#1112 = CARTESIAN_POINT('',(2.377120537094,2.24351041285));
#1113 = CARTESIAN_POINT('',(2.383875380606,2.016577026457));
#1114 = CARTESIAN_POINT('',(2.390805360759,1.790153133331));
#1115 = CARTESIAN_POINT('',(2.397917117378,1.564259869024));
#1116 = CARTESIAN_POINT('',(2.405217588693,1.338919412864));
#1117 = CARTESIAN_POINT('',(2.412714024866,1.114155050634));
#1118 = CARTESIAN_POINT('',(2.420414003193,0.889991246294));
#1119 = CARTESIAN_POINT('',(2.42832543912,0.666453700111));
#1120 = CARTESIAN_POINT('',(2.436456614814,0.443569479019));
#1121 = CARTESIAN_POINT('',(2.444816143905,0.221366900208));
#1122 = CARTESIAN_POINT('',(2.450547498566,7.370653999276E-02));
#1123 = CARTESIAN_POINT('',(2.453454259112,1.06581410364E-14));
#1124 = ( GEOMETRIC_REPRESENTATION_CONTEXT(2) 
PARAMETRIC_REPRESENTATION_CONTEXT() REPRESENTATION_CONTEXT('2D SPACE',''
  ) );
#1125 = ORIENTED_EDGE('',*,*,#1126,.T.);
#1126 = EDGE_CURVE('',#1075,#1127,#1129,.T.);
#1127 = VERTEX_POINT('',#1128);
#1128 = CARTESIAN_POINT('',(13.011764693593,10.399097194426,-146.45561)
  );
#1129 = SURFACE_CURVE('',#1130,(#1134,#1141),.PCURVE_S1.);
#1130 = LINE('',#1131,#1132);
#1131 = CARTESIAN_POINT('',(9.065865716528,-2.72561991026,-146.45561));
#1132 = VECTOR('',#1133,1.);
#1133 = DIRECTION('',(-0.287915753178,-0.957655741419,0.));
#1134 = PCURVE('',#961,#1135);
#1135 = DEFINITIONAL_REPRESENTATION('',(#1136),#1140);
#1136 = LINE('',#1137,#1138);
#1137 = CARTESIAN_POINT('',(13.541556371619,-0.82078));
#1138 = VECTOR('',#1139,1.);
#1139 = DIRECTION('',(1.,0.));
#1140 = ( GEOMETRIC_REPRESENTATION_CONTEXT(2) 
PARAMETRIC_REPRESENTATION_CONTEXT() REPRESENTATION_CONTEXT('2D SPACE',''
  ) );
#1141 = PCURVE('',#146,#1142);
#1142 = DEFINITIONAL_REPRESENTATION('',(#1143),#1147);
#1143 = LINE('',#1144,#1145);
#1144 = CARTESIAN_POINT('',(9.065865716528,-2.72561991026));
#1145 = VECTOR('',#1146,1.);
#1146 = DIRECTION('',(-0.287915753178,-0.957655741419));
#1147 = ( GEOMETRIC_REPRESENTATION_CONTEXT(2) 
PARAMETRIC_REPRESENTATION_CONTEXT() REPRESENTATION_CONTEXT('2D SPACE',''
  ) );
#1148 = ORIENTED_EDGE('',*,*,#1149,.T.);
#1149 = EDGE_CURVE('',#1127,#946,#1150,.T.);
#1150 = SURFACE_CURVE('',#1151,(#1155,#1162),.PCURVE_S1.);
#1151 = LINE('',#1152,#1153);
#1152 = CARTESIAN_POINT('',(13.011764693593,10.399097194426,-145.63483)
  );
#1153 = VECTOR('',#1154,1.);
#1154 = DIRECTION('',(0.,0.,-1.));
#1155 = PCURVE('',#961,#1156);
#1156 = DEFINITIONAL_REPRESENTATION('',(#1157),#1161);
#1157 = LINE('',#1158,#1159);
#1158 = CARTESIAN_POINT('',(-0.163490794124,0.));
#1159 = VECTOR('',#1160,1.);
#1160 = DIRECTION('',(-0.,-1.));
#1161 = ( GEOMETRIC_REPRESENTATION_CONTEXT(2) 
PARAMETRIC_REPRESENTATION_CONTEXT() REPRESENTATION_CONTEXT('2D SPACE',''
  ) );
#1162 = PCURVE('',#44,#1163);
#1163 = DEFINITIONAL_REPRESENTATION('',(#1164),#1168);
#1164 = LINE('',#1165,#1166);
#1165 = CARTESIAN_POINT('',(3.89141638013,0.));
#1166 = VECTOR('',#1167,1.);
#1167 = DIRECTION('',(0.,-1.));
#1168 = ( GEOMETRIC_REPRESENTATION_CONTEXT(2) 
PARAMETRIC_REPRESENTATION_CONTEXT() REPRESENTATION_CONTEXT('2D SPACE',''
  ) );
#1169 = ADVANCED_FACE('',(#1170),#1092,.T.);
#1170 = FACE_BOUND('',#1171,.T.);
#1171 = EDGE_LOOP('',(#1172,#1173,#1197,#1244));
#1172 = ORIENTED_EDGE('',*,*,#1074,.F.);
#1173 = ORIENTED_EDGE('',*,*,#1174,.T.);
#1174 = EDGE_CURVE('',#1047,#1175,#1177,.T.);
#1175 = VERTEX_POINT('',#1176);
#1176 = CARTESIAN_POINT('',(6.717917250811,20.949214491509,-151.45561));
#1177 = SURFACE_CURVE('',#1178,(#1183,#1190),.PCURVE_S1.);
#1178 = CIRCLE('',#1179,22.);
#1179 = AXIS2_PLACEMENT_3D('',#1180,#1181,#1182);
#1180 = CARTESIAN_POINT('',(0.,0.,-151.45561));
#1181 = DIRECTION('',(0.,0.,1.));
#1182 = DIRECTION('',(1.,0.,0.));
#1183 = PCURVE('',#1092,#1184);
#1184 = DEFINITIONAL_REPRESENTATION('',(#1185),#1189);
#1185 = LINE('',#1186,#1187);
#1186 = CARTESIAN_POINT('',(3.14159265359,4.999999999987));
#1187 = VECTOR('',#1188,1.);
#1188 = DIRECTION('',(-1.,2.944625791686E-15));
#1189 = ( GEOMETRIC_REPRESENTATION_CONTEXT(2) 
PARAMETRIC_REPRESENTATION_CONTEXT() REPRESENTATION_CONTEXT('2D SPACE',''
  ) );
#1190 = PCURVE('',#1062,#1191);
#1191 = DEFINITIONAL_REPRESENTATION('',(#1192),#1196);
#1192 = LINE('',#1193,#1194);
#1193 = CARTESIAN_POINT('',(3.14159265359,-5.));
#1194 = VECTOR('',#1195,1.);
#1195 = DIRECTION('',(1.,0.));
#1196 = ( GEOMETRIC_REPRESENTATION_CONTEXT(2) 
PARAMETRIC_REPRESENTATION_CONTEXT() REPRESENTATION_CONTEXT('2D SPACE',''
  ) );
#1197 = ORIENTED_EDGE('',*,*,#1198,.F.);
#1198 = EDGE_CURVE('',#1199,#1175,#1201,.T.);
#1199 = VERTEX_POINT('',#1200);
#1200 = CARTESIAN_POINT('',(2.784569148597,16.770395781158,-146.45561));
#1201 = SURFACE_CURVE('',#1202,(#1207,#1236),.PCURVE_S1.);
#1202 = B_SPLINE_CURVE_WITH_KNOTS('',3,(#1203,#1204,#1205,#1206),
  .UNSPECIFIED.,.F.,.F.,(4,4),(0.,7.611422541626E-03),
  .PIECEWISE_BEZIER_KNOTS.);
#1203 = CARTESIAN_POINT('',(2.784569148597,16.770395781158,-146.45561));
#1204 = CARTESIAN_POINT('',(4.122632452109,18.191964333711,
    -148.0771510029));
#1205 = CARTESIAN_POINT('',(5.426892100814,19.577619628266,
    -149.755299313));
#1206 = CARTESIAN_POINT('',(6.717917250811,20.949214491509,-151.45561));
#1207 = PCURVE('',#1092,#1208);
#1208 = DEFINITIONAL_REPRESENTATION('',(#1209),#1235);
#1209 = B_SPLINE_CURVE_WITH_KNOTS('',3,(#1210,#1211,#1212,#1213,#1214,
    #1215,#1216,#1217,#1218,#1219,#1220,#1221,#1222,#1223,#1224,#1225,
    #1226,#1227,#1228,#1229,#1230,#1231,#1232,#1233,#1234),
  .UNSPECIFIED.,.F.,.F.,(4,1,1,1,1,1,1,1,1,1,1,1,1,1,1,1,1,1,1,1,1,1,4),
  (0.,3.459737518921E-04,6.919475037842E-04,1.037921255676E-03,
    1.383895007568E-03,1.72986875946E-03,2.075842511353E-03,
    2.421816263245E-03,2.767790015137E-03,3.113763767029E-03,
    3.459737518921E-03,3.805711270813E-03,4.151685022705E-03,
    4.497658774597E-03,4.843632526489E-03,5.189606278381E-03,
    5.535580030273E-03,5.881553782166E-03,6.227527534058E-03,
    6.57350128595E-03,6.919475037842E-03,7.265448789734E-03,
    7.611422541626E-03),.QUASI_UNIFORM_KNOTS.);
#1210 = CARTESIAN_POINT('',(1.735335945674,5.329070518201E-15));
#1211 = CARTESIAN_POINT('',(1.738242706221,7.370653999157E-02));
#1212 = CARTESIAN_POINT('',(1.743974060881,0.221366900205));
#1213 = CARTESIAN_POINT('',(1.752333589973,0.443569479012));
#1214 = CARTESIAN_POINT('',(1.760464765667,0.666453700101));
#1215 = CARTESIAN_POINT('',(1.768376201593,0.889991246281));
#1216 = CARTESIAN_POINT('',(1.776076179921,1.114155050618));
#1217 = CARTESIAN_POINT('',(1.783572616093,1.338919412846));
#1218 = CARTESIAN_POINT('',(1.790873087408,1.564259869003));
#1219 = CARTESIAN_POINT('',(1.797984844027,1.790153133307));
#1220 = CARTESIAN_POINT('',(1.804914824181,2.016577026432));
#1221 = CARTESIAN_POINT('',(1.811669667693,2.243510412824));
#1222 = CARTESIAN_POINT('',(1.818255729368,2.470933140691));
#1223 = CARTESIAN_POINT('',(1.824679091815,2.698825986028));
#1224 = CARTESIAN_POINT('',(1.830945577797,2.927170600037));
#1225 = CARTESIAN_POINT('',(1.837060762095,3.155949459823));
#1226 = CARTESIAN_POINT('',(1.843029982887,3.385145822114));
#1227 = CARTESIAN_POINT('',(1.848858352612,3.614743679939));
#1228 = CARTESIAN_POINT('',(1.854550768499,3.844727721564));
#1229 = CARTESIAN_POINT('',(1.860111922121,4.075083293485));
#1230 = CARTESIAN_POINT('',(1.865546310399,4.305796359938));
#1231 = CARTESIAN_POINT('',(1.870858239106,4.536853486319));
#1232 = CARTESIAN_POINT('',(1.876051852278,4.768241743574));
#1233 = CARTESIAN_POINT('',(1.879437992751,4.922713192572));
#1234 = CARTESIAN_POINT('',(1.881112659087,4.999999999987));
#1235 = ( GEOMETRIC_REPRESENTATION_CONTEXT(2) 
PARAMETRIC_REPRESENTATION_CONTEXT() REPRESENTATION_CONTEXT('2D SPACE',''
  ) );
#1236 = PCURVE('',#904,#1237);
#1237 = DEFINITIONAL_REPRESENTATION('',(#1238),#1243);
#1238 = B_SPLINE_CURVE_WITH_KNOTS('',3,(#1239,#1240,#1241,#1242),
  .UNSPECIFIED.,.F.,.F.,(4,4),(0.,7.611422541626E-03),
  .PIECEWISE_BEZIER_KNOTS.);
#1239 = CARTESIAN_POINT('',(1.372820221556,-0.82078));
#1240 = CARTESIAN_POINT('',(3.32506778624,-2.4423210029));
#1241 = CARTESIAN_POINT('',(5.227995484963,-4.120469313));
#1242 = CARTESIAN_POINT('',(7.111613919466,-5.82078));
#1243 = ( GEOMETRIC_REPRESENTATION_CONTEXT(2) 
PARAMETRIC_REPRESENTATION_CONTEXT() REPRESENTATION_CONTEXT('2D SPACE',''
  ) );
#1244 = ORIENTED_EDGE('',*,*,#1245,.F.);
#1245 = EDGE_CURVE('',#1075,#1199,#1246,.T.);
#1246 = SURFACE_CURVE('',#1247,(#1252,#1259),.PCURVE_S1.);
#1247 = CIRCLE('',#1248,17.);
#1248 = AXIS2_PLACEMENT_3D('',#1249,#1250,#1251);
#1249 = CARTESIAN_POINT('',(0.,0.,-146.45561));
#1250 = DIRECTION('',(0.,0.,1.));
#1251 = DIRECTION('',(1.,0.,0.));
#1252 = PCURVE('',#1092,#1253);
#1253 = DEFINITIONAL_REPRESENTATION('',(#1254),#1258);
#1254 = LINE('',#1255,#1256);
#1255 = CARTESIAN_POINT('',(3.14159265359,0.));
#1256 = VECTOR('',#1257,1.);
#1257 = DIRECTION('',(-1.,0.));
#1258 = ( GEOMETRIC_REPRESENTATION_CONTEXT(2) 
PARAMETRIC_REPRESENTATION_CONTEXT() REPRESENTATION_CONTEXT('2D SPACE',''
  ) );
#1259 = PCURVE('',#146,#1260);
#1260 = DEFINITIONAL_REPRESENTATION('',(#1261),#1265);
#1261 = CIRCLE('',#1262,17.);
#1262 = AXIS2_PLACEMENT_2D('',#1263,#1264);
#1263 = CARTESIAN_POINT('',(0.,0.));
#1264 = DIRECTION('',(1.,0.));
#1265 = ( GEOMETRIC_REPRESENTATION_CONTEXT(2) 
PARAMETRIC_REPRESENTATION_CONTEXT() REPRESENTATION_CONTEXT('2D SPACE',''
  ) );
#1266 = ADVANCED_FACE('',(#1267),#1062,.T.);
#1267 = FACE_BOUND('',#1268,.T.);
#1268 = EDGE_LOOP('',(#1269,#1270,#1294,#1315));
#1269 = ORIENTED_EDGE('',*,*,#1046,.T.);
#1270 = ORIENTED_EDGE('',*,*,#1271,.T.);
#1271 = EDGE_CURVE('',#1000,#1272,#1274,.T.);
#1272 = VERTEX_POINT('',#1273);
#1273 = CARTESIAN_POINT('',(6.717917250811,20.949214491509,-161.45561));
#1274 = SURFACE_CURVE('',#1275,(#1280,#1287),.PCURVE_S1.);
#1275 = CIRCLE('',#1276,22.);
#1276 = AXIS2_PLACEMENT_3D('',#1277,#1278,#1279);
#1277 = CARTESIAN_POINT('',(0.,0.,-161.45561));
#1278 = DIRECTION('',(0.,0.,1.));
#1279 = DIRECTION('',(1.,0.,0.));
#1280 = PCURVE('',#1062,#1281);
#1281 = DEFINITIONAL_REPRESENTATION('',(#1282),#1286);
#1282 = LINE('',#1283,#1284);
#1283 = CARTESIAN_POINT('',(3.14159265359,-15.));
#1284 = VECTOR('',#1285,1.);
#1285 = DIRECTION('',(1.,0.));
#1286 = ( GEOMETRIC_REPRESENTATION_CONTEXT(2) 
PARAMETRIC_REPRESENTATION_CONTEXT() REPRESENTATION_CONTEXT('2D SPACE',''
  ) );
#1287 = PCURVE('',#933,#1288);
#1288 = DEFINITIONAL_REPRESENTATION('',(#1289),#1293);
#1289 = LINE('',#1290,#1291);
#1290 = CARTESIAN_POINT('',(-1.110223024625E-16,0.));
#1291 = VECTOR('',#1292,1.);
#1292 = DIRECTION('',(1.,0.));
#1293 = ( GEOMETRIC_REPRESENTATION_CONTEXT(2) 
PARAMETRIC_REPRESENTATION_CONTEXT() REPRESENTATION_CONTEXT('2D SPACE',''
  ) );
#1294 = ORIENTED_EDGE('',*,*,#1295,.F.);
#1295 = EDGE_CURVE('',#1175,#1272,#1296,.T.);
#1296 = SURFACE_CURVE('',#1297,(#1301,#1308),.PCURVE_S1.);
#1297 = LINE('',#1298,#1299);
#1298 = CARTESIAN_POINT('',(6.717917250811,20.949214491509,-146.45561));
#1299 = VECTOR('',#1300,1.);
#1300 = DIRECTION('',(0.,0.,-1.));
#1301 = PCURVE('',#1062,#1302);
#1302 = DEFINITIONAL_REPRESENTATION('',(#1303),#1307);
#1303 = LINE('',#1304,#1305);
#1304 = CARTESIAN_POINT('',(4.402072648092,0.));
#1305 = VECTOR('',#1306,1.);
#1306 = DIRECTION('',(0.,-1.));
#1307 = ( GEOMETRIC_REPRESENTATION_CONTEXT(2) 
PARAMETRIC_REPRESENTATION_CONTEXT() REPRESENTATION_CONTEXT('2D SPACE',''
  ) );
#1308 = PCURVE('',#904,#1309);
#1309 = DEFINITIONAL_REPRESENTATION('',(#1310),#1314);
#1310 = LINE('',#1311,#1312);
#1311 = CARTESIAN_POINT('',(7.111613919466,-0.82078));
#1312 = VECTOR('',#1313,1.);
#1313 = DIRECTION('',(0.,-1.));
#1314 = ( GEOMETRIC_REPRESENTATION_CONTEXT(2) 
PARAMETRIC_REPRESENTATION_CONTEXT() REPRESENTATION_CONTEXT('2D SPACE',''
  ) );
#1315 = ORIENTED_EDGE('',*,*,#1174,.F.);
#1316 = ADVANCED_FACE('',(#1317),#933,.T.);
#1317 = FACE_BOUND('',#1318,.T.);
#1318 = EDGE_LOOP('',(#1319,#1320,#1321,#1366));
#1319 = ORIENTED_EDGE('',*,*,#999,.F.);
#1320 = ORIENTED_EDGE('',*,*,#916,.T.);
#1321 = ORIENTED_EDGE('',*,*,#1322,.F.);
#1322 = EDGE_CURVE('',#1272,#889,#1323,.T.);
#1323 = SURFACE_CURVE('',#1324,(#1329,#1358),.PCURVE_S1.);
#1324 = B_SPLINE_CURVE_WITH_KNOTS('',3,(#1325,#1326,#1327,#1328),
  .UNSPECIFIED.,.F.,.F.,(4,4),(0.,7.611422541626E-03),
  .PIECEWISE_BEZIER_KNOTS.);
#1325 = CARTESIAN_POINT('',(6.717917250811,20.949214491509,-161.45561));
#1326 = CARTESIAN_POINT('',(5.426892100814,19.577619628266,
    -163.1559206869));
#1327 = CARTESIAN_POINT('',(4.122632452109,18.191964333711,
    -164.834068997));
#1328 = CARTESIAN_POINT('',(2.784569148597,16.770395781158,-166.45561));
#1329 = PCURVE('',#933,#1330);
#1330 = DEFINITIONAL_REPRESENTATION('',(#1331),#1357);
#1331 = B_SPLINE_CURVE_WITH_KNOTS('',3,(#1332,#1333,#1334,#1335,#1336,
    #1337,#1338,#1339,#1340,#1341,#1342,#1343,#1344,#1345,#1346,#1347,
    #1348,#1349,#1350,#1351,#1352,#1353,#1354,#1355,#1356),
  .UNSPECIFIED.,.F.,.F.,(4,1,1,1,1,1,1,1,1,1,1,1,1,1,1,1,1,1,1,1,1,1,4),
  (0.,3.459737518921E-04,6.919475037842E-04,1.037921255676E-03,
    1.383895007568E-03,1.72986875946E-03,2.075842511352E-03,
    2.421816263245E-03,2.767790015137E-03,3.113763767029E-03,
    3.459737518921E-03,3.805711270813E-03,4.151685022705E-03,
    4.497658774597E-03,4.843632526489E-03,5.189606278381E-03,
    5.535580030273E-03,5.881553782165E-03,6.227527534057E-03,
    6.57350128595E-03,6.919475037842E-03,7.265448789734E-03,
    7.611422541626E-03),.UNSPECIFIED.);
#1332 = CARTESIAN_POINT('',(1.260479994502,5.329070518201E-15));
#1333 = CARTESIAN_POINT('',(1.262154660839,-7.728680741257E-02));
#1334 = CARTESIAN_POINT('',(1.265540801312,-0.231758256407));
#1335 = CARTESIAN_POINT('',(1.270734414483,-0.463146513657));
#1336 = CARTESIAN_POINT('',(1.276046343191,-0.694203640033));
#1337 = CARTESIAN_POINT('',(1.281480731469,-0.924916706483));
#1338 = CARTESIAN_POINT('',(1.287041885091,-1.155272278401));
#1339 = CARTESIAN_POINT('',(1.292734300978,-1.385256320024));
#1340 = CARTESIAN_POINT('',(1.298562670703,-1.614854177847));
#1341 = CARTESIAN_POINT('',(1.304531891495,-1.844050540137));
#1342 = CARTESIAN_POINT('',(1.310647075793,-2.072829399922));
#1343 = CARTESIAN_POINT('',(1.316913561775,-2.301174013931));
#1344 = CARTESIAN_POINT('',(1.323336924222,-2.529066859269));
#1345 = CARTESIAN_POINT('',(1.329922985897,-2.756489587137));
#1346 = CARTESIAN_POINT('',(1.336677829409,-2.983422973531));
#1347 = CARTESIAN_POINT('',(1.343607809562,-3.209846866656));
#1348 = CARTESIAN_POINT('',(1.350719566181,-3.435740130963));
#1349 = CARTESIAN_POINT('',(1.358020037496,-3.661080587123));
#1350 = CARTESIAN_POINT('',(1.365516473669,-3.885844949353));
#1351 = CARTESIAN_POINT('',(1.373216451996,-4.110008753693));
#1352 = CARTESIAN_POINT('',(1.381127887923,-4.333546299876));
#1353 = CARTESIAN_POINT('',(1.389259063617,-4.556430520968));
#1354 = CARTESIAN_POINT('',(1.397618592708,-4.778633099779));
#1355 = CARTESIAN_POINT('',(1.403349947369,-4.926293459995));
#1356 = CARTESIAN_POINT('',(1.406256707916,-4.999999999987));
#1357 = ( GEOMETRIC_REPRESENTATION_CONTEXT(2) 
PARAMETRIC_REPRESENTATION_CONTEXT() REPRESENTATION_CONTEXT('2D SPACE',''
  ) );
#1358 = PCURVE('',#904,#1359);
#1359 = DEFINITIONAL_REPRESENTATION('',(#1360),#1365);
#1360 = B_SPLINE_CURVE_WITH_KNOTS('',3,(#1361,#1362,#1363,#1364),
  .UNSPECIFIED.,.F.,.F.,(4,4),(0.,7.611422541626E-03),
  .PIECEWISE_BEZIER_KNOTS.);
#1361 = CARTESIAN_POINT('',(7.111613919466,-15.82078));
#1362 = CARTESIAN_POINT('',(5.227995484963,-17.5210906869));
#1363 = CARTESIAN_POINT('',(3.32506778624,-19.199238997));
#1364 = CARTESIAN_POINT('',(1.372820221556,-20.82078));
#1365 = ( GEOMETRIC_REPRESENTATION_CONTEXT(2) 
PARAMETRIC_REPRESENTATION_CONTEXT() REPRESENTATION_CONTEXT('2D SPACE',''
  ) );
#1366 = ORIENTED_EDGE('',*,*,#1271,.F.);
#1367 = ADVANCED_FACE('',(#1368),#904,.F.);
#1368 = FACE_BOUND('',#1369,.T.);
#1369 = EDGE_LOOP('',(#1370,#1371,#1372,#1373,#1396,#1417));
#1370 = ORIENTED_EDGE('',*,*,#1295,.T.);
#1371 = ORIENTED_EDGE('',*,*,#1322,.T.);
#1372 = ORIENTED_EDGE('',*,*,#888,.T.);
#1373 = ORIENTED_EDGE('',*,*,#1374,.F.);
#1374 = EDGE_CURVE('',#1375,#860,#1377,.T.);
#1375 = VERTEX_POINT('',#1376);
#1376 = CARTESIAN_POINT('',(2.5,16.46806736993,-146.45561));
#1377 = SURFACE_CURVE('',#1378,(#1382,#1389),.PCURVE_S1.);
#1378 = LINE('',#1379,#1380);
#1379 = CARTESIAN_POINT('',(2.5,16.46806736993,-145.63483));
#1380 = VECTOR('',#1381,1.);
#1381 = DIRECTION('',(0.,0.,-1.));
#1382 = PCURVE('',#904,#1383);
#1383 = DEFINITIONAL_REPRESENTATION('',(#1384),#1388);
#1384 = LINE('',#1385,#1386);
#1385 = CARTESIAN_POINT('',(0.957631025443,0.));
#1386 = VECTOR('',#1387,1.);
#1387 = DIRECTION('',(0.,-1.));
#1388 = ( GEOMETRIC_REPRESENTATION_CONTEXT(2) 
PARAMETRIC_REPRESENTATION_CONTEXT() REPRESENTATION_CONTEXT('2D SPACE',''
  ) );
#1389 = PCURVE('',#876,#1390);
#1390 = DEFINITIONAL_REPRESENTATION('',(#1391),#1395);
#1391 = LINE('',#1392,#1393);
#1392 = CARTESIAN_POINT('',(4.486164029442,0.));
#1393 = VECTOR('',#1394,1.);
#1394 = DIRECTION('',(0.,-1.));
#1395 = ( GEOMETRIC_REPRESENTATION_CONTEXT(2) 
PARAMETRIC_REPRESENTATION_CONTEXT() REPRESENTATION_CONTEXT('2D SPACE',''
  ) );
#1396 = ORIENTED_EDGE('',*,*,#1397,.T.);
#1397 = EDGE_CURVE('',#1375,#1199,#1398,.T.);
#1398 = SURFACE_CURVE('',#1399,(#1403,#1410),.PCURVE_S1.);
#1399 = LINE('',#1400,#1401);
#1400 = CARTESIAN_POINT('',(-6.89338894161,6.488460062682,-146.45561));
#1401 = VECTOR('',#1402,1.);
#1402 = DIRECTION('',(0.685396323559,0.728170227111,0.));
#1403 = PCURVE('',#904,#1404);
#1404 = DEFINITIONAL_REPRESENTATION('',(#1405),#1409);
#1405 = LINE('',#1406,#1407);
#1406 = CARTESIAN_POINT('',(-12.7474161403,-0.82078));
#1407 = VECTOR('',#1408,1.);
#1408 = DIRECTION('',(1.,0.));
#1409 = ( GEOMETRIC_REPRESENTATION_CONTEXT(2) 
PARAMETRIC_REPRESENTATION_CONTEXT() REPRESENTATION_CONTEXT('2D SPACE',''
  ) );
#1410 = PCURVE('',#146,#1411);
#1411 = DEFINITIONAL_REPRESENTATION('',(#1412),#1416);
#1412 = LINE('',#1413,#1414);
#1413 = CARTESIAN_POINT('',(-6.89338894161,6.488460062682));
#1414 = VECTOR('',#1415,1.);
#1415 = DIRECTION('',(0.685396323559,0.728170227111));
#1416 = ( GEOMETRIC_REPRESENTATION_CONTEXT(2) 
PARAMETRIC_REPRESENTATION_CONTEXT() REPRESENTATION_CONTEXT('2D SPACE',''
  ) );
#1417 = ORIENTED_EDGE('',*,*,#1198,.T.);
#1418 = ADVANCED_FACE('',(#1419),#876,.T.);
#1419 = FACE_BOUND('',#1420,.T.);
#1420 = EDGE_LOOP('',(#1421,#1445,#1446,#1447));
#1421 = ORIENTED_EDGE('',*,*,#1422,.F.);
#1422 = EDGE_CURVE('',#1375,#1423,#1425,.T.);
#1423 = VERTEX_POINT('',#1424);
#1424 = CARTESIAN_POINT('',(-2.5,16.46806736993,-146.45561));
#1425 = SURFACE_CURVE('',#1426,(#1431,#1438),.PCURVE_S1.);
#1426 = CIRCLE('',#1427,11.1457735);
#1427 = AXIS2_PLACEMENT_3D('',#1428,#1429,#1430);
#1428 = CARTESIAN_POINT('',(0.,5.606287265707,-146.45561));
#1429 = DIRECTION('',(0.,0.,1.));
#1430 = DIRECTION('',(1.,0.,0.));
#1431 = PCURVE('',#876,#1432);
#1432 = DEFINITIONAL_REPRESENTATION('',(#1433),#1437);
#1433 = LINE('',#1434,#1435);
#1434 = CARTESIAN_POINT('',(3.14159265359,-0.82078));
#1435 = VECTOR('',#1436,1.);
#1436 = DIRECTION('',(1.,0.));
#1437 = ( GEOMETRIC_REPRESENTATION_CONTEXT(2) 
PARAMETRIC_REPRESENTATION_CONTEXT() REPRESENTATION_CONTEXT('2D SPACE',''
  ) );
#1438 = PCURVE('',#146,#1439);
#1439 = DEFINITIONAL_REPRESENTATION('',(#1440),#1444);
#1440 = CIRCLE('',#1441,11.1457735);
#1441 = AXIS2_PLACEMENT_2D('',#1442,#1443);
#1442 = CARTESIAN_POINT('',(0.,5.606287265707));
#1443 = DIRECTION('',(1.,0.));
#1444 = ( GEOMETRIC_REPRESENTATION_CONTEXT(2) 
PARAMETRIC_REPRESENTATION_CONTEXT() REPRESENTATION_CONTEXT('2D SPACE',''
  ) );
#1445 = ORIENTED_EDGE('',*,*,#1374,.T.);
#1446 = ORIENTED_EDGE('',*,*,#859,.T.);
#1447 = ORIENTED_EDGE('',*,*,#1448,.F.);
#1448 = EDGE_CURVE('',#1423,#832,#1449,.T.);
#1449 = SURFACE_CURVE('',#1450,(#1454,#1461),.PCURVE_S1.);
#1450 = LINE('',#1451,#1452);
#1451 = CARTESIAN_POINT('',(-2.5,16.46806736993,-145.63483));
#1452 = VECTOR('',#1453,1.);
#1453 = DIRECTION('',(0.,0.,-1.));
#1454 = PCURVE('',#876,#1455);
#1455 = DEFINITIONAL_REPRESENTATION('',(#1456),#1460);
#1456 = LINE('',#1457,#1458);
#1457 = CARTESIAN_POINT('',(4.938613931327,0.));
#1458 = VECTOR('',#1459,1.);
#1459 = DIRECTION('',(0.,-1.));
#1460 = ( GEOMETRIC_REPRESENTATION_CONTEXT(2) 
PARAMETRIC_REPRESENTATION_CONTEXT() REPRESENTATION_CONTEXT('2D SPACE',''
  ) );
#1461 = PCURVE('',#847,#1462);
#1462 = DEFINITIONAL_REPRESENTATION('',(#1463),#1467);
#1463 = LINE('',#1464,#1465);
#1464 = CARTESIAN_POINT('',(-0.494931058946,0.));
#1465 = VECTOR('',#1466,1.);
#1466 = DIRECTION('',(0.,-1.));
#1467 = ( GEOMETRIC_REPRESENTATION_CONTEXT(2) 
PARAMETRIC_REPRESENTATION_CONTEXT() REPRESENTATION_CONTEXT('2D SPACE',''
  ) );
#1468 = ADVANCED_FACE('',(#1469),#847,.F.);
#1469 = FACE_BOUND('',#1470,.T.);
#1470 = EDGE_LOOP('',(#1471,#1472,#1519,#1547,#1599,#1620));
#1471 = ORIENTED_EDGE('',*,*,#831,.T.);
#1472 = ORIENTED_EDGE('',*,*,#1473,.T.);
#1473 = EDGE_CURVE('',#803,#1474,#1476,.T.);
#1474 = VERTEX_POINT('',#1475);
#1475 = CARTESIAN_POINT('',(-6.717917250811,20.949214491509,-161.45561)
  );
#1476 = SURFACE_CURVE('',#1477,(#1482,#1490),.PCURVE_S1.);
#1477 = B_SPLINE_CURVE_WITH_KNOTS('',3,(#1478,#1479,#1480,#1481),
  .UNSPECIFIED.,.F.,.F.,(4,4),(0.,7.611422541626E-03),
  .PIECEWISE_BEZIER_KNOTS.);
#1478 = CARTESIAN_POINT('',(-2.784569148597,16.770395781158,-166.45561)
  );
#1479 = CARTESIAN_POINT('',(-4.122632452109,18.191964333711,
    -164.834068997));
#1480 = CARTESIAN_POINT('',(-5.426892100814,19.577619628266,
    -163.1559206869));
#1481 = CARTESIAN_POINT('',(-6.717917250811,20.949214491509,-161.45561)
  );
#1482 = PCURVE('',#847,#1483);
#1483 = DEFINITIONAL_REPRESENTATION('',(#1484),#1489);
#1484 = B_SPLINE_CURVE_WITH_KNOTS('',3,(#1485,#1486,#1487,#1488),
  .UNSPECIFIED.,.F.,.F.,(4,4),(0.,7.611422541626E-03),
  .PIECEWISE_BEZIER_KNOTS.);
#1485 = CARTESIAN_POINT('',(-0.910120255059,-20.82078));
#1486 = CARTESIAN_POINT('',(-2.862367819742,-19.199238997));
#1487 = CARTESIAN_POINT('',(-4.765295518466,-17.5210906869));
#1488 = CARTESIAN_POINT('',(-6.648913952969,-15.82078));
#1489 = ( GEOMETRIC_REPRESENTATION_CONTEXT(2) 
PARAMETRIC_REPRESENTATION_CONTEXT() REPRESENTATION_CONTEXT('2D SPACE',''
  ) );
#1490 = PCURVE('',#819,#1491);
#1491 = DEFINITIONAL_REPRESENTATION('',(#1492),#1518);
#1492 = B_SPLINE_CURVE_WITH_KNOTS('',3,(#1493,#1494,#1495,#1496,#1497,
    #1498,#1499,#1500,#1501,#1502,#1503,#1504,#1505,#1506,#1507,#1508,
    #1509,#1510,#1511,#1512,#1513,#1514,#1515,#1516,#1517),
  .UNSPECIFIED.,.F.,.F.,(4,1,1,1,1,1,1,1,1,1,1,1,1,1,1,1,1,1,1,1,1,1,4),
  (0.,3.459737518921E-04,6.919475037842E-04,1.037921255676E-03,
    1.383895007568E-03,1.72986875946E-03,2.075842511352E-03,
    2.421816263245E-03,2.767790015137E-03,3.113763767029E-03,
    3.459737518921E-03,3.805711270813E-03,4.151685022705E-03,
    4.497658774597E-03,4.843632526489E-03,5.189606278381E-03,
    5.535580030273E-03,5.881553782165E-03,6.227527534057E-03,
    6.57350128595E-03,6.919475037842E-03,7.265448789734E-03,
    7.611422541626E-03),.UNSPECIFIED.);
#1493 = CARTESIAN_POINT('',(1.735335945674,-4.999999999987));
#1494 = CARTESIAN_POINT('',(1.738242706221,-4.926293459995));
#1495 = CARTESIAN_POINT('',(1.743974060882,-4.778633099779));
#1496 = CARTESIAN_POINT('',(1.752333589973,-4.556430520968));
#1497 = CARTESIAN_POINT('',(1.760464765667,-4.333546299876));
#1498 = CARTESIAN_POINT('',(1.768376201593,-4.110008753693));
#1499 = CARTESIAN_POINT('',(1.776076179921,-3.885844949353));
#1500 = CARTESIAN_POINT('',(1.783572616093,-3.661080587123));
#1501 = CARTESIAN_POINT('',(1.790873087408,-3.435740130963));
#1502 = CARTESIAN_POINT('',(1.797984844027,-3.209846866656));
#1503 = CARTESIAN_POINT('',(1.804914824181,-2.983422973531));
#1504 = CARTESIAN_POINT('',(1.811669667693,-2.756489587137));
#1505 = CARTESIAN_POINT('',(1.818255729368,-2.529066859269));
#1506 = CARTESIAN_POINT('',(1.824679091815,-2.301174013931));
#1507 = CARTESIAN_POINT('',(1.830945577797,-2.072829399922));
#1508 = CARTESIAN_POINT('',(1.837060762095,-1.844050540137));
#1509 = CARTESIAN_POINT('',(1.843029982887,-1.614854177847));
#1510 = CARTESIAN_POINT('',(1.848858352612,-1.385256320024));
#1511 = CARTESIAN_POINT('',(1.854550768499,-1.155272278401));
#1512 = CARTESIAN_POINT('',(1.860111922121,-0.924916706483));
#1513 = CARTESIAN_POINT('',(1.865546310399,-0.694203640033));
#1514 = CARTESIAN_POINT('',(1.870858239106,-0.463146513656));
#1515 = CARTESIAN_POINT('',(1.876051852278,-0.231758256407));
#1516 = CARTESIAN_POINT('',(1.879437992751,-7.728680741258E-02));
#1517 = CARTESIAN_POINT('',(1.881112659087,8.881784197001E-15));
#1518 = ( GEOMETRIC_REPRESENTATION_CONTEXT(2) 
PARAMETRIC_REPRESENTATION_CONTEXT() REPRESENTATION_CONTEXT('2D SPACE',''
  ) );
#1519 = ORIENTED_EDGE('',*,*,#1520,.F.);
#1520 = EDGE_CURVE('',#1521,#1474,#1523,.T.);
#1521 = VERTEX_POINT('',#1522);
#1522 = CARTESIAN_POINT('',(-6.717917250811,20.949214491509,-151.45561)
  );
#1523 = SURFACE_CURVE('',#1524,(#1528,#1535),.PCURVE_S1.);
#1524 = LINE('',#1525,#1526);
#1525 = CARTESIAN_POINT('',(-6.717917250811,20.949214491509,-146.45561)
  );
#1526 = VECTOR('',#1527,1.);
#1527 = DIRECTION('',(0.,0.,-1.));
#1528 = PCURVE('',#847,#1529);
#1529 = DEFINITIONAL_REPRESENTATION('',(#1530),#1534);
#1530 = LINE('',#1531,#1532);
#1531 = CARTESIAN_POINT('',(-6.648913952969,-0.82078));
#1532 = VECTOR('',#1533,1.);
#1533 = DIRECTION('',(0.,-1.));
#1534 = ( GEOMETRIC_REPRESENTATION_CONTEXT(2) 
PARAMETRIC_REPRESENTATION_CONTEXT() REPRESENTATION_CONTEXT('2D SPACE',''
  ) );
#1535 = PCURVE('',#1536,#1541);
#1536 = CYLINDRICAL_SURFACE('',#1537,22.);
#1537 = AXIS2_PLACEMENT_3D('',#1538,#1539,#1540);
#1538 = CARTESIAN_POINT('',(0.,0.,-146.45561));
#1539 = DIRECTION('',(0.,0.,1.));
#1540 = DIRECTION('',(-1.,0.,0.));
#1541 = DEFINITIONAL_REPRESENTATION('',(#1542),#1546);
#1542 = LINE('',#1543,#1544);
#1543 = CARTESIAN_POINT('',(5.022705312677,0.));
#1544 = VECTOR('',#1545,1.);
#1545 = DIRECTION('',(0.,-1.));
#1546 = ( GEOMETRIC_REPRESENTATION_CONTEXT(2) 
PARAMETRIC_REPRESENTATION_CONTEXT() REPRESENTATION_CONTEXT('2D SPACE',''
  ) );
#1547 = ORIENTED_EDGE('',*,*,#1548,.T.);
#1548 = EDGE_CURVE('',#1521,#1549,#1551,.T.);
#1549 = VERTEX_POINT('',#1550);
#1550 = CARTESIAN_POINT('',(-2.784569148597,16.770395781158,-146.45561)
  );
#1551 = SURFACE_CURVE('',#1552,(#1557,#1565),.PCURVE_S1.);
#1552 = B_SPLINE_CURVE_WITH_KNOTS('',3,(#1553,#1554,#1555,#1556),
  .UNSPECIFIED.,.F.,.F.,(4,4),(0.,7.611422541626E-03),
  .PIECEWISE_BEZIER_KNOTS.);
#1553 = CARTESIAN_POINT('',(-6.717917250811,20.949214491509,-151.45561)
  );
#1554 = CARTESIAN_POINT('',(-5.426892100814,19.577619628266,
    -149.755299313));
#1555 = CARTESIAN_POINT('',(-4.122632452109,18.191964333711,
    -148.0771510029));
#1556 = CARTESIAN_POINT('',(-2.784569148597,16.770395781158,-146.45561)
  );
#1557 = PCURVE('',#847,#1558);
#1558 = DEFINITIONAL_REPRESENTATION('',(#1559),#1564);
#1559 = B_SPLINE_CURVE_WITH_KNOTS('',3,(#1560,#1561,#1562,#1563),
  .UNSPECIFIED.,.F.,.F.,(4,4),(0.,7.611422541626E-03),
  .PIECEWISE_BEZIER_KNOTS.);
#1560 = CARTESIAN_POINT('',(-6.648913952969,-5.82078));
#1561 = CARTESIAN_POINT('',(-4.765295518466,-4.120469313));
#1562 = CARTESIAN_POINT('',(-2.862367819742,-2.4423210029));
#1563 = CARTESIAN_POINT('',(-0.910120255059,-0.82078));
#1564 = ( GEOMETRIC_REPRESENTATION_CONTEXT(2) 
PARAMETRIC_REPRESENTATION_CONTEXT() REPRESENTATION_CONTEXT('2D SPACE',''
  ) );
#1565 = PCURVE('',#1566,#1571);
#1566 = CONICAL_SURFACE('',#1567,17.,0.7853981634);
#1567 = AXIS2_PLACEMENT_3D('',#1568,#1569,#1570);
#1568 = CARTESIAN_POINT('',(0.,0.,-146.45561));
#1569 = DIRECTION('',(0.,0.,-1.));
#1570 = DIRECTION('',(-1.,0.,0.));
#1571 = DEFINITIONAL_REPRESENTATION('',(#1572),#1598);
#1572 = B_SPLINE_CURVE_WITH_KNOTS('',3,(#1573,#1574,#1575,#1576,#1577,
    #1578,#1579,#1580,#1581,#1582,#1583,#1584,#1585,#1586,#1587,#1588,
    #1589,#1590,#1591,#1592,#1593,#1594,#1595,#1596,#1597),
  .UNSPECIFIED.,.F.,.F.,(4,1,1,1,1,1,1,1,1,1,1,1,1,1,1,1,1,1,1,1,1,1,4),
  (0.,3.459737518921E-04,6.919475037842E-04,1.037921255676E-03,
    1.383895007568E-03,1.72986875946E-03,2.075842511353E-03,
    2.421816263245E-03,2.767790015137E-03,3.113763767029E-03,
    3.459737518921E-03,3.805711270813E-03,4.151685022705E-03,
    4.497658774597E-03,4.843632526489E-03,5.189606278381E-03,
    5.535580030273E-03,5.881553782166E-03,6.227527534058E-03,
    6.57350128595E-03,6.919475037842E-03,7.265448789734E-03,
    7.611422541626E-03),.QUASI_UNIFORM_KNOTS.);
#1573 = CARTESIAN_POINT('',(1.260479994502,4.999999999987));
#1574 = CARTESIAN_POINT('',(1.262154660839,4.922713192572));
#1575 = CARTESIAN_POINT('',(1.265540801312,4.768241743574));
#1576 = CARTESIAN_POINT('',(1.270734414483,4.536853486319));
#1577 = CARTESIAN_POINT('',(1.276046343191,4.305796359938));
#1578 = CARTESIAN_POINT('',(1.281480731469,4.075083293485));
#1579 = CARTESIAN_POINT('',(1.287041885091,3.844727721564));
#1580 = CARTESIAN_POINT('',(1.292734300978,3.614743679939));
#1581 = CARTESIAN_POINT('',(1.298562670703,3.385145822114));
#1582 = CARTESIAN_POINT('',(1.304531891495,3.155949459823));
#1583 = CARTESIAN_POINT('',(1.310647075793,2.927170600037));
#1584 = CARTESIAN_POINT('',(1.316913561775,2.698825986028));
#1585 = CARTESIAN_POINT('',(1.323336924222,2.470933140691));
#1586 = CARTESIAN_POINT('',(1.329922985897,2.243510412824));
#1587 = CARTESIAN_POINT('',(1.336677829409,2.016577026432));
#1588 = CARTESIAN_POINT('',(1.343607809562,1.790153133307));
#1589 = CARTESIAN_POINT('',(1.350719566181,1.564259869003));
#1590 = CARTESIAN_POINT('',(1.358020037496,1.338919412846));
#1591 = CARTESIAN_POINT('',(1.365516473669,1.114155050618));
#1592 = CARTESIAN_POINT('',(1.373216451996,0.889991246281));
#1593 = CARTESIAN_POINT('',(1.381127887923,0.666453700101));
#1594 = CARTESIAN_POINT('',(1.389259063617,0.443569479012));
#1595 = CARTESIAN_POINT('',(1.397618592708,0.221366900205));
#1596 = CARTESIAN_POINT('',(1.403349947369,7.370653999156E-02));
#1597 = CARTESIAN_POINT('',(1.406256707916,5.329070518201E-15));
#1598 = ( GEOMETRIC_REPRESENTATION_CONTEXT(2) 
PARAMETRIC_REPRESENTATION_CONTEXT() REPRESENTATION_CONTEXT('2D SPACE',''
  ) );
#1599 = ORIENTED_EDGE('',*,*,#1600,.T.);
#1600 = EDGE_CURVE('',#1549,#1423,#1601,.T.);
#1601 = SURFACE_CURVE('',#1602,(#1606,#1613),.PCURVE_S1.);
#1602 = LINE('',#1603,#1604);
#1603 = CARTESIAN_POINT('',(6.89338894161,6.488460062682,-146.45561));
#1604 = VECTOR('',#1605,1.);
#1605 = DIRECTION('',(0.685396323559,-0.728170227111,0.));
#1606 = PCURVE('',#847,#1607);
#1607 = DEFINITIONAL_REPRESENTATION('',(#1608),#1612);
#1608 = LINE('',#1609,#1610);
#1609 = CARTESIAN_POINT('',(13.210116106797,-0.82078));
#1610 = VECTOR('',#1611,1.);
#1611 = DIRECTION('',(1.,0.));
#1612 = ( GEOMETRIC_REPRESENTATION_CONTEXT(2) 
PARAMETRIC_REPRESENTATION_CONTEXT() REPRESENTATION_CONTEXT('2D SPACE',''
  ) );
#1613 = PCURVE('',#146,#1614);
#1614 = DEFINITIONAL_REPRESENTATION('',(#1615),#1619);
#1615 = LINE('',#1616,#1617);
#1616 = CARTESIAN_POINT('',(6.89338894161,6.488460062682));
#1617 = VECTOR('',#1618,1.);
#1618 = DIRECTION('',(0.685396323559,-0.728170227111));
#1619 = ( GEOMETRIC_REPRESENTATION_CONTEXT(2) 
PARAMETRIC_REPRESENTATION_CONTEXT() REPRESENTATION_CONTEXT('2D SPACE',''
  ) );
#1620 = ORIENTED_EDGE('',*,*,#1448,.T.);
#1621 = ADVANCED_FACE('',(#1622),#1566,.T.);
#1622 = FACE_BOUND('',#1623,.T.);
#1623 = EDGE_LOOP('',(#1624,#1625,#1649,#1696));
#1624 = ORIENTED_EDGE('',*,*,#1548,.F.);
#1625 = ORIENTED_EDGE('',*,*,#1626,.T.);
#1626 = EDGE_CURVE('',#1521,#1627,#1629,.T.);
#1627 = VERTEX_POINT('',#1628);
#1628 = CARTESIAN_POINT('',(-14.78359331357,16.292494245479,-151.45561)
  );
#1629 = SURFACE_CURVE('',#1630,(#1635,#1642),.PCURVE_S1.);
#1630 = CIRCLE('',#1631,22.);
#1631 = AXIS2_PLACEMENT_3D('',#1632,#1633,#1634);
#1632 = CARTESIAN_POINT('',(0.,0.,-151.45561));
#1633 = DIRECTION('',(0.,0.,1.));
#1634 = DIRECTION('',(1.,0.,0.));
#1635 = PCURVE('',#1566,#1636);
#1636 = DEFINITIONAL_REPRESENTATION('',(#1637),#1641);
#1637 = LINE('',#1638,#1639);
#1638 = CARTESIAN_POINT('',(3.14159265359,4.999999999987));
#1639 = VECTOR('',#1640,1.);
#1640 = DIRECTION('',(-1.,0.));
#1641 = ( GEOMETRIC_REPRESENTATION_CONTEXT(2) 
PARAMETRIC_REPRESENTATION_CONTEXT() REPRESENTATION_CONTEXT('2D SPACE',''
  ) );
#1642 = PCURVE('',#1536,#1643);
#1643 = DEFINITIONAL_REPRESENTATION('',(#1644),#1648);
#1644 = LINE('',#1645,#1646);
#1645 = CARTESIAN_POINT('',(3.14159265359,-5.));
#1646 = VECTOR('',#1647,1.);
#1647 = DIRECTION('',(1.,0.));
#1648 = ( GEOMETRIC_REPRESENTATION_CONTEXT(2) 
PARAMETRIC_REPRESENTATION_CONTEXT() REPRESENTATION_CONTEXT('2D SPACE',''
  ) );
#1649 = ORIENTED_EDGE('',*,*,#1650,.F.);
#1650 = EDGE_CURVE('',#1651,#1627,#1653,.T.);
#1651 = VERTEX_POINT('',#1652);
#1652 = CARTESIAN_POINT('',(-13.1313042037,10.796705511859,-146.45561));
#1653 = SURFACE_CURVE('',#1654,(#1659,#1688),.PCURVE_S1.);
#1654 = B_SPLINE_CURVE_WITH_KNOTS('',3,(#1655,#1656,#1657,#1658),
  .UNSPECIFIED.,.F.,.F.,(4,4),(0.,7.611422541626E-03),
  .PIECEWISE_BEZIER_KNOTS.);
#1655 = CARTESIAN_POINT('',(-13.1313042037,10.796705511859,-146.45561));
#1656 = CARTESIAN_POINT('',(-13.69338703167,12.666286600848,
    -148.0771510029));
#1657 = CARTESIAN_POINT('',(-14.2412698933,14.488636237035,
    -149.755299313));
#1658 = CARTESIAN_POINT('',(-14.78359331357,16.292494245479,-151.45561)
  );
#1659 = PCURVE('',#1566,#1660);
#1660 = DEFINITIONAL_REPRESENTATION('',(#1661),#1687);
#1661 = B_SPLINE_CURVE_WITH_KNOTS('',3,(#1662,#1663,#1664,#1665,#1666,
    #1667,#1668,#1669,#1670,#1671,#1672,#1673,#1674,#1675,#1676,#1677,
    #1678,#1679,#1680,#1681,#1682,#1683,#1684,#1685,#1686),
  .UNSPECIFIED.,.F.,.F.,(4,1,1,1,1,1,1,1,1,1,1,1,1,1,1,1,1,1,1,1,1,1,4),
  (0.,3.459737518921E-04,6.919475037842E-04,1.037921255676E-03,
    1.383895007568E-03,1.72986875946E-03,2.075842511353E-03,
    2.421816263245E-03,2.767790015137E-03,3.113763767029E-03,
    3.459737518921E-03,3.805711270813E-03,4.151685022705E-03,
    4.497658774597E-03,4.843632526489E-03,5.189606278381E-03,
    5.535580030273E-03,5.881553782166E-03,6.227527534058E-03,
    6.57350128595E-03,6.919475037842E-03,7.265448789734E-03,
    7.611422541626E-03),.QUASI_UNIFORM_KNOTS.);
#1662 = CARTESIAN_POINT('',(0.688138394477,-1.238120717062E-12));
#1663 = CARTESIAN_POINT('',(0.691045155024,7.370653999022E-02));
#1664 = CARTESIAN_POINT('',(0.696776509685,0.221366900203));
#1665 = CARTESIAN_POINT('',(0.705136038776,0.44356947901));
#1666 = CARTESIAN_POINT('',(0.71326721447,0.666453700099));
#1667 = CARTESIAN_POINT('',(0.721178650397,0.889991246279));
#1668 = CARTESIAN_POINT('',(0.728878628724,1.114155050616));
#1669 = CARTESIAN_POINT('',(0.736375064897,1.338919412844));
#1670 = CARTESIAN_POINT('',(0.743675536212,1.564259869001));
#1671 = CARTESIAN_POINT('',(0.750787292831,1.790153133306));
#1672 = CARTESIAN_POINT('',(0.757717272984,2.01657702643));
#1673 = CARTESIAN_POINT('',(0.764472116496,2.243510412822));
#1674 = CARTESIAN_POINT('',(0.771058178172,2.470933140689));
#1675 = CARTESIAN_POINT('',(0.777481540618,2.698825986027));
#1676 = CARTESIAN_POINT('',(0.783748026601,2.927170600036));
#1677 = CARTESIAN_POINT('',(0.789863210899,3.155949459822));
#1678 = CARTESIAN_POINT('',(0.79583243169,3.385145822113));
#1679 = CARTESIAN_POINT('',(0.801660801416,3.614743679938));
#1680 = CARTESIAN_POINT('',(0.807353217302,3.844727721563));
#1681 = CARTESIAN_POINT('',(0.812914370924,4.075083293485));
#1682 = CARTESIAN_POINT('',(0.818348759202,4.305796359938));
#1683 = CARTESIAN_POINT('',(0.82366068791,4.536853486319));
#1684 = CARTESIAN_POINT('',(0.828854301081,4.768241743574));
#1685 = CARTESIAN_POINT('',(0.832240441554,4.922713192573));
#1686 = CARTESIAN_POINT('',(0.833915107891,4.999999999987));
#1687 = ( GEOMETRIC_REPRESENTATION_CONTEXT(2) 
PARAMETRIC_REPRESENTATION_CONTEXT() REPRESENTATION_CONTEXT('2D SPACE',''
  ) );
#1688 = PCURVE('',#790,#1689);
#1689 = DEFINITIONAL_REPRESENTATION('',(#1690),#1695);
#1690 = B_SPLINE_CURVE_WITH_KNOTS('',3,(#1691,#1692,#1693,#1694),
  .UNSPECIFIED.,.F.,.F.,(4,4),(0.,7.611422541626E-03),
  .PIECEWISE_BEZIER_KNOTS.);
#1691 = CARTESIAN_POINT('',(1.372820221557,-0.82078));
#1692 = CARTESIAN_POINT('',(3.325067786238,-2.4423210029));
#1693 = CARTESIAN_POINT('',(5.227995484964,-4.120469313));
#1694 = CARTESIAN_POINT('',(7.111613919468,-5.82078));
#1695 = ( GEOMETRIC_REPRESENTATION_CONTEXT(2) 
PARAMETRIC_REPRESENTATION_CONTEXT() REPRESENTATION_CONTEXT('2D SPACE',''
  ) );
#1696 = ORIENTED_EDGE('',*,*,#1697,.F.);
#1697 = EDGE_CURVE('',#1549,#1651,#1698,.T.);
#1698 = SURFACE_CURVE('',#1699,(#1704,#1711),.PCURVE_S1.);
#1699 = CIRCLE('',#1700,17.);
#1700 = AXIS2_PLACEMENT_3D('',#1701,#1702,#1703);
#1701 = CARTESIAN_POINT('',(0.,0.,-146.45561));
#1702 = DIRECTION('',(0.,0.,1.));
#1703 = DIRECTION('',(1.,0.,0.));
#1704 = PCURVE('',#1566,#1705);
#1705 = DEFINITIONAL_REPRESENTATION('',(#1706),#1710);
#1706 = LINE('',#1707,#1708);
#1707 = CARTESIAN_POINT('',(3.14159265359,0.));
#1708 = VECTOR('',#1709,1.);
#1709 = DIRECTION('',(-1.,0.));
#1710 = ( GEOMETRIC_REPRESENTATION_CONTEXT(2) 
PARAMETRIC_REPRESENTATION_CONTEXT() REPRESENTATION_CONTEXT('2D SPACE',''
  ) );
#1711 = PCURVE('',#146,#1712);
#1712 = DEFINITIONAL_REPRESENTATION('',(#1713),#1717);
#1713 = CIRCLE('',#1714,17.);
#1714 = AXIS2_PLACEMENT_2D('',#1715,#1716);
#1715 = CARTESIAN_POINT('',(0.,0.));
#1716 = DIRECTION('',(1.,0.));
#1717 = ( GEOMETRIC_REPRESENTATION_CONTEXT(2) 
PARAMETRIC_REPRESENTATION_CONTEXT() REPRESENTATION_CONTEXT('2D SPACE',''
  ) );
#1718 = ADVANCED_FACE('',(#1719),#1536,.T.);
#1719 = FACE_BOUND('',#1720,.T.);
#1720 = EDGE_LOOP('',(#1721,#1722,#1746,#1767));
#1721 = ORIENTED_EDGE('',*,*,#1520,.T.);
#1722 = ORIENTED_EDGE('',*,*,#1723,.T.);
#1723 = EDGE_CURVE('',#1474,#1724,#1726,.T.);
#1724 = VERTEX_POINT('',#1725);
#1725 = CARTESIAN_POINT('',(-14.78359331357,16.292494245479,-161.45561)
  );
#1726 = SURFACE_CURVE('',#1727,(#1732,#1739),.PCURVE_S1.);
#1727 = CIRCLE('',#1728,22.);
#1728 = AXIS2_PLACEMENT_3D('',#1729,#1730,#1731);
#1729 = CARTESIAN_POINT('',(0.,0.,-161.45561));
#1730 = DIRECTION('',(0.,0.,1.));
#1731 = DIRECTION('',(1.,0.,0.));
#1732 = PCURVE('',#1536,#1733);
#1733 = DEFINITIONAL_REPRESENTATION('',(#1734),#1738);
#1734 = LINE('',#1735,#1736);
#1735 = CARTESIAN_POINT('',(3.14159265359,-15.));
#1736 = VECTOR('',#1737,1.);
#1737 = DIRECTION('',(1.,0.));
#1738 = ( GEOMETRIC_REPRESENTATION_CONTEXT(2) 
PARAMETRIC_REPRESENTATION_CONTEXT() REPRESENTATION_CONTEXT('2D SPACE',''
  ) );
#1739 = PCURVE('',#819,#1740);
#1740 = DEFINITIONAL_REPRESENTATION('',(#1741),#1745);
#1741 = LINE('',#1742,#1743);
#1742 = CARTESIAN_POINT('',(0.,-9.609930212486E-15));
#1743 = VECTOR('',#1744,1.);
#1744 = DIRECTION('',(1.,4.164329730727E-15));
#1745 = ( GEOMETRIC_REPRESENTATION_CONTEXT(2) 
PARAMETRIC_REPRESENTATION_CONTEXT() REPRESENTATION_CONTEXT('2D SPACE',''
  ) );
#1746 = ORIENTED_EDGE('',*,*,#1747,.F.);
#1747 = EDGE_CURVE('',#1627,#1724,#1748,.T.);
#1748 = SURFACE_CURVE('',#1749,(#1753,#1760),.PCURVE_S1.);
#1749 = LINE('',#1750,#1751);
#1750 = CARTESIAN_POINT('',(-14.78359331357,16.292494245479,-146.45561)
  );
#1751 = VECTOR('',#1752,1.);
#1752 = DIRECTION('',(0.,0.,-1.));
#1753 = PCURVE('',#1536,#1754);
#1754 = DEFINITIONAL_REPRESENTATION('',(#1755),#1759);
#1755 = LINE('',#1756,#1757);
#1756 = CARTESIAN_POINT('',(5.449270199289,0.));
#1757 = VECTOR('',#1758,1.);
#1758 = DIRECTION('',(0.,-1.));
#1759 = ( GEOMETRIC_REPRESENTATION_CONTEXT(2) 
PARAMETRIC_REPRESENTATION_CONTEXT() REPRESENTATION_CONTEXT('2D SPACE',''
  ) );
#1760 = PCURVE('',#790,#1761);
#1761 = DEFINITIONAL_REPRESENTATION('',(#1762),#1766);
#1762 = LINE('',#1763,#1764);
#1763 = CARTESIAN_POINT('',(7.111613919468,-0.82078));
#1764 = VECTOR('',#1765,1.);
#1765 = DIRECTION('',(0.,-1.));
#1766 = ( GEOMETRIC_REPRESENTATION_CONTEXT(2) 
PARAMETRIC_REPRESENTATION_CONTEXT() REPRESENTATION_CONTEXT('2D SPACE',''
  ) );
#1767 = ORIENTED_EDGE('',*,*,#1626,.F.);
#1768 = ADVANCED_FACE('',(#1769),#819,.T.);
#1769 = FACE_BOUND('',#1770,.T.);
#1770 = EDGE_LOOP('',(#1771,#1772,#1773,#1818));
#1771 = ORIENTED_EDGE('',*,*,#1473,.F.);
#1772 = ORIENTED_EDGE('',*,*,#802,.T.);
#1773 = ORIENTED_EDGE('',*,*,#1774,.F.);
#1774 = EDGE_CURVE('',#1724,#775,#1775,.T.);
#1775 = SURFACE_CURVE('',#1776,(#1781,#1810),.PCURVE_S1.);
#1776 = B_SPLINE_CURVE_WITH_KNOTS('',3,(#1777,#1778,#1779,#1780),
  .UNSPECIFIED.,.F.,.F.,(4,4),(0.,7.611422541626E-03),
  .PIECEWISE_BEZIER_KNOTS.);
#1777 = CARTESIAN_POINT('',(-14.78359331357,16.292494245479,-161.45561)
  );
#1778 = CARTESIAN_POINT('',(-14.2412698933,14.488636237035,
    -163.1559206869));
#1779 = CARTESIAN_POINT('',(-13.69338703167,12.666286600848,
    -164.834068997));
#1780 = CARTESIAN_POINT('',(-13.1313042037,10.796705511859,-166.45561));
#1781 = PCURVE('',#819,#1782);
#1782 = DEFINITIONAL_REPRESENTATION('',(#1783),#1809);
#1783 = B_SPLINE_CURVE_WITH_KNOTS('',3,(#1784,#1785,#1786,#1787,#1788,
    #1789,#1790,#1791,#1792,#1793,#1794,#1795,#1796,#1797,#1798,#1799,
    #1800,#1801,#1802,#1803,#1804,#1805,#1806,#1807,#1808),
  .UNSPECIFIED.,.F.,.F.,(4,1,1,1,1,1,1,1,1,1,1,1,1,1,1,1,1,1,1,1,1,1,4),
  (0.,3.459737518921E-04,6.919475037842E-04,1.037921255676E-03,
    1.383895007568E-03,1.72986875946E-03,2.075842511353E-03,
    2.421816263245E-03,2.767790015137E-03,3.113763767029E-03,
    3.459737518921E-03,3.805711270813E-03,4.151685022705E-03,
    4.497658774597E-03,4.843632526489E-03,5.189606278381E-03,
    5.535580030273E-03,5.881553782166E-03,6.227527534058E-03,
    6.57350128595E-03,6.919475037842E-03,7.265448789734E-03,
    7.611422541626E-03),.QUASI_UNIFORM_KNOTS.);
#1784 = CARTESIAN_POINT('',(2.307677545699,-2.48689957516E-14));
#1785 = CARTESIAN_POINT('',(2.309352212036,-7.728680741247E-02));
#1786 = CARTESIAN_POINT('',(2.312738352509,-0.231758256407));
#1787 = CARTESIAN_POINT('',(2.31793196568,-0.463146513655));
#1788 = CARTESIAN_POINT('',(2.323243894387,-0.694203640031));
#1789 = CARTESIAN_POINT('',(2.328678282665,-0.92491670648));
#1790 = CARTESIAN_POINT('',(2.334239436288,-1.155272278398));
#1791 = CARTESIAN_POINT('',(2.339931852174,-1.385256320019));
#1792 = CARTESIAN_POINT('',(2.345760221899,-1.614854177841));
#1793 = CARTESIAN_POINT('',(2.351729442691,-1.84405054013));
#1794 = CARTESIAN_POINT('',(2.357844626989,-2.072829399915));
#1795 = CARTESIAN_POINT('',(2.364111112971,-2.301174013923));
#1796 = CARTESIAN_POINT('',(2.370534475418,-2.52906685926));
#1797 = CARTESIAN_POINT('',(2.377120537094,-2.756489587128));
#1798 = CARTESIAN_POINT('',(2.383875380605,-2.983422973521));
#1799 = CARTESIAN_POINT('',(2.390805360759,-3.209846866647));
#1800 = CARTESIAN_POINT('',(2.397917117378,-3.435740130954));
#1801 = CARTESIAN_POINT('',(2.405217588693,-3.661080587114));
#1802 = CARTESIAN_POINT('',(2.412714024865,-3.885844949345));
#1803 = CARTESIAN_POINT('',(2.420414003193,-4.110008753686));
#1804 = CARTESIAN_POINT('',(2.42832543912,-4.333546299871));
#1805 = CARTESIAN_POINT('',(2.436456614814,-4.556430520964));
#1806 = CARTESIAN_POINT('',(2.444816143905,-4.778633099778));
#1807 = CARTESIAN_POINT('',(2.450547498566,-4.926293459995));
#1808 = CARTESIAN_POINT('',(2.453454259112,-4.999999999988));
#1809 = ( GEOMETRIC_REPRESENTATION_CONTEXT(2) 
PARAMETRIC_REPRESENTATION_CONTEXT() REPRESENTATION_CONTEXT('2D SPACE',''
  ) );
#1810 = PCURVE('',#790,#1811);
#1811 = DEFINITIONAL_REPRESENTATION('',(#1812),#1817);
#1812 = B_SPLINE_CURVE_WITH_KNOTS('',3,(#1813,#1814,#1815,#1816),
  .UNSPECIFIED.,.F.,.F.,(4,4),(0.,7.611422541626E-03),
  .PIECEWISE_BEZIER_KNOTS.);
#1813 = CARTESIAN_POINT('',(7.111613919468,-15.82078));
#1814 = CARTESIAN_POINT('',(5.227995484964,-17.5210906869));
#1815 = CARTESIAN_POINT('',(3.325067786238,-19.199238997));
#1816 = CARTESIAN_POINT('',(1.372820221557,-20.82078));
#1817 = ( GEOMETRIC_REPRESENTATION_CONTEXT(2) 
PARAMETRIC_REPRESENTATION_CONTEXT() REPRESENTATION_CONTEXT('2D SPACE',''
  ) );
#1818 = ORIENTED_EDGE('',*,*,#1723,.F.);
#1819 = ADVANCED_FACE('',(#1820),#790,.F.);
#1820 = FACE_BOUND('',#1821,.T.);
#1821 = EDGE_LOOP('',(#1822,#1823,#1824,#1825,#1848,#1869));
#1822 = ORIENTED_EDGE('',*,*,#1747,.T.);
#1823 = ORIENTED_EDGE('',*,*,#1774,.T.);
#1824 = ORIENTED_EDGE('',*,*,#774,.T.);
#1825 = ORIENTED_EDGE('',*,*,#1826,.F.);
#1826 = EDGE_CURVE('',#1827,#746,#1829,.T.);
#1827 = VERTEX_POINT('',#1828);
#1828 = CARTESIAN_POINT('',(-13.01176469359,10.399097194426,-146.45561)
  );
#1829 = SURFACE_CURVE('',#1830,(#1834,#1841),.PCURVE_S1.);
#1830 = LINE('',#1831,#1832);
#1831 = CARTESIAN_POINT('',(-13.01176469359,10.399097194426,-145.63483)
  );
#1832 = VECTOR('',#1833,1.);
#1833 = DIRECTION('',(0.,0.,-1.));
#1834 = PCURVE('',#790,#1835);
#1835 = DEFINITIONAL_REPRESENTATION('',(#1836),#1840);
#1836 = LINE('',#1837,#1838);
#1837 = CARTESIAN_POINT('',(0.957631025444,0.));
#1838 = VECTOR('',#1839,1.);
#1839 = DIRECTION('',(0.,-1.));
#1840 = ( GEOMETRIC_REPRESENTATION_CONTEXT(2) 
PARAMETRIC_REPRESENTATION_CONTEXT() REPRESENTATION_CONTEXT('2D SPACE',''
  ) );
#1841 = PCURVE('',#762,#1842);
#1842 = DEFINITIONAL_REPRESENTATION('',(#1843),#1847);
#1843 = LINE('',#1844,#1845);
#1844 = CARTESIAN_POINT('',(5.533361580639,0.));
#1845 = VECTOR('',#1846,1.);
#1846 = DIRECTION('',(0.,-1.));
#1847 = ( GEOMETRIC_REPRESENTATION_CONTEXT(2) 
PARAMETRIC_REPRESENTATION_CONTEXT() REPRESENTATION_CONTEXT('2D SPACE',''
  ) );
#1848 = ORIENTED_EDGE('',*,*,#1849,.T.);
#1849 = EDGE_CURVE('',#1827,#1651,#1850,.T.);
#1850 = SURFACE_CURVE('',#1851,(#1855,#1862),.PCURVE_S1.);
#1851 = LINE('',#1852,#1853);
#1852 = CARTESIAN_POINT('',(-9.065865716528,-2.72561991026,-146.45561));
#1853 = VECTOR('',#1854,1.);
#1854 = DIRECTION('',(-0.287915753178,0.957655741419,0.));
#1855 = PCURVE('',#790,#1856);
#1856 = DEFINITIONAL_REPRESENTATION('',(#1857),#1861);
#1857 = LINE('',#1858,#1859);
#1858 = CARTESIAN_POINT('',(-12.74741614029,-0.82078));
#1859 = VECTOR('',#1860,1.);
#1860 = DIRECTION('',(1.,0.));
#1861 = ( GEOMETRIC_REPRESENTATION_CONTEXT(2) 
PARAMETRIC_REPRESENTATION_CONTEXT() REPRESENTATION_CONTEXT('2D SPACE',''
  ) );
#1862 = PCURVE('',#146,#1863);
#1863 = DEFINITIONAL_REPRESENTATION('',(#1864),#1868);
#1864 = LINE('',#1865,#1866);
#1865 = CARTESIAN_POINT('',(-9.065865716528,-2.72561991026));
#1866 = VECTOR('',#1867,1.);
#1867 = DIRECTION('',(-0.287915753178,0.957655741419));
#1868 = ( GEOMETRIC_REPRESENTATION_CONTEXT(2) 
PARAMETRIC_REPRESENTATION_CONTEXT() REPRESENTATION_CONTEXT('2D SPACE',''
  ) );
#1869 = ORIENTED_EDGE('',*,*,#1650,.T.);
#1870 = ADVANCED_FACE('',(#1871),#762,.T.);
#1871 = FACE_BOUND('',#1872,.T.);
#1872 = EDGE_LOOP('',(#1873,#1897,#1898,#1899));
#1873 = ORIENTED_EDGE('',*,*,#1874,.F.);
#1874 = EDGE_CURVE('',#1827,#1875,#1877,.T.);
#1875 = VERTEX_POINT('',#1876);
#1876 = CARTESIAN_POINT('',(-15.51176469359,6.068970175504,-146.45561));
#1877 = SURFACE_CURVE('',#1878,(#1883,#1890),.PCURVE_S1.);
#1878 = CIRCLE('',#1879,11.1457735);
#1879 = AXIS2_PLACEMENT_3D('',#1880,#1881,#1882);
#1880 = CARTESIAN_POINT('',(-4.855187193016,2.803143632854,-146.45561));
#1881 = DIRECTION('',(0.,0.,1.));
#1882 = DIRECTION('',(1.,0.,0.));
#1883 = PCURVE('',#762,#1884);
#1884 = DEFINITIONAL_REPRESENTATION('',(#1885),#1889);
#1885 = LINE('',#1886,#1887);
#1886 = CARTESIAN_POINT('',(3.14159265359,-0.82078));
#1887 = VECTOR('',#1888,1.);
#1888 = DIRECTION('',(1.,0.));
#1889 = ( GEOMETRIC_REPRESENTATION_CONTEXT(2) 
PARAMETRIC_REPRESENTATION_CONTEXT() REPRESENTATION_CONTEXT('2D SPACE',''
  ) );
#1890 = PCURVE('',#146,#1891);
#1891 = DEFINITIONAL_REPRESENTATION('',(#1892),#1896);
#1892 = CIRCLE('',#1893,11.1457735);
#1893 = AXIS2_PLACEMENT_2D('',#1894,#1895);
#1894 = CARTESIAN_POINT('',(-4.855187193016,2.803143632854));
#1895 = DIRECTION('',(1.,0.));
#1896 = ( GEOMETRIC_REPRESENTATION_CONTEXT(2) 
PARAMETRIC_REPRESENTATION_CONTEXT() REPRESENTATION_CONTEXT('2D SPACE',''
  ) );
#1897 = ORIENTED_EDGE('',*,*,#1826,.T.);
#1898 = ORIENTED_EDGE('',*,*,#745,.T.);
#1899 = ORIENTED_EDGE('',*,*,#1900,.F.);
#1900 = EDGE_CURVE('',#1875,#718,#1901,.T.);
#1901 = SURFACE_CURVE('',#1902,(#1906,#1913),.PCURVE_S1.);
#1902 = LINE('',#1903,#1904);
#1903 = CARTESIAN_POINT('',(-15.51176469359,6.068970175504,-145.63483));
#1904 = VECTOR('',#1905,1.);
#1905 = DIRECTION('',(0.,0.,-1.));
#1906 = PCURVE('',#762,#1907);
#1907 = DEFINITIONAL_REPRESENTATION('',(#1908),#1912);
#1908 = LINE('',#1909,#1910);
#1909 = CARTESIAN_POINT('',(5.985811482524,0.));
#1910 = VECTOR('',#1911,1.);
#1911 = DIRECTION('',(0.,-1.));
#1912 = ( GEOMETRIC_REPRESENTATION_CONTEXT(2) 
PARAMETRIC_REPRESENTATION_CONTEXT() REPRESENTATION_CONTEXT('2D SPACE',''
  ) );
#1913 = PCURVE('',#733,#1914);
#1914 = DEFINITIONAL_REPRESENTATION('',(#1915),#1919);
#1915 = LINE('',#1916,#1917);
#1916 = CARTESIAN_POINT('',(-0.163490794128,0.));
#1917 = VECTOR('',#1918,1.);
#1918 = DIRECTION('',(0.,-1.));
#1919 = ( GEOMETRIC_REPRESENTATION_CONTEXT(2) 
PARAMETRIC_REPRESENTATION_CONTEXT() REPRESENTATION_CONTEXT('2D SPACE',''
  ) );
#1920 = ADVANCED_FACE('',(#1921),#733,.F.);
#1921 = FACE_BOUND('',#1922,.T.);
#1922 = EDGE_LOOP('',(#1923,#1924,#1971,#1999,#2051,#2072));
#1923 = ORIENTED_EDGE('',*,*,#717,.T.);
#1924 = ORIENTED_EDGE('',*,*,#1925,.T.);
#1925 = EDGE_CURVE('',#689,#1926,#1928,.T.);
#1926 = VERTEX_POINT('',#1927);
#1927 = CARTESIAN_POINT('',(-21.50151056438,4.65672024603,-161.45561));
#1928 = SURFACE_CURVE('',#1929,(#1934,#1942),.PCURVE_S1.);
#1929 = B_SPLINE_CURVE_WITH_KNOTS('',3,(#1930,#1931,#1932,#1933),
  .UNSPECIFIED.,.F.,.F.,(4,4),(0.,7.611422541626E-03),
  .PIECEWISE_BEZIER_KNOTS.);
#1930 = CARTESIAN_POINT('',(-15.9158733523,5.973690269299,-166.45561));
#1931 = CARTESIAN_POINT('',(-17.81601948378,5.525677732863,
    -164.834068997));
#1932 = CARTESIAN_POINT('',(-19.66816199411,5.088983391231,
    -163.1559206869));
#1933 = CARTESIAN_POINT('',(-21.50151056438,4.65672024603,-161.45561));
#1934 = PCURVE('',#733,#1935);
#1935 = DEFINITIONAL_REPRESENTATION('',(#1936),#1941);
#1936 = B_SPLINE_CURVE_WITH_KNOTS('',3,(#1937,#1938,#1939,#1940),
  .UNSPECIFIED.,.F.,.F.,(4,4),(0.,7.611422541626E-03),
  .PIECEWISE_BEZIER_KNOTS.);
#1937 = CARTESIAN_POINT('',(-0.578679990243,-20.82078));
#1938 = CARTESIAN_POINT('',(-2.530927554919,-19.199238997));
#1939 = CARTESIAN_POINT('',(-4.433855253646,-17.5210906869));
#1940 = CARTESIAN_POINT('',(-6.317473688152,-15.82078));
#1941 = ( GEOMETRIC_REPRESENTATION_CONTEXT(2) 
PARAMETRIC_REPRESENTATION_CONTEXT() REPRESENTATION_CONTEXT('2D SPACE',''
  ) );
#1942 = PCURVE('',#705,#1943);
#1943 = DEFINITIONAL_REPRESENTATION('',(#1944),#1970);
#1944 = B_SPLINE_CURVE_WITH_KNOTS('',3,(#1945,#1946,#1947,#1948,#1949,
    #1950,#1951,#1952,#1953,#1954,#1955,#1956,#1957,#1958,#1959,#1960,
    #1961,#1962,#1963,#1964,#1965,#1966,#1967,#1968,#1969),
  .UNSPECIFIED.,.F.,.F.,(4,1,1,1,1,1,1,1,1,1,1,1,1,1,1,1,1,1,1,1,1,1,4),
  (0.,3.459737518921E-04,6.919475037842E-04,1.037921255676E-03,
    1.383895007568E-03,1.72986875946E-03,2.075842511352E-03,
    2.421816263245E-03,2.767790015137E-03,3.113763767029E-03,
    3.459737518921E-03,3.805711270813E-03,4.151685022705E-03,
    4.497658774597E-03,4.843632526489E-03,5.189606278381E-03,
    5.535580030273E-03,5.881553782165E-03,6.227527534057E-03,
    6.57350128595E-03,6.919475037842E-03,7.265448789734E-03,
    7.611422541626E-03),.UNSPECIFIED.);
#1945 = CARTESIAN_POINT('',(2.782533496871,-4.999999999987));
#1946 = CARTESIAN_POINT('',(2.785440257417,-4.926293459994));
#1947 = CARTESIAN_POINT('',(2.791171612078,-4.778633099779));
#1948 = CARTESIAN_POINT('',(2.799531141169,-4.556430520968));
#1949 = CARTESIAN_POINT('',(2.807662316863,-4.333546299876));
#1950 = CARTESIAN_POINT('',(2.81557375279,-4.110008753693));
#1951 = CARTESIAN_POINT('',(2.823273731117,-3.885844949353));
#1952 = CARTESIAN_POINT('',(2.83077016729,-3.661080587123));
#1953 = CARTESIAN_POINT('',(2.838070638605,-3.435740130963));
#1954 = CARTESIAN_POINT('',(2.845182395224,-3.209846866656));
#1955 = CARTESIAN_POINT('',(2.852112375377,-2.983422973531));
#1956 = CARTESIAN_POINT('',(2.858867218889,-2.756489587137));
#1957 = CARTESIAN_POINT('',(2.865453280565,-2.529066859269));
#1958 = CARTESIAN_POINT('',(2.871876643011,-2.301174013931));
#1959 = CARTESIAN_POINT('',(2.878143128994,-2.072829399922));
#1960 = CARTESIAN_POINT('',(2.884258313292,-1.844050540137));
#1961 = CARTESIAN_POINT('',(2.890227534084,-1.614854177847));
#1962 = CARTESIAN_POINT('',(2.896055903809,-1.385256320024));
#1963 = CARTESIAN_POINT('',(2.901748319695,-1.155272278401));
#1964 = CARTESIAN_POINT('',(2.907309473318,-0.924916706483));
#1965 = CARTESIAN_POINT('',(2.912743861596,-0.694203640033));
#1966 = CARTESIAN_POINT('',(2.918055790303,-0.463146513657));
#1967 = CARTESIAN_POINT('',(2.923249403474,-0.231758256407));
#1968 = CARTESIAN_POINT('',(2.926635543947,-7.728680741259E-02));
#1969 = CARTESIAN_POINT('',(2.928310210284,-1.42108547152E-14));
#1970 = ( GEOMETRIC_REPRESENTATION_CONTEXT(2) 
PARAMETRIC_REPRESENTATION_CONTEXT() REPRESENTATION_CONTEXT('2D SPACE',''
  ) );
#1971 = ORIENTED_EDGE('',*,*,#1972,.F.);
#1972 = EDGE_CURVE('',#1973,#1926,#1975,.T.);
#1973 = VERTEX_POINT('',#1974);
#1974 = CARTESIAN_POINT('',(-21.50151056438,4.65672024603,-151.45561));
#1975 = SURFACE_CURVE('',#1976,(#1980,#1987),.PCURVE_S1.);
#1976 = LINE('',#1977,#1978);
#1977 = CARTESIAN_POINT('',(-21.50151056438,4.65672024603,-146.45561));
#1978 = VECTOR('',#1979,1.);
#1979 = DIRECTION('',(0.,0.,-1.));
#1980 = PCURVE('',#733,#1981);
#1981 = DEFINITIONAL_REPRESENTATION('',(#1982),#1986);
#1982 = LINE('',#1983,#1984);
#1983 = CARTESIAN_POINT('',(-6.317473688152,-0.82078));
#1984 = VECTOR('',#1985,1.);
#1985 = DIRECTION('',(0.,-1.));
#1986 = ( GEOMETRIC_REPRESENTATION_CONTEXT(2) 
PARAMETRIC_REPRESENTATION_CONTEXT() REPRESENTATION_CONTEXT('2D SPACE',''
  ) );
#1987 = PCURVE('',#1988,#1993);
#1988 = CYLINDRICAL_SURFACE('',#1989,22.);
#1989 = AXIS2_PLACEMENT_3D('',#1990,#1991,#1992);
#1990 = CARTESIAN_POINT('',(0.,0.,-146.45561));
#1991 = DIRECTION('',(0.,0.,1.));
#1992 = DIRECTION('',(-1.,0.,0.));
#1993 = DEFINITIONAL_REPRESENTATION('',(#1994),#1998);
#1994 = LINE('',#1995,#1996);
#1995 = CARTESIAN_POINT('',(6.069902863874,0.));
#1996 = VECTOR('',#1997,1.);
#1997 = DIRECTION('',(0.,-1.));
#1998 = ( GEOMETRIC_REPRESENTATION_CONTEXT(2) 
PARAMETRIC_REPRESENTATION_CONTEXT() REPRESENTATION_CONTEXT('2D SPACE',''
  ) );
#1999 = ORIENTED_EDGE('',*,*,#2000,.T.);
#2000 = EDGE_CURVE('',#1973,#2001,#2003,.T.);
#2001 = VERTEX_POINT('',#2002);
#2002 = CARTESIAN_POINT('',(-15.9158733523,5.973690269299,-146.45561));
#2003 = SURFACE_CURVE('',#2004,(#2009,#2017),.PCURVE_S1.);
#2004 = B_SPLINE_CURVE_WITH_KNOTS('',3,(#2005,#2006,#2007,#2008),
  .UNSPECIFIED.,.F.,.F.,(4,4),(0.,7.611422541626E-03),
  .PIECEWISE_BEZIER_KNOTS.);
#2005 = CARTESIAN_POINT('',(-21.50151056438,4.65672024603,-151.45561));
#2006 = CARTESIAN_POINT('',(-19.66816199411,5.088983391231,
    -149.755299313));
#2007 = CARTESIAN_POINT('',(-17.81601948378,5.525677732863,
    -148.0771510029));
#2008 = CARTESIAN_POINT('',(-15.9158733523,5.973690269299,-146.45561));
#2009 = PCURVE('',#733,#2010);
#2010 = DEFINITIONAL_REPRESENTATION('',(#2011),#2016);
#2011 = B_SPLINE_CURVE_WITH_KNOTS('',3,(#2012,#2013,#2014,#2015),
  .UNSPECIFIED.,.F.,.F.,(4,4),(0.,7.611422541626E-03),
  .PIECEWISE_BEZIER_KNOTS.);
#2012 = CARTESIAN_POINT('',(-6.317473688152,-5.82078));
#2013 = CARTESIAN_POINT('',(-4.433855253646,-4.120469313));
#2014 = CARTESIAN_POINT('',(-2.530927554919,-2.4423210029));
#2015 = CARTESIAN_POINT('',(-0.578679990243,-0.82078));
#2016 = ( GEOMETRIC_REPRESENTATION_CONTEXT(2) 
PARAMETRIC_REPRESENTATION_CONTEXT() REPRESENTATION_CONTEXT('2D SPACE',''
  ) );
#2017 = PCURVE('',#2018,#2023);
#2018 = CONICAL_SURFACE('',#2019,17.,0.7853981634);
#2019 = AXIS2_PLACEMENT_3D('',#2020,#2021,#2022);
#2020 = CARTESIAN_POINT('',(0.,0.,-146.45561));
#2021 = DIRECTION('',(0.,0.,-1.));
#2022 = DIRECTION('',(-1.,0.,0.));
#2023 = DEFINITIONAL_REPRESENTATION('',(#2024),#2050);
#2024 = B_SPLINE_CURVE_WITH_KNOTS('',3,(#2025,#2026,#2027,#2028,#2029,
    #2030,#2031,#2032,#2033,#2034,#2035,#2036,#2037,#2038,#2039,#2040,
    #2041,#2042,#2043,#2044,#2045,#2046,#2047,#2048,#2049),
  .UNSPECIFIED.,.F.,.F.,(4,1,1,1,1,1,1,1,1,1,1,1,1,1,1,1,1,1,1,1,1,1,4),
  (0.,3.459737518921E-04,6.919475037842E-04,1.037921255676E-03,
    1.383895007568E-03,1.72986875946E-03,2.075842511353E-03,
    2.421816263245E-03,2.767790015137E-03,3.113763767029E-03,
    3.459737518921E-03,3.805711270813E-03,4.151685022705E-03,
    4.497658774597E-03,4.843632526489E-03,5.189606278381E-03,
    5.535580030273E-03,5.881553782166E-03,6.227527534058E-03,
    6.57350128595E-03,6.919475037842E-03,7.265448789734E-03,
    7.611422541626E-03),.QUASI_UNIFORM_KNOTS.);
#2025 = CARTESIAN_POINT('',(6.496467750485,4.999999999986));
#2026 = CARTESIAN_POINT('',(6.498142416822,4.922713192572));
#2027 = CARTESIAN_POINT('',(6.501528557295,4.768241743573));
#2028 = CARTESIAN_POINT('',(6.506722170466,4.536853486318));
#2029 = CARTESIAN_POINT('',(6.512034099174,4.305796359937));
#2030 = CARTESIAN_POINT('',(6.517468487452,4.075083293483));
#2031 = CARTESIAN_POINT('',(6.523029641074,3.844727721562));
#2032 = CARTESIAN_POINT('',(6.528722056961,3.614743679937));
#2033 = CARTESIAN_POINT('',(6.534550426686,3.385145822112));
#2034 = CARTESIAN_POINT('',(6.540519647478,3.155949459821));
#2035 = CARTESIAN_POINT('',(6.546634831776,2.927170600035));
#2036 = CARTESIAN_POINT('',(6.552901317758,2.698825986026));
#2037 = CARTESIAN_POINT('',(6.559324680205,2.470933140688));
#2038 = CARTESIAN_POINT('',(6.56591074188,2.243510412822));
#2039 = CARTESIAN_POINT('',(6.572665585392,2.016577026429));
#2040 = CARTESIAN_POINT('',(6.579595565546,1.790153133305));
#2041 = CARTESIAN_POINT('',(6.586707322164,1.564259869));
#2042 = CARTESIAN_POINT('',(6.594007793479,1.338919412843));
#2043 = CARTESIAN_POINT('',(6.601504229652,1.114155050616));
#2044 = CARTESIAN_POINT('',(6.609204207979,0.889991246279));
#2045 = CARTESIAN_POINT('',(6.617115643906,0.666453700099));
#2046 = CARTESIAN_POINT('',(6.6252468196,0.443569479011));
#2047 = CARTESIAN_POINT('',(6.633606348691,0.221366900204));
#2048 = CARTESIAN_POINT('',(6.639337703352,7.370653999096E-02));
#2049 = CARTESIAN_POINT('',(6.642244463899,-4.298783551349E-13));
#2050 = ( GEOMETRIC_REPRESENTATION_CONTEXT(2) 
PARAMETRIC_REPRESENTATION_CONTEXT() REPRESENTATION_CONTEXT('2D SPACE',''
  ) );
#2051 = ORIENTED_EDGE('',*,*,#2052,.T.);
#2052 = EDGE_CURVE('',#2001,#1875,#2053,.T.);
#2053 = SURFACE_CURVE('',#2054,(#2058,#2065),.PCURVE_S1.);
#2054 = LINE('',#2055,#2056);
#2055 = CARTESIAN_POINT('',(-2.172476774918,9.214079972941,-146.45561));
#2056 = VECTOR('',#2057,1.);
#2057 = DIRECTION('',(0.973312076738,0.229485514307,0.));
#2058 = PCURVE('',#733,#2059);
#2059 = DEFINITIONAL_REPRESENTATION('',(#2060),#2064);
#2060 = LINE('',#2061,#2062);
#2061 = CARTESIAN_POINT('',(13.541556371613,-0.82078));
#2062 = VECTOR('',#2063,1.);
#2063 = DIRECTION('',(1.,0.));
#2064 = ( GEOMETRIC_REPRESENTATION_CONTEXT(2) 
PARAMETRIC_REPRESENTATION_CONTEXT() REPRESENTATION_CONTEXT('2D SPACE',''
  ) );
#2065 = PCURVE('',#146,#2066);
#2066 = DEFINITIONAL_REPRESENTATION('',(#2067),#2071);
#2067 = LINE('',#2068,#2069);
#2068 = CARTESIAN_POINT('',(-2.172476774918,9.214079972941));
#2069 = VECTOR('',#2070,1.);
#2070 = DIRECTION('',(0.973312076738,0.229485514307));
#2071 = ( GEOMETRIC_REPRESENTATION_CONTEXT(2) 
PARAMETRIC_REPRESENTATION_CONTEXT() REPRESENTATION_CONTEXT('2D SPACE',''
  ) );
#2072 = ORIENTED_EDGE('',*,*,#1900,.T.);
#2073 = ADVANCED_FACE('',(#2074),#2018,.T.);
#2074 = FACE_BOUND('',#2075,.T.);
#2075 = EDGE_LOOP('',(#2076,#2077,#2101,#2148));
#2076 = ORIENTED_EDGE('',*,*,#2000,.F.);
#2077 = ORIENTED_EDGE('',*,*,#2078,.T.);
#2078 = EDGE_CURVE('',#1973,#2079,#2081,.T.);
#2079 = VERTEX_POINT('',#2080);
#2080 = CARTESIAN_POINT('',(-21.50151056438,-4.65672024603,-151.45561));
#2081 = SURFACE_CURVE('',#2082,(#2087,#2094),.PCURVE_S1.);
#2082 = CIRCLE('',#2083,22.);
#2083 = AXIS2_PLACEMENT_3D('',#2084,#2085,#2086);
#2084 = CARTESIAN_POINT('',(0.,0.,-151.45561));
#2085 = DIRECTION('',(0.,0.,1.));
#2086 = DIRECTION('',(1.,0.,0.));
#2087 = PCURVE('',#2018,#2088);
#2088 = DEFINITIONAL_REPRESENTATION('',(#2089),#2093);
#2089 = LINE('',#2090,#2091);
#2090 = CARTESIAN_POINT('',(9.424777960769,4.999999999987));
#2091 = VECTOR('',#2092,1.);
#2092 = DIRECTION('',(-1.,0.));
#2093 = ( GEOMETRIC_REPRESENTATION_CONTEXT(2) 
PARAMETRIC_REPRESENTATION_CONTEXT() REPRESENTATION_CONTEXT('2D SPACE',''
  ) );
#2094 = PCURVE('',#1988,#2095);
#2095 = DEFINITIONAL_REPRESENTATION('',(#2096),#2100);
#2096 = LINE('',#2097,#2098);
#2097 = CARTESIAN_POINT('',(3.14159265359,-5.));
#2098 = VECTOR('',#2099,1.);
#2099 = DIRECTION('',(1.,0.));
#2100 = ( GEOMETRIC_REPRESENTATION_CONTEXT(2) 
PARAMETRIC_REPRESENTATION_CONTEXT() REPRESENTATION_CONTEXT('2D SPACE',''
  ) );
#2101 = ORIENTED_EDGE('',*,*,#2102,.F.);
#2102 = EDGE_CURVE('',#2103,#2079,#2105,.T.);
#2103 = VERTEX_POINT('',#2104);
#2104 = CARTESIAN_POINT('',(-15.9158733523,-5.973690269299,-146.45561));
#2105 = SURFACE_CURVE('',#2106,(#2111,#2140),.PCURVE_S1.);
#2106 = B_SPLINE_CURVE_WITH_KNOTS('',3,(#2107,#2108,#2109,#2110),
  .UNSPECIFIED.,.F.,.F.,(4,4),(0.,7.611422541626E-03),
  .PIECEWISE_BEZIER_KNOTS.);
#2107 = CARTESIAN_POINT('',(-15.9158733523,-5.973690269299,-146.45561));
#2108 = CARTESIAN_POINT('',(-17.81601948378,-5.525677732863,
    -148.0771510029));
#2109 = CARTESIAN_POINT('',(-19.66816199411,-5.088983391231,
    -149.755299313));
#2110 = CARTESIAN_POINT('',(-21.50151056438,-4.65672024603,-151.45561));
#2111 = PCURVE('',#2018,#2112);
#2112 = DEFINITIONAL_REPRESENTATION('',(#2113),#2139);
#2113 = B_SPLINE_CURVE_WITH_KNOTS('',3,(#2114,#2115,#2116,#2117,#2118,
    #2119,#2120,#2121,#2122,#2123,#2124,#2125,#2126,#2127,#2128,#2129,
    #2130,#2131,#2132,#2133,#2134,#2135,#2136,#2137,#2138),
  .UNSPECIFIED.,.F.,.F.,(4,1,1,1,1,1,1,1,1,1,1,1,1,1,1,1,1,1,1,1,1,1,4),
  (0.,3.459737518921E-04,6.919475037842E-04,1.037921255676E-03,
    1.383895007568E-03,1.72986875946E-03,2.075842511353E-03,
    2.421816263245E-03,2.767790015137E-03,3.113763767029E-03,
    3.459737518921E-03,3.805711270813E-03,4.151685022705E-03,
    4.497658774597E-03,4.843632526489E-03,5.189606278381E-03,
    5.535580030273E-03,5.881553782166E-03,6.227527534058E-03,
    6.57350128595E-03,6.919475037842E-03,7.265448789734E-03,
    7.611422541626E-03),.QUASI_UNIFORM_KNOTS.);
#2114 = CARTESIAN_POINT('',(5.92412615046,-4.298783551349E-13));
#2115 = CARTESIAN_POINT('',(5.927032911007,7.370653999097E-02));
#2116 = CARTESIAN_POINT('',(5.932764265668,0.221366900204));
#2117 = CARTESIAN_POINT('',(5.941123794759,0.443569479011));
#2118 = CARTESIAN_POINT('',(5.949254970453,0.666453700099));
#2119 = CARTESIAN_POINT('',(5.95716640638,0.889991246279));
#2120 = CARTESIAN_POINT('',(5.964866384707,1.114155050616));
#2121 = CARTESIAN_POINT('',(5.97236282088,1.338919412843));
#2122 = CARTESIAN_POINT('',(5.979663292195,1.564259869));
#2123 = CARTESIAN_POINT('',(5.986775048814,1.790153133305));
#2124 = CARTESIAN_POINT('',(5.993705028967,2.016577026429));
#2125 = CARTESIAN_POINT('',(6.000459872479,2.243510412822));
#2126 = CARTESIAN_POINT('',(6.007045934155,2.470933140688));
#2127 = CARTESIAN_POINT('',(6.013469296601,2.698825986026));
#2128 = CARTESIAN_POINT('',(6.019735782583,2.927170600035));
#2129 = CARTESIAN_POINT('',(6.025850966882,3.155949459821));
#2130 = CARTESIAN_POINT('',(6.031820187673,3.385145822112));
#2131 = CARTESIAN_POINT('',(6.037648557398,3.614743679937));
#2132 = CARTESIAN_POINT('',(6.043340973285,3.844727721562));
#2133 = CARTESIAN_POINT('',(6.048902126907,4.075083293483));
#2134 = CARTESIAN_POINT('',(6.054336515185,4.305796359937));
#2135 = CARTESIAN_POINT('',(6.059648443893,4.536853486318));
#2136 = CARTESIAN_POINT('',(6.064842057064,4.768241743573));
#2137 = CARTESIAN_POINT('',(6.068228197537,4.922713192572));
#2138 = CARTESIAN_POINT('',(6.069902863874,4.999999999986));
#2139 = ( GEOMETRIC_REPRESENTATION_CONTEXT(2) 
PARAMETRIC_REPRESENTATION_CONTEXT() REPRESENTATION_CONTEXT('2D SPACE',''
  ) );
#2140 = PCURVE('',#676,#2141);
#2141 = DEFINITIONAL_REPRESENTATION('',(#2142),#2147);
#2142 = B_SPLINE_CURVE_WITH_KNOTS('',3,(#2143,#2144,#2145,#2146),
  .UNSPECIFIED.,.F.,.F.,(4,4),(0.,7.611422541626E-03),
  .PIECEWISE_BEZIER_KNOTS.);
#2143 = CARTESIAN_POINT('',(1.372820221556,-0.82078));
#2144 = CARTESIAN_POINT('',(3.325067786232,-2.4423210029));
#2145 = CARTESIAN_POINT('',(5.22799548496,-4.120469313));
#2146 = CARTESIAN_POINT('',(7.111613919465,-5.82078));
#2147 = ( GEOMETRIC_REPRESENTATION_CONTEXT(2) 
PARAMETRIC_REPRESENTATION_CONTEXT() REPRESENTATION_CONTEXT('2D SPACE',''
  ) );
#2148 = ORIENTED_EDGE('',*,*,#2149,.F.);
#2149 = EDGE_CURVE('',#2001,#2103,#2150,.T.);
#2150 = SURFACE_CURVE('',#2151,(#2156,#2163),.PCURVE_S1.);
#2151 = CIRCLE('',#2152,17.);
#2152 = AXIS2_PLACEMENT_3D('',#2153,#2154,#2155);
#2153 = CARTESIAN_POINT('',(0.,0.,-146.45561));
#2154 = DIRECTION('',(0.,0.,1.));
#2155 = DIRECTION('',(1.,0.,0.));
#2156 = PCURVE('',#2018,#2157);
#2157 = DEFINITIONAL_REPRESENTATION('',(#2158),#2162);
#2158 = LINE('',#2159,#2160);
#2159 = CARTESIAN_POINT('',(9.424777960769,0.));
#2160 = VECTOR('',#2161,1.);
#2161 = DIRECTION('',(-1.,0.));
#2162 = ( GEOMETRIC_REPRESENTATION_CONTEXT(2) 
PARAMETRIC_REPRESENTATION_CONTEXT() REPRESENTATION_CONTEXT('2D SPACE',''
  ) );
#2163 = PCURVE('',#146,#2164);
#2164 = DEFINITIONAL_REPRESENTATION('',(#2165),#2169);
#2165 = CIRCLE('',#2166,17.);
#2166 = AXIS2_PLACEMENT_2D('',#2167,#2168);
#2167 = CARTESIAN_POINT('',(0.,0.));
#2168 = DIRECTION('',(1.,0.));
#2169 = ( GEOMETRIC_REPRESENTATION_CONTEXT(2) 
PARAMETRIC_REPRESENTATION_CONTEXT() REPRESENTATION_CONTEXT('2D SPACE',''
  ) );
#2170 = ADVANCED_FACE('',(#2171),#1988,.T.);
#2171 = FACE_BOUND('',#2172,.T.);
#2172 = EDGE_LOOP('',(#2173,#2174,#2198,#2219));
#2173 = ORIENTED_EDGE('',*,*,#1972,.T.);
#2174 = ORIENTED_EDGE('',*,*,#2175,.T.);
#2175 = EDGE_CURVE('',#1926,#2176,#2178,.T.);
#2176 = VERTEX_POINT('',#2177);
#2177 = CARTESIAN_POINT('',(-21.50151056438,-4.65672024603,-161.45561));
#2178 = SURFACE_CURVE('',#2179,(#2184,#2191),.PCURVE_S1.);
#2179 = CIRCLE('',#2180,22.);
#2180 = AXIS2_PLACEMENT_3D('',#2181,#2182,#2183);
#2181 = CARTESIAN_POINT('',(0.,0.,-161.45561));
#2182 = DIRECTION('',(0.,0.,1.));
#2183 = DIRECTION('',(1.,0.,0.));
#2184 = PCURVE('',#1988,#2185);
#2185 = DEFINITIONAL_REPRESENTATION('',(#2186),#2190);
#2186 = LINE('',#2187,#2188);
#2187 = CARTESIAN_POINT('',(3.14159265359,-15.));
#2188 = VECTOR('',#2189,1.);
#2189 = DIRECTION('',(1.,0.));
#2190 = ( GEOMETRIC_REPRESENTATION_CONTEXT(2) 
PARAMETRIC_REPRESENTATION_CONTEXT() REPRESENTATION_CONTEXT('2D SPACE',''
  ) );
#2191 = PCURVE('',#705,#2192);
#2192 = DEFINITIONAL_REPRESENTATION('',(#2193),#2197);
#2193 = LINE('',#2194,#2195);
#2194 = CARTESIAN_POINT('',(0.,0.));
#2195 = VECTOR('',#2196,1.);
#2196 = DIRECTION('',(1.,0.));
#2197 = ( GEOMETRIC_REPRESENTATION_CONTEXT(2) 
PARAMETRIC_REPRESENTATION_CONTEXT() REPRESENTATION_CONTEXT('2D SPACE',''
  ) );
#2198 = ORIENTED_EDGE('',*,*,#2199,.F.);
#2199 = EDGE_CURVE('',#2079,#2176,#2200,.T.);
#2200 = SURFACE_CURVE('',#2201,(#2205,#2212),.PCURVE_S1.);
#2201 = LINE('',#2202,#2203);
#2202 = CARTESIAN_POINT('',(-21.50151056438,-4.65672024603,-146.45561));
#2203 = VECTOR('',#2204,1.);
#2204 = DIRECTION('',(0.,0.,-1.));
#2205 = PCURVE('',#1988,#2206);
#2206 = DEFINITIONAL_REPRESENTATION('',(#2207),#2211);
#2207 = LINE('',#2208,#2209);
#2208 = CARTESIAN_POINT('',(6.496467750485,0.));
#2209 = VECTOR('',#2210,1.);
#2210 = DIRECTION('',(0.,-1.));
#2211 = ( GEOMETRIC_REPRESENTATION_CONTEXT(2) 
PARAMETRIC_REPRESENTATION_CONTEXT() REPRESENTATION_CONTEXT('2D SPACE',''
  ) );
#2212 = PCURVE('',#676,#2213);
#2213 = DEFINITIONAL_REPRESENTATION('',(#2214),#2218);
#2214 = LINE('',#2215,#2216);
#2215 = CARTESIAN_POINT('',(7.111613919465,-0.82078));
#2216 = VECTOR('',#2217,1.);
#2217 = DIRECTION('',(0.,-1.));
#2218 = ( GEOMETRIC_REPRESENTATION_CONTEXT(2) 
PARAMETRIC_REPRESENTATION_CONTEXT() REPRESENTATION_CONTEXT('2D SPACE',''
  ) );
#2219 = ORIENTED_EDGE('',*,*,#2078,.F.);
#2220 = ADVANCED_FACE('',(#2221),#705,.T.);
#2221 = FACE_BOUND('',#2222,.T.);
#2222 = EDGE_LOOP('',(#2223,#2224,#2225,#2270));
#2223 = ORIENTED_EDGE('',*,*,#1925,.F.);
#2224 = ORIENTED_EDGE('',*,*,#688,.T.);
#2225 = ORIENTED_EDGE('',*,*,#2226,.F.);
#2226 = EDGE_CURVE('',#2176,#661,#2227,.T.);
#2227 = SURFACE_CURVE('',#2228,(#2233,#2262),.PCURVE_S1.);
#2228 = B_SPLINE_CURVE_WITH_KNOTS('',3,(#2229,#2230,#2231,#2232),
  .UNSPECIFIED.,.F.,.F.,(4,4),(0.,7.611422541626E-03),
  .PIECEWISE_BEZIER_KNOTS.);
#2229 = CARTESIAN_POINT('',(-21.50151056438,-4.65672024603,-161.45561));
#2230 = CARTESIAN_POINT('',(-19.66816199411,-5.088983391231,
    -163.1559206869));
#2231 = CARTESIAN_POINT('',(-17.81601948378,-5.525677732863,
    -164.834068997));
#2232 = CARTESIAN_POINT('',(-15.9158733523,-5.973690269299,-166.45561));
#2233 = PCURVE('',#705,#2234);
#2234 = DEFINITIONAL_REPRESENTATION('',(#2235),#2261);
#2235 = B_SPLINE_CURVE_WITH_KNOTS('',3,(#2236,#2237,#2238,#2239,#2240,
    #2241,#2242,#2243,#2244,#2245,#2246,#2247,#2248,#2249,#2250,#2251,
    #2252,#2253,#2254,#2255,#2256,#2257,#2258,#2259,#2260),
  .UNSPECIFIED.,.F.,.F.,(4,1,1,1,1,1,1,1,1,1,1,1,1,1,1,1,1,1,1,1,1,1,4),
  (0.,3.459737518921E-04,6.919475037842E-04,1.037921255676E-03,
    1.383895007568E-03,1.72986875946E-03,2.075842511353E-03,
    2.421816263245E-03,2.767790015137E-03,3.113763767029E-03,
    3.459737518921E-03,3.805711270813E-03,4.151685022705E-03,
    4.497658774597E-03,4.843632526489E-03,5.189606278381E-03,
    5.535580030273E-03,5.881553782166E-03,6.227527534058E-03,
    6.57350128595E-03,6.919475037842E-03,7.265448789734E-03,
    7.611422541626E-03),.QUASI_UNIFORM_KNOTS.);
#2236 = CARTESIAN_POINT('',(3.354875096896,-7.904787935331E-13));
#2237 = CARTESIAN_POINT('',(3.356549763232,-7.728680741329E-02));
#2238 = CARTESIAN_POINT('',(3.359935903705,-0.231758256408));
#2239 = CARTESIAN_POINT('',(3.365129516877,-0.463146513656));
#2240 = CARTESIAN_POINT('',(3.370441445584,-0.694203640032));
#2241 = CARTESIAN_POINT('',(3.375875833862,-0.924916706481));
#2242 = CARTESIAN_POINT('',(3.381436987484,-1.155272278399));
#2243 = CARTESIAN_POINT('',(3.387129403371,-1.38525632002));
#2244 = CARTESIAN_POINT('',(3.392957773096,-1.614854177842));
#2245 = CARTESIAN_POINT('',(3.398926993888,-1.844050540131));
#2246 = CARTESIAN_POINT('',(3.405042178186,-2.072829399916));
#2247 = CARTESIAN_POINT('',(3.411308664168,-2.301174013924));
#2248 = CARTESIAN_POINT('',(3.417732026615,-2.529066859261));
#2249 = CARTESIAN_POINT('',(3.424318088291,-2.756489587128));
#2250 = CARTESIAN_POINT('',(3.431072931802,-2.983422973522));
#2251 = CARTESIAN_POINT('',(3.438002911956,-3.209846866647));
#2252 = CARTESIAN_POINT('',(3.445114668575,-3.435740130954));
#2253 = CARTESIAN_POINT('',(3.45241513989,-3.661080587114));
#2254 = CARTESIAN_POINT('',(3.459911576062,-3.885844949345));
#2255 = CARTESIAN_POINT('',(3.46761155439,-4.110008753686));
#2256 = CARTESIAN_POINT('',(3.475522990316,-4.33354629987));
#2257 = CARTESIAN_POINT('',(3.483654166011,-4.556430520964));
#2258 = CARTESIAN_POINT('',(3.492013695102,-4.778633099777));
#2259 = CARTESIAN_POINT('',(3.497745049762,-4.926293459994));
#2260 = CARTESIAN_POINT('',(3.500651810309,-4.999999999988));
#2261 = ( GEOMETRIC_REPRESENTATION_CONTEXT(2) 
PARAMETRIC_REPRESENTATION_CONTEXT() REPRESENTATION_CONTEXT('2D SPACE',''
  ) );
#2262 = PCURVE('',#676,#2263);
#2263 = DEFINITIONAL_REPRESENTATION('',(#2264),#2269);
#2264 = B_SPLINE_CURVE_WITH_KNOTS('',3,(#2265,#2266,#2267,#2268),
  .UNSPECIFIED.,.F.,.F.,(4,4),(0.,7.611422541626E-03),
  .PIECEWISE_BEZIER_KNOTS.);
#2265 = CARTESIAN_POINT('',(7.111613919465,-15.82078));
#2266 = CARTESIAN_POINT('',(5.22799548496,-17.5210906869));
#2267 = CARTESIAN_POINT('',(3.325067786232,-19.199238997));
#2268 = CARTESIAN_POINT('',(1.372820221556,-20.82078));
#2269 = ( GEOMETRIC_REPRESENTATION_CONTEXT(2) 
PARAMETRIC_REPRESENTATION_CONTEXT() REPRESENTATION_CONTEXT('2D SPACE',''
  ) );
#2270 = ORIENTED_EDGE('',*,*,#2175,.F.);
#2271 = ADVANCED_FACE('',(#2272),#676,.F.);
#2272 = FACE_BOUND('',#2273,.T.);
#2273 = EDGE_LOOP('',(#2274,#2275,#2276,#2277,#2300,#2321));
#2274 = ORIENTED_EDGE('',*,*,#2199,.T.);
#2275 = ORIENTED_EDGE('',*,*,#2226,.T.);
#2276 = ORIENTED_EDGE('',*,*,#660,.T.);
#2277 = ORIENTED_EDGE('',*,*,#2278,.F.);
#2278 = EDGE_CURVE('',#2279,#632,#2281,.T.);
#2279 = VERTEX_POINT('',#2280);
#2280 = CARTESIAN_POINT('',(-15.51176469359,-6.068970175504,-146.45561)
  );
#2281 = SURFACE_CURVE('',#2282,(#2286,#2293),.PCURVE_S1.);
#2282 = LINE('',#2283,#2284);
#2283 = CARTESIAN_POINT('',(-15.51176469359,-6.068970175504,-145.63483)
  );
#2284 = VECTOR('',#2285,1.);
#2285 = DIRECTION('',(0.,0.,-1.));
#2286 = PCURVE('',#676,#2287);
#2287 = DEFINITIONAL_REPRESENTATION('',(#2288),#2292);
#2288 = LINE('',#2289,#2290);
#2289 = CARTESIAN_POINT('',(0.957631025441,0.));
#2290 = VECTOR('',#2291,1.);
#2291 = DIRECTION('',(0.,-1.));
#2292 = ( GEOMETRIC_REPRESENTATION_CONTEXT(2) 
PARAMETRIC_REPRESENTATION_CONTEXT() REPRESENTATION_CONTEXT('2D SPACE',''
  ) );
#2293 = PCURVE('',#648,#2294);
#2294 = DEFINITIONAL_REPRESENTATION('',(#2295),#2299);
#2295 = LINE('',#2296,#2297);
#2296 = CARTESIAN_POINT('',(0.297373824656,0.));
#2297 = VECTOR('',#2298,1.);
#2298 = DIRECTION('',(0.,-1.));
#2299 = ( GEOMETRIC_REPRESENTATION_CONTEXT(2) 
PARAMETRIC_REPRESENTATION_CONTEXT() REPRESENTATION_CONTEXT('2D SPACE',''
  ) );
#2300 = ORIENTED_EDGE('',*,*,#2301,.T.);
#2301 = EDGE_CURVE('',#2279,#2103,#2302,.T.);
#2302 = SURFACE_CURVE('',#2303,(#2307,#2314),.PCURVE_S1.);
#2303 = LINE('',#2304,#2305);
#2304 = CARTESIAN_POINT('',(-2.172476774918,-9.214079972941,-146.45561)
  );
#2305 = VECTOR('',#2306,1.);
#2306 = DIRECTION('',(-0.973312076738,0.229485514307,0.));
#2307 = PCURVE('',#676,#2308);
#2308 = DEFINITIONAL_REPRESENTATION('',(#2309),#2313);
#2309 = LINE('',#2310,#2311);
#2310 = CARTESIAN_POINT('',(-12.74741614029,-0.82078));
#2311 = VECTOR('',#2312,1.);
#2312 = DIRECTION('',(1.,0.));
#2313 = ( GEOMETRIC_REPRESENTATION_CONTEXT(2) 
PARAMETRIC_REPRESENTATION_CONTEXT() REPRESENTATION_CONTEXT('2D SPACE',''
  ) );
#2314 = PCURVE('',#146,#2315);
#2315 = DEFINITIONAL_REPRESENTATION('',(#2316),#2320);
#2316 = LINE('',#2317,#2318);
#2317 = CARTESIAN_POINT('',(-2.172476774918,-9.214079972941));
#2318 = VECTOR('',#2319,1.);
#2319 = DIRECTION('',(-0.973312076738,0.229485514307));
#2320 = ( GEOMETRIC_REPRESENTATION_CONTEXT(2) 
PARAMETRIC_REPRESENTATION_CONTEXT() REPRESENTATION_CONTEXT('2D SPACE',''
  ) );
#2321 = ORIENTED_EDGE('',*,*,#2102,.T.);
#2322 = ADVANCED_FACE('',(#2323),#648,.T.);
#2323 = FACE_BOUND('',#2324,.T.);
#2324 = EDGE_LOOP('',(#2325,#2349,#2350,#2351));
#2325 = ORIENTED_EDGE('',*,*,#2326,.F.);
#2326 = EDGE_CURVE('',#2279,#2327,#2329,.T.);
#2327 = VERTEX_POINT('',#2328);
#2328 = CARTESIAN_POINT('',(-13.01176469359,-10.39909719442,-146.45561)
  );
#2329 = SURFACE_CURVE('',#2330,(#2335,#2342),.PCURVE_S1.);
#2330 = CIRCLE('',#2331,11.1457735);
#2331 = AXIS2_PLACEMENT_3D('',#2332,#2333,#2334);
#2332 = CARTESIAN_POINT('',(-4.855187193016,-2.803143632854,-146.45561)
  );
#2333 = DIRECTION('',(0.,0.,1.));
#2334 = DIRECTION('',(1.,0.,0.));
#2335 = PCURVE('',#648,#2336);
#2336 = DEFINITIONAL_REPRESENTATION('',(#2337),#2341);
#2337 = LINE('',#2338,#2339);
#2338 = CARTESIAN_POINT('',(-3.14159265359,-0.82078));
#2339 = VECTOR('',#2340,1.);
#2340 = DIRECTION('',(1.,0.));
#2341 = ( GEOMETRIC_REPRESENTATION_CONTEXT(2) 
PARAMETRIC_REPRESENTATION_CONTEXT() REPRESENTATION_CONTEXT('2D SPACE',''
  ) );
#2342 = PCURVE('',#146,#2343);
#2343 = DEFINITIONAL_REPRESENTATION('',(#2344),#2348);
#2344 = CIRCLE('',#2345,11.1457735);
#2345 = AXIS2_PLACEMENT_2D('',#2346,#2347);
#2346 = CARTESIAN_POINT('',(-4.855187193016,-2.803143632854));
#2347 = DIRECTION('',(1.,0.));
#2348 = ( GEOMETRIC_REPRESENTATION_CONTEXT(2) 
PARAMETRIC_REPRESENTATION_CONTEXT() REPRESENTATION_CONTEXT('2D SPACE',''
  ) );
#2349 = ORIENTED_EDGE('',*,*,#2278,.T.);
#2350 = ORIENTED_EDGE('',*,*,#631,.T.);
#2351 = ORIENTED_EDGE('',*,*,#2352,.F.);
#2352 = EDGE_CURVE('',#2327,#604,#2353,.T.);
#2353 = SURFACE_CURVE('',#2354,(#2358,#2365),.PCURVE_S1.);
#2354 = LINE('',#2355,#2356);
#2355 = CARTESIAN_POINT('',(-13.01176469359,-10.39909719442,-145.63483)
  );
#2356 = VECTOR('',#2357,1.);
#2357 = DIRECTION('',(0.,0.,-1.));
#2358 = PCURVE('',#648,#2359);
#2359 = DEFINITIONAL_REPRESENTATION('',(#2360),#2364);
#2360 = LINE('',#2361,#2362);
#2361 = CARTESIAN_POINT('',(0.749823726541,0.));
#2362 = VECTOR('',#2363,1.);
#2363 = DIRECTION('',(0.,-1.));
#2364 = ( GEOMETRIC_REPRESENTATION_CONTEXT(2) 
PARAMETRIC_REPRESENTATION_CONTEXT() REPRESENTATION_CONTEXT('2D SPACE',''
  ) );
#2365 = PCURVE('',#619,#2366);
#2366 = DEFINITIONAL_REPRESENTATION('',(#2367),#2371);
#2367 = LINE('',#2368,#2369);
#2368 = CARTESIAN_POINT('',(-0.163490794123,0.));
#2369 = VECTOR('',#2370,1.);
#2370 = DIRECTION('',(0.,-1.));
#2371 = ( GEOMETRIC_REPRESENTATION_CONTEXT(2) 
PARAMETRIC_REPRESENTATION_CONTEXT() REPRESENTATION_CONTEXT('2D SPACE',''
  ) );
#2372 = ADVANCED_FACE('',(#2373),#619,.F.);
#2373 = FACE_BOUND('',#2374,.T.);
#2374 = EDGE_LOOP('',(#2375,#2376,#2423,#2451,#2503,#2524));
#2375 = ORIENTED_EDGE('',*,*,#603,.T.);
#2376 = ORIENTED_EDGE('',*,*,#2377,.T.);
#2377 = EDGE_CURVE('',#575,#2378,#2380,.T.);
#2378 = VERTEX_POINT('',#2379);
#2379 = CARTESIAN_POINT('',(-14.78359331357,-16.29249424547,-161.45561)
  );
#2380 = SURFACE_CURVE('',#2381,(#2386,#2394),.PCURVE_S1.);
#2381 = B_SPLINE_CURVE_WITH_KNOTS('',3,(#2382,#2383,#2384,#2385),
  .UNSPECIFIED.,.F.,.F.,(4,4),(0.,7.611422541626E-03),
  .PIECEWISE_BEZIER_KNOTS.);
#2382 = CARTESIAN_POINT('',(-13.1313042037,-10.79670551185,-166.45561));
#2383 = CARTESIAN_POINT('',(-13.69338703167,-12.66628660084,
    -164.834068997));
#2384 = CARTESIAN_POINT('',(-14.2412698933,-14.48863623703,
    -163.1559206869));
#2385 = CARTESIAN_POINT('',(-14.78359331357,-16.29249424547,-161.45561)
  );
#2386 = PCURVE('',#619,#2387);
#2387 = DEFINITIONAL_REPRESENTATION('',(#2388),#2393);
#2388 = B_SPLINE_CURVE_WITH_KNOTS('',3,(#2389,#2390,#2391,#2392),
  .UNSPECIFIED.,.F.,.F.,(4,4),(0.,7.611422541626E-03),
  .PIECEWISE_BEZIER_KNOTS.);
#2389 = CARTESIAN_POINT('',(-0.578679990233,-20.82078));
#2390 = CARTESIAN_POINT('',(-2.530927554915,-19.199238997));
#2391 = CARTESIAN_POINT('',(-4.433855253644,-17.5210906869));
#2392 = CARTESIAN_POINT('',(-6.317473688144,-15.82078));
#2393 = ( GEOMETRIC_REPRESENTATION_CONTEXT(2) 
PARAMETRIC_REPRESENTATION_CONTEXT() REPRESENTATION_CONTEXT('2D SPACE',''
  ) );
#2394 = PCURVE('',#591,#2395);
#2395 = DEFINITIONAL_REPRESENTATION('',(#2396),#2422);
#2396 = B_SPLINE_CURVE_WITH_KNOTS('',3,(#2397,#2398,#2399,#2400,#2401,
    #2402,#2403,#2404,#2405,#2406,#2407,#2408,#2409,#2410,#2411,#2412,
    #2413,#2414,#2415,#2416,#2417,#2418,#2419,#2420,#2421),
  .UNSPECIFIED.,.F.,.F.,(4,1,1,1,1,1,1,1,1,1,1,1,1,1,1,1,1,1,1,1,1,1,4),
  (0.,3.459737518921E-04,6.919475037842E-04,1.037921255676E-03,
    1.383895007568E-03,1.72986875946E-03,2.075842511352E-03,
    2.421816263245E-03,2.767790015137E-03,3.113763767029E-03,
    3.459737518921E-03,3.805711270813E-03,4.151685022705E-03,
    4.497658774597E-03,4.843632526489E-03,5.189606278381E-03,
    5.535580030273E-03,5.881553782165E-03,6.227527534057E-03,
    6.57350128595E-03,6.919475037842E-03,7.265448789734E-03,
    7.611422541626E-03),.UNSPECIFIED.);
#2397 = CARTESIAN_POINT('',(3.829731048067,-4.999999999987));
#2398 = CARTESIAN_POINT('',(3.832637808614,-4.926293459994));
#2399 = CARTESIAN_POINT('',(3.838369163275,-4.778633099779));
#2400 = CARTESIAN_POINT('',(3.846728692366,-4.556430520968));
#2401 = CARTESIAN_POINT('',(3.85485986806,-4.333546299876));
#2402 = CARTESIAN_POINT('',(3.862771303987,-4.110008753693));
#2403 = CARTESIAN_POINT('',(3.870471282314,-3.885844949353));
#2404 = CARTESIAN_POINT('',(3.877967718487,-3.661080587123));
#2405 = CARTESIAN_POINT('',(3.885268189802,-3.435740130963));
#2406 = CARTESIAN_POINT('',(3.892379946421,-3.209846866656));
#2407 = CARTESIAN_POINT('',(3.899309926574,-2.983422973531));
#2408 = CARTESIAN_POINT('',(3.906064770086,-2.756489587137));
#2409 = CARTESIAN_POINT('',(3.912650831761,-2.529066859269));
#2410 = CARTESIAN_POINT('',(3.919074194208,-2.301174013931));
#2411 = CARTESIAN_POINT('',(3.92534068019,-2.072829399922));
#2412 = CARTESIAN_POINT('',(3.931455864488,-1.844050540137));
#2413 = CARTESIAN_POINT('',(3.93742508528,-1.614854177847));
#2414 = CARTESIAN_POINT('',(3.943253455005,-1.385256320024));
#2415 = CARTESIAN_POINT('',(3.948945870892,-1.155272278401));
#2416 = CARTESIAN_POINT('',(3.954507024514,-0.924916706483));
#2417 = CARTESIAN_POINT('',(3.959941412792,-0.694203640033));
#2418 = CARTESIAN_POINT('',(3.9652533415,-0.463146513656));
#2419 = CARTESIAN_POINT('',(3.970446954671,-0.231758256407));
#2420 = CARTESIAN_POINT('',(3.973833095144,-7.728680741259E-02));
#2421 = CARTESIAN_POINT('',(3.975507761481,0.));
#2422 = ( GEOMETRIC_REPRESENTATION_CONTEXT(2) 
PARAMETRIC_REPRESENTATION_CONTEXT() REPRESENTATION_CONTEXT('2D SPACE',''
  ) );
#2423 = ORIENTED_EDGE('',*,*,#2424,.F.);
#2424 = EDGE_CURVE('',#2425,#2378,#2427,.T.);
#2425 = VERTEX_POINT('',#2426);
#2426 = CARTESIAN_POINT('',(-14.78359331357,-16.29249424547,-151.45561)
  );
#2427 = SURFACE_CURVE('',#2428,(#2432,#2439),.PCURVE_S1.);
#2428 = LINE('',#2429,#2430);
#2429 = CARTESIAN_POINT('',(-14.78359331357,-16.29249424547,-146.45561)
  );
#2430 = VECTOR('',#2431,1.);
#2431 = DIRECTION('',(0.,0.,-1.));
#2432 = PCURVE('',#619,#2433);
#2433 = DEFINITIONAL_REPRESENTATION('',(#2434),#2438);
#2434 = LINE('',#2435,#2436);
#2435 = CARTESIAN_POINT('',(-6.317473688144,-0.82078));
#2436 = VECTOR('',#2437,1.);
#2437 = DIRECTION('',(0.,-1.));
#2438 = ( GEOMETRIC_REPRESENTATION_CONTEXT(2) 
PARAMETRIC_REPRESENTATION_CONTEXT() REPRESENTATION_CONTEXT('2D SPACE',''
  ) );
#2439 = PCURVE('',#2440,#2445);
#2440 = CYLINDRICAL_SURFACE('',#2441,22.);
#2441 = AXIS2_PLACEMENT_3D('',#2442,#2443,#2444);
#2442 = CARTESIAN_POINT('',(0.,0.,-146.45561));
#2443 = DIRECTION('',(0.,0.,1.));
#2444 = DIRECTION('',(-1.,0.,0.));
#2445 = DEFINITIONAL_REPRESENTATION('',(#2446),#2450);
#2446 = LINE('',#2447,#2448);
#2447 = CARTESIAN_POINT('',(0.833915107891,0.));
#2448 = VECTOR('',#2449,1.);
#2449 = DIRECTION('',(0.,-1.));
#2450 = ( GEOMETRIC_REPRESENTATION_CONTEXT(2) 
PARAMETRIC_REPRESENTATION_CONTEXT() REPRESENTATION_CONTEXT('2D SPACE',''
  ) );
#2451 = ORIENTED_EDGE('',*,*,#2452,.T.);
#2452 = EDGE_CURVE('',#2425,#2453,#2455,.T.);
#2453 = VERTEX_POINT('',#2454);
#2454 = CARTESIAN_POINT('',(-13.1313042037,-10.79670551185,-146.45561));
#2455 = SURFACE_CURVE('',#2456,(#2461,#2469),.PCURVE_S1.);
#2456 = B_SPLINE_CURVE_WITH_KNOTS('',3,(#2457,#2458,#2459,#2460),
  .UNSPECIFIED.,.F.,.F.,(4,4),(0.,7.611422541626E-03),
  .PIECEWISE_BEZIER_KNOTS.);
#2457 = CARTESIAN_POINT('',(-14.78359331357,-16.29249424547,-151.45561)
  );
#2458 = CARTESIAN_POINT('',(-14.2412698933,-14.48863623703,
    -149.755299313));
#2459 = CARTESIAN_POINT('',(-13.69338703167,-12.66628660084,
    -148.0771510029));
#2460 = CARTESIAN_POINT('',(-13.1313042037,-10.79670551185,-146.45561));
#2461 = PCURVE('',#619,#2462);
#2462 = DEFINITIONAL_REPRESENTATION('',(#2463),#2468);
#2463 = B_SPLINE_CURVE_WITH_KNOTS('',3,(#2464,#2465,#2466,#2467),
  .UNSPECIFIED.,.F.,.F.,(4,4),(0.,7.611422541626E-03),
  .PIECEWISE_BEZIER_KNOTS.);
#2464 = CARTESIAN_POINT('',(-6.317473688144,-5.82078));
#2465 = CARTESIAN_POINT('',(-4.433855253644,-4.120469313));
#2466 = CARTESIAN_POINT('',(-2.530927554915,-2.4423210029));
#2467 = CARTESIAN_POINT('',(-0.578679990233,-0.82078));
#2468 = ( GEOMETRIC_REPRESENTATION_CONTEXT(2) 
PARAMETRIC_REPRESENTATION_CONTEXT() REPRESENTATION_CONTEXT('2D SPACE',''
  ) );
#2469 = PCURVE('',#2470,#2475);
#2470 = CONICAL_SURFACE('',#2471,17.,0.7853981634);
#2471 = AXIS2_PLACEMENT_3D('',#2472,#2473,#2474);
#2472 = CARTESIAN_POINT('',(0.,0.,-146.45561));
#2473 = DIRECTION('',(0.,0.,-1.));
#2474 = DIRECTION('',(-1.,0.,0.));
#2475 = DEFINITIONAL_REPRESENTATION('',(#2476),#2502);
#2476 = B_SPLINE_CURVE_WITH_KNOTS('',3,(#2477,#2478,#2479,#2480,#2481,
    #2482,#2483,#2484,#2485,#2486,#2487,#2488,#2489,#2490,#2491,#2492,
    #2493,#2494,#2495,#2496,#2497,#2498,#2499,#2500,#2501),
  .UNSPECIFIED.,.F.,.F.,(4,1,1,1,1,1,1,1,1,1,1,1,1,1,1,1,1,1,1,1,1,1,4),
  (0.,3.459737518921E-04,6.919475037842E-04,1.037921255676E-03,
    1.383895007568E-03,1.72986875946E-03,2.075842511353E-03,
    2.421816263245E-03,2.767790015137E-03,3.113763767029E-03,
    3.459737518921E-03,3.805711270813E-03,4.151685022705E-03,
    4.497658774597E-03,4.843632526489E-03,5.189606278381E-03,
    5.535580030273E-03,5.881553782166E-03,6.227527534058E-03,
    6.57350128595E-03,6.919475037842E-03,7.265448789734E-03,
    7.611422541626E-03),.QUASI_UNIFORM_KNOTS.);
#2477 = CARTESIAN_POINT('',(5.449270199289,4.999999999984));
#2478 = CARTESIAN_POINT('',(5.450944865626,4.922713192569));
#2479 = CARTESIAN_POINT('',(5.454331006099,4.768241743571));
#2480 = CARTESIAN_POINT('',(5.45952461927,4.536853486316));
#2481 = CARTESIAN_POINT('',(5.464836547977,4.305796359935));
#2482 = CARTESIAN_POINT('',(5.470270936255,4.075083293482));
#2483 = CARTESIAN_POINT('',(5.475832089878,3.844727721561));
#2484 = CARTESIAN_POINT('',(5.481524505764,3.614743679936));
#2485 = CARTESIAN_POINT('',(5.487352875489,3.385145822111));
#2486 = CARTESIAN_POINT('',(5.493322096281,3.15594945982));
#2487 = CARTESIAN_POINT('',(5.499437280579,2.927170600033));
#2488 = CARTESIAN_POINT('',(5.505703766561,2.698825986025));
#2489 = CARTESIAN_POINT('',(5.512127129008,2.470933140687));
#2490 = CARTESIAN_POINT('',(5.518713190684,2.24351041282));
#2491 = CARTESIAN_POINT('',(5.525468034196,2.016577026427));
#2492 = CARTESIAN_POINT('',(5.532398014349,1.790153133303));
#2493 = CARTESIAN_POINT('',(5.539509770968,1.564259868998));
#2494 = CARTESIAN_POINT('',(5.546810242283,1.338919412841));
#2495 = CARTESIAN_POINT('',(5.554306678456,1.114155050613));
#2496 = CARTESIAN_POINT('',(5.562006656783,0.889991246276));
#2497 = CARTESIAN_POINT('',(5.56991809271,0.666453700096));
#2498 = CARTESIAN_POINT('',(5.578049268404,0.443569479008));
#2499 = CARTESIAN_POINT('',(5.586408797495,0.2213669002));
#2500 = CARTESIAN_POINT('',(5.592140152156,7.370653998735E-02));
#2501 = CARTESIAN_POINT('',(5.595046912703,-4.096278871657E-12));
#2502 = ( GEOMETRIC_REPRESENTATION_CONTEXT(2) 
PARAMETRIC_REPRESENTATION_CONTEXT() REPRESENTATION_CONTEXT('2D SPACE',''
  ) );
#2503 = ORIENTED_EDGE('',*,*,#2504,.T.);
#2504 = EDGE_CURVE('',#2453,#2327,#2505,.T.);
#2505 = SURFACE_CURVE('',#2506,(#2510,#2517),.PCURVE_S1.);
#2506 = LINE('',#2507,#2508);
#2507 = CARTESIAN_POINT('',(-9.065865716528,2.72561991026,-146.45561));
#2508 = VECTOR('',#2509,1.);
#2509 = DIRECTION('',(0.287915753178,0.957655741419,0.));
#2510 = PCURVE('',#619,#2511);
#2511 = DEFINITIONAL_REPRESENTATION('',(#2512),#2516);
#2512 = LINE('',#2513,#2514);
#2513 = CARTESIAN_POINT('',(13.541556371614,-0.82078));
#2514 = VECTOR('',#2515,1.);
#2515 = DIRECTION('',(1.,0.));
#2516 = ( GEOMETRIC_REPRESENTATION_CONTEXT(2) 
PARAMETRIC_REPRESENTATION_CONTEXT() REPRESENTATION_CONTEXT('2D SPACE',''
  ) );
#2517 = PCURVE('',#146,#2518);
#2518 = DEFINITIONAL_REPRESENTATION('',(#2519),#2523);
#2519 = LINE('',#2520,#2521);
#2520 = CARTESIAN_POINT('',(-9.065865716528,2.72561991026));
#2521 = VECTOR('',#2522,1.);
#2522 = DIRECTION('',(0.287915753178,0.957655741419));
#2523 = ( GEOMETRIC_REPRESENTATION_CONTEXT(2) 
PARAMETRIC_REPRESENTATION_CONTEXT() REPRESENTATION_CONTEXT('2D SPACE',''
  ) );
#2524 = ORIENTED_EDGE('',*,*,#2352,.T.);
#2525 = ADVANCED_FACE('',(#2526),#2470,.T.);
#2526 = FACE_BOUND('',#2527,.T.);
#2527 = EDGE_LOOP('',(#2528,#2529,#2553,#2600));
#2528 = ORIENTED_EDGE('',*,*,#2452,.F.);
#2529 = ORIENTED_EDGE('',*,*,#2530,.T.);
#2530 = EDGE_CURVE('',#2425,#2531,#2533,.T.);
#2531 = VERTEX_POINT('',#2532);
#2532 = CARTESIAN_POINT('',(-6.717917250811,-20.9492144915,-151.45561));
#2533 = SURFACE_CURVE('',#2534,(#2539,#2546),.PCURVE_S1.);
#2534 = CIRCLE('',#2535,22.);
#2535 = AXIS2_PLACEMENT_3D('',#2536,#2537,#2538);
#2536 = CARTESIAN_POINT('',(0.,0.,-151.45561));
#2537 = DIRECTION('',(0.,0.,1.));
#2538 = DIRECTION('',(1.,0.,0.));
#2539 = PCURVE('',#2470,#2540);
#2540 = DEFINITIONAL_REPRESENTATION('',(#2541),#2545);
#2541 = LINE('',#2542,#2543);
#2542 = CARTESIAN_POINT('',(9.424777960769,4.999999999987));
#2543 = VECTOR('',#2544,1.);
#2544 = DIRECTION('',(-1.,0.));
#2545 = ( GEOMETRIC_REPRESENTATION_CONTEXT(2) 
PARAMETRIC_REPRESENTATION_CONTEXT() REPRESENTATION_CONTEXT('2D SPACE',''
  ) );
#2546 = PCURVE('',#2440,#2547);
#2547 = DEFINITIONAL_REPRESENTATION('',(#2548),#2552);
#2548 = LINE('',#2549,#2550);
#2549 = CARTESIAN_POINT('',(-3.14159265359,-5.));
#2550 = VECTOR('',#2551,1.);
#2551 = DIRECTION('',(1.,0.));
#2552 = ( GEOMETRIC_REPRESENTATION_CONTEXT(2) 
PARAMETRIC_REPRESENTATION_CONTEXT() REPRESENTATION_CONTEXT('2D SPACE',''
  ) );
#2553 = ORIENTED_EDGE('',*,*,#2554,.F.);
#2554 = EDGE_CURVE('',#2555,#2531,#2557,.T.);
#2555 = VERTEX_POINT('',#2556);
#2556 = CARTESIAN_POINT('',(-2.784569148597,-16.77039578115,-146.45561)
  );
#2557 = SURFACE_CURVE('',#2558,(#2563,#2592),.PCURVE_S1.);
#2558 = B_SPLINE_CURVE_WITH_KNOTS('',3,(#2559,#2560,#2561,#2562),
  .UNSPECIFIED.,.F.,.F.,(4,4),(1.301042606983E-18,7.611422541626E-03),
  .PIECEWISE_BEZIER_KNOTS.);
#2559 = CARTESIAN_POINT('',(-2.784569148597,-16.77039578115,-146.45561)
  );
#2560 = CARTESIAN_POINT('',(-4.122632452109,-18.19196433371,
    -148.0771510029));
#2561 = CARTESIAN_POINT('',(-5.426892100814,-19.57761962826,
    -149.755299313));
#2562 = CARTESIAN_POINT('',(-6.717917250811,-20.9492144915,-151.45561));
#2563 = PCURVE('',#2470,#2564);
#2564 = DEFINITIONAL_REPRESENTATION('',(#2565),#2591);
#2565 = B_SPLINE_CURVE_WITH_KNOTS('',3,(#2566,#2567,#2568,#2569,#2570,
    #2571,#2572,#2573,#2574,#2575,#2576,#2577,#2578,#2579,#2580,#2581,
    #2582,#2583,#2584,#2585,#2586,#2587,#2588,#2589,#2590),
  .UNSPECIFIED.,.F.,.F.,(4,1,1,1,1,1,1,1,1,1,1,1,1,1,1,1,1,1,1,1,1,1,4),
  (1.301042606983E-18,3.459737518921E-04,6.919475037842E-04,
    1.037921255676E-03,1.383895007568E-03,1.72986875946E-03,
    2.075842511352E-03,2.421816263245E-03,2.767790015137E-03,
    3.113763767029E-03,3.459737518921E-03,3.805711270813E-03,
    4.151685022705E-03,4.497658774597E-03,4.843632526489E-03,
    5.189606278381E-03,5.535580030273E-03,5.881553782165E-03,
    6.227527534057E-03,6.57350128595E-03,6.919475037842E-03,
    7.265448789734E-03,7.611422541626E-03),.UNSPECIFIED.);
#2566 = CARTESIAN_POINT('',(4.876928599264,-7.105427357601E-15));
#2567 = CARTESIAN_POINT('',(4.87983535981,7.370653999272E-02));
#2568 = CARTESIAN_POINT('',(4.885566714471,0.221366900208));
#2569 = CARTESIAN_POINT('',(4.893926243562,0.443569479019));
#2570 = CARTESIAN_POINT('',(4.902057419256,0.666453700111));
#2571 = CARTESIAN_POINT('',(4.909968855183,0.889991246294));
#2572 = CARTESIAN_POINT('',(4.917668833511,1.114155050634));
#2573 = CARTESIAN_POINT('',(4.925165269683,1.338919412864));
#2574 = CARTESIAN_POINT('',(4.932465740998,1.564259869024));
#2575 = CARTESIAN_POINT('',(4.939577497617,1.790153133331));
#2576 = CARTESIAN_POINT('',(4.946507477771,2.016577026457));
#2577 = CARTESIAN_POINT('',(4.953262321282,2.24351041285));
#2578 = CARTESIAN_POINT('',(4.959848382958,2.470933140718));
#2579 = CARTESIAN_POINT('',(4.966271745405,2.698825986056));
#2580 = CARTESIAN_POINT('',(4.972538231387,2.927170600065));
#2581 = CARTESIAN_POINT('',(4.978653415685,3.155949459851));
#2582 = CARTESIAN_POINT('',(4.984622636477,3.38514582214));
#2583 = CARTESIAN_POINT('',(4.990451006202,3.614743679964));
#2584 = CARTESIAN_POINT('',(4.996143422088,3.844727721586));
#2585 = CARTESIAN_POINT('',(5.001704575711,4.075083293504));
#2586 = CARTESIAN_POINT('',(5.007138963989,4.305796359954));
#2587 = CARTESIAN_POINT('',(5.012450892696,4.536853486331));
#2588 = CARTESIAN_POINT('',(5.017644505867,4.76824174358));
#2589 = CARTESIAN_POINT('',(5.02103064634,4.922713192575));
#2590 = CARTESIAN_POINT('',(5.022705312677,4.999999999987));
#2591 = ( GEOMETRIC_REPRESENTATION_CONTEXT(2) 
PARAMETRIC_REPRESENTATION_CONTEXT() REPRESENTATION_CONTEXT('2D SPACE',''
  ) );
#2592 = PCURVE('',#562,#2593);
#2593 = DEFINITIONAL_REPRESENTATION('',(#2594),#2599);
#2594 = B_SPLINE_CURVE_WITH_KNOTS('',3,(#2595,#2596,#2597,#2598),
  .UNSPECIFIED.,.F.,.F.,(4,4),(1.301042606983E-18,7.611422541626E-03),
  .PIECEWISE_BEZIER_KNOTS.);
#2595 = CARTESIAN_POINT('',(1.372820221553,-0.82078));
#2596 = CARTESIAN_POINT('',(3.325067786242,-2.4423210029));
#2597 = CARTESIAN_POINT('',(5.227995484962,-4.120469313));
#2598 = CARTESIAN_POINT('',(7.111613919462,-5.82078));
#2599 = ( GEOMETRIC_REPRESENTATION_CONTEXT(2) 
PARAMETRIC_REPRESENTATION_CONTEXT() REPRESENTATION_CONTEXT('2D SPACE',''
  ) );
#2600 = ORIENTED_EDGE('',*,*,#2601,.F.);
#2601 = EDGE_CURVE('',#2453,#2555,#2602,.T.);
#2602 = SURFACE_CURVE('',#2603,(#2608,#2615),.PCURVE_S1.);
#2603 = CIRCLE('',#2604,17.);
#2604 = AXIS2_PLACEMENT_3D('',#2605,#2606,#2607);
#2605 = CARTESIAN_POINT('',(0.,0.,-146.45561));
#2606 = DIRECTION('',(0.,0.,1.));
#2607 = DIRECTION('',(1.,0.,0.));
#2608 = PCURVE('',#2470,#2609);
#2609 = DEFINITIONAL_REPRESENTATION('',(#2610),#2614);
#2610 = LINE('',#2611,#2612);
#2611 = CARTESIAN_POINT('',(9.424777960769,0.));
#2612 = VECTOR('',#2613,1.);
#2613 = DIRECTION('',(-1.,0.));
#2614 = ( GEOMETRIC_REPRESENTATION_CONTEXT(2) 
PARAMETRIC_REPRESENTATION_CONTEXT() REPRESENTATION_CONTEXT('2D SPACE',''
  ) );
#2615 = PCURVE('',#146,#2616);
#2616 = DEFINITIONAL_REPRESENTATION('',(#2617),#2621);
#2617 = CIRCLE('',#2618,17.);
#2618 = AXIS2_PLACEMENT_2D('',#2619,#2620);
#2619 = CARTESIAN_POINT('',(0.,0.));
#2620 = DIRECTION('',(1.,0.));
#2621 = ( GEOMETRIC_REPRESENTATION_CONTEXT(2) 
PARAMETRIC_REPRESENTATION_CONTEXT() REPRESENTATION_CONTEXT('2D SPACE',''
  ) );
#2622 = ADVANCED_FACE('',(#2623),#2440,.T.);
#2623 = FACE_BOUND('',#2624,.T.);
#2624 = EDGE_LOOP('',(#2625,#2626,#2650,#2671));
#2625 = ORIENTED_EDGE('',*,*,#2424,.T.);
#2626 = ORIENTED_EDGE('',*,*,#2627,.T.);
#2627 = EDGE_CURVE('',#2378,#2628,#2630,.T.);
#2628 = VERTEX_POINT('',#2629);
#2629 = CARTESIAN_POINT('',(-6.717917250811,-20.9492144915,-161.45561));
#2630 = SURFACE_CURVE('',#2631,(#2636,#2643),.PCURVE_S1.);
#2631 = CIRCLE('',#2632,22.);
#2632 = AXIS2_PLACEMENT_3D('',#2633,#2634,#2635);
#2633 = CARTESIAN_POINT('',(0.,0.,-161.45561));
#2634 = DIRECTION('',(0.,0.,1.));
#2635 = DIRECTION('',(1.,0.,0.));
#2636 = PCURVE('',#2440,#2637);
#2637 = DEFINITIONAL_REPRESENTATION('',(#2638),#2642);
#2638 = LINE('',#2639,#2640);
#2639 = CARTESIAN_POINT('',(-3.14159265359,-15.));
#2640 = VECTOR('',#2641,1.);
#2641 = DIRECTION('',(1.,0.));
#2642 = ( GEOMETRIC_REPRESENTATION_CONTEXT(2) 
PARAMETRIC_REPRESENTATION_CONTEXT() REPRESENTATION_CONTEXT('2D SPACE',''
  ) );
#2643 = PCURVE('',#591,#2644);
#2644 = DEFINITIONAL_REPRESENTATION('',(#2645),#2649);
#2645 = LINE('',#2646,#2647);
#2646 = CARTESIAN_POINT('',(-4.440892098501E-16,-1.833168200527E-14));
#2647 = VECTOR('',#2648,1.);
#2648 = DIRECTION('',(1.,4.164329730727E-15));
#2649 = ( GEOMETRIC_REPRESENTATION_CONTEXT(2) 
PARAMETRIC_REPRESENTATION_CONTEXT() REPRESENTATION_CONTEXT('2D SPACE',''
  ) );
#2650 = ORIENTED_EDGE('',*,*,#2651,.F.);
#2651 = EDGE_CURVE('',#2531,#2628,#2652,.T.);
#2652 = SURFACE_CURVE('',#2653,(#2657,#2664),.PCURVE_S1.);
#2653 = LINE('',#2654,#2655);
#2654 = CARTESIAN_POINT('',(-6.717917250811,-20.9492144915,-146.45561));
#2655 = VECTOR('',#2656,1.);
#2656 = DIRECTION('',(0.,0.,-1.));
#2657 = PCURVE('',#2440,#2658);
#2658 = DEFINITIONAL_REPRESENTATION('',(#2659),#2663);
#2659 = LINE('',#2660,#2661);
#2660 = CARTESIAN_POINT('',(1.260479994502,0.));
#2661 = VECTOR('',#2662,1.);
#2662 = DIRECTION('',(0.,-1.));
#2663 = ( GEOMETRIC_REPRESENTATION_CONTEXT(2) 
PARAMETRIC_REPRESENTATION_CONTEXT() REPRESENTATION_CONTEXT('2D SPACE',''
  ) );
#2664 = PCURVE('',#562,#2665);
#2665 = DEFINITIONAL_REPRESENTATION('',(#2666),#2670);
#2666 = LINE('',#2667,#2668);
#2667 = CARTESIAN_POINT('',(7.111613919462,-0.82078));
#2668 = VECTOR('',#2669,1.);
#2669 = DIRECTION('',(-0.,-1.));
#2670 = ( GEOMETRIC_REPRESENTATION_CONTEXT(2) 
PARAMETRIC_REPRESENTATION_CONTEXT() REPRESENTATION_CONTEXT('2D SPACE',''
  ) );
#2671 = ORIENTED_EDGE('',*,*,#2530,.F.);
#2672 = ADVANCED_FACE('',(#2673),#591,.T.);
#2673 = FACE_BOUND('',#2674,.T.);
#2674 = EDGE_LOOP('',(#2675,#2676,#2677,#2722));
#2675 = ORIENTED_EDGE('',*,*,#2377,.F.);
#2676 = ORIENTED_EDGE('',*,*,#574,.T.);
#2677 = ORIENTED_EDGE('',*,*,#2678,.F.);
#2678 = EDGE_CURVE('',#2628,#547,#2679,.T.);
#2679 = SURFACE_CURVE('',#2680,(#2685,#2714),.PCURVE_S1.);
#2680 = B_SPLINE_CURVE_WITH_KNOTS('',3,(#2681,#2682,#2683,#2684),
  .UNSPECIFIED.,.F.,.F.,(4,4),(0.,7.611422541626E-03),
  .PIECEWISE_BEZIER_KNOTS.);
#2681 = CARTESIAN_POINT('',(-6.717917250811,-20.9492144915,-161.45561));
#2682 = CARTESIAN_POINT('',(-5.426892100814,-19.57761962826,
    -163.1559206869));
#2683 = CARTESIAN_POINT('',(-4.122632452109,-18.19196433371,
    -164.834068997));
#2684 = CARTESIAN_POINT('',(-2.784569148597,-16.77039578115,-166.45561)
  );
#2685 = PCURVE('',#591,#2686);
#2686 = DEFINITIONAL_REPRESENTATION('',(#2687),#2713);
#2687 = B_SPLINE_CURVE_WITH_KNOTS('',3,(#2688,#2689,#2690,#2691,#2692,
    #2693,#2694,#2695,#2696,#2697,#2698,#2699,#2700,#2701,#2702,#2703,
    #2704,#2705,#2706,#2707,#2708,#2709,#2710,#2711,#2712),
  .UNSPECIFIED.,.F.,.F.,(4,1,1,1,1,1,1,1,1,1,1,1,1,1,1,1,1,1,1,1,1,1,4),
  (0.,3.459737518921E-04,6.919475037842E-04,1.037921255676E-03,
    1.383895007568E-03,1.72986875946E-03,2.075842511352E-03,
    2.421816263245E-03,2.767790015137E-03,3.113763767029E-03,
    3.459737518921E-03,3.805711270813E-03,4.151685022705E-03,
    4.497658774597E-03,4.843632526489E-03,5.189606278381E-03,
    5.535580030273E-03,5.881553782165E-03,6.227527534057E-03,
    6.57350128595E-03,6.919475037842E-03,7.265448789734E-03,
    7.611422541626E-03),.UNSPECIFIED.);
#2688 = CARTESIAN_POINT('',(4.402072648092,5.329070518201E-15));
#2689 = CARTESIAN_POINT('',(4.403747314429,-7.728680741257E-02));
#2690 = CARTESIAN_POINT('',(4.407133454902,-0.231758256407));
#2691 = CARTESIAN_POINT('',(4.412327068073,-0.463146513657));
#2692 = CARTESIAN_POINT('',(4.417638996781,-0.694203640033));
#2693 = CARTESIAN_POINT('',(4.423073385059,-0.924916706483));
#2694 = CARTESIAN_POINT('',(4.428634538681,-1.155272278401));
#2695 = CARTESIAN_POINT('',(4.434326954567,-1.385256320024));
#2696 = CARTESIAN_POINT('',(4.440155324293,-1.614854177847));
#2697 = CARTESIAN_POINT('',(4.446124545084,-1.844050540137));
#2698 = CARTESIAN_POINT('',(4.452239729382,-2.072829399922));
#2699 = CARTESIAN_POINT('',(4.458506215365,-2.301174013931));
#2700 = CARTESIAN_POINT('',(4.464929577811,-2.529066859269));
#2701 = CARTESIAN_POINT('',(4.471515639487,-2.756489587137));
#2702 = CARTESIAN_POINT('',(4.478270482999,-2.983422973531));
#2703 = CARTESIAN_POINT('',(4.485200463152,-3.209846866656));
#2704 = CARTESIAN_POINT('',(4.492312219771,-3.435740130963));
#2705 = CARTESIAN_POINT('',(4.499612691086,-3.661080587123));
#2706 = CARTESIAN_POINT('',(4.507109127259,-3.885844949353));
#2707 = CARTESIAN_POINT('',(4.514809105586,-4.110008753693));
#2708 = CARTESIAN_POINT('',(4.522720541513,-4.333546299876));
#2709 = CARTESIAN_POINT('',(4.530851717207,-4.556430520968));
#2710 = CARTESIAN_POINT('',(4.539211246298,-4.778633099779));
#2711 = CARTESIAN_POINT('',(4.544942600959,-4.926293459995));
#2712 = CARTESIAN_POINT('',(4.547849361506,-4.999999999987));
#2713 = ( GEOMETRIC_REPRESENTATION_CONTEXT(2) 
PARAMETRIC_REPRESENTATION_CONTEXT() REPRESENTATION_CONTEXT('2D SPACE',''
  ) );
#2714 = PCURVE('',#562,#2715);
#2715 = DEFINITIONAL_REPRESENTATION('',(#2716),#2721);
#2716 = B_SPLINE_CURVE_WITH_KNOTS('',3,(#2717,#2718,#2719,#2720),
  .UNSPECIFIED.,.F.,.F.,(4,4),(0.,7.611422541626E-03),
  .PIECEWISE_BEZIER_KNOTS.);
#2717 = CARTESIAN_POINT('',(7.111613919462,-15.82078));
#2718 = CARTESIAN_POINT('',(5.227995484962,-17.5210906869));
#2719 = CARTESIAN_POINT('',(3.325067786242,-19.199238997));
#2720 = CARTESIAN_POINT('',(1.372820221553,-20.82078));
#2721 = ( GEOMETRIC_REPRESENTATION_CONTEXT(2) 
PARAMETRIC_REPRESENTATION_CONTEXT() REPRESENTATION_CONTEXT('2D SPACE',''
  ) );
#2722 = ORIENTED_EDGE('',*,*,#2627,.F.);
#2723 = ADVANCED_FACE('',(#2724),#562,.F.);
#2724 = FACE_BOUND('',#2725,.T.);
#2725 = EDGE_LOOP('',(#2726,#2727,#2728,#2729,#2752,#2773));
#2726 = ORIENTED_EDGE('',*,*,#2651,.T.);
#2727 = ORIENTED_EDGE('',*,*,#2678,.T.);
#2728 = ORIENTED_EDGE('',*,*,#546,.T.);
#2729 = ORIENTED_EDGE('',*,*,#2730,.F.);
#2730 = EDGE_CURVE('',#2731,#518,#2733,.T.);
#2731 = VERTEX_POINT('',#2732);
#2732 = CARTESIAN_POINT('',(-2.5,-16.46806736993,-146.45561));
#2733 = SURFACE_CURVE('',#2734,(#2738,#2745),.PCURVE_S1.);
#2734 = LINE('',#2735,#2736);
#2735 = CARTESIAN_POINT('',(-2.5,-16.46806736993,-145.63483));
#2736 = VECTOR('',#2737,1.);
#2737 = DIRECTION('',(0.,0.,-1.));
#2738 = PCURVE('',#562,#2739);
#2739 = DEFINITIONAL_REPRESENTATION('',(#2740),#2744);
#2740 = LINE('',#2741,#2742);
#2741 = CARTESIAN_POINT('',(0.957631025446,0.));
#2742 = VECTOR('',#2743,1.);
#2743 = DIRECTION('',(-0.,-1.));
#2744 = ( GEOMETRIC_REPRESENTATION_CONTEXT(2) 
PARAMETRIC_REPRESENTATION_CONTEXT() REPRESENTATION_CONTEXT('2D SPACE',''
  ) );
#2745 = PCURVE('',#534,#2746);
#2746 = DEFINITIONAL_REPRESENTATION('',(#2747),#2751);
#2747 = LINE('',#2748,#2749);
#2748 = CARTESIAN_POINT('',(1.344571375853,0.));
#2749 = VECTOR('',#2750,1.);
#2750 = DIRECTION('',(0.,-1.));
#2751 = ( GEOMETRIC_REPRESENTATION_CONTEXT(2) 
PARAMETRIC_REPRESENTATION_CONTEXT() REPRESENTATION_CONTEXT('2D SPACE',''
  ) );
#2752 = ORIENTED_EDGE('',*,*,#2753,.T.);
#2753 = EDGE_CURVE('',#2731,#2555,#2754,.T.);
#2754 = SURFACE_CURVE('',#2755,(#2759,#2766),.PCURVE_S1.);
#2755 = LINE('',#2756,#2757);
#2756 = CARTESIAN_POINT('',(6.89338894161,-6.488460062682,-146.45561));
#2757 = VECTOR('',#2758,1.);
#2758 = DIRECTION('',(-0.685396323559,-0.728170227111,0.));
#2759 = PCURVE('',#562,#2760);
#2760 = DEFINITIONAL_REPRESENTATION('',(#2761),#2765);
#2761 = LINE('',#2762,#2763);
#2762 = CARTESIAN_POINT('',(-12.74741614029,-0.82078));
#2763 = VECTOR('',#2764,1.);
#2764 = DIRECTION('',(1.,0.));
#2765 = ( GEOMETRIC_REPRESENTATION_CONTEXT(2) 
PARAMETRIC_REPRESENTATION_CONTEXT() REPRESENTATION_CONTEXT('2D SPACE',''
  ) );
#2766 = PCURVE('',#146,#2767);
#2767 = DEFINITIONAL_REPRESENTATION('',(#2768),#2772);
#2768 = LINE('',#2769,#2770);
#2769 = CARTESIAN_POINT('',(6.89338894161,-6.488460062682));
#2770 = VECTOR('',#2771,1.);
#2771 = DIRECTION('',(-0.685396323559,-0.728170227111));
#2772 = ( GEOMETRIC_REPRESENTATION_CONTEXT(2) 
PARAMETRIC_REPRESENTATION_CONTEXT() REPRESENTATION_CONTEXT('2D SPACE',''
  ) );
#2773 = ORIENTED_EDGE('',*,*,#2554,.T.);
#2774 = ADVANCED_FACE('',(#2775),#534,.T.);
#2775 = FACE_BOUND('',#2776,.T.);
#2776 = EDGE_LOOP('',(#2777,#2801,#2802,#2803));
#2777 = ORIENTED_EDGE('',*,*,#2778,.F.);
#2778 = EDGE_CURVE('',#2731,#2779,#2781,.T.);
#2779 = VERTEX_POINT('',#2780);
#2780 = CARTESIAN_POINT('',(2.5,-16.46806736993,-146.45561));
#2781 = SURFACE_CURVE('',#2782,(#2787,#2794),.PCURVE_S1.);
#2782 = CIRCLE('',#2783,11.1457735);
#2783 = AXIS2_PLACEMENT_3D('',#2784,#2785,#2786);
#2784 = CARTESIAN_POINT('',(-6.865721755049E-16,-5.606287265707,
    -146.45561));
#2785 = DIRECTION('',(0.,0.,1.));
#2786 = DIRECTION('',(1.,0.,0.));
#2787 = PCURVE('',#534,#2788);
#2788 = DEFINITIONAL_REPRESENTATION('',(#2789),#2793);
#2789 = LINE('',#2790,#2791);
#2790 = CARTESIAN_POINT('',(-3.14159265359,-0.82078));
#2791 = VECTOR('',#2792,1.);
#2792 = DIRECTION('',(1.,0.));
#2793 = ( GEOMETRIC_REPRESENTATION_CONTEXT(2) 
PARAMETRIC_REPRESENTATION_CONTEXT() REPRESENTATION_CONTEXT('2D SPACE',''
  ) );
#2794 = PCURVE('',#146,#2795);
#2795 = DEFINITIONAL_REPRESENTATION('',(#2796),#2800);
#2796 = CIRCLE('',#2797,11.1457735);
#2797 = AXIS2_PLACEMENT_2D('',#2798,#2799);
#2798 = CARTESIAN_POINT('',(-6.865721755049E-16,-5.606287265707));
#2799 = DIRECTION('',(1.,0.));
#2800 = ( GEOMETRIC_REPRESENTATION_CONTEXT(2) 
PARAMETRIC_REPRESENTATION_CONTEXT() REPRESENTATION_CONTEXT('2D SPACE',''
  ) );
#2801 = ORIENTED_EDGE('',*,*,#2730,.T.);
#2802 = ORIENTED_EDGE('',*,*,#517,.T.);
#2803 = ORIENTED_EDGE('',*,*,#2804,.F.);
#2804 = EDGE_CURVE('',#2779,#490,#2805,.T.);
#2805 = SURFACE_CURVE('',#2806,(#2810,#2817),.PCURVE_S1.);
#2806 = LINE('',#2807,#2808);
#2807 = CARTESIAN_POINT('',(2.5,-16.46806736993,-145.63483));
#2808 = VECTOR('',#2809,1.);
#2809 = DIRECTION('',(0.,0.,-1.));
#2810 = PCURVE('',#534,#2811);
#2811 = DEFINITIONAL_REPRESENTATION('',(#2812),#2816);
#2812 = LINE('',#2813,#2814);
#2813 = CARTESIAN_POINT('',(1.797021277737,0.));
#2814 = VECTOR('',#2815,1.);
#2815 = DIRECTION('',(0.,-1.));
#2816 = ( GEOMETRIC_REPRESENTATION_CONTEXT(2) 
PARAMETRIC_REPRESENTATION_CONTEXT() REPRESENTATION_CONTEXT('2D SPACE',''
  ) );
#2817 = PCURVE('',#505,#2818);
#2818 = DEFINITIONAL_REPRESENTATION('',(#2819),#2823);
#2819 = LINE('',#2820,#2821);
#2820 = CARTESIAN_POINT('',(-0.163490794126,0.));
#2821 = VECTOR('',#2822,1.);
#2822 = DIRECTION('',(0.,-1.));
#2823 = ( GEOMETRIC_REPRESENTATION_CONTEXT(2) 
PARAMETRIC_REPRESENTATION_CONTEXT() REPRESENTATION_CONTEXT('2D SPACE',''
  ) );
#2824 = ADVANCED_FACE('',(#2825),#505,.F.);
#2825 = FACE_BOUND('',#2826,.T.);
#2826 = EDGE_LOOP('',(#2827,#2828,#2875,#2903,#2955,#2976));
#2827 = ORIENTED_EDGE('',*,*,#489,.T.);
#2828 = ORIENTED_EDGE('',*,*,#2829,.T.);
#2829 = EDGE_CURVE('',#461,#2830,#2832,.T.);
#2830 = VERTEX_POINT('',#2831);
#2831 = CARTESIAN_POINT('',(6.717917250811,-20.9492144915,-161.45561));
#2832 = SURFACE_CURVE('',#2833,(#2838,#2846),.PCURVE_S1.);
#2833 = B_SPLINE_CURVE_WITH_KNOTS('',3,(#2834,#2835,#2836,#2837),
  .UNSPECIFIED.,.F.,.F.,(4,4),(0.,7.611422541626E-03),
  .PIECEWISE_BEZIER_KNOTS.);
#2834 = CARTESIAN_POINT('',(2.784569148597,-16.77039578115,-166.45561));
#2835 = CARTESIAN_POINT('',(4.122632452109,-18.19196433371,
    -164.834068997));
#2836 = CARTESIAN_POINT('',(5.426892100814,-19.57761962826,
    -163.1559206869));
#2837 = CARTESIAN_POINT('',(6.717917250811,-20.9492144915,-161.45561));
#2838 = PCURVE('',#505,#2839);
#2839 = DEFINITIONAL_REPRESENTATION('',(#2840),#2845);
#2840 = B_SPLINE_CURVE_WITH_KNOTS('',3,(#2841,#2842,#2843,#2844),
  .UNSPECIFIED.,.F.,.F.,(4,4),(0.,7.611422541626E-03),
  .PIECEWISE_BEZIER_KNOTS.);
#2841 = CARTESIAN_POINT('',(-0.578679990233,-20.82078));
#2842 = CARTESIAN_POINT('',(-2.530927554922,-19.199238997));
#2843 = CARTESIAN_POINT('',(-4.433855253641,-17.5210906869));
#2844 = CARTESIAN_POINT('',(-6.317473688142,-15.82078));
#2845 = ( GEOMETRIC_REPRESENTATION_CONTEXT(2) 
PARAMETRIC_REPRESENTATION_CONTEXT() REPRESENTATION_CONTEXT('2D SPACE',''
  ) );
#2846 = PCURVE('',#477,#2847);
#2847 = DEFINITIONAL_REPRESENTATION('',(#2848),#2874);
#2848 = B_SPLINE_CURVE_WITH_KNOTS('',3,(#2849,#2850,#2851,#2852,#2853,
    #2854,#2855,#2856,#2857,#2858,#2859,#2860,#2861,#2862,#2863,#2864,
    #2865,#2866,#2867,#2868,#2869,#2870,#2871,#2872,#2873),
  .UNSPECIFIED.,.F.,.F.,(4,1,1,1,1,1,1,1,1,1,1,1,1,1,1,1,1,1,1,1,1,1,4),
  (0.,3.459737518921E-04,6.919475037842E-04,1.037921255676E-03,
    1.383895007568E-03,1.72986875946E-03,2.075842511352E-03,
    2.421816263245E-03,2.767790015137E-03,3.113763767029E-03,
    3.459737518921E-03,3.805711270813E-03,4.151685022705E-03,
    4.497658774597E-03,4.843632526489E-03,5.189606278381E-03,
    5.535580030273E-03,5.881553782165E-03,6.227527534057E-03,
    6.57350128595E-03,6.919475037842E-03,7.265448789734E-03,
    7.611422541626E-03),.UNSPECIFIED.);
#2849 = CARTESIAN_POINT('',(4.876928599264,-4.999999999987));
#2850 = CARTESIAN_POINT('',(4.87983535981,-4.926293459995));
#2851 = CARTESIAN_POINT('',(4.885566714471,-4.778633099779));
#2852 = CARTESIAN_POINT('',(4.893926243562,-4.556430520968));
#2853 = CARTESIAN_POINT('',(4.902057419256,-4.333546299876));
#2854 = CARTESIAN_POINT('',(4.909968855183,-4.110008753693));
#2855 = CARTESIAN_POINT('',(4.917668833511,-3.885844949353));
#2856 = CARTESIAN_POINT('',(4.925165269683,-3.661080587123));
#2857 = CARTESIAN_POINT('',(4.932465740998,-3.435740130963));
#2858 = CARTESIAN_POINT('',(4.939577497617,-3.209846866656));
#2859 = CARTESIAN_POINT('',(4.946507477771,-2.983422973531));
#2860 = CARTESIAN_POINT('',(4.953262321282,-2.756489587137));
#2861 = CARTESIAN_POINT('',(4.959848382958,-2.529066859269));
#2862 = CARTESIAN_POINT('',(4.966271745405,-2.301174013931));
#2863 = CARTESIAN_POINT('',(4.972538231387,-2.072829399922));
#2864 = CARTESIAN_POINT('',(4.978653415685,-1.844050540137));
#2865 = CARTESIAN_POINT('',(4.984622636477,-1.614854177847));
#2866 = CARTESIAN_POINT('',(4.990451006202,-1.385256320024));
#2867 = CARTESIAN_POINT('',(4.996143422088,-1.155272278401));
#2868 = CARTESIAN_POINT('',(5.001704575711,-0.924916706483));
#2869 = CARTESIAN_POINT('',(5.007138963989,-0.694203640033));
#2870 = CARTESIAN_POINT('',(5.012450892696,-0.463146513656));
#2871 = CARTESIAN_POINT('',(5.017644505867,-0.231758256407));
#2872 = CARTESIAN_POINT('',(5.021030646341,-7.728680741258E-02));
#2873 = CARTESIAN_POINT('',(5.022705312677,8.881784197001E-15));
#2874 = ( GEOMETRIC_REPRESENTATION_CONTEXT(2) 
PARAMETRIC_REPRESENTATION_CONTEXT() REPRESENTATION_CONTEXT('2D SPACE',''
  ) );
#2875 = ORIENTED_EDGE('',*,*,#2876,.F.);
#2876 = EDGE_CURVE('',#2877,#2830,#2879,.T.);
#2877 = VERTEX_POINT('',#2878);
#2878 = CARTESIAN_POINT('',(6.717917250811,-20.9492144915,-151.45561));
#2879 = SURFACE_CURVE('',#2880,(#2884,#2891),.PCURVE_S1.);
#2880 = LINE('',#2881,#2882);
#2881 = CARTESIAN_POINT('',(6.717917250811,-20.9492144915,-146.45561));
#2882 = VECTOR('',#2883,1.);
#2883 = DIRECTION('',(0.,0.,-1.));
#2884 = PCURVE('',#505,#2885);
#2885 = DEFINITIONAL_REPRESENTATION('',(#2886),#2890);
#2886 = LINE('',#2887,#2888);
#2887 = CARTESIAN_POINT('',(-6.317473688142,-0.82078));
#2888 = VECTOR('',#2889,1.);
#2889 = DIRECTION('',(0.,-1.));
#2890 = ( GEOMETRIC_REPRESENTATION_CONTEXT(2) 
PARAMETRIC_REPRESENTATION_CONTEXT() REPRESENTATION_CONTEXT('2D SPACE',''
  ) );
#2891 = PCURVE('',#2892,#2897);
#2892 = CYLINDRICAL_SURFACE('',#2893,22.);
#2893 = AXIS2_PLACEMENT_3D('',#2894,#2895,#2896);
#2894 = CARTESIAN_POINT('',(0.,0.,-146.45561));
#2895 = DIRECTION('',(0.,0.,1.));
#2896 = DIRECTION('',(-1.,0.,0.));
#2897 = DEFINITIONAL_REPRESENTATION('',(#2898),#2902);
#2898 = LINE('',#2899,#2900);
#2899 = CARTESIAN_POINT('',(1.881112659087,0.));
#2900 = VECTOR('',#2901,1.);
#2901 = DIRECTION('',(0.,-1.));
#2902 = ( GEOMETRIC_REPRESENTATION_CONTEXT(2) 
PARAMETRIC_REPRESENTATION_CONTEXT() REPRESENTATION_CONTEXT('2D SPACE',''
  ) );
#2903 = ORIENTED_EDGE('',*,*,#2904,.T.);
#2904 = EDGE_CURVE('',#2877,#2905,#2907,.T.);
#2905 = VERTEX_POINT('',#2906);
#2906 = CARTESIAN_POINT('',(2.784569148597,-16.77039578115,-146.45561));
#2907 = SURFACE_CURVE('',#2908,(#2913,#2921),.PCURVE_S1.);
#2908 = B_SPLINE_CURVE_WITH_KNOTS('',3,(#2909,#2910,#2911,#2912),
  .UNSPECIFIED.,.F.,.F.,(4,4),(0.,7.611422541626E-03),
  .PIECEWISE_BEZIER_KNOTS.);
#2909 = CARTESIAN_POINT('',(6.717917250811,-20.9492144915,-151.45561));
#2910 = CARTESIAN_POINT('',(5.426892100814,-19.57761962826,
    -149.755299313));
#2911 = CARTESIAN_POINT('',(4.122632452109,-18.19196433371,
    -148.0771510029));
#2912 = CARTESIAN_POINT('',(2.784569148597,-16.77039578115,-146.45561));
#2913 = PCURVE('',#505,#2914);
#2914 = DEFINITIONAL_REPRESENTATION('',(#2915),#2920);
#2915 = B_SPLINE_CURVE_WITH_KNOTS('',3,(#2916,#2917,#2918,#2919),
  .UNSPECIFIED.,.F.,.F.,(4,4),(0.,7.611422541626E-03),
  .PIECEWISE_BEZIER_KNOTS.);
#2916 = CARTESIAN_POINT('',(-6.317473688142,-5.82078));
#2917 = CARTESIAN_POINT('',(-4.433855253641,-4.120469313));
#2918 = CARTESIAN_POINT('',(-2.530927554922,-2.4423210029));
#2919 = CARTESIAN_POINT('',(-0.578679990233,-0.82078));
#2920 = ( GEOMETRIC_REPRESENTATION_CONTEXT(2) 
PARAMETRIC_REPRESENTATION_CONTEXT() REPRESENTATION_CONTEXT('2D SPACE',''
  ) );
#2921 = PCURVE('',#2922,#2927);
#2922 = CONICAL_SURFACE('',#2923,17.,0.7853981634);
#2923 = AXIS2_PLACEMENT_3D('',#2924,#2925,#2926);
#2924 = CARTESIAN_POINT('',(0.,0.,-146.45561));
#2925 = DIRECTION('',(0.,0.,-1.));
#2926 = DIRECTION('',(-1.,0.,0.));
#2927 = DEFINITIONAL_REPRESENTATION('',(#2928),#2954);
#2928 = B_SPLINE_CURVE_WITH_KNOTS('',3,(#2929,#2930,#2931,#2932,#2933,
    #2934,#2935,#2936,#2937,#2938,#2939,#2940,#2941,#2942,#2943,#2944,
    #2945,#2946,#2947,#2948,#2949,#2950,#2951,#2952,#2953),
  .UNSPECIFIED.,.F.,.F.,(4,1,1,1,1,1,1,1,1,1,1,1,1,1,1,1,1,1,1,1,1,1,4),
  (0.,3.459737518921E-04,6.919475037842E-04,1.037921255676E-03,
    1.383895007568E-03,1.72986875946E-03,2.075842511353E-03,
    2.421816263245E-03,2.767790015137E-03,3.113763767029E-03,
    3.459737518921E-03,3.805711270813E-03,4.151685022705E-03,
    4.497658774597E-03,4.843632526489E-03,5.189606278381E-03,
    5.535580030273E-03,5.881553782166E-03,6.227527534058E-03,
    6.57350128595E-03,6.919475037842E-03,7.265448789734E-03,
    7.611422541626E-03),.UNSPECIFIED.);
#2929 = CARTESIAN_POINT('',(4.402072648092,4.999999999983));
#2930 = CARTESIAN_POINT('',(4.403747314429,4.922713192568));
#2931 = CARTESIAN_POINT('',(4.407133454902,4.76824174357));
#2932 = CARTESIAN_POINT('',(4.412327068073,4.536853486315));
#2933 = CARTESIAN_POINT('',(4.41763899678,4.305796359935));
#2934 = CARTESIAN_POINT('',(4.423073385058,4.075083293481));
#2935 = CARTESIAN_POINT('',(4.428634538681,3.84472772156));
#2936 = CARTESIAN_POINT('',(4.434326954567,3.614743679936));
#2937 = CARTESIAN_POINT('',(4.440155324293,3.385145822111));
#2938 = CARTESIAN_POINT('',(4.446124545084,3.155949459821));
#2939 = CARTESIAN_POINT('',(4.452239729382,2.927170600034));
#2940 = CARTESIAN_POINT('',(4.458506215365,2.698825986026));
#2941 = CARTESIAN_POINT('',(4.464929577811,2.470933140689));
#2942 = CARTESIAN_POINT('',(4.471515639487,2.243510412822));
#2943 = CARTESIAN_POINT('',(4.478270482999,2.016577026429));
#2944 = CARTESIAN_POINT('',(4.485200463152,1.790153133305));
#2945 = CARTESIAN_POINT('',(4.492312219771,1.564259869));
#2946 = CARTESIAN_POINT('',(4.499612691086,1.338919412843));
#2947 = CARTESIAN_POINT('',(4.507109127259,1.114155050615));
#2948 = CARTESIAN_POINT('',(4.514809105586,0.889991246278));
#2949 = CARTESIAN_POINT('',(4.522720541513,0.666453700098));
#2950 = CARTESIAN_POINT('',(4.530851717207,0.443569479009));
#2951 = CARTESIAN_POINT('',(4.539211246298,0.221366900201));
#2952 = CARTESIAN_POINT('',(4.544942600959,7.370653998777E-02));
#2953 = CARTESIAN_POINT('',(4.547849361506,-3.941735826629E-12));
#2954 = ( GEOMETRIC_REPRESENTATION_CONTEXT(2) 
PARAMETRIC_REPRESENTATION_CONTEXT() REPRESENTATION_CONTEXT('2D SPACE',''
  ) );
#2955 = ORIENTED_EDGE('',*,*,#2956,.T.);
#2956 = EDGE_CURVE('',#2905,#2779,#2957,.T.);
#2957 = SURFACE_CURVE('',#2958,(#2962,#2969),.PCURVE_S1.);
#2958 = LINE('',#2959,#2960);
#2959 = CARTESIAN_POINT('',(-6.89338894161,-6.488460062682,-146.45561));
#2960 = VECTOR('',#2961,1.);
#2961 = DIRECTION('',(-0.685396323559,0.728170227111,0.));
#2962 = PCURVE('',#505,#2963);
#2963 = DEFINITIONAL_REPRESENTATION('',(#2964),#2968);
#2964 = LINE('',#2965,#2966);
#2965 = CARTESIAN_POINT('',(13.541556371617,-0.82078));
#2966 = VECTOR('',#2967,1.);
#2967 = DIRECTION('',(1.,0.));
#2968 = ( GEOMETRIC_REPRESENTATION_CONTEXT(2) 
PARAMETRIC_REPRESENTATION_CONTEXT() REPRESENTATION_CONTEXT('2D SPACE',''
  ) );
#2969 = PCURVE('',#146,#2970);
#2970 = DEFINITIONAL_REPRESENTATION('',(#2971),#2975);
#2971 = LINE('',#2972,#2973);
#2972 = CARTESIAN_POINT('',(-6.89338894161,-6.488460062682));
#2973 = VECTOR('',#2974,1.);
#2974 = DIRECTION('',(-0.685396323559,0.728170227111));
#2975 = ( GEOMETRIC_REPRESENTATION_CONTEXT(2) 
PARAMETRIC_REPRESENTATION_CONTEXT() REPRESENTATION_CONTEXT('2D SPACE',''
  ) );
#2976 = ORIENTED_EDGE('',*,*,#2804,.T.);
#2977 = ADVANCED_FACE('',(#2978),#2922,.T.);
#2978 = FACE_BOUND('',#2979,.T.);
#2979 = EDGE_LOOP('',(#2980,#2981,#3005,#3052));
#2980 = ORIENTED_EDGE('',*,*,#2904,.F.);
#2981 = ORIENTED_EDGE('',*,*,#2982,.T.);
#2982 = EDGE_CURVE('',#2877,#2983,#2985,.T.);
#2983 = VERTEX_POINT('',#2984);
#2984 = CARTESIAN_POINT('',(14.78359331357,-16.29249424547,-151.45561));
#2985 = SURFACE_CURVE('',#2986,(#2991,#2998),.PCURVE_S1.);
#2986 = CIRCLE('',#2987,22.);
#2987 = AXIS2_PLACEMENT_3D('',#2988,#2989,#2990);
#2988 = CARTESIAN_POINT('',(0.,0.,-151.45561));
#2989 = DIRECTION('',(0.,0.,1.));
#2990 = DIRECTION('',(1.,0.,0.));
#2991 = PCURVE('',#2922,#2992);
#2992 = DEFINITIONAL_REPRESENTATION('',(#2993),#2997);
#2993 = LINE('',#2994,#2995);
#2994 = CARTESIAN_POINT('',(9.424777960769,4.999999999987));
#2995 = VECTOR('',#2996,1.);
#2996 = DIRECTION('',(-1.,0.));
#2997 = ( GEOMETRIC_REPRESENTATION_CONTEXT(2) 
PARAMETRIC_REPRESENTATION_CONTEXT() REPRESENTATION_CONTEXT('2D SPACE',''
  ) );
#2998 = PCURVE('',#2892,#2999);
#2999 = DEFINITIONAL_REPRESENTATION('',(#3000),#3004);
#3000 = LINE('',#3001,#3002);
#3001 = CARTESIAN_POINT('',(-3.14159265359,-5.));
#3002 = VECTOR('',#3003,1.);
#3003 = DIRECTION('',(1.,0.));
#3004 = ( GEOMETRIC_REPRESENTATION_CONTEXT(2) 
PARAMETRIC_REPRESENTATION_CONTEXT() REPRESENTATION_CONTEXT('2D SPACE',''
  ) );
#3005 = ORIENTED_EDGE('',*,*,#3006,.F.);
#3006 = EDGE_CURVE('',#3007,#2983,#3009,.T.);
#3007 = VERTEX_POINT('',#3008);
#3008 = CARTESIAN_POINT('',(13.131304203703,-10.79670551185,-146.45561)
  );
#3009 = SURFACE_CURVE('',#3010,(#3015,#3044),.PCURVE_S1.);
#3010 = B_SPLINE_CURVE_WITH_KNOTS('',3,(#3011,#3012,#3013,#3014),
  .UNSPECIFIED.,.F.,.F.,(4,4),(0.,7.611422541626E-03),
  .PIECEWISE_BEZIER_KNOTS.);
#3011 = CARTESIAN_POINT('',(13.131304203703,-10.79670551185,-146.45561)
  );
#3012 = CARTESIAN_POINT('',(13.693387031679,-12.66628660084,
    -148.0771510029));
#3013 = CARTESIAN_POINT('',(14.2412698933,-14.48863623703,-149.755299313
    ));
#3014 = CARTESIAN_POINT('',(14.78359331357,-16.29249424547,-151.45561));
#3015 = PCURVE('',#2922,#3016);
#3016 = DEFINITIONAL_REPRESENTATION('',(#3017),#3043);
#3017 = B_SPLINE_CURVE_WITH_KNOTS('',3,(#3018,#3019,#3020,#3021,#3022,
    #3023,#3024,#3025,#3026,#3027,#3028,#3029,#3030,#3031,#3032,#3033,
    #3034,#3035,#3036,#3037,#3038,#3039,#3040,#3041,#3042),
  .UNSPECIFIED.,.F.,.F.,(4,1,1,1,1,1,1,1,1,1,1,1,1,1,1,1,1,1,1,1,1,1,4),
  (0.,3.459737518921E-04,6.919475037842E-04,1.037921255676E-03,
    1.383895007568E-03,1.72986875946E-03,2.075842511353E-03,
    2.421816263245E-03,2.767790015137E-03,3.113763767029E-03,
    3.459737518921E-03,3.805711270813E-03,4.151685022705E-03,
    4.497658774597E-03,4.843632526489E-03,5.189606278381E-03,
    5.535580030273E-03,5.881553782166E-03,6.227527534058E-03,
    6.57350128595E-03,6.919475037842E-03,7.265448789734E-03,
    7.611422541626E-03),.QUASI_UNIFORM_KNOTS.);
#3018 = CARTESIAN_POINT('',(3.829731048067,-2.938094212368E-12));
#3019 = CARTESIAN_POINT('',(3.832637808613,7.370653998862E-02));
#3020 = CARTESIAN_POINT('',(3.838369163274,0.221366900202));
#3021 = CARTESIAN_POINT('',(3.846728692365,0.443569479009));
#3022 = CARTESIAN_POINT('',(3.854859868059,0.666453700098));
#3023 = CARTESIAN_POINT('',(3.862771303986,0.889991246278));
#3024 = CARTESIAN_POINT('',(3.870471282314,1.114155050615));
#3025 = CARTESIAN_POINT('',(3.877967718486,1.338919412843));
#3026 = CARTESIAN_POINT('',(3.885268189801,1.564259869));
#3027 = CARTESIAN_POINT('',(3.89237994642,1.790153133305));
#3028 = CARTESIAN_POINT('',(3.899309926574,2.016577026429));
#3029 = CARTESIAN_POINT('',(3.906064770085,2.243510412821));
#3030 = CARTESIAN_POINT('',(3.912650831761,2.470933140688));
#3031 = CARTESIAN_POINT('',(3.919074194208,2.698825986026));
#3032 = CARTESIAN_POINT('',(3.92534068019,2.927170600034));
#3033 = CARTESIAN_POINT('',(3.931455864488,3.155949459821));
#3034 = CARTESIAN_POINT('',(3.93742508528,3.385145822112));
#3035 = CARTESIAN_POINT('',(3.943253455005,3.614743679936));
#3036 = CARTESIAN_POINT('',(3.948945870892,3.844727721561));
#3037 = CARTESIAN_POINT('',(3.954507024514,4.075083293482));
#3038 = CARTESIAN_POINT('',(3.959941412792,4.305796359935));
#3039 = CARTESIAN_POINT('',(3.965253341499,4.536853486316));
#3040 = CARTESIAN_POINT('',(3.970446954671,4.768241743571));
#3041 = CARTESIAN_POINT('',(3.973833095144,4.922713192569));
#3042 = CARTESIAN_POINT('',(3.97550776148,4.999999999984));
#3043 = ( GEOMETRIC_REPRESENTATION_CONTEXT(2) 
PARAMETRIC_REPRESENTATION_CONTEXT() REPRESENTATION_CONTEXT('2D SPACE',''
  ) );
#3044 = PCURVE('',#448,#3045);
#3045 = DEFINITIONAL_REPRESENTATION('',(#3046),#3051);
#3046 = B_SPLINE_CURVE_WITH_KNOTS('',3,(#3047,#3048,#3049,#3050),
  .UNSPECIFIED.,.F.,.F.,(4,4),(0.,7.611422541626E-03),
  .PIECEWISE_BEZIER_KNOTS.);
#3047 = CARTESIAN_POINT('',(1.372820221548,-0.82078));
#3048 = CARTESIAN_POINT('',(3.325067786232,-2.4423210029));
#3049 = CARTESIAN_POINT('',(5.227995484958,-4.120469313));
#3050 = CARTESIAN_POINT('',(7.111613919458,-5.82078));
#3051 = ( GEOMETRIC_REPRESENTATION_CONTEXT(2) 
PARAMETRIC_REPRESENTATION_CONTEXT() REPRESENTATION_CONTEXT('2D SPACE',''
  ) );
#3052 = ORIENTED_EDGE('',*,*,#3053,.F.);
#3053 = EDGE_CURVE('',#2905,#3007,#3054,.T.);
#3054 = SURFACE_CURVE('',#3055,(#3060,#3067),.PCURVE_S1.);
#3055 = CIRCLE('',#3056,17.);
#3056 = AXIS2_PLACEMENT_3D('',#3057,#3058,#3059);
#3057 = CARTESIAN_POINT('',(0.,0.,-146.45561));
#3058 = DIRECTION('',(0.,0.,1.));
#3059 = DIRECTION('',(1.,0.,0.));
#3060 = PCURVE('',#2922,#3061);
#3061 = DEFINITIONAL_REPRESENTATION('',(#3062),#3066);
#3062 = LINE('',#3063,#3064);
#3063 = CARTESIAN_POINT('',(9.424777960769,0.));
#3064 = VECTOR('',#3065,1.);
#3065 = DIRECTION('',(-1.,0.));
#3066 = ( GEOMETRIC_REPRESENTATION_CONTEXT(2) 
PARAMETRIC_REPRESENTATION_CONTEXT() REPRESENTATION_CONTEXT('2D SPACE',''
  ) );
#3067 = PCURVE('',#146,#3068);
#3068 = DEFINITIONAL_REPRESENTATION('',(#3069),#3073);
#3069 = CIRCLE('',#3070,17.);
#3070 = AXIS2_PLACEMENT_2D('',#3071,#3072);
#3071 = CARTESIAN_POINT('',(0.,0.));
#3072 = DIRECTION('',(1.,0.));
#3073 = ( GEOMETRIC_REPRESENTATION_CONTEXT(2) 
PARAMETRIC_REPRESENTATION_CONTEXT() REPRESENTATION_CONTEXT('2D SPACE',''
  ) );
#3074 = ADVANCED_FACE('',(#3075),#2892,.T.);
#3075 = FACE_BOUND('',#3076,.T.);
#3076 = EDGE_LOOP('',(#3077,#3078,#3102,#3123));
#3077 = ORIENTED_EDGE('',*,*,#2876,.T.);
#3078 = ORIENTED_EDGE('',*,*,#3079,.T.);
#3079 = EDGE_CURVE('',#2830,#3080,#3082,.T.);
#3080 = VERTEX_POINT('',#3081);
#3081 = CARTESIAN_POINT('',(14.78359331357,-16.29249424547,-161.45561));
#3082 = SURFACE_CURVE('',#3083,(#3088,#3095),.PCURVE_S1.);
#3083 = CIRCLE('',#3084,22.);
#3084 = AXIS2_PLACEMENT_3D('',#3085,#3086,#3087);
#3085 = CARTESIAN_POINT('',(0.,0.,-161.45561));
#3086 = DIRECTION('',(0.,0.,1.));
#3087 = DIRECTION('',(1.,0.,0.));
#3088 = PCURVE('',#2892,#3089);
#3089 = DEFINITIONAL_REPRESENTATION('',(#3090),#3094);
#3090 = LINE('',#3091,#3092);
#3091 = CARTESIAN_POINT('',(-3.14159265359,-15.));
#3092 = VECTOR('',#3093,1.);
#3093 = DIRECTION('',(1.,0.));
#3094 = ( GEOMETRIC_REPRESENTATION_CONTEXT(2) 
PARAMETRIC_REPRESENTATION_CONTEXT() REPRESENTATION_CONTEXT('2D SPACE',''
  ) );
#3095 = PCURVE('',#477,#3096);
#3096 = DEFINITIONAL_REPRESENTATION('',(#3097),#3101);
#3097 = LINE('',#3098,#3099);
#3098 = CARTESIAN_POINT('',(0.,0.));
#3099 = VECTOR('',#3100,1.);
#3100 = DIRECTION('',(1.,0.));
#3101 = ( GEOMETRIC_REPRESENTATION_CONTEXT(2) 
PARAMETRIC_REPRESENTATION_CONTEXT() REPRESENTATION_CONTEXT('2D SPACE',''
  ) );
#3102 = ORIENTED_EDGE('',*,*,#3103,.F.);
#3103 = EDGE_CURVE('',#2983,#3080,#3104,.T.);
#3104 = SURFACE_CURVE('',#3105,(#3109,#3116),.PCURVE_S1.);
#3105 = LINE('',#3106,#3107);
#3106 = CARTESIAN_POINT('',(14.78359331357,-16.29249424547,-146.45561));
#3107 = VECTOR('',#3108,1.);
#3108 = DIRECTION('',(0.,0.,-1.));
#3109 = PCURVE('',#2892,#3110);
#3110 = DEFINITIONAL_REPRESENTATION('',(#3111),#3115);
#3111 = LINE('',#3112,#3113);
#3112 = CARTESIAN_POINT('',(2.307677545699,0.));
#3113 = VECTOR('',#3114,1.);
#3114 = DIRECTION('',(0.,-1.));
#3115 = ( GEOMETRIC_REPRESENTATION_CONTEXT(2) 
PARAMETRIC_REPRESENTATION_CONTEXT() REPRESENTATION_CONTEXT('2D SPACE',''
  ) );
#3116 = PCURVE('',#448,#3117);
#3117 = DEFINITIONAL_REPRESENTATION('',(#3118),#3122);
#3118 = LINE('',#3119,#3120);
#3119 = CARTESIAN_POINT('',(7.111613919458,-0.82078));
#3120 = VECTOR('',#3121,1.);
#3121 = DIRECTION('',(0.,-1.));
#3122 = ( GEOMETRIC_REPRESENTATION_CONTEXT(2) 
PARAMETRIC_REPRESENTATION_CONTEXT() REPRESENTATION_CONTEXT('2D SPACE',''
  ) );
#3123 = ORIENTED_EDGE('',*,*,#2982,.F.);
#3124 = ADVANCED_FACE('',(#3125),#477,.T.);
#3125 = FACE_BOUND('',#3126,.T.);
#3126 = EDGE_LOOP('',(#3127,#3128,#3129,#3174));
#3127 = ORIENTED_EDGE('',*,*,#2829,.F.);
#3128 = ORIENTED_EDGE('',*,*,#460,.T.);
#3129 = ORIENTED_EDGE('',*,*,#3130,.F.);
#3130 = EDGE_CURVE('',#3080,#433,#3131,.T.);
#3131 = SURFACE_CURVE('',#3132,(#3137,#3166),.PCURVE_S1.);
#3132 = B_SPLINE_CURVE_WITH_KNOTS('',3,(#3133,#3134,#3135,#3136),
  .UNSPECIFIED.,.F.,.F.,(4,4),(0.,7.611422541626E-03),
  .PIECEWISE_BEZIER_KNOTS.);
#3133 = CARTESIAN_POINT('',(14.78359331357,-16.29249424547,-161.45561));
#3134 = CARTESIAN_POINT('',(14.2412698933,-14.48863623703,
    -163.1559206869));
#3135 = CARTESIAN_POINT('',(13.693387031679,-12.66628660084,
    -164.834068997));
#3136 = CARTESIAN_POINT('',(13.131304203703,-10.79670551185,-166.45561)
  );
#3137 = PCURVE('',#477,#3138);
#3138 = DEFINITIONAL_REPRESENTATION('',(#3139),#3165);
#3139 = B_SPLINE_CURVE_WITH_KNOTS('',3,(#3140,#3141,#3142,#3143,#3144,
    #3145,#3146,#3147,#3148,#3149,#3150,#3151,#3152,#3153,#3154,#3155,
    #3156,#3157,#3158,#3159,#3160,#3161,#3162,#3163,#3164),
  .UNSPECIFIED.,.F.,.F.,(4,1,1,1,1,1,1,1,1,1,1,1,1,1,1,1,1,1,1,1,1,1,4),
  (0.,3.459737518921E-04,6.919475037842E-04,1.037921255676E-03,
    1.383895007568E-03,1.72986875946E-03,2.075842511353E-03,
    2.421816263245E-03,2.767790015137E-03,3.113763767029E-03,
    3.459737518921E-03,3.805711270813E-03,4.151685022705E-03,
    4.497658774597E-03,4.843632526489E-03,5.189606278381E-03,
    5.535580030273E-03,5.881553782166E-03,6.227527534058E-03,
    6.57350128595E-03,6.919475037842E-03,7.265448789734E-03,
    7.611422541626E-03),.QUASI_UNIFORM_KNOTS.);
#3140 = CARTESIAN_POINT('',(5.449270199289,-3.357314426466E-12));
#3141 = CARTESIAN_POINT('',(5.450944865626,-7.728680741573E-02));
#3142 = CARTESIAN_POINT('',(5.454331006099,-0.23175825641));
#3143 = CARTESIAN_POINT('',(5.45952461927,-0.463146513658));
#3144 = CARTESIAN_POINT('',(5.464836547977,-0.694203640034));
#3145 = CARTESIAN_POINT('',(5.470270936255,-0.924916706483));
#3146 = CARTESIAN_POINT('',(5.475832089878,-1.1552722784));
#3147 = CARTESIAN_POINT('',(5.481524505764,-1.385256320021));
#3148 = CARTESIAN_POINT('',(5.487352875489,-1.614854177843));
#3149 = CARTESIAN_POINT('',(5.493322096281,-1.844050540132));
#3150 = CARTESIAN_POINT('',(5.499437280579,-2.072829399916));
#3151 = CARTESIAN_POINT('',(5.505703766562,-2.301174013924));
#3152 = CARTESIAN_POINT('',(5.512127129008,-2.529066859261));
#3153 = CARTESIAN_POINT('',(5.518713190684,-2.756489587129));
#3154 = CARTESIAN_POINT('',(5.525468034196,-2.983422973522));
#3155 = CARTESIAN_POINT('',(5.532398014349,-3.209846866648));
#3156 = CARTESIAN_POINT('',(5.539509770968,-3.435740130955));
#3157 = CARTESIAN_POINT('',(5.546810242283,-3.661080587115));
#3158 = CARTESIAN_POINT('',(5.554306678456,-3.885844949346));
#3159 = CARTESIAN_POINT('',(5.562006656783,-4.110008753687));
#3160 = CARTESIAN_POINT('',(5.56991809271,-4.333546299872));
#3161 = CARTESIAN_POINT('',(5.578049268404,-4.556430520966));
#3162 = CARTESIAN_POINT('',(5.586408797495,-4.778633099779));
#3163 = CARTESIAN_POINT('',(5.592140152156,-4.926293459996));
#3164 = CARTESIAN_POINT('',(5.595046912703,-4.99999999999));
#3165 = ( GEOMETRIC_REPRESENTATION_CONTEXT(2) 
PARAMETRIC_REPRESENTATION_CONTEXT() REPRESENTATION_CONTEXT('2D SPACE',''
  ) );
#3166 = PCURVE('',#448,#3167);
#3167 = DEFINITIONAL_REPRESENTATION('',(#3168),#3173);
#3168 = B_SPLINE_CURVE_WITH_KNOTS('',3,(#3169,#3170,#3171,#3172),
  .UNSPECIFIED.,.F.,.F.,(4,4),(0.,7.611422541626E-03),
  .PIECEWISE_BEZIER_KNOTS.);
#3169 = CARTESIAN_POINT('',(7.111613919458,-15.82078));
#3170 = CARTESIAN_POINT('',(5.227995484958,-17.5210906869));
#3171 = CARTESIAN_POINT('',(3.325067786232,-19.199238997));
#3172 = CARTESIAN_POINT('',(1.372820221548,-20.82078));
#3173 = ( GEOMETRIC_REPRESENTATION_CONTEXT(2) 
PARAMETRIC_REPRESENTATION_CONTEXT() REPRESENTATION_CONTEXT('2D SPACE',''
  ) );
#3174 = ORIENTED_EDGE('',*,*,#3079,.F.);
#3175 = ADVANCED_FACE('',(#3176),#448,.F.);
#3176 = FACE_BOUND('',#3177,.T.);
#3177 = EDGE_LOOP('',(#3178,#3179,#3180,#3181,#3204,#3225));
#3178 = ORIENTED_EDGE('',*,*,#3103,.T.);
#3179 = ORIENTED_EDGE('',*,*,#3130,.T.);
#3180 = ORIENTED_EDGE('',*,*,#432,.T.);
#3181 = ORIENTED_EDGE('',*,*,#3182,.F.);
#3182 = EDGE_CURVE('',#3183,#404,#3185,.T.);
#3183 = VERTEX_POINT('',#3184);
#3184 = CARTESIAN_POINT('',(13.011764693593,-10.39909719442,-146.45561)
  );
#3185 = SURFACE_CURVE('',#3186,(#3190,#3197),.PCURVE_S1.);
#3186 = LINE('',#3187,#3188);
#3187 = CARTESIAN_POINT('',(13.011764693593,-10.39909719442,-145.63483)
  );
#3188 = VECTOR('',#3189,1.);
#3189 = DIRECTION('',(0.,0.,-1.));
#3190 = PCURVE('',#448,#3191);
#3191 = DEFINITIONAL_REPRESENTATION('',(#3192),#3196);
#3192 = LINE('',#3193,#3194);
#3193 = CARTESIAN_POINT('',(0.957631025437,0.));
#3194 = VECTOR('',#3195,1.);
#3195 = DIRECTION('',(0.,-1.));
#3196 = ( GEOMETRIC_REPRESENTATION_CONTEXT(2) 
PARAMETRIC_REPRESENTATION_CONTEXT() REPRESENTATION_CONTEXT('2D SPACE',''
  ) );
#3197 = PCURVE('',#420,#3198);
#3198 = DEFINITIONAL_REPRESENTATION('',(#3199),#3203);
#3199 = LINE('',#3200,#3201);
#3200 = CARTESIAN_POINT('',(2.391768927049,0.));
#3201 = VECTOR('',#3202,1.);
#3202 = DIRECTION('',(0.,-1.));
#3203 = ( GEOMETRIC_REPRESENTATION_CONTEXT(2) 
PARAMETRIC_REPRESENTATION_CONTEXT() REPRESENTATION_CONTEXT('2D SPACE',''
  ) );
#3204 = ORIENTED_EDGE('',*,*,#3205,.T.);
#3205 = EDGE_CURVE('',#3183,#3007,#3206,.T.);
#3206 = SURFACE_CURVE('',#3207,(#3211,#3218),.PCURVE_S1.);
#3207 = LINE('',#3208,#3209);
#3208 = CARTESIAN_POINT('',(9.065865716528,2.72561991026,-146.45561));
#3209 = VECTOR('',#3210,1.);
#3210 = DIRECTION('',(0.287915753178,-0.957655741419,0.));
#3211 = PCURVE('',#448,#3212);
#3212 = DEFINITIONAL_REPRESENTATION('',(#3213),#3217);
#3213 = LINE('',#3214,#3215);
#3214 = CARTESIAN_POINT('',(-12.7474161403,-0.82078));
#3215 = VECTOR('',#3216,1.);
#3216 = DIRECTION('',(1.,0.));
#3217 = ( GEOMETRIC_REPRESENTATION_CONTEXT(2) 
PARAMETRIC_REPRESENTATION_CONTEXT() REPRESENTATION_CONTEXT('2D SPACE',''
  ) );
#3218 = PCURVE('',#146,#3219);
#3219 = DEFINITIONAL_REPRESENTATION('',(#3220),#3224);
#3220 = LINE('',#3221,#3222);
#3221 = CARTESIAN_POINT('',(9.065865716528,2.72561991026));
#3222 = VECTOR('',#3223,1.);
#3223 = DIRECTION('',(0.287915753178,-0.957655741419));
#3224 = ( GEOMETRIC_REPRESENTATION_CONTEXT(2) 
PARAMETRIC_REPRESENTATION_CONTEXT() REPRESENTATION_CONTEXT('2D SPACE',''
  ) );
#3225 = ORIENTED_EDGE('',*,*,#3006,.T.);
#3226 = ADVANCED_FACE('',(#3227),#420,.T.);
#3227 = FACE_BOUND('',#3228,.T.);
#3228 = EDGE_LOOP('',(#3229,#3252,#3326,#3349,#3371,#3372));
#3229 = ORIENTED_EDGE('',*,*,#3230,.F.);
#3230 = EDGE_CURVE('',#3231,#376,#3233,.T.);
#3231 = VERTEX_POINT('',#3232);
#3232 = CARTESIAN_POINT('',(15.511764693593,-6.068970175504,
    -157.571714413));
#3233 = SURFACE_CURVE('',#3234,(#3238,#3245),.PCURVE_S1.);
#3234 = LINE('',#3235,#3236);
#3235 = CARTESIAN_POINT('',(15.511764693593,-6.068970175504,-145.63483)
  );
#3236 = VECTOR('',#3237,1.);
#3237 = DIRECTION('',(0.,0.,-1.));
#3238 = PCURVE('',#420,#3239);
#3239 = DEFINITIONAL_REPRESENTATION('',(#3240),#3244);
#3240 = LINE('',#3241,#3242);
#3241 = CARTESIAN_POINT('',(2.844218828934,0.));
#3242 = VECTOR('',#3243,1.);
#3243 = DIRECTION('',(0.,-1.));
#3244 = ( GEOMETRIC_REPRESENTATION_CONTEXT(2) 
PARAMETRIC_REPRESENTATION_CONTEXT() REPRESENTATION_CONTEXT('2D SPACE',''
  ) );
#3245 = PCURVE('',#391,#3246);
#3246 = DEFINITIONAL_REPRESENTATION('',(#3247),#3251);
#3247 = LINE('',#3248,#3249);
#3248 = CARTESIAN_POINT('',(-0.163490794124,0.));
#3249 = VECTOR('',#3250,1.);
#3250 = DIRECTION('',(-0.,-1.));
#3251 = ( GEOMETRIC_REPRESENTATION_CONTEXT(2) 
PARAMETRIC_REPRESENTATION_CONTEXT() REPRESENTATION_CONTEXT('2D SPACE',''
  ) );
#3252 = ORIENTED_EDGE('',*,*,#3253,.T.);
#3253 = EDGE_CURVE('',#3231,#3254,#3256,.T.);
#3254 = VERTEX_POINT('',#3255);
#3255 = CARTESIAN_POINT('',(15.511764693593,-6.068970175504,
    -156.1251170516));
#3256 = SURFACE_CURVE('',#3257,(#3268,#3297),.PCURVE_S1.);
#3257 = B_SPLINE_CURVE_WITH_KNOTS('',3,(#3258,#3259,#3260,#3261,#3262,
    #3263,#3264,#3265,#3266,#3267),.UNSPECIFIED.,.F.,.F.,(4,2,2,2,4),(0.
    ,4.346210500442E-04,8.692421000883E-04,1.303863150132E-03,
    1.738484200177E-03),.UNSPECIFIED.);
#3258 = CARTESIAN_POINT('',(15.511764693593,-6.068970175504,
    -157.571714413));
#3259 = CARTESIAN_POINT('',(15.477551404442,-6.180610081244,
    -157.4835142382));
#3260 = CARTESIAN_POINT('',(15.444875553629,-6.280680438556,
    -157.3821200497));
#3261 = CARTESIAN_POINT('',(15.393481885903,-6.433447583735,
    -157.1376620795));
#3262 = CARTESIAN_POINT('',(15.376499580428,-6.481492825368,
    -156.9953495661));
#3263 = CARTESIAN_POINT('',(15.376287640313,-6.482098989128,
    -156.7043956251));
#3264 = CARTESIAN_POINT('',(15.393487344535,-6.43341211132,
    -156.5595447378));
#3265 = CARTESIAN_POINT('',(15.444325647119,-6.282334071606,
    -156.3169300392));
#3266 = CARTESIAN_POINT('',(15.47748296126,-6.180833415235,
    -156.2134936697));
#3267 = CARTESIAN_POINT('',(15.511764693593,-6.068970175504,
    -156.1251170516));
#3268 = PCURVE('',#420,#3269);
#3269 = DEFINITIONAL_REPRESENTATION('',(#3270),#3296);
#3270 = B_SPLINE_CURVE_WITH_KNOTS('',3,(#3271,#3272,#3273,#3274,#3275,
    #3276,#3277,#3278,#3279,#3280,#3281,#3282,#3283,#3284,#3285,#3286,
    #3287,#3288,#3289,#3290,#3291,#3292,#3293,#3294,#3295),
  .UNSPECIFIED.,.F.,.F.,(4,1,1,1,1,1,1,1,1,1,1,1,1,1,1,1,1,1,1,1,1,1,4),
  (0.,7.902200909894E-05,1.580440181979E-04,2.370660272968E-04,
    3.160880363957E-04,3.951100454947E-04,4.741320545936E-04,
    5.531540636926E-04,6.321760727915E-04,7.111980818904E-04,
    7.902200909894E-04,8.692421000883E-04,9.482641091872E-04,
    1.027286118286E-03,1.106308127385E-03,1.185330136484E-03,
    1.264352145583E-03,1.343374154682E-03,1.422396163781E-03,
    1.50141817288E-03,1.580440181979E-03,1.659462191078E-03,
    1.738484200177E-03),.UNSPECIFIED.);
#3271 = CARTESIAN_POINT('',(2.844218828934,-11.93688441308));
#3272 = CARTESIAN_POINT('',(2.842314079774,-11.92084801765));
#3273 = CARTESIAN_POINT('',(2.838572859308,-11.88790297236));
#3274 = CARTESIAN_POINT('',(2.833208322033,-11.83559239724));
#3275 = CARTESIAN_POINT('',(2.828133849759,-11.78011534512));
#3276 = CARTESIAN_POINT('',(2.823391123072,-11.72118863678));
#3277 = CARTESIAN_POINT('',(2.819026198708,-11.65856515653));
#3278 = CARTESIAN_POINT('',(2.815068976066,-11.5918632439));
#3279 = CARTESIAN_POINT('',(2.811679192203,-11.52142582609));
#3280 = CARTESIAN_POINT('',(2.808917117083,-11.44793722009));
#3281 = CARTESIAN_POINT('',(2.806852461244,-11.37197920256));
#3282 = CARTESIAN_POINT('',(2.805553692456,-11.29420127586));
#3283 = CARTESIAN_POINT('',(2.805084944678,-11.21508457987));
#3284 = CARTESIAN_POINT('',(2.805529050815,-11.13571597868));
#3285 = CARTESIAN_POINT('',(2.806823585847,-11.05739965062));
#3286 = CARTESIAN_POINT('',(2.808887249681,-10.98083007419));
#3287 = CARTESIAN_POINT('',(2.811643805368,-10.90688400528));
#3288 = CARTESIAN_POINT('',(2.815015754825,-10.8363187901));
#3289 = CARTESIAN_POINT('',(2.818925712303,-10.77018713609));
#3290 = CARTESIAN_POINT('',(2.823286754588,-10.70751988187));
#3291 = CARTESIAN_POINT('',(2.8280486651,-10.64825313486));
#3292 = CARTESIAN_POINT('',(2.833155758127,-10.59227546734));
#3293 = CARTESIAN_POINT('',(2.838553858054,-10.53948819297));
#3294 = CARTESIAN_POINT('',(2.842310269928,-10.50635552768));
#3295 = CARTESIAN_POINT('',(2.844218828934,-10.49028705167));
#3296 = ( GEOMETRIC_REPRESENTATION_CONTEXT(2) 
PARAMETRIC_REPRESENTATION_CONTEXT() REPRESENTATION_CONTEXT('2D SPACE',''
  ) );
#3297 = PCURVE('',#73,#3298);
#3298 = DEFINITIONAL_REPRESENTATION('',(#3299),#3325);
#3299 = B_SPLINE_CURVE_WITH_KNOTS('',3,(#3300,#3301,#3302,#3303,#3304,
    #3305,#3306,#3307,#3308,#3309,#3310,#3311,#3312,#3313,#3314,#3315,
    #3316,#3317,#3318,#3319,#3320,#3321,#3322,#3323,#3324),
  .UNSPECIFIED.,.F.,.F.,(4,1,1,1,1,1,1,1,1,1,1,1,1,1,1,1,1,1,1,1,1,1,4),
  (0.,7.902200909895E-05,1.580440181979E-04,2.370660272969E-04,
    3.160880363958E-04,3.951100454948E-04,4.741320545937E-04,
    5.531540636927E-04,6.321760727916E-04,7.111980818906E-04,
    7.902200909895E-04,8.692421000885E-04,9.482641091875E-04,
    1.027286118286E-03,1.106308127385E-03,1.185330136484E-03,
    1.264352145583E-03,1.343374154682E-03,1.422396163781E-03,
    1.50141817288E-03,1.580440181979E-03,1.659462191078E-03,
    1.738484200177E-03),.UNSPECIFIED.);
#3300 = CARTESIAN_POINT('',(1.200759956925,-16.0689701755));
#3301 = CARTESIAN_POINT('',(1.209361043714,-16.08926834018));
#3302 = CARTESIAN_POINT('',(1.22694850819,-16.12909964384));
#3303 = CARTESIAN_POINT('',(1.254607103165,-16.18611540889));
#3304 = CARTESIAN_POINT('',(1.283659657468,-16.23996038266));
#3305 = CARTESIAN_POINT('',(1.314240107903,-16.29020717039));
#3306 = CARTESIAN_POINT('',(1.346470576778,-16.33638304063));
#3307 = CARTESIAN_POINT('',(1.380550475079,-16.37818440256));
#3308 = CARTESIAN_POINT('',(1.416286102836,-16.41395162679));
#3309 = CARTESIAN_POINT('',(1.45336687261,-16.44306478545));
#3310 = CARTESIAN_POINT('',(1.491529902613,-16.46480552643));
#3311 = CARTESIAN_POINT('',(1.530487678592,-16.47846861151));
#3312 = CARTESIAN_POINT('',(1.570047075988,-16.48339477119));
#3313 = CARTESIAN_POINT('',(1.609731387938,-16.47872774718));
#3314 = CARTESIAN_POINT('',(1.648958159694,-16.46510889604));
#3315 = CARTESIAN_POINT('',(1.687427023408,-16.44337858772));
#3316 = CARTESIAN_POINT('',(1.724734531247,-16.41432413718));
#3317 = CARTESIAN_POINT('',(1.760528266481,-16.37874606605));
#3318 = CARTESIAN_POINT('',(1.79431190942,-16.33744512423));
#3319 = CARTESIAN_POINT('',(1.826562565405,-16.29131093773));
#3320 = CARTESIAN_POINT('',(1.857316844202,-16.2408618108));
#3321 = CARTESIAN_POINT('',(1.88662641582,-16.18667215062));
#3322 = CARTESIAN_POINT('',(1.914529939058,-16.12930132647));
#3323 = CARTESIAN_POINT('',(1.932214513612,-16.08930894636));
#3324 = CARTESIAN_POINT('',(1.940832696665,-16.0689701755));
#3325 = ( GEOMETRIC_REPRESENTATION_CONTEXT(2) 
PARAMETRIC_REPRESENTATION_CONTEXT() REPRESENTATION_CONTEXT('2D SPACE',''
  ) );
#3326 = ORIENTED_EDGE('',*,*,#3327,.F.);
#3327 = EDGE_CURVE('',#3328,#3254,#3330,.T.);
#3328 = VERTEX_POINT('',#3329);
#3329 = CARTESIAN_POINT('',(15.511764693593,-6.068970175504,-146.45561)
  );
#3330 = SURFACE_CURVE('',#3331,(#3335,#3342),.PCURVE_S1.);
#3331 = LINE('',#3332,#3333);
#3332 = CARTESIAN_POINT('',(15.511764693593,-6.068970175504,-145.63483)
  );
#3333 = VECTOR('',#3334,1.);
#3334 = DIRECTION('',(0.,0.,-1.));
#3335 = PCURVE('',#420,#3336);
#3336 = DEFINITIONAL_REPRESENTATION('',(#3337),#3341);
#3337 = LINE('',#3338,#3339);
#3338 = CARTESIAN_POINT('',(2.844218828934,0.));
#3339 = VECTOR('',#3340,1.);
#3340 = DIRECTION('',(0.,-1.));
#3341 = ( GEOMETRIC_REPRESENTATION_CONTEXT(2) 
PARAMETRIC_REPRESENTATION_CONTEXT() REPRESENTATION_CONTEXT('2D SPACE',''
  ) );
#3342 = PCURVE('',#391,#3343);
#3343 = DEFINITIONAL_REPRESENTATION('',(#3344),#3348);
#3344 = LINE('',#3345,#3346);
#3345 = CARTESIAN_POINT('',(-0.163490794124,0.));
#3346 = VECTOR('',#3347,1.);
#3347 = DIRECTION('',(-0.,-1.));
#3348 = ( GEOMETRIC_REPRESENTATION_CONTEXT(2) 
PARAMETRIC_REPRESENTATION_CONTEXT() REPRESENTATION_CONTEXT('2D SPACE',''
  ) );
#3349 = ORIENTED_EDGE('',*,*,#3350,.F.);
#3350 = EDGE_CURVE('',#3183,#3328,#3351,.T.);
#3351 = SURFACE_CURVE('',#3352,(#3357,#3364),.PCURVE_S1.);
#3352 = CIRCLE('',#3353,11.1457735);
#3353 = AXIS2_PLACEMENT_3D('',#3354,#3355,#3356);
#3354 = CARTESIAN_POINT('',(4.855187193016,-2.803143632854,-146.45561));
#3355 = DIRECTION('',(0.,0.,1.));
#3356 = DIRECTION('',(1.,0.,0.));
#3357 = PCURVE('',#420,#3358);
#3358 = DEFINITIONAL_REPRESENTATION('',(#3359),#3363);
#3359 = LINE('',#3360,#3361);
#3360 = CARTESIAN_POINT('',(-3.14159265359,-0.82078));
#3361 = VECTOR('',#3362,1.);
#3362 = DIRECTION('',(1.,0.));
#3363 = ( GEOMETRIC_REPRESENTATION_CONTEXT(2) 
PARAMETRIC_REPRESENTATION_CONTEXT() REPRESENTATION_CONTEXT('2D SPACE',''
  ) );
#3364 = PCURVE('',#146,#3365);
#3365 = DEFINITIONAL_REPRESENTATION('',(#3366),#3370);
#3366 = CIRCLE('',#3367,11.1457735);
#3367 = AXIS2_PLACEMENT_2D('',#3368,#3369);
#3368 = CARTESIAN_POINT('',(4.855187193016,-2.803143632854));
#3369 = DIRECTION('',(1.,0.));
#3370 = ( GEOMETRIC_REPRESENTATION_CONTEXT(2) 
PARAMETRIC_REPRESENTATION_CONTEXT() REPRESENTATION_CONTEXT('2D SPACE',''
  ) );
#3371 = ORIENTED_EDGE('',*,*,#3182,.T.);
#3372 = ORIENTED_EDGE('',*,*,#403,.T.);
#3373 = ADVANCED_FACE('',(#3374),#391,.F.);
#3374 = FACE_BOUND('',#3375,.T.);
#3375 = EDGE_LOOP('',(#3376,#3377,#3421,#3422,#3423,#3470,#3493,#3540));
#3376 = ORIENTED_EDGE('',*,*,#3327,.T.);
#3377 = ORIENTED_EDGE('',*,*,#3378,.T.);
#3378 = EDGE_CURVE('',#3254,#3231,#3379,.T.);
#3379 = SURFACE_CURVE('',#3380,(#3385,#3392),.PCURVE_S1.);
#3380 = ELLIPSE('',#3381,2.0548394,2.);
#3381 = AXIS2_PLACEMENT_3D('',#3382,#3383,#3384);
#3382 = CARTESIAN_POINT('',(17.376393079758,-5.629331939816,
    -156.8484157323));
#3383 = DIRECTION('',(-0.229485514307,0.973312076738,0.));
#3384 = DIRECTION('',(-0.973312076738,-0.229485514307,0.));
#3385 = PCURVE('',#391,#3386);
#3386 = DEFINITIONAL_REPRESENTATION('',(#3387),#3391);
#3387 = ELLIPSE('',#3388,2.0548394,2.);
#3388 = AXIS2_PLACEMENT_2D('',#3389,#3390);
#3389 = CARTESIAN_POINT('',(-2.079246727632,-11.2135857323));
#3390 = DIRECTION('',(1.,0.));
#3391 = ( GEOMETRIC_REPRESENTATION_CONTEXT(2) 
PARAMETRIC_REPRESENTATION_CONTEXT() REPRESENTATION_CONTEXT('2D SPACE',''
  ) );
#3392 = PCURVE('',#73,#3393);
#3393 = DEFINITIONAL_REPRESENTATION('',(#3394),#3420);
#3394 = B_SPLINE_CURVE_WITH_KNOTS('',3,(#3395,#3396,#3397,#3398,#3399,
    #3400,#3401,#3402,#3403,#3404,#3405,#3406,#3407,#3408,#3409,#3410,
    #3411,#3412,#3413,#3414,#3415,#3416,#3417,#3418,#3419),
  .UNSPECIFIED.,.F.,.F.,(4,1,1,1,1,1,1,1,1,1,1,1,1,1,1,1,1,1,1,1,1,1,4),
  (0.37003637054,0.621996032635,0.873955694731,1.125915356826,
    1.377875018922,1.629834681017,1.881794343112,2.133754005208,
    2.385713667303,2.637673329399,2.889632991494,3.14159265359,
    3.393552315685,3.645511977781,3.897471639876,4.149431301972,
    4.401390964067,4.653350626163,4.905310288258,5.157269950354,
    5.409229612449,5.661189274544,5.91314893664),.UNSPECIFIED.);
#3395 = CARTESIAN_POINT('',(1.940832696698,-16.06897017622));
#3396 = CARTESIAN_POINT('',(2.024819250608,-16.0547703061));
#3397 = CARTESIAN_POINT('',(2.1927923585,-16.01659293426));
#3398 = CARTESIAN_POINT('',(2.444752020555,-15.93520997447));
#3399 = CARTESIAN_POINT('',(2.696711682856,-15.8344206821));
#3400 = CARTESIAN_POINT('',(2.948671345346,-15.72070460822));
#3401 = CARTESIAN_POINT('',(3.200631007928,-15.60121198076));
#3402 = CARTESIAN_POINT('',(3.452590670481,-15.48349683011));
#3403 = CARTESIAN_POINT('',(3.704550332892,-15.37499048578));
#3404 = CARTESIAN_POINT('',(3.956509995081,-15.28254555632));
#3405 = CARTESIAN_POINT('',(4.208469657027,-15.21199964475));
#3406 = CARTESIAN_POINT('',(4.460429318765,-15.1678076645));
#3407 = CARTESIAN_POINT('',(4.712388980385,-15.15276026267));
#3408 = CARTESIAN_POINT('',(4.964348642005,-15.1678076645));
#3409 = CARTESIAN_POINT('',(5.216308303743,-15.21199964475));
#3410 = CARTESIAN_POINT('',(5.468267965688,-15.28254555632));
#3411 = CARTESIAN_POINT('',(5.720227627878,-15.37499048578));
#3412 = CARTESIAN_POINT('',(5.972187290288,-15.48349683011));
#3413 = CARTESIAN_POINT('',(6.224146952841,-15.60121198076));
#3414 = CARTESIAN_POINT('',(6.476106615424,-15.72070460822));
#3415 = CARTESIAN_POINT('',(6.728066277913,-15.8344206821));
#3416 = CARTESIAN_POINT('',(6.980025940214,-15.93520997447));
#3417 = CARTESIAN_POINT('',(7.23198560227,-16.01659293426));
#3418 = CARTESIAN_POINT('',(7.399958710161,-16.0547703061));
#3419 = CARTESIAN_POINT('',(7.483945264071,-16.06897017622));
#3420 = ( GEOMETRIC_REPRESENTATION_CONTEXT(2) 
PARAMETRIC_REPRESENTATION_CONTEXT() REPRESENTATION_CONTEXT('2D SPACE',''
  ) );
#3421 = ORIENTED_EDGE('',*,*,#3230,.T.);
#3422 = ORIENTED_EDGE('',*,*,#375,.T.);
#3423 = ORIENTED_EDGE('',*,*,#3424,.T.);
#3424 = EDGE_CURVE('',#352,#3425,#3427,.T.);
#3425 = VERTEX_POINT('',#3426);
#3426 = CARTESIAN_POINT('',(21.501510564382,-4.65672024603,-161.45561));
#3427 = SURFACE_CURVE('',#3428,(#3433,#3441),.PCURVE_S1.);
#3428 = B_SPLINE_CURVE_WITH_KNOTS('',3,(#3429,#3430,#3431,#3432),
  .UNSPECIFIED.,.F.,.F.,(4,4),(0.,7.611422541626E-03),
  .PIECEWISE_BEZIER_KNOTS.);
#3429 = CARTESIAN_POINT('',(15.915873352301,-5.973690269299,-166.45561)
  );
#3430 = CARTESIAN_POINT('',(17.816019483788,-5.525677732863,
    -164.834068997));
#3431 = CARTESIAN_POINT('',(19.668161994114,-5.088983391231,
    -163.1559206869));
#3432 = CARTESIAN_POINT('',(21.501510564382,-4.65672024603,-161.45561));
#3433 = PCURVE('',#391,#3434);
#3434 = DEFINITIONAL_REPRESENTATION('',(#3435),#3440);
#3435 = B_SPLINE_CURVE_WITH_KNOTS('',3,(#3436,#3437,#3438,#3439),
  .UNSPECIFIED.,.F.,.F.,(4,4),(0.,7.611422541626E-03),
  .PIECEWISE_BEZIER_KNOTS.);
#3436 = CARTESIAN_POINT('',(-0.578679990237,-20.82078));
#3437 = CARTESIAN_POINT('',(-2.53092755492,-19.199238997));
#3438 = CARTESIAN_POINT('',(-4.433855253643,-17.5210906869));
#3439 = CARTESIAN_POINT('',(-6.317473688147,-15.82078));
#3440 = ( GEOMETRIC_REPRESENTATION_CONTEXT(2) 
PARAMETRIC_REPRESENTATION_CONTEXT() REPRESENTATION_CONTEXT('2D SPACE',''
  ) );
#3441 = PCURVE('',#256,#3442);
#3442 = DEFINITIONAL_REPRESENTATION('',(#3443),#3469);
#3443 = B_SPLINE_CURVE_WITH_KNOTS('',3,(#3444,#3445,#3446,#3447,#3448,
    #3449,#3450,#3451,#3452,#3453,#3454,#3455,#3456,#3457,#3458,#3459,
    #3460,#3461,#3462,#3463,#3464,#3465,#3466,#3467,#3468),
  .UNSPECIFIED.,.F.,.F.,(4,1,1,1,1,1,1,1,1,1,1,1,1,1,1,1,1,1,1,1,1,1,4),
  (0.,3.459737518921E-04,6.919475037842E-04,1.037921255676E-03,
    1.383895007568E-03,1.72986875946E-03,2.075842511352E-03,
    2.421816263245E-03,2.767790015137E-03,3.113763767029E-03,
    3.459737518921E-03,3.805711270813E-03,4.151685022705E-03,
    4.497658774597E-03,4.843632526489E-03,5.189606278381E-03,
    5.535580030273E-03,5.881553782165E-03,6.227527534057E-03,
    6.57350128595E-03,6.919475037842E-03,7.265448789734E-03,
    7.611422541626E-03),.UNSPECIFIED.);
#3444 = CARTESIAN_POINT('',(-0.359059156719,-4.999999999987));
#3445 = CARTESIAN_POINT('',(-0.356152396173,-4.926293459994));
#3446 = CARTESIAN_POINT('',(-0.350421041512,-4.778633099779));
#3447 = CARTESIAN_POINT('',(-0.342061512421,-4.556430520968));
#3448 = CARTESIAN_POINT('',(-0.333930336727,-4.333546299876));
#3449 = CARTESIAN_POINT('',(-0.3260189008,-4.110008753693));
#3450 = CARTESIAN_POINT('',(-0.318318922472,-3.885844949353));
#3451 = CARTESIAN_POINT('',(-0.3108224863,-3.661080587123));
#3452 = CARTESIAN_POINT('',(-0.303522014985,-3.435740130963));
#3453 = CARTESIAN_POINT('',(-0.296410258366,-3.209846866656));
#3454 = CARTESIAN_POINT('',(-0.289480278212,-2.983422973531));
#3455 = CARTESIAN_POINT('',(-0.282725434701,-2.756489587137));
#3456 = CARTESIAN_POINT('',(-0.276139373025,-2.529066859269));
#3457 = CARTESIAN_POINT('',(-0.269716010578,-2.301174013931));
#3458 = CARTESIAN_POINT('',(-0.263449524596,-2.072829399922));
#3459 = CARTESIAN_POINT('',(-0.257334340298,-1.844050540137));
#3460 = CARTESIAN_POINT('',(-0.251365119506,-1.614854177847));
#3461 = CARTESIAN_POINT('',(-0.245536749781,-1.385256320024));
#3462 = CARTESIAN_POINT('',(-0.239844333895,-1.155272278401));
#3463 = CARTESIAN_POINT('',(-0.234283180272,-0.924916706483));
#3464 = CARTESIAN_POINT('',(-0.228848791994,-0.694203640033));
#3465 = CARTESIAN_POINT('',(-0.223536863287,-0.463146513657));
#3466 = CARTESIAN_POINT('',(-0.218343250116,-0.231758256407));
#3467 = CARTESIAN_POINT('',(-0.214957109642,-7.728680741259E-02));
#3468 = CARTESIAN_POINT('',(-0.213282443306,-1.24344978758E-14));
#3469 = ( GEOMETRIC_REPRESENTATION_CONTEXT(2) 
PARAMETRIC_REPRESENTATION_CONTEXT() REPRESENTATION_CONTEXT('2D SPACE',''
  ) );
#3470 = ORIENTED_EDGE('',*,*,#3471,.F.);
#3471 = EDGE_CURVE('',#3472,#3425,#3474,.T.);
#3472 = VERTEX_POINT('',#3473);
#3473 = CARTESIAN_POINT('',(21.501510564382,-4.65672024603,-151.45561));
#3474 = SURFACE_CURVE('',#3475,(#3479,#3486),.PCURVE_S1.);
#3475 = LINE('',#3476,#3477);
#3476 = CARTESIAN_POINT('',(21.501510564382,-4.65672024603,-146.45561));
#3477 = VECTOR('',#3478,1.);
#3478 = DIRECTION('',(0.,0.,-1.));
#3479 = PCURVE('',#391,#3480);
#3480 = DEFINITIONAL_REPRESENTATION('',(#3481),#3485);
#3481 = LINE('',#3482,#3483);
#3482 = CARTESIAN_POINT('',(-6.317473688147,-0.82078));
#3483 = VECTOR('',#3484,1.);
#3484 = DIRECTION('',(-0.,-1.));
#3485 = ( GEOMETRIC_REPRESENTATION_CONTEXT(2) 
PARAMETRIC_REPRESENTATION_CONTEXT() REPRESENTATION_CONTEXT('2D SPACE',''
  ) );
#3486 = PCURVE('',#226,#3487);
#3487 = DEFINITIONAL_REPRESENTATION('',(#3488),#3492);
#3488 = LINE('',#3489,#3490);
#3489 = CARTESIAN_POINT('',(2.928310210284,0.));
#3490 = VECTOR('',#3491,1.);
#3491 = DIRECTION('',(0.,-1.));
#3492 = ( GEOMETRIC_REPRESENTATION_CONTEXT(2) 
PARAMETRIC_REPRESENTATION_CONTEXT() REPRESENTATION_CONTEXT('2D SPACE',''
  ) );
#3493 = ORIENTED_EDGE('',*,*,#3494,.T.);
#3494 = EDGE_CURVE('',#3472,#3495,#3497,.T.);
#3495 = VERTEX_POINT('',#3496);
#3496 = CARTESIAN_POINT('',(15.915873352301,-5.973690269299,-146.45561)
  );
#3497 = SURFACE_CURVE('',#3498,(#3503,#3511),.PCURVE_S1.);
#3498 = B_SPLINE_CURVE_WITH_KNOTS('',3,(#3499,#3500,#3501,#3502),
  .UNSPECIFIED.,.F.,.F.,(4,4),(0.,7.611422541626E-03),
  .PIECEWISE_BEZIER_KNOTS.);
#3499 = CARTESIAN_POINT('',(21.501510564382,-4.65672024603,-151.45561));
#3500 = CARTESIAN_POINT('',(19.668161994114,-5.088983391231,
    -149.755299313));
#3501 = CARTESIAN_POINT('',(17.816019483788,-5.525677732863,
    -148.0771510029));
#3502 = CARTESIAN_POINT('',(15.915873352301,-5.973690269299,-146.45561)
  );
#3503 = PCURVE('',#391,#3504);
#3504 = DEFINITIONAL_REPRESENTATION('',(#3505),#3510);
#3505 = B_SPLINE_CURVE_WITH_KNOTS('',3,(#3506,#3507,#3508,#3509),
  .UNSPECIFIED.,.F.,.F.,(4,4),(0.,7.611422541626E-03),
  .PIECEWISE_BEZIER_KNOTS.);
#3506 = CARTESIAN_POINT('',(-6.317473688147,-5.82078));
#3507 = CARTESIAN_POINT('',(-4.433855253643,-4.120469313));
#3508 = CARTESIAN_POINT('',(-2.53092755492,-2.4423210029));
#3509 = CARTESIAN_POINT('',(-0.578679990237,-0.82078));
#3510 = ( GEOMETRIC_REPRESENTATION_CONTEXT(2) 
PARAMETRIC_REPRESENTATION_CONTEXT() REPRESENTATION_CONTEXT('2D SPACE',''
  ) );
#3511 = PCURVE('',#176,#3512);
#3512 = DEFINITIONAL_REPRESENTATION('',(#3513),#3539);
#3513 = B_SPLINE_CURVE_WITH_KNOTS('',3,(#3514,#3515,#3516,#3517,#3518,
    #3519,#3520,#3521,#3522,#3523,#3524,#3525,#3526,#3527,#3528,#3529,
    #3530,#3531,#3532,#3533,#3534,#3535,#3536,#3537,#3538),
  .UNSPECIFIED.,.F.,.F.,(4,1,1,1,1,1,1,1,1,1,1,1,1,1,1,1,1,1,1,1,1,1,4),
  (0.,3.459737518921E-04,6.919475037842E-04,1.037921255676E-03,
    1.383895007568E-03,1.72986875946E-03,2.075842511353E-03,
    2.421816263245E-03,2.767790015137E-03,3.113763767029E-03,
    3.459737518921E-03,3.805711270813E-03,4.151685022705E-03,
    4.497658774597E-03,4.843632526489E-03,5.189606278381E-03,
    5.535580030273E-03,5.881553782166E-03,6.227527534058E-03,
    6.57350128595E-03,6.919475037842E-03,7.265448789734E-03,
    7.611422541626E-03),.QUASI_UNIFORM_KNOTS.);
#3514 = CARTESIAN_POINT('',(3.354875096895,4.999999999987));
#3515 = CARTESIAN_POINT('',(3.356549763232,4.922713192573));
#3516 = CARTESIAN_POINT('',(3.359935903705,4.768241743574));
#3517 = CARTESIAN_POINT('',(3.365129516877,4.53685348632));
#3518 = CARTESIAN_POINT('',(3.370441445584,4.305796359938));
#3519 = CARTESIAN_POINT('',(3.375875833862,4.075083293485));
#3520 = CARTESIAN_POINT('',(3.381436987484,3.844727721564));
#3521 = CARTESIAN_POINT('',(3.387129403371,3.614743679939));
#3522 = CARTESIAN_POINT('',(3.392957773096,3.385145822114));
#3523 = CARTESIAN_POINT('',(3.398926993888,3.155949459823));
#3524 = CARTESIAN_POINT('',(3.405042178186,2.927170600037));
#3525 = CARTESIAN_POINT('',(3.411308664168,2.698825986028));
#3526 = CARTESIAN_POINT('',(3.417732026615,2.470933140691));
#3527 = CARTESIAN_POINT('',(3.42431808829,2.243510412824));
#3528 = CARTESIAN_POINT('',(3.431072931802,2.016577026431));
#3529 = CARTESIAN_POINT('',(3.438002911956,1.790153133307));
#3530 = CARTESIAN_POINT('',(3.445114668575,1.564259869002));
#3531 = CARTESIAN_POINT('',(3.45241513989,1.338919412845));
#3532 = CARTESIAN_POINT('',(3.459911576062,1.114155050618));
#3533 = CARTESIAN_POINT('',(3.46761155439,0.889991246281));
#3534 = CARTESIAN_POINT('',(3.475522990316,0.666453700101));
#3535 = CARTESIAN_POINT('',(3.48365416601,0.443569479012));
#3536 = CARTESIAN_POINT('',(3.492013695101,0.221366900205));
#3537 = CARTESIAN_POINT('',(3.497745049762,7.370653999158E-02));
#3538 = CARTESIAN_POINT('',(3.500651810309,3.907985046681E-14));
#3539 = ( GEOMETRIC_REPRESENTATION_CONTEXT(2) 
PARAMETRIC_REPRESENTATION_CONTEXT() REPRESENTATION_CONTEXT('2D SPACE',''
  ) );
#3540 = ORIENTED_EDGE('',*,*,#3541,.T.);
#3541 = EDGE_CURVE('',#3495,#3328,#3542,.T.);
#3542 = SURFACE_CURVE('',#3543,(#3547,#3554),.PCURVE_S1.);
#3543 = LINE('',#3544,#3545);
#3544 = CARTESIAN_POINT('',(2.172476774918,-9.214079972941,-146.45561));
#3545 = VECTOR('',#3546,1.);
#3546 = DIRECTION('',(-0.973312076738,-0.229485514307,0.));
#3547 = PCURVE('',#391,#3548);
#3548 = DEFINITIONAL_REPRESENTATION('',(#3549),#3553);
#3549 = LINE('',#3550,#3551);
#3550 = CARTESIAN_POINT('',(13.541556371619,-0.82078));
#3551 = VECTOR('',#3552,1.);
#3552 = DIRECTION('',(1.,0.));
#3553 = ( GEOMETRIC_REPRESENTATION_CONTEXT(2) 
PARAMETRIC_REPRESENTATION_CONTEXT() REPRESENTATION_CONTEXT('2D SPACE',''
  ) );
#3554 = PCURVE('',#146,#3555);
#3555 = DEFINITIONAL_REPRESENTATION('',(#3556),#3560);
#3556 = LINE('',#3557,#3558);
#3557 = CARTESIAN_POINT('',(2.172476774918,-9.214079972941));
#3558 = VECTOR('',#3559,1.);
#3559 = DIRECTION('',(-0.973312076738,-0.229485514307));
#3560 = ( GEOMETRIC_REPRESENTATION_CONTEXT(2) 
PARAMETRIC_REPRESENTATION_CONTEXT() REPRESENTATION_CONTEXT('2D SPACE',''
  ) );
#3561 = ADVANCED_FACE('',(#3562),#336,.T.);
#3562 = FACE_BOUND('',#3563,.T.);
#3563 = EDGE_LOOP('',(#3564,#3595,#3615,#3616,#3617));
#3564 = ORIENTED_EDGE('',*,*,#3565,.F.);
#3565 = EDGE_CURVE('',#3566,#3568,#3570,.T.);
#3566 = VERTEX_POINT('',#3567);
#3567 = CARTESIAN_POINT('',(16.,0.,-170.3510233461));
#3568 = VERTEX_POINT('',#3569);
#3569 = CARTESIAN_POINT('',(-16.,0.,-170.3510233461));
#3570 = SURFACE_CURVE('',#3571,(#3576,#3583),.PCURVE_S1.);
#3571 = CIRCLE('',#3572,16.);
#3572 = AXIS2_PLACEMENT_3D('',#3573,#3574,#3575);
#3573 = CARTESIAN_POINT('',(2.491443871367E-18,0.,-170.3510233461));
#3574 = DIRECTION('',(3.903127820948E-18,0.,-1.));
#3575 = DIRECTION('',(-1.,0.,-3.903127820948E-18));
#3576 = PCURVE('',#336,#3577);
#3577 = DEFINITIONAL_REPRESENTATION('',(#3578),#3582);
#3578 = LINE('',#3579,#3580);
#3579 = CARTESIAN_POINT('',(-3.14159265359,98.047682933509));
#3580 = VECTOR('',#3581,1.);
#3581 = DIRECTION('',(1.,0.));
#3582 = ( GEOMETRIC_REPRESENTATION_CONTEXT(2) 
PARAMETRIC_REPRESENTATION_CONTEXT() REPRESENTATION_CONTEXT('2D SPACE',''
  ) );
#3583 = PCURVE('',#3584,#3589);
#3584 = TOROIDAL_SURFACE('',#3585,14.,2.);
#3585 = AXIS2_PLACEMENT_3D('',#3586,#3587,#3588);
#3586 = CARTESIAN_POINT('',(2.491443871367E-18,0.,-170.3510233461));
#3587 = DIRECTION('',(3.903127820948E-18,0.,-1.));
#3588 = DIRECTION('',(-1.,0.,-3.903127820948E-18));
#3589 = DEFINITIONAL_REPRESENTATION('',(#3590),#3594);
#3590 = LINE('',#3591,#3592);
#3591 = CARTESIAN_POINT('',(0.,4.138911435803E-13));
#3592 = VECTOR('',#3593,1.);
#3593 = DIRECTION('',(1.,0.));
#3594 = ( GEOMETRIC_REPRESENTATION_CONTEXT(2) 
PARAMETRIC_REPRESENTATION_CONTEXT() REPRESENTATION_CONTEXT('2D SPACE',''
  ) );
#3595 = ORIENTED_EDGE('',*,*,#3596,.F.);
#3596 = EDGE_CURVE('',#320,#3566,#3597,.T.);
#3597 = SEAM_CURVE('',#3598,(#3601,#3608),.PCURVE_S1.);
#3598 = B_SPLINE_CURVE_WITH_KNOTS('',1,(#3599,#3600),.UNSPECIFIED.,.F.,
  .F.,(2,2),(94.152269587324,98.047682933509),.PIECEWISE_BEZIER_KNOTS.);
#3599 = CARTESIAN_POINT('',(16.,3.918869757272E-15,-166.45561));
#3600 = CARTESIAN_POINT('',(16.,3.918869757272E-15,-170.3510233461));
#3601 = PCURVE('',#336,#3602);
#3602 = DEFINITIONAL_REPRESENTATION('',(#3603),#3607);
#3603 = LINE('',#3604,#3605);
#3604 = CARTESIAN_POINT('',(0.,0.));
#3605 = VECTOR('',#3606,1.);
#3606 = DIRECTION('',(0.,1.));
#3607 = ( GEOMETRIC_REPRESENTATION_CONTEXT(2) 
PARAMETRIC_REPRESENTATION_CONTEXT() REPRESENTATION_CONTEXT('2D SPACE',''
  ) );
#3608 = PCURVE('',#336,#3609);
#3609 = DEFINITIONAL_REPRESENTATION('',(#3610),#3614);
#3610 = LINE('',#3611,#3612);
#3611 = CARTESIAN_POINT('',(6.28318530718,0.));
#3612 = VECTOR('',#3613,1.);
#3613 = DIRECTION('',(0.,1.));
#3614 = ( GEOMETRIC_REPRESENTATION_CONTEXT(2) 
PARAMETRIC_REPRESENTATION_CONTEXT() REPRESENTATION_CONTEXT('2D SPACE',''
  ) );
#3615 = ORIENTED_EDGE('',*,*,#319,.F.);
#3616 = ORIENTED_EDGE('',*,*,#3596,.T.);
#3617 = ORIENTED_EDGE('',*,*,#3618,.F.);
#3618 = EDGE_CURVE('',#3568,#3566,#3619,.T.);
#3619 = SURFACE_CURVE('',#3620,(#3625,#3632),.PCURVE_S1.);
#3620 = CIRCLE('',#3621,16.);
#3621 = AXIS2_PLACEMENT_3D('',#3622,#3623,#3624);
#3622 = CARTESIAN_POINT('',(2.491443871367E-18,0.,-170.3510233461));
#3623 = DIRECTION('',(3.903127820948E-18,0.,-1.));
#3624 = DIRECTION('',(-1.,0.,-3.903127820948E-18));
#3625 = PCURVE('',#336,#3626);
#3626 = DEFINITIONAL_REPRESENTATION('',(#3627),#3631);
#3627 = LINE('',#3628,#3629);
#3628 = CARTESIAN_POINT('',(3.14159265359,98.047682933509));
#3629 = VECTOR('',#3630,1.);
#3630 = DIRECTION('',(1.,0.));
#3631 = ( GEOMETRIC_REPRESENTATION_CONTEXT(2) 
PARAMETRIC_REPRESENTATION_CONTEXT() REPRESENTATION_CONTEXT('2D SPACE',''
  ) );
#3632 = PCURVE('',#3584,#3633);
#3633 = DEFINITIONAL_REPRESENTATION('',(#3634),#3638);
#3634 = LINE('',#3635,#3636);
#3635 = CARTESIAN_POINT('',(0.,4.138911435803E-13));
#3636 = VECTOR('',#3637,1.);
#3637 = DIRECTION('',(1.,0.));
#3638 = ( GEOMETRIC_REPRESENTATION_CONTEXT(2) 
PARAMETRIC_REPRESENTATION_CONTEXT() REPRESENTATION_CONTEXT('2D SPACE',''
  ) );
#3639 = ADVANCED_FACE('',(#3640),#3584,.T.);
#3640 = FACE_BOUND('',#3641,.T.);
#3641 = EDGE_LOOP('',(#3642,#3671,#3696,#3697,#3698));
#3642 = ORIENTED_EDGE('',*,*,#3643,.F.);
#3643 = EDGE_CURVE('',#3644,#3644,#3646,.T.);
#3644 = VERTEX_POINT('',#3645);
#3645 = CARTESIAN_POINT('',(-14.,0.,-172.3510233461));
#3646 = SURFACE_CURVE('',#3647,(#3652,#3659),.PCURVE_S1.);
#3647 = CIRCLE('',#3648,14.);
#3648 = AXIS2_PLACEMENT_3D('',#3649,#3650,#3651);
#3649 = CARTESIAN_POINT('',(1.029769951326E-17,0.,-172.3510233461));
#3650 = DIRECTION('',(3.903127820948E-18,0.,-1.));
#3651 = DIRECTION('',(-1.,0.,-3.903127820948E-18));
#3652 = PCURVE('',#3584,#3653);
#3653 = DEFINITIONAL_REPRESENTATION('',(#3654),#3658);
#3654 = LINE('',#3655,#3656);
#3655 = CARTESIAN_POINT('',(0.,1.570796326794));
#3656 = VECTOR('',#3657,1.);
#3657 = DIRECTION('',(1.,0.));
#3658 = ( GEOMETRIC_REPRESENTATION_CONTEXT(2) 
PARAMETRIC_REPRESENTATION_CONTEXT() REPRESENTATION_CONTEXT('2D SPACE',''
  ) );
#3659 = PCURVE('',#3660,#3665);
#3660 = PLANE('',#3661);
#3661 = AXIS2_PLACEMENT_3D('',#3662,#3663,#3664);
#3662 = CARTESIAN_POINT('',(-9.001488472672,0.,-172.3510233461));
#3663 = DIRECTION('',(3.903127820948E-18,0.,-1.));
#3664 = DIRECTION('',(-1.,0.,-3.903127820948E-18));
#3665 = DEFINITIONAL_REPRESENTATION('',(#3666),#3670);
#3666 = CIRCLE('',#3667,14.);
#3667 = AXIS2_PLACEMENT_2D('',#3668,#3669);
#3668 = CARTESIAN_POINT('',(-9.001488472672,0.));
#3669 = DIRECTION('',(1.,0.));
#3670 = ( GEOMETRIC_REPRESENTATION_CONTEXT(2) 
PARAMETRIC_REPRESENTATION_CONTEXT() REPRESENTATION_CONTEXT('2D SPACE',''
  ) );
#3671 = ORIENTED_EDGE('',*,*,#3672,.F.);
#3672 = EDGE_CURVE('',#3568,#3644,#3673,.T.);
#3673 = SEAM_CURVE('',#3674,(#3682,#3689),.PCURVE_S1.);
#3674 = ( BOUNDED_CURVE() B_SPLINE_CURVE(6,(#3675,#3676,#3677,#3678,
#3679,#3680,#3681),.UNSPECIFIED.,.F.,.F.) B_SPLINE_CURVE_WITH_KNOTS((7,7
),(0.,1.570796326795),.PIECEWISE_BEZIER_KNOTS.) CURVE() 
GEOMETRIC_REPRESENTATION_ITEM() RATIONAL_B_SPLINE_CURVE((1.031393471788,
    1.010025407661,0.997924642725,0.993958444137,0.997924642725,
1.010025407661,1.031393471788)) REPRESENTATION_ITEM('') );
#3675 = CARTESIAN_POINT('',(-16.,-3.918869757272E-15,-170.3510233461));
#3676 = CARTESIAN_POINT('',(-16.,-3.918869757272E-15,-170.8856969124));
#3677 = CARTESIAN_POINT('',(-15.82999129873,-3.877229634905E-15,
    -171.4064404913));
#3678 = CARTESIAN_POINT('',(-15.5038390264,-3.797345367636E-15,
    -171.8548623725));
#3679 = CARTESIAN_POINT('',(-15.05541714516,-3.687513683331E-15,
    -172.1810146449));
#3680 = CARTESIAN_POINT('',(-14.5346735663,-3.559968291926E-15,
    -172.3510233461));
#3681 = CARTESIAN_POINT('',(-14.,-3.429011037613E-15,-172.3510233461));
#3682 = PCURVE('',#3584,#3683);
#3683 = DEFINITIONAL_REPRESENTATION('',(#3684),#3688);
#3684 = LINE('',#3685,#3686);
#3685 = CARTESIAN_POINT('',(0.,4.138911435803E-13));
#3686 = VECTOR('',#3687,1.);
#3687 = DIRECTION('',(0.,1.));
#3688 = ( GEOMETRIC_REPRESENTATION_CONTEXT(2) 
PARAMETRIC_REPRESENTATION_CONTEXT() REPRESENTATION_CONTEXT('2D SPACE',''
  ) );
#3689 = PCURVE('',#3584,#3690);
#3690 = DEFINITIONAL_REPRESENTATION('',(#3691),#3695);
#3691 = LINE('',#3692,#3693);
#3692 = CARTESIAN_POINT('',(6.28318530718,4.138911435803E-13));
#3693 = VECTOR('',#3694,1.);
#3694 = DIRECTION('',(0.,1.));
#3695 = ( GEOMETRIC_REPRESENTATION_CONTEXT(2) 
PARAMETRIC_REPRESENTATION_CONTEXT() REPRESENTATION_CONTEXT('2D SPACE',''
  ) );
#3696 = ORIENTED_EDGE('',*,*,#3618,.T.);
#3697 = ORIENTED_EDGE('',*,*,#3565,.T.);
#3698 = ORIENTED_EDGE('',*,*,#3672,.T.);
#3699 = ADVANCED_FACE('',(#3700),#3660,.T.);
#3700 = FACE_BOUND('',#3701,.T.);
#3701 = EDGE_LOOP('',(#3702));
#3702 = ORIENTED_EDGE('',*,*,#3643,.T.);
#3703 = ADVANCED_FACE('',(#3704),#256,.T.);
#3704 = FACE_BOUND('',#3705,.T.);
#3705 = EDGE_LOOP('',(#3706,#3707,#3708,#3709));
#3706 = ORIENTED_EDGE('',*,*,#3424,.F.);
#3707 = ORIENTED_EDGE('',*,*,#351,.T.);
#3708 = ORIENTED_EDGE('',*,*,#238,.F.);
#3709 = ORIENTED_EDGE('',*,*,#3710,.F.);
#3710 = EDGE_CURVE('',#3425,#211,#3711,.T.);
#3711 = SURFACE_CURVE('',#3712,(#3717,#3724),.PCURVE_S1.);
#3712 = CIRCLE('',#3713,22.);
#3713 = AXIS2_PLACEMENT_3D('',#3714,#3715,#3716);
#3714 = CARTESIAN_POINT('',(0.,0.,-161.45561));
#3715 = DIRECTION('',(0.,0.,1.));
#3716 = DIRECTION('',(1.,0.,0.));
#3717 = PCURVE('',#256,#3718);
#3718 = DEFINITIONAL_REPRESENTATION('',(#3719),#3723);
#3719 = LINE('',#3720,#3721);
#3720 = CARTESIAN_POINT('',(-6.28318530718,2.705343379806E-14));
#3721 = VECTOR('',#3722,1.);
#3722 = DIRECTION('',(1.,-4.164329730728E-15));
#3723 = ( GEOMETRIC_REPRESENTATION_CONTEXT(2) 
PARAMETRIC_REPRESENTATION_CONTEXT() REPRESENTATION_CONTEXT('2D SPACE',''
  ) );
#3724 = PCURVE('',#226,#3725);
#3725 = DEFINITIONAL_REPRESENTATION('',(#3726),#3730);
#3726 = LINE('',#3727,#3728);
#3727 = CARTESIAN_POINT('',(-3.14159265359,-15.));
#3728 = VECTOR('',#3729,1.);
#3729 = DIRECTION('',(1.,0.));
#3730 = ( GEOMETRIC_REPRESENTATION_CONTEXT(2) 
PARAMETRIC_REPRESENTATION_CONTEXT() REPRESENTATION_CONTEXT('2D SPACE',''
  ) );
#3731 = ADVANCED_FACE('',(#3732),#226,.T.);
#3732 = FACE_BOUND('',#3733,.T.);
#3733 = EDGE_LOOP('',(#3734,#3735,#3736,#3737));
#3734 = ORIENTED_EDGE('',*,*,#3471,.T.);
#3735 = ORIENTED_EDGE('',*,*,#3710,.T.);
#3736 = ORIENTED_EDGE('',*,*,#210,.F.);
#3737 = ORIENTED_EDGE('',*,*,#3738,.F.);
#3738 = EDGE_CURVE('',#3472,#159,#3739,.T.);
#3739 = SURFACE_CURVE('',#3740,(#3745,#3752),.PCURVE_S1.);
#3740 = CIRCLE('',#3741,22.);
#3741 = AXIS2_PLACEMENT_3D('',#3742,#3743,#3744);
#3742 = CARTESIAN_POINT('',(0.,0.,-151.45561));
#3743 = DIRECTION('',(0.,0.,1.));
#3744 = DIRECTION('',(1.,0.,0.));
#3745 = PCURVE('',#226,#3746);
#3746 = DEFINITIONAL_REPRESENTATION('',(#3747),#3751);
#3747 = LINE('',#3748,#3749);
#3748 = CARTESIAN_POINT('',(-3.14159265359,-5.));
#3749 = VECTOR('',#3750,1.);
#3750 = DIRECTION('',(1.,0.));
#3751 = ( GEOMETRIC_REPRESENTATION_CONTEXT(2) 
PARAMETRIC_REPRESENTATION_CONTEXT() REPRESENTATION_CONTEXT('2D SPACE',''
  ) );
#3752 = PCURVE('',#176,#3753);
#3753 = DEFINITIONAL_REPRESENTATION('',(#3754),#3758);
#3754 = LINE('',#3755,#3756);
#3755 = CARTESIAN_POINT('',(9.424777960769,4.999999999987));
#3756 = VECTOR('',#3757,1.);
#3757 = DIRECTION('',(-1.,-2.944625791686E-15));
#3758 = ( GEOMETRIC_REPRESENTATION_CONTEXT(2) 
PARAMETRIC_REPRESENTATION_CONTEXT() REPRESENTATION_CONTEXT('2D SPACE',''
  ) );
#3759 = ADVANCED_FACE('',(#3760),#176,.T.);
#3760 = FACE_BOUND('',#3761,.T.);
#3761 = EDGE_LOOP('',(#3762,#3763,#3764,#3765));
#3762 = ORIENTED_EDGE('',*,*,#3494,.F.);
#3763 = ORIENTED_EDGE('',*,*,#3738,.T.);
#3764 = ORIENTED_EDGE('',*,*,#158,.F.);
#3765 = ORIENTED_EDGE('',*,*,#3766,.F.);
#3766 = EDGE_CURVE('',#3495,#131,#3767,.T.);
#3767 = SURFACE_CURVE('',#3768,(#3773,#3780),.PCURVE_S1.);
#3768 = CIRCLE('',#3769,17.);
#3769 = AXIS2_PLACEMENT_3D('',#3770,#3771,#3772);
#3770 = CARTESIAN_POINT('',(0.,0.,-146.45561));
#3771 = DIRECTION('',(0.,0.,1.));
#3772 = DIRECTION('',(1.,0.,0.));
#3773 = PCURVE('',#176,#3774);
#3774 = DEFINITIONAL_REPRESENTATION('',(#3775),#3779);
#3775 = LINE('',#3776,#3777);
#3776 = CARTESIAN_POINT('',(9.424777960769,0.));
#3777 = VECTOR('',#3778,1.);
#3778 = DIRECTION('',(-1.,0.));
#3779 = ( GEOMETRIC_REPRESENTATION_CONTEXT(2) 
PARAMETRIC_REPRESENTATION_CONTEXT() REPRESENTATION_CONTEXT('2D SPACE',''
  ) );
#3780 = PCURVE('',#146,#3781);
#3781 = DEFINITIONAL_REPRESENTATION('',(#3782),#3786);
#3782 = CIRCLE('',#3783,17.);
#3783 = AXIS2_PLACEMENT_2D('',#3784,#3785);
#3784 = CARTESIAN_POINT('',(0.,0.));
#3785 = DIRECTION('',(1.,0.));
#3786 = ( GEOMETRIC_REPRESENTATION_CONTEXT(2) 
PARAMETRIC_REPRESENTATION_CONTEXT() REPRESENTATION_CONTEXT('2D SPACE',''
  ) );
#3787 = ADVANCED_FACE('',(#3788,#3819),#146,.T.);
#3788 = FACE_BOUND('',#3789,.T.);
#3789 = EDGE_LOOP('',(#3790));
#3790 = ORIENTED_EDGE('',*,*,#3791,.F.);
#3791 = EDGE_CURVE('',#3792,#3792,#3794,.T.);
#3792 = VERTEX_POINT('',#3793);
#3793 = CARTESIAN_POINT('',(16.,0.,-146.45561));
#3794 = SURFACE_CURVE('',#3795,(#3800,#3807),.PCURVE_S1.);
#3795 = CIRCLE('',#3796,16.);
#3796 = AXIS2_PLACEMENT_3D('',#3797,#3798,#3799);
#3797 = CARTESIAN_POINT('',(-9.077540875318E-17,0.,-146.45561));
#3798 = DIRECTION('',(0.,0.,1.));
#3799 = DIRECTION('',(1.,0.,0.));
#3800 = PCURVE('',#146,#3801);
#3801 = DEFINITIONAL_REPRESENTATION('',(#3802),#3806);
#3802 = CIRCLE('',#3803,16.);
#3803 = AXIS2_PLACEMENT_2D('',#3804,#3805);
#3804 = CARTESIAN_POINT('',(-9.077540875318E-17,0.));
#3805 = DIRECTION('',(1.,0.));
#3806 = ( GEOMETRIC_REPRESENTATION_CONTEXT(2) 
PARAMETRIC_REPRESENTATION_CONTEXT() REPRESENTATION_CONTEXT('2D SPACE',''
  ) );
#3807 = PCURVE('',#3808,#3813);
#3808 = CYLINDRICAL_SURFACE('',#3809,16.);
#3809 = AXIS2_PLACEMENT_3D('',#3810,#3811,#3812);
#3810 = CARTESIAN_POINT('',(-3.802011951659E-16,0.,-72.30334041267));
#3811 = DIRECTION('',(3.903127820948E-18,0.,-1.));
#3812 = DIRECTION('',(1.,0.,3.903127820948E-18));
#3813 = DEFINITIONAL_REPRESENTATION('',(#3814),#3818);
#3814 = LINE('',#3815,#3816);
#3815 = CARTESIAN_POINT('',(6.28318530718,74.152269587324));
#3816 = VECTOR('',#3817,1.);
#3817 = DIRECTION('',(-1.,0.));
#3818 = ( GEOMETRIC_REPRESENTATION_CONTEXT(2) 
PARAMETRIC_REPRESENTATION_CONTEXT() REPRESENTATION_CONTEXT('2D SPACE',''
  ) );
#3819 = FACE_BOUND('',#3820,.T.);
#3820 = EDGE_LOOP('',(#3821,#3822,#3823,#3824,#3846,#3847,#3848,#3849,
    #3850,#3851,#3852,#3853,#3854,#3855,#3856,#3857,#3858,#3859,#3860,
    #3861,#3862,#3863,#3864,#3865));
#3821 = ORIENTED_EDGE('',*,*,#3541,.F.);
#3822 = ORIENTED_EDGE('',*,*,#3766,.T.);
#3823 = ORIENTED_EDGE('',*,*,#130,.F.);
#3824 = ORIENTED_EDGE('',*,*,#3825,.T.);
#3825 = EDGE_CURVE('',#108,#1127,#3826,.T.);
#3826 = SURFACE_CURVE('',#3827,(#3832,#3839),.PCURVE_S1.);
#3827 = CIRCLE('',#3828,11.1457735);
#3828 = AXIS2_PLACEMENT_3D('',#3829,#3830,#3831);
#3829 = CARTESIAN_POINT('',(4.855187193016,2.803143632854,-146.45561));
#3830 = DIRECTION('',(0.,0.,1.));
#3831 = DIRECTION('',(1.,0.,0.));
#3832 = PCURVE('',#146,#3833);
#3833 = DEFINITIONAL_REPRESENTATION('',(#3834),#3838);
#3834 = CIRCLE('',#3835,11.1457735);
#3835 = AXIS2_PLACEMENT_2D('',#3836,#3837);
#3836 = CARTESIAN_POINT('',(4.855187193016,2.803143632854));
#3837 = DIRECTION('',(1.,0.));
#3838 = ( GEOMETRIC_REPRESENTATION_CONTEXT(2) 
PARAMETRIC_REPRESENTATION_CONTEXT() REPRESENTATION_CONTEXT('2D SPACE',''
  ) );
#3839 = PCURVE('',#44,#3840);
#3840 = DEFINITIONAL_REPRESENTATION('',(#3841),#3845);
#3841 = LINE('',#3842,#3843);
#3842 = CARTESIAN_POINT('',(3.14159265359,-0.82078));
#3843 = VECTOR('',#3844,1.);
#3844 = DIRECTION('',(1.,0.));
#3845 = ( GEOMETRIC_REPRESENTATION_CONTEXT(2) 
PARAMETRIC_REPRESENTATION_CONTEXT() REPRESENTATION_CONTEXT('2D SPACE',''
  ) );
#3846 = ORIENTED_EDGE('',*,*,#1126,.F.);
#3847 = ORIENTED_EDGE('',*,*,#1245,.T.);
#3848 = ORIENTED_EDGE('',*,*,#1397,.F.);
#3849 = ORIENTED_EDGE('',*,*,#1422,.T.);
#3850 = ORIENTED_EDGE('',*,*,#1600,.F.);
#3851 = ORIENTED_EDGE('',*,*,#1697,.T.);
#3852 = ORIENTED_EDGE('',*,*,#1849,.F.);
#3853 = ORIENTED_EDGE('',*,*,#1874,.T.);
#3854 = ORIENTED_EDGE('',*,*,#2052,.F.);
#3855 = ORIENTED_EDGE('',*,*,#2149,.T.);
#3856 = ORIENTED_EDGE('',*,*,#2301,.F.);
#3857 = ORIENTED_EDGE('',*,*,#2326,.T.);
#3858 = ORIENTED_EDGE('',*,*,#2504,.F.);
#3859 = ORIENTED_EDGE('',*,*,#2601,.T.);
#3860 = ORIENTED_EDGE('',*,*,#2753,.F.);
#3861 = ORIENTED_EDGE('',*,*,#2778,.T.);
#3862 = ORIENTED_EDGE('',*,*,#2956,.F.);
#3863 = ORIENTED_EDGE('',*,*,#3053,.T.);
#3864 = ORIENTED_EDGE('',*,*,#3205,.F.);
#3865 = ORIENTED_EDGE('',*,*,#3350,.T.);
#3866 = ADVANCED_FACE('',(#3867),#3808,.T.);
#3867 = FACE_BOUND('',#3868,.T.);
#3868 = EDGE_LOOP('',(#3869,#3870,#3892,#3923));
#3869 = ORIENTED_EDGE('',*,*,#3791,.T.);
#3870 = ORIENTED_EDGE('',*,*,#3871,.F.);
#3871 = EDGE_CURVE('',#3872,#3792,#3874,.T.);
#3872 = VERTEX_POINT('',#3873);
#3873 = CARTESIAN_POINT('',(16.,0.,-137.3510233461));
#3874 = SEAM_CURVE('',#3875,(#3878,#3885),.PCURVE_S1.);
#3875 = B_SPLINE_CURVE_WITH_KNOTS('',1,(#3876,#3877),.UNSPECIFIED.,.F.,
  .F.,(2,2),(65.04768293351,74.152269587324),.PIECEWISE_BEZIER_KNOTS.);
#3876 = CARTESIAN_POINT('',(16.,3.918869757272E-15,-137.3510233461));
#3877 = CARTESIAN_POINT('',(16.,3.918869757272E-15,-146.45561));
#3878 = PCURVE('',#3808,#3879);
#3879 = DEFINITIONAL_REPRESENTATION('',(#3880),#3884);
#3880 = LINE('',#3881,#3882);
#3881 = CARTESIAN_POINT('',(0.,0.));
#3882 = VECTOR('',#3883,1.);
#3883 = DIRECTION('',(0.,1.));
#3884 = ( GEOMETRIC_REPRESENTATION_CONTEXT(2) 
PARAMETRIC_REPRESENTATION_CONTEXT() REPRESENTATION_CONTEXT('2D SPACE',''
  ) );
#3885 = PCURVE('',#3808,#3886);
#3886 = DEFINITIONAL_REPRESENTATION('',(#3887),#3891);
#3887 = LINE('',#3888,#3889);
#3888 = CARTESIAN_POINT('',(6.28318530718,0.));
#3889 = VECTOR('',#3890,1.);
#3890 = DIRECTION('',(0.,1.));
#3891 = ( GEOMETRIC_REPRESENTATION_CONTEXT(2) 
PARAMETRIC_REPRESENTATION_CONTEXT() REPRESENTATION_CONTEXT('2D SPACE',''
  ) );
#3892 = ORIENTED_EDGE('',*,*,#3893,.F.);
#3893 = EDGE_CURVE('',#3872,#3872,#3894,.T.);
#3894 = SURFACE_CURVE('',#3895,(#3900,#3907),.PCURVE_S1.);
#3895 = CIRCLE('',#3896,16.);
#3896 = AXIS2_PLACEMENT_3D('',#3897,#3898,#3899);
#3897 = CARTESIAN_POINT('',(-1.263117742199E-16,0.,-137.3510233461));
#3898 = DIRECTION('',(-3.903127820948E-18,0.,1.));
#3899 = DIRECTION('',(1.,0.,3.903127820948E-18));
#3900 = PCURVE('',#3808,#3901);
#3901 = DEFINITIONAL_REPRESENTATION('',(#3902),#3906);
#3902 = LINE('',#3903,#3904);
#3903 = CARTESIAN_POINT('',(6.28318530718,65.04768293351));
#3904 = VECTOR('',#3905,1.);
#3905 = DIRECTION('',(-1.,0.));
#3906 = ( GEOMETRIC_REPRESENTATION_CONTEXT(2) 
PARAMETRIC_REPRESENTATION_CONTEXT() REPRESENTATION_CONTEXT('2D SPACE',''
  ) );
#3907 = PCURVE('',#3908,#3913);
#3908 = PLANE('',#3909);
#3909 = AXIS2_PLACEMENT_3D('',#3910,#3911,#3912);
#3910 = CARTESIAN_POINT('',(-18.06010312587,0.,-137.3510233461));
#3911 = DIRECTION('',(3.903127820948E-18,0.,-1.));
#3912 = DIRECTION('',(-1.,0.,-3.903127820948E-18));
#3913 = DEFINITIONAL_REPRESENTATION('',(#3914),#3922);
#3914 = ( BOUNDED_CURVE() B_SPLINE_CURVE(2,(#3915,#3916,#3917,#3918,
#3919,#3920,#3921),.UNSPECIFIED.,.T.,.F.) B_SPLINE_CURVE_WITH_KNOTS((1,2
    ,2,2,2,1),(-2.094395102393,0.,2.094395102393,4.188790204786,
6.28318530718,8.377580409573),.UNSPECIFIED.) CURVE() 
GEOMETRIC_REPRESENTATION_ITEM() RATIONAL_B_SPLINE_CURVE((1.,0.5,1.,0.5,
1.,0.5,1.)) REPRESENTATION_ITEM('') );
#3915 = CARTESIAN_POINT('',(-34.06010312587,0.));
#3916 = CARTESIAN_POINT('',(-34.06010312587,27.712812921102));
#3917 = CARTESIAN_POINT('',(-10.06010312587,13.856406460551));
#3918 = CARTESIAN_POINT('',(13.93989687413,3.918869757272E-15));
#3919 = CARTESIAN_POINT('',(-10.06010312587,-13.85640646055));
#3920 = CARTESIAN_POINT('',(-34.06010312587,-27.7128129211));
#3921 = CARTESIAN_POINT('',(-34.06010312587,0.));
#3922 = ( GEOMETRIC_REPRESENTATION_CONTEXT(2) 
PARAMETRIC_REPRESENTATION_CONTEXT() REPRESENTATION_CONTEXT('2D SPACE',''
  ) );
#3923 = ORIENTED_EDGE('',*,*,#3871,.T.);
#3924 = ADVANCED_FACE('',(#3925,#3928),#3908,.T.);
#3925 = FACE_BOUND('',#3926,.T.);
#3926 = EDGE_LOOP('',(#3927));
#3927 = ORIENTED_EDGE('',*,*,#3893,.T.);
#3928 = FACE_BOUND('',#3929,.T.);
#3929 = EDGE_LOOP('',(#3930));
#3930 = ORIENTED_EDGE('',*,*,#3931,.F.);
#3931 = EDGE_CURVE('',#3932,#3932,#3934,.T.);
#3932 = VERTEX_POINT('',#3933);
#3933 = CARTESIAN_POINT('',(19.,0.,-137.3510233461));
#3934 = SURFACE_CURVE('',#3935,(#3940,#3951),.PCURVE_S1.);
#3935 = CIRCLE('',#3936,19.);
#3936 = AXIS2_PLACEMENT_3D('',#3937,#3938,#3939);
#3937 = CARTESIAN_POINT('',(-1.263117742199E-16,0.,-137.3510233461));
#3938 = DIRECTION('',(-3.903127820948E-18,0.,1.));
#3939 = DIRECTION('',(1.,0.,3.903127820948E-18));
#3940 = PCURVE('',#3908,#3941);
#3941 = DEFINITIONAL_REPRESENTATION('',(#3942),#3950);
#3942 = ( BOUNDED_CURVE() B_SPLINE_CURVE(2,(#3943,#3944,#3945,#3946,
#3947,#3948,#3949),.UNSPECIFIED.,.T.,.F.) B_SPLINE_CURVE_WITH_KNOTS((1,2
    ,2,2,2,1),(-2.094395102393,0.,2.094395102393,4.188790204786,
6.28318530718,8.377580409573),.UNSPECIFIED.) CURVE() 
GEOMETRIC_REPRESENTATION_ITEM() RATIONAL_B_SPLINE_CURVE((1.,0.5,1.,0.5,
1.,0.5,1.)) REPRESENTATION_ITEM('') );
#3943 = CARTESIAN_POINT('',(-37.06010312587,0.));
#3944 = CARTESIAN_POINT('',(-37.06010312587,32.908965343809));
#3945 = CARTESIAN_POINT('',(-8.56010312587,16.454482671904));
#3946 = CARTESIAN_POINT('',(19.93989687413,4.65365783676E-15));
#3947 = CARTESIAN_POINT('',(-8.56010312587,-16.4544826719));
#3948 = CARTESIAN_POINT('',(-37.06010312587,-32.9089653438));
#3949 = CARTESIAN_POINT('',(-37.06010312587,0.));
#3950 = ( GEOMETRIC_REPRESENTATION_CONTEXT(2) 
PARAMETRIC_REPRESENTATION_CONTEXT() REPRESENTATION_CONTEXT('2D SPACE',''
  ) );
#3951 = PCURVE('',#3952,#3957);
#3952 = CYLINDRICAL_SURFACE('',#3953,19.);
#3953 = AXIS2_PLACEMENT_3D('',#3954,#3955,#3956);
#3954 = CARTESIAN_POINT('',(-3.802011951659E-16,0.,-72.30334041267));
#3955 = DIRECTION('',(3.903127820948E-18,0.,-1.));
#3956 = DIRECTION('',(1.,0.,3.903127820948E-18));
#3957 = DEFINITIONAL_REPRESENTATION('',(#3958),#3962);
#3958 = LINE('',#3959,#3960);
#3959 = CARTESIAN_POINT('',(6.28318530718,65.04768293351));
#3960 = VECTOR('',#3961,1.);
#3961 = DIRECTION('',(-1.,0.));
#3962 = ( GEOMETRIC_REPRESENTATION_CONTEXT(2) 
PARAMETRIC_REPRESENTATION_CONTEXT() REPRESENTATION_CONTEXT('2D SPACE',''
  ) );
#3963 = ADVANCED_FACE('',(#3964),#3952,.T.);
#3964 = FACE_BOUND('',#3965,.T.);
#3965 = EDGE_LOOP('',(#3966,#3967,#3989,#4016));
#3966 = ORIENTED_EDGE('',*,*,#3931,.T.);
#3967 = ORIENTED_EDGE('',*,*,#3968,.F.);
#3968 = EDGE_CURVE('',#3969,#3932,#3971,.T.);
#3969 = VERTEX_POINT('',#3970);
#3970 = CARTESIAN_POINT('',(19.,0.,-106.3510233461));
#3971 = SEAM_CURVE('',#3972,(#3975,#3982),.PCURVE_S1.);
#3972 = B_SPLINE_CURVE_WITH_KNOTS('',1,(#3973,#3974),.UNSPECIFIED.,.F.,
  .F.,(2,2),(34.04768293351,65.04768293351),.PIECEWISE_BEZIER_KNOTS.);
#3973 = CARTESIAN_POINT('',(19.,4.65365783676E-15,-106.3510233461));
#3974 = CARTESIAN_POINT('',(19.,4.65365783676E-15,-137.3510233461));
#3975 = PCURVE('',#3952,#3976);
#3976 = DEFINITIONAL_REPRESENTATION('',(#3977),#3981);
#3977 = LINE('',#3978,#3979);
#3978 = CARTESIAN_POINT('',(0.,0.));
#3979 = VECTOR('',#3980,1.);
#3980 = DIRECTION('',(0.,1.));
#3981 = ( GEOMETRIC_REPRESENTATION_CONTEXT(2) 
PARAMETRIC_REPRESENTATION_CONTEXT() REPRESENTATION_CONTEXT('2D SPACE',''
  ) );
#3982 = PCURVE('',#3952,#3983);
#3983 = DEFINITIONAL_REPRESENTATION('',(#3984),#3988);
#3984 = LINE('',#3985,#3986);
#3985 = CARTESIAN_POINT('',(6.28318530718,0.));
#3986 = VECTOR('',#3987,1.);
#3987 = DIRECTION('',(0.,1.));
#3988 = ( GEOMETRIC_REPRESENTATION_CONTEXT(2) 
PARAMETRIC_REPRESENTATION_CONTEXT() REPRESENTATION_CONTEXT('2D SPACE',''
  ) );
#3989 = ORIENTED_EDGE('',*,*,#3990,.F.);
#3990 = EDGE_CURVE('',#3969,#3969,#3991,.T.);
#3991 = SURFACE_CURVE('',#3992,(#3997,#4004),.PCURVE_S1.);
#3992 = CIRCLE('',#3993,19.);
#3993 = AXIS2_PLACEMENT_3D('',#3994,#3995,#3996);
#3994 = CARTESIAN_POINT('',(-2.473087366693E-16,0.,-106.3510233461));
#3995 = DIRECTION('',(-3.903127820948E-18,0.,1.));
#3996 = DIRECTION('',(1.,0.,3.903127820948E-18));
#3997 = PCURVE('',#3952,#3998);
#3998 = DEFINITIONAL_REPRESENTATION('',(#3999),#4003);
#3999 = LINE('',#4000,#4001);
#4000 = CARTESIAN_POINT('',(6.28318530718,34.04768293351));
#4001 = VECTOR('',#4002,1.);
#4002 = DIRECTION('',(-1.,0.));
#4003 = ( GEOMETRIC_REPRESENTATION_CONTEXT(2) 
PARAMETRIC_REPRESENTATION_CONTEXT() REPRESENTATION_CONTEXT('2D SPACE',''
  ) );
#4004 = PCURVE('',#4005,#4010);
#4005 = PLANE('',#4006);
#4006 = AXIS2_PLACEMENT_3D('',#4007,#4008,#4009);
#4007 = CARTESIAN_POINT('',(-19.56010312587,0.,-106.3510233461));
#4008 = DIRECTION('',(-3.903127820948E-18,0.,1.));
#4009 = DIRECTION('',(1.,0.,3.903127820948E-18));
#4010 = DEFINITIONAL_REPRESENTATION('',(#4011),#4015);
#4011 = CIRCLE('',#4012,19.);
#4012 = AXIS2_PLACEMENT_2D('',#4013,#4014);
#4013 = CARTESIAN_POINT('',(19.56010312587,0.));
#4014 = DIRECTION('',(1.,0.));
#4015 = ( GEOMETRIC_REPRESENTATION_CONTEXT(2) 
PARAMETRIC_REPRESENTATION_CONTEXT() REPRESENTATION_CONTEXT('2D SPACE',''
  ) );
#4016 = ORIENTED_EDGE('',*,*,#3968,.T.);
#4017 = ADVANCED_FACE('',(#4018,#4021),#4005,.T.);
#4018 = FACE_BOUND('',#4019,.T.);
#4019 = EDGE_LOOP('',(#4020));
#4020 = ORIENTED_EDGE('',*,*,#3990,.T.);
#4021 = FACE_BOUND('',#4022,.T.);
#4022 = EDGE_LOOP('',(#4023));
#4023 = ORIENTED_EDGE('',*,*,#4024,.F.);
#4024 = EDGE_CURVE('',#4025,#4025,#4027,.T.);
#4025 = VERTEX_POINT('',#4026);
#4026 = CARTESIAN_POINT('',(17.5,0.,-106.3510233461));
#4027 = SURFACE_CURVE('',#4028,(#4033,#4040),.PCURVE_S1.);
#4028 = CIRCLE('',#4029,17.5);
#4029 = AXIS2_PLACEMENT_3D('',#4030,#4031,#4032);
#4030 = CARTESIAN_POINT('',(-2.473087366693E-16,0.,-106.3510233461));
#4031 = DIRECTION('',(-3.903127820948E-18,0.,1.));
#4032 = DIRECTION('',(1.,0.,3.903127820948E-18));
#4033 = PCURVE('',#4005,#4034);
#4034 = DEFINITIONAL_REPRESENTATION('',(#4035),#4039);
#4035 = CIRCLE('',#4036,17.5);
#4036 = AXIS2_PLACEMENT_2D('',#4037,#4038);
#4037 = CARTESIAN_POINT('',(19.56010312587,0.));
#4038 = DIRECTION('',(1.,0.));
#4039 = ( GEOMETRIC_REPRESENTATION_CONTEXT(2) 
PARAMETRIC_REPRESENTATION_CONTEXT() REPRESENTATION_CONTEXT('2D SPACE',''
  ) );
#4040 = PCURVE('',#4041,#4046);
#4041 = CYLINDRICAL_SURFACE('',#4042,17.5);
#4042 = AXIS2_PLACEMENT_3D('',#4043,#4044,#4045);
#4043 = CARTESIAN_POINT('',(-3.802011951659E-16,0.,-72.30334041267));
#4044 = DIRECTION('',(3.903127820948E-18,0.,-1.));
#4045 = DIRECTION('',(1.,0.,3.903127820948E-18));
#4046 = DEFINITIONAL_REPRESENTATION('',(#4047),#4051);
#4047 = LINE('',#4048,#4049);
#4048 = CARTESIAN_POINT('',(6.28318530718,34.04768293351));
#4049 = VECTOR('',#4050,1.);
#4050 = DIRECTION('',(-1.,0.));
#4051 = ( GEOMETRIC_REPRESENTATION_CONTEXT(2) 
PARAMETRIC_REPRESENTATION_CONTEXT() REPRESENTATION_CONTEXT('2D SPACE',''
  ) );
#4052 = ADVANCED_FACE('',(#4053),#4041,.T.);
#4053 = FACE_BOUND('',#4054,.T.);
#4054 = EDGE_LOOP('',(#4055,#4056,#4078,#4109));
#4055 = ORIENTED_EDGE('',*,*,#4024,.T.);
#4056 = ORIENTED_EDGE('',*,*,#4057,.F.);
#4057 = EDGE_CURVE('',#4058,#4025,#4060,.T.);
#4058 = VERTEX_POINT('',#4059);
#4059 = CARTESIAN_POINT('',(17.5,0.,-103.3510233461));
#4060 = SEAM_CURVE('',#4061,(#4064,#4071),.PCURVE_S1.);
#4061 = B_SPLINE_CURVE_WITH_KNOTS('',1,(#4062,#4063),.UNSPECIFIED.,.F.,
  .F.,(2,2),(31.04768293351,34.04768293351),.PIECEWISE_BEZIER_KNOTS.);
#4062 = CARTESIAN_POINT('',(17.5,4.286263797016E-15,-103.3510233461));
#4063 = CARTESIAN_POINT('',(17.5,4.286263797016E-15,-106.3510233461));
#4064 = PCURVE('',#4041,#4065);
#4065 = DEFINITIONAL_REPRESENTATION('',(#4066),#4070);
#4066 = LINE('',#4067,#4068);
#4067 = CARTESIAN_POINT('',(0.,0.));
#4068 = VECTOR('',#4069,1.);
#4069 = DIRECTION('',(0.,1.));
#4070 = ( GEOMETRIC_REPRESENTATION_CONTEXT(2) 
PARAMETRIC_REPRESENTATION_CONTEXT() REPRESENTATION_CONTEXT('2D SPACE',''
  ) );
#4071 = PCURVE('',#4041,#4072);
#4072 = DEFINITIONAL_REPRESENTATION('',(#4073),#4077);
#4073 = LINE('',#4074,#4075);
#4074 = CARTESIAN_POINT('',(6.28318530718,0.));
#4075 = VECTOR('',#4076,1.);
#4076 = DIRECTION('',(0.,1.));
#4077 = ( GEOMETRIC_REPRESENTATION_CONTEXT(2) 
PARAMETRIC_REPRESENTATION_CONTEXT() REPRESENTATION_CONTEXT('2D SPACE',''
  ) );
#4078 = ORIENTED_EDGE('',*,*,#4079,.F.);
#4079 = EDGE_CURVE('',#4058,#4058,#4080,.T.);
#4080 = SURFACE_CURVE('',#4081,(#4086,#4093),.PCURVE_S1.);
#4081 = CIRCLE('',#4082,17.5);
#4082 = AXIS2_PLACEMENT_3D('',#4083,#4084,#4085);
#4083 = CARTESIAN_POINT('',(-2.590181201321E-16,0.,-103.3510233461));
#4084 = DIRECTION('',(-3.903127820948E-18,0.,1.));
#4085 = DIRECTION('',(1.,0.,3.903127820948E-18));
#4086 = PCURVE('',#4041,#4087);
#4087 = DEFINITIONAL_REPRESENTATION('',(#4088),#4092);
#4088 = LINE('',#4089,#4090);
#4089 = CARTESIAN_POINT('',(6.28318530718,31.04768293351));
#4090 = VECTOR('',#4091,1.);
#4091 = DIRECTION('',(-1.,0.));
#4092 = ( GEOMETRIC_REPRESENTATION_CONTEXT(2) 
PARAMETRIC_REPRESENTATION_CONTEXT() REPRESENTATION_CONTEXT('2D SPACE',''
  ) );
#4093 = PCURVE('',#4094,#4099);
#4094 = PLANE('',#4095);
#4095 = AXIS2_PLACEMENT_3D('',#4096,#4097,#4098);
#4096 = CARTESIAN_POINT('',(-18.43989687413,0.,-103.3510233461));
#4097 = DIRECTION('',(3.903127820948E-18,0.,-1.));
#4098 = DIRECTION('',(-1.,0.,-3.903127820948E-18));
#4099 = DEFINITIONAL_REPRESENTATION('',(#4100),#4108);
#4100 = ( BOUNDED_CURVE() B_SPLINE_CURVE(2,(#4101,#4102,#4103,#4104,
#4105,#4106,#4107),.UNSPECIFIED.,.T.,.F.) B_SPLINE_CURVE_WITH_KNOTS((1,2
    ,2,2,2,1),(-2.094395102393,0.,2.094395102393,4.188790204786,
6.28318530718,8.377580409573),.UNSPECIFIED.) CURVE() 
GEOMETRIC_REPRESENTATION_ITEM() RATIONAL_B_SPLINE_CURVE((1.,0.5,1.,0.5,
1.,0.5,1.)) REPRESENTATION_ITEM('') );
#4101 = CARTESIAN_POINT('',(-35.93989687413,0.));
#4102 = CARTESIAN_POINT('',(-35.93989687413,30.310889132455));
#4103 = CARTESIAN_POINT('',(-9.68989687413,15.155444566228));
#4104 = CARTESIAN_POINT('',(16.56010312587,4.286263797016E-15));
#4105 = CARTESIAN_POINT('',(-9.68989687413,-15.15544456622));
#4106 = CARTESIAN_POINT('',(-35.93989687413,-30.31088913245));
#4107 = CARTESIAN_POINT('',(-35.93989687413,0.));
#4108 = ( GEOMETRIC_REPRESENTATION_CONTEXT(2) 
PARAMETRIC_REPRESENTATION_CONTEXT() REPRESENTATION_CONTEXT('2D SPACE',''
  ) );
#4109 = ORIENTED_EDGE('',*,*,#4057,.T.);
#4110 = ADVANCED_FACE('',(#4111,#4114),#4094,.T.);
#4111 = FACE_BOUND('',#4112,.T.);
#4112 = EDGE_LOOP('',(#4113));
#4113 = ORIENTED_EDGE('',*,*,#4079,.T.);
#4114 = FACE_BOUND('',#4115,.T.);
#4115 = EDGE_LOOP('',(#4116,#4151,#4179,#4207,#4235,#4263,#4291,#4319,
    #4347,#4375,#4403,#4431,#4459));
#4116 = ORIENTED_EDGE('',*,*,#4117,.F.);
#4117 = EDGE_CURVE('',#4118,#4120,#4122,.T.);
#4118 = VERTEX_POINT('',#4119);
#4119 = CARTESIAN_POINT('',(-16.4544826719,-9.5,-103.3510233461));
#4120 = VERTEX_POINT('',#4121);
#4121 = CARTESIAN_POINT('',(19.,4.65365783676E-15,-103.3510233461));
#4122 = SURFACE_CURVE('',#4123,(#4128,#4139),.PCURVE_S1.);
#4123 = CIRCLE('',#4124,19.);
#4124 = AXIS2_PLACEMENT_3D('',#4125,#4126,#4127);
#4125 = CARTESIAN_POINT('',(-2.590181201321E-16,0.,-103.3510233461));
#4126 = DIRECTION('',(-3.903127820948E-18,0.,1.));
#4127 = DIRECTION('',(1.,0.,3.903127820948E-18));
#4128 = PCURVE('',#4094,#4129);
#4129 = DEFINITIONAL_REPRESENTATION('',(#4130),#4138);
#4130 = ( BOUNDED_CURVE() B_SPLINE_CURVE(2,(#4131,#4132,#4133,#4134,
#4135,#4136,#4137),.UNSPECIFIED.,.T.,.F.) B_SPLINE_CURVE_WITH_KNOTS((1,2
    ,2,2,2,1),(-2.094395102393,0.,2.094395102393,4.188790204786,
6.28318530718,8.377580409573),.UNSPECIFIED.) CURVE() 
GEOMETRIC_REPRESENTATION_ITEM() RATIONAL_B_SPLINE_CURVE((1.,0.5,1.,0.5,
1.,0.5,1.)) REPRESENTATION_ITEM('') );
#4131 = CARTESIAN_POINT('',(-37.43989687413,0.));
#4132 = CARTESIAN_POINT('',(-37.43989687413,32.908965343809));
#4133 = CARTESIAN_POINT('',(-8.93989687413,16.454482671904));
#4134 = CARTESIAN_POINT('',(19.56010312587,4.65365783676E-15));
#4135 = CARTESIAN_POINT('',(-8.93989687413,-16.4544826719));
#4136 = CARTESIAN_POINT('',(-37.43989687413,-32.9089653438));
#4137 = CARTESIAN_POINT('',(-37.43989687413,0.));
#4138 = ( GEOMETRIC_REPRESENTATION_CONTEXT(2) 
PARAMETRIC_REPRESENTATION_CONTEXT() REPRESENTATION_CONTEXT('2D SPACE',''
  ) );
#4139 = PCURVE('',#4140,#4145);
#4140 = CYLINDRICAL_SURFACE('',#4141,19.);
#4141 = AXIS2_PLACEMENT_3D('',#4142,#4143,#4144);
#4142 = CARTESIAN_POINT('',(-3.802011951659E-16,0.,-72.30334041267));
#4143 = DIRECTION('',(3.903127820948E-18,0.,-1.));
#4144 = DIRECTION('',(1.,0.,3.903127820948E-18));
#4145 = DEFINITIONAL_REPRESENTATION('',(#4146),#4150);
#4146 = LINE('',#4147,#4148);
#4147 = CARTESIAN_POINT('',(6.28318530718,31.04768293351));
#4148 = VECTOR('',#4149,1.);
#4149 = DIRECTION('',(-1.,0.));
#4150 = ( GEOMETRIC_REPRESENTATION_CONTEXT(2) 
PARAMETRIC_REPRESENTATION_CONTEXT() REPRESENTATION_CONTEXT('2D SPACE',''
  ) );
#4151 = ORIENTED_EDGE('',*,*,#4152,.T.);
#4152 = EDGE_CURVE('',#4118,#4153,#4155,.T.);
#4153 = VERTEX_POINT('',#4154);
#4154 = CARTESIAN_POINT('',(-30.29298782348,-9.5,-103.3510233461));
#4155 = SURFACE_CURVE('',#4156,(#4160,#4167),.PCURVE_S1.);
#4156 = LINE('',#4157,#4158);
#4157 = CARTESIAN_POINT('',(5.E+05,-9.5,-103.351023346));
#4158 = VECTOR('',#4159,1.);
#4159 = DIRECTION('',(-1.,0.,-3.100648276078E-16));
#4160 = PCURVE('',#4094,#4161);
#4161 = DEFINITIONAL_REPRESENTATION('',(#4162),#4166);
#4162 = LINE('',#4163,#4164);
#4163 = CARTESIAN_POINT('',(-5.000184398969E+05,-9.5));
#4164 = VECTOR('',#4165,1.);
#4165 = DIRECTION('',(1.,0.));
#4166 = ( GEOMETRIC_REPRESENTATION_CONTEXT(2) 
PARAMETRIC_REPRESENTATION_CONTEXT() REPRESENTATION_CONTEXT('2D SPACE',''
  ) );
#4167 = PCURVE('',#4168,#4173);
#4168 = PLANE('',#4169);
#4169 = AXIS2_PLACEMENT_3D('',#4170,#4171,#4172);
#4170 = CARTESIAN_POINT('',(5.E+05,-9.5,-79.51737719758));
#4171 = DIRECTION('',(0.,1.,0.));
#4172 = DIRECTION('',(0.,0.,1.));
#4173 = DEFINITIONAL_REPRESENTATION('',(#4174),#4178);
#4174 = LINE('',#4175,#4176);
#4175 = CARTESIAN_POINT('',(-23.83364614842,0.));
#4176 = VECTOR('',#4177,1.);
#4177 = DIRECTION('',(-3.100648276078E-16,-1.));
#4178 = ( GEOMETRIC_REPRESENTATION_CONTEXT(2) 
PARAMETRIC_REPRESENTATION_CONTEXT() REPRESENTATION_CONTEXT('2D SPACE',''
  ) );
#4179 = ORIENTED_EDGE('',*,*,#4180,.T.);
#4180 = EDGE_CURVE('',#4153,#4181,#4183,.T.);
#4181 = VERTEX_POINT('',#4182);
#4182 = CARTESIAN_POINT('',(-30.29298782348,-10.69008886627,
    -103.3510233461));
#4183 = SURFACE_CURVE('',#4184,(#4188,#4195),.PCURVE_S1.);
#4184 = LINE('',#4185,#4186);
#4185 = CARTESIAN_POINT('',(-30.29298782348,-10.50291388668,
    -103.3510233461));
#4186 = VECTOR('',#4187,1.);
#4187 = DIRECTION('',(0.,-1.,0.));
#4188 = PCURVE('',#4094,#4189);
#4189 = DEFINITIONAL_REPRESENTATION('',(#4190),#4194);
#4190 = LINE('',#4191,#4192);
#4191 = CARTESIAN_POINT('',(11.85309094935,-10.50291388668));
#4192 = VECTOR('',#4193,1.);
#4193 = DIRECTION('',(-0.,-1.));
#4194 = ( GEOMETRIC_REPRESENTATION_CONTEXT(2) 
PARAMETRIC_REPRESENTATION_CONTEXT() REPRESENTATION_CONTEXT('2D SPACE',''
  ) );
#4195 = PCURVE('',#4196,#4201);
#4196 = PLANE('',#4197);
#4197 = AXIS2_PLACEMENT_3D('',#4198,#4199,#4200);
#4198 = CARTESIAN_POINT('',(-30.29298782348,-10.50291388668,
    -103.3510233461));
#4199 = DIRECTION('',(-1.,0.,-1.263678077357E-16));
#4200 = DIRECTION('',(-1.263678077357E-16,0.,1.));
#4201 = DEFINITIONAL_REPRESENTATION('',(#4202),#4206);
#4202 = LINE('',#4203,#4204);
#4203 = CARTESIAN_POINT('',(0.,0.));
#4204 = VECTOR('',#4205,1.);
#4205 = DIRECTION('',(0.,-1.));
#4206 = ( GEOMETRIC_REPRESENTATION_CONTEXT(2) 
PARAMETRIC_REPRESENTATION_CONTEXT() REPRESENTATION_CONTEXT('2D SPACE',''
  ) );
#4207 = ORIENTED_EDGE('',*,*,#4208,.T.);
#4208 = EDGE_CURVE('',#4181,#4209,#4211,.T.);
#4209 = VERTEX_POINT('',#4210);
#4210 = CARTESIAN_POINT('',(-34.26580705309,-10.69008886627,
    -103.3510233461));
#4211 = SURFACE_CURVE('',#4212,(#4216,#4223),.PCURVE_S1.);
#4212 = LINE('',#4213,#4214);
#4213 = CARTESIAN_POINT('',(-34.8605774343,-10.69008886627,
    -103.3510233461));
#4214 = VECTOR('',#4215,1.);
#4215 = DIRECTION('',(-1.,1.224646799147E-16,-1.263678077357E-16));
#4216 = PCURVE('',#4094,#4217);
#4217 = DEFINITIONAL_REPRESENTATION('',(#4218),#4222);
#4218 = LINE('',#4219,#4220);
#4219 = CARTESIAN_POINT('',(16.42068056017,-10.69008886627));
#4220 = VECTOR('',#4221,1.);
#4221 = DIRECTION('',(1.,1.224646799147E-16));
#4222 = ( GEOMETRIC_REPRESENTATION_CONTEXT(2) 
PARAMETRIC_REPRESENTATION_CONTEXT() REPRESENTATION_CONTEXT('2D SPACE',''
  ) );
#4223 = PCURVE('',#4224,#4229);
#4224 = PLANE('',#4225);
#4225 = AXIS2_PLACEMENT_3D('',#4226,#4227,#4228);
#4226 = CARTESIAN_POINT('',(-34.8605774343,-10.69008886627,
    -103.3510233461));
#4227 = DIRECTION('',(1.224646799147E-16,1.,1.547559312588E-32));
#4228 = DIRECTION('',(-1.,1.224646799147E-16,0.));
#4229 = DEFINITIONAL_REPRESENTATION('',(#4230),#4234);
#4230 = LINE('',#4231,#4232);
#4231 = CARTESIAN_POINT('',(0.,0.));
#4232 = VECTOR('',#4233,1.);
#4233 = DIRECTION('',(1.,-1.263678077357E-16));
#4234 = ( GEOMETRIC_REPRESENTATION_CONTEXT(2) 
PARAMETRIC_REPRESENTATION_CONTEXT() REPRESENTATION_CONTEXT('2D SPACE',''
  ) );
#4235 = ORIENTED_EDGE('',*,*,#4236,.F.);
#4236 = EDGE_CURVE('',#4237,#4209,#4239,.T.);
#4237 = VERTEX_POINT('',#4238);
#4238 = CARTESIAN_POINT('',(-34.26580705309,-7.,-103.3510233461));
#4239 = SURFACE_CURVE('',#4240,(#4244,#4251),.PCURVE_S1.);
#4240 = LINE('',#4241,#4242);
#4241 = CARTESIAN_POINT('',(-34.26580705309,-8.66098587215,
    -103.3510233461));
#4242 = VECTOR('',#4243,1.);
#4243 = DIRECTION('',(6.123233995737E-17,-1.,7.737796562939E-33));
#4244 = PCURVE('',#4094,#4245);
#4245 = DEFINITIONAL_REPRESENTATION('',(#4246),#4250);
#4246 = LINE('',#4247,#4248);
#4247 = CARTESIAN_POINT('',(15.82591017896,-8.66098587215));
#4248 = VECTOR('',#4249,1.);
#4249 = DIRECTION('',(-6.123233995737E-17,-1.));
#4250 = ( GEOMETRIC_REPRESENTATION_CONTEXT(2) 
PARAMETRIC_REPRESENTATION_CONTEXT() REPRESENTATION_CONTEXT('2D SPACE',''
  ) );
#4251 = PCURVE('',#4252,#4257);
#4252 = PLANE('',#4253);
#4253 = AXIS2_PLACEMENT_3D('',#4254,#4255,#4256);
#4254 = CARTESIAN_POINT('',(-34.26580705309,-8.66098587215,
    -103.3510233461));
#4255 = DIRECTION('',(-1.,-6.123233995737E-17,-1.263678077357E-16));
#4256 = DIRECTION('',(-1.263678077357E-16,0.,1.));
#4257 = DEFINITIONAL_REPRESENTATION('',(#4258),#4262);
#4258 = LINE('',#4259,#4260);
#4259 = CARTESIAN_POINT('',(0.,0.));
#4260 = VECTOR('',#4261,1.);
#4261 = DIRECTION('',(-9.524450499708E-46,-1.));
#4262 = ( GEOMETRIC_REPRESENTATION_CONTEXT(2) 
PARAMETRIC_REPRESENTATION_CONTEXT() REPRESENTATION_CONTEXT('2D SPACE',''
  ) );
#4263 = ORIENTED_EDGE('',*,*,#4264,.T.);
#4264 = EDGE_CURVE('',#4237,#4265,#4267,.T.);
#4265 = VERTEX_POINT('',#4266);
#4266 = CARTESIAN_POINT('',(-32.49490633606,-7.,-103.3510233461));
#4267 = SURFACE_CURVE('',#4268,(#4272,#4279),.PCURVE_S1.);
#4268 = LINE('',#4269,#4270);
#4269 = CARTESIAN_POINT('',(-35.02964181825,-7.,-103.3510233461));
#4270 = VECTOR('',#4271,1.);
#4271 = DIRECTION('',(1.,0.,1.263678077357E-16));
#4272 = PCURVE('',#4094,#4273);
#4273 = DEFINITIONAL_REPRESENTATION('',(#4274),#4278);
#4274 = LINE('',#4275,#4276);
#4275 = CARTESIAN_POINT('',(16.58974494412,-7.));
#4276 = VECTOR('',#4277,1.);
#4277 = DIRECTION('',(-1.,0.));
#4278 = ( GEOMETRIC_REPRESENTATION_CONTEXT(2) 
PARAMETRIC_REPRESENTATION_CONTEXT() REPRESENTATION_CONTEXT('2D SPACE',''
  ) );
#4279 = PCURVE('',#4280,#4285);
#4280 = PLANE('',#4281);
#4281 = AXIS2_PLACEMENT_3D('',#4282,#4283,#4284);
#4282 = CARTESIAN_POINT('',(-35.02964181825,-7.,-103.3510233461));
#4283 = DIRECTION('',(0.,-1.,0.));
#4284 = DIRECTION('',(0.,0.,-1.));
#4285 = DEFINITIONAL_REPRESENTATION('',(#4286),#4290);
#4286 = LINE('',#4287,#4288);
#4287 = CARTESIAN_POINT('',(0.,0.));
#4288 = VECTOR('',#4289,1.);
#4289 = DIRECTION('',(-1.263678077357E-16,1.));
#4290 = ( GEOMETRIC_REPRESENTATION_CONTEXT(2) 
PARAMETRIC_REPRESENTATION_CONTEXT() REPRESENTATION_CONTEXT('2D SPACE',''
  ) );
#4291 = ORIENTED_EDGE('',*,*,#4292,.F.);
#4292 = EDGE_CURVE('',#4293,#4265,#4295,.T.);
#4293 = VERTEX_POINT('',#4294);
#4294 = CARTESIAN_POINT('',(-32.49490633606,7.,-103.3510233461));
#4295 = SURFACE_CURVE('',#4296,(#4300,#4307),.PCURVE_S1.);
#4296 = LINE('',#4297,#4298);
#4297 = CARTESIAN_POINT('',(-32.49490633606,6.010142463668,
    -103.3510233461));
#4298 = VECTOR('',#4299,1.);
#4299 = DIRECTION('',(-1.068589661202E-15,-1.,-1.350353328551E-31));
#4300 = PCURVE('',#4094,#4301);
#4301 = DEFINITIONAL_REPRESENTATION('',(#4302),#4306);
#4302 = LINE('',#4303,#4304);
#4303 = CARTESIAN_POINT('',(14.05500946193,6.010142463668));
#4304 = VECTOR('',#4305,1.);
#4305 = DIRECTION('',(1.068589661202E-15,-1.));
#4306 = ( GEOMETRIC_REPRESENTATION_CONTEXT(2) 
PARAMETRIC_REPRESENTATION_CONTEXT() REPRESENTATION_CONTEXT('2D SPACE',''
  ) );
#4307 = PCURVE('',#4308,#4313);
#4308 = PLANE('',#4309);
#4309 = AXIS2_PLACEMENT_3D('',#4310,#4311,#4312);
#4310 = CARTESIAN_POINT('',(-32.49490633606,6.010142463668,
    -103.3510233461));
#4311 = DIRECTION('',(-1.,1.068589661202E-15,-1.263678077357E-16));
#4312 = DIRECTION('',(-1.068589661202E-15,-1.,0.));
#4313 = DEFINITIONAL_REPRESENTATION('',(#4314),#4318);
#4314 = LINE('',#4315,#4316);
#4315 = CARTESIAN_POINT('',(0.,0.));
#4316 = VECTOR('',#4317,1.);
#4317 = DIRECTION('',(1.,-1.350353328551E-31));
#4318 = ( GEOMETRIC_REPRESENTATION_CONTEXT(2) 
PARAMETRIC_REPRESENTATION_CONTEXT() REPRESENTATION_CONTEXT('2D SPACE',''
  ) );
#4319 = ORIENTED_EDGE('',*,*,#4320,.F.);
#4320 = EDGE_CURVE('',#4321,#4293,#4323,.T.);
#4321 = VERTEX_POINT('',#4322);
#4322 = CARTESIAN_POINT('',(-34.26580705309,7.,-103.3510233461));
#4323 = SURFACE_CURVE('',#4324,(#4328,#4335),.PCURVE_S1.);
#4324 = LINE('',#4325,#4326);
#4325 = CARTESIAN_POINT('',(-35.02964181825,7.,-103.3510233461));
#4326 = VECTOR('',#4327,1.);
#4327 = DIRECTION('',(1.,0.,1.263678077357E-16));
#4328 = PCURVE('',#4094,#4329);
#4329 = DEFINITIONAL_REPRESENTATION('',(#4330),#4334);
#4330 = LINE('',#4331,#4332);
#4331 = CARTESIAN_POINT('',(16.58974494412,7.));
#4332 = VECTOR('',#4333,1.);
#4333 = DIRECTION('',(-1.,0.));
#4334 = ( GEOMETRIC_REPRESENTATION_CONTEXT(2) 
PARAMETRIC_REPRESENTATION_CONTEXT() REPRESENTATION_CONTEXT('2D SPACE',''
  ) );
#4335 = PCURVE('',#4336,#4341);
#4336 = PLANE('',#4337);
#4337 = AXIS2_PLACEMENT_3D('',#4338,#4339,#4340);
#4338 = CARTESIAN_POINT('',(-35.02964181825,7.,-103.3510233461));
#4339 = DIRECTION('',(0.,-1.,0.));
#4340 = DIRECTION('',(0.,0.,-1.));
#4341 = DEFINITIONAL_REPRESENTATION('',(#4342),#4346);
#4342 = LINE('',#4343,#4344);
#4343 = CARTESIAN_POINT('',(0.,0.));
#4344 = VECTOR('',#4345,1.);
#4345 = DIRECTION('',(-1.263678077357E-16,1.));
#4346 = ( GEOMETRIC_REPRESENTATION_CONTEXT(2) 
PARAMETRIC_REPRESENTATION_CONTEXT() REPRESENTATION_CONTEXT('2D SPACE',''
  ) );
#4347 = ORIENTED_EDGE('',*,*,#4348,.T.);
#4348 = EDGE_CURVE('',#4321,#4349,#4351,.T.);
#4349 = VERTEX_POINT('',#4350);
#4350 = CARTESIAN_POINT('',(-34.26580705309,10.690088866279,
    -103.3510233461));
#4351 = SURFACE_CURVE('',#4352,(#4356,#4363),.PCURVE_S1.);
#4352 = LINE('',#4353,#4354);
#4353 = CARTESIAN_POINT('',(-34.26580705309,8.66098587215,
    -103.3510233461));
#4354 = VECTOR('',#4355,1.);
#4355 = DIRECTION('',(0.,1.,0.));
#4356 = PCURVE('',#4094,#4357);
#4357 = DEFINITIONAL_REPRESENTATION('',(#4358),#4362);
#4358 = LINE('',#4359,#4360);
#4359 = CARTESIAN_POINT('',(15.82591017896,8.66098587215));
#4360 = VECTOR('',#4361,1.);
#4361 = DIRECTION('',(0.,1.));
#4362 = ( GEOMETRIC_REPRESENTATION_CONTEXT(2) 
PARAMETRIC_REPRESENTATION_CONTEXT() REPRESENTATION_CONTEXT('2D SPACE',''
  ) );
#4363 = PCURVE('',#4364,#4369);
#4364 = PLANE('',#4365);
#4365 = AXIS2_PLACEMENT_3D('',#4366,#4367,#4368);
#4366 = CARTESIAN_POINT('',(-34.26580705309,8.66098587215,
    -103.3510233461));
#4367 = DIRECTION('',(1.,0.,1.263678077357E-16));
#4368 = DIRECTION('',(1.263678077357E-16,0.,-1.));
#4369 = DEFINITIONAL_REPRESENTATION('',(#4370),#4374);
#4370 = LINE('',#4371,#4372);
#4371 = CARTESIAN_POINT('',(0.,0.));
#4372 = VECTOR('',#4373,1.);
#4373 = DIRECTION('',(0.,1.));
#4374 = ( GEOMETRIC_REPRESENTATION_CONTEXT(2) 
PARAMETRIC_REPRESENTATION_CONTEXT() REPRESENTATION_CONTEXT('2D SPACE',''
  ) );
#4375 = ORIENTED_EDGE('',*,*,#4376,.F.);
#4376 = EDGE_CURVE('',#4377,#4349,#4379,.T.);
#4377 = VERTEX_POINT('',#4378);
#4378 = CARTESIAN_POINT('',(-30.29298782348,10.690088866279,
    -103.3510233461));
#4379 = SURFACE_CURVE('',#4380,(#4384,#4391),.PCURVE_S1.);
#4380 = LINE('',#4381,#4382);
#4381 = CARTESIAN_POINT('',(-33.73798727989,10.690088866279,
    -103.3510233461));
#4382 = VECTOR('',#4383,1.);
#4383 = DIRECTION('',(-1.,-1.224646799147E-16,-1.263678077357E-16));
#4384 = PCURVE('',#4094,#4385);
#4385 = DEFINITIONAL_REPRESENTATION('',(#4386),#4390);
#4386 = LINE('',#4387,#4388);
#4387 = CARTESIAN_POINT('',(15.29809040576,10.690088866279));
#4388 = VECTOR('',#4389,1.);
#4389 = DIRECTION('',(1.,-1.224646799147E-16));
#4390 = ( GEOMETRIC_REPRESENTATION_CONTEXT(2) 
PARAMETRIC_REPRESENTATION_CONTEXT() REPRESENTATION_CONTEXT('2D SPACE',''
  ) );
#4391 = PCURVE('',#4392,#4397);
#4392 = PLANE('',#4393);
#4393 = AXIS2_PLACEMENT_3D('',#4394,#4395,#4396);
#4394 = CARTESIAN_POINT('',(-33.73798727989,10.690088866279,
    -103.3510233461));
#4395 = DIRECTION('',(-1.224646799147E-16,1.,-1.547559312588E-32));
#4396 = DIRECTION('',(-1.,-1.224646799147E-16,0.));
#4397 = DEFINITIONAL_REPRESENTATION('',(#4398),#4402);
#4398 = LINE('',#4399,#4400);
#4399 = CARTESIAN_POINT('',(0.,0.));
#4400 = VECTOR('',#4401,1.);
#4401 = DIRECTION('',(1.,-1.263678077357E-16));
#4402 = ( GEOMETRIC_REPRESENTATION_CONTEXT(2) 
PARAMETRIC_REPRESENTATION_CONTEXT() REPRESENTATION_CONTEXT('2D SPACE',''
  ) );
#4403 = ORIENTED_EDGE('',*,*,#4404,.F.);
#4404 = EDGE_CURVE('',#4405,#4377,#4407,.T.);
#4405 = VERTEX_POINT('',#4406);
#4406 = CARTESIAN_POINT('',(-30.29298782348,9.5,-103.3510233461));
#4407 = SURFACE_CURVE('',#4408,(#4412,#4419),.PCURVE_S1.);
#4408 = LINE('',#4409,#4410);
#4409 = CARTESIAN_POINT('',(-30.29298782348,11.132235093042,
    -103.3510233461));
#4410 = VECTOR('',#4411,1.);
#4411 = DIRECTION('',(0.,1.,0.));
#4412 = PCURVE('',#4094,#4413);
#4413 = DEFINITIONAL_REPRESENTATION('',(#4414),#4418);
#4414 = LINE('',#4415,#4416);
#4415 = CARTESIAN_POINT('',(11.85309094935,11.132235093042));
#4416 = VECTOR('',#4417,1.);
#4417 = DIRECTION('',(0.,1.));
#4418 = ( GEOMETRIC_REPRESENTATION_CONTEXT(2) 
PARAMETRIC_REPRESENTATION_CONTEXT() REPRESENTATION_CONTEXT('2D SPACE',''
  ) );
#4419 = PCURVE('',#4420,#4425);
#4420 = PLANE('',#4421);
#4421 = AXIS2_PLACEMENT_3D('',#4422,#4423,#4424);
#4422 = CARTESIAN_POINT('',(-30.29298782348,11.132235093042,
    -103.3510233461));
#4423 = DIRECTION('',(1.,0.,1.263678077357E-16));
#4424 = DIRECTION('',(1.263678077357E-16,0.,-1.));
#4425 = DEFINITIONAL_REPRESENTATION('',(#4426),#4430);
#4426 = LINE('',#4427,#4428);
#4427 = CARTESIAN_POINT('',(0.,0.));
#4428 = VECTOR('',#4429,1.);
#4429 = DIRECTION('',(0.,1.));
#4430 = ( GEOMETRIC_REPRESENTATION_CONTEXT(2) 
PARAMETRIC_REPRESENTATION_CONTEXT() REPRESENTATION_CONTEXT('2D SPACE',''
  ) );
#4431 = ORIENTED_EDGE('',*,*,#4432,.F.);
#4432 = EDGE_CURVE('',#4433,#4405,#4435,.T.);
#4433 = VERTEX_POINT('',#4434);
#4434 = CARTESIAN_POINT('',(-16.4544826719,9.5,-103.3510233461));
#4435 = SURFACE_CURVE('',#4436,(#4440,#4447),.PCURVE_S1.);
#4436 = LINE('',#4437,#4438);
#4437 = CARTESIAN_POINT('',(5.E+05,9.5,-103.351023346));
#4438 = VECTOR('',#4439,1.);
#4439 = DIRECTION('',(-1.,0.,-3.100648276078E-16));
#4440 = PCURVE('',#4094,#4441);
#4441 = DEFINITIONAL_REPRESENTATION('',(#4442),#4446);
#4442 = LINE('',#4443,#4444);
#4443 = CARTESIAN_POINT('',(-5.000184398969E+05,9.5));
#4444 = VECTOR('',#4445,1.);
#4445 = DIRECTION('',(1.,0.));
#4446 = ( GEOMETRIC_REPRESENTATION_CONTEXT(2) 
PARAMETRIC_REPRESENTATION_CONTEXT() REPRESENTATION_CONTEXT('2D SPACE',''
  ) );
#4447 = PCURVE('',#4448,#4453);
#4448 = PLANE('',#4449);
#4449 = AXIS2_PLACEMENT_3D('',#4450,#4451,#4452);
#4450 = CARTESIAN_POINT('',(5.E+05,9.5,-79.51737719758));
#4451 = DIRECTION('',(0.,1.,0.));
#4452 = DIRECTION('',(0.,0.,1.));
#4453 = DEFINITIONAL_REPRESENTATION('',(#4454),#4458);
#4454 = LINE('',#4455,#4456);
#4455 = CARTESIAN_POINT('',(-23.83364614842,0.));
#4456 = VECTOR('',#4457,1.);
#4457 = DIRECTION('',(-3.100648276078E-16,-1.));
#4458 = ( GEOMETRIC_REPRESENTATION_CONTEXT(2) 
PARAMETRIC_REPRESENTATION_CONTEXT() REPRESENTATION_CONTEXT('2D SPACE',''
  ) );
#4459 = ORIENTED_EDGE('',*,*,#4460,.F.);
#4460 = EDGE_CURVE('',#4120,#4433,#4461,.T.);
#4461 = SURFACE_CURVE('',#4462,(#4467,#4478),.PCURVE_S1.);
#4462 = CIRCLE('',#4463,19.);
#4463 = AXIS2_PLACEMENT_3D('',#4464,#4465,#4466);
#4464 = CARTESIAN_POINT('',(-2.590181201321E-16,0.,-103.3510233461));
#4465 = DIRECTION('',(-3.903127820948E-18,0.,1.));
#4466 = DIRECTION('',(1.,0.,3.903127820948E-18));
#4467 = PCURVE('',#4094,#4468);
#4468 = DEFINITIONAL_REPRESENTATION('',(#4469),#4477);
#4469 = ( BOUNDED_CURVE() B_SPLINE_CURVE(2,(#4470,#4471,#4472,#4473,
#4474,#4475,#4476),.UNSPECIFIED.,.T.,.F.) B_SPLINE_CURVE_WITH_KNOTS((1,2
    ,2,2,2,1),(-2.094395102393,0.,2.094395102393,4.188790204786,
6.28318530718,8.377580409573),.UNSPECIFIED.) CURVE() 
GEOMETRIC_REPRESENTATION_ITEM() RATIONAL_B_SPLINE_CURVE((1.,0.5,1.,0.5,
1.,0.5,1.)) REPRESENTATION_ITEM('') );
#4470 = CARTESIAN_POINT('',(-37.43989687413,0.));
#4471 = CARTESIAN_POINT('',(-37.43989687413,32.908965343809));
#4472 = CARTESIAN_POINT('',(-8.93989687413,16.454482671904));
#4473 = CARTESIAN_POINT('',(19.56010312587,4.65365783676E-15));
#4474 = CARTESIAN_POINT('',(-8.93989687413,-16.4544826719));
#4475 = CARTESIAN_POINT('',(-37.43989687413,-32.9089653438));
#4476 = CARTESIAN_POINT('',(-37.43989687413,0.));
#4477 = ( GEOMETRIC_REPRESENTATION_CONTEXT(2) 
PARAMETRIC_REPRESENTATION_CONTEXT() REPRESENTATION_CONTEXT('2D SPACE',''
  ) );
#4478 = PCURVE('',#4140,#4479);
#4479 = DEFINITIONAL_REPRESENTATION('',(#4480),#4484);
#4480 = LINE('',#4481,#4482);
#4481 = CARTESIAN_POINT('',(6.283185307179,31.04768293351));
#4482 = VECTOR('',#4483,1.);
#4483 = DIRECTION('',(-1.,0.));
#4484 = ( GEOMETRIC_REPRESENTATION_CONTEXT(2) 
PARAMETRIC_REPRESENTATION_CONTEXT() REPRESENTATION_CONTEXT('2D SPACE',''
  ) );
#4485 = ADVANCED_FACE('',(#4486),#4448,.T.);
#4486 = FACE_BOUND('',#4487,.T.);
#4487 = EDGE_LOOP('',(#4488,#4489,#4512,#4540));
#4488 = ORIENTED_EDGE('',*,*,#4432,.T.);
#4489 = ORIENTED_EDGE('',*,*,#4490,.T.);
#4490 = EDGE_CURVE('',#4405,#4491,#4493,.T.);
#4491 = VERTEX_POINT('',#4492);
#4492 = CARTESIAN_POINT('',(-30.29298782348,9.5,-54.35102334618));
#4493 = SURFACE_CURVE('',#4494,(#4498,#4505),.PCURVE_S1.);
#4494 = LINE('',#4495,#4496);
#4495 = CARTESIAN_POINT('',(-30.29298782348,9.5,-103.3510233461));
#4496 = VECTOR('',#4497,1.);
#4497 = DIRECTION('',(-1.263678077357E-16,0.,1.));
#4498 = PCURVE('',#4448,#4499);
#4499 = DEFINITIONAL_REPRESENTATION('',(#4500),#4504);
#4500 = LINE('',#4501,#4502);
#4501 = CARTESIAN_POINT('',(-23.83364614852,-5.000302929878E+05));
#4502 = VECTOR('',#4503,1.);
#4503 = DIRECTION('',(1.,-1.263678077357E-16));
#4504 = ( GEOMETRIC_REPRESENTATION_CONTEXT(2) 
PARAMETRIC_REPRESENTATION_CONTEXT() REPRESENTATION_CONTEXT('2D SPACE',''
  ) );
#4505 = PCURVE('',#4420,#4506);
#4506 = DEFINITIONAL_REPRESENTATION('',(#4507),#4511);
#4507 = LINE('',#4508,#4509);
#4508 = CARTESIAN_POINT('',(0.,-1.632235093042));
#4509 = VECTOR('',#4510,1.);
#4510 = DIRECTION('',(-1.,0.));
#4511 = ( GEOMETRIC_REPRESENTATION_CONTEXT(2) 
PARAMETRIC_REPRESENTATION_CONTEXT() REPRESENTATION_CONTEXT('2D SPACE',''
  ) );
#4512 = ORIENTED_EDGE('',*,*,#4513,.F.);
#4513 = EDGE_CURVE('',#4514,#4491,#4516,.T.);
#4514 = VERTEX_POINT('',#4515);
#4515 = CARTESIAN_POINT('',(-16.4544826719,9.5,-54.35102334618));
#4516 = SURFACE_CURVE('',#4517,(#4521,#4528),.PCURVE_S1.);
#4517 = LINE('',#4518,#4519);
#4518 = CARTESIAN_POINT('',(5.E+05,9.5,-54.35102334603));
#4519 = VECTOR('',#4520,1.);
#4520 = DIRECTION('',(-1.,0.,-3.100648276078E-16));
#4521 = PCURVE('',#4448,#4522);
#4522 = DEFINITIONAL_REPRESENTATION('',(#4523),#4527);
#4523 = LINE('',#4524,#4525);
#4524 = CARTESIAN_POINT('',(25.16635385155,0.));
#4525 = VECTOR('',#4526,1.);
#4526 = DIRECTION('',(-3.100648276078E-16,-1.));
#4527 = ( GEOMETRIC_REPRESENTATION_CONTEXT(2) 
PARAMETRIC_REPRESENTATION_CONTEXT() REPRESENTATION_CONTEXT('2D SPACE',''
  ) );
#4528 = PCURVE('',#4529,#4534);
#4529 = PLANE('',#4530);
#4530 = AXIS2_PLACEMENT_3D('',#4531,#4532,#4533);
#4531 = CARTESIAN_POINT('',(-26.77812198904,0.,-54.35102334618));
#4532 = DIRECTION('',(-1.263678077357E-16,0.,1.));
#4533 = DIRECTION('',(1.,0.,1.263678077357E-16));
#4534 = DEFINITIONAL_REPRESENTATION('',(#4535),#4539);
#4535 = LINE('',#4536,#4537);
#4536 = CARTESIAN_POINT('',(5.00026778122E+05,9.5));
#4537 = VECTOR('',#4538,1.);
#4538 = DIRECTION('',(-1.,0.));
#4539 = ( GEOMETRIC_REPRESENTATION_CONTEXT(2) 
PARAMETRIC_REPRESENTATION_CONTEXT() REPRESENTATION_CONTEXT('2D SPACE',''
  ) );
#4540 = ORIENTED_EDGE('',*,*,#4541,.F.);
#4541 = EDGE_CURVE('',#4433,#4514,#4542,.T.);
#4542 = SURFACE_CURVE('',#4543,(#4547,#4554),.PCURVE_S1.);
#4543 = LINE('',#4544,#4545);
#4544 = CARTESIAN_POINT('',(-16.4544826719,9.5,-72.30334041267));
#4545 = VECTOR('',#4546,1.);
#4546 = DIRECTION('',(-3.903127820948E-18,0.,1.));
#4547 = PCURVE('',#4448,#4548);
#4548 = DEFINITIONAL_REPRESENTATION('',(#4549),#4553);
#4549 = LINE('',#4550,#4551);
#4550 = CARTESIAN_POINT('',(7.21403678491,-5.000164544827E+05));
#4551 = VECTOR('',#4552,1.);
#4552 = DIRECTION('',(1.,-3.903127820948E-18));
#4553 = ( GEOMETRIC_REPRESENTATION_CONTEXT(2) 
PARAMETRIC_REPRESENTATION_CONTEXT() REPRESENTATION_CONTEXT('2D SPACE',''
  ) );
#4554 = PCURVE('',#4140,#4555);
#4555 = DEFINITIONAL_REPRESENTATION('',(#4556),#4560);
#4556 = LINE('',#4557,#4558);
#4557 = CARTESIAN_POINT('',(3.665191429188,0.));
#4558 = VECTOR('',#4559,1.);
#4559 = DIRECTION('',(0.,-1.));
#4560 = ( GEOMETRIC_REPRESENTATION_CONTEXT(2) 
PARAMETRIC_REPRESENTATION_CONTEXT() REPRESENTATION_CONTEXT('2D SPACE',''
  ) );
#4561 = ADVANCED_FACE('',(#4562),#4529,.T.);
#4562 = FACE_BOUND('',#4563,.T.);
#4563 = EDGE_LOOP('',(#4564,#4594,#4617,#4640,#4663,#4686,#4709,#4731,
    #4732,#4755,#4778,#4801));
#4564 = ORIENTED_EDGE('',*,*,#4565,.T.);
#4565 = EDGE_CURVE('',#4566,#4568,#4570,.T.);
#4566 = VERTEX_POINT('',#4567);
#4567 = CARTESIAN_POINT('',(-32.49490633606,7.,-54.35102334618));
#4568 = VERTEX_POINT('',#4569);
#4569 = CARTESIAN_POINT('',(-32.49490633606,-7.,-54.35102334618));
#4570 = SURFACE_CURVE('',#4571,(#4575,#4582),.PCURVE_S1.);
#4571 = LINE('',#4572,#4573);
#4572 = CARTESIAN_POINT('',(-32.49490633606,6.010142463668,
    -54.35102334618));
#4573 = VECTOR('',#4574,1.);
#4574 = DIRECTION('',(-1.068589661202E-15,-1.,-1.350353328551E-31));
#4575 = PCURVE('',#4529,#4576);
#4576 = DEFINITIONAL_REPRESENTATION('',(#4577),#4581);
#4577 = LINE('',#4578,#4579);
#4578 = CARTESIAN_POINT('',(-5.71678434702,6.010142463668));
#4579 = VECTOR('',#4580,1.);
#4580 = DIRECTION('',(-1.068589661202E-15,-1.));
#4581 = ( GEOMETRIC_REPRESENTATION_CONTEXT(2) 
PARAMETRIC_REPRESENTATION_CONTEXT() REPRESENTATION_CONTEXT('2D SPACE',''
  ) );
#4582 = PCURVE('',#4583,#4588);
#4583 = PLANE('',#4584);
#4584 = AXIS2_PLACEMENT_3D('',#4585,#4586,#4587);
#4585 = CARTESIAN_POINT('',(-32.49490633606,6.010142463668,
    -103.3510233461));
#4586 = DIRECTION('',(-1.,1.068589661202E-15,-1.263678077357E-16));
#4587 = DIRECTION('',(-1.068589661202E-15,-1.,0.));
#4588 = DEFINITIONAL_REPRESENTATION('',(#4589),#4593);
#4589 = LINE('',#4590,#4591);
#4590 = CARTESIAN_POINT('',(7.592786212754E-30,48.99999999992));
#4591 = VECTOR('',#4592,1.);
#4592 = DIRECTION('',(1.,-1.350353328551E-31));
#4593 = ( GEOMETRIC_REPRESENTATION_CONTEXT(2) 
PARAMETRIC_REPRESENTATION_CONTEXT() REPRESENTATION_CONTEXT('2D SPACE',''
  ) );
#4594 = ORIENTED_EDGE('',*,*,#4595,.F.);
#4595 = EDGE_CURVE('',#4596,#4568,#4598,.T.);
#4596 = VERTEX_POINT('',#4597);
#4597 = CARTESIAN_POINT('',(-34.26580705309,-7.,-54.35102334618));
#4598 = SURFACE_CURVE('',#4599,(#4603,#4610),.PCURVE_S1.);
#4599 = LINE('',#4600,#4601);
#4600 = CARTESIAN_POINT('',(-35.02964181825,-7.,-54.35102334618));
#4601 = VECTOR('',#4602,1.);
#4602 = DIRECTION('',(1.,0.,1.263678077357E-16));
#4603 = PCURVE('',#4529,#4604);
#4604 = DEFINITIONAL_REPRESENTATION('',(#4605),#4609);
#4605 = LINE('',#4606,#4607);
#4606 = CARTESIAN_POINT('',(-8.25151982921,-7.));
#4607 = VECTOR('',#4608,1.);
#4608 = DIRECTION('',(1.,0.));
#4609 = ( GEOMETRIC_REPRESENTATION_CONTEXT(2) 
PARAMETRIC_REPRESENTATION_CONTEXT() REPRESENTATION_CONTEXT('2D SPACE',''
  ) );
#4610 = PCURVE('',#4280,#4611);
#4611 = DEFINITIONAL_REPRESENTATION('',(#4612),#4616);
#4612 = LINE('',#4613,#4614);
#4613 = CARTESIAN_POINT('',(-48.99999999992,0.));
#4614 = VECTOR('',#4615,1.);
#4615 = DIRECTION('',(-1.263678077357E-16,1.));
#4616 = ( GEOMETRIC_REPRESENTATION_CONTEXT(2) 
PARAMETRIC_REPRESENTATION_CONTEXT() REPRESENTATION_CONTEXT('2D SPACE',''
  ) );
#4617 = ORIENTED_EDGE('',*,*,#4618,.T.);
#4618 = EDGE_CURVE('',#4596,#4619,#4621,.T.);
#4619 = VERTEX_POINT('',#4620);
#4620 = CARTESIAN_POINT('',(-34.26580705309,-10.69008886627,
    -54.35102334618));
#4621 = SURFACE_CURVE('',#4622,(#4626,#4633),.PCURVE_S1.);
#4622 = LINE('',#4623,#4624);
#4623 = CARTESIAN_POINT('',(-34.26580705309,-8.66098587215,
    -54.35102334618));
#4624 = VECTOR('',#4625,1.);
#4625 = DIRECTION('',(6.123233995737E-17,-1.,7.737796562939E-33));
#4626 = PCURVE('',#4529,#4627);
#4627 = DEFINITIONAL_REPRESENTATION('',(#4628),#4632);
#4628 = LINE('',#4629,#4630);
#4629 = CARTESIAN_POINT('',(-7.48768506405,-8.66098587215));
#4630 = VECTOR('',#4631,1.);
#4631 = DIRECTION('',(6.123233995737E-17,-1.));
#4632 = ( GEOMETRIC_REPRESENTATION_CONTEXT(2) 
PARAMETRIC_REPRESENTATION_CONTEXT() REPRESENTATION_CONTEXT('2D SPACE',''
  ) );
#4633 = PCURVE('',#4252,#4634);
#4634 = DEFINITIONAL_REPRESENTATION('',(#4635),#4639);
#4635 = LINE('',#4636,#4637);
#4636 = CARTESIAN_POINT('',(48.99999999992,5.592991191958E-32));
#4637 = VECTOR('',#4638,1.);
#4638 = DIRECTION('',(-9.524450499708E-46,-1.));
#4639 = ( GEOMETRIC_REPRESENTATION_CONTEXT(2) 
PARAMETRIC_REPRESENTATION_CONTEXT() REPRESENTATION_CONTEXT('2D SPACE',''
  ) );
#4640 = ORIENTED_EDGE('',*,*,#4641,.F.);
#4641 = EDGE_CURVE('',#4642,#4619,#4644,.T.);
#4642 = VERTEX_POINT('',#4643);
#4643 = CARTESIAN_POINT('',(-30.29298782348,-10.69008886627,
    -54.35102334618));
#4644 = SURFACE_CURVE('',#4645,(#4649,#4656),.PCURVE_S1.);
#4645 = LINE('',#4646,#4647);
#4646 = CARTESIAN_POINT('',(-34.8605774343,-10.69008886627,
    -54.35102334618));
#4647 = VECTOR('',#4648,1.);
#4648 = DIRECTION('',(-1.,1.224646799147E-16,-1.263678077357E-16));
#4649 = PCURVE('',#4529,#4650);
#4650 = DEFINITIONAL_REPRESENTATION('',(#4651),#4655);
#4651 = LINE('',#4652,#4653);
#4652 = CARTESIAN_POINT('',(-8.08245544526,-10.69008886627));
#4653 = VECTOR('',#4654,1.);
#4654 = DIRECTION('',(-1.,1.224646799147E-16));
#4655 = ( GEOMETRIC_REPRESENTATION_CONTEXT(2) 
PARAMETRIC_REPRESENTATION_CONTEXT() REPRESENTATION_CONTEXT('2D SPACE',''
  ) );
#4656 = PCURVE('',#4224,#4657);
#4657 = DEFINITIONAL_REPRESENTATION('',(#4658),#4662);
#4658 = LINE('',#4659,#4660);
#4659 = CARTESIAN_POINT('',(0.,48.99999999992));
#4660 = VECTOR('',#4661,1.);
#4661 = DIRECTION('',(1.,-1.263678077357E-16));
#4662 = ( GEOMETRIC_REPRESENTATION_CONTEXT(2) 
PARAMETRIC_REPRESENTATION_CONTEXT() REPRESENTATION_CONTEXT('2D SPACE',''
  ) );
#4663 = ORIENTED_EDGE('',*,*,#4664,.F.);
#4664 = EDGE_CURVE('',#4665,#4642,#4667,.T.);
#4665 = VERTEX_POINT('',#4666);
#4666 = CARTESIAN_POINT('',(-30.29298782348,-9.5,-54.35102334618));
#4667 = SURFACE_CURVE('',#4668,(#4672,#4679),.PCURVE_S1.);
#4668 = LINE('',#4669,#4670);
#4669 = CARTESIAN_POINT('',(-30.29298782348,-10.50291388668,
    -54.35102334618));
#4670 = VECTOR('',#4671,1.);
#4671 = DIRECTION('',(0.,-1.,0.));
#4672 = PCURVE('',#4529,#4673);
#4673 = DEFINITIONAL_REPRESENTATION('',(#4674),#4678);
#4674 = LINE('',#4675,#4676);
#4675 = CARTESIAN_POINT('',(-3.51486583444,-10.50291388668));
#4676 = VECTOR('',#4677,1.);
#4677 = DIRECTION('',(0.,-1.));
#4678 = ( GEOMETRIC_REPRESENTATION_CONTEXT(2) 
PARAMETRIC_REPRESENTATION_CONTEXT() REPRESENTATION_CONTEXT('2D SPACE',''
  ) );
#4679 = PCURVE('',#4196,#4680);
#4680 = DEFINITIONAL_REPRESENTATION('',(#4681),#4685);
#4681 = LINE('',#4682,#4683);
#4682 = CARTESIAN_POINT('',(48.99999999992,0.));
#4683 = VECTOR('',#4684,1.);
#4684 = DIRECTION('',(0.,-1.));
#4685 = ( GEOMETRIC_REPRESENTATION_CONTEXT(2) 
PARAMETRIC_REPRESENTATION_CONTEXT() REPRESENTATION_CONTEXT('2D SPACE',''
  ) );
#4686 = ORIENTED_EDGE('',*,*,#4687,.F.);
#4687 = EDGE_CURVE('',#4688,#4665,#4690,.T.);
#4688 = VERTEX_POINT('',#4689);
#4689 = CARTESIAN_POINT('',(-16.4544826719,-9.5,-54.35102334618));
#4690 = SURFACE_CURVE('',#4691,(#4695,#4702),.PCURVE_S1.);
#4691 = LINE('',#4692,#4693);
#4692 = CARTESIAN_POINT('',(5.E+05,-9.5,-54.35102334603));
#4693 = VECTOR('',#4694,1.);
#4694 = DIRECTION('',(-1.,0.,-3.100648276078E-16));
#4695 = PCURVE('',#4529,#4696);
#4696 = DEFINITIONAL_REPRESENTATION('',(#4697),#4701);
#4697 = LINE('',#4698,#4699);
#4698 = CARTESIAN_POINT('',(5.00026778122E+05,-9.5));
#4699 = VECTOR('',#4700,1.);
#4700 = DIRECTION('',(-1.,0.));
#4701 = ( GEOMETRIC_REPRESENTATION_CONTEXT(2) 
PARAMETRIC_REPRESENTATION_CONTEXT() REPRESENTATION_CONTEXT('2D SPACE',''
  ) );
#4702 = PCURVE('',#4168,#4703);
#4703 = DEFINITIONAL_REPRESENTATION('',(#4704),#4708);
#4704 = LINE('',#4705,#4706);
#4705 = CARTESIAN_POINT('',(25.16635385155,0.));
#4706 = VECTOR('',#4707,1.);
#4707 = DIRECTION('',(-3.100648276078E-16,-1.));
#4708 = ( GEOMETRIC_REPRESENTATION_CONTEXT(2) 
PARAMETRIC_REPRESENTATION_CONTEXT() REPRESENTATION_CONTEXT('2D SPACE',''
  ) );
#4709 = ORIENTED_EDGE('',*,*,#4710,.F.);
#4710 = EDGE_CURVE('',#4514,#4688,#4711,.T.);
#4711 = SURFACE_CURVE('',#4712,(#4717,#4724),.PCURVE_S1.);
#4712 = CIRCLE('',#4713,19.);
#4713 = AXIS2_PLACEMENT_3D('',#4714,#4715,#4716);
#4714 = CARTESIAN_POINT('',(-4.502713833586E-16,0.,-54.35102334618));
#4715 = DIRECTION('',(-3.100648276078E-16,0.,1.));
#4716 = DIRECTION('',(1.,0.,3.100648276078E-16));
#4717 = PCURVE('',#4529,#4718);
#4718 = DEFINITIONAL_REPRESENTATION('',(#4719),#4723);
#4719 = CIRCLE('',#4720,19.);
#4720 = AXIS2_PLACEMENT_2D('',#4721,#4722);
#4721 = CARTESIAN_POINT('',(26.77812198904,0.));
#4722 = DIRECTION('',(1.,0.));
#4723 = ( GEOMETRIC_REPRESENTATION_CONTEXT(2) 
PARAMETRIC_REPRESENTATION_CONTEXT() REPRESENTATION_CONTEXT('2D SPACE',''
  ) );
#4724 = PCURVE('',#4140,#4725);
#4725 = DEFINITIONAL_REPRESENTATION('',(#4726),#4730);
#4726 = LINE('',#4727,#4728);
#4727 = CARTESIAN_POINT('',(6.28318530718,-17.95231706649));
#4728 = VECTOR('',#4729,1.);
#4729 = DIRECTION('',(-1.,0.));
#4730 = ( GEOMETRIC_REPRESENTATION_CONTEXT(2) 
PARAMETRIC_REPRESENTATION_CONTEXT() REPRESENTATION_CONTEXT('2D SPACE',''
  ) );
#4731 = ORIENTED_EDGE('',*,*,#4513,.T.);
#4732 = ORIENTED_EDGE('',*,*,#4733,.T.);
#4733 = EDGE_CURVE('',#4491,#4734,#4736,.T.);
#4734 = VERTEX_POINT('',#4735);
#4735 = CARTESIAN_POINT('',(-30.29298782348,10.690088866279,
    -54.35102334618));
#4736 = SURFACE_CURVE('',#4737,(#4741,#4748),.PCURVE_S1.);
#4737 = LINE('',#4738,#4739);
#4738 = CARTESIAN_POINT('',(-30.29298782348,11.132235093042,
    -54.35102334618));
#4739 = VECTOR('',#4740,1.);
#4740 = DIRECTION('',(0.,1.,0.));
#4741 = PCURVE('',#4529,#4742);
#4742 = DEFINITIONAL_REPRESENTATION('',(#4743),#4747);
#4743 = LINE('',#4744,#4745);
#4744 = CARTESIAN_POINT('',(-3.51486583444,11.132235093042));
#4745 = VECTOR('',#4746,1.);
#4746 = DIRECTION('',(0.,1.));
#4747 = ( GEOMETRIC_REPRESENTATION_CONTEXT(2) 
PARAMETRIC_REPRESENTATION_CONTEXT() REPRESENTATION_CONTEXT('2D SPACE',''
  ) );
#4748 = PCURVE('',#4420,#4749);
#4749 = DEFINITIONAL_REPRESENTATION('',(#4750),#4754);
#4750 = LINE('',#4751,#4752);
#4751 = CARTESIAN_POINT('',(-48.99999999992,0.));
#4752 = VECTOR('',#4753,1.);
#4753 = DIRECTION('',(0.,1.));
#4754 = ( GEOMETRIC_REPRESENTATION_CONTEXT(2) 
PARAMETRIC_REPRESENTATION_CONTEXT() REPRESENTATION_CONTEXT('2D SPACE',''
  ) );
#4755 = ORIENTED_EDGE('',*,*,#4756,.T.);
#4756 = EDGE_CURVE('',#4734,#4757,#4759,.T.);
#4757 = VERTEX_POINT('',#4758);
#4758 = CARTESIAN_POINT('',(-34.26580705309,10.690088866279,
    -54.35102334618));
#4759 = SURFACE_CURVE('',#4760,(#4764,#4771),.PCURVE_S1.);
#4760 = LINE('',#4761,#4762);
#4761 = CARTESIAN_POINT('',(-33.73798727989,10.690088866279,
    -54.35102334618));
#4762 = VECTOR('',#4763,1.);
#4763 = DIRECTION('',(-1.,-1.224646799147E-16,-1.263678077357E-16));
#4764 = PCURVE('',#4529,#4765);
#4765 = DEFINITIONAL_REPRESENTATION('',(#4766),#4770);
#4766 = LINE('',#4767,#4768);
#4767 = CARTESIAN_POINT('',(-6.95986529085,10.690088866279));
#4768 = VECTOR('',#4769,1.);
#4769 = DIRECTION('',(-1.,-1.224646799147E-16));
#4770 = ( GEOMETRIC_REPRESENTATION_CONTEXT(2) 
PARAMETRIC_REPRESENTATION_CONTEXT() REPRESENTATION_CONTEXT('2D SPACE',''
  ) );
#4771 = PCURVE('',#4392,#4772);
#4772 = DEFINITIONAL_REPRESENTATION('',(#4773),#4777);
#4773 = LINE('',#4774,#4775);
#4774 = CARTESIAN_POINT('',(0.,48.99999999992));
#4775 = VECTOR('',#4776,1.);
#4776 = DIRECTION('',(1.,-1.263678077357E-16));
#4777 = ( GEOMETRIC_REPRESENTATION_CONTEXT(2) 
PARAMETRIC_REPRESENTATION_CONTEXT() REPRESENTATION_CONTEXT('2D SPACE',''
  ) );
#4778 = ORIENTED_EDGE('',*,*,#4779,.F.);
#4779 = EDGE_CURVE('',#4780,#4757,#4782,.T.);
#4780 = VERTEX_POINT('',#4781);
#4781 = CARTESIAN_POINT('',(-34.26580705309,7.,-54.35102334618));
#4782 = SURFACE_CURVE('',#4783,(#4787,#4794),.PCURVE_S1.);
#4783 = LINE('',#4784,#4785);
#4784 = CARTESIAN_POINT('',(-34.26580705309,8.66098587215,
    -54.35102334618));
#4785 = VECTOR('',#4786,1.);
#4786 = DIRECTION('',(0.,1.,0.));
#4787 = PCURVE('',#4529,#4788);
#4788 = DEFINITIONAL_REPRESENTATION('',(#4789),#4793);
#4789 = LINE('',#4790,#4791);
#4790 = CARTESIAN_POINT('',(-7.48768506405,8.66098587215));
#4791 = VECTOR('',#4792,1.);
#4792 = DIRECTION('',(0.,1.));
#4793 = ( GEOMETRIC_REPRESENTATION_CONTEXT(2) 
PARAMETRIC_REPRESENTATION_CONTEXT() REPRESENTATION_CONTEXT('2D SPACE',''
  ) );
#4794 = PCURVE('',#4364,#4795);
#4795 = DEFINITIONAL_REPRESENTATION('',(#4796),#4800);
#4796 = LINE('',#4797,#4798);
#4797 = CARTESIAN_POINT('',(-48.99999999992,0.));
#4798 = VECTOR('',#4799,1.);
#4799 = DIRECTION('',(0.,1.));
#4800 = ( GEOMETRIC_REPRESENTATION_CONTEXT(2) 
PARAMETRIC_REPRESENTATION_CONTEXT() REPRESENTATION_CONTEXT('2D SPACE',''
  ) );
#4801 = ORIENTED_EDGE('',*,*,#4802,.T.);
#4802 = EDGE_CURVE('',#4780,#4566,#4803,.T.);
#4803 = SURFACE_CURVE('',#4804,(#4808,#4815),.PCURVE_S1.);
#4804 = LINE('',#4805,#4806);
#4805 = CARTESIAN_POINT('',(-35.02964181825,7.,-54.35102334618));
#4806 = VECTOR('',#4807,1.);
#4807 = DIRECTION('',(1.,0.,1.263678077357E-16));
#4808 = PCURVE('',#4529,#4809);
#4809 = DEFINITIONAL_REPRESENTATION('',(#4810),#4814);
#4810 = LINE('',#4811,#4812);
#4811 = CARTESIAN_POINT('',(-8.25151982921,7.));
#4812 = VECTOR('',#4813,1.);
#4813 = DIRECTION('',(1.,0.));
#4814 = ( GEOMETRIC_REPRESENTATION_CONTEXT(2) 
PARAMETRIC_REPRESENTATION_CONTEXT() REPRESENTATION_CONTEXT('2D SPACE',''
  ) );
#4815 = PCURVE('',#4336,#4816);
#4816 = DEFINITIONAL_REPRESENTATION('',(#4817),#4821);
#4817 = LINE('',#4818,#4819);
#4818 = CARTESIAN_POINT('',(-48.99999999992,0.));
#4819 = VECTOR('',#4820,1.);
#4820 = DIRECTION('',(-1.263678077357E-16,1.));
#4821 = ( GEOMETRIC_REPRESENTATION_CONTEXT(2) 
PARAMETRIC_REPRESENTATION_CONTEXT() REPRESENTATION_CONTEXT('2D SPACE',''
  ) );
#4822 = ADVANCED_FACE('',(#4823),#4583,.T.);
#4823 = FACE_BOUND('',#4824,.T.);
#4824 = EDGE_LOOP('',(#4825,#4848,#4876,#4897));
#4825 = ORIENTED_EDGE('',*,*,#4826,.F.);
#4826 = EDGE_CURVE('',#4827,#4566,#4829,.T.);
#4827 = VERTEX_POINT('',#4828);
#4828 = CARTESIAN_POINT('',(-32.49490633606,7.,-57.89978834986));
#4829 = SURFACE_CURVE('',#4830,(#4834,#4841),.PCURVE_S1.);
#4830 = LINE('',#4831,#4832);
#4831 = CARTESIAN_POINT('',(-32.49490633606,7.,-103.3510233461));
#4832 = VECTOR('',#4833,1.);
#4833 = DIRECTION('',(-1.263678077357E-16,0.,1.));
#4834 = PCURVE('',#4583,#4835);
#4835 = DEFINITIONAL_REPRESENTATION('',(#4836),#4840);
#4836 = LINE('',#4837,#4838);
#4837 = CARTESIAN_POINT('',(-0.989857536332,1.336657418978E-31));
#4838 = VECTOR('',#4839,1.);
#4839 = DIRECTION('',(1.350353328551E-31,1.));
#4840 = ( GEOMETRIC_REPRESENTATION_CONTEXT(2) 
PARAMETRIC_REPRESENTATION_CONTEXT() REPRESENTATION_CONTEXT('2D SPACE',''
  ) );
#4841 = PCURVE('',#4336,#4842);
#4842 = DEFINITIONAL_REPRESENTATION('',(#4843),#4847);
#4843 = LINE('',#4844,#4845);
#4844 = CARTESIAN_POINT('',(0.,2.53473548219));
#4845 = VECTOR('',#4846,1.);
#4846 = DIRECTION('',(-1.,-1.263678077357E-16));
#4847 = ( GEOMETRIC_REPRESENTATION_CONTEXT(2) 
PARAMETRIC_REPRESENTATION_CONTEXT() REPRESENTATION_CONTEXT('2D SPACE',''
  ) );
#4848 = ORIENTED_EDGE('',*,*,#4849,.T.);
#4849 = EDGE_CURVE('',#4827,#4850,#4852,.T.);
#4850 = VERTEX_POINT('',#4851);
#4851 = CARTESIAN_POINT('',(-32.49490633606,-7.,-57.89978834986));
#4852 = SURFACE_CURVE('',#4853,(#4857,#4864),.PCURVE_S1.);
#4853 = LINE('',#4854,#4855);
#4854 = CARTESIAN_POINT('',(-32.49490633606,-0.185883836821,
    -57.89978834986));
#4855 = VECTOR('',#4856,1.);
#4856 = DIRECTION('',(-1.068589661202E-15,-1.,-1.350353328551E-31));
#4857 = PCURVE('',#4583,#4858);
#4858 = DEFINITIONAL_REPRESENTATION('',(#4859),#4863);
#4859 = LINE('',#4860,#4861);
#4860 = CARTESIAN_POINT('',(6.196026300489,45.45123499624));
#4861 = VECTOR('',#4862,1.);
#4862 = DIRECTION('',(1.,-1.350353328551E-31));
#4863 = ( GEOMETRIC_REPRESENTATION_CONTEXT(2) 
PARAMETRIC_REPRESENTATION_CONTEXT() REPRESENTATION_CONTEXT('2D SPACE',''
  ) );
#4864 = PCURVE('',#4865,#4870);
#4865 = PLANE('',#4866);
#4866 = AXIS2_PLACEMENT_3D('',#4867,#4868,#4869);
#4867 = CARTESIAN_POINT('',(-33.99490633606,-0.185883836821,
    -57.89978834986));
#4868 = DIRECTION('',(-1.263678077357E-16,2.850949024098E-47,1.));
#4869 = DIRECTION('',(1.,0.,1.263678077357E-16));
#4870 = DEFINITIONAL_REPRESENTATION('',(#4871),#4875);
#4871 = LINE('',#4872,#4873);
#4872 = CARTESIAN_POINT('',(1.5,5.404022672122E-63));
#4873 = VECTOR('',#4874,1.);
#4874 = DIRECTION('',(-1.068589661202E-15,-1.));
#4875 = ( GEOMETRIC_REPRESENTATION_CONTEXT(2) 
PARAMETRIC_REPRESENTATION_CONTEXT() REPRESENTATION_CONTEXT('2D SPACE',''
  ) );
#4876 = ORIENTED_EDGE('',*,*,#4877,.T.);
#4877 = EDGE_CURVE('',#4850,#4568,#4878,.T.);
#4878 = SURFACE_CURVE('',#4879,(#4883,#4890),.PCURVE_S1.);
#4879 = LINE('',#4880,#4881);
#4880 = CARTESIAN_POINT('',(-32.49490633606,-7.,-103.3510233461));
#4881 = VECTOR('',#4882,1.);
#4882 = DIRECTION('',(-1.263678077357E-16,0.,1.));
#4883 = PCURVE('',#4583,#4884);
#4884 = DEFINITIONAL_REPRESENTATION('',(#4885),#4889);
#4885 = LINE('',#4886,#4887);
#4886 = CARTESIAN_POINT('',(13.010142463668,3.896563833653E-32));
#4887 = VECTOR('',#4888,1.);
#4888 = DIRECTION('',(1.350353328551E-31,1.));
#4889 = ( GEOMETRIC_REPRESENTATION_CONTEXT(2) 
PARAMETRIC_REPRESENTATION_CONTEXT() REPRESENTATION_CONTEXT('2D SPACE',''
  ) );
#4890 = PCURVE('',#4280,#4891);
#4891 = DEFINITIONAL_REPRESENTATION('',(#4892),#4896);
#4892 = LINE('',#4893,#4894);
#4893 = CARTESIAN_POINT('',(0.,2.53473548219));
#4894 = VECTOR('',#4895,1.);
#4895 = DIRECTION('',(-1.,-1.263678077357E-16));
#4896 = ( GEOMETRIC_REPRESENTATION_CONTEXT(2) 
PARAMETRIC_REPRESENTATION_CONTEXT() REPRESENTATION_CONTEXT('2D SPACE',''
  ) );
#4897 = ORIENTED_EDGE('',*,*,#4565,.F.);
#4898 = ADVANCED_FACE('',(#4899),#4865,.T.);
#4899 = FACE_BOUND('',#4900,.T.);
#4900 = EDGE_LOOP('',(#4901,#4902,#4925,#4953));
#4901 = ORIENTED_EDGE('',*,*,#4849,.F.);
#4902 = ORIENTED_EDGE('',*,*,#4903,.F.);
#4903 = EDGE_CURVE('',#4904,#4827,#4906,.T.);
#4904 = VERTEX_POINT('',#4905);
#4905 = CARTESIAN_POINT('',(-33.99490633606,7.,-57.89978834986));
#4906 = SURFACE_CURVE('',#4907,(#4911,#4918),.PCURVE_S1.);
#4907 = LINE('',#4908,#4909);
#4908 = CARTESIAN_POINT('',(-33.99490633606,7.,-57.89978834986));
#4909 = VECTOR('',#4910,1.);
#4910 = DIRECTION('',(1.,-1.068589661202E-15,1.263678077357E-16));
#4911 = PCURVE('',#4865,#4912);
#4912 = DEFINITIONAL_REPRESENTATION('',(#4913),#4917);
#4913 = LINE('',#4914,#4915);
#4914 = CARTESIAN_POINT('',(0.,7.185883836821));
#4915 = VECTOR('',#4916,1.);
#4916 = DIRECTION('',(1.,-1.068589661202E-15));
#4917 = ( GEOMETRIC_REPRESENTATION_CONTEXT(2) 
PARAMETRIC_REPRESENTATION_CONTEXT() REPRESENTATION_CONTEXT('2D SPACE',''
  ) );
#4918 = PCURVE('',#4336,#4919);
#4919 = DEFINITIONAL_REPRESENTATION('',(#4920),#4924);
#4920 = LINE('',#4921,#4922);
#4921 = CARTESIAN_POINT('',(-45.45123499624,1.03473548219));
#4922 = VECTOR('',#4923,1.);
#4923 = DIRECTION('',(-1.263678077357E-16,1.));
#4924 = ( GEOMETRIC_REPRESENTATION_CONTEXT(2) 
PARAMETRIC_REPRESENTATION_CONTEXT() REPRESENTATION_CONTEXT('2D SPACE',''
  ) );
#4925 = ORIENTED_EDGE('',*,*,#4926,.T.);
#4926 = EDGE_CURVE('',#4904,#4927,#4929,.T.);
#4927 = VERTEX_POINT('',#4928);
#4928 = CARTESIAN_POINT('',(-33.99490633606,-7.,-57.89978834986));
#4929 = SURFACE_CURVE('',#4930,(#4934,#4941),.PCURVE_S1.);
#4930 = LINE('',#4931,#4932);
#4931 = CARTESIAN_POINT('',(-33.99490633606,-0.185883836821,
    -57.89978834986));
#4932 = VECTOR('',#4933,1.);
#4933 = DIRECTION('',(-1.068589661202E-15,-1.,-1.350353328551E-31));
#4934 = PCURVE('',#4865,#4935);
#4935 = DEFINITIONAL_REPRESENTATION('',(#4936),#4940);
#4936 = LINE('',#4937,#4938);
#4937 = CARTESIAN_POINT('',(0.,0.));
#4938 = VECTOR('',#4939,1.);
#4939 = DIRECTION('',(-1.068589661202E-15,-1.));
#4940 = ( GEOMETRIC_REPRESENTATION_CONTEXT(2) 
PARAMETRIC_REPRESENTATION_CONTEXT() REPRESENTATION_CONTEXT('2D SPACE',''
  ) );
#4941 = PCURVE('',#4942,#4947);
#4942 = PLANE('',#4943);
#4943 = AXIS2_PLACEMENT_3D('',#4944,#4945,#4946);
#4944 = CARTESIAN_POINT('',(-33.99490633606,-1.025875512689E-16,
    -78.85102334618));
#4945 = DIRECTION('',(-1.,1.068589661202E-15,-1.263678077357E-16));
#4946 = DIRECTION('',(-1.068589661202E-15,-1.,-1.350353328551E-31));
#4947 = DEFINITIONAL_REPRESENTATION('',(#4948),#4952);
#4948 = LINE('',#4949,#4950);
#4949 = CARTESIAN_POINT('',(0.185883836821,20.95123499632));
#4950 = VECTOR('',#4951,1.);
#4951 = DIRECTION('',(1.,0.));
#4952 = ( GEOMETRIC_REPRESENTATION_CONTEXT(2) 
PARAMETRIC_REPRESENTATION_CONTEXT() REPRESENTATION_CONTEXT('2D SPACE',''
  ) );
#4953 = ORIENTED_EDGE('',*,*,#4954,.T.);
#4954 = EDGE_CURVE('',#4927,#4850,#4955,.T.);
#4955 = SURFACE_CURVE('',#4956,(#4960,#4967),.PCURVE_S1.);
#4956 = LINE('',#4957,#4958);
#4957 = CARTESIAN_POINT('',(-33.99490633606,-7.,-57.89978834986));
#4958 = VECTOR('',#4959,1.);
#4959 = DIRECTION('',(1.,-1.068589661202E-15,1.263678077357E-16));
#4960 = PCURVE('',#4865,#4961);
#4961 = DEFINITIONAL_REPRESENTATION('',(#4962),#4966);
#4962 = LINE('',#4963,#4964);
#4963 = CARTESIAN_POINT('',(0.,-6.814116163179));
#4964 = VECTOR('',#4965,1.);
#4965 = DIRECTION('',(1.,-1.068589661202E-15));
#4966 = ( GEOMETRIC_REPRESENTATION_CONTEXT(2) 
PARAMETRIC_REPRESENTATION_CONTEXT() REPRESENTATION_CONTEXT('2D SPACE',''
  ) );
#4967 = PCURVE('',#4280,#4968);
#4968 = DEFINITIONAL_REPRESENTATION('',(#4969),#4973);
#4969 = LINE('',#4970,#4971);
#4970 = CARTESIAN_POINT('',(-45.45123499624,1.03473548219));
#4971 = VECTOR('',#4972,1.);
#4972 = DIRECTION('',(-1.263678077357E-16,1.));
#4973 = ( GEOMETRIC_REPRESENTATION_CONTEXT(2) 
PARAMETRIC_REPRESENTATION_CONTEXT() REPRESENTATION_CONTEXT('2D SPACE',''
  ) );
#4974 = ADVANCED_FACE('',(#4975),#4942,.T.);
#4975 = FACE_BOUND('',#4976,.T.);
#4976 = EDGE_LOOP('',(#4977,#5000,#5028,#5049));
#4977 = ORIENTED_EDGE('',*,*,#4978,.F.);
#4978 = EDGE_CURVE('',#4979,#4904,#4981,.T.);
#4979 = VERTEX_POINT('',#4980);
#4980 = CARTESIAN_POINT('',(-33.99490633606,7.,-59.89978834986));
#4981 = SURFACE_CURVE('',#4982,(#4986,#4993),.PCURVE_S1.);
#4982 = LINE('',#4983,#4984);
#4983 = CARTESIAN_POINT('',(-33.99490633606,7.,-103.3510233461));
#4984 = VECTOR('',#4985,1.);
#4985 = DIRECTION('',(-1.263678077357E-16,0.,1.));
#4986 = PCURVE('',#4942,#4987);
#4987 = DEFINITIONAL_REPRESENTATION('',(#4988),#4992);
#4988 = LINE('',#4989,#4990);
#4989 = CARTESIAN_POINT('',(-7.,-24.49999999992));
#4990 = VECTOR('',#4991,1.);
#4991 = DIRECTION('',(3.111320496571E-44,1.));
#4992 = ( GEOMETRIC_REPRESENTATION_CONTEXT(2) 
PARAMETRIC_REPRESENTATION_CONTEXT() REPRESENTATION_CONTEXT('2D SPACE',''
  ) );
#4993 = PCURVE('',#4336,#4994);
#4994 = DEFINITIONAL_REPRESENTATION('',(#4995),#4999);
#4995 = LINE('',#4996,#4997);
#4996 = CARTESIAN_POINT('',(0.,1.03473548219));
#4997 = VECTOR('',#4998,1.);
#4998 = DIRECTION('',(-1.,-1.263678077357E-16));
#4999 = ( GEOMETRIC_REPRESENTATION_CONTEXT(2) 
PARAMETRIC_REPRESENTATION_CONTEXT() REPRESENTATION_CONTEXT('2D SPACE',''
  ) );
#5000 = ORIENTED_EDGE('',*,*,#5001,.T.);
#5001 = EDGE_CURVE('',#4979,#5002,#5004,.T.);
#5002 = VERTEX_POINT('',#5003);
#5003 = CARTESIAN_POINT('',(-33.99490633606,-7.,-59.89978834986));
#5004 = SURFACE_CURVE('',#5005,(#5009,#5016),.PCURVE_S1.);
#5005 = LINE('',#5006,#5007);
#5006 = CARTESIAN_POINT('',(-33.99490633606,-1.837311027246E-15,
    -59.89978834986));
#5007 = VECTOR('',#5008,1.);
#5008 = DIRECTION('',(-1.068589661202E-15,-1.,-1.350353328551E-31));
#5009 = PCURVE('',#4942,#5010);
#5010 = DEFINITIONAL_REPRESENTATION('',(#5011),#5015);
#5011 = LINE('',#5012,#5013);
#5012 = CARTESIAN_POINT('',(1.734723475977E-15,18.95123499632));
#5013 = VECTOR('',#5014,1.);
#5014 = DIRECTION('',(1.,0.));
#5015 = ( GEOMETRIC_REPRESENTATION_CONTEXT(2) 
PARAMETRIC_REPRESENTATION_CONTEXT() REPRESENTATION_CONTEXT('2D SPACE',''
  ) );
#5016 = PCURVE('',#5017,#5022);
#5017 = PLANE('',#5018);
#5018 = AXIS2_PLACEMENT_3D('',#5019,#5020,#5021);
#5019 = CARTESIAN_POINT('',(-33.99490633606,-1.837311027246E-15,
    -59.89978834986));
#5020 = DIRECTION('',(-1.263678077357E-16,2.850949024098E-47,1.));
#5021 = DIRECTION('',(1.,0.,1.263678077357E-16));
#5022 = DEFINITIONAL_REPRESENTATION('',(#5023),#5027);
#5023 = LINE('',#5024,#5025);
#5024 = CARTESIAN_POINT('',(0.,0.));
#5025 = VECTOR('',#5026,1.);
#5026 = DIRECTION('',(-1.068589661202E-15,-1.));
#5027 = ( GEOMETRIC_REPRESENTATION_CONTEXT(2) 
PARAMETRIC_REPRESENTATION_CONTEXT() REPRESENTATION_CONTEXT('2D SPACE',''
  ) );
#5028 = ORIENTED_EDGE('',*,*,#5029,.T.);
#5029 = EDGE_CURVE('',#5002,#4927,#5030,.T.);
#5030 = SURFACE_CURVE('',#5031,(#5035,#5042),.PCURVE_S1.);
#5031 = LINE('',#5032,#5033);
#5032 = CARTESIAN_POINT('',(-33.99490633606,-7.,-103.3510233461));
#5033 = VECTOR('',#5034,1.);
#5034 = DIRECTION('',(-1.263678077357E-16,0.,1.));
#5035 = PCURVE('',#4942,#5036);
#5036 = DEFINITIONAL_REPRESENTATION('',(#5037),#5041);
#5037 = LINE('',#5038,#5039);
#5038 = CARTESIAN_POINT('',(7.,-24.49999999992));
#5039 = VECTOR('',#5040,1.);
#5040 = DIRECTION('',(3.111320496571E-44,1.));
#5041 = ( GEOMETRIC_REPRESENTATION_CONTEXT(2) 
PARAMETRIC_REPRESENTATION_CONTEXT() REPRESENTATION_CONTEXT('2D SPACE',''
  ) );
#5042 = PCURVE('',#4280,#5043);
#5043 = DEFINITIONAL_REPRESENTATION('',(#5044),#5048);
#5044 = LINE('',#5045,#5046);
#5045 = CARTESIAN_POINT('',(0.,1.03473548219));
#5046 = VECTOR('',#5047,1.);
#5047 = DIRECTION('',(-1.,-1.263678077357E-16));
#5048 = ( GEOMETRIC_REPRESENTATION_CONTEXT(2) 
PARAMETRIC_REPRESENTATION_CONTEXT() REPRESENTATION_CONTEXT('2D SPACE',''
  ) );
#5049 = ORIENTED_EDGE('',*,*,#4926,.F.);
#5050 = ADVANCED_FACE('',(#5051),#5017,.F.);
#5051 = FACE_BOUND('',#5052,.T.);
#5052 = EDGE_LOOP('',(#5053,#5083,#5104,#5105));
#5053 = ORIENTED_EDGE('',*,*,#5054,.T.);
#5054 = EDGE_CURVE('',#5055,#5057,#5059,.T.);
#5055 = VERTEX_POINT('',#5056);
#5056 = CARTESIAN_POINT('',(-32.49490633606,7.,-59.89978834986));
#5057 = VERTEX_POINT('',#5058);
#5058 = CARTESIAN_POINT('',(-32.49490633606,-7.,-59.89978834986));
#5059 = SURFACE_CURVE('',#5060,(#5064,#5071),.PCURVE_S1.);
#5060 = LINE('',#5061,#5062);
#5061 = CARTESIAN_POINT('',(-32.49490633606,-3.440195519048E-15,
    -59.89978834986));
#5062 = VECTOR('',#5063,1.);
#5063 = DIRECTION('',(-1.068589661202E-15,-1.,-1.350353328551E-31));
#5064 = PCURVE('',#5017,#5065);
#5065 = DEFINITIONAL_REPRESENTATION('',(#5066),#5070);
#5066 = LINE('',#5067,#5068);
#5067 = CARTESIAN_POINT('',(1.5,-1.602884491802E-15));
#5068 = VECTOR('',#5069,1.);
#5069 = DIRECTION('',(-1.068589661202E-15,-1.));
#5070 = ( GEOMETRIC_REPRESENTATION_CONTEXT(2) 
PARAMETRIC_REPRESENTATION_CONTEXT() REPRESENTATION_CONTEXT('2D SPACE',''
  ) );
#5071 = PCURVE('',#5072,#5077);
#5072 = PLANE('',#5073);
#5073 = AXIS2_PLACEMENT_3D('',#5074,#5075,#5076);
#5074 = CARTESIAN_POINT('',(-32.49490633606,6.010142463668,
    -103.3510233461));
#5075 = DIRECTION('',(-1.,1.068589661202E-15,-1.263678077357E-16));
#5076 = DIRECTION('',(-1.068589661202E-15,-1.,0.));
#5077 = DEFINITIONAL_REPRESENTATION('',(#5078),#5082);
#5078 = LINE('',#5079,#5080);
#5079 = CARTESIAN_POINT('',(6.010142463668,43.45123499624));
#5080 = VECTOR('',#5081,1.);
#5081 = DIRECTION('',(1.,-1.350353328551E-31));
#5082 = ( GEOMETRIC_REPRESENTATION_CONTEXT(2) 
PARAMETRIC_REPRESENTATION_CONTEXT() REPRESENTATION_CONTEXT('2D SPACE',''
  ) );
#5083 = ORIENTED_EDGE('',*,*,#5084,.F.);
#5084 = EDGE_CURVE('',#5002,#5057,#5085,.T.);
#5085 = SURFACE_CURVE('',#5086,(#5090,#5097),.PCURVE_S1.);
#5086 = LINE('',#5087,#5088);
#5087 = CARTESIAN_POINT('',(-33.99490633606,-7.,-59.89978834986));
#5088 = VECTOR('',#5089,1.);
#5089 = DIRECTION('',(1.,-1.068589661202E-15,1.263678077357E-16));
#5090 = PCURVE('',#5017,#5091);
#5091 = DEFINITIONAL_REPRESENTATION('',(#5092),#5096);
#5092 = LINE('',#5093,#5094);
#5093 = CARTESIAN_POINT('',(0.,-7.));
#5094 = VECTOR('',#5095,1.);
#5095 = DIRECTION('',(1.,-1.068589661202E-15));
#5096 = ( GEOMETRIC_REPRESENTATION_CONTEXT(2) 
PARAMETRIC_REPRESENTATION_CONTEXT() REPRESENTATION_CONTEXT('2D SPACE',''
  ) );
#5097 = PCURVE('',#4280,#5098);
#5098 = DEFINITIONAL_REPRESENTATION('',(#5099),#5103);
#5099 = LINE('',#5100,#5101);
#5100 = CARTESIAN_POINT('',(-43.45123499624,1.03473548219));
#5101 = VECTOR('',#5102,1.);
#5102 = DIRECTION('',(-1.263678077357E-16,1.));
#5103 = ( GEOMETRIC_REPRESENTATION_CONTEXT(2) 
PARAMETRIC_REPRESENTATION_CONTEXT() REPRESENTATION_CONTEXT('2D SPACE',''
  ) );
#5104 = ORIENTED_EDGE('',*,*,#5001,.F.);
#5105 = ORIENTED_EDGE('',*,*,#5106,.T.);
#5106 = EDGE_CURVE('',#4979,#5055,#5107,.T.);
#5107 = SURFACE_CURVE('',#5108,(#5112,#5119),.PCURVE_S1.);
#5108 = LINE('',#5109,#5110);
#5109 = CARTESIAN_POINT('',(-33.99490633606,7.,-59.89978834986));
#5110 = VECTOR('',#5111,1.);
#5111 = DIRECTION('',(1.,-1.068589661202E-15,1.263678077357E-16));
#5112 = PCURVE('',#5017,#5113);
#5113 = DEFINITIONAL_REPRESENTATION('',(#5114),#5118);
#5114 = LINE('',#5115,#5116);
#5115 = CARTESIAN_POINT('',(0.,7.));
#5116 = VECTOR('',#5117,1.);
#5117 = DIRECTION('',(1.,-1.068589661202E-15));
#5118 = ( GEOMETRIC_REPRESENTATION_CONTEXT(2) 
PARAMETRIC_REPRESENTATION_CONTEXT() REPRESENTATION_CONTEXT('2D SPACE',''
  ) );
#5119 = PCURVE('',#4336,#5120);
#5120 = DEFINITIONAL_REPRESENTATION('',(#5121),#5125);
#5121 = LINE('',#5122,#5123);
#5122 = CARTESIAN_POINT('',(-43.45123499624,1.03473548219));
#5123 = VECTOR('',#5124,1.);
#5124 = DIRECTION('',(-1.263678077357E-16,1.));
#5125 = ( GEOMETRIC_REPRESENTATION_CONTEXT(2) 
PARAMETRIC_REPRESENTATION_CONTEXT() REPRESENTATION_CONTEXT('2D SPACE',''
  ) );
#5126 = ADVANCED_FACE('',(#5127),#5072,.T.);
#5127 = FACE_BOUND('',#5128,.T.);
#5128 = EDGE_LOOP('',(#5129,#5152,#5180,#5201));
#5129 = ORIENTED_EDGE('',*,*,#5130,.F.);
#5130 = EDGE_CURVE('',#5131,#5055,#5133,.T.);
#5131 = VERTEX_POINT('',#5132);
#5132 = CARTESIAN_POINT('',(-32.49490633606,7.,-61.89978834986));
#5133 = SURFACE_CURVE('',#5134,(#5138,#5145),.PCURVE_S1.);
#5134 = LINE('',#5135,#5136);
#5135 = CARTESIAN_POINT('',(-32.49490633606,7.,-103.3510233461));
#5136 = VECTOR('',#5137,1.);
#5137 = DIRECTION('',(-1.263678077357E-16,0.,1.));
#5138 = PCURVE('',#5072,#5139);
#5139 = DEFINITIONAL_REPRESENTATION('',(#5140),#5144);
#5140 = LINE('',#5141,#5142);
#5141 = CARTESIAN_POINT('',(-0.989857536332,1.336657418978E-31));
#5142 = VECTOR('',#5143,1.);
#5143 = DIRECTION('',(1.350353328551E-31,1.));
#5144 = ( GEOMETRIC_REPRESENTATION_CONTEXT(2) 
PARAMETRIC_REPRESENTATION_CONTEXT() REPRESENTATION_CONTEXT('2D SPACE',''
  ) );
#5145 = PCURVE('',#4336,#5146);
#5146 = DEFINITIONAL_REPRESENTATION('',(#5147),#5151);
#5147 = LINE('',#5148,#5149);
#5148 = CARTESIAN_POINT('',(0.,2.53473548219));
#5149 = VECTOR('',#5150,1.);
#5150 = DIRECTION('',(-1.,-1.263678077357E-16));
#5151 = ( GEOMETRIC_REPRESENTATION_CONTEXT(2) 
PARAMETRIC_REPRESENTATION_CONTEXT() REPRESENTATION_CONTEXT('2D SPACE',''
  ) );
#5152 = ORIENTED_EDGE('',*,*,#5153,.T.);
#5153 = EDGE_CURVE('',#5131,#5154,#5156,.T.);
#5154 = VERTEX_POINT('',#5155);
#5155 = CARTESIAN_POINT('',(-32.49490633606,-7.,-61.89978834986));
#5156 = SURFACE_CURVE('',#5157,(#5161,#5168),.PCURVE_S1.);
#5157 = LINE('',#5158,#5159);
#5158 = CARTESIAN_POINT('',(-32.49490633606,-0.185883836821,
    -61.89978834986));
#5159 = VECTOR('',#5160,1.);
#5160 = DIRECTION('',(-1.068589661202E-15,-1.,-1.350353328551E-31));
#5161 = PCURVE('',#5072,#5162);
#5162 = DEFINITIONAL_REPRESENTATION('',(#5163),#5167);
#5163 = LINE('',#5164,#5165);
#5164 = CARTESIAN_POINT('',(6.196026300489,41.45123499624));
#5165 = VECTOR('',#5166,1.);
#5166 = DIRECTION('',(1.,-1.350353328551E-31));
#5167 = ( GEOMETRIC_REPRESENTATION_CONTEXT(2) 
PARAMETRIC_REPRESENTATION_CONTEXT() REPRESENTATION_CONTEXT('2D SPACE',''
  ) );
#5168 = PCURVE('',#5169,#5174);
#5169 = PLANE('',#5170);
#5170 = AXIS2_PLACEMENT_3D('',#5171,#5172,#5173);
#5171 = CARTESIAN_POINT('',(-33.99490633606,-0.185883836821,
    -61.89978834986));
#5172 = DIRECTION('',(-1.263678077357E-16,2.850949024098E-47,1.));
#5173 = DIRECTION('',(1.,0.,1.263678077357E-16));
#5174 = DEFINITIONAL_REPRESENTATION('',(#5175),#5179);
#5175 = LINE('',#5176,#5177);
#5176 = CARTESIAN_POINT('',(1.5,5.404022672122E-63));
#5177 = VECTOR('',#5178,1.);
#5178 = DIRECTION('',(-1.068589661202E-15,-1.));
#5179 = ( GEOMETRIC_REPRESENTATION_CONTEXT(2) 
PARAMETRIC_REPRESENTATION_CONTEXT() REPRESENTATION_CONTEXT('2D SPACE',''
  ) );
#5180 = ORIENTED_EDGE('',*,*,#5181,.T.);
#5181 = EDGE_CURVE('',#5154,#5057,#5182,.T.);
#5182 = SURFACE_CURVE('',#5183,(#5187,#5194),.PCURVE_S1.);
#5183 = LINE('',#5184,#5185);
#5184 = CARTESIAN_POINT('',(-32.49490633606,-7.,-103.3510233461));
#5185 = VECTOR('',#5186,1.);
#5186 = DIRECTION('',(-1.263678077357E-16,0.,1.));
#5187 = PCURVE('',#5072,#5188);
#5188 = DEFINITIONAL_REPRESENTATION('',(#5189),#5193);
#5189 = LINE('',#5190,#5191);
#5190 = CARTESIAN_POINT('',(13.010142463668,3.896563833653E-32));
#5191 = VECTOR('',#5192,1.);
#5192 = DIRECTION('',(1.350353328551E-31,1.));
#5193 = ( GEOMETRIC_REPRESENTATION_CONTEXT(2) 
PARAMETRIC_REPRESENTATION_CONTEXT() REPRESENTATION_CONTEXT('2D SPACE',''
  ) );
#5194 = PCURVE('',#4280,#5195);
#5195 = DEFINITIONAL_REPRESENTATION('',(#5196),#5200);
#5196 = LINE('',#5197,#5198);
#5197 = CARTESIAN_POINT('',(0.,2.53473548219));
#5198 = VECTOR('',#5199,1.);
#5199 = DIRECTION('',(-1.,-1.263678077357E-16));
#5200 = ( GEOMETRIC_REPRESENTATION_CONTEXT(2) 
PARAMETRIC_REPRESENTATION_CONTEXT() REPRESENTATION_CONTEXT('2D SPACE',''
  ) );
#5201 = ORIENTED_EDGE('',*,*,#5054,.F.);
#5202 = ADVANCED_FACE('',(#5203),#5169,.T.);
#5203 = FACE_BOUND('',#5204,.T.);
#5204 = EDGE_LOOP('',(#5205,#5206,#5229,#5257));
#5205 = ORIENTED_EDGE('',*,*,#5153,.F.);
#5206 = ORIENTED_EDGE('',*,*,#5207,.F.);
#5207 = EDGE_CURVE('',#5208,#5131,#5210,.T.);
#5208 = VERTEX_POINT('',#5209);
#5209 = CARTESIAN_POINT('',(-33.99490633606,7.,-61.89978834986));
#5210 = SURFACE_CURVE('',#5211,(#5215,#5222),.PCURVE_S1.);
#5211 = LINE('',#5212,#5213);
#5212 = CARTESIAN_POINT('',(-33.99490633606,7.,-61.89978834986));
#5213 = VECTOR('',#5214,1.);
#5214 = DIRECTION('',(1.,-1.068589661202E-15,1.263678077357E-16));
#5215 = PCURVE('',#5169,#5216);
#5216 = DEFINITIONAL_REPRESENTATION('',(#5217),#5221);
#5217 = LINE('',#5218,#5219);
#5218 = CARTESIAN_POINT('',(0.,7.185883836821));
#5219 = VECTOR('',#5220,1.);
#5220 = DIRECTION('',(1.,-1.068589661202E-15));
#5221 = ( GEOMETRIC_REPRESENTATION_CONTEXT(2) 
PARAMETRIC_REPRESENTATION_CONTEXT() REPRESENTATION_CONTEXT('2D SPACE',''
  ) );
#5222 = PCURVE('',#4336,#5223);
#5223 = DEFINITIONAL_REPRESENTATION('',(#5224),#5228);
#5224 = LINE('',#5225,#5226);
#5225 = CARTESIAN_POINT('',(-41.45123499624,1.03473548219));
#5226 = VECTOR('',#5227,1.);
#5227 = DIRECTION('',(-1.263678077357E-16,1.));
#5228 = ( GEOMETRIC_REPRESENTATION_CONTEXT(2) 
PARAMETRIC_REPRESENTATION_CONTEXT() REPRESENTATION_CONTEXT('2D SPACE',''
  ) );
#5229 = ORIENTED_EDGE('',*,*,#5230,.T.);
#5230 = EDGE_CURVE('',#5208,#5231,#5233,.T.);
#5231 = VERTEX_POINT('',#5232);
#5232 = CARTESIAN_POINT('',(-33.99490633606,-7.,-61.89978834986));
#5233 = SURFACE_CURVE('',#5234,(#5238,#5245),.PCURVE_S1.);
#5234 = LINE('',#5235,#5236);
#5235 = CARTESIAN_POINT('',(-33.99490633606,-0.185883836821,
    -61.89978834986));
#5236 = VECTOR('',#5237,1.);
#5237 = DIRECTION('',(-1.068589661202E-15,-1.,-1.350353328551E-31));
#5238 = PCURVE('',#5169,#5239);
#5239 = DEFINITIONAL_REPRESENTATION('',(#5240),#5244);
#5240 = LINE('',#5241,#5242);
#5241 = CARTESIAN_POINT('',(0.,0.));
#5242 = VECTOR('',#5243,1.);
#5243 = DIRECTION('',(-1.068589661202E-15,-1.));
#5244 = ( GEOMETRIC_REPRESENTATION_CONTEXT(2) 
PARAMETRIC_REPRESENTATION_CONTEXT() REPRESENTATION_CONTEXT('2D SPACE',''
  ) );
#5245 = PCURVE('',#5246,#5251);
#5246 = PLANE('',#5247);
#5247 = AXIS2_PLACEMENT_3D('',#5248,#5249,#5250);
#5248 = CARTESIAN_POINT('',(-33.99490633606,-1.025875512689E-16,
    -82.85102334618));
#5249 = DIRECTION('',(-1.,1.068589661202E-15,-1.263678077357E-16));
#5250 = DIRECTION('',(-1.068589661202E-15,-1.,-1.350353328551E-31));
#5251 = DEFINITIONAL_REPRESENTATION('',(#5252),#5256);
#5252 = LINE('',#5253,#5254);
#5253 = CARTESIAN_POINT('',(0.185883836821,20.95123499632));
#5254 = VECTOR('',#5255,1.);
#5255 = DIRECTION('',(1.,0.));
#5256 = ( GEOMETRIC_REPRESENTATION_CONTEXT(2) 
PARAMETRIC_REPRESENTATION_CONTEXT() REPRESENTATION_CONTEXT('2D SPACE',''
  ) );
#5257 = ORIENTED_EDGE('',*,*,#5258,.T.);
#5258 = EDGE_CURVE('',#5231,#5154,#5259,.T.);
#5259 = SURFACE_CURVE('',#5260,(#5264,#5271),.PCURVE_S1.);
#5260 = LINE('',#5261,#5262);
#5261 = CARTESIAN_POINT('',(-33.99490633606,-7.,-61.89978834986));
#5262 = VECTOR('',#5263,1.);
#5263 = DIRECTION('',(1.,-1.068589661202E-15,1.263678077357E-16));
#5264 = PCURVE('',#5169,#5265);
#5265 = DEFINITIONAL_REPRESENTATION('',(#5266),#5270);
#5266 = LINE('',#5267,#5268);
#5267 = CARTESIAN_POINT('',(0.,-6.814116163179));
#5268 = VECTOR('',#5269,1.);
#5269 = DIRECTION('',(1.,-1.068589661202E-15));
#5270 = ( GEOMETRIC_REPRESENTATION_CONTEXT(2) 
PARAMETRIC_REPRESENTATION_CONTEXT() REPRESENTATION_CONTEXT('2D SPACE',''
  ) );
#5271 = PCURVE('',#4280,#5272);
#5272 = DEFINITIONAL_REPRESENTATION('',(#5273),#5277);
#5273 = LINE('',#5274,#5275);
#5274 = CARTESIAN_POINT('',(-41.45123499624,1.03473548219));
#5275 = VECTOR('',#5276,1.);
#5276 = DIRECTION('',(-1.263678077357E-16,1.));
#5277 = ( GEOMETRIC_REPRESENTATION_CONTEXT(2) 
PARAMETRIC_REPRESENTATION_CONTEXT() REPRESENTATION_CONTEXT('2D SPACE',''
  ) );
#5278 = ADVANCED_FACE('',(#5279),#5246,.T.);
#5279 = FACE_BOUND('',#5280,.T.);
#5280 = EDGE_LOOP('',(#5281,#5304,#5332,#5353));
#5281 = ORIENTED_EDGE('',*,*,#5282,.F.);
#5282 = EDGE_CURVE('',#5283,#5208,#5285,.T.);
#5283 = VERTEX_POINT('',#5284);
#5284 = CARTESIAN_POINT('',(-33.99490633606,7.,-63.89978834986));
#5285 = SURFACE_CURVE('',#5286,(#5290,#5297),.PCURVE_S1.);
#5286 = LINE('',#5287,#5288);
#5287 = CARTESIAN_POINT('',(-33.99490633606,7.,-107.3510233461));
#5288 = VECTOR('',#5289,1.);
#5289 = DIRECTION('',(-1.263678077357E-16,0.,1.));
#5290 = PCURVE('',#5246,#5291);
#5291 = DEFINITIONAL_REPRESENTATION('',(#5292),#5296);
#5292 = LINE('',#5293,#5294);
#5293 = CARTESIAN_POINT('',(-7.,-24.49999999992));
#5294 = VECTOR('',#5295,1.);
#5295 = DIRECTION('',(3.111320496571E-44,1.));
#5296 = ( GEOMETRIC_REPRESENTATION_CONTEXT(2) 
PARAMETRIC_REPRESENTATION_CONTEXT() REPRESENTATION_CONTEXT('2D SPACE',''
  ) );
#5297 = PCURVE('',#4336,#5298);
#5298 = DEFINITIONAL_REPRESENTATION('',(#5299),#5303);
#5299 = LINE('',#5300,#5301);
#5300 = CARTESIAN_POINT('',(4.,1.03473548219));
#5301 = VECTOR('',#5302,1.);
#5302 = DIRECTION('',(-1.,-1.263678077357E-16));
#5303 = ( GEOMETRIC_REPRESENTATION_CONTEXT(2) 
PARAMETRIC_REPRESENTATION_CONTEXT() REPRESENTATION_CONTEXT('2D SPACE',''
  ) );
#5304 = ORIENTED_EDGE('',*,*,#5305,.T.);
#5305 = EDGE_CURVE('',#5283,#5306,#5308,.T.);
#5306 = VERTEX_POINT('',#5307);
#5307 = CARTESIAN_POINT('',(-33.99490633606,-7.,-63.89978834986));
#5308 = SURFACE_CURVE('',#5309,(#5313,#5320),.PCURVE_S1.);
#5309 = LINE('',#5310,#5311);
#5310 = CARTESIAN_POINT('',(-33.99490633606,-1.837311027246E-15,
    -63.89978834986));
#5311 = VECTOR('',#5312,1.);
#5312 = DIRECTION('',(-1.068589661202E-15,-1.,-1.350353328551E-31));
#5313 = PCURVE('',#5246,#5314);
#5314 = DEFINITIONAL_REPRESENTATION('',(#5315),#5319);
#5315 = LINE('',#5316,#5317);
#5316 = CARTESIAN_POINT('',(1.734723475977E-15,18.95123499632));
#5317 = VECTOR('',#5318,1.);
#5318 = DIRECTION('',(1.,0.));
#5319 = ( GEOMETRIC_REPRESENTATION_CONTEXT(2) 
PARAMETRIC_REPRESENTATION_CONTEXT() REPRESENTATION_CONTEXT('2D SPACE',''
  ) );
#5320 = PCURVE('',#5321,#5326);
#5321 = PLANE('',#5322);
#5322 = AXIS2_PLACEMENT_3D('',#5323,#5324,#5325);
#5323 = CARTESIAN_POINT('',(-33.99490633606,-1.837311027246E-15,
    -63.89978834986));
#5324 = DIRECTION('',(-1.263678077357E-16,2.850949024098E-47,1.));
#5325 = DIRECTION('',(1.,0.,1.263678077357E-16));
#5326 = DEFINITIONAL_REPRESENTATION('',(#5327),#5331);
#5327 = LINE('',#5328,#5329);
#5328 = CARTESIAN_POINT('',(0.,0.));
#5329 = VECTOR('',#5330,1.);
#5330 = DIRECTION('',(-1.068589661202E-15,-1.));
#5331 = ( GEOMETRIC_REPRESENTATION_CONTEXT(2) 
PARAMETRIC_REPRESENTATION_CONTEXT() REPRESENTATION_CONTEXT('2D SPACE',''
  ) );
#5332 = ORIENTED_EDGE('',*,*,#5333,.T.);
#5333 = EDGE_CURVE('',#5306,#5231,#5334,.T.);
#5334 = SURFACE_CURVE('',#5335,(#5339,#5346),.PCURVE_S1.);
#5335 = LINE('',#5336,#5337);
#5336 = CARTESIAN_POINT('',(-33.99490633606,-7.,-107.3510233461));
#5337 = VECTOR('',#5338,1.);
#5338 = DIRECTION('',(-1.263678077357E-16,0.,1.));
#5339 = PCURVE('',#5246,#5340);
#5340 = DEFINITIONAL_REPRESENTATION('',(#5341),#5345);
#5341 = LINE('',#5342,#5343);
#5342 = CARTESIAN_POINT('',(7.,-24.49999999992));
#5343 = VECTOR('',#5344,1.);
#5344 = DIRECTION('',(3.111320496571E-44,1.));
#5345 = ( GEOMETRIC_REPRESENTATION_CONTEXT(2) 
PARAMETRIC_REPRESENTATION_CONTEXT() REPRESENTATION_CONTEXT('2D SPACE',''
  ) );
#5346 = PCURVE('',#4280,#5347);
#5347 = DEFINITIONAL_REPRESENTATION('',(#5348),#5352);
#5348 = LINE('',#5349,#5350);
#5349 = CARTESIAN_POINT('',(4.,1.03473548219));
#5350 = VECTOR('',#5351,1.);
#5351 = DIRECTION('',(-1.,-1.263678077357E-16));
#5352 = ( GEOMETRIC_REPRESENTATION_CONTEXT(2) 
PARAMETRIC_REPRESENTATION_CONTEXT() REPRESENTATION_CONTEXT('2D SPACE',''
  ) );
#5353 = ORIENTED_EDGE('',*,*,#5230,.F.);
#5354 = ADVANCED_FACE('',(#5355),#5321,.F.);
#5355 = FACE_BOUND('',#5356,.T.);
#5356 = EDGE_LOOP('',(#5357,#5387,#5408,#5409));
#5357 = ORIENTED_EDGE('',*,*,#5358,.T.);
#5358 = EDGE_CURVE('',#5359,#5361,#5363,.T.);
#5359 = VERTEX_POINT('',#5360);
#5360 = CARTESIAN_POINT('',(-32.49490633606,7.,-63.89978834986));
#5361 = VERTEX_POINT('',#5362);
#5362 = CARTESIAN_POINT('',(-32.49490633606,-7.,-63.89978834986));
#5363 = SURFACE_CURVE('',#5364,(#5368,#5375),.PCURVE_S1.);
#5364 = LINE('',#5365,#5366);
#5365 = CARTESIAN_POINT('',(-32.49490633606,-3.440195519048E-15,
    -63.89978834986));
#5366 = VECTOR('',#5367,1.);
#5367 = DIRECTION('',(-1.068589661202E-15,-1.,-1.350353328551E-31));
#5368 = PCURVE('',#5321,#5369);
#5369 = DEFINITIONAL_REPRESENTATION('',(#5370),#5374);
#5370 = LINE('',#5371,#5372);
#5371 = CARTESIAN_POINT('',(1.5,-1.602884491802E-15));
#5372 = VECTOR('',#5373,1.);
#5373 = DIRECTION('',(-1.068589661202E-15,-1.));
#5374 = ( GEOMETRIC_REPRESENTATION_CONTEXT(2) 
PARAMETRIC_REPRESENTATION_CONTEXT() REPRESENTATION_CONTEXT('2D SPACE',''
  ) );
#5375 = PCURVE('',#5376,#5381);
#5376 = PLANE('',#5377);
#5377 = AXIS2_PLACEMENT_3D('',#5378,#5379,#5380);
#5378 = CARTESIAN_POINT('',(-32.49490633606,6.010142463668,
    -103.3510233461));
#5379 = DIRECTION('',(-1.,1.068589661202E-15,-1.263678077357E-16));
#5380 = DIRECTION('',(-1.068589661202E-15,-1.,0.));
#5381 = DEFINITIONAL_REPRESENTATION('',(#5382),#5386);
#5382 = LINE('',#5383,#5384);
#5383 = CARTESIAN_POINT('',(6.010142463668,39.45123499624));
#5384 = VECTOR('',#5385,1.);
#5385 = DIRECTION('',(1.,-1.350353328551E-31));
#5386 = ( GEOMETRIC_REPRESENTATION_CONTEXT(2) 
PARAMETRIC_REPRESENTATION_CONTEXT() REPRESENTATION_CONTEXT('2D SPACE',''
  ) );
#5387 = ORIENTED_EDGE('',*,*,#5388,.F.);
#5388 = EDGE_CURVE('',#5306,#5361,#5389,.T.);
#5389 = SURFACE_CURVE('',#5390,(#5394,#5401),.PCURVE_S1.);
#5390 = LINE('',#5391,#5392);
#5391 = CARTESIAN_POINT('',(-33.99490633606,-7.,-63.89978834986));
#5392 = VECTOR('',#5393,1.);
#5393 = DIRECTION('',(1.,-1.068589661202E-15,1.263678077357E-16));
#5394 = PCURVE('',#5321,#5395);
#5395 = DEFINITIONAL_REPRESENTATION('',(#5396),#5400);
#5396 = LINE('',#5397,#5398);
#5397 = CARTESIAN_POINT('',(0.,-7.));
#5398 = VECTOR('',#5399,1.);
#5399 = DIRECTION('',(1.,-1.068589661202E-15));
#5400 = ( GEOMETRIC_REPRESENTATION_CONTEXT(2) 
PARAMETRIC_REPRESENTATION_CONTEXT() REPRESENTATION_CONTEXT('2D SPACE',''
  ) );
#5401 = PCURVE('',#4280,#5402);
#5402 = DEFINITIONAL_REPRESENTATION('',(#5403),#5407);
#5403 = LINE('',#5404,#5405);
#5404 = CARTESIAN_POINT('',(-39.45123499624,1.03473548219));
#5405 = VECTOR('',#5406,1.);
#5406 = DIRECTION('',(-1.263678077357E-16,1.));
#5407 = ( GEOMETRIC_REPRESENTATION_CONTEXT(2) 
PARAMETRIC_REPRESENTATION_CONTEXT() REPRESENTATION_CONTEXT('2D SPACE',''
  ) );
#5408 = ORIENTED_EDGE('',*,*,#5305,.F.);
#5409 = ORIENTED_EDGE('',*,*,#5410,.T.);
#5410 = EDGE_CURVE('',#5283,#5359,#5411,.T.);
#5411 = SURFACE_CURVE('',#5412,(#5416,#5423),.PCURVE_S1.);
#5412 = LINE('',#5413,#5414);
#5413 = CARTESIAN_POINT('',(-33.99490633606,7.,-63.89978834986));
#5414 = VECTOR('',#5415,1.);
#5415 = DIRECTION('',(1.,-1.068589661202E-15,1.263678077357E-16));
#5416 = PCURVE('',#5321,#5417);
#5417 = DEFINITIONAL_REPRESENTATION('',(#5418),#5422);
#5418 = LINE('',#5419,#5420);
#5419 = CARTESIAN_POINT('',(0.,7.));
#5420 = VECTOR('',#5421,1.);
#5421 = DIRECTION('',(1.,-1.068589661202E-15));
#5422 = ( GEOMETRIC_REPRESENTATION_CONTEXT(2) 
PARAMETRIC_REPRESENTATION_CONTEXT() REPRESENTATION_CONTEXT('2D SPACE',''
  ) );
#5423 = PCURVE('',#4336,#5424);
#5424 = DEFINITIONAL_REPRESENTATION('',(#5425),#5429);
#5425 = LINE('',#5426,#5427);
#5426 = CARTESIAN_POINT('',(-39.45123499624,1.03473548219));
#5427 = VECTOR('',#5428,1.);
#5428 = DIRECTION('',(-1.263678077357E-16,1.));
#5429 = ( GEOMETRIC_REPRESENTATION_CONTEXT(2) 
PARAMETRIC_REPRESENTATION_CONTEXT() REPRESENTATION_CONTEXT('2D SPACE',''
  ) );
#5430 = ADVANCED_FACE('',(#5431),#5376,.T.);
#5431 = FACE_BOUND('',#5432,.T.);
#5432 = EDGE_LOOP('',(#5433,#5434,#5457,#5485));
#5433 = ORIENTED_EDGE('',*,*,#5358,.F.);
#5434 = ORIENTED_EDGE('',*,*,#5435,.F.);
#5435 = EDGE_CURVE('',#5436,#5359,#5438,.T.);
#5436 = VERTEX_POINT('',#5437);
#5437 = CARTESIAN_POINT('',(-32.49490633606,7.,-65.89978834986));
#5438 = SURFACE_CURVE('',#5439,(#5443,#5450),.PCURVE_S1.);
#5439 = LINE('',#5440,#5441);
#5440 = CARTESIAN_POINT('',(-32.49490633606,7.,-103.3510233461));
#5441 = VECTOR('',#5442,1.);
#5442 = DIRECTION('',(-1.263678077357E-16,0.,1.));
#5443 = PCURVE('',#5376,#5444);
#5444 = DEFINITIONAL_REPRESENTATION('',(#5445),#5449);
#5445 = LINE('',#5446,#5447);
#5446 = CARTESIAN_POINT('',(-0.989857536332,1.336657418978E-31));
#5447 = VECTOR('',#5448,1.);
#5448 = DIRECTION('',(1.350353328551E-31,1.));
#5449 = ( GEOMETRIC_REPRESENTATION_CONTEXT(2) 
PARAMETRIC_REPRESENTATION_CONTEXT() REPRESENTATION_CONTEXT('2D SPACE',''
  ) );
#5450 = PCURVE('',#4336,#5451);
#5451 = DEFINITIONAL_REPRESENTATION('',(#5452),#5456);
#5452 = LINE('',#5453,#5454);
#5453 = CARTESIAN_POINT('',(0.,2.53473548219));
#5454 = VECTOR('',#5455,1.);
#5455 = DIRECTION('',(-1.,-1.263678077357E-16));
#5456 = ( GEOMETRIC_REPRESENTATION_CONTEXT(2) 
PARAMETRIC_REPRESENTATION_CONTEXT() REPRESENTATION_CONTEXT('2D SPACE',''
  ) );
#5457 = ORIENTED_EDGE('',*,*,#5458,.T.);
#5458 = EDGE_CURVE('',#5436,#5459,#5461,.T.);
#5459 = VERTEX_POINT('',#5460);
#5460 = CARTESIAN_POINT('',(-32.49490633606,-7.,-65.89978834986));
#5461 = SURFACE_CURVE('',#5462,(#5466,#5473),.PCURVE_S1.);
#5462 = LINE('',#5463,#5464);
#5463 = CARTESIAN_POINT('',(-32.49490633606,-0.185883836821,
    -65.89978834986));
#5464 = VECTOR('',#5465,1.);
#5465 = DIRECTION('',(-1.068589661202E-15,-1.,-1.350353328551E-31));
#5466 = PCURVE('',#5376,#5467);
#5467 = DEFINITIONAL_REPRESENTATION('',(#5468),#5472);
#5468 = LINE('',#5469,#5470);
#5469 = CARTESIAN_POINT('',(6.196026300489,37.45123499624));
#5470 = VECTOR('',#5471,1.);
#5471 = DIRECTION('',(1.,-1.350353328551E-31));
#5472 = ( GEOMETRIC_REPRESENTATION_CONTEXT(2) 
PARAMETRIC_REPRESENTATION_CONTEXT() REPRESENTATION_CONTEXT('2D SPACE',''
  ) );
#5473 = PCURVE('',#5474,#5479);
#5474 = PLANE('',#5475);
#5475 = AXIS2_PLACEMENT_3D('',#5476,#5477,#5478);
#5476 = CARTESIAN_POINT('',(-33.99490633606,-0.185883836821,
    -65.89978834986));
#5477 = DIRECTION('',(-1.263678077357E-16,2.850949024098E-47,1.));
#5478 = DIRECTION('',(1.,0.,1.263678077357E-16));
#5479 = DEFINITIONAL_REPRESENTATION('',(#5480),#5484);
#5480 = LINE('',#5481,#5482);
#5481 = CARTESIAN_POINT('',(1.5,5.404022672122E-63));
#5482 = VECTOR('',#5483,1.);
#5483 = DIRECTION('',(-1.068589661202E-15,-1.));
#5484 = ( GEOMETRIC_REPRESENTATION_CONTEXT(2) 
PARAMETRIC_REPRESENTATION_CONTEXT() REPRESENTATION_CONTEXT('2D SPACE',''
  ) );
#5485 = ORIENTED_EDGE('',*,*,#5486,.T.);
#5486 = EDGE_CURVE('',#5459,#5361,#5487,.T.);
#5487 = SURFACE_CURVE('',#5488,(#5492,#5499),.PCURVE_S1.);
#5488 = LINE('',#5489,#5490);
#5489 = CARTESIAN_POINT('',(-32.49490633606,-7.,-103.3510233461));
#5490 = VECTOR('',#5491,1.);
#5491 = DIRECTION('',(-1.263678077357E-16,0.,1.));
#5492 = PCURVE('',#5376,#5493);
#5493 = DEFINITIONAL_REPRESENTATION('',(#5494),#5498);
#5494 = LINE('',#5495,#5496);
#5495 = CARTESIAN_POINT('',(13.010142463668,3.896563833653E-32));
#5496 = VECTOR('',#5497,1.);
#5497 = DIRECTION('',(1.350353328551E-31,1.));
#5498 = ( GEOMETRIC_REPRESENTATION_CONTEXT(2) 
PARAMETRIC_REPRESENTATION_CONTEXT() REPRESENTATION_CONTEXT('2D SPACE',''
  ) );
#5499 = PCURVE('',#4280,#5500);
#5500 = DEFINITIONAL_REPRESENTATION('',(#5501),#5505);
#5501 = LINE('',#5502,#5503);
#5502 = CARTESIAN_POINT('',(0.,2.53473548219));
#5503 = VECTOR('',#5504,1.);
#5504 = DIRECTION('',(-1.,-1.263678077357E-16));
#5505 = ( GEOMETRIC_REPRESENTATION_CONTEXT(2) 
PARAMETRIC_REPRESENTATION_CONTEXT() REPRESENTATION_CONTEXT('2D SPACE',''
  ) );
#5506 = ADVANCED_FACE('',(#5507),#5474,.T.);
#5507 = FACE_BOUND('',#5508,.T.);
#5508 = EDGE_LOOP('',(#5509,#5510,#5533,#5561));
#5509 = ORIENTED_EDGE('',*,*,#5458,.F.);
#5510 = ORIENTED_EDGE('',*,*,#5511,.F.);
#5511 = EDGE_CURVE('',#5512,#5436,#5514,.T.);
#5512 = VERTEX_POINT('',#5513);
#5513 = CARTESIAN_POINT('',(-33.99490633606,7.,-65.89978834986));
#5514 = SURFACE_CURVE('',#5515,(#5519,#5526),.PCURVE_S1.);
#5515 = LINE('',#5516,#5517);
#5516 = CARTESIAN_POINT('',(-33.99490633606,7.,-65.89978834986));
#5517 = VECTOR('',#5518,1.);
#5518 = DIRECTION('',(1.,-1.068589661202E-15,1.263678077357E-16));
#5519 = PCURVE('',#5474,#5520);
#5520 = DEFINITIONAL_REPRESENTATION('',(#5521),#5525);
#5521 = LINE('',#5522,#5523);
#5522 = CARTESIAN_POINT('',(0.,7.185883836821));
#5523 = VECTOR('',#5524,1.);
#5524 = DIRECTION('',(1.,-1.068589661202E-15));
#5525 = ( GEOMETRIC_REPRESENTATION_CONTEXT(2) 
PARAMETRIC_REPRESENTATION_CONTEXT() REPRESENTATION_CONTEXT('2D SPACE',''
  ) );
#5526 = PCURVE('',#4336,#5527);
#5527 = DEFINITIONAL_REPRESENTATION('',(#5528),#5532);
#5528 = LINE('',#5529,#5530);
#5529 = CARTESIAN_POINT('',(-37.45123499624,1.03473548219));
#5530 = VECTOR('',#5531,1.);
#5531 = DIRECTION('',(-1.263678077357E-16,1.));
#5532 = ( GEOMETRIC_REPRESENTATION_CONTEXT(2) 
PARAMETRIC_REPRESENTATION_CONTEXT() REPRESENTATION_CONTEXT('2D SPACE',''
  ) );
#5533 = ORIENTED_EDGE('',*,*,#5534,.T.);
#5534 = EDGE_CURVE('',#5512,#5535,#5537,.T.);
#5535 = VERTEX_POINT('',#5536);
#5536 = CARTESIAN_POINT('',(-33.99490633606,-7.,-65.89978834986));
#5537 = SURFACE_CURVE('',#5538,(#5542,#5549),.PCURVE_S1.);
#5538 = LINE('',#5539,#5540);
#5539 = CARTESIAN_POINT('',(-33.99490633606,-0.185883836821,
    -65.89978834986));
#5540 = VECTOR('',#5541,1.);
#5541 = DIRECTION('',(-1.068589661202E-15,-1.,-1.350353328551E-31));
#5542 = PCURVE('',#5474,#5543);
#5543 = DEFINITIONAL_REPRESENTATION('',(#5544),#5548);
#5544 = LINE('',#5545,#5546);
#5545 = CARTESIAN_POINT('',(0.,0.));
#5546 = VECTOR('',#5547,1.);
#5547 = DIRECTION('',(-1.068589661202E-15,-1.));
#5548 = ( GEOMETRIC_REPRESENTATION_CONTEXT(2) 
PARAMETRIC_REPRESENTATION_CONTEXT() REPRESENTATION_CONTEXT('2D SPACE',''
  ) );
#5549 = PCURVE('',#5550,#5555);
#5550 = PLANE('',#5551);
#5551 = AXIS2_PLACEMENT_3D('',#5552,#5553,#5554);
#5552 = CARTESIAN_POINT('',(-33.99490633606,-1.025875512689E-16,
    -86.85102334618));
#5553 = DIRECTION('',(-1.,1.068589661202E-15,-1.263678077357E-16));
#5554 = DIRECTION('',(-1.068589661202E-15,-1.,-1.350353328551E-31));
#5555 = DEFINITIONAL_REPRESENTATION('',(#5556),#5560);
#5556 = LINE('',#5557,#5558);
#5557 = CARTESIAN_POINT('',(0.185883836821,20.95123499632));
#5558 = VECTOR('',#5559,1.);
#5559 = DIRECTION('',(1.,0.));
#5560 = ( GEOMETRIC_REPRESENTATION_CONTEXT(2) 
PARAMETRIC_REPRESENTATION_CONTEXT() REPRESENTATION_CONTEXT('2D SPACE',''
  ) );
#5561 = ORIENTED_EDGE('',*,*,#5562,.T.);
#5562 = EDGE_CURVE('',#5535,#5459,#5563,.T.);
#5563 = SURFACE_CURVE('',#5564,(#5568,#5575),.PCURVE_S1.);
#5564 = LINE('',#5565,#5566);
#5565 = CARTESIAN_POINT('',(-33.99490633606,-7.,-65.89978834986));
#5566 = VECTOR('',#5567,1.);
#5567 = DIRECTION('',(1.,-1.068589661202E-15,1.263678077357E-16));
#5568 = PCURVE('',#5474,#5569);
#5569 = DEFINITIONAL_REPRESENTATION('',(#5570),#5574);
#5570 = LINE('',#5571,#5572);
#5571 = CARTESIAN_POINT('',(0.,-6.814116163179));
#5572 = VECTOR('',#5573,1.);
#5573 = DIRECTION('',(1.,-1.068589661202E-15));
#5574 = ( GEOMETRIC_REPRESENTATION_CONTEXT(2) 
PARAMETRIC_REPRESENTATION_CONTEXT() REPRESENTATION_CONTEXT('2D SPACE',''
  ) );
#5575 = PCURVE('',#4280,#5576);
#5576 = DEFINITIONAL_REPRESENTATION('',(#5577),#5581);
#5577 = LINE('',#5578,#5579);
#5578 = CARTESIAN_POINT('',(-37.45123499624,1.03473548219));
#5579 = VECTOR('',#5580,1.);
#5580 = DIRECTION('',(-1.263678077357E-16,1.));
#5581 = ( GEOMETRIC_REPRESENTATION_CONTEXT(2) 
PARAMETRIC_REPRESENTATION_CONTEXT() REPRESENTATION_CONTEXT('2D SPACE',''
  ) );
#5582 = ADVANCED_FACE('',(#5583),#5550,.T.);
#5583 = FACE_BOUND('',#5584,.T.);
#5584 = EDGE_LOOP('',(#5585,#5608,#5636,#5657));
#5585 = ORIENTED_EDGE('',*,*,#5586,.F.);
#5586 = EDGE_CURVE('',#5587,#5512,#5589,.T.);
#5587 = VERTEX_POINT('',#5588);
#5588 = CARTESIAN_POINT('',(-33.99490633606,7.,-67.89978834986));
#5589 = SURFACE_CURVE('',#5590,(#5594,#5601),.PCURVE_S1.);
#5590 = LINE('',#5591,#5592);
#5591 = CARTESIAN_POINT('',(-33.99490633606,7.,-111.3510233461));
#5592 = VECTOR('',#5593,1.);
#5593 = DIRECTION('',(-1.263678077357E-16,0.,1.));
#5594 = PCURVE('',#5550,#5595);
#5595 = DEFINITIONAL_REPRESENTATION('',(#5596),#5600);
#5596 = LINE('',#5597,#5598);
#5597 = CARTESIAN_POINT('',(-7.,-24.49999999992));
#5598 = VECTOR('',#5599,1.);
#5599 = DIRECTION('',(3.111320496571E-44,1.));
#5600 = ( GEOMETRIC_REPRESENTATION_CONTEXT(2) 
PARAMETRIC_REPRESENTATION_CONTEXT() REPRESENTATION_CONTEXT('2D SPACE',''
  ) );
#5601 = PCURVE('',#4336,#5602);
#5602 = DEFINITIONAL_REPRESENTATION('',(#5603),#5607);
#5603 = LINE('',#5604,#5605);
#5604 = CARTESIAN_POINT('',(8.,1.03473548219));
#5605 = VECTOR('',#5606,1.);
#5606 = DIRECTION('',(-1.,-1.263678077357E-16));
#5607 = ( GEOMETRIC_REPRESENTATION_CONTEXT(2) 
PARAMETRIC_REPRESENTATION_CONTEXT() REPRESENTATION_CONTEXT('2D SPACE',''
  ) );
#5608 = ORIENTED_EDGE('',*,*,#5609,.T.);
#5609 = EDGE_CURVE('',#5587,#5610,#5612,.T.);
#5610 = VERTEX_POINT('',#5611);
#5611 = CARTESIAN_POINT('',(-33.99490633606,-7.,-67.89978834986));
#5612 = SURFACE_CURVE('',#5613,(#5617,#5624),.PCURVE_S1.);
#5613 = LINE('',#5614,#5615);
#5614 = CARTESIAN_POINT('',(-33.99490633606,-1.837311027246E-15,
    -67.89978834986));
#5615 = VECTOR('',#5616,1.);
#5616 = DIRECTION('',(-1.068589661202E-15,-1.,-1.350353328551E-31));
#5617 = PCURVE('',#5550,#5618);
#5618 = DEFINITIONAL_REPRESENTATION('',(#5619),#5623);
#5619 = LINE('',#5620,#5621);
#5620 = CARTESIAN_POINT('',(1.734723475977E-15,18.95123499632));
#5621 = VECTOR('',#5622,1.);
#5622 = DIRECTION('',(1.,0.));
#5623 = ( GEOMETRIC_REPRESENTATION_CONTEXT(2) 
PARAMETRIC_REPRESENTATION_CONTEXT() REPRESENTATION_CONTEXT('2D SPACE',''
  ) );
#5624 = PCURVE('',#5625,#5630);
#5625 = PLANE('',#5626);
#5626 = AXIS2_PLACEMENT_3D('',#5627,#5628,#5629);
#5627 = CARTESIAN_POINT('',(-33.99490633606,-1.837311027246E-15,
    -67.89978834986));
#5628 = DIRECTION('',(-1.263678077357E-16,2.850949024098E-47,1.));
#5629 = DIRECTION('',(1.,0.,1.263678077357E-16));
#5630 = DEFINITIONAL_REPRESENTATION('',(#5631),#5635);
#5631 = LINE('',#5632,#5633);
#5632 = CARTESIAN_POINT('',(0.,0.));
#5633 = VECTOR('',#5634,1.);
#5634 = DIRECTION('',(-1.068589661202E-15,-1.));
#5635 = ( GEOMETRIC_REPRESENTATION_CONTEXT(2) 
PARAMETRIC_REPRESENTATION_CONTEXT() REPRESENTATION_CONTEXT('2D SPACE',''
  ) );
#5636 = ORIENTED_EDGE('',*,*,#5637,.T.);
#5637 = EDGE_CURVE('',#5610,#5535,#5638,.T.);
#5638 = SURFACE_CURVE('',#5639,(#5643,#5650),.PCURVE_S1.);
#5639 = LINE('',#5640,#5641);
#5640 = CARTESIAN_POINT('',(-33.99490633606,-7.,-111.3510233461));
#5641 = VECTOR('',#5642,1.);
#5642 = DIRECTION('',(-1.263678077357E-16,0.,1.));
#5643 = PCURVE('',#5550,#5644);
#5644 = DEFINITIONAL_REPRESENTATION('',(#5645),#5649);
#5645 = LINE('',#5646,#5647);
#5646 = CARTESIAN_POINT('',(7.,-24.49999999992));
#5647 = VECTOR('',#5648,1.);
#5648 = DIRECTION('',(3.111320496571E-44,1.));
#5649 = ( GEOMETRIC_REPRESENTATION_CONTEXT(2) 
PARAMETRIC_REPRESENTATION_CONTEXT() REPRESENTATION_CONTEXT('2D SPACE',''
  ) );
#5650 = PCURVE('',#4280,#5651);
#5651 = DEFINITIONAL_REPRESENTATION('',(#5652),#5656);
#5652 = LINE('',#5653,#5654);
#5653 = CARTESIAN_POINT('',(8.,1.03473548219));
#5654 = VECTOR('',#5655,1.);
#5655 = DIRECTION('',(-1.,-1.263678077357E-16));
#5656 = ( GEOMETRIC_REPRESENTATION_CONTEXT(2) 
PARAMETRIC_REPRESENTATION_CONTEXT() REPRESENTATION_CONTEXT('2D SPACE',''
  ) );
#5657 = ORIENTED_EDGE('',*,*,#5534,.F.);
#5658 = ADVANCED_FACE('',(#5659),#5625,.F.);
#5659 = FACE_BOUND('',#5660,.T.);
#5660 = EDGE_LOOP('',(#5661,#5691,#5712,#5713));
#5661 = ORIENTED_EDGE('',*,*,#5662,.T.);
#5662 = EDGE_CURVE('',#5663,#5665,#5667,.T.);
#5663 = VERTEX_POINT('',#5664);
#5664 = CARTESIAN_POINT('',(-32.49490633606,7.,-67.89978834986));
#5665 = VERTEX_POINT('',#5666);
#5666 = CARTESIAN_POINT('',(-32.49490633606,-7.,-67.89978834986));
#5667 = SURFACE_CURVE('',#5668,(#5672,#5679),.PCURVE_S1.);
#5668 = LINE('',#5669,#5670);
#5669 = CARTESIAN_POINT('',(-32.49490633606,-3.440195519048E-15,
    -67.89978834986));
#5670 = VECTOR('',#5671,1.);
#5671 = DIRECTION('',(-1.068589661202E-15,-1.,-1.350353328551E-31));
#5672 = PCURVE('',#5625,#5673);
#5673 = DEFINITIONAL_REPRESENTATION('',(#5674),#5678);
#5674 = LINE('',#5675,#5676);
#5675 = CARTESIAN_POINT('',(1.5,-1.602884491802E-15));
#5676 = VECTOR('',#5677,1.);
#5677 = DIRECTION('',(-1.068589661202E-15,-1.));
#5678 = ( GEOMETRIC_REPRESENTATION_CONTEXT(2) 
PARAMETRIC_REPRESENTATION_CONTEXT() REPRESENTATION_CONTEXT('2D SPACE',''
  ) );
#5679 = PCURVE('',#5680,#5685);
#5680 = PLANE('',#5681);
#5681 = AXIS2_PLACEMENT_3D('',#5682,#5683,#5684);
#5682 = CARTESIAN_POINT('',(-32.49490633606,6.010142463668,
    -103.3510233461));
#5683 = DIRECTION('',(-1.,1.068589661202E-15,-1.263678077357E-16));
#5684 = DIRECTION('',(-1.068589661202E-15,-1.,0.));
#5685 = DEFINITIONAL_REPRESENTATION('',(#5686),#5690);
#5686 = LINE('',#5687,#5688);
#5687 = CARTESIAN_POINT('',(6.010142463668,35.45123499624));
#5688 = VECTOR('',#5689,1.);
#5689 = DIRECTION('',(1.,-1.350353328551E-31));
#5690 = ( GEOMETRIC_REPRESENTATION_CONTEXT(2) 
PARAMETRIC_REPRESENTATION_CONTEXT() REPRESENTATION_CONTEXT('2D SPACE',''
  ) );
#5691 = ORIENTED_EDGE('',*,*,#5692,.F.);
#5692 = EDGE_CURVE('',#5610,#5665,#5693,.T.);
#5693 = SURFACE_CURVE('',#5694,(#5698,#5705),.PCURVE_S1.);
#5694 = LINE('',#5695,#5696);
#5695 = CARTESIAN_POINT('',(-33.99490633606,-7.,-67.89978834986));
#5696 = VECTOR('',#5697,1.);
#5697 = DIRECTION('',(1.,-1.068589661202E-15,1.263678077357E-16));
#5698 = PCURVE('',#5625,#5699);
#5699 = DEFINITIONAL_REPRESENTATION('',(#5700),#5704);
#5700 = LINE('',#5701,#5702);
#5701 = CARTESIAN_POINT('',(0.,-7.));
#5702 = VECTOR('',#5703,1.);
#5703 = DIRECTION('',(1.,-1.068589661202E-15));
#5704 = ( GEOMETRIC_REPRESENTATION_CONTEXT(2) 
PARAMETRIC_REPRESENTATION_CONTEXT() REPRESENTATION_CONTEXT('2D SPACE',''
  ) );
#5705 = PCURVE('',#4280,#5706);
#5706 = DEFINITIONAL_REPRESENTATION('',(#5707),#5711);
#5707 = LINE('',#5708,#5709);
#5708 = CARTESIAN_POINT('',(-35.45123499624,1.03473548219));
#5709 = VECTOR('',#5710,1.);
#5710 = DIRECTION('',(-1.263678077357E-16,1.));
#5711 = ( GEOMETRIC_REPRESENTATION_CONTEXT(2) 
PARAMETRIC_REPRESENTATION_CONTEXT() REPRESENTATION_CONTEXT('2D SPACE',''
  ) );
#5712 = ORIENTED_EDGE('',*,*,#5609,.F.);
#5713 = ORIENTED_EDGE('',*,*,#5714,.T.);
#5714 = EDGE_CURVE('',#5587,#5663,#5715,.T.);
#5715 = SURFACE_CURVE('',#5716,(#5720,#5727),.PCURVE_S1.);
#5716 = LINE('',#5717,#5718);
#5717 = CARTESIAN_POINT('',(-33.99490633606,7.,-67.89978834986));
#5718 = VECTOR('',#5719,1.);
#5719 = DIRECTION('',(1.,-1.068589661202E-15,1.263678077357E-16));
#5720 = PCURVE('',#5625,#5721);
#5721 = DEFINITIONAL_REPRESENTATION('',(#5722),#5726);
#5722 = LINE('',#5723,#5724);
#5723 = CARTESIAN_POINT('',(0.,7.));
#5724 = VECTOR('',#5725,1.);
#5725 = DIRECTION('',(1.,-1.068589661202E-15));
#5726 = ( GEOMETRIC_REPRESENTATION_CONTEXT(2) 
PARAMETRIC_REPRESENTATION_CONTEXT() REPRESENTATION_CONTEXT('2D SPACE',''
  ) );
#5727 = PCURVE('',#4336,#5728);
#5728 = DEFINITIONAL_REPRESENTATION('',(#5729),#5733);
#5729 = LINE('',#5730,#5731);
#5730 = CARTESIAN_POINT('',(-35.45123499624,1.03473548219));
#5731 = VECTOR('',#5732,1.);
#5732 = DIRECTION('',(-1.263678077357E-16,1.));
#5733 = ( GEOMETRIC_REPRESENTATION_CONTEXT(2) 
PARAMETRIC_REPRESENTATION_CONTEXT() REPRESENTATION_CONTEXT('2D SPACE',''
  ) );
#5734 = ADVANCED_FACE('',(#5735),#5680,.T.);
#5735 = FACE_BOUND('',#5736,.T.);
#5736 = EDGE_LOOP('',(#5737,#5760,#5788,#5809));
#5737 = ORIENTED_EDGE('',*,*,#5738,.F.);
#5738 = EDGE_CURVE('',#5739,#5663,#5741,.T.);
#5739 = VERTEX_POINT('',#5740);
#5740 = CARTESIAN_POINT('',(-32.49490633606,7.,-69.89978834986));
#5741 = SURFACE_CURVE('',#5742,(#5746,#5753),.PCURVE_S1.);
#5742 = LINE('',#5743,#5744);
#5743 = CARTESIAN_POINT('',(-32.49490633606,7.,-103.3510233461));
#5744 = VECTOR('',#5745,1.);
#5745 = DIRECTION('',(-1.263678077357E-16,0.,1.));
#5746 = PCURVE('',#5680,#5747);
#5747 = DEFINITIONAL_REPRESENTATION('',(#5748),#5752);
#5748 = LINE('',#5749,#5750);
#5749 = CARTESIAN_POINT('',(-0.989857536332,1.336657418978E-31));
#5750 = VECTOR('',#5751,1.);
#5751 = DIRECTION('',(1.350353328551E-31,1.));
#5752 = ( GEOMETRIC_REPRESENTATION_CONTEXT(2) 
PARAMETRIC_REPRESENTATION_CONTEXT() REPRESENTATION_CONTEXT('2D SPACE',''
  ) );
#5753 = PCURVE('',#4336,#5754);
#5754 = DEFINITIONAL_REPRESENTATION('',(#5755),#5759);
#5755 = LINE('',#5756,#5757);
#5756 = CARTESIAN_POINT('',(0.,2.53473548219));
#5757 = VECTOR('',#5758,1.);
#5758 = DIRECTION('',(-1.,-1.263678077357E-16));
#5759 = ( GEOMETRIC_REPRESENTATION_CONTEXT(2) 
PARAMETRIC_REPRESENTATION_CONTEXT() REPRESENTATION_CONTEXT('2D SPACE',''
  ) );
#5760 = ORIENTED_EDGE('',*,*,#5761,.T.);
#5761 = EDGE_CURVE('',#5739,#5762,#5764,.T.);
#5762 = VERTEX_POINT('',#5763);
#5763 = CARTESIAN_POINT('',(-32.49490633606,-7.,-69.89978834986));
#5764 = SURFACE_CURVE('',#5765,(#5769,#5776),.PCURVE_S1.);
#5765 = LINE('',#5766,#5767);
#5766 = CARTESIAN_POINT('',(-32.49490633606,-0.185883836821,
    -69.89978834986));
#5767 = VECTOR('',#5768,1.);
#5768 = DIRECTION('',(-1.068589661202E-15,-1.,-1.350353328551E-31));
#5769 = PCURVE('',#5680,#5770);
#5770 = DEFINITIONAL_REPRESENTATION('',(#5771),#5775);
#5771 = LINE('',#5772,#5773);
#5772 = CARTESIAN_POINT('',(6.196026300489,33.45123499624));
#5773 = VECTOR('',#5774,1.);
#5774 = DIRECTION('',(1.,-1.350353328551E-31));
#5775 = ( GEOMETRIC_REPRESENTATION_CONTEXT(2) 
PARAMETRIC_REPRESENTATION_CONTEXT() REPRESENTATION_CONTEXT('2D SPACE',''
  ) );
#5776 = PCURVE('',#5777,#5782);
#5777 = PLANE('',#5778);
#5778 = AXIS2_PLACEMENT_3D('',#5779,#5780,#5781);
#5779 = CARTESIAN_POINT('',(-33.99490633606,-0.185883836821,
    -69.89978834986));
#5780 = DIRECTION('',(-1.263678077357E-16,2.850949024098E-47,1.));
#5781 = DIRECTION('',(1.,0.,1.263678077357E-16));
#5782 = DEFINITIONAL_REPRESENTATION('',(#5783),#5787);
#5783 = LINE('',#5784,#5785);
#5784 = CARTESIAN_POINT('',(1.5,5.404022672122E-63));
#5785 = VECTOR('',#5786,1.);
#5786 = DIRECTION('',(-1.068589661202E-15,-1.));
#5787 = ( GEOMETRIC_REPRESENTATION_CONTEXT(2) 
PARAMETRIC_REPRESENTATION_CONTEXT() REPRESENTATION_CONTEXT('2D SPACE',''
  ) );
#5788 = ORIENTED_EDGE('',*,*,#5789,.T.);
#5789 = EDGE_CURVE('',#5762,#5665,#5790,.T.);
#5790 = SURFACE_CURVE('',#5791,(#5795,#5802),.PCURVE_S1.);
#5791 = LINE('',#5792,#5793);
#5792 = CARTESIAN_POINT('',(-32.49490633606,-7.,-103.3510233461));
#5793 = VECTOR('',#5794,1.);
#5794 = DIRECTION('',(-1.263678077357E-16,0.,1.));
#5795 = PCURVE('',#5680,#5796);
#5796 = DEFINITIONAL_REPRESENTATION('',(#5797),#5801);
#5797 = LINE('',#5798,#5799);
#5798 = CARTESIAN_POINT('',(13.010142463668,3.896563833653E-32));
#5799 = VECTOR('',#5800,1.);
#5800 = DIRECTION('',(1.350353328551E-31,1.));
#5801 = ( GEOMETRIC_REPRESENTATION_CONTEXT(2) 
PARAMETRIC_REPRESENTATION_CONTEXT() REPRESENTATION_CONTEXT('2D SPACE',''
  ) );
#5802 = PCURVE('',#4280,#5803);
#5803 = DEFINITIONAL_REPRESENTATION('',(#5804),#5808);
#5804 = LINE('',#5805,#5806);
#5805 = CARTESIAN_POINT('',(0.,2.53473548219));
#5806 = VECTOR('',#5807,1.);
#5807 = DIRECTION('',(-1.,-1.263678077357E-16));
#5808 = ( GEOMETRIC_REPRESENTATION_CONTEXT(2) 
PARAMETRIC_REPRESENTATION_CONTEXT() REPRESENTATION_CONTEXT('2D SPACE',''
  ) );
#5809 = ORIENTED_EDGE('',*,*,#5662,.F.);
#5810 = ADVANCED_FACE('',(#5811),#5777,.T.);
#5811 = FACE_BOUND('',#5812,.T.);
#5812 = EDGE_LOOP('',(#5813,#5814,#5837,#5865));
#5813 = ORIENTED_EDGE('',*,*,#5761,.F.);
#5814 = ORIENTED_EDGE('',*,*,#5815,.F.);
#5815 = EDGE_CURVE('',#5816,#5739,#5818,.T.);
#5816 = VERTEX_POINT('',#5817);
#5817 = CARTESIAN_POINT('',(-33.99490633606,7.,-69.89978834986));
#5818 = SURFACE_CURVE('',#5819,(#5823,#5830),.PCURVE_S1.);
#5819 = LINE('',#5820,#5821);
#5820 = CARTESIAN_POINT('',(-33.99490633606,7.,-69.89978834986));
#5821 = VECTOR('',#5822,1.);
#5822 = DIRECTION('',(1.,-1.068589661202E-15,1.263678077357E-16));
#5823 = PCURVE('',#5777,#5824);
#5824 = DEFINITIONAL_REPRESENTATION('',(#5825),#5829);
#5825 = LINE('',#5826,#5827);
#5826 = CARTESIAN_POINT('',(0.,7.185883836821));
#5827 = VECTOR('',#5828,1.);
#5828 = DIRECTION('',(1.,-1.068589661202E-15));
#5829 = ( GEOMETRIC_REPRESENTATION_CONTEXT(2) 
PARAMETRIC_REPRESENTATION_CONTEXT() REPRESENTATION_CONTEXT('2D SPACE',''
  ) );
#5830 = PCURVE('',#4336,#5831);
#5831 = DEFINITIONAL_REPRESENTATION('',(#5832),#5836);
#5832 = LINE('',#5833,#5834);
#5833 = CARTESIAN_POINT('',(-33.45123499624,1.03473548219));
#5834 = VECTOR('',#5835,1.);
#5835 = DIRECTION('',(-1.263678077357E-16,1.));
#5836 = ( GEOMETRIC_REPRESENTATION_CONTEXT(2) 
PARAMETRIC_REPRESENTATION_CONTEXT() REPRESENTATION_CONTEXT('2D SPACE',''
  ) );
#5837 = ORIENTED_EDGE('',*,*,#5838,.T.);
#5838 = EDGE_CURVE('',#5816,#5839,#5841,.T.);
#5839 = VERTEX_POINT('',#5840);
#5840 = CARTESIAN_POINT('',(-33.99490633606,-7.,-69.89978834986));
#5841 = SURFACE_CURVE('',#5842,(#5846,#5853),.PCURVE_S1.);
#5842 = LINE('',#5843,#5844);
#5843 = CARTESIAN_POINT('',(-33.99490633606,-0.185883836821,
    -69.89978834986));
#5844 = VECTOR('',#5845,1.);
#5845 = DIRECTION('',(-1.068589661202E-15,-1.,-1.350353328551E-31));
#5846 = PCURVE('',#5777,#5847);
#5847 = DEFINITIONAL_REPRESENTATION('',(#5848),#5852);
#5848 = LINE('',#5849,#5850);
#5849 = CARTESIAN_POINT('',(0.,0.));
#5850 = VECTOR('',#5851,1.);
#5851 = DIRECTION('',(-1.068589661202E-15,-1.));
#5852 = ( GEOMETRIC_REPRESENTATION_CONTEXT(2) 
PARAMETRIC_REPRESENTATION_CONTEXT() REPRESENTATION_CONTEXT('2D SPACE',''
  ) );
#5853 = PCURVE('',#5854,#5859);
#5854 = PLANE('',#5855);
#5855 = AXIS2_PLACEMENT_3D('',#5856,#5857,#5858);
#5856 = CARTESIAN_POINT('',(-33.99490633606,-1.025875512689E-16,
    -90.85102334618));
#5857 = DIRECTION('',(-1.,1.068589661202E-15,-1.263678077357E-16));
#5858 = DIRECTION('',(-1.068589661202E-15,-1.,-1.350353328551E-31));
#5859 = DEFINITIONAL_REPRESENTATION('',(#5860),#5864);
#5860 = LINE('',#5861,#5862);
#5861 = CARTESIAN_POINT('',(0.185883836821,20.95123499632));
#5862 = VECTOR('',#5863,1.);
#5863 = DIRECTION('',(1.,0.));
#5864 = ( GEOMETRIC_REPRESENTATION_CONTEXT(2) 
PARAMETRIC_REPRESENTATION_CONTEXT() REPRESENTATION_CONTEXT('2D SPACE',''
  ) );
#5865 = ORIENTED_EDGE('',*,*,#5866,.T.);
#5866 = EDGE_CURVE('',#5839,#5762,#5867,.T.);
#5867 = SURFACE_CURVE('',#5868,(#5872,#5879),.PCURVE_S1.);
#5868 = LINE('',#5869,#5870);
#5869 = CARTESIAN_POINT('',(-33.99490633606,-7.,-69.89978834986));
#5870 = VECTOR('',#5871,1.);
#5871 = DIRECTION('',(1.,-1.068589661202E-15,1.263678077357E-16));
#5872 = PCURVE('',#5777,#5873);
#5873 = DEFINITIONAL_REPRESENTATION('',(#5874),#5878);
#5874 = LINE('',#5875,#5876);
#5875 = CARTESIAN_POINT('',(0.,-6.814116163179));
#5876 = VECTOR('',#5877,1.);
#5877 = DIRECTION('',(1.,-1.068589661202E-15));
#5878 = ( GEOMETRIC_REPRESENTATION_CONTEXT(2) 
PARAMETRIC_REPRESENTATION_CONTEXT() REPRESENTATION_CONTEXT('2D SPACE',''
  ) );
#5879 = PCURVE('',#4280,#5880);
#5880 = DEFINITIONAL_REPRESENTATION('',(#5881),#5885);
#5881 = LINE('',#5882,#5883);
#5882 = CARTESIAN_POINT('',(-33.45123499624,1.03473548219));
#5883 = VECTOR('',#5884,1.);
#5884 = DIRECTION('',(-1.263678077357E-16,1.));
#5885 = ( GEOMETRIC_REPRESENTATION_CONTEXT(2) 
PARAMETRIC_REPRESENTATION_CONTEXT() REPRESENTATION_CONTEXT('2D SPACE',''
  ) );
#5886 = ADVANCED_FACE('',(#5887),#5854,.T.);
#5887 = FACE_BOUND('',#5888,.T.);
#5888 = EDGE_LOOP('',(#5889,#5912,#5940,#5961));
#5889 = ORIENTED_EDGE('',*,*,#5890,.F.);
#5890 = EDGE_CURVE('',#5891,#5816,#5893,.T.);
#5891 = VERTEX_POINT('',#5892);
#5892 = CARTESIAN_POINT('',(-33.99490633606,7.,-71.89978834986));
#5893 = SURFACE_CURVE('',#5894,(#5898,#5905),.PCURVE_S1.);
#5894 = LINE('',#5895,#5896);
#5895 = CARTESIAN_POINT('',(-33.99490633606,7.,-115.3510233461));
#5896 = VECTOR('',#5897,1.);
#5897 = DIRECTION('',(-1.263678077357E-16,0.,1.));
#5898 = PCURVE('',#5854,#5899);
#5899 = DEFINITIONAL_REPRESENTATION('',(#5900),#5904);
#5900 = LINE('',#5901,#5902);
#5901 = CARTESIAN_POINT('',(-7.,-24.49999999992));
#5902 = VECTOR('',#5903,1.);
#5903 = DIRECTION('',(3.111320496571E-44,1.));
#5904 = ( GEOMETRIC_REPRESENTATION_CONTEXT(2) 
PARAMETRIC_REPRESENTATION_CONTEXT() REPRESENTATION_CONTEXT('2D SPACE',''
  ) );
#5905 = PCURVE('',#4336,#5906);
#5906 = DEFINITIONAL_REPRESENTATION('',(#5907),#5911);
#5907 = LINE('',#5908,#5909);
#5908 = CARTESIAN_POINT('',(12.,1.03473548219));
#5909 = VECTOR('',#5910,1.);
#5910 = DIRECTION('',(-1.,-1.263678077357E-16));
#5911 = ( GEOMETRIC_REPRESENTATION_CONTEXT(2) 
PARAMETRIC_REPRESENTATION_CONTEXT() REPRESENTATION_CONTEXT('2D SPACE',''
  ) );
#5912 = ORIENTED_EDGE('',*,*,#5913,.T.);
#5913 = EDGE_CURVE('',#5891,#5914,#5916,.T.);
#5914 = VERTEX_POINT('',#5915);
#5915 = CARTESIAN_POINT('',(-33.99490633606,-7.,-71.89978834986));
#5916 = SURFACE_CURVE('',#5917,(#5921,#5928),.PCURVE_S1.);
#5917 = LINE('',#5918,#5919);
#5918 = CARTESIAN_POINT('',(-33.99490633606,-1.837311027246E-15,
    -71.89978834986));
#5919 = VECTOR('',#5920,1.);
#5920 = DIRECTION('',(-1.068589661202E-15,-1.,-1.350353328551E-31));
#5921 = PCURVE('',#5854,#5922);
#5922 = DEFINITIONAL_REPRESENTATION('',(#5923),#5927);
#5923 = LINE('',#5924,#5925);
#5924 = CARTESIAN_POINT('',(1.734723475977E-15,18.95123499632));
#5925 = VECTOR('',#5926,1.);
#5926 = DIRECTION('',(1.,0.));
#5927 = ( GEOMETRIC_REPRESENTATION_CONTEXT(2) 
PARAMETRIC_REPRESENTATION_CONTEXT() REPRESENTATION_CONTEXT('2D SPACE',''
  ) );
#5928 = PCURVE('',#5929,#5934);
#5929 = PLANE('',#5930);
#5930 = AXIS2_PLACEMENT_3D('',#5931,#5932,#5933);
#5931 = CARTESIAN_POINT('',(-33.99490633606,-1.837311027246E-15,
    -71.89978834986));
#5932 = DIRECTION('',(-1.263678077357E-16,2.850949024098E-47,1.));
#5933 = DIRECTION('',(1.,0.,1.263678077357E-16));
#5934 = DEFINITIONAL_REPRESENTATION('',(#5935),#5939);
#5935 = LINE('',#5936,#5937);
#5936 = CARTESIAN_POINT('',(0.,0.));
#5937 = VECTOR('',#5938,1.);
#5938 = DIRECTION('',(-1.068589661202E-15,-1.));
#5939 = ( GEOMETRIC_REPRESENTATION_CONTEXT(2) 
PARAMETRIC_REPRESENTATION_CONTEXT() REPRESENTATION_CONTEXT('2D SPACE',''
  ) );
#5940 = ORIENTED_EDGE('',*,*,#5941,.T.);
#5941 = EDGE_CURVE('',#5914,#5839,#5942,.T.);
#5942 = SURFACE_CURVE('',#5943,(#5947,#5954),.PCURVE_S1.);
#5943 = LINE('',#5944,#5945);
#5944 = CARTESIAN_POINT('',(-33.99490633606,-7.,-115.3510233461));
#5945 = VECTOR('',#5946,1.);
#5946 = DIRECTION('',(-1.263678077357E-16,0.,1.));
#5947 = PCURVE('',#5854,#5948);
#5948 = DEFINITIONAL_REPRESENTATION('',(#5949),#5953);
#5949 = LINE('',#5950,#5951);
#5950 = CARTESIAN_POINT('',(7.,-24.49999999992));
#5951 = VECTOR('',#5952,1.);
#5952 = DIRECTION('',(3.111320496571E-44,1.));
#5953 = ( GEOMETRIC_REPRESENTATION_CONTEXT(2) 
PARAMETRIC_REPRESENTATION_CONTEXT() REPRESENTATION_CONTEXT('2D SPACE',''
  ) );
#5954 = PCURVE('',#4280,#5955);
#5955 = DEFINITIONAL_REPRESENTATION('',(#5956),#5960);
#5956 = LINE('',#5957,#5958);
#5957 = CARTESIAN_POINT('',(12.,1.03473548219));
#5958 = VECTOR('',#5959,1.);
#5959 = DIRECTION('',(-1.,-1.263678077357E-16));
#5960 = ( GEOMETRIC_REPRESENTATION_CONTEXT(2) 
PARAMETRIC_REPRESENTATION_CONTEXT() REPRESENTATION_CONTEXT('2D SPACE',''
  ) );
#5961 = ORIENTED_EDGE('',*,*,#5838,.F.);
#5962 = ADVANCED_FACE('',(#5963),#5929,.F.);
#5963 = FACE_BOUND('',#5964,.T.);
#5964 = EDGE_LOOP('',(#5965,#5995,#6016,#6017));
#5965 = ORIENTED_EDGE('',*,*,#5966,.T.);
#5966 = EDGE_CURVE('',#5967,#5969,#5971,.T.);
#5967 = VERTEX_POINT('',#5968);
#5968 = CARTESIAN_POINT('',(-32.49490633606,7.,-71.89978834986));
#5969 = VERTEX_POINT('',#5970);
#5970 = CARTESIAN_POINT('',(-32.49490633606,-7.,-71.89978834986));
#5971 = SURFACE_CURVE('',#5972,(#5976,#5983),.PCURVE_S1.);
#5972 = LINE('',#5973,#5974);
#5973 = CARTESIAN_POINT('',(-32.49490633606,-3.440195519048E-15,
    -71.89978834986));
#5974 = VECTOR('',#5975,1.);
#5975 = DIRECTION('',(-1.068589661202E-15,-1.,-1.350353328551E-31));
#5976 = PCURVE('',#5929,#5977);
#5977 = DEFINITIONAL_REPRESENTATION('',(#5978),#5982);
#5978 = LINE('',#5979,#5980);
#5979 = CARTESIAN_POINT('',(1.5,-1.602884491802E-15));
#5980 = VECTOR('',#5981,1.);
#5981 = DIRECTION('',(-1.068589661202E-15,-1.));
#5982 = ( GEOMETRIC_REPRESENTATION_CONTEXT(2) 
PARAMETRIC_REPRESENTATION_CONTEXT() REPRESENTATION_CONTEXT('2D SPACE',''
  ) );
#5983 = PCURVE('',#5984,#5989);
#5984 = PLANE('',#5985);
#5985 = AXIS2_PLACEMENT_3D('',#5986,#5987,#5988);
#5986 = CARTESIAN_POINT('',(-32.49490633606,6.010142463668,
    -103.3510233461));
#5987 = DIRECTION('',(-1.,1.068589661202E-15,-1.263678077357E-16));
#5988 = DIRECTION('',(-1.068589661202E-15,-1.,0.));
#5989 = DEFINITIONAL_REPRESENTATION('',(#5990),#5994);
#5990 = LINE('',#5991,#5992);
#5991 = CARTESIAN_POINT('',(6.010142463668,31.45123499624));
#5992 = VECTOR('',#5993,1.);
#5993 = DIRECTION('',(1.,-1.350353328551E-31));
#5994 = ( GEOMETRIC_REPRESENTATION_CONTEXT(2) 
PARAMETRIC_REPRESENTATION_CONTEXT() REPRESENTATION_CONTEXT('2D SPACE',''
  ) );
#5995 = ORIENTED_EDGE('',*,*,#5996,.F.);
#5996 = EDGE_CURVE('',#5914,#5969,#5997,.T.);
#5997 = SURFACE_CURVE('',#5998,(#6002,#6009),.PCURVE_S1.);
#5998 = LINE('',#5999,#6000);
#5999 = CARTESIAN_POINT('',(-33.99490633606,-7.,-71.89978834986));
#6000 = VECTOR('',#6001,1.);
#6001 = DIRECTION('',(1.,-1.068589661202E-15,1.263678077357E-16));
#6002 = PCURVE('',#5929,#6003);
#6003 = DEFINITIONAL_REPRESENTATION('',(#6004),#6008);
#6004 = LINE('',#6005,#6006);
#6005 = CARTESIAN_POINT('',(0.,-7.));
#6006 = VECTOR('',#6007,1.);
#6007 = DIRECTION('',(1.,-1.068589661202E-15));
#6008 = ( GEOMETRIC_REPRESENTATION_CONTEXT(2) 
PARAMETRIC_REPRESENTATION_CONTEXT() REPRESENTATION_CONTEXT('2D SPACE',''
  ) );
#6009 = PCURVE('',#4280,#6010);
#6010 = DEFINITIONAL_REPRESENTATION('',(#6011),#6015);
#6011 = LINE('',#6012,#6013);
#6012 = CARTESIAN_POINT('',(-31.45123499624,1.03473548219));
#6013 = VECTOR('',#6014,1.);
#6014 = DIRECTION('',(-1.263678077357E-16,1.));
#6015 = ( GEOMETRIC_REPRESENTATION_CONTEXT(2) 
PARAMETRIC_REPRESENTATION_CONTEXT() REPRESENTATION_CONTEXT('2D SPACE',''
  ) );
#6016 = ORIENTED_EDGE('',*,*,#5913,.F.);
#6017 = ORIENTED_EDGE('',*,*,#6018,.T.);
#6018 = EDGE_CURVE('',#5891,#5967,#6019,.T.);
#6019 = SURFACE_CURVE('',#6020,(#6024,#6031),.PCURVE_S1.);
#6020 = LINE('',#6021,#6022);
#6021 = CARTESIAN_POINT('',(-33.99490633606,7.,-71.89978834986));
#6022 = VECTOR('',#6023,1.);
#6023 = DIRECTION('',(1.,-1.068589661202E-15,1.263678077357E-16));
#6024 = PCURVE('',#5929,#6025);
#6025 = DEFINITIONAL_REPRESENTATION('',(#6026),#6030);
#6026 = LINE('',#6027,#6028);
#6027 = CARTESIAN_POINT('',(0.,7.));
#6028 = VECTOR('',#6029,1.);
#6029 = DIRECTION('',(1.,-1.068589661202E-15));
#6030 = ( GEOMETRIC_REPRESENTATION_CONTEXT(2) 
PARAMETRIC_REPRESENTATION_CONTEXT() REPRESENTATION_CONTEXT('2D SPACE',''
  ) );
#6031 = PCURVE('',#4336,#6032);
#6032 = DEFINITIONAL_REPRESENTATION('',(#6033),#6037);
#6033 = LINE('',#6034,#6035);
#6034 = CARTESIAN_POINT('',(-31.45123499624,1.03473548219));
#6035 = VECTOR('',#6036,1.);
#6036 = DIRECTION('',(-1.263678077357E-16,1.));
#6037 = ( GEOMETRIC_REPRESENTATION_CONTEXT(2) 
PARAMETRIC_REPRESENTATION_CONTEXT() REPRESENTATION_CONTEXT('2D SPACE',''
  ) );
#6038 = ADVANCED_FACE('',(#6039),#5984,.T.);
#6039 = FACE_BOUND('',#6040,.T.);
#6040 = EDGE_LOOP('',(#6041,#6064,#6092,#6113));
#6041 = ORIENTED_EDGE('',*,*,#6042,.F.);
#6042 = EDGE_CURVE('',#6043,#5967,#6045,.T.);
#6043 = VERTEX_POINT('',#6044);
#6044 = CARTESIAN_POINT('',(-32.49490633606,7.,-73.89978834986));
#6045 = SURFACE_CURVE('',#6046,(#6050,#6057),.PCURVE_S1.);
#6046 = LINE('',#6047,#6048);
#6047 = CARTESIAN_POINT('',(-32.49490633606,7.,-103.3510233461));
#6048 = VECTOR('',#6049,1.);
#6049 = DIRECTION('',(-1.263678077357E-16,0.,1.));
#6050 = PCURVE('',#5984,#6051);
#6051 = DEFINITIONAL_REPRESENTATION('',(#6052),#6056);
#6052 = LINE('',#6053,#6054);
#6053 = CARTESIAN_POINT('',(-0.989857536332,1.336657418978E-31));
#6054 = VECTOR('',#6055,1.);
#6055 = DIRECTION('',(1.350353328551E-31,1.));
#6056 = ( GEOMETRIC_REPRESENTATION_CONTEXT(2) 
PARAMETRIC_REPRESENTATION_CONTEXT() REPRESENTATION_CONTEXT('2D SPACE',''
  ) );
#6057 = PCURVE('',#4336,#6058);
#6058 = DEFINITIONAL_REPRESENTATION('',(#6059),#6063);
#6059 = LINE('',#6060,#6061);
#6060 = CARTESIAN_POINT('',(0.,2.53473548219));
#6061 = VECTOR('',#6062,1.);
#6062 = DIRECTION('',(-1.,-1.263678077357E-16));
#6063 = ( GEOMETRIC_REPRESENTATION_CONTEXT(2) 
PARAMETRIC_REPRESENTATION_CONTEXT() REPRESENTATION_CONTEXT('2D SPACE',''
  ) );
#6064 = ORIENTED_EDGE('',*,*,#6065,.T.);
#6065 = EDGE_CURVE('',#6043,#6066,#6068,.T.);
#6066 = VERTEX_POINT('',#6067);
#6067 = CARTESIAN_POINT('',(-32.49490633606,-7.,-73.89978834986));
#6068 = SURFACE_CURVE('',#6069,(#6073,#6080),.PCURVE_S1.);
#6069 = LINE('',#6070,#6071);
#6070 = CARTESIAN_POINT('',(-32.49490633606,-0.185883836821,
    -73.89978834986));
#6071 = VECTOR('',#6072,1.);
#6072 = DIRECTION('',(-1.068589661202E-15,-1.,-1.350353328551E-31));
#6073 = PCURVE('',#5984,#6074);
#6074 = DEFINITIONAL_REPRESENTATION('',(#6075),#6079);
#6075 = LINE('',#6076,#6077);
#6076 = CARTESIAN_POINT('',(6.196026300489,29.45123499624));
#6077 = VECTOR('',#6078,1.);
#6078 = DIRECTION('',(1.,-1.350353328551E-31));
#6079 = ( GEOMETRIC_REPRESENTATION_CONTEXT(2) 
PARAMETRIC_REPRESENTATION_CONTEXT() REPRESENTATION_CONTEXT('2D SPACE',''
  ) );
#6080 = PCURVE('',#6081,#6086);
#6081 = PLANE('',#6082);
#6082 = AXIS2_PLACEMENT_3D('',#6083,#6084,#6085);
#6083 = CARTESIAN_POINT('',(-33.99490633606,-0.185883836821,
    -73.89978834986));
#6084 = DIRECTION('',(-1.263678077357E-16,2.850949024098E-47,1.));
#6085 = DIRECTION('',(1.,0.,1.263678077357E-16));
#6086 = DEFINITIONAL_REPRESENTATION('',(#6087),#6091);
#6087 = LINE('',#6088,#6089);
#6088 = CARTESIAN_POINT('',(1.5,5.404022672122E-63));
#6089 = VECTOR('',#6090,1.);
#6090 = DIRECTION('',(-1.068589661202E-15,-1.));
#6091 = ( GEOMETRIC_REPRESENTATION_CONTEXT(2) 
PARAMETRIC_REPRESENTATION_CONTEXT() REPRESENTATION_CONTEXT('2D SPACE',''
  ) );
#6092 = ORIENTED_EDGE('',*,*,#6093,.T.);
#6093 = EDGE_CURVE('',#6066,#5969,#6094,.T.);
#6094 = SURFACE_CURVE('',#6095,(#6099,#6106),.PCURVE_S1.);
#6095 = LINE('',#6096,#6097);
#6096 = CARTESIAN_POINT('',(-32.49490633606,-7.,-103.3510233461));
#6097 = VECTOR('',#6098,1.);
#6098 = DIRECTION('',(-1.263678077357E-16,0.,1.));
#6099 = PCURVE('',#5984,#6100);
#6100 = DEFINITIONAL_REPRESENTATION('',(#6101),#6105);
#6101 = LINE('',#6102,#6103);
#6102 = CARTESIAN_POINT('',(13.010142463668,3.896563833653E-32));
#6103 = VECTOR('',#6104,1.);
#6104 = DIRECTION('',(1.350353328551E-31,1.));
#6105 = ( GEOMETRIC_REPRESENTATION_CONTEXT(2) 
PARAMETRIC_REPRESENTATION_CONTEXT() REPRESENTATION_CONTEXT('2D SPACE',''
  ) );
#6106 = PCURVE('',#4280,#6107);
#6107 = DEFINITIONAL_REPRESENTATION('',(#6108),#6112);
#6108 = LINE('',#6109,#6110);
#6109 = CARTESIAN_POINT('',(0.,2.53473548219));
#6110 = VECTOR('',#6111,1.);
#6111 = DIRECTION('',(-1.,-1.263678077357E-16));
#6112 = ( GEOMETRIC_REPRESENTATION_CONTEXT(2) 
PARAMETRIC_REPRESENTATION_CONTEXT() REPRESENTATION_CONTEXT('2D SPACE',''
  ) );
#6113 = ORIENTED_EDGE('',*,*,#5966,.F.);
#6114 = ADVANCED_FACE('',(#6115),#6081,.T.);
#6115 = FACE_BOUND('',#6116,.T.);
#6116 = EDGE_LOOP('',(#6117,#6118,#6141,#6169));
#6117 = ORIENTED_EDGE('',*,*,#6065,.F.);
#6118 = ORIENTED_EDGE('',*,*,#6119,.F.);
#6119 = EDGE_CURVE('',#6120,#6043,#6122,.T.);
#6120 = VERTEX_POINT('',#6121);
#6121 = CARTESIAN_POINT('',(-33.99490633606,7.,-73.89978834986));
#6122 = SURFACE_CURVE('',#6123,(#6127,#6134),.PCURVE_S1.);
#6123 = LINE('',#6124,#6125);
#6124 = CARTESIAN_POINT('',(-33.99490633606,7.,-73.89978834986));
#6125 = VECTOR('',#6126,1.);
#6126 = DIRECTION('',(1.,-1.068589661202E-15,1.263678077357E-16));
#6127 = PCURVE('',#6081,#6128);
#6128 = DEFINITIONAL_REPRESENTATION('',(#6129),#6133);
#6129 = LINE('',#6130,#6131);
#6130 = CARTESIAN_POINT('',(0.,7.185883836821));
#6131 = VECTOR('',#6132,1.);
#6132 = DIRECTION('',(1.,-1.068589661202E-15));
#6133 = ( GEOMETRIC_REPRESENTATION_CONTEXT(2) 
PARAMETRIC_REPRESENTATION_CONTEXT() REPRESENTATION_CONTEXT('2D SPACE',''
  ) );
#6134 = PCURVE('',#4336,#6135);
#6135 = DEFINITIONAL_REPRESENTATION('',(#6136),#6140);
#6136 = LINE('',#6137,#6138);
#6137 = CARTESIAN_POINT('',(-29.45123499624,1.03473548219));
#6138 = VECTOR('',#6139,1.);
#6139 = DIRECTION('',(-1.263678077357E-16,1.));
#6140 = ( GEOMETRIC_REPRESENTATION_CONTEXT(2) 
PARAMETRIC_REPRESENTATION_CONTEXT() REPRESENTATION_CONTEXT('2D SPACE',''
  ) );
#6141 = ORIENTED_EDGE('',*,*,#6142,.T.);
#6142 = EDGE_CURVE('',#6120,#6143,#6145,.T.);
#6143 = VERTEX_POINT('',#6144);
#6144 = CARTESIAN_POINT('',(-33.99490633606,-7.,-73.89978834986));
#6145 = SURFACE_CURVE('',#6146,(#6150,#6157),.PCURVE_S1.);
#6146 = LINE('',#6147,#6148);
#6147 = CARTESIAN_POINT('',(-33.99490633606,-0.185883836821,
    -73.89978834986));
#6148 = VECTOR('',#6149,1.);
#6149 = DIRECTION('',(-1.068589661202E-15,-1.,-1.350353328551E-31));
#6150 = PCURVE('',#6081,#6151);
#6151 = DEFINITIONAL_REPRESENTATION('',(#6152),#6156);
#6152 = LINE('',#6153,#6154);
#6153 = CARTESIAN_POINT('',(0.,0.));
#6154 = VECTOR('',#6155,1.);
#6155 = DIRECTION('',(-1.068589661202E-15,-1.));
#6156 = ( GEOMETRIC_REPRESENTATION_CONTEXT(2) 
PARAMETRIC_REPRESENTATION_CONTEXT() REPRESENTATION_CONTEXT('2D SPACE',''
  ) );
#6157 = PCURVE('',#6158,#6163);
#6158 = PLANE('',#6159);
#6159 = AXIS2_PLACEMENT_3D('',#6160,#6161,#6162);
#6160 = CARTESIAN_POINT('',(-33.99490633606,-1.025875512689E-16,
    -94.85102334618));
#6161 = DIRECTION('',(-1.,1.068589661202E-15,-1.263678077357E-16));
#6162 = DIRECTION('',(-1.068589661202E-15,-1.,-1.350353328551E-31));
#6163 = DEFINITIONAL_REPRESENTATION('',(#6164),#6168);
#6164 = LINE('',#6165,#6166);
#6165 = CARTESIAN_POINT('',(0.185883836821,20.95123499632));
#6166 = VECTOR('',#6167,1.);
#6167 = DIRECTION('',(1.,0.));
#6168 = ( GEOMETRIC_REPRESENTATION_CONTEXT(2) 
PARAMETRIC_REPRESENTATION_CONTEXT() REPRESENTATION_CONTEXT('2D SPACE',''
  ) );
#6169 = ORIENTED_EDGE('',*,*,#6170,.T.);
#6170 = EDGE_CURVE('',#6143,#6066,#6171,.T.);
#6171 = SURFACE_CURVE('',#6172,(#6176,#6183),.PCURVE_S1.);
#6172 = LINE('',#6173,#6174);
#6173 = CARTESIAN_POINT('',(-33.99490633606,-7.,-73.89978834986));
#6174 = VECTOR('',#6175,1.);
#6175 = DIRECTION('',(1.,-1.068589661202E-15,1.263678077357E-16));
#6176 = PCURVE('',#6081,#6177);
#6177 = DEFINITIONAL_REPRESENTATION('',(#6178),#6182);
#6178 = LINE('',#6179,#6180);
#6179 = CARTESIAN_POINT('',(0.,-6.814116163179));
#6180 = VECTOR('',#6181,1.);
#6181 = DIRECTION('',(1.,-1.068589661202E-15));
#6182 = ( GEOMETRIC_REPRESENTATION_CONTEXT(2) 
PARAMETRIC_REPRESENTATION_CONTEXT() REPRESENTATION_CONTEXT('2D SPACE',''
  ) );
#6183 = PCURVE('',#4280,#6184);
#6184 = DEFINITIONAL_REPRESENTATION('',(#6185),#6189);
#6185 = LINE('',#6186,#6187);
#6186 = CARTESIAN_POINT('',(-29.45123499624,1.03473548219));
#6187 = VECTOR('',#6188,1.);
#6188 = DIRECTION('',(-1.263678077357E-16,1.));
#6189 = ( GEOMETRIC_REPRESENTATION_CONTEXT(2) 
PARAMETRIC_REPRESENTATION_CONTEXT() REPRESENTATION_CONTEXT('2D SPACE',''
  ) );
#6190 = ADVANCED_FACE('',(#6191),#6158,.T.);
#6191 = FACE_BOUND('',#6192,.T.);
#6192 = EDGE_LOOP('',(#6193,#6216,#6244,#6265));
#6193 = ORIENTED_EDGE('',*,*,#6194,.F.);
#6194 = EDGE_CURVE('',#6195,#6120,#6197,.T.);
#6195 = VERTEX_POINT('',#6196);
#6196 = CARTESIAN_POINT('',(-33.99490633606,7.,-75.89978834986));
#6197 = SURFACE_CURVE('',#6198,(#6202,#6209),.PCURVE_S1.);
#6198 = LINE('',#6199,#6200);
#6199 = CARTESIAN_POINT('',(-33.99490633606,7.,-119.3510233461));
#6200 = VECTOR('',#6201,1.);
#6201 = DIRECTION('',(-1.263678077357E-16,0.,1.));
#6202 = PCURVE('',#6158,#6203);
#6203 = DEFINITIONAL_REPRESENTATION('',(#6204),#6208);
#6204 = LINE('',#6205,#6206);
#6205 = CARTESIAN_POINT('',(-7.,-24.49999999992));
#6206 = VECTOR('',#6207,1.);
#6207 = DIRECTION('',(3.111320496571E-44,1.));
#6208 = ( GEOMETRIC_REPRESENTATION_CONTEXT(2) 
PARAMETRIC_REPRESENTATION_CONTEXT() REPRESENTATION_CONTEXT('2D SPACE',''
  ) );
#6209 = PCURVE('',#4336,#6210);
#6210 = DEFINITIONAL_REPRESENTATION('',(#6211),#6215);
#6211 = LINE('',#6212,#6213);
#6212 = CARTESIAN_POINT('',(16.,1.03473548219));
#6213 = VECTOR('',#6214,1.);
#6214 = DIRECTION('',(-1.,-1.263678077357E-16));
#6215 = ( GEOMETRIC_REPRESENTATION_CONTEXT(2) 
PARAMETRIC_REPRESENTATION_CONTEXT() REPRESENTATION_CONTEXT('2D SPACE',''
  ) );
#6216 = ORIENTED_EDGE('',*,*,#6217,.T.);
#6217 = EDGE_CURVE('',#6195,#6218,#6220,.T.);
#6218 = VERTEX_POINT('',#6219);
#6219 = CARTESIAN_POINT('',(-33.99490633606,-7.,-75.89978834986));
#6220 = SURFACE_CURVE('',#6221,(#6225,#6232),.PCURVE_S1.);
#6221 = LINE('',#6222,#6223);
#6222 = CARTESIAN_POINT('',(-33.99490633606,-1.837311027246E-15,
    -75.89978834986));
#6223 = VECTOR('',#6224,1.);
#6224 = DIRECTION('',(-1.068589661202E-15,-1.,-1.350353328551E-31));
#6225 = PCURVE('',#6158,#6226);
#6226 = DEFINITIONAL_REPRESENTATION('',(#6227),#6231);
#6227 = LINE('',#6228,#6229);
#6228 = CARTESIAN_POINT('',(1.734723475977E-15,18.95123499632));
#6229 = VECTOR('',#6230,1.);
#6230 = DIRECTION('',(1.,0.));
#6231 = ( GEOMETRIC_REPRESENTATION_CONTEXT(2) 
PARAMETRIC_REPRESENTATION_CONTEXT() REPRESENTATION_CONTEXT('2D SPACE',''
  ) );
#6232 = PCURVE('',#6233,#6238);
#6233 = PLANE('',#6234);
#6234 = AXIS2_PLACEMENT_3D('',#6235,#6236,#6237);
#6235 = CARTESIAN_POINT('',(-33.99490633606,-1.837311027246E-15,
    -75.89978834986));
#6236 = DIRECTION('',(-1.263678077357E-16,2.850949024098E-47,1.));
#6237 = DIRECTION('',(1.,0.,1.263678077357E-16));
#6238 = DEFINITIONAL_REPRESENTATION('',(#6239),#6243);
#6239 = LINE('',#6240,#6241);
#6240 = CARTESIAN_POINT('',(0.,0.));
#6241 = VECTOR('',#6242,1.);
#6242 = DIRECTION('',(-1.068589661202E-15,-1.));
#6243 = ( GEOMETRIC_REPRESENTATION_CONTEXT(2) 
PARAMETRIC_REPRESENTATION_CONTEXT() REPRESENTATION_CONTEXT('2D SPACE',''
  ) );
#6244 = ORIENTED_EDGE('',*,*,#6245,.T.);
#6245 = EDGE_CURVE('',#6218,#6143,#6246,.T.);
#6246 = SURFACE_CURVE('',#6247,(#6251,#6258),.PCURVE_S1.);
#6247 = LINE('',#6248,#6249);
#6248 = CARTESIAN_POINT('',(-33.99490633606,-7.,-119.3510233461));
#6249 = VECTOR('',#6250,1.);
#6250 = DIRECTION('',(-1.263678077357E-16,0.,1.));
#6251 = PCURVE('',#6158,#6252);
#6252 = DEFINITIONAL_REPRESENTATION('',(#6253),#6257);
#6253 = LINE('',#6254,#6255);
#6254 = CARTESIAN_POINT('',(7.,-24.49999999992));
#6255 = VECTOR('',#6256,1.);
#6256 = DIRECTION('',(3.111320496571E-44,1.));
#6257 = ( GEOMETRIC_REPRESENTATION_CONTEXT(2) 
PARAMETRIC_REPRESENTATION_CONTEXT() REPRESENTATION_CONTEXT('2D SPACE',''
  ) );
#6258 = PCURVE('',#4280,#6259);
#6259 = DEFINITIONAL_REPRESENTATION('',(#6260),#6264);
#6260 = LINE('',#6261,#6262);
#6261 = CARTESIAN_POINT('',(16.,1.03473548219));
#6262 = VECTOR('',#6263,1.);
#6263 = DIRECTION('',(-1.,-1.263678077357E-16));
#6264 = ( GEOMETRIC_REPRESENTATION_CONTEXT(2) 
PARAMETRIC_REPRESENTATION_CONTEXT() REPRESENTATION_CONTEXT('2D SPACE',''
  ) );
#6265 = ORIENTED_EDGE('',*,*,#6142,.F.);
#6266 = ADVANCED_FACE('',(#6267),#6233,.F.);
#6267 = FACE_BOUND('',#6268,.T.);
#6268 = EDGE_LOOP('',(#6269,#6299,#6320,#6321));
#6269 = ORIENTED_EDGE('',*,*,#6270,.T.);
#6270 = EDGE_CURVE('',#6271,#6273,#6275,.T.);
#6271 = VERTEX_POINT('',#6272);
#6272 = CARTESIAN_POINT('',(-32.49490633606,7.,-75.89978834986));
#6273 = VERTEX_POINT('',#6274);
#6274 = CARTESIAN_POINT('',(-32.49490633606,-7.,-75.89978834986));
#6275 = SURFACE_CURVE('',#6276,(#6280,#6287),.PCURVE_S1.);
#6276 = LINE('',#6277,#6278);
#6277 = CARTESIAN_POINT('',(-32.49490633606,-3.440195519048E-15,
    -75.89978834986));
#6278 = VECTOR('',#6279,1.);
#6279 = DIRECTION('',(-1.068589661202E-15,-1.,-1.350353328551E-31));
#6280 = PCURVE('',#6233,#6281);
#6281 = DEFINITIONAL_REPRESENTATION('',(#6282),#6286);
#6282 = LINE('',#6283,#6284);
#6283 = CARTESIAN_POINT('',(1.5,-1.602884491802E-15));
#6284 = VECTOR('',#6285,1.);
#6285 = DIRECTION('',(-1.068589661202E-15,-1.));
#6286 = ( GEOMETRIC_REPRESENTATION_CONTEXT(2) 
PARAMETRIC_REPRESENTATION_CONTEXT() REPRESENTATION_CONTEXT('2D SPACE',''
  ) );
#6287 = PCURVE('',#6288,#6293);
#6288 = PLANE('',#6289);
#6289 = AXIS2_PLACEMENT_3D('',#6290,#6291,#6292);
#6290 = CARTESIAN_POINT('',(-32.49490633606,6.010142463668,
    -103.3510233461));
#6291 = DIRECTION('',(-1.,1.068589661202E-15,-1.263678077357E-16));
#6292 = DIRECTION('',(-1.068589661202E-15,-1.,0.));
#6293 = DEFINITIONAL_REPRESENTATION('',(#6294),#6298);
#6294 = LINE('',#6295,#6296);
#6295 = CARTESIAN_POINT('',(6.010142463668,27.45123499624));
#6296 = VECTOR('',#6297,1.);
#6297 = DIRECTION('',(1.,-1.350353328551E-31));
#6298 = ( GEOMETRIC_REPRESENTATION_CONTEXT(2) 
PARAMETRIC_REPRESENTATION_CONTEXT() REPRESENTATION_CONTEXT('2D SPACE',''
  ) );
#6299 = ORIENTED_EDGE('',*,*,#6300,.F.);
#6300 = EDGE_CURVE('',#6218,#6273,#6301,.T.);
#6301 = SURFACE_CURVE('',#6302,(#6306,#6313),.PCURVE_S1.);
#6302 = LINE('',#6303,#6304);
#6303 = CARTESIAN_POINT('',(-33.99490633606,-7.,-75.89978834986));
#6304 = VECTOR('',#6305,1.);
#6305 = DIRECTION('',(1.,-1.068589661202E-15,1.263678077357E-16));
#6306 = PCURVE('',#6233,#6307);
#6307 = DEFINITIONAL_REPRESENTATION('',(#6308),#6312);
#6308 = LINE('',#6309,#6310);
#6309 = CARTESIAN_POINT('',(0.,-7.));
#6310 = VECTOR('',#6311,1.);
#6311 = DIRECTION('',(1.,-1.068589661202E-15));
#6312 = ( GEOMETRIC_REPRESENTATION_CONTEXT(2) 
PARAMETRIC_REPRESENTATION_CONTEXT() REPRESENTATION_CONTEXT('2D SPACE',''
  ) );
#6313 = PCURVE('',#4280,#6314);
#6314 = DEFINITIONAL_REPRESENTATION('',(#6315),#6319);
#6315 = LINE('',#6316,#6317);
#6316 = CARTESIAN_POINT('',(-27.45123499624,1.03473548219));
#6317 = VECTOR('',#6318,1.);
#6318 = DIRECTION('',(-1.263678077357E-16,1.));
#6319 = ( GEOMETRIC_REPRESENTATION_CONTEXT(2) 
PARAMETRIC_REPRESENTATION_CONTEXT() REPRESENTATION_CONTEXT('2D SPACE',''
  ) );
#6320 = ORIENTED_EDGE('',*,*,#6217,.F.);
#6321 = ORIENTED_EDGE('',*,*,#6322,.T.);
#6322 = EDGE_CURVE('',#6195,#6271,#6323,.T.);
#6323 = SURFACE_CURVE('',#6324,(#6328,#6335),.PCURVE_S1.);
#6324 = LINE('',#6325,#6326);
#6325 = CARTESIAN_POINT('',(-33.99490633606,7.,-75.89978834986));
#6326 = VECTOR('',#6327,1.);
#6327 = DIRECTION('',(1.,-1.068589661202E-15,1.263678077357E-16));
#6328 = PCURVE('',#6233,#6329);
#6329 = DEFINITIONAL_REPRESENTATION('',(#6330),#6334);
#6330 = LINE('',#6331,#6332);
#6331 = CARTESIAN_POINT('',(0.,7.));
#6332 = VECTOR('',#6333,1.);
#6333 = DIRECTION('',(1.,-1.068589661202E-15));
#6334 = ( GEOMETRIC_REPRESENTATION_CONTEXT(2) 
PARAMETRIC_REPRESENTATION_CONTEXT() REPRESENTATION_CONTEXT('2D SPACE',''
  ) );
#6335 = PCURVE('',#4336,#6336);
#6336 = DEFINITIONAL_REPRESENTATION('',(#6337),#6341);
#6337 = LINE('',#6338,#6339);
#6338 = CARTESIAN_POINT('',(-27.45123499624,1.03473548219));
#6339 = VECTOR('',#6340,1.);
#6340 = DIRECTION('',(-1.263678077357E-16,1.));
#6341 = ( GEOMETRIC_REPRESENTATION_CONTEXT(2) 
PARAMETRIC_REPRESENTATION_CONTEXT() REPRESENTATION_CONTEXT('2D SPACE',''
  ) );
#6342 = ADVANCED_FACE('',(#6343),#6288,.T.);
#6343 = FACE_BOUND('',#6344,.T.);
#6344 = EDGE_LOOP('',(#6345,#6346,#6369,#6397));
#6345 = ORIENTED_EDGE('',*,*,#6270,.F.);
#6346 = ORIENTED_EDGE('',*,*,#6347,.F.);
#6347 = EDGE_CURVE('',#6348,#6271,#6350,.T.);
#6348 = VERTEX_POINT('',#6349);
#6349 = CARTESIAN_POINT('',(-32.49490633606,7.,-77.89978834986));
#6350 = SURFACE_CURVE('',#6351,(#6355,#6362),.PCURVE_S1.);
#6351 = LINE('',#6352,#6353);
#6352 = CARTESIAN_POINT('',(-32.49490633606,7.,-103.3510233461));
#6353 = VECTOR('',#6354,1.);
#6354 = DIRECTION('',(-1.263678077357E-16,0.,1.));
#6355 = PCURVE('',#6288,#6356);
#6356 = DEFINITIONAL_REPRESENTATION('',(#6357),#6361);
#6357 = LINE('',#6358,#6359);
#6358 = CARTESIAN_POINT('',(-0.989857536332,1.336657418978E-31));
#6359 = VECTOR('',#6360,1.);
#6360 = DIRECTION('',(1.350353328551E-31,1.));
#6361 = ( GEOMETRIC_REPRESENTATION_CONTEXT(2) 
PARAMETRIC_REPRESENTATION_CONTEXT() REPRESENTATION_CONTEXT('2D SPACE',''
  ) );
#6362 = PCURVE('',#4336,#6363);
#6363 = DEFINITIONAL_REPRESENTATION('',(#6364),#6368);
#6364 = LINE('',#6365,#6366);
#6365 = CARTESIAN_POINT('',(0.,2.53473548219));
#6366 = VECTOR('',#6367,1.);
#6367 = DIRECTION('',(-1.,-1.263678077357E-16));
#6368 = ( GEOMETRIC_REPRESENTATION_CONTEXT(2) 
PARAMETRIC_REPRESENTATION_CONTEXT() REPRESENTATION_CONTEXT('2D SPACE',''
  ) );
#6369 = ORIENTED_EDGE('',*,*,#6370,.T.);
#6370 = EDGE_CURVE('',#6348,#6371,#6373,.T.);
#6371 = VERTEX_POINT('',#6372);
#6372 = CARTESIAN_POINT('',(-32.49490633606,-7.,-77.89978834986));
#6373 = SURFACE_CURVE('',#6374,(#6378,#6385),.PCURVE_S1.);
#6374 = LINE('',#6375,#6376);
#6375 = CARTESIAN_POINT('',(-32.49490633606,-0.185883836821,
    -77.89978834986));
#6376 = VECTOR('',#6377,1.);
#6377 = DIRECTION('',(-1.068589661202E-15,-1.,-1.350353328551E-31));
#6378 = PCURVE('',#6288,#6379);
#6379 = DEFINITIONAL_REPRESENTATION('',(#6380),#6384);
#6380 = LINE('',#6381,#6382);
#6381 = CARTESIAN_POINT('',(6.196026300489,25.45123499624));
#6382 = VECTOR('',#6383,1.);
#6383 = DIRECTION('',(1.,-1.350353328551E-31));
#6384 = ( GEOMETRIC_REPRESENTATION_CONTEXT(2) 
PARAMETRIC_REPRESENTATION_CONTEXT() REPRESENTATION_CONTEXT('2D SPACE',''
  ) );
#6385 = PCURVE('',#6386,#6391);
#6386 = PLANE('',#6387);
#6387 = AXIS2_PLACEMENT_3D('',#6388,#6389,#6390);
#6388 = CARTESIAN_POINT('',(-33.99490633606,-0.185883836821,
    -77.89978834986));
#6389 = DIRECTION('',(-1.263678077357E-16,2.850949024098E-47,1.));
#6390 = DIRECTION('',(1.,0.,1.263678077357E-16));
#6391 = DEFINITIONAL_REPRESENTATION('',(#6392),#6396);
#6392 = LINE('',#6393,#6394);
#6393 = CARTESIAN_POINT('',(1.5,5.404022672122E-63));
#6394 = VECTOR('',#6395,1.);
#6395 = DIRECTION('',(-1.068589661202E-15,-1.));
#6396 = ( GEOMETRIC_REPRESENTATION_CONTEXT(2) 
PARAMETRIC_REPRESENTATION_CONTEXT() REPRESENTATION_CONTEXT('2D SPACE',''
  ) );
#6397 = ORIENTED_EDGE('',*,*,#6398,.T.);
#6398 = EDGE_CURVE('',#6371,#6273,#6399,.T.);
#6399 = SURFACE_CURVE('',#6400,(#6404,#6411),.PCURVE_S1.);
#6400 = LINE('',#6401,#6402);
#6401 = CARTESIAN_POINT('',(-32.49490633606,-7.,-103.3510233461));
#6402 = VECTOR('',#6403,1.);
#6403 = DIRECTION('',(-1.263678077357E-16,0.,1.));
#6404 = PCURVE('',#6288,#6405);
#6405 = DEFINITIONAL_REPRESENTATION('',(#6406),#6410);
#6406 = LINE('',#6407,#6408);
#6407 = CARTESIAN_POINT('',(13.010142463668,3.896563833653E-32));
#6408 = VECTOR('',#6409,1.);
#6409 = DIRECTION('',(1.350353328551E-31,1.));
#6410 = ( GEOMETRIC_REPRESENTATION_CONTEXT(2) 
PARAMETRIC_REPRESENTATION_CONTEXT() REPRESENTATION_CONTEXT('2D SPACE',''
  ) );
#6411 = PCURVE('',#4280,#6412);
#6412 = DEFINITIONAL_REPRESENTATION('',(#6413),#6417);
#6413 = LINE('',#6414,#6415);
#6414 = CARTESIAN_POINT('',(0.,2.53473548219));
#6415 = VECTOR('',#6416,1.);
#6416 = DIRECTION('',(-1.,-1.263678077357E-16));
#6417 = ( GEOMETRIC_REPRESENTATION_CONTEXT(2) 
PARAMETRIC_REPRESENTATION_CONTEXT() REPRESENTATION_CONTEXT('2D SPACE',''
  ) );
#6418 = ADVANCED_FACE('',(#6419),#6386,.T.);
#6419 = FACE_BOUND('',#6420,.T.);
#6420 = EDGE_LOOP('',(#6421,#6422,#6445,#6473));
#6421 = ORIENTED_EDGE('',*,*,#6370,.F.);
#6422 = ORIENTED_EDGE('',*,*,#6423,.F.);
#6423 = EDGE_CURVE('',#6424,#6348,#6426,.T.);
#6424 = VERTEX_POINT('',#6425);
#6425 = CARTESIAN_POINT('',(-33.99490633606,7.,-77.89978834986));
#6426 = SURFACE_CURVE('',#6427,(#6431,#6438),.PCURVE_S1.);
#6427 = LINE('',#6428,#6429);
#6428 = CARTESIAN_POINT('',(-33.99490633606,7.,-77.89978834986));
#6429 = VECTOR('',#6430,1.);
#6430 = DIRECTION('',(1.,-1.068589661202E-15,1.263678077357E-16));
#6431 = PCURVE('',#6386,#6432);
#6432 = DEFINITIONAL_REPRESENTATION('',(#6433),#6437);
#6433 = LINE('',#6434,#6435);
#6434 = CARTESIAN_POINT('',(0.,7.185883836821));
#6435 = VECTOR('',#6436,1.);
#6436 = DIRECTION('',(1.,-1.068589661202E-15));
#6437 = ( GEOMETRIC_REPRESENTATION_CONTEXT(2) 
PARAMETRIC_REPRESENTATION_CONTEXT() REPRESENTATION_CONTEXT('2D SPACE',''
  ) );
#6438 = PCURVE('',#4336,#6439);
#6439 = DEFINITIONAL_REPRESENTATION('',(#6440),#6444);
#6440 = LINE('',#6441,#6442);
#6441 = CARTESIAN_POINT('',(-25.45123499624,1.03473548219));
#6442 = VECTOR('',#6443,1.);
#6443 = DIRECTION('',(-1.263678077357E-16,1.));
#6444 = ( GEOMETRIC_REPRESENTATION_CONTEXT(2) 
PARAMETRIC_REPRESENTATION_CONTEXT() REPRESENTATION_CONTEXT('2D SPACE',''
  ) );
#6445 = ORIENTED_EDGE('',*,*,#6446,.T.);
#6446 = EDGE_CURVE('',#6424,#6447,#6449,.T.);
#6447 = VERTEX_POINT('',#6448);
#6448 = CARTESIAN_POINT('',(-33.99490633606,-7.,-77.89978834986));
#6449 = SURFACE_CURVE('',#6450,(#6454,#6461),.PCURVE_S1.);
#6450 = LINE('',#6451,#6452);
#6451 = CARTESIAN_POINT('',(-33.99490633606,-0.185883836821,
    -77.89978834986));
#6452 = VECTOR('',#6453,1.);
#6453 = DIRECTION('',(-1.068589661202E-15,-1.,-1.350353328551E-31));
#6454 = PCURVE('',#6386,#6455);
#6455 = DEFINITIONAL_REPRESENTATION('',(#6456),#6460);
#6456 = LINE('',#6457,#6458);
#6457 = CARTESIAN_POINT('',(0.,0.));
#6458 = VECTOR('',#6459,1.);
#6459 = DIRECTION('',(-1.068589661202E-15,-1.));
#6460 = ( GEOMETRIC_REPRESENTATION_CONTEXT(2) 
PARAMETRIC_REPRESENTATION_CONTEXT() REPRESENTATION_CONTEXT('2D SPACE',''
  ) );
#6461 = PCURVE('',#6462,#6467);
#6462 = PLANE('',#6463);
#6463 = AXIS2_PLACEMENT_3D('',#6464,#6465,#6466);
#6464 = CARTESIAN_POINT('',(-33.99490633606,-1.025875512689E-16,
    -98.85102334618));
#6465 = DIRECTION('',(-1.,1.068589661202E-15,-1.263678077357E-16));
#6466 = DIRECTION('',(-1.068589661202E-15,-1.,-1.350353328551E-31));
#6467 = DEFINITIONAL_REPRESENTATION('',(#6468),#6472);
#6468 = LINE('',#6469,#6470);
#6469 = CARTESIAN_POINT('',(0.185883836821,20.95123499632));
#6470 = VECTOR('',#6471,1.);
#6471 = DIRECTION('',(1.,0.));
#6472 = ( GEOMETRIC_REPRESENTATION_CONTEXT(2) 
PARAMETRIC_REPRESENTATION_CONTEXT() REPRESENTATION_CONTEXT('2D SPACE',''
  ) );
#6473 = ORIENTED_EDGE('',*,*,#6474,.T.);
#6474 = EDGE_CURVE('',#6447,#6371,#6475,.T.);
#6475 = SURFACE_CURVE('',#6476,(#6480,#6487),.PCURVE_S1.);
#6476 = LINE('',#6477,#6478);
#6477 = CARTESIAN_POINT('',(-33.99490633606,-7.,-77.89978834986));
#6478 = VECTOR('',#6479,1.);
#6479 = DIRECTION('',(1.,-1.068589661202E-15,1.263678077357E-16));
#6480 = PCURVE('',#6386,#6481);
#6481 = DEFINITIONAL_REPRESENTATION('',(#6482),#6486);
#6482 = LINE('',#6483,#6484);
#6483 = CARTESIAN_POINT('',(0.,-6.814116163179));
#6484 = VECTOR('',#6485,1.);
#6485 = DIRECTION('',(1.,-1.068589661202E-15));
#6486 = ( GEOMETRIC_REPRESENTATION_CONTEXT(2) 
PARAMETRIC_REPRESENTATION_CONTEXT() REPRESENTATION_CONTEXT('2D SPACE',''
  ) );
#6487 = PCURVE('',#4280,#6488);
#6488 = DEFINITIONAL_REPRESENTATION('',(#6489),#6493);
#6489 = LINE('',#6490,#6491);
#6490 = CARTESIAN_POINT('',(-25.45123499624,1.03473548219));
#6491 = VECTOR('',#6492,1.);
#6492 = DIRECTION('',(-1.263678077357E-16,1.));
#6493 = ( GEOMETRIC_REPRESENTATION_CONTEXT(2) 
PARAMETRIC_REPRESENTATION_CONTEXT() REPRESENTATION_CONTEXT('2D SPACE',''
  ) );
#6494 = ADVANCED_FACE('',(#6495),#6462,.T.);
#6495 = FACE_BOUND('',#6496,.T.);
#6496 = EDGE_LOOP('',(#6497,#6520,#6548,#6569));
#6497 = ORIENTED_EDGE('',*,*,#6498,.F.);
#6498 = EDGE_CURVE('',#6499,#6424,#6501,.T.);
#6499 = VERTEX_POINT('',#6500);
#6500 = CARTESIAN_POINT('',(-33.99490633606,7.,-79.89978834986));
#6501 = SURFACE_CURVE('',#6502,(#6506,#6513),.PCURVE_S1.);
#6502 = LINE('',#6503,#6504);
#6503 = CARTESIAN_POINT('',(-33.99490633606,7.,-123.3510233461));
#6504 = VECTOR('',#6505,1.);
#6505 = DIRECTION('',(-1.263678077357E-16,0.,1.));
#6506 = PCURVE('',#6462,#6507);
#6507 = DEFINITIONAL_REPRESENTATION('',(#6508),#6512);
#6508 = LINE('',#6509,#6510);
#6509 = CARTESIAN_POINT('',(-7.,-24.49999999992));
#6510 = VECTOR('',#6511,1.);
#6511 = DIRECTION('',(3.111320496571E-44,1.));
#6512 = ( GEOMETRIC_REPRESENTATION_CONTEXT(2) 
PARAMETRIC_REPRESENTATION_CONTEXT() REPRESENTATION_CONTEXT('2D SPACE',''
  ) );
#6513 = PCURVE('',#4336,#6514);
#6514 = DEFINITIONAL_REPRESENTATION('',(#6515),#6519);
#6515 = LINE('',#6516,#6517);
#6516 = CARTESIAN_POINT('',(20.,1.03473548219));
#6517 = VECTOR('',#6518,1.);
#6518 = DIRECTION('',(-1.,-1.263678077357E-16));
#6519 = ( GEOMETRIC_REPRESENTATION_CONTEXT(2) 
PARAMETRIC_REPRESENTATION_CONTEXT() REPRESENTATION_CONTEXT('2D SPACE',''
  ) );
#6520 = ORIENTED_EDGE('',*,*,#6521,.T.);
#6521 = EDGE_CURVE('',#6499,#6522,#6524,.T.);
#6522 = VERTEX_POINT('',#6523);
#6523 = CARTESIAN_POINT('',(-33.99490633606,-7.,-79.89978834986));
#6524 = SURFACE_CURVE('',#6525,(#6529,#6536),.PCURVE_S1.);
#6525 = LINE('',#6526,#6527);
#6526 = CARTESIAN_POINT('',(-33.99490633606,-1.837311027246E-15,
    -79.89978834986));
#6527 = VECTOR('',#6528,1.);
#6528 = DIRECTION('',(-1.068589661202E-15,-1.,-1.350353328551E-31));
#6529 = PCURVE('',#6462,#6530);
#6530 = DEFINITIONAL_REPRESENTATION('',(#6531),#6535);
#6531 = LINE('',#6532,#6533);
#6532 = CARTESIAN_POINT('',(1.734723475977E-15,18.95123499632));
#6533 = VECTOR('',#6534,1.);
#6534 = DIRECTION('',(1.,0.));
#6535 = ( GEOMETRIC_REPRESENTATION_CONTEXT(2) 
PARAMETRIC_REPRESENTATION_CONTEXT() REPRESENTATION_CONTEXT('2D SPACE',''
  ) );
#6536 = PCURVE('',#6537,#6542);
#6537 = PLANE('',#6538);
#6538 = AXIS2_PLACEMENT_3D('',#6539,#6540,#6541);
#6539 = CARTESIAN_POINT('',(-33.99490633606,-1.837311027246E-15,
    -79.89978834986));
#6540 = DIRECTION('',(-1.263678077357E-16,2.850949024098E-47,1.));
#6541 = DIRECTION('',(1.,0.,1.263678077357E-16));
#6542 = DEFINITIONAL_REPRESENTATION('',(#6543),#6547);
#6543 = LINE('',#6544,#6545);
#6544 = CARTESIAN_POINT('',(0.,0.));
#6545 = VECTOR('',#6546,1.);
#6546 = DIRECTION('',(-1.068589661202E-15,-1.));
#6547 = ( GEOMETRIC_REPRESENTATION_CONTEXT(2) 
PARAMETRIC_REPRESENTATION_CONTEXT() REPRESENTATION_CONTEXT('2D SPACE',''
  ) );
#6548 = ORIENTED_EDGE('',*,*,#6549,.T.);
#6549 = EDGE_CURVE('',#6522,#6447,#6550,.T.);
#6550 = SURFACE_CURVE('',#6551,(#6555,#6562),.PCURVE_S1.);
#6551 = LINE('',#6552,#6553);
#6552 = CARTESIAN_POINT('',(-33.99490633606,-7.,-123.3510233461));
#6553 = VECTOR('',#6554,1.);
#6554 = DIRECTION('',(-1.263678077357E-16,0.,1.));
#6555 = PCURVE('',#6462,#6556);
#6556 = DEFINITIONAL_REPRESENTATION('',(#6557),#6561);
#6557 = LINE('',#6558,#6559);
#6558 = CARTESIAN_POINT('',(7.,-24.49999999992));
#6559 = VECTOR('',#6560,1.);
#6560 = DIRECTION('',(3.111320496571E-44,1.));
#6561 = ( GEOMETRIC_REPRESENTATION_CONTEXT(2) 
PARAMETRIC_REPRESENTATION_CONTEXT() REPRESENTATION_CONTEXT('2D SPACE',''
  ) );
#6562 = PCURVE('',#4280,#6563);
#6563 = DEFINITIONAL_REPRESENTATION('',(#6564),#6568);
#6564 = LINE('',#6565,#6566);
#6565 = CARTESIAN_POINT('',(20.,1.03473548219));
#6566 = VECTOR('',#6567,1.);
#6567 = DIRECTION('',(-1.,-1.263678077357E-16));
#6568 = ( GEOMETRIC_REPRESENTATION_CONTEXT(2) 
PARAMETRIC_REPRESENTATION_CONTEXT() REPRESENTATION_CONTEXT('2D SPACE',''
  ) );
#6569 = ORIENTED_EDGE('',*,*,#6446,.F.);
#6570 = ADVANCED_FACE('',(#6571),#6537,.F.);
#6571 = FACE_BOUND('',#6572,.T.);
#6572 = EDGE_LOOP('',(#6573,#6603,#6624,#6625));
#6573 = ORIENTED_EDGE('',*,*,#6574,.T.);
#6574 = EDGE_CURVE('',#6575,#6577,#6579,.T.);
#6575 = VERTEX_POINT('',#6576);
#6576 = CARTESIAN_POINT('',(-32.49490633606,7.,-79.89978834986));
#6577 = VERTEX_POINT('',#6578);
#6578 = CARTESIAN_POINT('',(-32.49490633606,-7.,-79.89978834986));
#6579 = SURFACE_CURVE('',#6580,(#6584,#6591),.PCURVE_S1.);
#6580 = LINE('',#6581,#6582);
#6581 = CARTESIAN_POINT('',(-32.49490633606,-3.440195519048E-15,
    -79.89978834986));
#6582 = VECTOR('',#6583,1.);
#6583 = DIRECTION('',(-1.068589661202E-15,-1.,-1.350353328551E-31));
#6584 = PCURVE('',#6537,#6585);
#6585 = DEFINITIONAL_REPRESENTATION('',(#6586),#6590);
#6586 = LINE('',#6587,#6588);
#6587 = CARTESIAN_POINT('',(1.5,-1.602884491802E-15));
#6588 = VECTOR('',#6589,1.);
#6589 = DIRECTION('',(-1.068589661202E-15,-1.));
#6590 = ( GEOMETRIC_REPRESENTATION_CONTEXT(2) 
PARAMETRIC_REPRESENTATION_CONTEXT() REPRESENTATION_CONTEXT('2D SPACE',''
  ) );
#6591 = PCURVE('',#6592,#6597);
#6592 = PLANE('',#6593);
#6593 = AXIS2_PLACEMENT_3D('',#6594,#6595,#6596);
#6594 = CARTESIAN_POINT('',(-32.49490633606,6.010142463668,
    -103.3510233461));
#6595 = DIRECTION('',(-1.,1.068589661202E-15,-1.263678077357E-16));
#6596 = DIRECTION('',(-1.068589661202E-15,-1.,0.));
#6597 = DEFINITIONAL_REPRESENTATION('',(#6598),#6602);
#6598 = LINE('',#6599,#6600);
#6599 = CARTESIAN_POINT('',(6.010142463668,23.45123499624));
#6600 = VECTOR('',#6601,1.);
#6601 = DIRECTION('',(1.,-1.350353328551E-31));
#6602 = ( GEOMETRIC_REPRESENTATION_CONTEXT(2) 
PARAMETRIC_REPRESENTATION_CONTEXT() REPRESENTATION_CONTEXT('2D SPACE',''
  ) );
#6603 = ORIENTED_EDGE('',*,*,#6604,.F.);
#6604 = EDGE_CURVE('',#6522,#6577,#6605,.T.);
#6605 = SURFACE_CURVE('',#6606,(#6610,#6617),.PCURVE_S1.);
#6606 = LINE('',#6607,#6608);
#6607 = CARTESIAN_POINT('',(-33.99490633606,-7.,-79.89978834986));
#6608 = VECTOR('',#6609,1.);
#6609 = DIRECTION('',(1.,-1.068589661202E-15,1.263678077357E-16));
#6610 = PCURVE('',#6537,#6611);
#6611 = DEFINITIONAL_REPRESENTATION('',(#6612),#6616);
#6612 = LINE('',#6613,#6614);
#6613 = CARTESIAN_POINT('',(0.,-7.));
#6614 = VECTOR('',#6615,1.);
#6615 = DIRECTION('',(1.,-1.068589661202E-15));
#6616 = ( GEOMETRIC_REPRESENTATION_CONTEXT(2) 
PARAMETRIC_REPRESENTATION_CONTEXT() REPRESENTATION_CONTEXT('2D SPACE',''
  ) );
#6617 = PCURVE('',#4280,#6618);
#6618 = DEFINITIONAL_REPRESENTATION('',(#6619),#6623);
#6619 = LINE('',#6620,#6621);
#6620 = CARTESIAN_POINT('',(-23.45123499624,1.03473548219));
#6621 = VECTOR('',#6622,1.);
#6622 = DIRECTION('',(-1.263678077357E-16,1.));
#6623 = ( GEOMETRIC_REPRESENTATION_CONTEXT(2) 
PARAMETRIC_REPRESENTATION_CONTEXT() REPRESENTATION_CONTEXT('2D SPACE',''
  ) );
#6624 = ORIENTED_EDGE('',*,*,#6521,.F.);
#6625 = ORIENTED_EDGE('',*,*,#6626,.T.);
#6626 = EDGE_CURVE('',#6499,#6575,#6627,.T.);
#6627 = SURFACE_CURVE('',#6628,(#6632,#6639),.PCURVE_S1.);
#6628 = LINE('',#6629,#6630);
#6629 = CARTESIAN_POINT('',(-33.99490633606,7.,-79.89978834986));
#6630 = VECTOR('',#6631,1.);
#6631 = DIRECTION('',(1.,-1.068589661202E-15,1.263678077357E-16));
#6632 = PCURVE('',#6537,#6633);
#6633 = DEFINITIONAL_REPRESENTATION('',(#6634),#6638);
#6634 = LINE('',#6635,#6636);
#6635 = CARTESIAN_POINT('',(0.,7.));
#6636 = VECTOR('',#6637,1.);
#6637 = DIRECTION('',(1.,-1.068589661202E-15));
#6638 = ( GEOMETRIC_REPRESENTATION_CONTEXT(2) 
PARAMETRIC_REPRESENTATION_CONTEXT() REPRESENTATION_CONTEXT('2D SPACE',''
  ) );
#6639 = PCURVE('',#4336,#6640);
#6640 = DEFINITIONAL_REPRESENTATION('',(#6641),#6645);
#6641 = LINE('',#6642,#6643);
#6642 = CARTESIAN_POINT('',(-23.45123499624,1.03473548219));
#6643 = VECTOR('',#6644,1.);
#6644 = DIRECTION('',(-1.263678077357E-16,1.));
#6645 = ( GEOMETRIC_REPRESENTATION_CONTEXT(2) 
PARAMETRIC_REPRESENTATION_CONTEXT() REPRESENTATION_CONTEXT('2D SPACE',''
  ) );
#6646 = ADVANCED_FACE('',(#6647),#6592,.T.);
#6647 = FACE_BOUND('',#6648,.T.);
#6648 = EDGE_LOOP('',(#6649,#6672,#6700,#6721));
#6649 = ORIENTED_EDGE('',*,*,#6650,.F.);
#6650 = EDGE_CURVE('',#6651,#6575,#6653,.T.);
#6651 = VERTEX_POINT('',#6652);
#6652 = CARTESIAN_POINT('',(-32.49490633606,7.,-81.89978834986));
#6653 = SURFACE_CURVE('',#6654,(#6658,#6665),.PCURVE_S1.);
#6654 = LINE('',#6655,#6656);
#6655 = CARTESIAN_POINT('',(-32.49490633606,7.,-103.3510233461));
#6656 = VECTOR('',#6657,1.);
#6657 = DIRECTION('',(-1.263678077357E-16,0.,1.));
#6658 = PCURVE('',#6592,#6659);
#6659 = DEFINITIONAL_REPRESENTATION('',(#6660),#6664);
#6660 = LINE('',#6661,#6662);
#6661 = CARTESIAN_POINT('',(-0.989857536332,1.336657418978E-31));
#6662 = VECTOR('',#6663,1.);
#6663 = DIRECTION('',(1.350353328551E-31,1.));
#6664 = ( GEOMETRIC_REPRESENTATION_CONTEXT(2) 
PARAMETRIC_REPRESENTATION_CONTEXT() REPRESENTATION_CONTEXT('2D SPACE',''
  ) );
#6665 = PCURVE('',#4336,#6666);
#6666 = DEFINITIONAL_REPRESENTATION('',(#6667),#6671);
#6667 = LINE('',#6668,#6669);
#6668 = CARTESIAN_POINT('',(0.,2.53473548219));
#6669 = VECTOR('',#6670,1.);
#6670 = DIRECTION('',(-1.,-1.263678077357E-16));
#6671 = ( GEOMETRIC_REPRESENTATION_CONTEXT(2) 
PARAMETRIC_REPRESENTATION_CONTEXT() REPRESENTATION_CONTEXT('2D SPACE',''
  ) );
#6672 = ORIENTED_EDGE('',*,*,#6673,.T.);
#6673 = EDGE_CURVE('',#6651,#6674,#6676,.T.);
#6674 = VERTEX_POINT('',#6675);
#6675 = CARTESIAN_POINT('',(-32.49490633606,-7.,-81.89978834986));
#6676 = SURFACE_CURVE('',#6677,(#6681,#6688),.PCURVE_S1.);
#6677 = LINE('',#6678,#6679);
#6678 = CARTESIAN_POINT('',(-32.49490633606,-0.185883836821,
    -81.89978834986));
#6679 = VECTOR('',#6680,1.);
#6680 = DIRECTION('',(-1.068589661202E-15,-1.,-1.350353328551E-31));
#6681 = PCURVE('',#6592,#6682);
#6682 = DEFINITIONAL_REPRESENTATION('',(#6683),#6687);
#6683 = LINE('',#6684,#6685);
#6684 = CARTESIAN_POINT('',(6.196026300489,21.45123499624));
#6685 = VECTOR('',#6686,1.);
#6686 = DIRECTION('',(1.,-1.350353328551E-31));
#6687 = ( GEOMETRIC_REPRESENTATION_CONTEXT(2) 
PARAMETRIC_REPRESENTATION_CONTEXT() REPRESENTATION_CONTEXT('2D SPACE',''
  ) );
#6688 = PCURVE('',#6689,#6694);
#6689 = PLANE('',#6690);
#6690 = AXIS2_PLACEMENT_3D('',#6691,#6692,#6693);
#6691 = CARTESIAN_POINT('',(-33.99490633606,-0.185883836821,
    -81.89978834986));
#6692 = DIRECTION('',(-1.263678077357E-16,2.850949024098E-47,1.));
#6693 = DIRECTION('',(1.,0.,1.263678077357E-16));
#6694 = DEFINITIONAL_REPRESENTATION('',(#6695),#6699);
#6695 = LINE('',#6696,#6697);
#6696 = CARTESIAN_POINT('',(1.5,5.404022672122E-63));
#6697 = VECTOR('',#6698,1.);
#6698 = DIRECTION('',(-1.068589661202E-15,-1.));
#6699 = ( GEOMETRIC_REPRESENTATION_CONTEXT(2) 
PARAMETRIC_REPRESENTATION_CONTEXT() REPRESENTATION_CONTEXT('2D SPACE',''
  ) );
#6700 = ORIENTED_EDGE('',*,*,#6701,.T.);
#6701 = EDGE_CURVE('',#6674,#6577,#6702,.T.);
#6702 = SURFACE_CURVE('',#6703,(#6707,#6714),.PCURVE_S1.);
#6703 = LINE('',#6704,#6705);
#6704 = CARTESIAN_POINT('',(-32.49490633606,-7.,-103.3510233461));
#6705 = VECTOR('',#6706,1.);
#6706 = DIRECTION('',(-1.263678077357E-16,0.,1.));
#6707 = PCURVE('',#6592,#6708);
#6708 = DEFINITIONAL_REPRESENTATION('',(#6709),#6713);
#6709 = LINE('',#6710,#6711);
#6710 = CARTESIAN_POINT('',(13.010142463668,3.896563833653E-32));
#6711 = VECTOR('',#6712,1.);
#6712 = DIRECTION('',(1.350353328551E-31,1.));
#6713 = ( GEOMETRIC_REPRESENTATION_CONTEXT(2) 
PARAMETRIC_REPRESENTATION_CONTEXT() REPRESENTATION_CONTEXT('2D SPACE',''
  ) );
#6714 = PCURVE('',#4280,#6715);
#6715 = DEFINITIONAL_REPRESENTATION('',(#6716),#6720);
#6716 = LINE('',#6717,#6718);
#6717 = CARTESIAN_POINT('',(0.,2.53473548219));
#6718 = VECTOR('',#6719,1.);
#6719 = DIRECTION('',(-1.,-1.263678077357E-16));
#6720 = ( GEOMETRIC_REPRESENTATION_CONTEXT(2) 
PARAMETRIC_REPRESENTATION_CONTEXT() REPRESENTATION_CONTEXT('2D SPACE',''
  ) );
#6721 = ORIENTED_EDGE('',*,*,#6574,.F.);
#6722 = ADVANCED_FACE('',(#6723),#6689,.T.);
#6723 = FACE_BOUND('',#6724,.T.);
#6724 = EDGE_LOOP('',(#6725,#6726,#6749,#6777));
#6725 = ORIENTED_EDGE('',*,*,#6673,.F.);
#6726 = ORIENTED_EDGE('',*,*,#6727,.F.);
#6727 = EDGE_CURVE('',#6728,#6651,#6730,.T.);
#6728 = VERTEX_POINT('',#6729);
#6729 = CARTESIAN_POINT('',(-33.99490633606,7.,-81.89978834986));
#6730 = SURFACE_CURVE('',#6731,(#6735,#6742),.PCURVE_S1.);
#6731 = LINE('',#6732,#6733);
#6732 = CARTESIAN_POINT('',(-33.99490633606,7.,-81.89978834986));
#6733 = VECTOR('',#6734,1.);
#6734 = DIRECTION('',(1.,-1.068589661202E-15,1.263678077357E-16));
#6735 = PCURVE('',#6689,#6736);
#6736 = DEFINITIONAL_REPRESENTATION('',(#6737),#6741);
#6737 = LINE('',#6738,#6739);
#6738 = CARTESIAN_POINT('',(0.,7.185883836821));
#6739 = VECTOR('',#6740,1.);
#6740 = DIRECTION('',(1.,-1.068589661202E-15));
#6741 = ( GEOMETRIC_REPRESENTATION_CONTEXT(2) 
PARAMETRIC_REPRESENTATION_CONTEXT() REPRESENTATION_CONTEXT('2D SPACE',''
  ) );
#6742 = PCURVE('',#4336,#6743);
#6743 = DEFINITIONAL_REPRESENTATION('',(#6744),#6748);
#6744 = LINE('',#6745,#6746);
#6745 = CARTESIAN_POINT('',(-21.45123499624,1.03473548219));
#6746 = VECTOR('',#6747,1.);
#6747 = DIRECTION('',(-1.263678077357E-16,1.));
#6748 = ( GEOMETRIC_REPRESENTATION_CONTEXT(2) 
PARAMETRIC_REPRESENTATION_CONTEXT() REPRESENTATION_CONTEXT('2D SPACE',''
  ) );
#6749 = ORIENTED_EDGE('',*,*,#6750,.T.);
#6750 = EDGE_CURVE('',#6728,#6751,#6753,.T.);
#6751 = VERTEX_POINT('',#6752);
#6752 = CARTESIAN_POINT('',(-33.99490633606,-7.,-81.89978834986));
#6753 = SURFACE_CURVE('',#6754,(#6758,#6765),.PCURVE_S1.);
#6754 = LINE('',#6755,#6756);
#6755 = CARTESIAN_POINT('',(-33.99490633606,-0.185883836821,
    -81.89978834986));
#6756 = VECTOR('',#6757,1.);
#6757 = DIRECTION('',(-1.068589661202E-15,-1.,-1.350353328551E-31));
#6758 = PCURVE('',#6689,#6759);
#6759 = DEFINITIONAL_REPRESENTATION('',(#6760),#6764);
#6760 = LINE('',#6761,#6762);
#6761 = CARTESIAN_POINT('',(0.,0.));
#6762 = VECTOR('',#6763,1.);
#6763 = DIRECTION('',(-1.068589661202E-15,-1.));
#6764 = ( GEOMETRIC_REPRESENTATION_CONTEXT(2) 
PARAMETRIC_REPRESENTATION_CONTEXT() REPRESENTATION_CONTEXT('2D SPACE',''
  ) );
#6765 = PCURVE('',#6766,#6771);
#6766 = PLANE('',#6767);
#6767 = AXIS2_PLACEMENT_3D('',#6768,#6769,#6770);
#6768 = CARTESIAN_POINT('',(-33.99490633606,-1.025875512689E-16,
    -102.8510233461));
#6769 = DIRECTION('',(-1.,1.068589661202E-15,-1.263678077357E-16));
#6770 = DIRECTION('',(-1.068589661202E-15,-1.,-1.350353328551E-31));
#6771 = DEFINITIONAL_REPRESENTATION('',(#6772),#6776);
#6772 = LINE('',#6773,#6774);
#6773 = CARTESIAN_POINT('',(0.185883836821,20.95123499624));
#6774 = VECTOR('',#6775,1.);
#6775 = DIRECTION('',(1.,0.));
#6776 = ( GEOMETRIC_REPRESENTATION_CONTEXT(2) 
PARAMETRIC_REPRESENTATION_CONTEXT() REPRESENTATION_CONTEXT('2D SPACE',''
  ) );
#6777 = ORIENTED_EDGE('',*,*,#6778,.T.);
#6778 = EDGE_CURVE('',#6751,#6674,#6779,.T.);
#6779 = SURFACE_CURVE('',#6780,(#6784,#6791),.PCURVE_S1.);
#6780 = LINE('',#6781,#6782);
#6781 = CARTESIAN_POINT('',(-33.99490633606,-7.,-81.89978834986));
#6782 = VECTOR('',#6783,1.);
#6783 = DIRECTION('',(1.,-1.068589661202E-15,1.263678077357E-16));
#6784 = PCURVE('',#6689,#6785);
#6785 = DEFINITIONAL_REPRESENTATION('',(#6786),#6790);
#6786 = LINE('',#6787,#6788);
#6787 = CARTESIAN_POINT('',(0.,-6.814116163179));
#6788 = VECTOR('',#6789,1.);
#6789 = DIRECTION('',(1.,-1.068589661202E-15));
#6790 = ( GEOMETRIC_REPRESENTATION_CONTEXT(2) 
PARAMETRIC_REPRESENTATION_CONTEXT() REPRESENTATION_CONTEXT('2D SPACE',''
  ) );
#6791 = PCURVE('',#4280,#6792);
#6792 = DEFINITIONAL_REPRESENTATION('',(#6793),#6797);
#6793 = LINE('',#6794,#6795);
#6794 = CARTESIAN_POINT('',(-21.45123499624,1.03473548219));
#6795 = VECTOR('',#6796,1.);
#6796 = DIRECTION('',(-1.263678077357E-16,1.));
#6797 = ( GEOMETRIC_REPRESENTATION_CONTEXT(2) 
PARAMETRIC_REPRESENTATION_CONTEXT() REPRESENTATION_CONTEXT('2D SPACE',''
  ) );
#6798 = ADVANCED_FACE('',(#6799),#6766,.T.);
#6799 = FACE_BOUND('',#6800,.T.);
#6800 = EDGE_LOOP('',(#6801,#6824,#6852,#6873));
#6801 = ORIENTED_EDGE('',*,*,#6802,.F.);
#6802 = EDGE_CURVE('',#6803,#6728,#6805,.T.);
#6803 = VERTEX_POINT('',#6804);
#6804 = CARTESIAN_POINT('',(-33.99490633606,7.,-83.89978834986));
#6805 = SURFACE_CURVE('',#6806,(#6810,#6817),.PCURVE_S1.);
#6806 = LINE('',#6807,#6808);
#6807 = CARTESIAN_POINT('',(-33.99490633606,7.,-127.3510233461));
#6808 = VECTOR('',#6809,1.);
#6809 = DIRECTION('',(-1.263678077357E-16,0.,1.));
#6810 = PCURVE('',#6766,#6811);
#6811 = DEFINITIONAL_REPRESENTATION('',(#6812),#6816);
#6812 = LINE('',#6813,#6814);
#6813 = CARTESIAN_POINT('',(-7.,-24.5));
#6814 = VECTOR('',#6815,1.);
#6815 = DIRECTION('',(3.111320496571E-44,1.));
#6816 = ( GEOMETRIC_REPRESENTATION_CONTEXT(2) 
PARAMETRIC_REPRESENTATION_CONTEXT() REPRESENTATION_CONTEXT('2D SPACE',''
  ) );
#6817 = PCURVE('',#4336,#6818);
#6818 = DEFINITIONAL_REPRESENTATION('',(#6819),#6823);
#6819 = LINE('',#6820,#6821);
#6820 = CARTESIAN_POINT('',(24.,1.03473548219));
#6821 = VECTOR('',#6822,1.);
#6822 = DIRECTION('',(-1.,-1.263678077357E-16));
#6823 = ( GEOMETRIC_REPRESENTATION_CONTEXT(2) 
PARAMETRIC_REPRESENTATION_CONTEXT() REPRESENTATION_CONTEXT('2D SPACE',''
  ) );
#6824 = ORIENTED_EDGE('',*,*,#6825,.T.);
#6825 = EDGE_CURVE('',#6803,#6826,#6828,.T.);
#6826 = VERTEX_POINT('',#6827);
#6827 = CARTESIAN_POINT('',(-33.99490633606,-7.,-83.89978834986));
#6828 = SURFACE_CURVE('',#6829,(#6833,#6840),.PCURVE_S1.);
#6829 = LINE('',#6830,#6831);
#6830 = CARTESIAN_POINT('',(-33.99490633606,-1.837311027246E-15,
    -83.89978834986));
#6831 = VECTOR('',#6832,1.);
#6832 = DIRECTION('',(-1.068589661202E-15,-1.,-1.350353328551E-31));
#6833 = PCURVE('',#6766,#6834);
#6834 = DEFINITIONAL_REPRESENTATION('',(#6835),#6839);
#6835 = LINE('',#6836,#6837);
#6836 = CARTESIAN_POINT('',(1.734723475977E-15,18.95123499624));
#6837 = VECTOR('',#6838,1.);
#6838 = DIRECTION('',(1.,0.));
#6839 = ( GEOMETRIC_REPRESENTATION_CONTEXT(2) 
PARAMETRIC_REPRESENTATION_CONTEXT() REPRESENTATION_CONTEXT('2D SPACE',''
  ) );
#6840 = PCURVE('',#6841,#6846);
#6841 = PLANE('',#6842);
#6842 = AXIS2_PLACEMENT_3D('',#6843,#6844,#6845);
#6843 = CARTESIAN_POINT('',(-33.99490633606,-1.837311027246E-15,
    -83.89978834986));
#6844 = DIRECTION('',(-1.263678077357E-16,2.850949024098E-47,1.));
#6845 = DIRECTION('',(1.,0.,1.263678077357E-16));
#6846 = DEFINITIONAL_REPRESENTATION('',(#6847),#6851);
#6847 = LINE('',#6848,#6849);
#6848 = CARTESIAN_POINT('',(0.,0.));
#6849 = VECTOR('',#6850,1.);
#6850 = DIRECTION('',(-1.068589661202E-15,-1.));
#6851 = ( GEOMETRIC_REPRESENTATION_CONTEXT(2) 
PARAMETRIC_REPRESENTATION_CONTEXT() REPRESENTATION_CONTEXT('2D SPACE',''
  ) );
#6852 = ORIENTED_EDGE('',*,*,#6853,.T.);
#6853 = EDGE_CURVE('',#6826,#6751,#6854,.T.);
#6854 = SURFACE_CURVE('',#6855,(#6859,#6866),.PCURVE_S1.);
#6855 = LINE('',#6856,#6857);
#6856 = CARTESIAN_POINT('',(-33.99490633606,-7.,-127.3510233461));
#6857 = VECTOR('',#6858,1.);
#6858 = DIRECTION('',(-1.263678077357E-16,0.,1.));
#6859 = PCURVE('',#6766,#6860);
#6860 = DEFINITIONAL_REPRESENTATION('',(#6861),#6865);
#6861 = LINE('',#6862,#6863);
#6862 = CARTESIAN_POINT('',(7.,-24.5));
#6863 = VECTOR('',#6864,1.);
#6864 = DIRECTION('',(3.111320496571E-44,1.));
#6865 = ( GEOMETRIC_REPRESENTATION_CONTEXT(2) 
PARAMETRIC_REPRESENTATION_CONTEXT() REPRESENTATION_CONTEXT('2D SPACE',''
  ) );
#6866 = PCURVE('',#4280,#6867);
#6867 = DEFINITIONAL_REPRESENTATION('',(#6868),#6872);
#6868 = LINE('',#6869,#6870);
#6869 = CARTESIAN_POINT('',(24.,1.03473548219));
#6870 = VECTOR('',#6871,1.);
#6871 = DIRECTION('',(-1.,-1.263678077357E-16));
#6872 = ( GEOMETRIC_REPRESENTATION_CONTEXT(2) 
PARAMETRIC_REPRESENTATION_CONTEXT() REPRESENTATION_CONTEXT('2D SPACE',''
  ) );
#6873 = ORIENTED_EDGE('',*,*,#6750,.F.);
#6874 = ADVANCED_FACE('',(#6875),#6841,.F.);
#6875 = FACE_BOUND('',#6876,.T.);
#6876 = EDGE_LOOP('',(#6877,#6907,#6928,#6929));
#6877 = ORIENTED_EDGE('',*,*,#6878,.T.);
#6878 = EDGE_CURVE('',#6879,#6881,#6883,.T.);
#6879 = VERTEX_POINT('',#6880);
#6880 = CARTESIAN_POINT('',(-32.49490633606,7.,-83.89978834986));
#6881 = VERTEX_POINT('',#6882);
#6882 = CARTESIAN_POINT('',(-32.49490633606,-7.,-83.89978834986));
#6883 = SURFACE_CURVE('',#6884,(#6888,#6895),.PCURVE_S1.);
#6884 = LINE('',#6885,#6886);
#6885 = CARTESIAN_POINT('',(-32.49490633606,-3.440195519048E-15,
    -83.89978834986));
#6886 = VECTOR('',#6887,1.);
#6887 = DIRECTION('',(-1.068589661202E-15,-1.,-1.350353328551E-31));
#6888 = PCURVE('',#6841,#6889);
#6889 = DEFINITIONAL_REPRESENTATION('',(#6890),#6894);
#6890 = LINE('',#6891,#6892);
#6891 = CARTESIAN_POINT('',(1.5,-1.602884491802E-15));
#6892 = VECTOR('',#6893,1.);
#6893 = DIRECTION('',(-1.068589661202E-15,-1.));
#6894 = ( GEOMETRIC_REPRESENTATION_CONTEXT(2) 
PARAMETRIC_REPRESENTATION_CONTEXT() REPRESENTATION_CONTEXT('2D SPACE',''
  ) );
#6895 = PCURVE('',#6896,#6901);
#6896 = PLANE('',#6897);
#6897 = AXIS2_PLACEMENT_3D('',#6898,#6899,#6900);
#6898 = CARTESIAN_POINT('',(-32.49490633606,6.010142463668,
    -103.3510233461));
#6899 = DIRECTION('',(-1.,1.068589661202E-15,-1.263678077357E-16));
#6900 = DIRECTION('',(-1.068589661202E-15,-1.,0.));
#6901 = DEFINITIONAL_REPRESENTATION('',(#6902),#6906);
#6902 = LINE('',#6903,#6904);
#6903 = CARTESIAN_POINT('',(6.010142463668,19.45123499624));
#6904 = VECTOR('',#6905,1.);
#6905 = DIRECTION('',(1.,-1.350353328551E-31));
#6906 = ( GEOMETRIC_REPRESENTATION_CONTEXT(2) 
PARAMETRIC_REPRESENTATION_CONTEXT() REPRESENTATION_CONTEXT('2D SPACE',''
  ) );
#6907 = ORIENTED_EDGE('',*,*,#6908,.F.);
#6908 = EDGE_CURVE('',#6826,#6881,#6909,.T.);
#6909 = SURFACE_CURVE('',#6910,(#6914,#6921),.PCURVE_S1.);
#6910 = LINE('',#6911,#6912);
#6911 = CARTESIAN_POINT('',(-33.99490633606,-7.,-83.89978834986));
#6912 = VECTOR('',#6913,1.);
#6913 = DIRECTION('',(1.,-1.068589661202E-15,1.263678077357E-16));
#6914 = PCURVE('',#6841,#6915);
#6915 = DEFINITIONAL_REPRESENTATION('',(#6916),#6920);
#6916 = LINE('',#6917,#6918);
#6917 = CARTESIAN_POINT('',(0.,-7.));
#6918 = VECTOR('',#6919,1.);
#6919 = DIRECTION('',(1.,-1.068589661202E-15));
#6920 = ( GEOMETRIC_REPRESENTATION_CONTEXT(2) 
PARAMETRIC_REPRESENTATION_CONTEXT() REPRESENTATION_CONTEXT('2D SPACE',''
  ) );
#6921 = PCURVE('',#4280,#6922);
#6922 = DEFINITIONAL_REPRESENTATION('',(#6923),#6927);
#6923 = LINE('',#6924,#6925);
#6924 = CARTESIAN_POINT('',(-19.45123499624,1.03473548219));
#6925 = VECTOR('',#6926,1.);
#6926 = DIRECTION('',(-1.263678077357E-16,1.));
#6927 = ( GEOMETRIC_REPRESENTATION_CONTEXT(2) 
PARAMETRIC_REPRESENTATION_CONTEXT() REPRESENTATION_CONTEXT('2D SPACE',''
  ) );
#6928 = ORIENTED_EDGE('',*,*,#6825,.F.);
#6929 = ORIENTED_EDGE('',*,*,#6930,.T.);
#6930 = EDGE_CURVE('',#6803,#6879,#6931,.T.);
#6931 = SURFACE_CURVE('',#6932,(#6936,#6943),.PCURVE_S1.);
#6932 = LINE('',#6933,#6934);
#6933 = CARTESIAN_POINT('',(-33.99490633606,7.,-83.89978834986));
#6934 = VECTOR('',#6935,1.);
#6935 = DIRECTION('',(1.,-1.068589661202E-15,1.263678077357E-16));
#6936 = PCURVE('',#6841,#6937);
#6937 = DEFINITIONAL_REPRESENTATION('',(#6938),#6942);
#6938 = LINE('',#6939,#6940);
#6939 = CARTESIAN_POINT('',(0.,7.));
#6940 = VECTOR('',#6941,1.);
#6941 = DIRECTION('',(1.,-1.068589661202E-15));
#6942 = ( GEOMETRIC_REPRESENTATION_CONTEXT(2) 
PARAMETRIC_REPRESENTATION_CONTEXT() REPRESENTATION_CONTEXT('2D SPACE',''
  ) );
#6943 = PCURVE('',#4336,#6944);
#6944 = DEFINITIONAL_REPRESENTATION('',(#6945),#6949);
#6945 = LINE('',#6946,#6947);
#6946 = CARTESIAN_POINT('',(-19.45123499624,1.03473548219));
#6947 = VECTOR('',#6948,1.);
#6948 = DIRECTION('',(-1.263678077357E-16,1.));
#6949 = ( GEOMETRIC_REPRESENTATION_CONTEXT(2) 
PARAMETRIC_REPRESENTATION_CONTEXT() REPRESENTATION_CONTEXT('2D SPACE',''
  ) );
#6950 = ADVANCED_FACE('',(#6951),#6896,.T.);
#6951 = FACE_BOUND('',#6952,.T.);
#6952 = EDGE_LOOP('',(#6953,#6954,#6977,#7005));
#6953 = ORIENTED_EDGE('',*,*,#6878,.F.);
#6954 = ORIENTED_EDGE('',*,*,#6955,.F.);
#6955 = EDGE_CURVE('',#6956,#6879,#6958,.T.);
#6956 = VERTEX_POINT('',#6957);
#6957 = CARTESIAN_POINT('',(-32.49490633606,7.,-85.89978834986));
#6958 = SURFACE_CURVE('',#6959,(#6963,#6970),.PCURVE_S1.);
#6959 = LINE('',#6960,#6961);
#6960 = CARTESIAN_POINT('',(-32.49490633606,7.,-103.3510233461));
#6961 = VECTOR('',#6962,1.);
#6962 = DIRECTION('',(-1.263678077357E-16,0.,1.));
#6963 = PCURVE('',#6896,#6964);
#6964 = DEFINITIONAL_REPRESENTATION('',(#6965),#6969);
#6965 = LINE('',#6966,#6967);
#6966 = CARTESIAN_POINT('',(-0.989857536332,1.336657418978E-31));
#6967 = VECTOR('',#6968,1.);
#6968 = DIRECTION('',(1.350353328551E-31,1.));
#6969 = ( GEOMETRIC_REPRESENTATION_CONTEXT(2) 
PARAMETRIC_REPRESENTATION_CONTEXT() REPRESENTATION_CONTEXT('2D SPACE',''
  ) );
#6970 = PCURVE('',#4336,#6971);
#6971 = DEFINITIONAL_REPRESENTATION('',(#6972),#6976);
#6972 = LINE('',#6973,#6974);
#6973 = CARTESIAN_POINT('',(0.,2.53473548219));
#6974 = VECTOR('',#6975,1.);
#6975 = DIRECTION('',(-1.,-1.263678077357E-16));
#6976 = ( GEOMETRIC_REPRESENTATION_CONTEXT(2) 
PARAMETRIC_REPRESENTATION_CONTEXT() REPRESENTATION_CONTEXT('2D SPACE',''
  ) );
#6977 = ORIENTED_EDGE('',*,*,#6978,.T.);
#6978 = EDGE_CURVE('',#6956,#6979,#6981,.T.);
#6979 = VERTEX_POINT('',#6980);
#6980 = CARTESIAN_POINT('',(-32.49490633606,-7.,-85.89978834986));
#6981 = SURFACE_CURVE('',#6982,(#6986,#6993),.PCURVE_S1.);
#6982 = LINE('',#6983,#6984);
#6983 = CARTESIAN_POINT('',(-32.49490633606,-0.185883836821,
    -85.89978834986));
#6984 = VECTOR('',#6985,1.);
#6985 = DIRECTION('',(-1.068589661202E-15,-1.,-1.350353328551E-31));
#6986 = PCURVE('',#6896,#6987);
#6987 = DEFINITIONAL_REPRESENTATION('',(#6988),#6992);
#6988 = LINE('',#6989,#6990);
#6989 = CARTESIAN_POINT('',(6.196026300489,17.45123499624));
#6990 = VECTOR('',#6991,1.);
#6991 = DIRECTION('',(1.,-1.350353328551E-31));
#6992 = ( GEOMETRIC_REPRESENTATION_CONTEXT(2) 
PARAMETRIC_REPRESENTATION_CONTEXT() REPRESENTATION_CONTEXT('2D SPACE',''
  ) );
#6993 = PCURVE('',#6994,#6999);
#6994 = PLANE('',#6995);
#6995 = AXIS2_PLACEMENT_3D('',#6996,#6997,#6998);
#6996 = CARTESIAN_POINT('',(-33.99490633606,-0.185883836821,
    -85.89978834986));
#6997 = DIRECTION('',(-1.263678077357E-16,2.850949024098E-47,1.));
#6998 = DIRECTION('',(1.,0.,1.263678077357E-16));
#6999 = DEFINITIONAL_REPRESENTATION('',(#7000),#7004);
#7000 = LINE('',#7001,#7002);
#7001 = CARTESIAN_POINT('',(1.5,5.404022672122E-63));
#7002 = VECTOR('',#7003,1.);
#7003 = DIRECTION('',(-1.068589661202E-15,-1.));
#7004 = ( GEOMETRIC_REPRESENTATION_CONTEXT(2) 
PARAMETRIC_REPRESENTATION_CONTEXT() REPRESENTATION_CONTEXT('2D SPACE',''
  ) );
#7005 = ORIENTED_EDGE('',*,*,#7006,.T.);
#7006 = EDGE_CURVE('',#6979,#6881,#7007,.T.);
#7007 = SURFACE_CURVE('',#7008,(#7012,#7019),.PCURVE_S1.);
#7008 = LINE('',#7009,#7010);
#7009 = CARTESIAN_POINT('',(-32.49490633606,-7.,-103.3510233461));
#7010 = VECTOR('',#7011,1.);
#7011 = DIRECTION('',(-1.263678077357E-16,0.,1.));
#7012 = PCURVE('',#6896,#7013);
#7013 = DEFINITIONAL_REPRESENTATION('',(#7014),#7018);
#7014 = LINE('',#7015,#7016);
#7015 = CARTESIAN_POINT('',(13.010142463668,3.896563833653E-32));
#7016 = VECTOR('',#7017,1.);
#7017 = DIRECTION('',(1.350353328551E-31,1.));
#7018 = ( GEOMETRIC_REPRESENTATION_CONTEXT(2) 
PARAMETRIC_REPRESENTATION_CONTEXT() REPRESENTATION_CONTEXT('2D SPACE',''
  ) );
#7019 = PCURVE('',#4280,#7020);
#7020 = DEFINITIONAL_REPRESENTATION('',(#7021),#7025);
#7021 = LINE('',#7022,#7023);
#7022 = CARTESIAN_POINT('',(0.,2.53473548219));
#7023 = VECTOR('',#7024,1.);
#7024 = DIRECTION('',(-1.,-1.263678077357E-16));
#7025 = ( GEOMETRIC_REPRESENTATION_CONTEXT(2) 
PARAMETRIC_REPRESENTATION_CONTEXT() REPRESENTATION_CONTEXT('2D SPACE',''
  ) );
#7026 = ADVANCED_FACE('',(#7027),#6994,.T.);
#7027 = FACE_BOUND('',#7028,.T.);
#7028 = EDGE_LOOP('',(#7029,#7030,#7053,#7081));
#7029 = ORIENTED_EDGE('',*,*,#6978,.F.);
#7030 = ORIENTED_EDGE('',*,*,#7031,.F.);
#7031 = EDGE_CURVE('',#7032,#6956,#7034,.T.);
#7032 = VERTEX_POINT('',#7033);
#7033 = CARTESIAN_POINT('',(-33.99490633606,7.,-85.89978834986));
#7034 = SURFACE_CURVE('',#7035,(#7039,#7046),.PCURVE_S1.);
#7035 = LINE('',#7036,#7037);
#7036 = CARTESIAN_POINT('',(-33.99490633606,7.,-85.89978834986));
#7037 = VECTOR('',#7038,1.);
#7038 = DIRECTION('',(1.,-1.068589661202E-15,1.263678077357E-16));
#7039 = PCURVE('',#6994,#7040);
#7040 = DEFINITIONAL_REPRESENTATION('',(#7041),#7045);
#7041 = LINE('',#7042,#7043);
#7042 = CARTESIAN_POINT('',(0.,7.185883836821));
#7043 = VECTOR('',#7044,1.);
#7044 = DIRECTION('',(1.,-1.068589661202E-15));
#7045 = ( GEOMETRIC_REPRESENTATION_CONTEXT(2) 
PARAMETRIC_REPRESENTATION_CONTEXT() REPRESENTATION_CONTEXT('2D SPACE',''
  ) );
#7046 = PCURVE('',#4336,#7047);
#7047 = DEFINITIONAL_REPRESENTATION('',(#7048),#7052);
#7048 = LINE('',#7049,#7050);
#7049 = CARTESIAN_POINT('',(-17.45123499624,1.03473548219));
#7050 = VECTOR('',#7051,1.);
#7051 = DIRECTION('',(-1.263678077357E-16,1.));
#7052 = ( GEOMETRIC_REPRESENTATION_CONTEXT(2) 
PARAMETRIC_REPRESENTATION_CONTEXT() REPRESENTATION_CONTEXT('2D SPACE',''
  ) );
#7053 = ORIENTED_EDGE('',*,*,#7054,.T.);
#7054 = EDGE_CURVE('',#7032,#7055,#7057,.T.);
#7055 = VERTEX_POINT('',#7056);
#7056 = CARTESIAN_POINT('',(-33.99490633606,-7.,-85.89978834986));
#7057 = SURFACE_CURVE('',#7058,(#7062,#7069),.PCURVE_S1.);
#7058 = LINE('',#7059,#7060);
#7059 = CARTESIAN_POINT('',(-33.99490633606,-0.185883836821,
    -85.89978834986));
#7060 = VECTOR('',#7061,1.);
#7061 = DIRECTION('',(-1.068589661202E-15,-1.,-1.350353328551E-31));
#7062 = PCURVE('',#6994,#7063);
#7063 = DEFINITIONAL_REPRESENTATION('',(#7064),#7068);
#7064 = LINE('',#7065,#7066);
#7065 = CARTESIAN_POINT('',(0.,0.));
#7066 = VECTOR('',#7067,1.);
#7067 = DIRECTION('',(-1.068589661202E-15,-1.));
#7068 = ( GEOMETRIC_REPRESENTATION_CONTEXT(2) 
PARAMETRIC_REPRESENTATION_CONTEXT() REPRESENTATION_CONTEXT('2D SPACE',''
  ) );
#7069 = PCURVE('',#7070,#7075);
#7070 = PLANE('',#7071);
#7071 = AXIS2_PLACEMENT_3D('',#7072,#7073,#7074);
#7072 = CARTESIAN_POINT('',(-33.99490633606,-1.025875512689E-16,
    -106.8510233461));
#7073 = DIRECTION('',(-1.,1.068589661202E-15,-1.263678077357E-16));
#7074 = DIRECTION('',(-1.068589661202E-15,-1.,-1.350353328551E-31));
#7075 = DEFINITIONAL_REPRESENTATION('',(#7076),#7080);
#7076 = LINE('',#7077,#7078);
#7077 = CARTESIAN_POINT('',(0.185883836821,20.95123499624));
#7078 = VECTOR('',#7079,1.);
#7079 = DIRECTION('',(1.,0.));
#7080 = ( GEOMETRIC_REPRESENTATION_CONTEXT(2) 
PARAMETRIC_REPRESENTATION_CONTEXT() REPRESENTATION_CONTEXT('2D SPACE',''
  ) );
#7081 = ORIENTED_EDGE('',*,*,#7082,.T.);
#7082 = EDGE_CURVE('',#7055,#6979,#7083,.T.);
#7083 = SURFACE_CURVE('',#7084,(#7088,#7095),.PCURVE_S1.);
#7084 = LINE('',#7085,#7086);
#7085 = CARTESIAN_POINT('',(-33.99490633606,-7.,-85.89978834986));
#7086 = VECTOR('',#7087,1.);
#7087 = DIRECTION('',(1.,-1.068589661202E-15,1.263678077357E-16));
#7088 = PCURVE('',#6994,#7089);
#7089 = DEFINITIONAL_REPRESENTATION('',(#7090),#7094);
#7090 = LINE('',#7091,#7092);
#7091 = CARTESIAN_POINT('',(0.,-6.814116163179));
#7092 = VECTOR('',#7093,1.);
#7093 = DIRECTION('',(1.,-1.068589661202E-15));
#7094 = ( GEOMETRIC_REPRESENTATION_CONTEXT(2) 
PARAMETRIC_REPRESENTATION_CONTEXT() REPRESENTATION_CONTEXT('2D SPACE',''
  ) );
#7095 = PCURVE('',#4280,#7096);
#7096 = DEFINITIONAL_REPRESENTATION('',(#7097),#7101);
#7097 = LINE('',#7098,#7099);
#7098 = CARTESIAN_POINT('',(-17.45123499624,1.03473548219));
#7099 = VECTOR('',#7100,1.);
#7100 = DIRECTION('',(-1.263678077357E-16,1.));
#7101 = ( GEOMETRIC_REPRESENTATION_CONTEXT(2) 
PARAMETRIC_REPRESENTATION_CONTEXT() REPRESENTATION_CONTEXT('2D SPACE',''
  ) );
#7102 = ADVANCED_FACE('',(#7103),#7070,.T.);
#7103 = FACE_BOUND('',#7104,.T.);
#7104 = EDGE_LOOP('',(#7105,#7128,#7156,#7177));
#7105 = ORIENTED_EDGE('',*,*,#7106,.F.);
#7106 = EDGE_CURVE('',#7107,#7032,#7109,.T.);
#7107 = VERTEX_POINT('',#7108);
#7108 = CARTESIAN_POINT('',(-33.99490633606,7.,-87.89978834986));
#7109 = SURFACE_CURVE('',#7110,(#7114,#7121),.PCURVE_S1.);
#7110 = LINE('',#7111,#7112);
#7111 = CARTESIAN_POINT('',(-33.99490633606,7.,-131.3510233461));
#7112 = VECTOR('',#7113,1.);
#7113 = DIRECTION('',(-1.263678077357E-16,0.,1.));
#7114 = PCURVE('',#7070,#7115);
#7115 = DEFINITIONAL_REPRESENTATION('',(#7116),#7120);
#7116 = LINE('',#7117,#7118);
#7117 = CARTESIAN_POINT('',(-7.,-24.5));
#7118 = VECTOR('',#7119,1.);
#7119 = DIRECTION('',(3.111320496571E-44,1.));
#7120 = ( GEOMETRIC_REPRESENTATION_CONTEXT(2) 
PARAMETRIC_REPRESENTATION_CONTEXT() REPRESENTATION_CONTEXT('2D SPACE',''
  ) );
#7121 = PCURVE('',#4336,#7122);
#7122 = DEFINITIONAL_REPRESENTATION('',(#7123),#7127);
#7123 = LINE('',#7124,#7125);
#7124 = CARTESIAN_POINT('',(28.,1.03473548219));
#7125 = VECTOR('',#7126,1.);
#7126 = DIRECTION('',(-1.,-1.263678077357E-16));
#7127 = ( GEOMETRIC_REPRESENTATION_CONTEXT(2) 
PARAMETRIC_REPRESENTATION_CONTEXT() REPRESENTATION_CONTEXT('2D SPACE',''
  ) );
#7128 = ORIENTED_EDGE('',*,*,#7129,.T.);
#7129 = EDGE_CURVE('',#7107,#7130,#7132,.T.);
#7130 = VERTEX_POINT('',#7131);
#7131 = CARTESIAN_POINT('',(-33.99490633606,-7.,-87.89978834986));
#7132 = SURFACE_CURVE('',#7133,(#7137,#7144),.PCURVE_S1.);
#7133 = LINE('',#7134,#7135);
#7134 = CARTESIAN_POINT('',(-33.99490633606,-1.837311027246E-15,
    -87.89978834986));
#7135 = VECTOR('',#7136,1.);
#7136 = DIRECTION('',(-1.068589661202E-15,-1.,-1.350353328551E-31));
#7137 = PCURVE('',#7070,#7138);
#7138 = DEFINITIONAL_REPRESENTATION('',(#7139),#7143);
#7139 = LINE('',#7140,#7141);
#7140 = CARTESIAN_POINT('',(1.734723475977E-15,18.95123499624));
#7141 = VECTOR('',#7142,1.);
#7142 = DIRECTION('',(1.,0.));
#7143 = ( GEOMETRIC_REPRESENTATION_CONTEXT(2) 
PARAMETRIC_REPRESENTATION_CONTEXT() REPRESENTATION_CONTEXT('2D SPACE',''
  ) );
#7144 = PCURVE('',#7145,#7150);
#7145 = PLANE('',#7146);
#7146 = AXIS2_PLACEMENT_3D('',#7147,#7148,#7149);
#7147 = CARTESIAN_POINT('',(-33.99490633606,-1.837311027246E-15,
    -87.89978834986));
#7148 = DIRECTION('',(-1.263678077357E-16,2.850949024098E-47,1.));
#7149 = DIRECTION('',(1.,0.,1.263678077357E-16));
#7150 = DEFINITIONAL_REPRESENTATION('',(#7151),#7155);
#7151 = LINE('',#7152,#7153);
#7152 = CARTESIAN_POINT('',(0.,0.));
#7153 = VECTOR('',#7154,1.);
#7154 = DIRECTION('',(-1.068589661202E-15,-1.));
#7155 = ( GEOMETRIC_REPRESENTATION_CONTEXT(2) 
PARAMETRIC_REPRESENTATION_CONTEXT() REPRESENTATION_CONTEXT('2D SPACE',''
  ) );
#7156 = ORIENTED_EDGE('',*,*,#7157,.T.);
#7157 = EDGE_CURVE('',#7130,#7055,#7158,.T.);
#7158 = SURFACE_CURVE('',#7159,(#7163,#7170),.PCURVE_S1.);
#7159 = LINE('',#7160,#7161);
#7160 = CARTESIAN_POINT('',(-33.99490633606,-7.,-131.3510233461));
#7161 = VECTOR('',#7162,1.);
#7162 = DIRECTION('',(-1.263678077357E-16,0.,1.));
#7163 = PCURVE('',#7070,#7164);
#7164 = DEFINITIONAL_REPRESENTATION('',(#7165),#7169);
#7165 = LINE('',#7166,#7167);
#7166 = CARTESIAN_POINT('',(7.,-24.5));
#7167 = VECTOR('',#7168,1.);
#7168 = DIRECTION('',(3.111320496571E-44,1.));
#7169 = ( GEOMETRIC_REPRESENTATION_CONTEXT(2) 
PARAMETRIC_REPRESENTATION_CONTEXT() REPRESENTATION_CONTEXT('2D SPACE',''
  ) );
#7170 = PCURVE('',#4280,#7171);
#7171 = DEFINITIONAL_REPRESENTATION('',(#7172),#7176);
#7172 = LINE('',#7173,#7174);
#7173 = CARTESIAN_POINT('',(28.,1.03473548219));
#7174 = VECTOR('',#7175,1.);
#7175 = DIRECTION('',(-1.,-1.263678077357E-16));
#7176 = ( GEOMETRIC_REPRESENTATION_CONTEXT(2) 
PARAMETRIC_REPRESENTATION_CONTEXT() REPRESENTATION_CONTEXT('2D SPACE',''
  ) );
#7177 = ORIENTED_EDGE('',*,*,#7054,.F.);
#7178 = ADVANCED_FACE('',(#7179),#7145,.F.);
#7179 = FACE_BOUND('',#7180,.T.);
#7180 = EDGE_LOOP('',(#7181,#7211,#7232,#7233));
#7181 = ORIENTED_EDGE('',*,*,#7182,.T.);
#7182 = EDGE_CURVE('',#7183,#7185,#7187,.T.);
#7183 = VERTEX_POINT('',#7184);
#7184 = CARTESIAN_POINT('',(-32.49490633606,7.,-87.89978834986));
#7185 = VERTEX_POINT('',#7186);
#7186 = CARTESIAN_POINT('',(-32.49490633606,-7.,-87.89978834986));
#7187 = SURFACE_CURVE('',#7188,(#7192,#7199),.PCURVE_S1.);
#7188 = LINE('',#7189,#7190);
#7189 = CARTESIAN_POINT('',(-32.49490633606,-3.440195519048E-15,
    -87.89978834986));
#7190 = VECTOR('',#7191,1.);
#7191 = DIRECTION('',(-1.068589661202E-15,-1.,-1.350353328551E-31));
#7192 = PCURVE('',#7145,#7193);
#7193 = DEFINITIONAL_REPRESENTATION('',(#7194),#7198);
#7194 = LINE('',#7195,#7196);
#7195 = CARTESIAN_POINT('',(1.5,-1.602884491802E-15));
#7196 = VECTOR('',#7197,1.);
#7197 = DIRECTION('',(-1.068589661202E-15,-1.));
#7198 = ( GEOMETRIC_REPRESENTATION_CONTEXT(2) 
PARAMETRIC_REPRESENTATION_CONTEXT() REPRESENTATION_CONTEXT('2D SPACE',''
  ) );
#7199 = PCURVE('',#7200,#7205);
#7200 = PLANE('',#7201);
#7201 = AXIS2_PLACEMENT_3D('',#7202,#7203,#7204);
#7202 = CARTESIAN_POINT('',(-32.49490633606,6.010142463668,
    -103.3510233461));
#7203 = DIRECTION('',(-1.,1.068589661202E-15,-1.263678077357E-16));
#7204 = DIRECTION('',(-1.068589661202E-15,-1.,0.));
#7205 = DEFINITIONAL_REPRESENTATION('',(#7206),#7210);
#7206 = LINE('',#7207,#7208);
#7207 = CARTESIAN_POINT('',(6.010142463668,15.45123499624));
#7208 = VECTOR('',#7209,1.);
#7209 = DIRECTION('',(1.,-1.350353328551E-31));
#7210 = ( GEOMETRIC_REPRESENTATION_CONTEXT(2) 
PARAMETRIC_REPRESENTATION_CONTEXT() REPRESENTATION_CONTEXT('2D SPACE',''
  ) );
#7211 = ORIENTED_EDGE('',*,*,#7212,.F.);
#7212 = EDGE_CURVE('',#7130,#7185,#7213,.T.);
#7213 = SURFACE_CURVE('',#7214,(#7218,#7225),.PCURVE_S1.);
#7214 = LINE('',#7215,#7216);
#7215 = CARTESIAN_POINT('',(-33.99490633606,-7.,-87.89978834986));
#7216 = VECTOR('',#7217,1.);
#7217 = DIRECTION('',(1.,-1.068589661202E-15,1.263678077357E-16));
#7218 = PCURVE('',#7145,#7219);
#7219 = DEFINITIONAL_REPRESENTATION('',(#7220),#7224);
#7220 = LINE('',#7221,#7222);
#7221 = CARTESIAN_POINT('',(0.,-7.));
#7222 = VECTOR('',#7223,1.);
#7223 = DIRECTION('',(1.,-1.068589661202E-15));
#7224 = ( GEOMETRIC_REPRESENTATION_CONTEXT(2) 
PARAMETRIC_REPRESENTATION_CONTEXT() REPRESENTATION_CONTEXT('2D SPACE',''
  ) );
#7225 = PCURVE('',#4280,#7226);
#7226 = DEFINITIONAL_REPRESENTATION('',(#7227),#7231);
#7227 = LINE('',#7228,#7229);
#7228 = CARTESIAN_POINT('',(-15.45123499624,1.03473548219));
#7229 = VECTOR('',#7230,1.);
#7230 = DIRECTION('',(-1.263678077357E-16,1.));
#7231 = ( GEOMETRIC_REPRESENTATION_CONTEXT(2) 
PARAMETRIC_REPRESENTATION_CONTEXT() REPRESENTATION_CONTEXT('2D SPACE',''
  ) );
#7232 = ORIENTED_EDGE('',*,*,#7129,.F.);
#7233 = ORIENTED_EDGE('',*,*,#7234,.T.);
#7234 = EDGE_CURVE('',#7107,#7183,#7235,.T.);
#7235 = SURFACE_CURVE('',#7236,(#7240,#7247),.PCURVE_S1.);
#7236 = LINE('',#7237,#7238);
#7237 = CARTESIAN_POINT('',(-33.99490633606,7.,-87.89978834986));
#7238 = VECTOR('',#7239,1.);
#7239 = DIRECTION('',(1.,-1.068589661202E-15,1.263678077357E-16));
#7240 = PCURVE('',#7145,#7241);
#7241 = DEFINITIONAL_REPRESENTATION('',(#7242),#7246);
#7242 = LINE('',#7243,#7244);
#7243 = CARTESIAN_POINT('',(0.,7.));
#7244 = VECTOR('',#7245,1.);
#7245 = DIRECTION('',(1.,-1.068589661202E-15));
#7246 = ( GEOMETRIC_REPRESENTATION_CONTEXT(2) 
PARAMETRIC_REPRESENTATION_CONTEXT() REPRESENTATION_CONTEXT('2D SPACE',''
  ) );
#7247 = PCURVE('',#4336,#7248);
#7248 = DEFINITIONAL_REPRESENTATION('',(#7249),#7253);
#7249 = LINE('',#7250,#7251);
#7250 = CARTESIAN_POINT('',(-15.45123499624,1.03473548219));
#7251 = VECTOR('',#7252,1.);
#7252 = DIRECTION('',(-1.263678077357E-16,1.));
#7253 = ( GEOMETRIC_REPRESENTATION_CONTEXT(2) 
PARAMETRIC_REPRESENTATION_CONTEXT() REPRESENTATION_CONTEXT('2D SPACE',''
  ) );
#7254 = ADVANCED_FACE('',(#7255),#7200,.T.);
#7255 = FACE_BOUND('',#7256,.T.);
#7256 = EDGE_LOOP('',(#7257,#7258,#7281,#7309));
#7257 = ORIENTED_EDGE('',*,*,#7182,.F.);
#7258 = ORIENTED_EDGE('',*,*,#7259,.F.);
#7259 = EDGE_CURVE('',#7260,#7183,#7262,.T.);
#7260 = VERTEX_POINT('',#7261);
#7261 = CARTESIAN_POINT('',(-32.49490633606,7.,-89.89978834986));
#7262 = SURFACE_CURVE('',#7263,(#7267,#7274),.PCURVE_S1.);
#7263 = LINE('',#7264,#7265);
#7264 = CARTESIAN_POINT('',(-32.49490633606,7.,-103.3510233461));
#7265 = VECTOR('',#7266,1.);
#7266 = DIRECTION('',(-1.263678077357E-16,0.,1.));
#7267 = PCURVE('',#7200,#7268);
#7268 = DEFINITIONAL_REPRESENTATION('',(#7269),#7273);
#7269 = LINE('',#7270,#7271);
#7270 = CARTESIAN_POINT('',(-0.989857536332,1.336657418978E-31));
#7271 = VECTOR('',#7272,1.);
#7272 = DIRECTION('',(1.350353328551E-31,1.));
#7273 = ( GEOMETRIC_REPRESENTATION_CONTEXT(2) 
PARAMETRIC_REPRESENTATION_CONTEXT() REPRESENTATION_CONTEXT('2D SPACE',''
  ) );
#7274 = PCURVE('',#4336,#7275);
#7275 = DEFINITIONAL_REPRESENTATION('',(#7276),#7280);
#7276 = LINE('',#7277,#7278);
#7277 = CARTESIAN_POINT('',(0.,2.53473548219));
#7278 = VECTOR('',#7279,1.);
#7279 = DIRECTION('',(-1.,-1.263678077357E-16));
#7280 = ( GEOMETRIC_REPRESENTATION_CONTEXT(2) 
PARAMETRIC_REPRESENTATION_CONTEXT() REPRESENTATION_CONTEXT('2D SPACE',''
  ) );
#7281 = ORIENTED_EDGE('',*,*,#7282,.T.);
#7282 = EDGE_CURVE('',#7260,#7283,#7285,.T.);
#7283 = VERTEX_POINT('',#7284);
#7284 = CARTESIAN_POINT('',(-32.49490633606,-7.,-89.89978834986));
#7285 = SURFACE_CURVE('',#7286,(#7290,#7297),.PCURVE_S1.);
#7286 = LINE('',#7287,#7288);
#7287 = CARTESIAN_POINT('',(-32.49490633606,-0.185883836821,
    -89.89978834986));
#7288 = VECTOR('',#7289,1.);
#7289 = DIRECTION('',(-1.068589661202E-15,-1.,-1.350353328551E-31));
#7290 = PCURVE('',#7200,#7291);
#7291 = DEFINITIONAL_REPRESENTATION('',(#7292),#7296);
#7292 = LINE('',#7293,#7294);
#7293 = CARTESIAN_POINT('',(6.196026300489,13.45123499624));
#7294 = VECTOR('',#7295,1.);
#7295 = DIRECTION('',(1.,-1.350353328551E-31));
#7296 = ( GEOMETRIC_REPRESENTATION_CONTEXT(2) 
PARAMETRIC_REPRESENTATION_CONTEXT() REPRESENTATION_CONTEXT('2D SPACE',''
  ) );
#7297 = PCURVE('',#7298,#7303);
#7298 = PLANE('',#7299);
#7299 = AXIS2_PLACEMENT_3D('',#7300,#7301,#7302);
#7300 = CARTESIAN_POINT('',(-33.99490633606,-0.185883836821,
    -89.89978834986));
#7301 = DIRECTION('',(-1.263678077357E-16,2.850949024098E-47,1.));
#7302 = DIRECTION('',(1.,0.,1.263678077357E-16));
#7303 = DEFINITIONAL_REPRESENTATION('',(#7304),#7308);
#7304 = LINE('',#7305,#7306);
#7305 = CARTESIAN_POINT('',(1.5,5.404022672122E-63));
#7306 = VECTOR('',#7307,1.);
#7307 = DIRECTION('',(-1.068589661202E-15,-1.));
#7308 = ( GEOMETRIC_REPRESENTATION_CONTEXT(2) 
PARAMETRIC_REPRESENTATION_CONTEXT() REPRESENTATION_CONTEXT('2D SPACE',''
  ) );
#7309 = ORIENTED_EDGE('',*,*,#7310,.T.);
#7310 = EDGE_CURVE('',#7283,#7185,#7311,.T.);
#7311 = SURFACE_CURVE('',#7312,(#7316,#7323),.PCURVE_S1.);
#7312 = LINE('',#7313,#7314);
#7313 = CARTESIAN_POINT('',(-32.49490633606,-7.,-103.3510233461));
#7314 = VECTOR('',#7315,1.);
#7315 = DIRECTION('',(-1.263678077357E-16,0.,1.));
#7316 = PCURVE('',#7200,#7317);
#7317 = DEFINITIONAL_REPRESENTATION('',(#7318),#7322);
#7318 = LINE('',#7319,#7320);
#7319 = CARTESIAN_POINT('',(13.010142463668,3.896563833653E-32));
#7320 = VECTOR('',#7321,1.);
#7321 = DIRECTION('',(1.350353328551E-31,1.));
#7322 = ( GEOMETRIC_REPRESENTATION_CONTEXT(2) 
PARAMETRIC_REPRESENTATION_CONTEXT() REPRESENTATION_CONTEXT('2D SPACE',''
  ) );
#7323 = PCURVE('',#4280,#7324);
#7324 = DEFINITIONAL_REPRESENTATION('',(#7325),#7329);
#7325 = LINE('',#7326,#7327);
#7326 = CARTESIAN_POINT('',(0.,2.53473548219));
#7327 = VECTOR('',#7328,1.);
#7328 = DIRECTION('',(-1.,-1.263678077357E-16));
#7329 = ( GEOMETRIC_REPRESENTATION_CONTEXT(2) 
PARAMETRIC_REPRESENTATION_CONTEXT() REPRESENTATION_CONTEXT('2D SPACE',''
  ) );
#7330 = ADVANCED_FACE('',(#7331),#7298,.T.);
#7331 = FACE_BOUND('',#7332,.T.);
#7332 = EDGE_LOOP('',(#7333,#7334,#7357,#7385));
#7333 = ORIENTED_EDGE('',*,*,#7282,.F.);
#7334 = ORIENTED_EDGE('',*,*,#7335,.F.);
#7335 = EDGE_CURVE('',#7336,#7260,#7338,.T.);
#7336 = VERTEX_POINT('',#7337);
#7337 = CARTESIAN_POINT('',(-33.99490633606,7.,-89.89978834986));
#7338 = SURFACE_CURVE('',#7339,(#7343,#7350),.PCURVE_S1.);
#7339 = LINE('',#7340,#7341);
#7340 = CARTESIAN_POINT('',(-33.99490633606,7.,-89.89978834986));
#7341 = VECTOR('',#7342,1.);
#7342 = DIRECTION('',(1.,-1.068589661202E-15,1.263678077357E-16));
#7343 = PCURVE('',#7298,#7344);
#7344 = DEFINITIONAL_REPRESENTATION('',(#7345),#7349);
#7345 = LINE('',#7346,#7347);
#7346 = CARTESIAN_POINT('',(0.,7.185883836821));
#7347 = VECTOR('',#7348,1.);
#7348 = DIRECTION('',(1.,-1.068589661202E-15));
#7349 = ( GEOMETRIC_REPRESENTATION_CONTEXT(2) 
PARAMETRIC_REPRESENTATION_CONTEXT() REPRESENTATION_CONTEXT('2D SPACE',''
  ) );
#7350 = PCURVE('',#4336,#7351);
#7351 = DEFINITIONAL_REPRESENTATION('',(#7352),#7356);
#7352 = LINE('',#7353,#7354);
#7353 = CARTESIAN_POINT('',(-13.45123499624,1.03473548219));
#7354 = VECTOR('',#7355,1.);
#7355 = DIRECTION('',(-1.263678077357E-16,1.));
#7356 = ( GEOMETRIC_REPRESENTATION_CONTEXT(2) 
PARAMETRIC_REPRESENTATION_CONTEXT() REPRESENTATION_CONTEXT('2D SPACE',''
  ) );
#7357 = ORIENTED_EDGE('',*,*,#7358,.T.);
#7358 = EDGE_CURVE('',#7336,#7359,#7361,.T.);
#7359 = VERTEX_POINT('',#7360);
#7360 = CARTESIAN_POINT('',(-33.99490633606,-7.,-89.89978834986));
#7361 = SURFACE_CURVE('',#7362,(#7366,#7373),.PCURVE_S1.);
#7362 = LINE('',#7363,#7364);
#7363 = CARTESIAN_POINT('',(-33.99490633606,-0.185883836821,
    -89.89978834986));
#7364 = VECTOR('',#7365,1.);
#7365 = DIRECTION('',(-1.068589661202E-15,-1.,-1.350353328551E-31));
#7366 = PCURVE('',#7298,#7367);
#7367 = DEFINITIONAL_REPRESENTATION('',(#7368),#7372);
#7368 = LINE('',#7369,#7370);
#7369 = CARTESIAN_POINT('',(0.,0.));
#7370 = VECTOR('',#7371,1.);
#7371 = DIRECTION('',(-1.068589661202E-15,-1.));
#7372 = ( GEOMETRIC_REPRESENTATION_CONTEXT(2) 
PARAMETRIC_REPRESENTATION_CONTEXT() REPRESENTATION_CONTEXT('2D SPACE',''
  ) );
#7373 = PCURVE('',#7374,#7379);
#7374 = PLANE('',#7375);
#7375 = AXIS2_PLACEMENT_3D('',#7376,#7377,#7378);
#7376 = CARTESIAN_POINT('',(-33.99490633606,-1.025875512689E-16,
    -110.8510233461));
#7377 = DIRECTION('',(-1.,1.068589661202E-15,-1.263678077357E-16));
#7378 = DIRECTION('',(-1.068589661202E-15,-1.,-1.350353328551E-31));
#7379 = DEFINITIONAL_REPRESENTATION('',(#7380),#7384);
#7380 = LINE('',#7381,#7382);
#7381 = CARTESIAN_POINT('',(0.185883836821,20.95123499624));
#7382 = VECTOR('',#7383,1.);
#7383 = DIRECTION('',(1.,0.));
#7384 = ( GEOMETRIC_REPRESENTATION_CONTEXT(2) 
PARAMETRIC_REPRESENTATION_CONTEXT() REPRESENTATION_CONTEXT('2D SPACE',''
  ) );
#7385 = ORIENTED_EDGE('',*,*,#7386,.T.);
#7386 = EDGE_CURVE('',#7359,#7283,#7387,.T.);
#7387 = SURFACE_CURVE('',#7388,(#7392,#7399),.PCURVE_S1.);
#7388 = LINE('',#7389,#7390);
#7389 = CARTESIAN_POINT('',(-33.99490633606,-7.,-89.89978834986));
#7390 = VECTOR('',#7391,1.);
#7391 = DIRECTION('',(1.,-1.068589661202E-15,1.263678077357E-16));
#7392 = PCURVE('',#7298,#7393);
#7393 = DEFINITIONAL_REPRESENTATION('',(#7394),#7398);
#7394 = LINE('',#7395,#7396);
#7395 = CARTESIAN_POINT('',(0.,-6.814116163179));
#7396 = VECTOR('',#7397,1.);
#7397 = DIRECTION('',(1.,-1.068589661202E-15));
#7398 = ( GEOMETRIC_REPRESENTATION_CONTEXT(2) 
PARAMETRIC_REPRESENTATION_CONTEXT() REPRESENTATION_CONTEXT('2D SPACE',''
  ) );
#7399 = PCURVE('',#4280,#7400);
#7400 = DEFINITIONAL_REPRESENTATION('',(#7401),#7405);
#7401 = LINE('',#7402,#7403);
#7402 = CARTESIAN_POINT('',(-13.45123499624,1.03473548219));
#7403 = VECTOR('',#7404,1.);
#7404 = DIRECTION('',(-1.263678077357E-16,1.));
#7405 = ( GEOMETRIC_REPRESENTATION_CONTEXT(2) 
PARAMETRIC_REPRESENTATION_CONTEXT() REPRESENTATION_CONTEXT('2D SPACE',''
  ) );
#7406 = ADVANCED_FACE('',(#7407),#7374,.T.);
#7407 = FACE_BOUND('',#7408,.T.);
#7408 = EDGE_LOOP('',(#7409,#7432,#7460,#7481));
#7409 = ORIENTED_EDGE('',*,*,#7410,.F.);
#7410 = EDGE_CURVE('',#7411,#7336,#7413,.T.);
#7411 = VERTEX_POINT('',#7412);
#7412 = CARTESIAN_POINT('',(-33.99490633606,7.,-91.89978834986));
#7413 = SURFACE_CURVE('',#7414,(#7418,#7425),.PCURVE_S1.);
#7414 = LINE('',#7415,#7416);
#7415 = CARTESIAN_POINT('',(-33.99490633606,7.,-135.3510233461));
#7416 = VECTOR('',#7417,1.);
#7417 = DIRECTION('',(-1.263678077357E-16,0.,1.));
#7418 = PCURVE('',#7374,#7419);
#7419 = DEFINITIONAL_REPRESENTATION('',(#7420),#7424);
#7420 = LINE('',#7421,#7422);
#7421 = CARTESIAN_POINT('',(-7.,-24.5));
#7422 = VECTOR('',#7423,1.);
#7423 = DIRECTION('',(3.111320496571E-44,1.));
#7424 = ( GEOMETRIC_REPRESENTATION_CONTEXT(2) 
PARAMETRIC_REPRESENTATION_CONTEXT() REPRESENTATION_CONTEXT('2D SPACE',''
  ) );
#7425 = PCURVE('',#4336,#7426);
#7426 = DEFINITIONAL_REPRESENTATION('',(#7427),#7431);
#7427 = LINE('',#7428,#7429);
#7428 = CARTESIAN_POINT('',(32.,1.03473548219));
#7429 = VECTOR('',#7430,1.);
#7430 = DIRECTION('',(-1.,-1.263678077357E-16));
#7431 = ( GEOMETRIC_REPRESENTATION_CONTEXT(2) 
PARAMETRIC_REPRESENTATION_CONTEXT() REPRESENTATION_CONTEXT('2D SPACE',''
  ) );
#7432 = ORIENTED_EDGE('',*,*,#7433,.T.);
#7433 = EDGE_CURVE('',#7411,#7434,#7436,.T.);
#7434 = VERTEX_POINT('',#7435);
#7435 = CARTESIAN_POINT('',(-33.99490633606,-7.,-91.89978834986));
#7436 = SURFACE_CURVE('',#7437,(#7441,#7448),.PCURVE_S1.);
#7437 = LINE('',#7438,#7439);
#7438 = CARTESIAN_POINT('',(-33.99490633606,-1.837311027246E-15,
    -91.89978834986));
#7439 = VECTOR('',#7440,1.);
#7440 = DIRECTION('',(-1.068589661202E-15,-1.,-1.350353328551E-31));
#7441 = PCURVE('',#7374,#7442);
#7442 = DEFINITIONAL_REPRESENTATION('',(#7443),#7447);
#7443 = LINE('',#7444,#7445);
#7444 = CARTESIAN_POINT('',(1.734723475977E-15,18.95123499624));
#7445 = VECTOR('',#7446,1.);
#7446 = DIRECTION('',(1.,0.));
#7447 = ( GEOMETRIC_REPRESENTATION_CONTEXT(2) 
PARAMETRIC_REPRESENTATION_CONTEXT() REPRESENTATION_CONTEXT('2D SPACE',''
  ) );
#7448 = PCURVE('',#7449,#7454);
#7449 = PLANE('',#7450);
#7450 = AXIS2_PLACEMENT_3D('',#7451,#7452,#7453);
#7451 = CARTESIAN_POINT('',(-33.99490633606,-1.837311027246E-15,
    -91.89978834986));
#7452 = DIRECTION('',(-1.263678077357E-16,2.850949024098E-47,1.));
#7453 = DIRECTION('',(1.,0.,1.263678077357E-16));
#7454 = DEFINITIONAL_REPRESENTATION('',(#7455),#7459);
#7455 = LINE('',#7456,#7457);
#7456 = CARTESIAN_POINT('',(0.,0.));
#7457 = VECTOR('',#7458,1.);
#7458 = DIRECTION('',(-1.068589661202E-15,-1.));
#7459 = ( GEOMETRIC_REPRESENTATION_CONTEXT(2) 
PARAMETRIC_REPRESENTATION_CONTEXT() REPRESENTATION_CONTEXT('2D SPACE',''
  ) );
#7460 = ORIENTED_EDGE('',*,*,#7461,.T.);
#7461 = EDGE_CURVE('',#7434,#7359,#7462,.T.);
#7462 = SURFACE_CURVE('',#7463,(#7467,#7474),.PCURVE_S1.);
#7463 = LINE('',#7464,#7465);
#7464 = CARTESIAN_POINT('',(-33.99490633606,-7.,-135.3510233461));
#7465 = VECTOR('',#7466,1.);
#7466 = DIRECTION('',(-1.263678077357E-16,0.,1.));
#7467 = PCURVE('',#7374,#7468);
#7468 = DEFINITIONAL_REPRESENTATION('',(#7469),#7473);
#7469 = LINE('',#7470,#7471);
#7470 = CARTESIAN_POINT('',(7.,-24.5));
#7471 = VECTOR('',#7472,1.);
#7472 = DIRECTION('',(3.111320496571E-44,1.));
#7473 = ( GEOMETRIC_REPRESENTATION_CONTEXT(2) 
PARAMETRIC_REPRESENTATION_CONTEXT() REPRESENTATION_CONTEXT('2D SPACE',''
  ) );
#7474 = PCURVE('',#4280,#7475);
#7475 = DEFINITIONAL_REPRESENTATION('',(#7476),#7480);
#7476 = LINE('',#7477,#7478);
#7477 = CARTESIAN_POINT('',(32.,1.03473548219));
#7478 = VECTOR('',#7479,1.);
#7479 = DIRECTION('',(-1.,-1.263678077357E-16));
#7480 = ( GEOMETRIC_REPRESENTATION_CONTEXT(2) 
PARAMETRIC_REPRESENTATION_CONTEXT() REPRESENTATION_CONTEXT('2D SPACE',''
  ) );
#7481 = ORIENTED_EDGE('',*,*,#7358,.F.);
#7482 = ADVANCED_FACE('',(#7483),#7449,.F.);
#7483 = FACE_BOUND('',#7484,.T.);
#7484 = EDGE_LOOP('',(#7485,#7515,#7536,#7537));
#7485 = ORIENTED_EDGE('',*,*,#7486,.T.);
#7486 = EDGE_CURVE('',#7487,#7489,#7491,.T.);
#7487 = VERTEX_POINT('',#7488);
#7488 = CARTESIAN_POINT('',(-32.49490633606,7.,-91.89978834986));
#7489 = VERTEX_POINT('',#7490);
#7490 = CARTESIAN_POINT('',(-32.49490633606,-7.,-91.89978834986));
#7491 = SURFACE_CURVE('',#7492,(#7496,#7503),.PCURVE_S1.);
#7492 = LINE('',#7493,#7494);
#7493 = CARTESIAN_POINT('',(-32.49490633606,-3.440195519048E-15,
    -91.89978834986));
#7494 = VECTOR('',#7495,1.);
#7495 = DIRECTION('',(-1.068589661202E-15,-1.,-1.350353328551E-31));
#7496 = PCURVE('',#7449,#7497);
#7497 = DEFINITIONAL_REPRESENTATION('',(#7498),#7502);
#7498 = LINE('',#7499,#7500);
#7499 = CARTESIAN_POINT('',(1.5,-1.602884491802E-15));
#7500 = VECTOR('',#7501,1.);
#7501 = DIRECTION('',(-1.068589661202E-15,-1.));
#7502 = ( GEOMETRIC_REPRESENTATION_CONTEXT(2) 
PARAMETRIC_REPRESENTATION_CONTEXT() REPRESENTATION_CONTEXT('2D SPACE',''
  ) );
#7503 = PCURVE('',#7504,#7509);
#7504 = PLANE('',#7505);
#7505 = AXIS2_PLACEMENT_3D('',#7506,#7507,#7508);
#7506 = CARTESIAN_POINT('',(-32.49490633606,6.010142463668,
    -103.3510233461));
#7507 = DIRECTION('',(-1.,1.068589661202E-15,-1.263678077357E-16));
#7508 = DIRECTION('',(-1.068589661202E-15,-1.,0.));
#7509 = DEFINITIONAL_REPRESENTATION('',(#7510),#7514);
#7510 = LINE('',#7511,#7512);
#7511 = CARTESIAN_POINT('',(6.010142463668,11.45123499624));
#7512 = VECTOR('',#7513,1.);
#7513 = DIRECTION('',(1.,-1.350353328551E-31));
#7514 = ( GEOMETRIC_REPRESENTATION_CONTEXT(2) 
PARAMETRIC_REPRESENTATION_CONTEXT() REPRESENTATION_CONTEXT('2D SPACE',''
  ) );
#7515 = ORIENTED_EDGE('',*,*,#7516,.F.);
#7516 = EDGE_CURVE('',#7434,#7489,#7517,.T.);
#7517 = SURFACE_CURVE('',#7518,(#7522,#7529),.PCURVE_S1.);
#7518 = LINE('',#7519,#7520);
#7519 = CARTESIAN_POINT('',(-33.99490633606,-7.,-91.89978834986));
#7520 = VECTOR('',#7521,1.);
#7521 = DIRECTION('',(1.,-1.068589661202E-15,1.263678077357E-16));
#7522 = PCURVE('',#7449,#7523);
#7523 = DEFINITIONAL_REPRESENTATION('',(#7524),#7528);
#7524 = LINE('',#7525,#7526);
#7525 = CARTESIAN_POINT('',(0.,-7.));
#7526 = VECTOR('',#7527,1.);
#7527 = DIRECTION('',(1.,-1.068589661202E-15));
#7528 = ( GEOMETRIC_REPRESENTATION_CONTEXT(2) 
PARAMETRIC_REPRESENTATION_CONTEXT() REPRESENTATION_CONTEXT('2D SPACE',''
  ) );
#7529 = PCURVE('',#4280,#7530);
#7530 = DEFINITIONAL_REPRESENTATION('',(#7531),#7535);
#7531 = LINE('',#7532,#7533);
#7532 = CARTESIAN_POINT('',(-11.45123499624,1.03473548219));
#7533 = VECTOR('',#7534,1.);
#7534 = DIRECTION('',(-1.263678077357E-16,1.));
#7535 = ( GEOMETRIC_REPRESENTATION_CONTEXT(2) 
PARAMETRIC_REPRESENTATION_CONTEXT() REPRESENTATION_CONTEXT('2D SPACE',''
  ) );
#7536 = ORIENTED_EDGE('',*,*,#7433,.F.);
#7537 = ORIENTED_EDGE('',*,*,#7538,.T.);
#7538 = EDGE_CURVE('',#7411,#7487,#7539,.T.);
#7539 = SURFACE_CURVE('',#7540,(#7544,#7551),.PCURVE_S1.);
#7540 = LINE('',#7541,#7542);
#7541 = CARTESIAN_POINT('',(-33.99490633606,7.,-91.89978834986));
#7542 = VECTOR('',#7543,1.);
#7543 = DIRECTION('',(1.,-1.068589661202E-15,1.263678077357E-16));
#7544 = PCURVE('',#7449,#7545);
#7545 = DEFINITIONAL_REPRESENTATION('',(#7546),#7550);
#7546 = LINE('',#7547,#7548);
#7547 = CARTESIAN_POINT('',(0.,7.));
#7548 = VECTOR('',#7549,1.);
#7549 = DIRECTION('',(1.,-1.068589661202E-15));
#7550 = ( GEOMETRIC_REPRESENTATION_CONTEXT(2) 
PARAMETRIC_REPRESENTATION_CONTEXT() REPRESENTATION_CONTEXT('2D SPACE',''
  ) );
#7551 = PCURVE('',#4336,#7552);
#7552 = DEFINITIONAL_REPRESENTATION('',(#7553),#7557);
#7553 = LINE('',#7554,#7555);
#7554 = CARTESIAN_POINT('',(-11.45123499624,1.03473548219));
#7555 = VECTOR('',#7556,1.);
#7556 = DIRECTION('',(-1.263678077357E-16,1.));
#7557 = ( GEOMETRIC_REPRESENTATION_CONTEXT(2) 
PARAMETRIC_REPRESENTATION_CONTEXT() REPRESENTATION_CONTEXT('2D SPACE',''
  ) );
#7558 = ADVANCED_FACE('',(#7559),#7504,.T.);
#7559 = FACE_BOUND('',#7560,.T.);
#7560 = EDGE_LOOP('',(#7561,#7584,#7612,#7633));
#7561 = ORIENTED_EDGE('',*,*,#7562,.F.);
#7562 = EDGE_CURVE('',#7563,#7487,#7565,.T.);
#7563 = VERTEX_POINT('',#7564);
#7564 = CARTESIAN_POINT('',(-32.49490633606,7.,-93.89978834986));
#7565 = SURFACE_CURVE('',#7566,(#7570,#7577),.PCURVE_S1.);
#7566 = LINE('',#7567,#7568);
#7567 = CARTESIAN_POINT('',(-32.49490633606,7.,-103.3510233461));
#7568 = VECTOR('',#7569,1.);
#7569 = DIRECTION('',(-1.263678077357E-16,0.,1.));
#7570 = PCURVE('',#7504,#7571);
#7571 = DEFINITIONAL_REPRESENTATION('',(#7572),#7576);
#7572 = LINE('',#7573,#7574);
#7573 = CARTESIAN_POINT('',(-0.989857536332,1.336657418978E-31));
#7574 = VECTOR('',#7575,1.);
#7575 = DIRECTION('',(1.350353328551E-31,1.));
#7576 = ( GEOMETRIC_REPRESENTATION_CONTEXT(2) 
PARAMETRIC_REPRESENTATION_CONTEXT() REPRESENTATION_CONTEXT('2D SPACE',''
  ) );
#7577 = PCURVE('',#4336,#7578);
#7578 = DEFINITIONAL_REPRESENTATION('',(#7579),#7583);
#7579 = LINE('',#7580,#7581);
#7580 = CARTESIAN_POINT('',(0.,2.53473548219));
#7581 = VECTOR('',#7582,1.);
#7582 = DIRECTION('',(-1.,-1.263678077357E-16));
#7583 = ( GEOMETRIC_REPRESENTATION_CONTEXT(2) 
PARAMETRIC_REPRESENTATION_CONTEXT() REPRESENTATION_CONTEXT('2D SPACE',''
  ) );
#7584 = ORIENTED_EDGE('',*,*,#7585,.T.);
#7585 = EDGE_CURVE('',#7563,#7586,#7588,.T.);
#7586 = VERTEX_POINT('',#7587);
#7587 = CARTESIAN_POINT('',(-32.49490633606,-7.,-93.89978834986));
#7588 = SURFACE_CURVE('',#7589,(#7593,#7600),.PCURVE_S1.);
#7589 = LINE('',#7590,#7591);
#7590 = CARTESIAN_POINT('',(-32.49490633606,-0.185883836821,
    -93.89978834986));
#7591 = VECTOR('',#7592,1.);
#7592 = DIRECTION('',(-1.068589661202E-15,-1.,-1.350353328551E-31));
#7593 = PCURVE('',#7504,#7594);
#7594 = DEFINITIONAL_REPRESENTATION('',(#7595),#7599);
#7595 = LINE('',#7596,#7597);
#7596 = CARTESIAN_POINT('',(6.196026300489,9.45123499624));
#7597 = VECTOR('',#7598,1.);
#7598 = DIRECTION('',(1.,-1.350353328551E-31));
#7599 = ( GEOMETRIC_REPRESENTATION_CONTEXT(2) 
PARAMETRIC_REPRESENTATION_CONTEXT() REPRESENTATION_CONTEXT('2D SPACE',''
  ) );
#7600 = PCURVE('',#7601,#7606);
#7601 = PLANE('',#7602);
#7602 = AXIS2_PLACEMENT_3D('',#7603,#7604,#7605);
#7603 = CARTESIAN_POINT('',(-33.99490633606,-0.185883836821,
    -93.89978834986));
#7604 = DIRECTION('',(-1.263678077357E-16,2.850949024098E-47,1.));
#7605 = DIRECTION('',(1.,0.,1.263678077357E-16));
#7606 = DEFINITIONAL_REPRESENTATION('',(#7607),#7611);
#7607 = LINE('',#7608,#7609);
#7608 = CARTESIAN_POINT('',(1.5,5.404022672122E-63));
#7609 = VECTOR('',#7610,1.);
#7610 = DIRECTION('',(-1.068589661202E-15,-1.));
#7611 = ( GEOMETRIC_REPRESENTATION_CONTEXT(2) 
PARAMETRIC_REPRESENTATION_CONTEXT() REPRESENTATION_CONTEXT('2D SPACE',''
  ) );
#7612 = ORIENTED_EDGE('',*,*,#7613,.T.);
#7613 = EDGE_CURVE('',#7586,#7489,#7614,.T.);
#7614 = SURFACE_CURVE('',#7615,(#7619,#7626),.PCURVE_S1.);
#7615 = LINE('',#7616,#7617);
#7616 = CARTESIAN_POINT('',(-32.49490633606,-7.,-103.3510233461));
#7617 = VECTOR('',#7618,1.);
#7618 = DIRECTION('',(-1.263678077357E-16,0.,1.));
#7619 = PCURVE('',#7504,#7620);
#7620 = DEFINITIONAL_REPRESENTATION('',(#7621),#7625);
#7621 = LINE('',#7622,#7623);
#7622 = CARTESIAN_POINT('',(13.010142463668,3.896563833653E-32));
#7623 = VECTOR('',#7624,1.);
#7624 = DIRECTION('',(1.350353328551E-31,1.));
#7625 = ( GEOMETRIC_REPRESENTATION_CONTEXT(2) 
PARAMETRIC_REPRESENTATION_CONTEXT() REPRESENTATION_CONTEXT('2D SPACE',''
  ) );
#7626 = PCURVE('',#4280,#7627);
#7627 = DEFINITIONAL_REPRESENTATION('',(#7628),#7632);
#7628 = LINE('',#7629,#7630);
#7629 = CARTESIAN_POINT('',(0.,2.53473548219));
#7630 = VECTOR('',#7631,1.);
#7631 = DIRECTION('',(-1.,-1.263678077357E-16));
#7632 = ( GEOMETRIC_REPRESENTATION_CONTEXT(2) 
PARAMETRIC_REPRESENTATION_CONTEXT() REPRESENTATION_CONTEXT('2D SPACE',''
  ) );
#7633 = ORIENTED_EDGE('',*,*,#7486,.F.);
#7634 = ADVANCED_FACE('',(#7635),#7601,.T.);
#7635 = FACE_BOUND('',#7636,.T.);
#7636 = EDGE_LOOP('',(#7637,#7638,#7661,#7689));
#7637 = ORIENTED_EDGE('',*,*,#7585,.F.);
#7638 = ORIENTED_EDGE('',*,*,#7639,.F.);
#7639 = EDGE_CURVE('',#7640,#7563,#7642,.T.);
#7640 = VERTEX_POINT('',#7641);
#7641 = CARTESIAN_POINT('',(-33.99490633606,7.,-93.89978834986));
#7642 = SURFACE_CURVE('',#7643,(#7647,#7654),.PCURVE_S1.);
#7643 = LINE('',#7644,#7645);
#7644 = CARTESIAN_POINT('',(-33.99490633606,7.,-93.89978834986));
#7645 = VECTOR('',#7646,1.);
#7646 = DIRECTION('',(1.,-1.068589661202E-15,1.263678077357E-16));
#7647 = PCURVE('',#7601,#7648);
#7648 = DEFINITIONAL_REPRESENTATION('',(#7649),#7653);
#7649 = LINE('',#7650,#7651);
#7650 = CARTESIAN_POINT('',(0.,7.185883836821));
#7651 = VECTOR('',#7652,1.);
#7652 = DIRECTION('',(1.,-1.068589661202E-15));
#7653 = ( GEOMETRIC_REPRESENTATION_CONTEXT(2) 
PARAMETRIC_REPRESENTATION_CONTEXT() REPRESENTATION_CONTEXT('2D SPACE',''
  ) );
#7654 = PCURVE('',#4336,#7655);
#7655 = DEFINITIONAL_REPRESENTATION('',(#7656),#7660);
#7656 = LINE('',#7657,#7658);
#7657 = CARTESIAN_POINT('',(-9.45123499624,1.03473548219));
#7658 = VECTOR('',#7659,1.);
#7659 = DIRECTION('',(-1.263678077357E-16,1.));
#7660 = ( GEOMETRIC_REPRESENTATION_CONTEXT(2) 
PARAMETRIC_REPRESENTATION_CONTEXT() REPRESENTATION_CONTEXT('2D SPACE',''
  ) );
#7661 = ORIENTED_EDGE('',*,*,#7662,.T.);
#7662 = EDGE_CURVE('',#7640,#7663,#7665,.T.);
#7663 = VERTEX_POINT('',#7664);
#7664 = CARTESIAN_POINT('',(-33.99490633606,-7.,-93.89978834986));
#7665 = SURFACE_CURVE('',#7666,(#7670,#7677),.PCURVE_S1.);
#7666 = LINE('',#7667,#7668);
#7667 = CARTESIAN_POINT('',(-33.99490633606,-0.185883836821,
    -93.89978834986));
#7668 = VECTOR('',#7669,1.);
#7669 = DIRECTION('',(-1.068589661202E-15,-1.,-1.350353328551E-31));
#7670 = PCURVE('',#7601,#7671);
#7671 = DEFINITIONAL_REPRESENTATION('',(#7672),#7676);
#7672 = LINE('',#7673,#7674);
#7673 = CARTESIAN_POINT('',(0.,0.));
#7674 = VECTOR('',#7675,1.);
#7675 = DIRECTION('',(-1.068589661202E-15,-1.));
#7676 = ( GEOMETRIC_REPRESENTATION_CONTEXT(2) 
PARAMETRIC_REPRESENTATION_CONTEXT() REPRESENTATION_CONTEXT('2D SPACE',''
  ) );
#7677 = PCURVE('',#7678,#7683);
#7678 = PLANE('',#7679);
#7679 = AXIS2_PLACEMENT_3D('',#7680,#7681,#7682);
#7680 = CARTESIAN_POINT('',(-33.99490633606,-1.025875512689E-16,
    -114.8510233461));
#7681 = DIRECTION('',(-1.,1.068589661202E-15,-1.263678077357E-16));
#7682 = DIRECTION('',(-1.068589661202E-15,-1.,-1.350353328551E-31));
#7683 = DEFINITIONAL_REPRESENTATION('',(#7684),#7688);
#7684 = LINE('',#7685,#7686);
#7685 = CARTESIAN_POINT('',(0.185883836821,20.95123499624));
#7686 = VECTOR('',#7687,1.);
#7687 = DIRECTION('',(1.,0.));
#7688 = ( GEOMETRIC_REPRESENTATION_CONTEXT(2) 
PARAMETRIC_REPRESENTATION_CONTEXT() REPRESENTATION_CONTEXT('2D SPACE',''
  ) );
#7689 = ORIENTED_EDGE('',*,*,#7690,.T.);
#7690 = EDGE_CURVE('',#7663,#7586,#7691,.T.);
#7691 = SURFACE_CURVE('',#7692,(#7696,#7703),.PCURVE_S1.);
#7692 = LINE('',#7693,#7694);
#7693 = CARTESIAN_POINT('',(-33.99490633606,-7.,-93.89978834986));
#7694 = VECTOR('',#7695,1.);
#7695 = DIRECTION('',(1.,-1.068589661202E-15,1.263678077357E-16));
#7696 = PCURVE('',#7601,#7697);
#7697 = DEFINITIONAL_REPRESENTATION('',(#7698),#7702);
#7698 = LINE('',#7699,#7700);
#7699 = CARTESIAN_POINT('',(0.,-6.814116163179));
#7700 = VECTOR('',#7701,1.);
#7701 = DIRECTION('',(1.,-1.068589661202E-15));
#7702 = ( GEOMETRIC_REPRESENTATION_CONTEXT(2) 
PARAMETRIC_REPRESENTATION_CONTEXT() REPRESENTATION_CONTEXT('2D SPACE',''
  ) );
#7703 = PCURVE('',#4280,#7704);
#7704 = DEFINITIONAL_REPRESENTATION('',(#7705),#7709);
#7705 = LINE('',#7706,#7707);
#7706 = CARTESIAN_POINT('',(-9.45123499624,1.03473548219));
#7707 = VECTOR('',#7708,1.);
#7708 = DIRECTION('',(-1.263678077357E-16,1.));
#7709 = ( GEOMETRIC_REPRESENTATION_CONTEXT(2) 
PARAMETRIC_REPRESENTATION_CONTEXT() REPRESENTATION_CONTEXT('2D SPACE',''
  ) );
#7710 = ADVANCED_FACE('',(#7711),#7678,.T.);
#7711 = FACE_BOUND('',#7712,.T.);
#7712 = EDGE_LOOP('',(#7713,#7736,#7764,#7785));
#7713 = ORIENTED_EDGE('',*,*,#7714,.F.);
#7714 = EDGE_CURVE('',#7715,#7640,#7717,.T.);
#7715 = VERTEX_POINT('',#7716);
#7716 = CARTESIAN_POINT('',(-33.99490633606,7.,-95.89978834986));
#7717 = SURFACE_CURVE('',#7718,(#7722,#7729),.PCURVE_S1.);
#7718 = LINE('',#7719,#7720);
#7719 = CARTESIAN_POINT('',(-33.99490633606,7.,-139.3510233461));
#7720 = VECTOR('',#7721,1.);
#7721 = DIRECTION('',(-1.263678077357E-16,0.,1.));
#7722 = PCURVE('',#7678,#7723);
#7723 = DEFINITIONAL_REPRESENTATION('',(#7724),#7728);
#7724 = LINE('',#7725,#7726);
#7725 = CARTESIAN_POINT('',(-7.,-24.5));
#7726 = VECTOR('',#7727,1.);
#7727 = DIRECTION('',(3.111320496571E-44,1.));
#7728 = ( GEOMETRIC_REPRESENTATION_CONTEXT(2) 
PARAMETRIC_REPRESENTATION_CONTEXT() REPRESENTATION_CONTEXT('2D SPACE',''
  ) );
#7729 = PCURVE('',#4336,#7730);
#7730 = DEFINITIONAL_REPRESENTATION('',(#7731),#7735);
#7731 = LINE('',#7732,#7733);
#7732 = CARTESIAN_POINT('',(36.,1.03473548219));
#7733 = VECTOR('',#7734,1.);
#7734 = DIRECTION('',(-1.,-1.263678077357E-16));
#7735 = ( GEOMETRIC_REPRESENTATION_CONTEXT(2) 
PARAMETRIC_REPRESENTATION_CONTEXT() REPRESENTATION_CONTEXT('2D SPACE',''
  ) );
#7736 = ORIENTED_EDGE('',*,*,#7737,.T.);
#7737 = EDGE_CURVE('',#7715,#7738,#7740,.T.);
#7738 = VERTEX_POINT('',#7739);
#7739 = CARTESIAN_POINT('',(-33.99490633606,-7.,-95.89978834986));
#7740 = SURFACE_CURVE('',#7741,(#7745,#7752),.PCURVE_S1.);
#7741 = LINE('',#7742,#7743);
#7742 = CARTESIAN_POINT('',(-33.99490633606,-1.837311027246E-15,
    -95.89978834986));
#7743 = VECTOR('',#7744,1.);
#7744 = DIRECTION('',(-1.068589661202E-15,-1.,-1.350353328551E-31));
#7745 = PCURVE('',#7678,#7746);
#7746 = DEFINITIONAL_REPRESENTATION('',(#7747),#7751);
#7747 = LINE('',#7748,#7749);
#7748 = CARTESIAN_POINT('',(1.734723475977E-15,18.95123499624));
#7749 = VECTOR('',#7750,1.);
#7750 = DIRECTION('',(1.,0.));
#7751 = ( GEOMETRIC_REPRESENTATION_CONTEXT(2) 
PARAMETRIC_REPRESENTATION_CONTEXT() REPRESENTATION_CONTEXT('2D SPACE',''
  ) );
#7752 = PCURVE('',#7753,#7758);
#7753 = PLANE('',#7754);
#7754 = AXIS2_PLACEMENT_3D('',#7755,#7756,#7757);
#7755 = CARTESIAN_POINT('',(-33.99490633606,-1.837311027246E-15,
    -95.89978834986));
#7756 = DIRECTION('',(-1.263678077357E-16,2.850949024098E-47,1.));
#7757 = DIRECTION('',(1.,0.,1.263678077357E-16));
#7758 = DEFINITIONAL_REPRESENTATION('',(#7759),#7763);
#7759 = LINE('',#7760,#7761);
#7760 = CARTESIAN_POINT('',(0.,0.));
#7761 = VECTOR('',#7762,1.);
#7762 = DIRECTION('',(-1.068589661202E-15,-1.));
#7763 = ( GEOMETRIC_REPRESENTATION_CONTEXT(2) 
PARAMETRIC_REPRESENTATION_CONTEXT() REPRESENTATION_CONTEXT('2D SPACE',''
  ) );
#7764 = ORIENTED_EDGE('',*,*,#7765,.T.);
#7765 = EDGE_CURVE('',#7738,#7663,#7766,.T.);
#7766 = SURFACE_CURVE('',#7767,(#7771,#7778),.PCURVE_S1.);
#7767 = LINE('',#7768,#7769);
#7768 = CARTESIAN_POINT('',(-33.99490633606,-7.,-139.3510233461));
#7769 = VECTOR('',#7770,1.);
#7770 = DIRECTION('',(-1.263678077357E-16,0.,1.));
#7771 = PCURVE('',#7678,#7772);
#7772 = DEFINITIONAL_REPRESENTATION('',(#7773),#7777);
#7773 = LINE('',#7774,#7775);
#7774 = CARTESIAN_POINT('',(7.,-24.5));
#7775 = VECTOR('',#7776,1.);
#7776 = DIRECTION('',(3.111320496571E-44,1.));
#7777 = ( GEOMETRIC_REPRESENTATION_CONTEXT(2) 
PARAMETRIC_REPRESENTATION_CONTEXT() REPRESENTATION_CONTEXT('2D SPACE',''
  ) );
#7778 = PCURVE('',#4280,#7779);
#7779 = DEFINITIONAL_REPRESENTATION('',(#7780),#7784);
#7780 = LINE('',#7781,#7782);
#7781 = CARTESIAN_POINT('',(36.,1.03473548219));
#7782 = VECTOR('',#7783,1.);
#7783 = DIRECTION('',(-1.,-1.263678077357E-16));
#7784 = ( GEOMETRIC_REPRESENTATION_CONTEXT(2) 
PARAMETRIC_REPRESENTATION_CONTEXT() REPRESENTATION_CONTEXT('2D SPACE',''
  ) );
#7785 = ORIENTED_EDGE('',*,*,#7662,.F.);
#7786 = ADVANCED_FACE('',(#7787),#7753,.F.);
#7787 = FACE_BOUND('',#7788,.T.);
#7788 = EDGE_LOOP('',(#7789,#7819,#7840,#7841));
#7789 = ORIENTED_EDGE('',*,*,#7790,.T.);
#7790 = EDGE_CURVE('',#7791,#7793,#7795,.T.);
#7791 = VERTEX_POINT('',#7792);
#7792 = CARTESIAN_POINT('',(-32.49490633606,7.,-95.89978834986));
#7793 = VERTEX_POINT('',#7794);
#7794 = CARTESIAN_POINT('',(-32.49490633606,-7.,-95.89978834986));
#7795 = SURFACE_CURVE('',#7796,(#7800,#7807),.PCURVE_S1.);
#7796 = LINE('',#7797,#7798);
#7797 = CARTESIAN_POINT('',(-32.49490633606,-3.440195519048E-15,
    -95.89978834986));
#7798 = VECTOR('',#7799,1.);
#7799 = DIRECTION('',(-1.068589661202E-15,-1.,-1.350353328551E-31));
#7800 = PCURVE('',#7753,#7801);
#7801 = DEFINITIONAL_REPRESENTATION('',(#7802),#7806);
#7802 = LINE('',#7803,#7804);
#7803 = CARTESIAN_POINT('',(1.5,-1.602884491802E-15));
#7804 = VECTOR('',#7805,1.);
#7805 = DIRECTION('',(-1.068589661202E-15,-1.));
#7806 = ( GEOMETRIC_REPRESENTATION_CONTEXT(2) 
PARAMETRIC_REPRESENTATION_CONTEXT() REPRESENTATION_CONTEXT('2D SPACE',''
  ) );
#7807 = PCURVE('',#7808,#7813);
#7808 = PLANE('',#7809);
#7809 = AXIS2_PLACEMENT_3D('',#7810,#7811,#7812);
#7810 = CARTESIAN_POINT('',(-32.49490633606,6.010142463668,
    -103.3510233461));
#7811 = DIRECTION('',(-1.,1.068589661202E-15,-1.263678077357E-16));
#7812 = DIRECTION('',(-1.068589661202E-15,-1.,0.));
#7813 = DEFINITIONAL_REPRESENTATION('',(#7814),#7818);
#7814 = LINE('',#7815,#7816);
#7815 = CARTESIAN_POINT('',(6.010142463668,7.45123499624));
#7816 = VECTOR('',#7817,1.);
#7817 = DIRECTION('',(1.,-1.350353328551E-31));
#7818 = ( GEOMETRIC_REPRESENTATION_CONTEXT(2) 
PARAMETRIC_REPRESENTATION_CONTEXT() REPRESENTATION_CONTEXT('2D SPACE',''
  ) );
#7819 = ORIENTED_EDGE('',*,*,#7820,.F.);
#7820 = EDGE_CURVE('',#7738,#7793,#7821,.T.);
#7821 = SURFACE_CURVE('',#7822,(#7826,#7833),.PCURVE_S1.);
#7822 = LINE('',#7823,#7824);
#7823 = CARTESIAN_POINT('',(-33.99490633606,-7.,-95.89978834986));
#7824 = VECTOR('',#7825,1.);
#7825 = DIRECTION('',(1.,-1.068589661202E-15,1.263678077357E-16));
#7826 = PCURVE('',#7753,#7827);
#7827 = DEFINITIONAL_REPRESENTATION('',(#7828),#7832);
#7828 = LINE('',#7829,#7830);
#7829 = CARTESIAN_POINT('',(0.,-7.));
#7830 = VECTOR('',#7831,1.);
#7831 = DIRECTION('',(1.,-1.068589661202E-15));
#7832 = ( GEOMETRIC_REPRESENTATION_CONTEXT(2) 
PARAMETRIC_REPRESENTATION_CONTEXT() REPRESENTATION_CONTEXT('2D SPACE',''
  ) );
#7833 = PCURVE('',#4280,#7834);
#7834 = DEFINITIONAL_REPRESENTATION('',(#7835),#7839);
#7835 = LINE('',#7836,#7837);
#7836 = CARTESIAN_POINT('',(-7.45123499624,1.03473548219));
#7837 = VECTOR('',#7838,1.);
#7838 = DIRECTION('',(-1.263678077357E-16,1.));
#7839 = ( GEOMETRIC_REPRESENTATION_CONTEXT(2) 
PARAMETRIC_REPRESENTATION_CONTEXT() REPRESENTATION_CONTEXT('2D SPACE',''
  ) );
#7840 = ORIENTED_EDGE('',*,*,#7737,.F.);
#7841 = ORIENTED_EDGE('',*,*,#7842,.T.);
#7842 = EDGE_CURVE('',#7715,#7791,#7843,.T.);
#7843 = SURFACE_CURVE('',#7844,(#7848,#7855),.PCURVE_S1.);
#7844 = LINE('',#7845,#7846);
#7845 = CARTESIAN_POINT('',(-33.99490633606,7.,-95.89978834986));
#7846 = VECTOR('',#7847,1.);
#7847 = DIRECTION('',(1.,-1.068589661202E-15,1.263678077357E-16));
#7848 = PCURVE('',#7753,#7849);
#7849 = DEFINITIONAL_REPRESENTATION('',(#7850),#7854);
#7850 = LINE('',#7851,#7852);
#7851 = CARTESIAN_POINT('',(0.,7.));
#7852 = VECTOR('',#7853,1.);
#7853 = DIRECTION('',(1.,-1.068589661202E-15));
#7854 = ( GEOMETRIC_REPRESENTATION_CONTEXT(2) 
PARAMETRIC_REPRESENTATION_CONTEXT() REPRESENTATION_CONTEXT('2D SPACE',''
  ) );
#7855 = PCURVE('',#4336,#7856);
#7856 = DEFINITIONAL_REPRESENTATION('',(#7857),#7861);
#7857 = LINE('',#7858,#7859);
#7858 = CARTESIAN_POINT('',(-7.45123499624,1.03473548219));
#7859 = VECTOR('',#7860,1.);
#7860 = DIRECTION('',(-1.263678077357E-16,1.));
#7861 = ( GEOMETRIC_REPRESENTATION_CONTEXT(2) 
PARAMETRIC_REPRESENTATION_CONTEXT() REPRESENTATION_CONTEXT('2D SPACE',''
  ) );
#7862 = ADVANCED_FACE('',(#7863),#7808,.T.);
#7863 = FACE_BOUND('',#7864,.T.);
#7864 = EDGE_LOOP('',(#7865,#7866,#7889,#7917));
#7865 = ORIENTED_EDGE('',*,*,#7790,.F.);
#7866 = ORIENTED_EDGE('',*,*,#7867,.F.);
#7867 = EDGE_CURVE('',#7868,#7791,#7870,.T.);
#7868 = VERTEX_POINT('',#7869);
#7869 = CARTESIAN_POINT('',(-32.49490633606,7.,-97.89978834986));
#7870 = SURFACE_CURVE('',#7871,(#7875,#7882),.PCURVE_S1.);
#7871 = LINE('',#7872,#7873);
#7872 = CARTESIAN_POINT('',(-32.49490633606,7.,-103.3510233461));
#7873 = VECTOR('',#7874,1.);
#7874 = DIRECTION('',(-1.263678077357E-16,0.,1.));
#7875 = PCURVE('',#7808,#7876);
#7876 = DEFINITIONAL_REPRESENTATION('',(#7877),#7881);
#7877 = LINE('',#7878,#7879);
#7878 = CARTESIAN_POINT('',(-0.989857536332,1.336657418978E-31));
#7879 = VECTOR('',#7880,1.);
#7880 = DIRECTION('',(1.350353328551E-31,1.));
#7881 = ( GEOMETRIC_REPRESENTATION_CONTEXT(2) 
PARAMETRIC_REPRESENTATION_CONTEXT() REPRESENTATION_CONTEXT('2D SPACE',''
  ) );
#7882 = PCURVE('',#4336,#7883);
#7883 = DEFINITIONAL_REPRESENTATION('',(#7884),#7888);
#7884 = LINE('',#7885,#7886);
#7885 = CARTESIAN_POINT('',(0.,2.53473548219));
#7886 = VECTOR('',#7887,1.);
#7887 = DIRECTION('',(-1.,-1.263678077357E-16));
#7888 = ( GEOMETRIC_REPRESENTATION_CONTEXT(2) 
PARAMETRIC_REPRESENTATION_CONTEXT() REPRESENTATION_CONTEXT('2D SPACE',''
  ) );
#7889 = ORIENTED_EDGE('',*,*,#7890,.T.);
#7890 = EDGE_CURVE('',#7868,#7891,#7893,.T.);
#7891 = VERTEX_POINT('',#7892);
#7892 = CARTESIAN_POINT('',(-32.49490633606,-7.,-97.89978834986));
#7893 = SURFACE_CURVE('',#7894,(#7898,#7905),.PCURVE_S1.);
#7894 = LINE('',#7895,#7896);
#7895 = CARTESIAN_POINT('',(-32.49490633606,-0.185883836821,
    -97.89978834986));
#7896 = VECTOR('',#7897,1.);
#7897 = DIRECTION('',(-1.068589661202E-15,-1.,-1.350353328551E-31));
#7898 = PCURVE('',#7808,#7899);
#7899 = DEFINITIONAL_REPRESENTATION('',(#7900),#7904);
#7900 = LINE('',#7901,#7902);
#7901 = CARTESIAN_POINT('',(6.196026300489,5.45123499624));
#7902 = VECTOR('',#7903,1.);
#7903 = DIRECTION('',(1.,-1.350353328551E-31));
#7904 = ( GEOMETRIC_REPRESENTATION_CONTEXT(2) 
PARAMETRIC_REPRESENTATION_CONTEXT() REPRESENTATION_CONTEXT('2D SPACE',''
  ) );
#7905 = PCURVE('',#7906,#7911);
#7906 = PLANE('',#7907);
#7907 = AXIS2_PLACEMENT_3D('',#7908,#7909,#7910);
#7908 = CARTESIAN_POINT('',(-33.99490633606,-0.185883836821,
    -97.89978834986));
#7909 = DIRECTION('',(-1.263678077357E-16,2.850949024098E-47,1.));
#7910 = DIRECTION('',(1.,0.,1.263678077357E-16));
#7911 = DEFINITIONAL_REPRESENTATION('',(#7912),#7916);
#7912 = LINE('',#7913,#7914);
#7913 = CARTESIAN_POINT('',(1.5,5.404022672122E-63));
#7914 = VECTOR('',#7915,1.);
#7915 = DIRECTION('',(-1.068589661202E-15,-1.));
#7916 = ( GEOMETRIC_REPRESENTATION_CONTEXT(2) 
PARAMETRIC_REPRESENTATION_CONTEXT() REPRESENTATION_CONTEXT('2D SPACE',''
  ) );
#7917 = ORIENTED_EDGE('',*,*,#7918,.T.);
#7918 = EDGE_CURVE('',#7891,#7793,#7919,.T.);
#7919 = SURFACE_CURVE('',#7920,(#7924,#7931),.PCURVE_S1.);
#7920 = LINE('',#7921,#7922);
#7921 = CARTESIAN_POINT('',(-32.49490633606,-7.,-103.3510233461));
#7922 = VECTOR('',#7923,1.);
#7923 = DIRECTION('',(-1.263678077357E-16,0.,1.));
#7924 = PCURVE('',#7808,#7925);
#7925 = DEFINITIONAL_REPRESENTATION('',(#7926),#7930);
#7926 = LINE('',#7927,#7928);
#7927 = CARTESIAN_POINT('',(13.010142463668,3.896563833653E-32));
#7928 = VECTOR('',#7929,1.);
#7929 = DIRECTION('',(1.350353328551E-31,1.));
#7930 = ( GEOMETRIC_REPRESENTATION_CONTEXT(2) 
PARAMETRIC_REPRESENTATION_CONTEXT() REPRESENTATION_CONTEXT('2D SPACE',''
  ) );
#7931 = PCURVE('',#4280,#7932);
#7932 = DEFINITIONAL_REPRESENTATION('',(#7933),#7937);
#7933 = LINE('',#7934,#7935);
#7934 = CARTESIAN_POINT('',(0.,2.53473548219));
#7935 = VECTOR('',#7936,1.);
#7936 = DIRECTION('',(-1.,-1.263678077357E-16));
#7937 = ( GEOMETRIC_REPRESENTATION_CONTEXT(2) 
PARAMETRIC_REPRESENTATION_CONTEXT() REPRESENTATION_CONTEXT('2D SPACE',''
  ) );
#7938 = ADVANCED_FACE('',(#7939),#7906,.T.);
#7939 = FACE_BOUND('',#7940,.T.);
#7940 = EDGE_LOOP('',(#7941,#7942,#7965,#7993));
#7941 = ORIENTED_EDGE('',*,*,#7890,.F.);
#7942 = ORIENTED_EDGE('',*,*,#7943,.F.);
#7943 = EDGE_CURVE('',#7944,#7868,#7946,.T.);
#7944 = VERTEX_POINT('',#7945);
#7945 = CARTESIAN_POINT('',(-33.99490633606,7.,-97.89978834986));
#7946 = SURFACE_CURVE('',#7947,(#7951,#7958),.PCURVE_S1.);
#7947 = LINE('',#7948,#7949);
#7948 = CARTESIAN_POINT('',(-33.99490633606,7.,-97.89978834986));
#7949 = VECTOR('',#7950,1.);
#7950 = DIRECTION('',(1.,-1.068589661202E-15,1.263678077357E-16));
#7951 = PCURVE('',#7906,#7952);
#7952 = DEFINITIONAL_REPRESENTATION('',(#7953),#7957);
#7953 = LINE('',#7954,#7955);
#7954 = CARTESIAN_POINT('',(0.,7.185883836821));
#7955 = VECTOR('',#7956,1.);
#7956 = DIRECTION('',(1.,-1.068589661202E-15));
#7957 = ( GEOMETRIC_REPRESENTATION_CONTEXT(2) 
PARAMETRIC_REPRESENTATION_CONTEXT() REPRESENTATION_CONTEXT('2D SPACE',''
  ) );
#7958 = PCURVE('',#4336,#7959);
#7959 = DEFINITIONAL_REPRESENTATION('',(#7960),#7964);
#7960 = LINE('',#7961,#7962);
#7961 = CARTESIAN_POINT('',(-5.45123499624,1.03473548219));
#7962 = VECTOR('',#7963,1.);
#7963 = DIRECTION('',(-1.263678077357E-16,1.));
#7964 = ( GEOMETRIC_REPRESENTATION_CONTEXT(2) 
PARAMETRIC_REPRESENTATION_CONTEXT() REPRESENTATION_CONTEXT('2D SPACE',''
  ) );
#7965 = ORIENTED_EDGE('',*,*,#7966,.T.);
#7966 = EDGE_CURVE('',#7944,#7967,#7969,.T.);
#7967 = VERTEX_POINT('',#7968);
#7968 = CARTESIAN_POINT('',(-33.99490633606,-7.,-97.89978834986));
#7969 = SURFACE_CURVE('',#7970,(#7974,#7981),.PCURVE_S1.);
#7970 = LINE('',#7971,#7972);
#7971 = CARTESIAN_POINT('',(-33.99490633606,-0.185883836821,
    -97.89978834986));
#7972 = VECTOR('',#7973,1.);
#7973 = DIRECTION('',(-1.068589661202E-15,-1.,-1.350353328551E-31));
#7974 = PCURVE('',#7906,#7975);
#7975 = DEFINITIONAL_REPRESENTATION('',(#7976),#7980);
#7976 = LINE('',#7977,#7978);
#7977 = CARTESIAN_POINT('',(0.,0.));
#7978 = VECTOR('',#7979,1.);
#7979 = DIRECTION('',(-1.068589661202E-15,-1.));
#7980 = ( GEOMETRIC_REPRESENTATION_CONTEXT(2) 
PARAMETRIC_REPRESENTATION_CONTEXT() REPRESENTATION_CONTEXT('2D SPACE',''
  ) );
#7981 = PCURVE('',#7982,#7987);
#7982 = PLANE('',#7983);
#7983 = AXIS2_PLACEMENT_3D('',#7984,#7985,#7986);
#7984 = CARTESIAN_POINT('',(-33.99490633606,-1.025875512689E-16,
    -118.8510233461));
#7985 = DIRECTION('',(-1.,1.068589661202E-15,-1.263678077357E-16));
#7986 = DIRECTION('',(-1.068589661202E-15,-1.,-1.350353328551E-31));
#7987 = DEFINITIONAL_REPRESENTATION('',(#7988),#7992);
#7988 = LINE('',#7989,#7990);
#7989 = CARTESIAN_POINT('',(0.185883836821,20.95123499624));
#7990 = VECTOR('',#7991,1.);
#7991 = DIRECTION('',(1.,0.));
#7992 = ( GEOMETRIC_REPRESENTATION_CONTEXT(2) 
PARAMETRIC_REPRESENTATION_CONTEXT() REPRESENTATION_CONTEXT('2D SPACE',''
  ) );
#7993 = ORIENTED_EDGE('',*,*,#7994,.T.);
#7994 = EDGE_CURVE('',#7967,#7891,#7995,.T.);
#7995 = SURFACE_CURVE('',#7996,(#8000,#8007),.PCURVE_S1.);
#7996 = LINE('',#7997,#7998);
#7997 = CARTESIAN_POINT('',(-33.99490633606,-7.,-97.89978834986));
#7998 = VECTOR('',#7999,1.);
#7999 = DIRECTION('',(1.,-1.068589661202E-15,1.263678077357E-16));
#8000 = PCURVE('',#7906,#8001);
#8001 = DEFINITIONAL_REPRESENTATION('',(#8002),#8006);
#8002 = LINE('',#8003,#8004);
#8003 = CARTESIAN_POINT('',(0.,-6.814116163179));
#8004 = VECTOR('',#8005,1.);
#8005 = DIRECTION('',(1.,-1.068589661202E-15));
#8006 = ( GEOMETRIC_REPRESENTATION_CONTEXT(2) 
PARAMETRIC_REPRESENTATION_CONTEXT() REPRESENTATION_CONTEXT('2D SPACE',''
  ) );
#8007 = PCURVE('',#4280,#8008);
#8008 = DEFINITIONAL_REPRESENTATION('',(#8009),#8013);
#8009 = LINE('',#8010,#8011);
#8010 = CARTESIAN_POINT('',(-5.45123499624,1.03473548219));
#8011 = VECTOR('',#8012,1.);
#8012 = DIRECTION('',(-1.263678077357E-16,1.));
#8013 = ( GEOMETRIC_REPRESENTATION_CONTEXT(2) 
PARAMETRIC_REPRESENTATION_CONTEXT() REPRESENTATION_CONTEXT('2D SPACE',''
  ) );
#8014 = ADVANCED_FACE('',(#8015),#7982,.T.);
#8015 = FACE_BOUND('',#8016,.T.);
#8016 = EDGE_LOOP('',(#8017,#8040,#8068,#8089));
#8017 = ORIENTED_EDGE('',*,*,#8018,.F.);
#8018 = EDGE_CURVE('',#8019,#7944,#8021,.T.);
#8019 = VERTEX_POINT('',#8020);
#8020 = CARTESIAN_POINT('',(-33.99490633606,7.,-99.89978834986));
#8021 = SURFACE_CURVE('',#8022,(#8026,#8033),.PCURVE_S1.);
#8022 = LINE('',#8023,#8024);
#8023 = CARTESIAN_POINT('',(-33.99490633606,7.,-143.3510233461));
#8024 = VECTOR('',#8025,1.);
#8025 = DIRECTION('',(-1.263678077357E-16,0.,1.));
#8026 = PCURVE('',#7982,#8027);
#8027 = DEFINITIONAL_REPRESENTATION('',(#8028),#8032);
#8028 = LINE('',#8029,#8030);
#8029 = CARTESIAN_POINT('',(-7.,-24.5));
#8030 = VECTOR('',#8031,1.);
#8031 = DIRECTION('',(3.111320496571E-44,1.));
#8032 = ( GEOMETRIC_REPRESENTATION_CONTEXT(2) 
PARAMETRIC_REPRESENTATION_CONTEXT() REPRESENTATION_CONTEXT('2D SPACE',''
  ) );
#8033 = PCURVE('',#4336,#8034);
#8034 = DEFINITIONAL_REPRESENTATION('',(#8035),#8039);
#8035 = LINE('',#8036,#8037);
#8036 = CARTESIAN_POINT('',(40.,1.03473548219));
#8037 = VECTOR('',#8038,1.);
#8038 = DIRECTION('',(-1.,-1.263678077357E-16));
#8039 = ( GEOMETRIC_REPRESENTATION_CONTEXT(2) 
PARAMETRIC_REPRESENTATION_CONTEXT() REPRESENTATION_CONTEXT('2D SPACE',''
  ) );
#8040 = ORIENTED_EDGE('',*,*,#8041,.T.);
#8041 = EDGE_CURVE('',#8019,#8042,#8044,.T.);
#8042 = VERTEX_POINT('',#8043);
#8043 = CARTESIAN_POINT('',(-33.99490633606,-7.,-99.89978834986));
#8044 = SURFACE_CURVE('',#8045,(#8049,#8056),.PCURVE_S1.);
#8045 = LINE('',#8046,#8047);
#8046 = CARTESIAN_POINT('',(-33.99490633606,-1.837311027246E-15,
    -99.89978834986));
#8047 = VECTOR('',#8048,1.);
#8048 = DIRECTION('',(-1.068589661202E-15,-1.,-1.350353328551E-31));
#8049 = PCURVE('',#7982,#8050);
#8050 = DEFINITIONAL_REPRESENTATION('',(#8051),#8055);
#8051 = LINE('',#8052,#8053);
#8052 = CARTESIAN_POINT('',(1.734723475977E-15,18.95123499624));
#8053 = VECTOR('',#8054,1.);
#8054 = DIRECTION('',(1.,0.));
#8055 = ( GEOMETRIC_REPRESENTATION_CONTEXT(2) 
PARAMETRIC_REPRESENTATION_CONTEXT() REPRESENTATION_CONTEXT('2D SPACE',''
  ) );
#8056 = PCURVE('',#8057,#8062);
#8057 = PLANE('',#8058);
#8058 = AXIS2_PLACEMENT_3D('',#8059,#8060,#8061);
#8059 = CARTESIAN_POINT('',(-33.99490633606,-1.837311027246E-15,
    -99.89978834986));
#8060 = DIRECTION('',(-1.263678077357E-16,2.850949024098E-47,1.));
#8061 = DIRECTION('',(1.,0.,1.263678077357E-16));
#8062 = DEFINITIONAL_REPRESENTATION('',(#8063),#8067);
#8063 = LINE('',#8064,#8065);
#8064 = CARTESIAN_POINT('',(0.,0.));
#8065 = VECTOR('',#8066,1.);
#8066 = DIRECTION('',(-1.068589661202E-15,-1.));
#8067 = ( GEOMETRIC_REPRESENTATION_CONTEXT(2) 
PARAMETRIC_REPRESENTATION_CONTEXT() REPRESENTATION_CONTEXT('2D SPACE',''
  ) );
#8068 = ORIENTED_EDGE('',*,*,#8069,.T.);
#8069 = EDGE_CURVE('',#8042,#7967,#8070,.T.);
#8070 = SURFACE_CURVE('',#8071,(#8075,#8082),.PCURVE_S1.);
#8071 = LINE('',#8072,#8073);
#8072 = CARTESIAN_POINT('',(-33.99490633606,-7.,-143.3510233461));
#8073 = VECTOR('',#8074,1.);
#8074 = DIRECTION('',(-1.263678077357E-16,0.,1.));
#8075 = PCURVE('',#7982,#8076);
#8076 = DEFINITIONAL_REPRESENTATION('',(#8077),#8081);
#8077 = LINE('',#8078,#8079);
#8078 = CARTESIAN_POINT('',(7.,-24.5));
#8079 = VECTOR('',#8080,1.);
#8080 = DIRECTION('',(3.111320496571E-44,1.));
#8081 = ( GEOMETRIC_REPRESENTATION_CONTEXT(2) 
PARAMETRIC_REPRESENTATION_CONTEXT() REPRESENTATION_CONTEXT('2D SPACE',''
  ) );
#8082 = PCURVE('',#4280,#8083);
#8083 = DEFINITIONAL_REPRESENTATION('',(#8084),#8088);
#8084 = LINE('',#8085,#8086);
#8085 = CARTESIAN_POINT('',(40.,1.03473548219));
#8086 = VECTOR('',#8087,1.);
#8087 = DIRECTION('',(-1.,-1.263678077357E-16));
#8088 = ( GEOMETRIC_REPRESENTATION_CONTEXT(2) 
PARAMETRIC_REPRESENTATION_CONTEXT() REPRESENTATION_CONTEXT('2D SPACE',''
  ) );
#8089 = ORIENTED_EDGE('',*,*,#7966,.F.);
#8090 = ADVANCED_FACE('',(#8091),#8057,.F.);
#8091 = FACE_BOUND('',#8092,.T.);
#8092 = EDGE_LOOP('',(#8093,#8118,#8139,#8140));
#8093 = ORIENTED_EDGE('',*,*,#8094,.T.);
#8094 = EDGE_CURVE('',#8095,#8097,#8099,.T.);
#8095 = VERTEX_POINT('',#8096);
#8096 = CARTESIAN_POINT('',(-32.49490633606,7.,-99.89978834986));
#8097 = VERTEX_POINT('',#8098);
#8098 = CARTESIAN_POINT('',(-32.49490633606,-7.,-99.89978834986));
#8099 = SURFACE_CURVE('',#8100,(#8104,#8111),.PCURVE_S1.);
#8100 = LINE('',#8101,#8102);
#8101 = CARTESIAN_POINT('',(-32.49490633606,-3.440195519048E-15,
    -99.89978834986));
#8102 = VECTOR('',#8103,1.);
#8103 = DIRECTION('',(-1.068589661202E-15,-1.,-1.350353328551E-31));
#8104 = PCURVE('',#8057,#8105);
#8105 = DEFINITIONAL_REPRESENTATION('',(#8106),#8110);
#8106 = LINE('',#8107,#8108);
#8107 = CARTESIAN_POINT('',(1.5,-1.602884491802E-15));
#8108 = VECTOR('',#8109,1.);
#8109 = DIRECTION('',(-1.068589661202E-15,-1.));
#8110 = ( GEOMETRIC_REPRESENTATION_CONTEXT(2) 
PARAMETRIC_REPRESENTATION_CONTEXT() REPRESENTATION_CONTEXT('2D SPACE',''
  ) );
#8111 = PCURVE('',#4308,#8112);
#8112 = DEFINITIONAL_REPRESENTATION('',(#8113),#8117);
#8113 = LINE('',#8114,#8115);
#8114 = CARTESIAN_POINT('',(6.010142463668,3.45123499624));
#8115 = VECTOR('',#8116,1.);
#8116 = DIRECTION('',(1.,-1.350353328551E-31));
#8117 = ( GEOMETRIC_REPRESENTATION_CONTEXT(2) 
PARAMETRIC_REPRESENTATION_CONTEXT() REPRESENTATION_CONTEXT('2D SPACE',''
  ) );
#8118 = ORIENTED_EDGE('',*,*,#8119,.F.);
#8119 = EDGE_CURVE('',#8042,#8097,#8120,.T.);
#8120 = SURFACE_CURVE('',#8121,(#8125,#8132),.PCURVE_S1.);
#8121 = LINE('',#8122,#8123);
#8122 = CARTESIAN_POINT('',(-33.99490633606,-7.,-99.89978834986));
#8123 = VECTOR('',#8124,1.);
#8124 = DIRECTION('',(1.,-1.068589661202E-15,1.263678077357E-16));
#8125 = PCURVE('',#8057,#8126);
#8126 = DEFINITIONAL_REPRESENTATION('',(#8127),#8131);
#8127 = LINE('',#8128,#8129);
#8128 = CARTESIAN_POINT('',(0.,-7.));
#8129 = VECTOR('',#8130,1.);
#8130 = DIRECTION('',(1.,-1.068589661202E-15));
#8131 = ( GEOMETRIC_REPRESENTATION_CONTEXT(2) 
PARAMETRIC_REPRESENTATION_CONTEXT() REPRESENTATION_CONTEXT('2D SPACE',''
  ) );
#8132 = PCURVE('',#4280,#8133);
#8133 = DEFINITIONAL_REPRESENTATION('',(#8134),#8138);
#8134 = LINE('',#8135,#8136);
#8135 = CARTESIAN_POINT('',(-3.45123499624,1.03473548219));
#8136 = VECTOR('',#8137,1.);
#8137 = DIRECTION('',(-1.263678077357E-16,1.));
#8138 = ( GEOMETRIC_REPRESENTATION_CONTEXT(2) 
PARAMETRIC_REPRESENTATION_CONTEXT() REPRESENTATION_CONTEXT('2D SPACE',''
  ) );
#8139 = ORIENTED_EDGE('',*,*,#8041,.F.);
#8140 = ORIENTED_EDGE('',*,*,#8141,.T.);
#8141 = EDGE_CURVE('',#8019,#8095,#8142,.T.);
#8142 = SURFACE_CURVE('',#8143,(#8147,#8154),.PCURVE_S1.);
#8143 = LINE('',#8144,#8145);
#8144 = CARTESIAN_POINT('',(-33.99490633606,7.,-99.89978834986));
#8145 = VECTOR('',#8146,1.);
#8146 = DIRECTION('',(1.,-1.068589661202E-15,1.263678077357E-16));
#8147 = PCURVE('',#8057,#8148);
#8148 = DEFINITIONAL_REPRESENTATION('',(#8149),#8153);
#8149 = LINE('',#8150,#8151);
#8150 = CARTESIAN_POINT('',(0.,7.));
#8151 = VECTOR('',#8152,1.);
#8152 = DIRECTION('',(1.,-1.068589661202E-15));
#8153 = ( GEOMETRIC_REPRESENTATION_CONTEXT(2) 
PARAMETRIC_REPRESENTATION_CONTEXT() REPRESENTATION_CONTEXT('2D SPACE',''
  ) );
#8154 = PCURVE('',#4336,#8155);
#8155 = DEFINITIONAL_REPRESENTATION('',(#8156),#8160);
#8156 = LINE('',#8157,#8158);
#8157 = CARTESIAN_POINT('',(-3.45123499624,1.03473548219));
#8158 = VECTOR('',#8159,1.);
#8159 = DIRECTION('',(-1.263678077357E-16,1.));
#8160 = ( GEOMETRIC_REPRESENTATION_CONTEXT(2) 
PARAMETRIC_REPRESENTATION_CONTEXT() REPRESENTATION_CONTEXT('2D SPACE',''
  ) );
#8161 = ADVANCED_FACE('',(#8162),#4420,.T.);
#8162 = FACE_BOUND('',#8163,.T.);
#8163 = EDGE_LOOP('',(#8164,#8165,#8166,#8167));
#8164 = ORIENTED_EDGE('',*,*,#4733,.F.);
#8165 = ORIENTED_EDGE('',*,*,#4490,.F.);
#8166 = ORIENTED_EDGE('',*,*,#4404,.T.);
#8167 = ORIENTED_EDGE('',*,*,#8168,.T.);
#8168 = EDGE_CURVE('',#4377,#4734,#8169,.T.);
#8169 = SURFACE_CURVE('',#8170,(#8174,#8181),.PCURVE_S1.);
#8170 = LINE('',#8171,#8172);
#8171 = CARTESIAN_POINT('',(-30.29298782348,10.690088866279,
    -103.3510233461));
#8172 = VECTOR('',#8173,1.);
#8173 = DIRECTION('',(-1.263678077357E-16,0.,1.));
#8174 = PCURVE('',#4420,#8175);
#8175 = DEFINITIONAL_REPRESENTATION('',(#8176),#8180);
#8176 = LINE('',#8177,#8178);
#8177 = CARTESIAN_POINT('',(0.,-0.442146226763));
#8178 = VECTOR('',#8179,1.);
#8179 = DIRECTION('',(-1.,0.));
#8180 = ( GEOMETRIC_REPRESENTATION_CONTEXT(2) 
PARAMETRIC_REPRESENTATION_CONTEXT() REPRESENTATION_CONTEXT('2D SPACE',''
  ) );
#8181 = PCURVE('',#4392,#8182);
#8182 = DEFINITIONAL_REPRESENTATION('',(#8183),#8187);
#8183 = LINE('',#8184,#8185);
#8184 = CARTESIAN_POINT('',(-3.44499945641,-6.529009679334E-48));
#8185 = VECTOR('',#8186,1.);
#8186 = DIRECTION('',(1.263678077357E-16,1.));
#8187 = ( GEOMETRIC_REPRESENTATION_CONTEXT(2) 
PARAMETRIC_REPRESENTATION_CONTEXT() REPRESENTATION_CONTEXT('2D SPACE',''
  ) );
#8188 = ADVANCED_FACE('',(#8189),#4392,.T.);
#8189 = FACE_BOUND('',#8190,.T.);
#8190 = EDGE_LOOP('',(#8191,#8192,#8193,#8194));
#8191 = ORIENTED_EDGE('',*,*,#4756,.F.);
#8192 = ORIENTED_EDGE('',*,*,#8168,.F.);
#8193 = ORIENTED_EDGE('',*,*,#4376,.T.);
#8194 = ORIENTED_EDGE('',*,*,#8195,.T.);
#8195 = EDGE_CURVE('',#4349,#4757,#8196,.T.);
#8196 = SURFACE_CURVE('',#8197,(#8201,#8208),.PCURVE_S1.);
#8197 = LINE('',#8198,#8199);
#8198 = CARTESIAN_POINT('',(-34.26580705309,10.690088866279,
    -103.3510233461));
#8199 = VECTOR('',#8200,1.);
#8200 = DIRECTION('',(-1.263678077357E-16,0.,1.));
#8201 = PCURVE('',#4392,#8202);
#8202 = DEFINITIONAL_REPRESENTATION('',(#8203),#8207);
#8203 = LINE('',#8204,#8205);
#8204 = CARTESIAN_POINT('',(0.5278197732,1.000331190693E-48));
#8205 = VECTOR('',#8206,1.);
#8206 = DIRECTION('',(1.263678077357E-16,1.));
#8207 = ( GEOMETRIC_REPRESENTATION_CONTEXT(2) 
PARAMETRIC_REPRESENTATION_CONTEXT() REPRESENTATION_CONTEXT('2D SPACE',''
  ) );
#8208 = PCURVE('',#4364,#8209);
#8209 = DEFINITIONAL_REPRESENTATION('',(#8210),#8214);
#8210 = LINE('',#8211,#8212);
#8211 = CARTESIAN_POINT('',(0.,2.029102994129));
#8212 = VECTOR('',#8213,1.);
#8213 = DIRECTION('',(-1.,0.));
#8214 = ( GEOMETRIC_REPRESENTATION_CONTEXT(2) 
PARAMETRIC_REPRESENTATION_CONTEXT() REPRESENTATION_CONTEXT('2D SPACE',''
  ) );
#8215 = ADVANCED_FACE('',(#8216),#4364,.F.);
#8216 = FACE_BOUND('',#8217,.T.);
#8217 = EDGE_LOOP('',(#8218,#8219,#8220,#8221));
#8218 = ORIENTED_EDGE('',*,*,#4779,.T.);
#8219 = ORIENTED_EDGE('',*,*,#8195,.F.);
#8220 = ORIENTED_EDGE('',*,*,#4348,.F.);
#8221 = ORIENTED_EDGE('',*,*,#8222,.T.);
#8222 = EDGE_CURVE('',#4321,#4780,#8223,.T.);
#8223 = SURFACE_CURVE('',#8224,(#8228,#8235),.PCURVE_S1.);
#8224 = LINE('',#8225,#8226);
#8225 = CARTESIAN_POINT('',(-34.26580705309,7.,-103.3510233461));
#8226 = VECTOR('',#8227,1.);
#8227 = DIRECTION('',(-1.263678077357E-16,0.,1.));
#8228 = PCURVE('',#4364,#8229);
#8229 = DEFINITIONAL_REPRESENTATION('',(#8230),#8234);
#8230 = LINE('',#8231,#8232);
#8231 = CARTESIAN_POINT('',(0.,-1.66098587215));
#8232 = VECTOR('',#8233,1.);
#8233 = DIRECTION('',(-1.,0.));
#8234 = ( GEOMETRIC_REPRESENTATION_CONTEXT(2) 
PARAMETRIC_REPRESENTATION_CONTEXT() REPRESENTATION_CONTEXT('2D SPACE',''
  ) );
#8235 = PCURVE('',#4336,#8236);
#8236 = DEFINITIONAL_REPRESENTATION('',(#8237),#8241);
#8237 = LINE('',#8238,#8239);
#8238 = CARTESIAN_POINT('',(0.,0.76383476516));
#8239 = VECTOR('',#8240,1.);
#8240 = DIRECTION('',(-1.,-1.263678077357E-16));
#8241 = ( GEOMETRIC_REPRESENTATION_CONTEXT(2) 
PARAMETRIC_REPRESENTATION_CONTEXT() REPRESENTATION_CONTEXT('2D SPACE',''
  ) );
#8242 = ADVANCED_FACE('',(#8243),#4336,.T.);
#8243 = FACE_BOUND('',#8244,.T.);
#8244 = EDGE_LOOP('',(#8245,#8246,#8247,#8248,#8249,#8250,#8251,#8252,
    #8253,#8254,#8255,#8256,#8277,#8278,#8279,#8280,#8281,#8282,#8283,
    #8284,#8285,#8286,#8287,#8288,#8289,#8290,#8291,#8292,#8293,#8294,
    #8295,#8296,#8297,#8298,#8299,#8300,#8301,#8302,#8303,#8304,#8305,
    #8306,#8307,#8308,#8309,#8310,#8311,#8312));
#8245 = ORIENTED_EDGE('',*,*,#5410,.F.);
#8246 = ORIENTED_EDGE('',*,*,#5282,.T.);
#8247 = ORIENTED_EDGE('',*,*,#5207,.T.);
#8248 = ORIENTED_EDGE('',*,*,#5130,.T.);
#8249 = ORIENTED_EDGE('',*,*,#5106,.F.);
#8250 = ORIENTED_EDGE('',*,*,#4978,.T.);
#8251 = ORIENTED_EDGE('',*,*,#4903,.T.);
#8252 = ORIENTED_EDGE('',*,*,#4826,.T.);
#8253 = ORIENTED_EDGE('',*,*,#4802,.F.);
#8254 = ORIENTED_EDGE('',*,*,#8222,.F.);
#8255 = ORIENTED_EDGE('',*,*,#4320,.T.);
#8256 = ORIENTED_EDGE('',*,*,#8257,.T.);
#8257 = EDGE_CURVE('',#4293,#8095,#8258,.T.);
#8258 = SURFACE_CURVE('',#8259,(#8263,#8270),.PCURVE_S1.);
#8259 = LINE('',#8260,#8261);
#8260 = CARTESIAN_POINT('',(-32.49490633606,7.,-103.3510233461));
#8261 = VECTOR('',#8262,1.);
#8262 = DIRECTION('',(-1.263678077357E-16,0.,1.));
#8263 = PCURVE('',#4336,#8264);
#8264 = DEFINITIONAL_REPRESENTATION('',(#8265),#8269);
#8265 = LINE('',#8266,#8267);
#8266 = CARTESIAN_POINT('',(0.,2.53473548219));
#8267 = VECTOR('',#8268,1.);
#8268 = DIRECTION('',(-1.,-1.263678077357E-16));
#8269 = ( GEOMETRIC_REPRESENTATION_CONTEXT(2) 
PARAMETRIC_REPRESENTATION_CONTEXT() REPRESENTATION_CONTEXT('2D SPACE',''
  ) );
#8270 = PCURVE('',#4308,#8271);
#8271 = DEFINITIONAL_REPRESENTATION('',(#8272),#8276);
#8272 = LINE('',#8273,#8274);
#8273 = CARTESIAN_POINT('',(-0.989857536332,1.336657418978E-31));
#8274 = VECTOR('',#8275,1.);
#8275 = DIRECTION('',(1.350353328551E-31,1.));
#8276 = ( GEOMETRIC_REPRESENTATION_CONTEXT(2) 
PARAMETRIC_REPRESENTATION_CONTEXT() REPRESENTATION_CONTEXT('2D SPACE',''
  ) );
#8277 = ORIENTED_EDGE('',*,*,#8141,.F.);
#8278 = ORIENTED_EDGE('',*,*,#8018,.T.);
#8279 = ORIENTED_EDGE('',*,*,#7943,.T.);
#8280 = ORIENTED_EDGE('',*,*,#7867,.T.);
#8281 = ORIENTED_EDGE('',*,*,#7842,.F.);
#8282 = ORIENTED_EDGE('',*,*,#7714,.T.);
#8283 = ORIENTED_EDGE('',*,*,#7639,.T.);
#8284 = ORIENTED_EDGE('',*,*,#7562,.T.);
#8285 = ORIENTED_EDGE('',*,*,#7538,.F.);
#8286 = ORIENTED_EDGE('',*,*,#7410,.T.);
#8287 = ORIENTED_EDGE('',*,*,#7335,.T.);
#8288 = ORIENTED_EDGE('',*,*,#7259,.T.);
#8289 = ORIENTED_EDGE('',*,*,#7234,.F.);
#8290 = ORIENTED_EDGE('',*,*,#7106,.T.);
#8291 = ORIENTED_EDGE('',*,*,#7031,.T.);
#8292 = ORIENTED_EDGE('',*,*,#6955,.T.);
#8293 = ORIENTED_EDGE('',*,*,#6930,.F.);
#8294 = ORIENTED_EDGE('',*,*,#6802,.T.);
#8295 = ORIENTED_EDGE('',*,*,#6727,.T.);
#8296 = ORIENTED_EDGE('',*,*,#6650,.T.);
#8297 = ORIENTED_EDGE('',*,*,#6626,.F.);
#8298 = ORIENTED_EDGE('',*,*,#6498,.T.);
#8299 = ORIENTED_EDGE('',*,*,#6423,.T.);
#8300 = ORIENTED_EDGE('',*,*,#6347,.T.);
#8301 = ORIENTED_EDGE('',*,*,#6322,.F.);
#8302 = ORIENTED_EDGE('',*,*,#6194,.T.);
#8303 = ORIENTED_EDGE('',*,*,#6119,.T.);
#8304 = ORIENTED_EDGE('',*,*,#6042,.T.);
#8305 = ORIENTED_EDGE('',*,*,#6018,.F.);
#8306 = ORIENTED_EDGE('',*,*,#5890,.T.);
#8307 = ORIENTED_EDGE('',*,*,#5815,.T.);
#8308 = ORIENTED_EDGE('',*,*,#5738,.T.);
#8309 = ORIENTED_EDGE('',*,*,#5714,.F.);
#8310 = ORIENTED_EDGE('',*,*,#5586,.T.);
#8311 = ORIENTED_EDGE('',*,*,#5511,.T.);
#8312 = ORIENTED_EDGE('',*,*,#5435,.T.);
#8313 = ADVANCED_FACE('',(#8314),#4308,.T.);
#8314 = FACE_BOUND('',#8315,.T.);
#8315 = EDGE_LOOP('',(#8316,#8317,#8318,#8319));
#8316 = ORIENTED_EDGE('',*,*,#8094,.F.);
#8317 = ORIENTED_EDGE('',*,*,#8257,.F.);
#8318 = ORIENTED_EDGE('',*,*,#4292,.T.);
#8319 = ORIENTED_EDGE('',*,*,#8320,.T.);
#8320 = EDGE_CURVE('',#4265,#8097,#8321,.T.);
#8321 = SURFACE_CURVE('',#8322,(#8326,#8333),.PCURVE_S1.);
#8322 = LINE('',#8323,#8324);
#8323 = CARTESIAN_POINT('',(-32.49490633606,-7.,-103.3510233461));
#8324 = VECTOR('',#8325,1.);
#8325 = DIRECTION('',(-1.263678077357E-16,0.,1.));
#8326 = PCURVE('',#4308,#8327);
#8327 = DEFINITIONAL_REPRESENTATION('',(#8328),#8332);
#8328 = LINE('',#8329,#8330);
#8329 = CARTESIAN_POINT('',(13.010142463668,3.896563833653E-32));
#8330 = VECTOR('',#8331,1.);
#8331 = DIRECTION('',(1.350353328551E-31,1.));
#8332 = ( GEOMETRIC_REPRESENTATION_CONTEXT(2) 
PARAMETRIC_REPRESENTATION_CONTEXT() REPRESENTATION_CONTEXT('2D SPACE',''
  ) );
#8333 = PCURVE('',#4280,#8334);
#8334 = DEFINITIONAL_REPRESENTATION('',(#8335),#8339);
#8335 = LINE('',#8336,#8337);
#8336 = CARTESIAN_POINT('',(0.,2.53473548219));
#8337 = VECTOR('',#8338,1.);
#8338 = DIRECTION('',(-1.,-1.263678077357E-16));
#8339 = ( GEOMETRIC_REPRESENTATION_CONTEXT(2) 
PARAMETRIC_REPRESENTATION_CONTEXT() REPRESENTATION_CONTEXT('2D SPACE',''
  ) );
#8340 = ADVANCED_FACE('',(#8341),#4280,.F.);
#8341 = FACE_BOUND('',#8342,.T.);
#8342 = EDGE_LOOP('',(#8343,#8344,#8345,#8346,#8347,#8348,#8349,#8350,
    #8351,#8352,#8353,#8354,#8355,#8356,#8357,#8358,#8359,#8360,#8361,
    #8362,#8363,#8364,#8365,#8366,#8367,#8368,#8369,#8370,#8371,#8372,
    #8373,#8374,#8375,#8376,#8377,#8378,#8379,#8380,#8381,#8382,#8383,
    #8384,#8405,#8406,#8407,#8408,#8409,#8410));
#8343 = ORIENTED_EDGE('',*,*,#5258,.F.);
#8344 = ORIENTED_EDGE('',*,*,#5333,.F.);
#8345 = ORIENTED_EDGE('',*,*,#5388,.T.);
#8346 = ORIENTED_EDGE('',*,*,#5486,.F.);
#8347 = ORIENTED_EDGE('',*,*,#5562,.F.);
#8348 = ORIENTED_EDGE('',*,*,#5637,.F.);
#8349 = ORIENTED_EDGE('',*,*,#5692,.T.);
#8350 = ORIENTED_EDGE('',*,*,#5789,.F.);
#8351 = ORIENTED_EDGE('',*,*,#5866,.F.);
#8352 = ORIENTED_EDGE('',*,*,#5941,.F.);
#8353 = ORIENTED_EDGE('',*,*,#5996,.T.);
#8354 = ORIENTED_EDGE('',*,*,#6093,.F.);
#8355 = ORIENTED_EDGE('',*,*,#6170,.F.);
#8356 = ORIENTED_EDGE('',*,*,#6245,.F.);
#8357 = ORIENTED_EDGE('',*,*,#6300,.T.);
#8358 = ORIENTED_EDGE('',*,*,#6398,.F.);
#8359 = ORIENTED_EDGE('',*,*,#6474,.F.);
#8360 = ORIENTED_EDGE('',*,*,#6549,.F.);
#8361 = ORIENTED_EDGE('',*,*,#6604,.T.);
#8362 = ORIENTED_EDGE('',*,*,#6701,.F.);
#8363 = ORIENTED_EDGE('',*,*,#6778,.F.);
#8364 = ORIENTED_EDGE('',*,*,#6853,.F.);
#8365 = ORIENTED_EDGE('',*,*,#6908,.T.);
#8366 = ORIENTED_EDGE('',*,*,#7006,.F.);
#8367 = ORIENTED_EDGE('',*,*,#7082,.F.);
#8368 = ORIENTED_EDGE('',*,*,#7157,.F.);
#8369 = ORIENTED_EDGE('',*,*,#7212,.T.);
#8370 = ORIENTED_EDGE('',*,*,#7310,.F.);
#8371 = ORIENTED_EDGE('',*,*,#7386,.F.);
#8372 = ORIENTED_EDGE('',*,*,#7461,.F.);
#8373 = ORIENTED_EDGE('',*,*,#7516,.T.);
#8374 = ORIENTED_EDGE('',*,*,#7613,.F.);
#8375 = ORIENTED_EDGE('',*,*,#7690,.F.);
#8376 = ORIENTED_EDGE('',*,*,#7765,.F.);
#8377 = ORIENTED_EDGE('',*,*,#7820,.T.);
#8378 = ORIENTED_EDGE('',*,*,#7918,.F.);
#8379 = ORIENTED_EDGE('',*,*,#7994,.F.);
#8380 = ORIENTED_EDGE('',*,*,#8069,.F.);
#8381 = ORIENTED_EDGE('',*,*,#8119,.T.);
#8382 = ORIENTED_EDGE('',*,*,#8320,.F.);
#8383 = ORIENTED_EDGE('',*,*,#4264,.F.);
#8384 = ORIENTED_EDGE('',*,*,#8385,.T.);
#8385 = EDGE_CURVE('',#4237,#4596,#8386,.T.);
#8386 = SURFACE_CURVE('',#8387,(#8391,#8398),.PCURVE_S1.);
#8387 = LINE('',#8388,#8389);
#8388 = CARTESIAN_POINT('',(-34.26580705309,-7.,-103.3510233461));
#8389 = VECTOR('',#8390,1.);
#8390 = DIRECTION('',(-1.263678077357E-16,0.,1.));
#8391 = PCURVE('',#4280,#8392);
#8392 = DEFINITIONAL_REPRESENTATION('',(#8393),#8397);
#8393 = LINE('',#8394,#8395);
#8394 = CARTESIAN_POINT('',(0.,0.76383476516));
#8395 = VECTOR('',#8396,1.);
#8396 = DIRECTION('',(-1.,-1.263678077357E-16));
#8397 = ( GEOMETRIC_REPRESENTATION_CONTEXT(2) 
PARAMETRIC_REPRESENTATION_CONTEXT() REPRESENTATION_CONTEXT('2D SPACE',''
  ) );
#8398 = PCURVE('',#4252,#8399);
#8399 = DEFINITIONAL_REPRESENTATION('',(#8400),#8404);
#8400 = LINE('',#8401,#8402);
#8401 = CARTESIAN_POINT('',(0.,1.66098587215));
#8402 = VECTOR('',#8403,1.);
#8403 = DIRECTION('',(1.,0.));
#8404 = ( GEOMETRIC_REPRESENTATION_CONTEXT(2) 
PARAMETRIC_REPRESENTATION_CONTEXT() REPRESENTATION_CONTEXT('2D SPACE',''
  ) );
#8405 = ORIENTED_EDGE('',*,*,#4595,.T.);
#8406 = ORIENTED_EDGE('',*,*,#4877,.F.);
#8407 = ORIENTED_EDGE('',*,*,#4954,.F.);
#8408 = ORIENTED_EDGE('',*,*,#5029,.F.);
#8409 = ORIENTED_EDGE('',*,*,#5084,.T.);
#8410 = ORIENTED_EDGE('',*,*,#5181,.F.);
#8411 = ADVANCED_FACE('',(#8412),#4252,.T.);
#8412 = FACE_BOUND('',#8413,.T.);
#8413 = EDGE_LOOP('',(#8414,#8415,#8416,#8417));
#8414 = ORIENTED_EDGE('',*,*,#4618,.F.);
#8415 = ORIENTED_EDGE('',*,*,#8385,.F.);
#8416 = ORIENTED_EDGE('',*,*,#4236,.T.);
#8417 = ORIENTED_EDGE('',*,*,#8418,.T.);
#8418 = EDGE_CURVE('',#4209,#4619,#8419,.T.);
#8419 = SURFACE_CURVE('',#8420,(#8424,#8431),.PCURVE_S1.);
#8420 = LINE('',#8421,#8422);
#8421 = CARTESIAN_POINT('',(-34.26580705309,-10.69008886627,
    -103.3510233461));
#8422 = VECTOR('',#8423,1.);
#8423 = DIRECTION('',(-1.263678077357E-16,0.,1.));
#8424 = PCURVE('',#4252,#8425);
#8425 = DEFINITIONAL_REPRESENTATION('',(#8426),#8430);
#8426 = LINE('',#8427,#8428);
#8427 = CARTESIAN_POINT('',(0.,-2.02910299412));
#8428 = VECTOR('',#8429,1.);
#8429 = DIRECTION('',(1.,0.));
#8430 = ( GEOMETRIC_REPRESENTATION_CONTEXT(2) 
PARAMETRIC_REPRESENTATION_CONTEXT() REPRESENTATION_CONTEXT('2D SPACE',''
  ) );
#8431 = PCURVE('',#4224,#8432);
#8432 = DEFINITIONAL_REPRESENTATION('',(#8433),#8437);
#8433 = LINE('',#8434,#8435);
#8434 = CARTESIAN_POINT('',(-0.59477038121,-1.127216890753E-48));
#8435 = VECTOR('',#8436,1.);
#8436 = DIRECTION('',(1.263678077357E-16,1.));
#8437 = ( GEOMETRIC_REPRESENTATION_CONTEXT(2) 
PARAMETRIC_REPRESENTATION_CONTEXT() REPRESENTATION_CONTEXT('2D SPACE',''
  ) );
#8438 = ADVANCED_FACE('',(#8439),#4224,.F.);
#8439 = FACE_BOUND('',#8440,.T.);
#8440 = EDGE_LOOP('',(#8441,#8442,#8443,#8444));
#8441 = ORIENTED_EDGE('',*,*,#4641,.T.);
#8442 = ORIENTED_EDGE('',*,*,#8418,.F.);
#8443 = ORIENTED_EDGE('',*,*,#4208,.F.);
#8444 = ORIENTED_EDGE('',*,*,#8445,.T.);
#8445 = EDGE_CURVE('',#4181,#4642,#8446,.T.);
#8446 = SURFACE_CURVE('',#8447,(#8451,#8458),.PCURVE_S1.);
#8447 = LINE('',#8448,#8449);
#8448 = CARTESIAN_POINT('',(-30.29298782348,-10.69008886627,
    -103.3510233461));
#8449 = VECTOR('',#8450,1.);
#8450 = DIRECTION('',(-1.263678077357E-16,0.,1.));
#8451 = PCURVE('',#4224,#8452);
#8452 = DEFINITIONAL_REPRESENTATION('',(#8453),#8457);
#8453 = LINE('',#8454,#8455);
#8454 = CARTESIAN_POINT('',(-4.56758961082,-8.65655776078E-48));
#8455 = VECTOR('',#8456,1.);
#8456 = DIRECTION('',(1.263678077357E-16,1.));
#8457 = ( GEOMETRIC_REPRESENTATION_CONTEXT(2) 
PARAMETRIC_REPRESENTATION_CONTEXT() REPRESENTATION_CONTEXT('2D SPACE',''
  ) );
#8458 = PCURVE('',#4196,#8459);
#8459 = DEFINITIONAL_REPRESENTATION('',(#8460),#8464);
#8460 = LINE('',#8461,#8462);
#8461 = CARTESIAN_POINT('',(0.,-0.18717497959));
#8462 = VECTOR('',#8463,1.);
#8463 = DIRECTION('',(1.,0.));
#8464 = ( GEOMETRIC_REPRESENTATION_CONTEXT(2) 
PARAMETRIC_REPRESENTATION_CONTEXT() REPRESENTATION_CONTEXT('2D SPACE',''
  ) );
#8465 = ADVANCED_FACE('',(#8466),#4196,.F.);
#8466 = FACE_BOUND('',#8467,.T.);
#8467 = EDGE_LOOP('',(#8468,#8469,#8470,#8471));
#8468 = ORIENTED_EDGE('',*,*,#4664,.T.);
#8469 = ORIENTED_EDGE('',*,*,#8445,.F.);
#8470 = ORIENTED_EDGE('',*,*,#4180,.F.);
#8471 = ORIENTED_EDGE('',*,*,#8472,.T.);
#8472 = EDGE_CURVE('',#4153,#4665,#8473,.T.);
#8473 = SURFACE_CURVE('',#8474,(#8478,#8485),.PCURVE_S1.);
#8474 = LINE('',#8475,#8476);
#8475 = CARTESIAN_POINT('',(-30.29298782348,-9.5,-103.3510233461));
#8476 = VECTOR('',#8477,1.);
#8477 = DIRECTION('',(-1.263678077357E-16,0.,1.));
#8478 = PCURVE('',#4196,#8479);
#8479 = DEFINITIONAL_REPRESENTATION('',(#8480),#8484);
#8480 = LINE('',#8481,#8482);
#8481 = CARTESIAN_POINT('',(0.,1.00291388668));
#8482 = VECTOR('',#8483,1.);
#8483 = DIRECTION('',(1.,0.));
#8484 = ( GEOMETRIC_REPRESENTATION_CONTEXT(2) 
PARAMETRIC_REPRESENTATION_CONTEXT() REPRESENTATION_CONTEXT('2D SPACE',''
  ) );
#8485 = PCURVE('',#4168,#8486);
#8486 = DEFINITIONAL_REPRESENTATION('',(#8487),#8491);
#8487 = LINE('',#8488,#8489);
#8488 = CARTESIAN_POINT('',(-23.83364614852,-5.000302929878E+05));
#8489 = VECTOR('',#8490,1.);
#8490 = DIRECTION('',(1.,-1.263678077357E-16));
#8491 = ( GEOMETRIC_REPRESENTATION_CONTEXT(2) 
PARAMETRIC_REPRESENTATION_CONTEXT() REPRESENTATION_CONTEXT('2D SPACE',''
  ) );
#8492 = ADVANCED_FACE('',(#8493,#8519,#8605,#8691,#8805),#4168,.F.);
#8493 = FACE_BOUND('',#8494,.T.);
#8494 = EDGE_LOOP('',(#8495,#8496,#8497,#8518));
#8495 = ORIENTED_EDGE('',*,*,#8472,.F.);
#8496 = ORIENTED_EDGE('',*,*,#4152,.F.);
#8497 = ORIENTED_EDGE('',*,*,#8498,.T.);
#8498 = EDGE_CURVE('',#4118,#4688,#8499,.T.);
#8499 = SURFACE_CURVE('',#8500,(#8504,#8511),.PCURVE_S1.);
#8500 = LINE('',#8501,#8502);
#8501 = CARTESIAN_POINT('',(-16.4544826719,-9.5,-72.30334041267));
#8502 = VECTOR('',#8503,1.);
#8503 = DIRECTION('',(-3.903127820948E-18,0.,1.));
#8504 = PCURVE('',#4168,#8505);
#8505 = DEFINITIONAL_REPRESENTATION('',(#8506),#8510);
#8506 = LINE('',#8507,#8508);
#8507 = CARTESIAN_POINT('',(7.21403678491,-5.000164544827E+05));
#8508 = VECTOR('',#8509,1.);
#8509 = DIRECTION('',(1.,-3.903127820948E-18));
#8510 = ( GEOMETRIC_REPRESENTATION_CONTEXT(2) 
PARAMETRIC_REPRESENTATION_CONTEXT() REPRESENTATION_CONTEXT('2D SPACE',''
  ) );
#8511 = PCURVE('',#4140,#8512);
#8512 = DEFINITIONAL_REPRESENTATION('',(#8513),#8517);
#8513 = LINE('',#8514,#8515);
#8514 = CARTESIAN_POINT('',(2.617993877991,0.));
#8515 = VECTOR('',#8516,1.);
#8516 = DIRECTION('',(0.,-1.));
#8517 = ( GEOMETRIC_REPRESENTATION_CONTEXT(2) 
PARAMETRIC_REPRESENTATION_CONTEXT() REPRESENTATION_CONTEXT('2D SPACE',''
  ) );
#8518 = ORIENTED_EDGE('',*,*,#4687,.T.);
#8519 = FACE_BOUND('',#8520,.T.);
#8520 = EDGE_LOOP('',(#8521,#8551,#8579));
#8521 = ORIENTED_EDGE('',*,*,#8522,.T.);
#8522 = EDGE_CURVE('',#8523,#8525,#8527,.T.);
#8523 = VERTEX_POINT('',#8524);
#8524 = CARTESIAN_POINT('',(-24.71399307251,-9.5,-71.81660458445));
#8525 = VERTEX_POINT('',#8526);
#8526 = CARTESIAN_POINT('',(-27.3000691086,-9.5,-68.53852793574));
#8527 = SURFACE_CURVE('',#8528,(#8532,#8539),.PCURVE_S1.);
#8528 = LINE('',#8529,#8530);
#8529 = CARTESIAN_POINT('',(-24.85105754768,-9.5,-71.64286342249));
#8530 = VECTOR('',#8531,1.);
#8531 = DIRECTION('',(-0.619366986653,0.,0.785101608612));
#8532 = PCURVE('',#4168,#8533);
#8533 = DEFINITIONAL_REPRESENTATION('',(#8534),#8538);
#8534 = LINE('',#8535,#8536);
#8535 = CARTESIAN_POINT('',(7.87451377509,-5.000248510575E+05));
#8536 = VECTOR('',#8537,1.);
#8537 = DIRECTION('',(0.785101608612,-0.619366986653));
#8538 = ( GEOMETRIC_REPRESENTATION_CONTEXT(2) 
PARAMETRIC_REPRESENTATION_CONTEXT() REPRESENTATION_CONTEXT('2D SPACE',''
  ) );
#8539 = PCURVE('',#8540,#8545);
#8540 = PLANE('',#8541);
#8541 = AXIS2_PLACEMENT_3D('',#8542,#8543,#8544);
#8542 = CARTESIAN_POINT('',(-24.85105754768,-11.52682,-71.64286342249));
#8543 = DIRECTION('',(-0.785101608612,0.,-0.619366986653));
#8544 = DIRECTION('',(-0.619366986653,0.,0.785101608612));
#8545 = DEFINITIONAL_REPRESENTATION('',(#8546),#8550);
#8546 = LINE('',#8547,#8548);
#8547 = CARTESIAN_POINT('',(0.,2.02682));
#8548 = VECTOR('',#8549,1.);
#8549 = DIRECTION('',(1.,0.));
#8550 = ( GEOMETRIC_REPRESENTATION_CONTEXT(2) 
PARAMETRIC_REPRESENTATION_CONTEXT() REPRESENTATION_CONTEXT('2D SPACE',''
  ) );
#8551 = ORIENTED_EDGE('',*,*,#8552,.T.);
#8552 = EDGE_CURVE('',#8525,#8553,#8555,.T.);
#8553 = VERTEX_POINT('',#8554);
#8554 = CARTESIAN_POINT('',(-22.12791703641,-9.5,-68.53852793574));
#8555 = SURFACE_CURVE('',#8556,(#8560,#8567),.PCURVE_S1.);
#8556 = LINE('',#8557,#8558);
#8557 = CARTESIAN_POINT('',(-25.12761764228,-9.5,-68.53852793574));
#8558 = VECTOR('',#8559,1.);
#8559 = DIRECTION('',(1.,0.,-2.683174743146E-15));
#8560 = PCURVE('',#4168,#8561);
#8561 = DEFINITIONAL_REPRESENTATION('',(#8562),#8566);
#8562 = LINE('',#8563,#8564);
#8563 = CARTESIAN_POINT('',(10.97884926184,-5.000251276176E+05));
#8564 = VECTOR('',#8565,1.);
#8565 = DIRECTION('',(-2.683174743146E-15,1.));
#8566 = ( GEOMETRIC_REPRESENTATION_CONTEXT(2) 
PARAMETRIC_REPRESENTATION_CONTEXT() REPRESENTATION_CONTEXT('2D SPACE',''
  ) );
#8567 = PCURVE('',#8568,#8573);
#8568 = PLANE('',#8569);
#8569 = AXIS2_PLACEMENT_3D('',#8570,#8571,#8572);
#8570 = CARTESIAN_POINT('',(-25.12761764228,-11.52682,-68.53852793574));
#8571 = DIRECTION('',(2.683174743146E-15,0.,1.));
#8572 = DIRECTION('',(1.,0.,-2.683174743146E-15));
#8573 = DEFINITIONAL_REPRESENTATION('',(#8574),#8578);
#8574 = LINE('',#8575,#8576);
#8575 = CARTESIAN_POINT('',(0.,2.02682));
#8576 = VECTOR('',#8577,1.);
#8577 = DIRECTION('',(1.,0.));
#8578 = ( GEOMETRIC_REPRESENTATION_CONTEXT(2) 
PARAMETRIC_REPRESENTATION_CONTEXT() REPRESENTATION_CONTEXT('2D SPACE',''
  ) );
#8579 = ORIENTED_EDGE('',*,*,#8580,.T.);
#8580 = EDGE_CURVE('',#8553,#8523,#8581,.T.);
#8581 = SURFACE_CURVE('',#8582,(#8586,#8593),.PCURVE_S1.);
#8582 = LINE('',#8583,#8584);
#8583 = CARTESIAN_POINT('',(-23.20519928343,-9.5,-69.90407702584));
#8584 = VECTOR('',#8585,1.);
#8585 = DIRECTION('',(-0.619366986653,0.,-0.785101608612));
#8586 = PCURVE('',#4168,#8587);
#8587 = DEFINITIONAL_REPRESENTATION('',(#8588),#8592);
#8588 = LINE('',#8589,#8590);
#8589 = CARTESIAN_POINT('',(9.61330017174,-5.000232051993E+05));
#8590 = VECTOR('',#8591,1.);
#8591 = DIRECTION('',(-0.785101608612,-0.619366986653));
#8592 = ( GEOMETRIC_REPRESENTATION_CONTEXT(2) 
PARAMETRIC_REPRESENTATION_CONTEXT() REPRESENTATION_CONTEXT('2D SPACE',''
  ) );
#8593 = PCURVE('',#8594,#8599);
#8594 = PLANE('',#8595);
#8595 = AXIS2_PLACEMENT_3D('',#8596,#8597,#8598);
#8596 = CARTESIAN_POINT('',(-23.20519928343,-11.52682,-69.90407702584));
#8597 = DIRECTION('',(0.785101608612,0.,-0.619366986653));
#8598 = DIRECTION('',(-0.619366986653,0.,-0.785101608612));
#8599 = DEFINITIONAL_REPRESENTATION('',(#8600),#8604);
#8600 = LINE('',#8601,#8602);
#8601 = CARTESIAN_POINT('',(0.,2.02682));
#8602 = VECTOR('',#8603,1.);
#8603 = DIRECTION('',(1.,0.));
#8604 = ( GEOMETRIC_REPRESENTATION_CONTEXT(2) 
PARAMETRIC_REPRESENTATION_CONTEXT() REPRESENTATION_CONTEXT('2D SPACE',''
  ) );
#8605 = FACE_BOUND('',#8606,.T.);
#8606 = EDGE_LOOP('',(#8607,#8637,#8665));
#8607 = ORIENTED_EDGE('',*,*,#8608,.F.);
#8608 = EDGE_CURVE('',#8609,#8611,#8613,.T.);
#8609 = VERTEX_POINT('',#8610);
#8610 = CARTESIAN_POINT('',(-22.12791703641,-9.5,-63.56595084071));
#8611 = VERTEX_POINT('',#8612);
#8612 = CARTESIAN_POINT('',(-24.71399307251,-9.5,-60.28787419199));
#8613 = SURFACE_CURVE('',#8614,(#8618,#8625),.PCURVE_S1.);
#8614 = LINE('',#8615,#8616);
#8615 = CARTESIAN_POINT('',(-23.20519928343,-9.5,-62.2004017506));
#8616 = VECTOR('',#8617,1.);
#8617 = DIRECTION('',(-0.619366986653,0.,0.785101608612));
#8618 = PCURVE('',#4168,#8619);
#8619 = DEFINITIONAL_REPRESENTATION('',(#8620),#8624);
#8620 = LINE('',#8621,#8622);
#8621 = CARTESIAN_POINT('',(17.31697544698,-5.000232051993E+05));
#8622 = VECTOR('',#8623,1.);
#8623 = DIRECTION('',(0.785101608612,-0.619366986653));
#8624 = ( GEOMETRIC_REPRESENTATION_CONTEXT(2) 
PARAMETRIC_REPRESENTATION_CONTEXT() REPRESENTATION_CONTEXT('2D SPACE',''
  ) );
#8625 = PCURVE('',#8626,#8631);
#8626 = PLANE('',#8627);
#8627 = AXIS2_PLACEMENT_3D('',#8628,#8629,#8630);
#8628 = CARTESIAN_POINT('',(-23.20519928343,-11.52682,-62.2004017506));
#8629 = DIRECTION('',(-0.785101608612,0.,-0.619366986653));
#8630 = DIRECTION('',(-0.619366986653,0.,0.785101608612));
#8631 = DEFINITIONAL_REPRESENTATION('',(#8632),#8636);
#8632 = LINE('',#8633,#8634);
#8633 = CARTESIAN_POINT('',(0.,2.02682));
#8634 = VECTOR('',#8635,1.);
#8635 = DIRECTION('',(1.,0.));
#8636 = ( GEOMETRIC_REPRESENTATION_CONTEXT(2) 
PARAMETRIC_REPRESENTATION_CONTEXT() REPRESENTATION_CONTEXT('2D SPACE',''
  ) );
#8637 = ORIENTED_EDGE('',*,*,#8638,.F.);
#8638 = EDGE_CURVE('',#8639,#8609,#8641,.T.);
#8639 = VERTEX_POINT('',#8640);
#8640 = CARTESIAN_POINT('',(-27.3000691086,-9.5,-63.56595084071));
#8641 = SURFACE_CURVE('',#8642,(#8646,#8653),.PCURVE_S1.);
#8642 = LINE('',#8643,#8644);
#8643 = CARTESIAN_POINT('',(-25.12761764228,-9.5,-63.56595084071));
#8644 = VECTOR('',#8645,1.);
#8645 = DIRECTION('',(1.,0.,2.683174743146E-15));
#8646 = PCURVE('',#4168,#8647);
#8647 = DEFINITIONAL_REPRESENTATION('',(#8648),#8652);
#8648 = LINE('',#8649,#8650);
#8649 = CARTESIAN_POINT('',(15.95142635687,-5.000251276176E+05));
#8650 = VECTOR('',#8651,1.);
#8651 = DIRECTION('',(2.683174743146E-15,1.));
#8652 = ( GEOMETRIC_REPRESENTATION_CONTEXT(2) 
PARAMETRIC_REPRESENTATION_CONTEXT() REPRESENTATION_CONTEXT('2D SPACE',''
  ) );
#8653 = PCURVE('',#8654,#8659);
#8654 = PLANE('',#8655);
#8655 = AXIS2_PLACEMENT_3D('',#8656,#8657,#8658);
#8656 = CARTESIAN_POINT('',(-25.12761764228,-11.52682,-63.56595084071));
#8657 = DIRECTION('',(-2.683174743146E-15,0.,1.));
#8658 = DIRECTION('',(1.,0.,2.683174743146E-15));
#8659 = DEFINITIONAL_REPRESENTATION('',(#8660),#8664);
#8660 = LINE('',#8661,#8662);
#8661 = CARTESIAN_POINT('',(0.,2.02682));
#8662 = VECTOR('',#8663,1.);
#8663 = DIRECTION('',(1.,0.));
#8664 = ( GEOMETRIC_REPRESENTATION_CONTEXT(2) 
PARAMETRIC_REPRESENTATION_CONTEXT() REPRESENTATION_CONTEXT('2D SPACE',''
  ) );
#8665 = ORIENTED_EDGE('',*,*,#8666,.F.);
#8666 = EDGE_CURVE('',#8611,#8639,#8667,.T.);
#8667 = SURFACE_CURVE('',#8668,(#8672,#8679),.PCURVE_S1.);
#8668 = LINE('',#8669,#8670);
#8669 = CARTESIAN_POINT('',(-27.33829127657,-9.5,-63.61440076814));
#8670 = VECTOR('',#8671,1.);
#8671 = DIRECTION('',(-0.619366986653,0.,-0.785101608612));
#8672 = PCURVE('',#4168,#8673);
#8673 = DEFINITIONAL_REPRESENTATION('',(#8674),#8678);
#8674 = LINE('',#8675,#8676);
#8675 = CARTESIAN_POINT('',(15.90297642944,-5.000273382913E+05));
#8676 = VECTOR('',#8677,1.);
#8677 = DIRECTION('',(-0.785101608612,-0.619366986653));
#8678 = ( GEOMETRIC_REPRESENTATION_CONTEXT(2) 
PARAMETRIC_REPRESENTATION_CONTEXT() REPRESENTATION_CONTEXT('2D SPACE',''
  ) );
#8679 = PCURVE('',#8680,#8685);
#8680 = PLANE('',#8681);
#8681 = AXIS2_PLACEMENT_3D('',#8682,#8683,#8684);
#8682 = CARTESIAN_POINT('',(-27.33829127657,-11.52682,-63.61440076814));
#8683 = DIRECTION('',(0.785101608612,0.,-0.619366986653));
#8684 = DIRECTION('',(-0.619366986653,0.,-0.785101608612));
#8685 = DEFINITIONAL_REPRESENTATION('',(#8686),#8690);
#8686 = LINE('',#8687,#8688);
#8687 = CARTESIAN_POINT('',(0.,2.02682));
#8688 = VECTOR('',#8689,1.);
#8689 = DIRECTION('',(1.,0.));
#8690 = ( GEOMETRIC_REPRESENTATION_CONTEXT(2) 
PARAMETRIC_REPRESENTATION_CONTEXT() REPRESENTATION_CONTEXT('2D SPACE',''
  ) );
#8691 = FACE_BOUND('',#8692,.T.);
#8692 = EDGE_LOOP('',(#8693,#8723,#8751,#8779));
#8693 = ORIENTED_EDGE('',*,*,#8694,.F.);
#8694 = EDGE_CURVE('',#8695,#8697,#8699,.T.);
#8695 = VERTEX_POINT('',#8696);
#8696 = CARTESIAN_POINT('',(-28.04304286837,-9.5,-100.3510233461));
#8697 = VERTEX_POINT('',#8698);
#8698 = CARTESIAN_POINT('',(-21.36123180389,-9.5,-100.3510233461));
#8699 = SURFACE_CURVE('',#8700,(#8704,#8711),.PCURVE_S1.);
#8700 = LINE('',#8701,#8702);
#8701 = CARTESIAN_POINT('',(-25.05705319345,-9.5,-100.3510233461));
#8702 = VECTOR('',#8703,1.);
#8703 = DIRECTION('',(1.,0.,0.));
#8704 = PCURVE('',#4168,#8705);
#8705 = DEFINITIONAL_REPRESENTATION('',(#8706),#8710);
#8706 = LINE('',#8707,#8708);
#8707 = CARTESIAN_POINT('',(-20.83364614852,-5.000250570532E+05));
#8708 = VECTOR('',#8709,1.);
#8709 = DIRECTION('',(0.,1.));
#8710 = ( GEOMETRIC_REPRESENTATION_CONTEXT(2) 
PARAMETRIC_REPRESENTATION_CONTEXT() REPRESENTATION_CONTEXT('2D SPACE',''
  ) );
#8711 = PCURVE('',#8712,#8717);
#8712 = PLANE('',#8713);
#8713 = AXIS2_PLACEMENT_3D('',#8714,#8715,#8716);
#8714 = CARTESIAN_POINT('',(-25.05705319345,-13.5,-100.3510233461));
#8715 = DIRECTION('',(0.,0.,1.));
#8716 = DIRECTION('',(1.,0.,0.));
#8717 = DEFINITIONAL_REPRESENTATION('',(#8718),#8722);
#8718 = LINE('',#8719,#8720);
#8719 = CARTESIAN_POINT('',(0.,4.));
#8720 = VECTOR('',#8721,1.);
#8721 = DIRECTION('',(1.,0.));
#8722 = ( GEOMETRIC_REPRESENTATION_CONTEXT(2) 
PARAMETRIC_REPRESENTATION_CONTEXT() REPRESENTATION_CONTEXT('2D SPACE',''
  ) );
#8723 = ORIENTED_EDGE('',*,*,#8724,.F.);
#8724 = EDGE_CURVE('',#8725,#8695,#8727,.T.);
#8725 = VERTEX_POINT('',#8726);
#8726 = CARTESIAN_POINT('',(-28.04304286837,-9.5,-88.3177639544));
#8727 = SURFACE_CURVE('',#8728,(#8732,#8739),.PCURVE_S1.);
#8728 = LINE('',#8729,#8730);
#8729 = CARTESIAN_POINT('',(-28.04304286837,-9.5,-93.60955175757));
#8730 = VECTOR('',#8731,1.);
#8731 = DIRECTION('',(6.123233995737E-17,0.,-1.));
#8732 = PCURVE('',#4168,#8733);
#8733 = DEFINITIONAL_REPRESENTATION('',(#8734),#8738);
#8734 = LINE('',#8735,#8736);
#8735 = CARTESIAN_POINT('',(-14.09217455999,-5.000280430429E+05));
#8736 = VECTOR('',#8737,1.);
#8737 = DIRECTION('',(-1.,6.123233995737E-17));
#8738 = ( GEOMETRIC_REPRESENTATION_CONTEXT(2) 
PARAMETRIC_REPRESENTATION_CONTEXT() REPRESENTATION_CONTEXT('2D SPACE',''
  ) );
#8739 = PCURVE('',#8740,#8745);
#8740 = PLANE('',#8741);
#8741 = AXIS2_PLACEMENT_3D('',#8742,#8743,#8744);
#8742 = CARTESIAN_POINT('',(-28.04304286837,-13.5,-93.60955175757));
#8743 = DIRECTION('',(1.,0.,6.123233995737E-17));
#8744 = DIRECTION('',(6.123233995737E-17,0.,-1.));
#8745 = DEFINITIONAL_REPRESENTATION('',(#8746),#8750);
#8746 = LINE('',#8747,#8748);
#8747 = CARTESIAN_POINT('',(0.,4.));
#8748 = VECTOR('',#8749,1.);
#8749 = DIRECTION('',(1.,0.));
#8750 = ( GEOMETRIC_REPRESENTATION_CONTEXT(2) 
PARAMETRIC_REPRESENTATION_CONTEXT() REPRESENTATION_CONTEXT('2D SPACE',''
  ) );
#8751 = ORIENTED_EDGE('',*,*,#8752,.T.);
#8752 = EDGE_CURVE('',#8725,#8753,#8755,.T.);
#8753 = VERTEX_POINT('',#8754);
#8754 = CARTESIAN_POINT('',(-21.36123180389,-9.5,-88.3177639544));
#8755 = SURFACE_CURVE('',#8756,(#8760,#8767),.PCURVE_S1.);
#8756 = LINE('',#8757,#8758);
#8757 = CARTESIAN_POINT('',(-25.05705319345,-9.5,-88.3177639544));
#8758 = VECTOR('',#8759,1.);
#8759 = DIRECTION('',(1.,0.,0.));
#8760 = PCURVE('',#4168,#8761);
#8761 = DEFINITIONAL_REPRESENTATION('',(#8762),#8766);
#8762 = LINE('',#8763,#8764);
#8763 = CARTESIAN_POINT('',(-8.80038675682,-5.000250570532E+05));
#8764 = VECTOR('',#8765,1.);
#8765 = DIRECTION('',(0.,1.));
#8766 = ( GEOMETRIC_REPRESENTATION_CONTEXT(2) 
PARAMETRIC_REPRESENTATION_CONTEXT() REPRESENTATION_CONTEXT('2D SPACE',''
  ) );
#8767 = PCURVE('',#8768,#8773);
#8768 = PLANE('',#8769);
#8769 = AXIS2_PLACEMENT_3D('',#8770,#8771,#8772);
#8770 = CARTESIAN_POINT('',(-25.05705319345,-13.5,-88.3177639544));
#8771 = DIRECTION('',(0.,0.,1.));
#8772 = DIRECTION('',(1.,0.,0.));
#8773 = DEFINITIONAL_REPRESENTATION('',(#8774),#8778);
#8774 = LINE('',#8775,#8776);
#8775 = CARTESIAN_POINT('',(0.,4.));
#8776 = VECTOR('',#8777,1.);
#8777 = DIRECTION('',(1.,0.));
#8778 = ( GEOMETRIC_REPRESENTATION_CONTEXT(2) 
PARAMETRIC_REPRESENTATION_CONTEXT() REPRESENTATION_CONTEXT('2D SPACE',''
  ) );
#8779 = ORIENTED_EDGE('',*,*,#8780,.T.);
#8780 = EDGE_CURVE('',#8753,#8697,#8781,.T.);
#8781 = SURFACE_CURVE('',#8782,(#8786,#8793),.PCURVE_S1.);
#8782 = LINE('',#8783,#8784);
#8783 = CARTESIAN_POINT('',(-21.36123180389,-9.5,-93.57629236578));
#8784 = VECTOR('',#8785,1.);
#8785 = DIRECTION('',(6.123233995737E-17,0.,-1.));
#8786 = PCURVE('',#4168,#8787);
#8787 = DEFINITIONAL_REPRESENTATION('',(#8788),#8792);
#8788 = LINE('',#8789,#8790);
#8789 = CARTESIAN_POINT('',(-14.0589151682,-5.000213612318E+05));
#8790 = VECTOR('',#8791,1.);
#8791 = DIRECTION('',(-1.,6.123233995737E-17));
#8792 = ( GEOMETRIC_REPRESENTATION_CONTEXT(2) 
PARAMETRIC_REPRESENTATION_CONTEXT() REPRESENTATION_CONTEXT('2D SPACE',''
  ) );
#8793 = PCURVE('',#8794,#8799);
#8794 = PLANE('',#8795);
#8795 = AXIS2_PLACEMENT_3D('',#8796,#8797,#8798);
#8796 = CARTESIAN_POINT('',(-21.36123180389,-13.5,-93.57629236578));
#8797 = DIRECTION('',(1.,0.,6.123233995737E-17));
#8798 = DIRECTION('',(6.123233995737E-17,0.,-1.));
#8799 = DEFINITIONAL_REPRESENTATION('',(#8800),#8804);
#8800 = LINE('',#8801,#8802);
#8801 = CARTESIAN_POINT('',(0.,4.));
#8802 = VECTOR('',#8803,1.);
#8803 = DIRECTION('',(1.,0.));
#8804 = ( GEOMETRIC_REPRESENTATION_CONTEXT(2) 
PARAMETRIC_REPRESENTATION_CONTEXT() REPRESENTATION_CONTEXT('2D SPACE',''
  ) );
#8805 = FACE_BOUND('',#8806,.T.);
#8806 = EDGE_LOOP('',(#8807,#8837,#8865,#8893));
#8807 = ORIENTED_EDGE('',*,*,#8808,.F.);
#8808 = EDGE_CURVE('',#8809,#8811,#8813,.T.);
#8809 = VERTEX_POINT('',#8810);
#8810 = CARTESIAN_POINT('',(-28.04304286837,-9.5,-75.3177639544));
#8811 = VERTEX_POINT('',#8812);
#8812 = CARTESIAN_POINT('',(-28.04304286837,-9.5,-87.3177639544));
#8813 = SURFACE_CURVE('',#8814,(#8818,#8825),.PCURVE_S1.);
#8814 = LINE('',#8815,#8816);
#8815 = CARTESIAN_POINT('',(-28.04304286837,-9.5,-82.22034865617));
#8816 = VECTOR('',#8817,1.);
#8817 = DIRECTION('',(1.224646799147E-16,0.,-1.));
#8818 = PCURVE('',#4168,#8819);
#8819 = DEFINITIONAL_REPRESENTATION('',(#8820),#8824);
#8820 = LINE('',#8821,#8822);
#8821 = CARTESIAN_POINT('',(-2.70297145859,-5.000280430429E+05));
#8822 = VECTOR('',#8823,1.);
#8823 = DIRECTION('',(-1.,1.224646799147E-16));
#8824 = ( GEOMETRIC_REPRESENTATION_CONTEXT(2) 
PARAMETRIC_REPRESENTATION_CONTEXT() REPRESENTATION_CONTEXT('2D SPACE',''
  ) );
#8825 = PCURVE('',#8826,#8831);
#8826 = PLANE('',#8827);
#8827 = AXIS2_PLACEMENT_3D('',#8828,#8829,#8830);
#8828 = CARTESIAN_POINT('',(-28.04304286837,-13.5,-82.22034865617));
#8829 = DIRECTION('',(1.,0.,1.224646799147E-16));
#8830 = DIRECTION('',(1.224646799147E-16,0.,-1.));
#8831 = DEFINITIONAL_REPRESENTATION('',(#8832),#8836);
#8832 = LINE('',#8833,#8834);
#8833 = CARTESIAN_POINT('',(0.,4.));
#8834 = VECTOR('',#8835,1.);
#8835 = DIRECTION('',(1.,0.));
#8836 = ( GEOMETRIC_REPRESENTATION_CONTEXT(2) 
PARAMETRIC_REPRESENTATION_CONTEXT() REPRESENTATION_CONTEXT('2D SPACE',''
  ) );
#8837 = ORIENTED_EDGE('',*,*,#8838,.F.);
#8838 = EDGE_CURVE('',#8839,#8809,#8841,.T.);
#8839 = VERTEX_POINT('',#8840);
#8840 = CARTESIAN_POINT('',(-21.36123180389,-9.5,-75.3177639544));
#8841 = SURFACE_CURVE('',#8842,(#8846,#8853),.PCURVE_S1.);
#8842 = LINE('',#8843,#8844);
#8843 = CARTESIAN_POINT('',(-25.05705319345,-9.5,-75.3177639544));
#8844 = VECTOR('',#8845,1.);
#8845 = DIRECTION('',(-1.,0.,-1.224646799147E-16));
#8846 = PCURVE('',#4168,#8847);
#8847 = DEFINITIONAL_REPRESENTATION('',(#8848),#8852);
#8848 = LINE('',#8849,#8850);
#8849 = CARTESIAN_POINT('',(4.19961324318,-5.000250570532E+05));
#8850 = VECTOR('',#8851,1.);
#8851 = DIRECTION('',(-1.224646799147E-16,-1.));
#8852 = ( GEOMETRIC_REPRESENTATION_CONTEXT(2) 
PARAMETRIC_REPRESENTATION_CONTEXT() REPRESENTATION_CONTEXT('2D SPACE',''
  ) );
#8853 = PCURVE('',#8854,#8859);
#8854 = PLANE('',#8855);
#8855 = AXIS2_PLACEMENT_3D('',#8856,#8857,#8858);
#8856 = CARTESIAN_POINT('',(-25.05705319345,-13.5,-75.3177639544));
#8857 = DIRECTION('',(1.224646799147E-16,0.,-1.));
#8858 = DIRECTION('',(-1.,0.,-1.224646799147E-16));
#8859 = DEFINITIONAL_REPRESENTATION('',(#8860),#8864);
#8860 = LINE('',#8861,#8862);
#8861 = CARTESIAN_POINT('',(0.,4.));
#8862 = VECTOR('',#8863,1.);
#8863 = DIRECTION('',(1.,0.));
#8864 = ( GEOMETRIC_REPRESENTATION_CONTEXT(2) 
PARAMETRIC_REPRESENTATION_CONTEXT() REPRESENTATION_CONTEXT('2D SPACE',''
  ) );
#8865 = ORIENTED_EDGE('',*,*,#8866,.F.);
#8866 = EDGE_CURVE('',#8867,#8839,#8869,.T.);
#8867 = VERTEX_POINT('',#8868);
#8868 = CARTESIAN_POINT('',(-21.36123180389,-9.5,-87.3177639544));
#8869 = SURFACE_CURVE('',#8870,(#8874,#8881),.PCURVE_S1.);
#8870 = LINE('',#8871,#8872);
#8871 = CARTESIAN_POINT('',(-21.36123180389,-9.5,-77.170058012));
#8872 = VECTOR('',#8873,1.);
#8873 = DIRECTION('',(-1.836970198721E-16,0.,1.));
#8874 = PCURVE('',#4168,#8875);
#8875 = DEFINITIONAL_REPRESENTATION('',(#8876),#8880);
#8876 = LINE('',#8877,#8878);
#8877 = CARTESIAN_POINT('',(2.34731918558,-5.000213612318E+05));
#8878 = VECTOR('',#8879,1.);
#8879 = DIRECTION('',(1.,-1.836970198721E-16));
#8880 = ( GEOMETRIC_REPRESENTATION_CONTEXT(2) 
PARAMETRIC_REPRESENTATION_CONTEXT() REPRESENTATION_CONTEXT('2D SPACE',''
  ) );
#8881 = PCURVE('',#8882,#8887);
#8882 = PLANE('',#8883);
#8883 = AXIS2_PLACEMENT_3D('',#8884,#8885,#8886);
#8884 = CARTESIAN_POINT('',(-21.36123180389,-13.5,-77.170058012));
#8885 = DIRECTION('',(-1.,0.,-1.836970198721E-16));
#8886 = DIRECTION('',(-1.836970198721E-16,0.,1.));
#8887 = DEFINITIONAL_REPRESENTATION('',(#8888),#8892);
#8888 = LINE('',#8889,#8890);
#8889 = CARTESIAN_POINT('',(0.,4.));
#8890 = VECTOR('',#8891,1.);
#8891 = DIRECTION('',(1.,0.));
#8892 = ( GEOMETRIC_REPRESENTATION_CONTEXT(2) 
PARAMETRIC_REPRESENTATION_CONTEXT() REPRESENTATION_CONTEXT('2D SPACE',''
  ) );
#8893 = ORIENTED_EDGE('',*,*,#8894,.F.);
#8894 = EDGE_CURVE('',#8811,#8867,#8895,.T.);
#8895 = SURFACE_CURVE('',#8896,(#8900,#8907),.PCURVE_S1.);
#8896 = LINE('',#8897,#8898);
#8897 = CARTESIAN_POINT('',(-25.05705319345,-9.5,-87.3177639544));
#8898 = VECTOR('',#8899,1.);
#8899 = DIRECTION('',(1.,0.,0.));
#8900 = PCURVE('',#4168,#8901);
#8901 = DEFINITIONAL_REPRESENTATION('',(#8902),#8906);
#8902 = LINE('',#8903,#8904);
#8903 = CARTESIAN_POINT('',(-7.80038675682,-5.000250570532E+05));
#8904 = VECTOR('',#8905,1.);
#8905 = DIRECTION('',(0.,1.));
#8906 = ( GEOMETRIC_REPRESENTATION_CONTEXT(2) 
PARAMETRIC_REPRESENTATION_CONTEXT() REPRESENTATION_CONTEXT('2D SPACE',''
  ) );
#8907 = PCURVE('',#8908,#8913);
#8908 = PLANE('',#8909);
#8909 = AXIS2_PLACEMENT_3D('',#8910,#8911,#8912);
#8910 = CARTESIAN_POINT('',(-25.05705319345,-13.5,-87.3177639544));
#8911 = DIRECTION('',(0.,0.,1.));
#8912 = DIRECTION('',(1.,0.,0.));
#8913 = DEFINITIONAL_REPRESENTATION('',(#8914),#8918);
#8914 = LINE('',#8915,#8916);
#8915 = CARTESIAN_POINT('',(0.,4.));
#8916 = VECTOR('',#8917,1.);
#8917 = DIRECTION('',(1.,0.));
#8918 = ( GEOMETRIC_REPRESENTATION_CONTEXT(2) 
PARAMETRIC_REPRESENTATION_CONTEXT() REPRESENTATION_CONTEXT('2D SPACE',''
  ) );
#8919 = ADVANCED_FACE('',(#8920),#8908,.F.);
#8920 = FACE_BOUND('',#8921,.T.);
#8921 = EDGE_LOOP('',(#8922,#8945,#8973,#8994));
#8922 = ORIENTED_EDGE('',*,*,#8923,.F.);
#8923 = EDGE_CURVE('',#8924,#8867,#8926,.T.);
#8924 = VERTEX_POINT('',#8925);
#8925 = CARTESIAN_POINT('',(-21.36123180389,-13.1,-87.3177639544));
#8926 = SURFACE_CURVE('',#8927,(#8931,#8938),.PCURVE_S1.);
#8927 = LINE('',#8928,#8929);
#8928 = CARTESIAN_POINT('',(-21.36123180389,-13.5,-87.3177639544));
#8929 = VECTOR('',#8930,1.);
#8930 = DIRECTION('',(0.,1.,0.));
#8931 = PCURVE('',#8908,#8932);
#8932 = DEFINITIONAL_REPRESENTATION('',(#8933),#8937);
#8933 = LINE('',#8934,#8935);
#8934 = CARTESIAN_POINT('',(3.69582138956,0.));
#8935 = VECTOR('',#8936,1.);
#8936 = DIRECTION('',(0.,1.));
#8937 = ( GEOMETRIC_REPRESENTATION_CONTEXT(2) 
PARAMETRIC_REPRESENTATION_CONTEXT() REPRESENTATION_CONTEXT('2D SPACE',''
  ) );
#8938 = PCURVE('',#8882,#8939);
#8939 = DEFINITIONAL_REPRESENTATION('',(#8940),#8944);
#8940 = LINE('',#8941,#8942);
#8941 = CARTESIAN_POINT('',(-10.1477059424,0.));
#8942 = VECTOR('',#8943,1.);
#8943 = DIRECTION('',(0.,1.));
#8944 = ( GEOMETRIC_REPRESENTATION_CONTEXT(2) 
PARAMETRIC_REPRESENTATION_CONTEXT() REPRESENTATION_CONTEXT('2D SPACE',''
  ) );
#8945 = ORIENTED_EDGE('',*,*,#8946,.T.);
#8946 = EDGE_CURVE('',#8924,#8947,#8949,.T.);
#8947 = VERTEX_POINT('',#8948);
#8948 = CARTESIAN_POINT('',(-28.04304286837,-13.1,-87.3177639544));
#8949 = SURFACE_CURVE('',#8950,(#8954,#8961),.PCURVE_S1.);
#8950 = LINE('',#8951,#8952);
#8951 = CARTESIAN_POINT('',(-28.04304286837,-13.1,-87.3177639544));
#8952 = VECTOR('',#8953,1.);
#8953 = DIRECTION('',(-1.,0.,0.));
#8954 = PCURVE('',#8908,#8955);
#8955 = DEFINITIONAL_REPRESENTATION('',(#8956),#8960);
#8956 = LINE('',#8957,#8958);
#8957 = CARTESIAN_POINT('',(-2.98598967492,0.4));
#8958 = VECTOR('',#8959,1.);
#8959 = DIRECTION('',(-1.,0.));
#8960 = ( GEOMETRIC_REPRESENTATION_CONTEXT(2) 
PARAMETRIC_REPRESENTATION_CONTEXT() REPRESENTATION_CONTEXT('2D SPACE',''
  ) );
#8961 = PCURVE('',#8962,#8967);
#8962 = PLANE('',#8963);
#8963 = AXIS2_PLACEMENT_3D('',#8964,#8965,#8966);
#8964 = CARTESIAN_POINT('',(-25.6113154903,-13.5,-86.9177639544));
#8965 = DIRECTION('',(-0.,-0.707106781187,-0.707106781187));
#8966 = DIRECTION('',(-1.,0.,0.));
#8967 = DEFINITIONAL_REPRESENTATION('',(#8968),#8972);
#8968 = LINE('',#8969,#8970);
#8969 = CARTESIAN_POINT('',(2.43172737807,0.565685424949));
#8970 = VECTOR('',#8971,1.);
#8971 = DIRECTION('',(1.,0.));
#8972 = ( GEOMETRIC_REPRESENTATION_CONTEXT(2) 
PARAMETRIC_REPRESENTATION_CONTEXT() REPRESENTATION_CONTEXT('2D SPACE',''
  ) );
#8973 = ORIENTED_EDGE('',*,*,#8974,.T.);
#8974 = EDGE_CURVE('',#8947,#8811,#8975,.T.);
#8975 = SURFACE_CURVE('',#8976,(#8980,#8987),.PCURVE_S1.);
#8976 = LINE('',#8977,#8978);
#8977 = CARTESIAN_POINT('',(-28.04304286837,-13.5,-87.3177639544));
#8978 = VECTOR('',#8979,1.);
#8979 = DIRECTION('',(0.,1.,0.));
#8980 = PCURVE('',#8908,#8981);
#8981 = DEFINITIONAL_REPRESENTATION('',(#8982),#8986);
#8982 = LINE('',#8983,#8984);
#8983 = CARTESIAN_POINT('',(-2.98598967492,0.));
#8984 = VECTOR('',#8985,1.);
#8985 = DIRECTION('',(0.,1.));
#8986 = ( GEOMETRIC_REPRESENTATION_CONTEXT(2) 
PARAMETRIC_REPRESENTATION_CONTEXT() REPRESENTATION_CONTEXT('2D SPACE',''
  ) );
#8987 = PCURVE('',#8826,#8988);
#8988 = DEFINITIONAL_REPRESENTATION('',(#8989),#8993);
#8989 = LINE('',#8990,#8991);
#8990 = CARTESIAN_POINT('',(5.09741529823,0.));
#8991 = VECTOR('',#8992,1.);
#8992 = DIRECTION('',(0.,1.));
#8993 = ( GEOMETRIC_REPRESENTATION_CONTEXT(2) 
PARAMETRIC_REPRESENTATION_CONTEXT() REPRESENTATION_CONTEXT('2D SPACE',''
  ) );
#8994 = ORIENTED_EDGE('',*,*,#8894,.T.);
#8995 = ADVANCED_FACE('',(#8996),#8962,.T.);
#8996 = FACE_BOUND('',#8997,.T.);
#8997 = EDGE_LOOP('',(#8998,#9026,#9054,#9080));
#8998 = ORIENTED_EDGE('',*,*,#8999,.T.);
#8999 = EDGE_CURVE('',#8924,#9000,#9002,.T.);
#9000 = VERTEX_POINT('',#9001);
#9001 = CARTESIAN_POINT('',(-21.76123180389,-13.5,-86.9177639544));
#9002 = SURFACE_CURVE('',#9003,(#9007,#9014),.PCURVE_S1.);
#9003 = LINE('',#9004,#9005);
#9004 = CARTESIAN_POINT('',(-23.04459303269,-14.7833612288,
    -85.63440272559));
#9005 = VECTOR('',#9006,1.);
#9006 = DIRECTION('',(-0.57735026919,-0.57735026919,0.57735026919));
#9007 = PCURVE('',#8962,#9008);
#9008 = DEFINITIONAL_REPRESENTATION('',(#9009),#9013);
#9009 = LINE('',#9010,#9011);
#9010 = CARTESIAN_POINT('',(-2.56672245761,-1.8149468552));
#9011 = VECTOR('',#9012,1.);
#9012 = DIRECTION('',(0.57735026919,-0.816496580928));
#9013 = ( GEOMETRIC_REPRESENTATION_CONTEXT(2) 
PARAMETRIC_REPRESENTATION_CONTEXT() REPRESENTATION_CONTEXT('2D SPACE',''
  ) );
#9014 = PCURVE('',#9015,#9020);
#9015 = PLANE('',#9016);
#9016 = AXIS2_PLACEMENT_3D('',#9017,#9018,#9019);
#9017 = CARTESIAN_POINT('',(-21.76123180389,-13.5,-78.85102334618));
#9018 = DIRECTION('',(0.707106781187,-0.707106781187,1.298934084351E-16)
  );
#9019 = DIRECTION('',(1.836970198719E-16,1.320109421081E-28,-1.));
#9020 = DEFINITIONAL_REPRESENTATION('',(#9021),#9025);
#9021 = LINE('',#9022,#9023);
#9022 = CARTESIAN_POINT('',(6.78337937941,-1.814946855193));
#9023 = VECTOR('',#9024,1.);
#9024 = DIRECTION('',(-0.57735026919,-0.816496580928));
#9025 = ( GEOMETRIC_REPRESENTATION_CONTEXT(2) 
PARAMETRIC_REPRESENTATION_CONTEXT() REPRESENTATION_CONTEXT('2D SPACE',''
  ) );
#9026 = ORIENTED_EDGE('',*,*,#9027,.F.);
#9027 = EDGE_CURVE('',#9028,#9000,#9030,.T.);
#9028 = VERTEX_POINT('',#9029);
#9029 = CARTESIAN_POINT('',(-27.64304286837,-13.5,-86.9177639544));
#9030 = SURFACE_CURVE('',#9031,(#9035,#9042),.PCURVE_S1.);
#9031 = LINE('',#9032,#9033);
#9032 = CARTESIAN_POINT('',(-21.36123180389,-13.5,-86.9177639544));
#9033 = VECTOR('',#9034,1.);
#9034 = DIRECTION('',(1.,0.,0.));
#9035 = PCURVE('',#8962,#9036);
#9036 = DEFINITIONAL_REPRESENTATION('',(#9037),#9041);
#9037 = LINE('',#9038,#9039);
#9038 = CARTESIAN_POINT('',(-4.25008368641,0.));
#9039 = VECTOR('',#9040,1.);
#9040 = DIRECTION('',(-1.,0.));
#9041 = ( GEOMETRIC_REPRESENTATION_CONTEXT(2) 
PARAMETRIC_REPRESENTATION_CONTEXT() REPRESENTATION_CONTEXT('2D SPACE',''
  ) );
#9042 = PCURVE('',#9043,#9048);
#9043 = PLANE('',#9044);
#9044 = AXIS2_PLACEMENT_3D('',#9045,#9046,#9047);
#9045 = CARTESIAN_POINT('',(-25.6113154903,-13.5,-78.85102334618));
#9046 = DIRECTION('',(0.,-1.,0.));
#9047 = DIRECTION('',(1.,0.,0.));
#9048 = DEFINITIONAL_REPRESENTATION('',(#9049),#9053);
#9049 = LINE('',#9050,#9051);
#9050 = CARTESIAN_POINT('',(4.25008368641,-8.06674060822));
#9051 = VECTOR('',#9052,1.);
#9052 = DIRECTION('',(1.,0.));
#9053 = ( GEOMETRIC_REPRESENTATION_CONTEXT(2) 
PARAMETRIC_REPRESENTATION_CONTEXT() REPRESENTATION_CONTEXT('2D SPACE',''
  ) );
#9054 = ORIENTED_EDGE('',*,*,#9055,.T.);
#9055 = EDGE_CURVE('',#9028,#8947,#9056,.T.);
#9056 = SURFACE_CURVE('',#9057,(#9061,#9068),.PCURVE_S1.);
#9057 = LINE('',#9058,#9059);
#9058 = CARTESIAN_POINT('',(-26.96580040902,-14.17724245935,
    -86.24052149504));
#9059 = VECTOR('',#9060,1.);
#9060 = DIRECTION('',(-0.57735026919,0.57735026919,-0.57735026919));
#9061 = PCURVE('',#8962,#9062);
#9062 = DEFINITIONAL_REPRESENTATION('',(#9063),#9067);
#9063 = LINE('',#9064,#9065);
#9064 = CARTESIAN_POINT('',(1.35448491872,-0.957765471035));
#9065 = VECTOR('',#9066,1.);
#9066 = DIRECTION('',(0.57735026919,0.816496580928));
#9067 = ( GEOMETRIC_REPRESENTATION_CONTEXT(2) 
PARAMETRIC_REPRESENTATION_CONTEXT() REPRESENTATION_CONTEXT('2D SPACE',''
  ) );
#9068 = PCURVE('',#9069,#9074);
#9069 = PLANE('',#9070);
#9070 = AXIS2_PLACEMENT_3D('',#9071,#9072,#9073);
#9071 = CARTESIAN_POINT('',(-27.64304286837,-13.5,-78.85102334618));
#9072 = DIRECTION('',(-0.707106781187,-0.707106781187,
    -8.659560562343E-17));
#9073 = DIRECTION('',(-1.224646799146E-16,7.395570986447E-29,1.));
#9074 = DEFINITIONAL_REPRESENTATION('',(#9075),#9079);
#9075 = LINE('',#9076,#9077);
#9076 = CARTESIAN_POINT('',(-7.38949814886,-0.957765471028));
#9077 = VECTOR('',#9078,1.);
#9078 = DIRECTION('',(-0.57735026919,0.816496580928));
#9079 = ( GEOMETRIC_REPRESENTATION_CONTEXT(2) 
PARAMETRIC_REPRESENTATION_CONTEXT() REPRESENTATION_CONTEXT('2D SPACE',''
  ) );
#9080 = ORIENTED_EDGE('',*,*,#8946,.F.);
#9081 = ADVANCED_FACE('',(#9082),#9069,.T.);
#9082 = FACE_BOUND('',#9083,.T.);
#9083 = EDGE_LOOP('',(#9084,#9114,#9135,#9136));
#9084 = ORIENTED_EDGE('',*,*,#9085,.F.);
#9085 = EDGE_CURVE('',#9086,#9088,#9090,.T.);
#9086 = VERTEX_POINT('',#9087);
#9087 = CARTESIAN_POINT('',(-28.04304286837,-13.1,-75.3177639544));
#9088 = VERTEX_POINT('',#9089);
#9089 = CARTESIAN_POINT('',(-27.64304286837,-13.5,-75.7177639544));
#9090 = SURFACE_CURVE('',#9091,(#9095,#9102),.PCURVE_S1.);
#9091 = LINE('',#9092,#9093);
#9092 = CARTESIAN_POINT('',(-26.96580040902,-14.17724245935,
    -76.39500641375));
#9093 = VECTOR('',#9094,1.);
#9094 = DIRECTION('',(0.57735026919,-0.57735026919,-0.57735026919));
#9095 = PCURVE('',#9069,#9096);
#9096 = DEFINITIONAL_REPRESENTATION('',(#9097),#9101);
#9097 = LINE('',#9098,#9099);
#9098 = CARTESIAN_POINT('',(2.45601693243,-0.957765471028));
#9099 = VECTOR('',#9100,1.);
#9100 = DIRECTION('',(-0.57735026919,-0.816496580928));
#9101 = ( GEOMETRIC_REPRESENTATION_CONTEXT(2) 
PARAMETRIC_REPRESENTATION_CONTEXT() REPRESENTATION_CONTEXT('2D SPACE',''
  ) );
#9102 = PCURVE('',#9103,#9108);
#9103 = PLANE('',#9104);
#9104 = AXIS2_PLACEMENT_3D('',#9105,#9106,#9107);
#9105 = CARTESIAN_POINT('',(-25.6113154903,-13.5,-75.7177639544));
#9106 = DIRECTION('',(-8.659560562343E-17,-0.707106781187,0.707106781187
    ));
#9107 = DIRECTION('',(1.,7.394338391283E-29,1.224646799146E-16));
#9108 = DEFINITIONAL_REPRESENTATION('',(#9109),#9113);
#9109 = LINE('',#9110,#9111);
#9110 = CARTESIAN_POINT('',(-1.35448491872,-0.957765471028));
#9111 = VECTOR('',#9112,1.);
#9112 = DIRECTION('',(0.57735026919,-0.816496580928));
#9113 = ( GEOMETRIC_REPRESENTATION_CONTEXT(2) 
PARAMETRIC_REPRESENTATION_CONTEXT() REPRESENTATION_CONTEXT('2D SPACE',''
  ) );
#9114 = ORIENTED_EDGE('',*,*,#9115,.F.);
#9115 = EDGE_CURVE('',#8947,#9086,#9116,.T.);
#9116 = SURFACE_CURVE('',#9117,(#9121,#9128),.PCURVE_S1.);
#9117 = LINE('',#9118,#9119);
#9118 = CARTESIAN_POINT('',(-28.04304286837,-13.1,-75.3177639544));
#9119 = VECTOR('',#9120,1.);
#9120 = DIRECTION('',(-1.224646799147E-16,0.,1.));
#9121 = PCURVE('',#9069,#9122);
#9122 = DEFINITIONAL_REPRESENTATION('',(#9123),#9127);
#9123 = LINE('',#9124,#9125);
#9124 = CARTESIAN_POINT('',(3.53325939178,0.565685424949));
#9125 = VECTOR('',#9126,1.);
#9126 = DIRECTION('',(1.,-1.485277173111E-29));
#9127 = ( GEOMETRIC_REPRESENTATION_CONTEXT(2) 
PARAMETRIC_REPRESENTATION_CONTEXT() REPRESENTATION_CONTEXT('2D SPACE',''
  ) );
#9128 = PCURVE('',#8826,#9129);
#9129 = DEFINITIONAL_REPRESENTATION('',(#9130),#9134);
#9130 = LINE('',#9131,#9132);
#9131 = CARTESIAN_POINT('',(-6.90258470177,0.4));
#9132 = VECTOR('',#9133,1.);
#9133 = DIRECTION('',(-1.,0.));
#9134 = ( GEOMETRIC_REPRESENTATION_CONTEXT(2) 
PARAMETRIC_REPRESENTATION_CONTEXT() REPRESENTATION_CONTEXT('2D SPACE',''
  ) );
#9135 = ORIENTED_EDGE('',*,*,#9055,.F.);
#9136 = ORIENTED_EDGE('',*,*,#9137,.F.);
#9137 = EDGE_CURVE('',#9088,#9028,#9138,.T.);
#9138 = SURFACE_CURVE('',#9139,(#9143,#9150),.PCURVE_S1.);
#9139 = LINE('',#9140,#9141);
#9140 = CARTESIAN_POINT('',(-27.64304286837,-13.5,-87.3177639544));
#9141 = VECTOR('',#9142,1.);
#9142 = DIRECTION('',(1.224646799147E-16,0.,-1.));
#9143 = PCURVE('',#9069,#9144);
#9144 = DEFINITIONAL_REPRESENTATION('',(#9145),#9149);
#9145 = LINE('',#9146,#9147);
#9146 = CARTESIAN_POINT('',(-8.46674060822,7.331825306262E-16));
#9147 = VECTOR('',#9148,1.);
#9148 = DIRECTION('',(-1.,1.485277173111E-29));
#9149 = ( GEOMETRIC_REPRESENTATION_CONTEXT(2) 
PARAMETRIC_REPRESENTATION_CONTEXT() REPRESENTATION_CONTEXT('2D SPACE',''
  ) );
#9150 = PCURVE('',#9043,#9151);
#9151 = DEFINITIONAL_REPRESENTATION('',(#9152),#9156);
#9152 = LINE('',#9153,#9154);
#9153 = CARTESIAN_POINT('',(-2.03172737807,-8.46674060822));
#9154 = VECTOR('',#9155,1.);
#9155 = DIRECTION('',(1.224646799147E-16,-1.));
#9156 = ( GEOMETRIC_REPRESENTATION_CONTEXT(2) 
PARAMETRIC_REPRESENTATION_CONTEXT() REPRESENTATION_CONTEXT('2D SPACE',''
  ) );
#9157 = ADVANCED_FACE('',(#9158),#9103,.T.);
#9158 = FACE_BOUND('',#9159,.T.);
#9159 = EDGE_LOOP('',(#9160,#9185,#9206,#9207));
#9160 = ORIENTED_EDGE('',*,*,#9161,.F.);
#9161 = EDGE_CURVE('',#9162,#9164,#9166,.T.);
#9162 = VERTEX_POINT('',#9163);
#9163 = CARTESIAN_POINT('',(-21.36123180389,-13.1,-75.3177639544));
#9164 = VERTEX_POINT('',#9165);
#9165 = CARTESIAN_POINT('',(-21.76123180389,-13.5,-75.7177639544));
#9166 = SURFACE_CURVE('',#9167,(#9171,#9178),.PCURVE_S1.);
#9167 = LINE('',#9168,#9169);
#9168 = CARTESIAN_POINT('',(-22.80565160115,-14.54441979726,
    -76.76218375166));
#9169 = VECTOR('',#9170,1.);
#9170 = DIRECTION('',(-0.57735026919,-0.57735026919,-0.57735026919));
#9171 = PCURVE('',#9103,#9172);
#9172 = DEFINITIONAL_REPRESENTATION('',(#9173),#9177);
#9173 = LINE('',#9174,#9175);
#9174 = CARTESIAN_POINT('',(2.80566388915,-1.477032642096));
#9175 = VECTOR('',#9176,1.);
#9176 = DIRECTION('',(-0.57735026919,-0.816496580928));
#9177 = ( GEOMETRIC_REPRESENTATION_CONTEXT(2) 
PARAMETRIC_REPRESENTATION_CONTEXT() REPRESENTATION_CONTEXT('2D SPACE',''
  ) );
#9178 = PCURVE('',#9015,#9179);
#9179 = DEFINITIONAL_REPRESENTATION('',(#9180),#9184);
#9180 = LINE('',#9181,#9182);
#9181 = CARTESIAN_POINT('',(-2.08883959452,-1.477032642096));
#9182 = VECTOR('',#9183,1.);
#9183 = DIRECTION('',(0.57735026919,-0.816496580928));
#9184 = ( GEOMETRIC_REPRESENTATION_CONTEXT(2) 
PARAMETRIC_REPRESENTATION_CONTEXT() REPRESENTATION_CONTEXT('2D SPACE',''
  ) );
#9185 = ORIENTED_EDGE('',*,*,#9186,.F.);
#9186 = EDGE_CURVE('',#9086,#9162,#9187,.T.);
#9187 = SURFACE_CURVE('',#9188,(#9192,#9199),.PCURVE_S1.);
#9188 = LINE('',#9189,#9190);
#9189 = CARTESIAN_POINT('',(-21.36123180389,-13.1,-75.3177639544));
#9190 = VECTOR('',#9191,1.);
#9191 = DIRECTION('',(1.,0.,1.224646799147E-16));
#9192 = PCURVE('',#9103,#9193);
#9193 = DEFINITIONAL_REPRESENTATION('',(#9194),#9198);
#9194 = LINE('',#9195,#9196);
#9195 = CARTESIAN_POINT('',(4.25008368641,0.565685424949));
#9196 = VECTOR('',#9197,1.);
#9197 = DIRECTION('',(1.,-1.484044577947E-29));
#9198 = ( GEOMETRIC_REPRESENTATION_CONTEXT(2) 
PARAMETRIC_REPRESENTATION_CONTEXT() REPRESENTATION_CONTEXT('2D SPACE',''
  ) );
#9199 = PCURVE('',#8854,#9200);
#9200 = DEFINITIONAL_REPRESENTATION('',(#9201),#9205);
#9201 = LINE('',#9202,#9203);
#9202 = CARTESIAN_POINT('',(-3.69582138956,0.4));
#9203 = VECTOR('',#9204,1.);
#9204 = DIRECTION('',(-1.,0.));
#9205 = ( GEOMETRIC_REPRESENTATION_CONTEXT(2) 
PARAMETRIC_REPRESENTATION_CONTEXT() REPRESENTATION_CONTEXT('2D SPACE',''
  ) );
#9206 = ORIENTED_EDGE('',*,*,#9085,.T.);
#9207 = ORIENTED_EDGE('',*,*,#9208,.F.);
#9208 = EDGE_CURVE('',#9164,#9088,#9209,.T.);
#9209 = SURFACE_CURVE('',#9210,(#9214,#9221),.PCURVE_S1.);
#9210 = LINE('',#9211,#9212);
#9211 = CARTESIAN_POINT('',(-28.04304286837,-13.5,-75.7177639544));
#9212 = VECTOR('',#9213,1.);
#9213 = DIRECTION('',(-1.,0.,-1.224646799147E-16));
#9214 = PCURVE('',#9103,#9215);
#9215 = DEFINITIONAL_REPRESENTATION('',(#9216),#9220);
#9216 = LINE('',#9217,#9218);
#9217 = CARTESIAN_POINT('',(-2.43172737807,2.105769050153E-16));
#9218 = VECTOR('',#9219,1.);
#9219 = DIRECTION('',(-1.,1.484044577947E-29));
#9220 = ( GEOMETRIC_REPRESENTATION_CONTEXT(2) 
PARAMETRIC_REPRESENTATION_CONTEXT() REPRESENTATION_CONTEXT('2D SPACE',''
  ) );
#9221 = PCURVE('',#9043,#9222);
#9222 = DEFINITIONAL_REPRESENTATION('',(#9223),#9227);
#9223 = LINE('',#9224,#9225);
#9224 = CARTESIAN_POINT('',(-2.43172737807,3.13325939178));
#9225 = VECTOR('',#9226,1.);
#9226 = DIRECTION('',(-1.,-1.224646799147E-16));
#9227 = ( GEOMETRIC_REPRESENTATION_CONTEXT(2) 
PARAMETRIC_REPRESENTATION_CONTEXT() REPRESENTATION_CONTEXT('2D SPACE',''
  ) );
#9228 = ADVANCED_FACE('',(#9229),#9043,.T.);
#9229 = FACE_BOUND('',#9230,.T.);
#9230 = EDGE_LOOP('',(#9231,#9232,#9233,#9234));
#9231 = ORIENTED_EDGE('',*,*,#9208,.T.);
#9232 = ORIENTED_EDGE('',*,*,#9137,.T.);
#9233 = ORIENTED_EDGE('',*,*,#9027,.T.);
#9234 = ORIENTED_EDGE('',*,*,#9235,.T.);
#9235 = EDGE_CURVE('',#9000,#9164,#9236,.T.);
#9236 = SURFACE_CURVE('',#9237,(#9241,#9248),.PCURVE_S1.);
#9237 = LINE('',#9238,#9239);
#9238 = CARTESIAN_POINT('',(-21.76123180389,-13.5,-75.3177639544));
#9239 = VECTOR('',#9240,1.);
#9240 = DIRECTION('',(-1.836970198721E-16,0.,1.));
#9241 = PCURVE('',#9043,#9242);
#9242 = DEFINITIONAL_REPRESENTATION('',(#9243),#9247);
#9243 = LINE('',#9244,#9245);
#9244 = CARTESIAN_POINT('',(3.85008368641,3.53325939178));
#9245 = VECTOR('',#9246,1.);
#9246 = DIRECTION('',(-1.836970198721E-16,1.));
#9247 = ( GEOMETRIC_REPRESENTATION_CONTEXT(2) 
PARAMETRIC_REPRESENTATION_CONTEXT() REPRESENTATION_CONTEXT('2D SPACE',''
  ) );
#9248 = PCURVE('',#9015,#9249);
#9249 = DEFINITIONAL_REPRESENTATION('',(#9250),#9254);
#9250 = LINE('',#9251,#9252);
#9251 = CARTESIAN_POINT('',(-3.53325939178,4.589471052844E-16));
#9252 = VECTOR('',#9253,1.);
#9253 = DIRECTION('',(-1.,-1.83163641431E-29));
#9254 = ( GEOMETRIC_REPRESENTATION_CONTEXT(2) 
PARAMETRIC_REPRESENTATION_CONTEXT() REPRESENTATION_CONTEXT('2D SPACE',''
  ) );
#9255 = ADVANCED_FACE('',(#9256),#9015,.T.);
#9256 = FACE_BOUND('',#9257,.T.);
#9257 = EDGE_LOOP('',(#9258,#9259,#9280,#9281));
#9258 = ORIENTED_EDGE('',*,*,#8999,.F.);
#9259 = ORIENTED_EDGE('',*,*,#9260,.F.);
#9260 = EDGE_CURVE('',#9162,#8924,#9261,.T.);
#9261 = SURFACE_CURVE('',#9262,(#9266,#9273),.PCURVE_S1.);
#9262 = LINE('',#9263,#9264);
#9263 = CARTESIAN_POINT('',(-21.36123180389,-13.1,-87.3177639544));
#9264 = VECTOR('',#9265,1.);
#9265 = DIRECTION('',(1.836970198721E-16,0.,-1.));
#9266 = PCURVE('',#9015,#9267);
#9267 = DEFINITIONAL_REPRESENTATION('',(#9268),#9272);
#9268 = LINE('',#9269,#9270);
#9269 = CARTESIAN_POINT('',(8.46674060822,0.565685424949));
#9270 = VECTOR('',#9271,1.);
#9271 = DIRECTION('',(1.,1.83163641431E-29));
#9272 = ( GEOMETRIC_REPRESENTATION_CONTEXT(2) 
PARAMETRIC_REPRESENTATION_CONTEXT() REPRESENTATION_CONTEXT('2D SPACE',''
  ) );
#9273 = PCURVE('',#8882,#9274);
#9274 = DEFINITIONAL_REPRESENTATION('',(#9275),#9279);
#9275 = LINE('',#9276,#9277);
#9276 = CARTESIAN_POINT('',(-10.1477059424,0.4));
#9277 = VECTOR('',#9278,1.);
#9278 = DIRECTION('',(-1.,0.));
#9279 = ( GEOMETRIC_REPRESENTATION_CONTEXT(2) 
PARAMETRIC_REPRESENTATION_CONTEXT() REPRESENTATION_CONTEXT('2D SPACE',''
  ) );
#9280 = ORIENTED_EDGE('',*,*,#9161,.T.);
#9281 = ORIENTED_EDGE('',*,*,#9235,.F.);
#9282 = ADVANCED_FACE('',(#9283),#8882,.F.);
#9283 = FACE_BOUND('',#9284,.T.);
#9284 = EDGE_LOOP('',(#9285,#9306,#9307,#9308));
#9285 = ORIENTED_EDGE('',*,*,#9286,.F.);
#9286 = EDGE_CURVE('',#9162,#8839,#9287,.T.);
#9287 = SURFACE_CURVE('',#9288,(#9292,#9299),.PCURVE_S1.);
#9288 = LINE('',#9289,#9290);
#9289 = CARTESIAN_POINT('',(-21.36123180389,-13.5,-75.3177639544));
#9290 = VECTOR('',#9291,1.);
#9291 = DIRECTION('',(0.,1.,0.));
#9292 = PCURVE('',#8882,#9293);
#9293 = DEFINITIONAL_REPRESENTATION('',(#9294),#9298);
#9294 = LINE('',#9295,#9296);
#9295 = CARTESIAN_POINT('',(1.8522940576,0.));
#9296 = VECTOR('',#9297,1.);
#9297 = DIRECTION('',(0.,1.));
#9298 = ( GEOMETRIC_REPRESENTATION_CONTEXT(2) 
PARAMETRIC_REPRESENTATION_CONTEXT() REPRESENTATION_CONTEXT('2D SPACE',''
  ) );
#9299 = PCURVE('',#8854,#9300);
#9300 = DEFINITIONAL_REPRESENTATION('',(#9301),#9305);
#9301 = LINE('',#9302,#9303);
#9302 = CARTESIAN_POINT('',(-3.69582138956,0.));
#9303 = VECTOR('',#9304,1.);
#9304 = DIRECTION('',(0.,1.));
#9305 = ( GEOMETRIC_REPRESENTATION_CONTEXT(2) 
PARAMETRIC_REPRESENTATION_CONTEXT() REPRESENTATION_CONTEXT('2D SPACE',''
  ) );
#9306 = ORIENTED_EDGE('',*,*,#9260,.T.);
#9307 = ORIENTED_EDGE('',*,*,#8923,.T.);
#9308 = ORIENTED_EDGE('',*,*,#8866,.T.);
#9309 = ADVANCED_FACE('',(#9310),#8854,.F.);
#9310 = FACE_BOUND('',#9311,.T.);
#9311 = EDGE_LOOP('',(#9312,#9333,#9334,#9335));
#9312 = ORIENTED_EDGE('',*,*,#9313,.F.);
#9313 = EDGE_CURVE('',#9086,#8809,#9314,.T.);
#9314 = SURFACE_CURVE('',#9315,(#9319,#9326),.PCURVE_S1.);
#9315 = LINE('',#9316,#9317);
#9316 = CARTESIAN_POINT('',(-28.04304286837,-13.5,-75.3177639544));
#9317 = VECTOR('',#9318,1.);
#9318 = DIRECTION('',(0.,1.,0.));
#9319 = PCURVE('',#8854,#9320);
#9320 = DEFINITIONAL_REPRESENTATION('',(#9321),#9325);
#9321 = LINE('',#9322,#9323);
#9322 = CARTESIAN_POINT('',(2.98598967492,0.));
#9323 = VECTOR('',#9324,1.);
#9324 = DIRECTION('',(0.,1.));
#9325 = ( GEOMETRIC_REPRESENTATION_CONTEXT(2) 
PARAMETRIC_REPRESENTATION_CONTEXT() REPRESENTATION_CONTEXT('2D SPACE',''
  ) );
#9326 = PCURVE('',#8826,#9327);
#9327 = DEFINITIONAL_REPRESENTATION('',(#9328),#9332);
#9328 = LINE('',#9329,#9330);
#9329 = CARTESIAN_POINT('',(-6.90258470177,0.));
#9330 = VECTOR('',#9331,1.);
#9331 = DIRECTION('',(0.,1.));
#9332 = ( GEOMETRIC_REPRESENTATION_CONTEXT(2) 
PARAMETRIC_REPRESENTATION_CONTEXT() REPRESENTATION_CONTEXT('2D SPACE',''
  ) );
#9333 = ORIENTED_EDGE('',*,*,#9186,.T.);
#9334 = ORIENTED_EDGE('',*,*,#9286,.T.);
#9335 = ORIENTED_EDGE('',*,*,#8838,.T.);
#9336 = ADVANCED_FACE('',(#9337),#8826,.F.);
#9337 = FACE_BOUND('',#9338,.T.);
#9338 = EDGE_LOOP('',(#9339,#9340,#9341,#9342));
#9339 = ORIENTED_EDGE('',*,*,#8974,.F.);
#9340 = ORIENTED_EDGE('',*,*,#9115,.T.);
#9341 = ORIENTED_EDGE('',*,*,#9313,.T.);
#9342 = ORIENTED_EDGE('',*,*,#8808,.T.);
#9343 = ADVANCED_FACE('',(#9344),#8794,.T.);
#9344 = FACE_BOUND('',#9345,.T.);
#9345 = EDGE_LOOP('',(#9346,#9369,#9397,#9418));
#9346 = ORIENTED_EDGE('',*,*,#9347,.F.);
#9347 = EDGE_CURVE('',#9348,#8753,#9350,.T.);
#9348 = VERTEX_POINT('',#9349);
#9349 = CARTESIAN_POINT('',(-21.36123180389,-13.1,-88.3177639544));
#9350 = SURFACE_CURVE('',#9351,(#9355,#9362),.PCURVE_S1.);
#9351 = LINE('',#9352,#9353);
#9352 = CARTESIAN_POINT('',(-21.36123180389,-13.5,-88.3177639544));
#9353 = VECTOR('',#9354,1.);
#9354 = DIRECTION('',(0.,1.,0.));
#9355 = PCURVE('',#8794,#9356);
#9356 = DEFINITIONAL_REPRESENTATION('',(#9357),#9361);
#9357 = LINE('',#9358,#9359);
#9358 = CARTESIAN_POINT('',(-5.25852841138,0.));
#9359 = VECTOR('',#9360,1.);
#9360 = DIRECTION('',(0.,1.));
#9361 = ( GEOMETRIC_REPRESENTATION_CONTEXT(2) 
PARAMETRIC_REPRESENTATION_CONTEXT() REPRESENTATION_CONTEXT('2D SPACE',''
  ) );
#9362 = PCURVE('',#8768,#9363);
#9363 = DEFINITIONAL_REPRESENTATION('',(#9364),#9368);
#9364 = LINE('',#9365,#9366);
#9365 = CARTESIAN_POINT('',(3.69582138956,0.));
#9366 = VECTOR('',#9367,1.);
#9367 = DIRECTION('',(0.,1.));
#9368 = ( GEOMETRIC_REPRESENTATION_CONTEXT(2) 
PARAMETRIC_REPRESENTATION_CONTEXT() REPRESENTATION_CONTEXT('2D SPACE',''
  ) );
#9369 = ORIENTED_EDGE('',*,*,#9370,.T.);
#9370 = EDGE_CURVE('',#9348,#9371,#9373,.T.);
#9371 = VERTEX_POINT('',#9372);
#9372 = CARTESIAN_POINT('',(-21.36123180389,-13.1,-100.3510233461));
#9373 = SURFACE_CURVE('',#9374,(#9378,#9385),.PCURVE_S1.);
#9374 = LINE('',#9375,#9376);
#9375 = CARTESIAN_POINT('',(-21.36123180389,-13.1,-93.57629236578));
#9376 = VECTOR('',#9377,1.);
#9377 = DIRECTION('',(6.123233995737E-17,0.,-1.));
#9378 = PCURVE('',#8794,#9379);
#9379 = DEFINITIONAL_REPRESENTATION('',(#9380),#9384);
#9380 = LINE('',#9381,#9382);
#9381 = CARTESIAN_POINT('',(0.,0.4));
#9382 = VECTOR('',#9383,1.);
#9383 = DIRECTION('',(1.,0.));
#9384 = ( GEOMETRIC_REPRESENTATION_CONTEXT(2) 
PARAMETRIC_REPRESENTATION_CONTEXT() REPRESENTATION_CONTEXT('2D SPACE',''
  ) );
#9385 = PCURVE('',#9386,#9391);
#9386 = PLANE('',#9387);
#9387 = AXIS2_PLACEMENT_3D('',#9388,#9389,#9390);
#9388 = CARTESIAN_POINT('',(-21.36123180389,-13.1,-93.57629236578));
#9389 = DIRECTION('',(-0.707106781187,0.707106781187,-4.329780281171E-17
    ));
#9390 = DIRECTION('',(6.123233995733E-17,4.731316538579E-29,-1.));
#9391 = DEFINITIONAL_REPRESENTATION('',(#9392),#9396);
#9392 = LINE('',#9393,#9394);
#9393 = CARTESIAN_POINT('',(0.,-0.));
#9394 = VECTOR('',#9395,1.);
#9395 = DIRECTION('',(1.,2.87194673307E-30));
#9396 = ( GEOMETRIC_REPRESENTATION_CONTEXT(2) 
PARAMETRIC_REPRESENTATION_CONTEXT() REPRESENTATION_CONTEXT('2D SPACE',''
  ) );
#9397 = ORIENTED_EDGE('',*,*,#9398,.T.);
#9398 = EDGE_CURVE('',#9371,#8697,#9399,.T.);
#9399 = SURFACE_CURVE('',#9400,(#9404,#9411),.PCURVE_S1.);
#9400 = LINE('',#9401,#9402);
#9401 = CARTESIAN_POINT('',(-21.36123180389,-13.5,-100.3510233461));
#9402 = VECTOR('',#9403,1.);
#9403 = DIRECTION('',(0.,1.,0.));
#9404 = PCURVE('',#8794,#9405);
#9405 = DEFINITIONAL_REPRESENTATION('',(#9406),#9410);
#9406 = LINE('',#9407,#9408);
#9407 = CARTESIAN_POINT('',(6.77473098032,0.));
#9408 = VECTOR('',#9409,1.);
#9409 = DIRECTION('',(0.,1.));
#9410 = ( GEOMETRIC_REPRESENTATION_CONTEXT(2) 
PARAMETRIC_REPRESENTATION_CONTEXT() REPRESENTATION_CONTEXT('2D SPACE',''
  ) );
#9411 = PCURVE('',#8712,#9412);
#9412 = DEFINITIONAL_REPRESENTATION('',(#9413),#9417);
#9413 = LINE('',#9414,#9415);
#9414 = CARTESIAN_POINT('',(3.69582138956,0.));
#9415 = VECTOR('',#9416,1.);
#9416 = DIRECTION('',(0.,1.));
#9417 = ( GEOMETRIC_REPRESENTATION_CONTEXT(2) 
PARAMETRIC_REPRESENTATION_CONTEXT() REPRESENTATION_CONTEXT('2D SPACE',''
  ) );
#9418 = ORIENTED_EDGE('',*,*,#8780,.F.);
#9419 = ADVANCED_FACE('',(#9420),#9386,.F.);
#9420 = FACE_BOUND('',#9421,.T.);
#9421 = EDGE_LOOP('',(#9422,#9450,#9478,#9504));
#9422 = ORIENTED_EDGE('',*,*,#9423,.F.);
#9423 = EDGE_CURVE('',#9424,#9348,#9426,.T.);
#9424 = VERTEX_POINT('',#9425);
#9425 = CARTESIAN_POINT('',(-21.76123180389,-13.5,-88.7177639544));
#9426 = SURFACE_CURVE('',#9427,(#9431,#9438),.PCURVE_S1.);
#9427 = LINE('',#9428,#9429);
#9428 = CARTESIAN_POINT('',(-22.59317226707,-14.33194046318,
    -89.54970441758));
#9429 = VECTOR('',#9430,1.);
#9430 = DIRECTION('',(0.57735026919,0.57735026919,0.57735026919));
#9431 = PCURVE('',#9386,#9432);
#9432 = DEFINITIONAL_REPRESENTATION('',(#9433),#9437);
#9433 = LINE('',#9434,#9435);
#9434 = CARTESIAN_POINT('',(-4.0265879482,1.742226911065));
#9435 = VECTOR('',#9436,1.);
#9436 = DIRECTION('',(-0.57735026919,-0.816496580928));
#9437 = ( GEOMETRIC_REPRESENTATION_CONTEXT(2) 
PARAMETRIC_REPRESENTATION_CONTEXT() REPRESENTATION_CONTEXT('2D SPACE',''
  ) );
#9438 = PCURVE('',#9439,#9444);
#9439 = PLANE('',#9440);
#9440 = AXIS2_PLACEMENT_3D('',#9441,#9442,#9443);
#9441 = CARTESIAN_POINT('',(-25.05705319345,-13.1,-88.3177639544));
#9442 = DIRECTION('',(0.,0.707106781187,-0.707106781187));
#9443 = DIRECTION('',(1.,0.,0.));
#9444 = DEFINITIONAL_REPRESENTATION('',(#9445),#9449);
#9445 = LINE('',#9446,#9447);
#9446 = CARTESIAN_POINT('',(2.46388092638,1.742226911065));
#9447 = VECTOR('',#9448,1.);
#9448 = DIRECTION('',(0.57735026919,-0.816496580928));
#9449 = ( GEOMETRIC_REPRESENTATION_CONTEXT(2) 
PARAMETRIC_REPRESENTATION_CONTEXT() REPRESENTATION_CONTEXT('2D SPACE',''
  ) );
#9450 = ORIENTED_EDGE('',*,*,#9451,.F.);
#9451 = EDGE_CURVE('',#9452,#9424,#9454,.T.);
#9452 = VERTEX_POINT('',#9453);
#9453 = CARTESIAN_POINT('',(-21.76123180389,-13.5,-99.95102334618));
#9454 = SURFACE_CURVE('',#9455,(#9459,#9466),.PCURVE_S1.);
#9455 = LINE('',#9456,#9457);
#9456 = CARTESIAN_POINT('',(-21.76123180389,-13.5,-78.85102334618));
#9457 = VECTOR('',#9458,1.);
#9458 = DIRECTION('',(-6.123233995737E-17,0.,1.));
#9459 = PCURVE('',#9386,#9460);
#9460 = DEFINITIONAL_REPRESENTATION('',(#9461),#9465);
#9461 = LINE('',#9462,#9463);
#9462 = CARTESIAN_POINT('',(-14.7252690196,0.565685424949));
#9463 = VECTOR('',#9464,1.);
#9464 = DIRECTION('',(-1.,-2.87194673307E-30));
#9465 = ( GEOMETRIC_REPRESENTATION_CONTEXT(2) 
PARAMETRIC_REPRESENTATION_CONTEXT() REPRESENTATION_CONTEXT('2D SPACE',''
  ) );
#9466 = PCURVE('',#9467,#9472);
#9467 = PLANE('',#9468);
#9468 = AXIS2_PLACEMENT_3D('',#9469,#9470,#9471);
#9469 = CARTESIAN_POINT('',(-25.6113154903,-13.5,-78.85102334618));
#9470 = DIRECTION('',(0.,-1.,0.));
#9471 = DIRECTION('',(1.,0.,0.));
#9472 = DEFINITIONAL_REPRESENTATION('',(#9473),#9477);
#9473 = LINE('',#9474,#9475);
#9474 = CARTESIAN_POINT('',(3.85008368641,0.));
#9475 = VECTOR('',#9476,1.);
#9476 = DIRECTION('',(-6.123233995737E-17,1.));
#9477 = ( GEOMETRIC_REPRESENTATION_CONTEXT(2) 
PARAMETRIC_REPRESENTATION_CONTEXT() REPRESENTATION_CONTEXT('2D SPACE',''
  ) );
#9478 = ORIENTED_EDGE('',*,*,#9479,.T.);
#9479 = EDGE_CURVE('',#9452,#9371,#9480,.T.);
#9480 = SURFACE_CURVE('',#9481,(#9485,#9492),.PCURVE_S1.);
#9481 = LINE('',#9482,#9483);
#9482 = CARTESIAN_POINT('',(-23.04459303269,-14.7833612288,
    -98.66766211738));
#9483 = VECTOR('',#9484,1.);
#9484 = DIRECTION('',(0.57735026919,0.57735026919,-0.57735026919));
#9485 = PCURVE('',#9386,#9486);
#9486 = DEFINITIONAL_REPRESENTATION('',(#9487),#9491);
#9487 = LINE('',#9488,#9489);
#9488 = CARTESIAN_POINT('',(5.0913697516,2.380632280142));
#9489 = VECTOR('',#9490,1.);
#9490 = DIRECTION('',(0.57735026919,-0.816496580928));
#9491 = ( GEOMETRIC_REPRESENTATION_CONTEXT(2) 
PARAMETRIC_REPRESENTATION_CONTEXT() REPRESENTATION_CONTEXT('2D SPACE',''
  ) );
#9492 = PCURVE('',#9493,#9498);
#9493 = PLANE('',#9494);
#9494 = AXIS2_PLACEMENT_3D('',#9495,#9496,#9497);
#9495 = CARTESIAN_POINT('',(-25.6113154903,-13.5,-99.95102334618));
#9496 = DIRECTION('',(-0.,-0.707106781187,-0.707106781187));
#9497 = DIRECTION('',(-1.,0.,0.));
#9498 = DEFINITIONAL_REPRESENTATION('',(#9499),#9503);
#9499 = LINE('',#9500,#9501);
#9500 = CARTESIAN_POINT('',(-2.56672245761,-1.814946855193));
#9501 = VECTOR('',#9502,1.);
#9502 = DIRECTION('',(-0.57735026919,0.816496580928));
#9503 = ( GEOMETRIC_REPRESENTATION_CONTEXT(2) 
PARAMETRIC_REPRESENTATION_CONTEXT() REPRESENTATION_CONTEXT('2D SPACE',''
  ) );
#9504 = ORIENTED_EDGE('',*,*,#9370,.F.);
#9505 = ADVANCED_FACE('',(#9506),#9493,.T.);
#9506 = FACE_BOUND('',#9507,.T.);
#9507 = EDGE_LOOP('',(#9508,#9538,#9559,#9560));
#9508 = ORIENTED_EDGE('',*,*,#9509,.T.);
#9509 = EDGE_CURVE('',#9510,#9512,#9514,.T.);
#9510 = VERTEX_POINT('',#9511);
#9511 = CARTESIAN_POINT('',(-27.64304286837,-13.5,-99.95102334618));
#9512 = VERTEX_POINT('',#9513);
#9513 = CARTESIAN_POINT('',(-28.04304286837,-13.1,-100.3510233461));
#9514 = SURFACE_CURVE('',#9515,(#9519,#9526),.PCURVE_S1.);
#9515 = LINE('',#9516,#9517);
#9516 = CARTESIAN_POINT('',(-26.96580040902,-14.17724245935,
    -99.27378088683));
#9517 = VECTOR('',#9518,1.);
#9518 = DIRECTION('',(-0.57735026919,0.57735026919,-0.57735026919));
#9519 = PCURVE('',#9493,#9520);
#9520 = DEFINITIONAL_REPRESENTATION('',(#9521),#9525);
#9521 = LINE('',#9522,#9523);
#9522 = CARTESIAN_POINT('',(1.35448491872,-0.957765471028));
#9523 = VECTOR('',#9524,1.);
#9524 = DIRECTION('',(0.57735026919,0.816496580928));
#9525 = ( GEOMETRIC_REPRESENTATION_CONTEXT(2) 
PARAMETRIC_REPRESENTATION_CONTEXT() REPRESENTATION_CONTEXT('2D SPACE',''
  ) );
#9526 = PCURVE('',#9527,#9532);
#9527 = PLANE('',#9528);
#9528 = AXIS2_PLACEMENT_3D('',#9529,#9530,#9531);
#9529 = CARTESIAN_POINT('',(-27.64304286837,-13.5,-78.85102334618));
#9530 = DIRECTION('',(-0.707106781187,-0.707106781187,
    -4.329780281171E-17));
#9531 = DIRECTION('',(-6.123233995733E-17,4.728851348251E-29,1.));
#9532 = DEFINITIONAL_REPRESENTATION('',(#9533),#9537);
#9533 = LINE('',#9534,#9535);
#9534 = CARTESIAN_POINT('',(-20.42275754065,-0.957765471028));
#9535 = VECTOR('',#9536,1.);
#9536 = DIRECTION('',(-0.57735026919,0.816496580928));
#9537 = ( GEOMETRIC_REPRESENTATION_CONTEXT(2) 
PARAMETRIC_REPRESENTATION_CONTEXT() REPRESENTATION_CONTEXT('2D SPACE',''
  ) );
#9538 = ORIENTED_EDGE('',*,*,#9539,.F.);
#9539 = EDGE_CURVE('',#9371,#9512,#9540,.T.);
#9540 = SURFACE_CURVE('',#9541,(#9545,#9552),.PCURVE_S1.);
#9541 = LINE('',#9542,#9543);
#9542 = CARTESIAN_POINT('',(-28.04304286837,-13.1,-100.3510233461));
#9543 = VECTOR('',#9544,1.);
#9544 = DIRECTION('',(-1.,0.,0.));
#9545 = PCURVE('',#9493,#9546);
#9546 = DEFINITIONAL_REPRESENTATION('',(#9547),#9551);
#9547 = LINE('',#9548,#9549);
#9548 = CARTESIAN_POINT('',(2.43172737807,0.565685424893));
#9549 = VECTOR('',#9550,1.);
#9550 = DIRECTION('',(1.,0.));
#9551 = ( GEOMETRIC_REPRESENTATION_CONTEXT(2) 
PARAMETRIC_REPRESENTATION_CONTEXT() REPRESENTATION_CONTEXT('2D SPACE',''
  ) );
#9552 = PCURVE('',#8712,#9553);
#9553 = DEFINITIONAL_REPRESENTATION('',(#9554),#9558);
#9554 = LINE('',#9555,#9556);
#9555 = CARTESIAN_POINT('',(-2.98598967492,0.4));
#9556 = VECTOR('',#9557,1.);
#9557 = DIRECTION('',(-1.,0.));
#9558 = ( GEOMETRIC_REPRESENTATION_CONTEXT(2) 
PARAMETRIC_REPRESENTATION_CONTEXT() REPRESENTATION_CONTEXT('2D SPACE',''
  ) );
#9559 = ORIENTED_EDGE('',*,*,#9479,.F.);
#9560 = ORIENTED_EDGE('',*,*,#9561,.F.);
#9561 = EDGE_CURVE('',#9510,#9452,#9562,.T.);
#9562 = SURFACE_CURVE('',#9563,(#9567,#9574),.PCURVE_S1.);
#9563 = LINE('',#9564,#9565);
#9564 = CARTESIAN_POINT('',(-21.36123180389,-13.5,-99.95102334618));
#9565 = VECTOR('',#9566,1.);
#9566 = DIRECTION('',(1.,0.,0.));
#9567 = PCURVE('',#9493,#9568);
#9568 = DEFINITIONAL_REPRESENTATION('',(#9569),#9573);
#9569 = LINE('',#9570,#9571);
#9570 = CARTESIAN_POINT('',(-4.25008368641,0.));
#9571 = VECTOR('',#9572,1.);
#9572 = DIRECTION('',(-1.,0.));
#9573 = ( GEOMETRIC_REPRESENTATION_CONTEXT(2) 
PARAMETRIC_REPRESENTATION_CONTEXT() REPRESENTATION_CONTEXT('2D SPACE',''
  ) );
#9574 = PCURVE('',#9467,#9575);
#9575 = DEFINITIONAL_REPRESENTATION('',(#9576),#9580);
#9576 = LINE('',#9577,#9578);
#9577 = CARTESIAN_POINT('',(4.25008368641,-21.1));
#9578 = VECTOR('',#9579,1.);
#9579 = DIRECTION('',(1.,0.));
#9580 = ( GEOMETRIC_REPRESENTATION_CONTEXT(2) 
PARAMETRIC_REPRESENTATION_CONTEXT() REPRESENTATION_CONTEXT('2D SPACE',''
  ) );
#9581 = ADVANCED_FACE('',(#9582),#9527,.T.);
#9582 = FACE_BOUND('',#9583,.T.);
#9583 = EDGE_LOOP('',(#9584,#9585,#9608,#9631));
#9584 = ORIENTED_EDGE('',*,*,#9509,.F.);
#9585 = ORIENTED_EDGE('',*,*,#9586,.F.);
#9586 = EDGE_CURVE('',#9587,#9510,#9589,.T.);
#9587 = VERTEX_POINT('',#9588);
#9588 = CARTESIAN_POINT('',(-27.64304286837,-13.5,-88.7177639544));
#9589 = SURFACE_CURVE('',#9590,(#9594,#9601),.PCURVE_S1.);
#9590 = LINE('',#9591,#9592);
#9591 = CARTESIAN_POINT('',(-27.64304286837,-13.5,-100.3510233461));
#9592 = VECTOR('',#9593,1.);
#9593 = DIRECTION('',(6.123233995737E-17,0.,-1.));
#9594 = PCURVE('',#9527,#9595);
#9595 = DEFINITIONAL_REPRESENTATION('',(#9596),#9600);
#9596 = LINE('',#9597,#9598);
#9597 = CARTESIAN_POINT('',(-21.49999999992,9.309027604498E-16));
#9598 = VECTOR('',#9599,1.);
#9599 = DIRECTION('',(-1.,2.84113185396E-30));
#9600 = ( GEOMETRIC_REPRESENTATION_CONTEXT(2) 
PARAMETRIC_REPRESENTATION_CONTEXT() REPRESENTATION_CONTEXT('2D SPACE',''
  ) );
#9601 = PCURVE('',#9467,#9602);
#9602 = DEFINITIONAL_REPRESENTATION('',(#9603),#9607);
#9603 = LINE('',#9604,#9605);
#9604 = CARTESIAN_POINT('',(-2.03172737807,-21.49999999992));
#9605 = VECTOR('',#9606,1.);
#9606 = DIRECTION('',(6.123233995737E-17,-1.));
#9607 = ( GEOMETRIC_REPRESENTATION_CONTEXT(2) 
PARAMETRIC_REPRESENTATION_CONTEXT() REPRESENTATION_CONTEXT('2D SPACE',''
  ) );
#9608 = ORIENTED_EDGE('',*,*,#9609,.T.);
#9609 = EDGE_CURVE('',#9587,#9610,#9612,.T.);
#9610 = VERTEX_POINT('',#9611);
#9611 = CARTESIAN_POINT('',(-28.04304286837,-13.1,-88.3177639544));
#9612 = SURFACE_CURVE('',#9613,(#9617,#9624),.PCURVE_S1.);
#9613 = LINE('',#9614,#9615);
#9614 = CARTESIAN_POINT('',(-27.04771297673,-14.09532989164,
    -89.31309384604));
#9615 = VECTOR('',#9616,1.);
#9616 = DIRECTION('',(-0.57735026919,0.57735026919,0.57735026919));
#9617 = PCURVE('',#9527,#9618);
#9618 = DEFINITIONAL_REPRESENTATION('',(#9619),#9623);
#9619 = LINE('',#9620,#9621);
#9620 = CARTESIAN_POINT('',(-10.46207049986,-0.841923606843));
#9621 = VECTOR('',#9622,1.);
#9622 = DIRECTION('',(0.57735026919,0.816496580928));
#9623 = ( GEOMETRIC_REPRESENTATION_CONTEXT(2) 
PARAMETRIC_REPRESENTATION_CONTEXT() REPRESENTATION_CONTEXT('2D SPACE',''
  ) );
#9624 = PCURVE('',#9439,#9625);
#9625 = DEFINITIONAL_REPRESENTATION('',(#9626),#9630);
#9626 = LINE('',#9627,#9628);
#9627 = CARTESIAN_POINT('',(-1.99065978328,1.407609031793));
#9628 = VECTOR('',#9629,1.);
#9629 = DIRECTION('',(-0.57735026919,-0.816496580928));
#9630 = ( GEOMETRIC_REPRESENTATION_CONTEXT(2) 
PARAMETRIC_REPRESENTATION_CONTEXT() REPRESENTATION_CONTEXT('2D SPACE',''
  ) );
#9631 = ORIENTED_EDGE('',*,*,#9632,.F.);
#9632 = EDGE_CURVE('',#9512,#9610,#9633,.T.);
#9633 = SURFACE_CURVE('',#9634,(#9638,#9645),.PCURVE_S1.);
#9634 = LINE('',#9635,#9636);
#9635 = CARTESIAN_POINT('',(-28.04304286837,-13.1,-88.3177639544));
#9636 = VECTOR('',#9637,1.);
#9637 = DIRECTION('',(-6.123233995737E-17,0.,1.));
#9638 = PCURVE('',#9527,#9639);
#9639 = DEFINITIONAL_REPRESENTATION('',(#9640),#9644);
#9640 = LINE('',#9641,#9642);
#9641 = CARTESIAN_POINT('',(-9.46674060822,0.565685424949));
#9642 = VECTOR('',#9643,1.);
#9643 = DIRECTION('',(1.,-2.84113185396E-30));
#9644 = ( GEOMETRIC_REPRESENTATION_CONTEXT(2) 
PARAMETRIC_REPRESENTATION_CONTEXT() REPRESENTATION_CONTEXT('2D SPACE',''
  ) );
#9645 = PCURVE('',#8740,#9646);
#9646 = DEFINITIONAL_REPRESENTATION('',(#9647),#9651);
#9647 = LINE('',#9648,#9649);
#9648 = CARTESIAN_POINT('',(-5.29178780317,0.4));
#9649 = VECTOR('',#9650,1.);
#9650 = DIRECTION('',(-1.,0.));
#9651 = ( GEOMETRIC_REPRESENTATION_CONTEXT(2) 
PARAMETRIC_REPRESENTATION_CONTEXT() REPRESENTATION_CONTEXT('2D SPACE',''
  ) );
#9652 = ADVANCED_FACE('',(#9653),#9467,.T.);
#9653 = FACE_BOUND('',#9654,.T.);
#9654 = EDGE_LOOP('',(#9655,#9656,#9657,#9658));
#9655 = ORIENTED_EDGE('',*,*,#9586,.T.);
#9656 = ORIENTED_EDGE('',*,*,#9561,.T.);
#9657 = ORIENTED_EDGE('',*,*,#9451,.T.);
#9658 = ORIENTED_EDGE('',*,*,#9659,.T.);
#9659 = EDGE_CURVE('',#9424,#9587,#9660,.T.);
#9660 = SURFACE_CURVE('',#9661,(#9665,#9672),.PCURVE_S1.);
#9661 = LINE('',#9662,#9663);
#9662 = CARTESIAN_POINT('',(-25.6113154903,-13.5,-88.7177639544));
#9663 = VECTOR('',#9664,1.);
#9664 = DIRECTION('',(-1.,0.,0.));
#9665 = PCURVE('',#9467,#9666);
#9666 = DEFINITIONAL_REPRESENTATION('',(#9667),#9671);
#9667 = LINE('',#9668,#9669);
#9668 = CARTESIAN_POINT('',(0.,-9.86674060822));
#9669 = VECTOR('',#9670,1.);
#9670 = DIRECTION('',(-1.,0.));
#9671 = ( GEOMETRIC_REPRESENTATION_CONTEXT(2) 
PARAMETRIC_REPRESENTATION_CONTEXT() REPRESENTATION_CONTEXT('2D SPACE',''
  ) );
#9672 = PCURVE('',#9439,#9673);
#9673 = DEFINITIONAL_REPRESENTATION('',(#9674),#9678);
#9674 = LINE('',#9675,#9676);
#9675 = CARTESIAN_POINT('',(-0.55426229685,0.565685424949));
#9676 = VECTOR('',#9677,1.);
#9677 = DIRECTION('',(-1.,-0.));
#9678 = ( GEOMETRIC_REPRESENTATION_CONTEXT(2) 
PARAMETRIC_REPRESENTATION_CONTEXT() REPRESENTATION_CONTEXT('2D SPACE',''
  ) );
#9679 = ADVANCED_FACE('',(#9680),#9439,.F.);
#9680 = FACE_BOUND('',#9681,.T.);
#9681 = EDGE_LOOP('',(#9682,#9683,#9684,#9685));
#9682 = ORIENTED_EDGE('',*,*,#9609,.F.);
#9683 = ORIENTED_EDGE('',*,*,#9659,.F.);
#9684 = ORIENTED_EDGE('',*,*,#9423,.T.);
#9685 = ORIENTED_EDGE('',*,*,#9686,.F.);
#9686 = EDGE_CURVE('',#9610,#9348,#9687,.T.);
#9687 = SURFACE_CURVE('',#9688,(#9692,#9699),.PCURVE_S1.);
#9688 = LINE('',#9689,#9690);
#9689 = CARTESIAN_POINT('',(-25.05705319345,-13.1,-88.3177639544));
#9690 = VECTOR('',#9691,1.);
#9691 = DIRECTION('',(1.,0.,0.));
#9692 = PCURVE('',#9439,#9693);
#9693 = DEFINITIONAL_REPRESENTATION('',(#9694),#9698);
#9694 = LINE('',#9695,#9696);
#9695 = CARTESIAN_POINT('',(0.,0.));
#9696 = VECTOR('',#9697,1.);
#9697 = DIRECTION('',(1.,0.));
#9698 = ( GEOMETRIC_REPRESENTATION_CONTEXT(2) 
PARAMETRIC_REPRESENTATION_CONTEXT() REPRESENTATION_CONTEXT('2D SPACE',''
  ) );
#9699 = PCURVE('',#8768,#9700);
#9700 = DEFINITIONAL_REPRESENTATION('',(#9701),#9705);
#9701 = LINE('',#9702,#9703);
#9702 = CARTESIAN_POINT('',(0.,0.4));
#9703 = VECTOR('',#9704,1.);
#9704 = DIRECTION('',(1.,0.));
#9705 = ( GEOMETRIC_REPRESENTATION_CONTEXT(2) 
PARAMETRIC_REPRESENTATION_CONTEXT() REPRESENTATION_CONTEXT('2D SPACE',''
  ) );
#9706 = ADVANCED_FACE('',(#9707),#8768,.T.);
#9707 = FACE_BOUND('',#9708,.T.);
#9708 = EDGE_LOOP('',(#9709,#9730,#9731,#9732));
#9709 = ORIENTED_EDGE('',*,*,#9710,.F.);
#9710 = EDGE_CURVE('',#9610,#8725,#9711,.T.);
#9711 = SURFACE_CURVE('',#9712,(#9716,#9723),.PCURVE_S1.);
#9712 = LINE('',#9713,#9714);
#9713 = CARTESIAN_POINT('',(-28.04304286837,-13.5,-88.3177639544));
#9714 = VECTOR('',#9715,1.);
#9715 = DIRECTION('',(0.,1.,0.));
#9716 = PCURVE('',#8768,#9717);
#9717 = DEFINITIONAL_REPRESENTATION('',(#9718),#9722);
#9718 = LINE('',#9719,#9720);
#9719 = CARTESIAN_POINT('',(-2.98598967492,0.));
#9720 = VECTOR('',#9721,1.);
#9721 = DIRECTION('',(0.,1.));
#9722 = ( GEOMETRIC_REPRESENTATION_CONTEXT(2) 
PARAMETRIC_REPRESENTATION_CONTEXT() REPRESENTATION_CONTEXT('2D SPACE',''
  ) );
#9723 = PCURVE('',#8740,#9724);
#9724 = DEFINITIONAL_REPRESENTATION('',(#9725),#9729);
#9725 = LINE('',#9726,#9727);
#9726 = CARTESIAN_POINT('',(-5.29178780317,0.));
#9727 = VECTOR('',#9728,1.);
#9728 = DIRECTION('',(0.,1.));
#9729 = ( GEOMETRIC_REPRESENTATION_CONTEXT(2) 
PARAMETRIC_REPRESENTATION_CONTEXT() REPRESENTATION_CONTEXT('2D SPACE',''
  ) );
#9730 = ORIENTED_EDGE('',*,*,#9686,.T.);
#9731 = ORIENTED_EDGE('',*,*,#9347,.T.);
#9732 = ORIENTED_EDGE('',*,*,#8752,.F.);
#9733 = ADVANCED_FACE('',(#9734),#8740,.F.);
#9734 = FACE_BOUND('',#9735,.T.);
#9735 = EDGE_LOOP('',(#9736,#9757,#9758,#9759));
#9736 = ORIENTED_EDGE('',*,*,#9737,.F.);
#9737 = EDGE_CURVE('',#9512,#8695,#9738,.T.);
#9738 = SURFACE_CURVE('',#9739,(#9743,#9750),.PCURVE_S1.);
#9739 = LINE('',#9740,#9741);
#9740 = CARTESIAN_POINT('',(-28.04304286837,-13.5,-100.3510233461));
#9741 = VECTOR('',#9742,1.);
#9742 = DIRECTION('',(0.,1.,0.));
#9743 = PCURVE('',#8740,#9744);
#9744 = DEFINITIONAL_REPRESENTATION('',(#9745),#9749);
#9745 = LINE('',#9746,#9747);
#9746 = CARTESIAN_POINT('',(6.74147158853,0.));
#9747 = VECTOR('',#9748,1.);
#9748 = DIRECTION('',(0.,1.));
#9749 = ( GEOMETRIC_REPRESENTATION_CONTEXT(2) 
PARAMETRIC_REPRESENTATION_CONTEXT() REPRESENTATION_CONTEXT('2D SPACE',''
  ) );
#9750 = PCURVE('',#8712,#9751);
#9751 = DEFINITIONAL_REPRESENTATION('',(#9752),#9756);
#9752 = LINE('',#9753,#9754);
#9753 = CARTESIAN_POINT('',(-2.98598967492,0.));
#9754 = VECTOR('',#9755,1.);
#9755 = DIRECTION('',(0.,1.));
#9756 = ( GEOMETRIC_REPRESENTATION_CONTEXT(2) 
PARAMETRIC_REPRESENTATION_CONTEXT() REPRESENTATION_CONTEXT('2D SPACE',''
  ) );
#9757 = ORIENTED_EDGE('',*,*,#9632,.T.);
#9758 = ORIENTED_EDGE('',*,*,#9710,.T.);
#9759 = ORIENTED_EDGE('',*,*,#8724,.T.);
#9760 = ADVANCED_FACE('',(#9761),#8712,.F.);
#9761 = FACE_BOUND('',#9762,.T.);
#9762 = EDGE_LOOP('',(#9763,#9764,#9765,#9766));
#9763 = ORIENTED_EDGE('',*,*,#9398,.F.);
#9764 = ORIENTED_EDGE('',*,*,#9539,.T.);
#9765 = ORIENTED_EDGE('',*,*,#9737,.T.);
#9766 = ORIENTED_EDGE('',*,*,#8694,.T.);
#9767 = ADVANCED_FACE('',(#9768),#8680,.F.);
#9768 = FACE_BOUND('',#9769,.T.);
#9769 = EDGE_LOOP('',(#9770,#9771,#9794,#9822));
#9770 = ORIENTED_EDGE('',*,*,#8666,.T.);
#9771 = ORIENTED_EDGE('',*,*,#9772,.F.);
#9772 = EDGE_CURVE('',#9773,#8639,#9775,.T.);
#9773 = VERTEX_POINT('',#9774);
#9774 = CARTESIAN_POINT('',(-27.3000691086,-11.52682,-63.56595084071));
#9775 = SURFACE_CURVE('',#9776,(#9780,#9787),.PCURVE_S1.);
#9776 = LINE('',#9777,#9778);
#9777 = CARTESIAN_POINT('',(-27.3000691086,-11.52682,-63.56595084071));
#9778 = VECTOR('',#9779,1.);
#9779 = DIRECTION('',(0.,1.,0.));
#9780 = PCURVE('',#8680,#9781);
#9781 = DEFINITIONAL_REPRESENTATION('',(#9782),#9786);
#9782 = LINE('',#9783,#9784);
#9783 = CARTESIAN_POINT('',(-6.171166496133E-02,0.));
#9784 = VECTOR('',#9785,1.);
#9785 = DIRECTION('',(0.,1.));
#9786 = ( GEOMETRIC_REPRESENTATION_CONTEXT(2) 
PARAMETRIC_REPRESENTATION_CONTEXT() REPRESENTATION_CONTEXT('2D SPACE',''
  ) );
#9787 = PCURVE('',#8654,#9788);
#9788 = DEFINITIONAL_REPRESENTATION('',(#9789),#9793);
#9789 = LINE('',#9790,#9791);
#9790 = CARTESIAN_POINT('',(-2.17245146632,0.));
#9791 = VECTOR('',#9792,1.);
#9792 = DIRECTION('',(0.,1.));
#9793 = ( GEOMETRIC_REPRESENTATION_CONTEXT(2) 
PARAMETRIC_REPRESENTATION_CONTEXT() REPRESENTATION_CONTEXT('2D SPACE',''
  ) );
#9794 = ORIENTED_EDGE('',*,*,#9795,.F.);
#9795 = EDGE_CURVE('',#9796,#9773,#9798,.T.);
#9796 = VERTEX_POINT('',#9797);
#9797 = CARTESIAN_POINT('',(-24.71399307251,-11.52682,-60.28787419199));
#9798 = SURFACE_CURVE('',#9799,(#9803,#9810),.PCURVE_S1.);
#9799 = LINE('',#9800,#9801);
#9800 = CARTESIAN_POINT('',(-27.33829127657,-11.52682,-63.61440076814));
#9801 = VECTOR('',#9802,1.);
#9802 = DIRECTION('',(-0.619366986653,0.,-0.785101608612));
#9803 = PCURVE('',#8680,#9804);
#9804 = DEFINITIONAL_REPRESENTATION('',(#9805),#9809);
#9805 = LINE('',#9806,#9807);
#9806 = CARTESIAN_POINT('',(0.,0.));
#9807 = VECTOR('',#9808,1.);
#9808 = DIRECTION('',(1.,0.));
#9809 = ( GEOMETRIC_REPRESENTATION_CONTEXT(2) 
PARAMETRIC_REPRESENTATION_CONTEXT() REPRESENTATION_CONTEXT('2D SPACE',''
  ) );
#9810 = PCURVE('',#9811,#9816);
#9811 = PLANE('',#9812);
#9812 = AXIS2_PLACEMENT_3D('',#9813,#9814,#9815);
#9813 = CARTESIAN_POINT('',(-25.6113154903,-11.52682,-78.85102334618));
#9814 = DIRECTION('',(0.,-1.,0.));
#9815 = DIRECTION('',(1.,0.,0.));
#9816 = DEFINITIONAL_REPRESENTATION('',(#9817),#9821);
#9817 = LINE('',#9818,#9819);
#9818 = CARTESIAN_POINT('',(-1.72697578627,15.23662257804));
#9819 = VECTOR('',#9820,1.);
#9820 = DIRECTION('',(-0.619366986653,-0.785101608612));
#9821 = ( GEOMETRIC_REPRESENTATION_CONTEXT(2) 
PARAMETRIC_REPRESENTATION_CONTEXT() REPRESENTATION_CONTEXT('2D SPACE',''
  ) );
#9822 = ORIENTED_EDGE('',*,*,#9823,.T.);
#9823 = EDGE_CURVE('',#9796,#8611,#9824,.T.);
#9824 = SURFACE_CURVE('',#9825,(#9829,#9836),.PCURVE_S1.);
#9825 = LINE('',#9826,#9827);
#9826 = CARTESIAN_POINT('',(-24.71399307251,-11.52682,-60.28787419199));
#9827 = VECTOR('',#9828,1.);
#9828 = DIRECTION('',(0.,1.,0.));
#9829 = PCURVE('',#8680,#9830);
#9830 = DEFINITIONAL_REPRESENTATION('',(#9831),#9835);
#9831 = LINE('',#9832,#9833);
#9832 = CARTESIAN_POINT('',(-4.237065036752,0.));
#9833 = VECTOR('',#9834,1.);
#9834 = DIRECTION('',(0.,1.));
#9835 = ( GEOMETRIC_REPRESENTATION_CONTEXT(2) 
PARAMETRIC_REPRESENTATION_CONTEXT() REPRESENTATION_CONTEXT('2D SPACE',''
  ) );
#9836 = PCURVE('',#8626,#9837);
#9837 = DEFINITIONAL_REPRESENTATION('',(#9838),#9842);
#9838 = LINE('',#9839,#9840);
#9839 = CARTESIAN_POINT('',(2.436025525402,0.));
#9840 = VECTOR('',#9841,1.);
#9841 = DIRECTION('',(0.,1.));
#9842 = ( GEOMETRIC_REPRESENTATION_CONTEXT(2) 
PARAMETRIC_REPRESENTATION_CONTEXT() REPRESENTATION_CONTEXT('2D SPACE',''
  ) );
#9843 = ADVANCED_FACE('',(#9844),#9811,.T.);
#9844 = FACE_BOUND('',#9845,.T.);
#9845 = EDGE_LOOP('',(#9846,#9869,#9870));
#9846 = ORIENTED_EDGE('',*,*,#9847,.T.);
#9847 = EDGE_CURVE('',#9848,#9796,#9850,.T.);
#9848 = VERTEX_POINT('',#9849);
#9849 = CARTESIAN_POINT('',(-22.12791703641,-11.52682,-63.56595084071));
#9850 = SURFACE_CURVE('',#9851,(#9855,#9862),.PCURVE_S1.);
#9851 = LINE('',#9852,#9853);
#9852 = CARTESIAN_POINT('',(-23.20519928343,-11.52682,-62.2004017506));
#9853 = VECTOR('',#9854,1.);
#9854 = DIRECTION('',(-0.619366986653,0.,0.785101608612));
#9855 = PCURVE('',#9811,#9856);
#9856 = DEFINITIONAL_REPRESENTATION('',(#9857),#9861);
#9857 = LINE('',#9858,#9859);
#9858 = CARTESIAN_POINT('',(2.40611620687,16.65062159558));
#9859 = VECTOR('',#9860,1.);
#9860 = DIRECTION('',(-0.619366986653,0.785101608612));
#9861 = ( GEOMETRIC_REPRESENTATION_CONTEXT(2) 
PARAMETRIC_REPRESENTATION_CONTEXT() REPRESENTATION_CONTEXT('2D SPACE',''
  ) );
#9862 = PCURVE('',#8626,#9863);
#9863 = DEFINITIONAL_REPRESENTATION('',(#9864),#9868);
#9864 = LINE('',#9865,#9866);
#9865 = CARTESIAN_POINT('',(0.,0.));
#9866 = VECTOR('',#9867,1.);
#9867 = DIRECTION('',(1.,0.));
#9868 = ( GEOMETRIC_REPRESENTATION_CONTEXT(2) 
PARAMETRIC_REPRESENTATION_CONTEXT() REPRESENTATION_CONTEXT('2D SPACE',''
  ) );
#9869 = ORIENTED_EDGE('',*,*,#9795,.T.);
#9870 = ORIENTED_EDGE('',*,*,#9871,.T.);
#9871 = EDGE_CURVE('',#9773,#9848,#9872,.T.);
#9872 = SURFACE_CURVE('',#9873,(#9877,#9884),.PCURVE_S1.);
#9873 = LINE('',#9874,#9875);
#9874 = CARTESIAN_POINT('',(-25.12761764228,-11.52682,-63.56595084071));
#9875 = VECTOR('',#9876,1.);
#9876 = DIRECTION('',(1.,0.,2.683174743146E-15));
#9877 = PCURVE('',#9811,#9878);
#9878 = DEFINITIONAL_REPRESENTATION('',(#9879),#9883);
#9879 = LINE('',#9880,#9881);
#9880 = CARTESIAN_POINT('',(0.48369784802,15.28507250547));
#9881 = VECTOR('',#9882,1.);
#9882 = DIRECTION('',(1.,2.683174743146E-15));
#9883 = ( GEOMETRIC_REPRESENTATION_CONTEXT(2) 
PARAMETRIC_REPRESENTATION_CONTEXT() REPRESENTATION_CONTEXT('2D SPACE',''
  ) );
#9884 = PCURVE('',#8654,#9885);
#9885 = DEFINITIONAL_REPRESENTATION('',(#9886),#9890);
#9886 = LINE('',#9887,#9888);
#9887 = CARTESIAN_POINT('',(0.,0.));
#9888 = VECTOR('',#9889,1.);
#9889 = DIRECTION('',(1.,0.));
#9890 = ( GEOMETRIC_REPRESENTATION_CONTEXT(2) 
PARAMETRIC_REPRESENTATION_CONTEXT() REPRESENTATION_CONTEXT('2D SPACE',''
  ) );
#9891 = ADVANCED_FACE('',(#9892),#8654,.F.);
#9892 = FACE_BOUND('',#9893,.T.);
#9893 = EDGE_LOOP('',(#9894,#9895,#9916,#9917));
#9894 = ORIENTED_EDGE('',*,*,#8638,.T.);
#9895 = ORIENTED_EDGE('',*,*,#9896,.F.);
#9896 = EDGE_CURVE('',#9848,#8609,#9897,.T.);
#9897 = SURFACE_CURVE('',#9898,(#9902,#9909),.PCURVE_S1.);
#9898 = LINE('',#9899,#9900);
#9899 = CARTESIAN_POINT('',(-22.12791703641,-11.52682,-63.56595084071));
#9900 = VECTOR('',#9901,1.);
#9901 = DIRECTION('',(0.,1.,0.));
#9902 = PCURVE('',#8654,#9903);
#9903 = DEFINITIONAL_REPRESENTATION('',(#9904),#9908);
#9904 = LINE('',#9905,#9906);
#9905 = CARTESIAN_POINT('',(2.99970060587,0.));
#9906 = VECTOR('',#9907,1.);
#9907 = DIRECTION('',(0.,1.));
#9908 = ( GEOMETRIC_REPRESENTATION_CONTEXT(2) 
PARAMETRIC_REPRESENTATION_CONTEXT() REPRESENTATION_CONTEXT('2D SPACE',''
  ) );
#9909 = PCURVE('',#8626,#9910);
#9910 = DEFINITIONAL_REPRESENTATION('',(#9911),#9915);
#9911 = LINE('',#9912,#9913);
#9912 = CARTESIAN_POINT('',(-1.739327846395,0.));
#9913 = VECTOR('',#9914,1.);
#9914 = DIRECTION('',(0.,1.));
#9915 = ( GEOMETRIC_REPRESENTATION_CONTEXT(2) 
PARAMETRIC_REPRESENTATION_CONTEXT() REPRESENTATION_CONTEXT('2D SPACE',''
  ) );
#9916 = ORIENTED_EDGE('',*,*,#9871,.F.);
#9917 = ORIENTED_EDGE('',*,*,#9772,.T.);
#9918 = ADVANCED_FACE('',(#9919),#8626,.F.);
#9919 = FACE_BOUND('',#9920,.T.);
#9920 = EDGE_LOOP('',(#9921,#9922,#9923,#9924));
#9921 = ORIENTED_EDGE('',*,*,#8608,.T.);
#9922 = ORIENTED_EDGE('',*,*,#9823,.F.);
#9923 = ORIENTED_EDGE('',*,*,#9847,.F.);
#9924 = ORIENTED_EDGE('',*,*,#9896,.T.);
#9925 = ADVANCED_FACE('',(#9926),#8594,.T.);
#9926 = FACE_BOUND('',#9927,.T.);
#9927 = EDGE_LOOP('',(#9928,#9929,#9952,#9980));
#9928 = ORIENTED_EDGE('',*,*,#8580,.F.);
#9929 = ORIENTED_EDGE('',*,*,#9930,.F.);
#9930 = EDGE_CURVE('',#9931,#8553,#9933,.T.);
#9931 = VERTEX_POINT('',#9932);
#9932 = CARTESIAN_POINT('',(-22.12791703641,-11.52682,-68.53852793574));
#9933 = SURFACE_CURVE('',#9934,(#9938,#9945),.PCURVE_S1.);
#9934 = LINE('',#9935,#9936);
#9935 = CARTESIAN_POINT('',(-22.12791703641,-11.52682,-68.53852793574));
#9936 = VECTOR('',#9937,1.);
#9937 = DIRECTION('',(0.,1.,0.));
#9938 = PCURVE('',#8594,#9939);
#9939 = DEFINITIONAL_REPRESENTATION('',(#9940),#9944);
#9940 = LINE('',#9941,#9942);
#9941 = CARTESIAN_POINT('',(-1.739327846387,0.));
#9942 = VECTOR('',#9943,1.);
#9943 = DIRECTION('',(0.,1.));
#9944 = ( GEOMETRIC_REPRESENTATION_CONTEXT(2) 
PARAMETRIC_REPRESENTATION_CONTEXT() REPRESENTATION_CONTEXT('2D SPACE',''
  ) );
#9945 = PCURVE('',#8568,#9946);
#9946 = DEFINITIONAL_REPRESENTATION('',(#9947),#9951);
#9947 = LINE('',#9948,#9949);
#9948 = CARTESIAN_POINT('',(2.99970060587,0.));
#9949 = VECTOR('',#9950,1.);
#9950 = DIRECTION('',(0.,1.));
#9951 = ( GEOMETRIC_REPRESENTATION_CONTEXT(2) 
PARAMETRIC_REPRESENTATION_CONTEXT() REPRESENTATION_CONTEXT('2D SPACE',''
  ) );
#9952 = ORIENTED_EDGE('',*,*,#9953,.T.);
#9953 = EDGE_CURVE('',#9931,#9954,#9956,.T.);
#9954 = VERTEX_POINT('',#9955);
#9955 = CARTESIAN_POINT('',(-24.71399307251,-11.52682,-71.81660458445));
#9956 = SURFACE_CURVE('',#9957,(#9961,#9968),.PCURVE_S1.);
#9957 = LINE('',#9958,#9959);
#9958 = CARTESIAN_POINT('',(-23.20519928343,-11.52682,-69.90407702584));
#9959 = VECTOR('',#9960,1.);
#9960 = DIRECTION('',(-0.619366986653,0.,-0.785101608612));
#9961 = PCURVE('',#8594,#9962);
#9962 = DEFINITIONAL_REPRESENTATION('',(#9963),#9967);
#9963 = LINE('',#9964,#9965);
#9964 = CARTESIAN_POINT('',(0.,0.));
#9965 = VECTOR('',#9966,1.);
#9966 = DIRECTION('',(1.,0.));
#9967 = ( GEOMETRIC_REPRESENTATION_CONTEXT(2) 
PARAMETRIC_REPRESENTATION_CONTEXT() REPRESENTATION_CONTEXT('2D SPACE',''
  ) );
#9968 = PCURVE('',#9969,#9974);
#9969 = PLANE('',#9970);
#9970 = AXIS2_PLACEMENT_3D('',#9971,#9972,#9973);
#9971 = CARTESIAN_POINT('',(-25.6113154903,-11.52682,-78.85102334618));
#9972 = DIRECTION('',(0.,-1.,0.));
#9973 = DIRECTION('',(1.,0.,0.));
#9974 = DEFINITIONAL_REPRESENTATION('',(#9975),#9979);
#9975 = LINE('',#9976,#9977);
#9976 = CARTESIAN_POINT('',(2.40611620687,8.94694632034));
#9977 = VECTOR('',#9978,1.);
#9978 = DIRECTION('',(-0.619366986653,-0.785101608612));
#9979 = ( GEOMETRIC_REPRESENTATION_CONTEXT(2) 
PARAMETRIC_REPRESENTATION_CONTEXT() REPRESENTATION_CONTEXT('2D SPACE',''
  ) );
#9980 = ORIENTED_EDGE('',*,*,#9981,.T.);
#9981 = EDGE_CURVE('',#9954,#8523,#9982,.T.);
#9982 = SURFACE_CURVE('',#9983,(#9987,#9994),.PCURVE_S1.);
#9983 = LINE('',#9984,#9985);
#9984 = CARTESIAN_POINT('',(-24.71399307251,-11.52682,-71.81660458445));
#9985 = VECTOR('',#9986,1.);
#9986 = DIRECTION('',(0.,1.,0.));
#9987 = PCURVE('',#8594,#9988);
#9988 = DEFINITIONAL_REPRESENTATION('',(#9989),#9993);
#9989 = LINE('',#9990,#9991);
#9990 = CARTESIAN_POINT('',(2.436025525402,0.));
#9991 = VECTOR('',#9992,1.);
#9992 = DIRECTION('',(0.,1.));
#9993 = ( GEOMETRIC_REPRESENTATION_CONTEXT(2) 
PARAMETRIC_REPRESENTATION_CONTEXT() REPRESENTATION_CONTEXT('2D SPACE',''
  ) );
#9994 = PCURVE('',#8540,#9995);
#9995 = DEFINITIONAL_REPRESENTATION('',(#9996),#10000);
#9996 = LINE('',#9997,#9998);
#9997 = CARTESIAN_POINT('',(-0.2212976767,0.));
#9998 = VECTOR('',#9999,1.);
#9999 = DIRECTION('',(0.,1.));
#10000 = ( GEOMETRIC_REPRESENTATION_CONTEXT(2) 
PARAMETRIC_REPRESENTATION_CONTEXT() REPRESENTATION_CONTEXT('2D SPACE',''
  ) );
#10001 = ADVANCED_FACE('',(#10002),#9969,.T.);
#10002 = FACE_BOUND('',#10003,.T.);
#10003 = EDGE_LOOP('',(#10004,#10027,#10048));
#10004 = ORIENTED_EDGE('',*,*,#10005,.F.);
#10005 = EDGE_CURVE('',#10006,#9931,#10008,.T.);
#10006 = VERTEX_POINT('',#10007);
#10007 = CARTESIAN_POINT('',(-27.3000691086,-11.52682,-68.53852793574));
#10008 = SURFACE_CURVE('',#10009,(#10013,#10020),.PCURVE_S1.);
#10009 = LINE('',#10010,#10011);
#10010 = CARTESIAN_POINT('',(-25.12761764228,-11.52682,-68.53852793574)
  );
#10011 = VECTOR('',#10012,1.);
#10012 = DIRECTION('',(1.,0.,-2.683174743146E-15));
#10013 = PCURVE('',#9969,#10014);
#10014 = DEFINITIONAL_REPRESENTATION('',(#10015),#10019);
#10015 = LINE('',#10016,#10017);
#10016 = CARTESIAN_POINT('',(0.48369784802,10.31249541044));
#10017 = VECTOR('',#10018,1.);
#10018 = DIRECTION('',(1.,-2.683174743146E-15));
#10019 = ( GEOMETRIC_REPRESENTATION_CONTEXT(2) 
PARAMETRIC_REPRESENTATION_CONTEXT() REPRESENTATION_CONTEXT('2D SPACE',''
  ) );
#10020 = PCURVE('',#8568,#10021);
#10021 = DEFINITIONAL_REPRESENTATION('',(#10022),#10026);
#10022 = LINE('',#10023,#10024);
#10023 = CARTESIAN_POINT('',(0.,0.));
#10024 = VECTOR('',#10025,1.);
#10025 = DIRECTION('',(1.,0.));
#10026 = ( GEOMETRIC_REPRESENTATION_CONTEXT(2) 
PARAMETRIC_REPRESENTATION_CONTEXT() REPRESENTATION_CONTEXT('2D SPACE',''
  ) );
#10027 = ORIENTED_EDGE('',*,*,#10028,.F.);
#10028 = EDGE_CURVE('',#9954,#10006,#10029,.T.);
#10029 = SURFACE_CURVE('',#10030,(#10034,#10041),.PCURVE_S1.);
#10030 = LINE('',#10031,#10032);
#10031 = CARTESIAN_POINT('',(-24.85105754768,-11.52682,-71.64286342249)
  );
#10032 = VECTOR('',#10033,1.);
#10033 = DIRECTION('',(-0.619366986653,0.,0.785101608612));
#10034 = PCURVE('',#9969,#10035);
#10035 = DEFINITIONAL_REPRESENTATION('',(#10036),#10040);
#10036 = LINE('',#10037,#10038);
#10037 = CARTESIAN_POINT('',(0.76025794262,7.20815992369));
#10038 = VECTOR('',#10039,1.);
#10039 = DIRECTION('',(-0.619366986653,0.785101608612));
#10040 = ( GEOMETRIC_REPRESENTATION_CONTEXT(2) 
PARAMETRIC_REPRESENTATION_CONTEXT() REPRESENTATION_CONTEXT('2D SPACE',''
  ) );
#10041 = PCURVE('',#8540,#10042);
#10042 = DEFINITIONAL_REPRESENTATION('',(#10043),#10047);
#10043 = LINE('',#10044,#10045);
#10044 = CARTESIAN_POINT('',(0.,0.));
#10045 = VECTOR('',#10046,1.);
#10046 = DIRECTION('',(1.,0.));
#10047 = ( GEOMETRIC_REPRESENTATION_CONTEXT(2) 
PARAMETRIC_REPRESENTATION_CONTEXT() REPRESENTATION_CONTEXT('2D SPACE',''
  ) );
#10048 = ORIENTED_EDGE('',*,*,#9953,.F.);
#10049 = ADVANCED_FACE('',(#10050),#8568,.T.);
#10050 = FACE_BOUND('',#10051,.T.);
#10051 = EDGE_LOOP('',(#10052,#10053,#10074,#10075));
#10052 = ORIENTED_EDGE('',*,*,#8552,.F.);
#10053 = ORIENTED_EDGE('',*,*,#10054,.F.);
#10054 = EDGE_CURVE('',#10006,#8525,#10055,.T.);
#10055 = SURFACE_CURVE('',#10056,(#10060,#10067),.PCURVE_S1.);
#10056 = LINE('',#10057,#10058);
#10057 = CARTESIAN_POINT('',(-27.3000691086,-11.52682,-68.53852793574));
#10058 = VECTOR('',#10059,1.);
#10059 = DIRECTION('',(0.,1.,0.));
#10060 = PCURVE('',#8568,#10061);
#10061 = DEFINITIONAL_REPRESENTATION('',(#10062),#10066);
#10062 = LINE('',#10063,#10064);
#10063 = CARTESIAN_POINT('',(-2.17245146632,0.));
#10064 = VECTOR('',#10065,1.);
#10065 = DIRECTION('',(0.,1.));
#10066 = ( GEOMETRIC_REPRESENTATION_CONTEXT(2) 
PARAMETRIC_REPRESENTATION_CONTEXT() REPRESENTATION_CONTEXT('2D SPACE',''
  ) );
#10067 = PCURVE('',#8540,#10068);
#10068 = DEFINITIONAL_REPRESENTATION('',(#10069),#10073);
#10069 = LINE('',#10070,#10071);
#10070 = CARTESIAN_POINT('',(3.954055695083,0.));
#10071 = VECTOR('',#10072,1.);
#10072 = DIRECTION('',(0.,1.));
#10073 = ( GEOMETRIC_REPRESENTATION_CONTEXT(2) 
PARAMETRIC_REPRESENTATION_CONTEXT() REPRESENTATION_CONTEXT('2D SPACE',''
  ) );
#10074 = ORIENTED_EDGE('',*,*,#10005,.T.);
#10075 = ORIENTED_EDGE('',*,*,#9930,.T.);
#10076 = ADVANCED_FACE('',(#10077),#8540,.T.);
#10077 = FACE_BOUND('',#10078,.T.);
#10078 = EDGE_LOOP('',(#10079,#10080,#10081,#10082));
#10079 = ORIENTED_EDGE('',*,*,#8522,.F.);
#10080 = ORIENTED_EDGE('',*,*,#9981,.F.);
#10081 = ORIENTED_EDGE('',*,*,#10028,.T.);
#10082 = ORIENTED_EDGE('',*,*,#10054,.T.);
#10083 = ADVANCED_FACE('',(#10084),#4140,.T.);
#10084 = FACE_BOUND('',#10085,.T.);
#10085 = EDGE_LOOP('',(#10086,#10115,#10135,#10136,#10137,#10138,#10139,
    #10140));
#10086 = ORIENTED_EDGE('',*,*,#10087,.F.);
#10087 = EDGE_CURVE('',#10088,#10088,#10090,.T.);
#10088 = VERTEX_POINT('',#10089);
#10089 = CARTESIAN_POINT('',(19.,0.,-52.35102334618));
#10090 = SURFACE_CURVE('',#10091,(#10096,#10103),.PCURVE_S1.);
#10091 = CIRCLE('',#10092,19.);
#10092 = AXIS2_PLACEMENT_3D('',#10093,#10094,#10095);
#10093 = CARTESIAN_POINT('',(-4.580776390005E-16,0.,-52.35102334618));
#10094 = DIRECTION('',(-3.903127820948E-18,0.,1.));
#10095 = DIRECTION('',(1.,0.,3.903127820948E-18));
#10096 = PCURVE('',#4140,#10097);
#10097 = DEFINITIONAL_REPRESENTATION('',(#10098),#10102);
#10098 = LINE('',#10099,#10100);
#10099 = CARTESIAN_POINT('',(6.28318530718,-19.95231706649));
#10100 = VECTOR('',#10101,1.);
#10101 = DIRECTION('',(-1.,0.));
#10102 = ( GEOMETRIC_REPRESENTATION_CONTEXT(2) 
PARAMETRIC_REPRESENTATION_CONTEXT() REPRESENTATION_CONTEXT('2D SPACE',''
  ) );
#10103 = PCURVE('',#10104,#10109);
#10104 = PLANE('',#10105);
#10105 = AXIS2_PLACEMENT_3D('',#10106,#10107,#10108);
#10106 = CARTESIAN_POINT('',(-18.06010312587,0.,-52.35102334618));
#10107 = DIRECTION('',(-3.903127820948E-18,0.,1.));
#10108 = DIRECTION('',(1.,0.,3.903127820948E-18));
#10109 = DEFINITIONAL_REPRESENTATION('',(#10110),#10114);
#10110 = CIRCLE('',#10111,19.);
#10111 = AXIS2_PLACEMENT_2D('',#10112,#10113);
#10112 = CARTESIAN_POINT('',(18.06010312587,0.));
#10113 = DIRECTION('',(1.,0.));
#10114 = ( GEOMETRIC_REPRESENTATION_CONTEXT(2) 
PARAMETRIC_REPRESENTATION_CONTEXT() REPRESENTATION_CONTEXT('2D SPACE',''
  ) );
#10115 = ORIENTED_EDGE('',*,*,#10116,.T.);
#10116 = EDGE_CURVE('',#10088,#4120,#10117,.T.);
#10117 = SEAM_CURVE('',#10118,(#10121,#10128),.PCURVE_S1.);
#10118 = B_SPLINE_CURVE_WITH_KNOTS('',1,(#10119,#10120),.UNSPECIFIED.,
  .F.,.F.,(2,2),(-19.95231706649,31.04768293351),
  .PIECEWISE_BEZIER_KNOTS.);
#10119 = CARTESIAN_POINT('',(19.,0.,-52.35102334618));
#10120 = CARTESIAN_POINT('',(19.,0.,-103.3510233461));
#10121 = PCURVE('',#4140,#10122);
#10122 = DEFINITIONAL_REPRESENTATION('',(#10123),#10127);
#10123 = LINE('',#10124,#10125);
#10124 = CARTESIAN_POINT('',(6.28318530718,0.));
#10125 = VECTOR('',#10126,1.);
#10126 = DIRECTION('',(0.,1.));
#10127 = ( GEOMETRIC_REPRESENTATION_CONTEXT(2) 
PARAMETRIC_REPRESENTATION_CONTEXT() REPRESENTATION_CONTEXT('2D SPACE',''
  ) );
#10128 = PCURVE('',#4140,#10129);
#10129 = DEFINITIONAL_REPRESENTATION('',(#10130),#10134);
#10130 = LINE('',#10131,#10132);
#10131 = CARTESIAN_POINT('',(4.138911435803E-13,0.));
#10132 = VECTOR('',#10133,1.);
#10133 = DIRECTION('',(0.,1.));
#10134 = ( GEOMETRIC_REPRESENTATION_CONTEXT(2) 
PARAMETRIC_REPRESENTATION_CONTEXT() REPRESENTATION_CONTEXT('2D SPACE',''
  ) );
#10135 = ORIENTED_EDGE('',*,*,#4460,.T.);
#10136 = ORIENTED_EDGE('',*,*,#4541,.T.);
#10137 = ORIENTED_EDGE('',*,*,#4710,.T.);
#10138 = ORIENTED_EDGE('',*,*,#8498,.F.);
#10139 = ORIENTED_EDGE('',*,*,#4117,.T.);
#10140 = ORIENTED_EDGE('',*,*,#10116,.F.);
#10141 = ADVANCED_FACE('',(#10142,#10145),#10104,.T.);
#10142 = FACE_BOUND('',#10143,.T.);
#10143 = EDGE_LOOP('',(#10144));
#10144 = ORIENTED_EDGE('',*,*,#10087,.T.);
#10145 = FACE_BOUND('',#10146,.T.);
#10146 = EDGE_LOOP('',(#10147));
#10147 = ORIENTED_EDGE('',*,*,#10148,.F.);
#10148 = EDGE_CURVE('',#10149,#10149,#10151,.T.);
#10149 = VERTEX_POINT('',#10150);
#10150 = CARTESIAN_POINT('',(18.,0.,-52.35102334618));
#10151 = SURFACE_CURVE('',#10152,(#10157,#10164),.PCURVE_S1.);
#10152 = CIRCLE('',#10153,18.);
#10153 = AXIS2_PLACEMENT_3D('',#10154,#10155,#10156);
#10154 = CARTESIAN_POINT('',(-4.580776390005E-16,0.,-52.35102334618));
#10155 = DIRECTION('',(-3.903127820948E-18,0.,1.));
#10156 = DIRECTION('',(1.,0.,3.903127820948E-18));
#10157 = PCURVE('',#10104,#10158);
#10158 = DEFINITIONAL_REPRESENTATION('',(#10159),#10163);
#10159 = CIRCLE('',#10160,18.);
#10160 = AXIS2_PLACEMENT_2D('',#10161,#10162);
#10161 = CARTESIAN_POINT('',(18.06010312587,0.));
#10162 = DIRECTION('',(1.,0.));
#10163 = ( GEOMETRIC_REPRESENTATION_CONTEXT(2) 
PARAMETRIC_REPRESENTATION_CONTEXT() REPRESENTATION_CONTEXT('2D SPACE',''
  ) );
#10164 = PCURVE('',#10165,#10170);
#10165 = CYLINDRICAL_SURFACE('',#10166,18.);
#10166 = AXIS2_PLACEMENT_3D('',#10167,#10168,#10169);
#10167 = CARTESIAN_POINT('',(-3.802011951659E-16,0.,-72.30334041267));
#10168 = DIRECTION('',(3.903127820948E-18,0.,-1.));
#10169 = DIRECTION('',(1.,0.,3.903127820948E-18));
#10170 = DEFINITIONAL_REPRESENTATION('',(#10171),#10175);
#10171 = LINE('',#10172,#10173);
#10172 = CARTESIAN_POINT('',(6.28318530718,-19.95231706649));
#10173 = VECTOR('',#10174,1.);
#10174 = DIRECTION('',(-1.,0.));
#10175 = ( GEOMETRIC_REPRESENTATION_CONTEXT(2) 
PARAMETRIC_REPRESENTATION_CONTEXT() REPRESENTATION_CONTEXT('2D SPACE',''
  ) );
#10176 = ADVANCED_FACE('',(#10177),#10165,.T.);
#10177 = FACE_BOUND('',#10178,.T.);
#10178 = EDGE_LOOP('',(#10179,#10180,#10202,#10229));
#10179 = ORIENTED_EDGE('',*,*,#10148,.T.);
#10180 = ORIENTED_EDGE('',*,*,#10181,.F.);
#10181 = EDGE_CURVE('',#10182,#10149,#10184,.T.);
#10182 = VERTEX_POINT('',#10183);
#10183 = CARTESIAN_POINT('',(18.,0.,-48.35102334618));
#10184 = SEAM_CURVE('',#10185,(#10188,#10195),.PCURVE_S1.);
#10185 = B_SPLINE_CURVE_WITH_KNOTS('',1,(#10186,#10187),.UNSPECIFIED.,
  .F.,.F.,(2,2),(-23.95231706649,-19.95231706649),
  .PIECEWISE_BEZIER_KNOTS.);
#10186 = CARTESIAN_POINT('',(18.,4.40872847693E-15,-48.35102334618));
#10187 = CARTESIAN_POINT('',(18.,4.40872847693E-15,-52.35102334618));
#10188 = PCURVE('',#10165,#10189);
#10189 = DEFINITIONAL_REPRESENTATION('',(#10190),#10194);
#10190 = LINE('',#10191,#10192);
#10191 = CARTESIAN_POINT('',(0.,0.));
#10192 = VECTOR('',#10193,1.);
#10193 = DIRECTION('',(0.,1.));
#10194 = ( GEOMETRIC_REPRESENTATION_CONTEXT(2) 
PARAMETRIC_REPRESENTATION_CONTEXT() REPRESENTATION_CONTEXT('2D SPACE',''
  ) );
#10195 = PCURVE('',#10165,#10196);
#10196 = DEFINITIONAL_REPRESENTATION('',(#10197),#10201);
#10197 = LINE('',#10198,#10199);
#10198 = CARTESIAN_POINT('',(6.28318530718,0.));
#10199 = VECTOR('',#10200,1.);
#10200 = DIRECTION('',(0.,1.));
#10201 = ( GEOMETRIC_REPRESENTATION_CONTEXT(2) 
PARAMETRIC_REPRESENTATION_CONTEXT() REPRESENTATION_CONTEXT('2D SPACE',''
  ) );
#10202 = ORIENTED_EDGE('',*,*,#10203,.F.);
#10203 = EDGE_CURVE('',#10182,#10182,#10204,.T.);
#10204 = SURFACE_CURVE('',#10205,(#10210,#10217),.PCURVE_S1.);
#10205 = CIRCLE('',#10206,18.);
#10206 = AXIS2_PLACEMENT_3D('',#10207,#10208,#10209);
#10207 = CARTESIAN_POINT('',(-4.736901502843E-16,0.,-48.35102334618));
#10208 = DIRECTION('',(-3.903127820948E-18,0.,1.));
#10209 = DIRECTION('',(1.,0.,3.903127820948E-18));
#10210 = PCURVE('',#10165,#10211);
#10211 = DEFINITIONAL_REPRESENTATION('',(#10212),#10216);
#10212 = LINE('',#10213,#10214);
#10213 = CARTESIAN_POINT('',(6.28318530718,-23.95231706649));
#10214 = VECTOR('',#10215,1.);
#10215 = DIRECTION('',(-1.,0.));
#10216 = ( GEOMETRIC_REPRESENTATION_CONTEXT(2) 
PARAMETRIC_REPRESENTATION_CONTEXT() REPRESENTATION_CONTEXT('2D SPACE',''
  ) );
#10217 = PCURVE('',#10218,#10223);
#10218 = CONICAL_SURFACE('',#10219,18.,1.0646670331);
#10219 = AXIS2_PLACEMENT_3D('',#10220,#10221,#10222);
#10220 = CARTESIAN_POINT('',(-4.736901502843E-16,0.,-48.35102334618));
#10221 = DIRECTION('',(3.903127820948E-18,0.,-1.));
#10222 = DIRECTION('',(-1.,0.,-3.903127820948E-18));
#10223 = DEFINITIONAL_REPRESENTATION('',(#10224),#10228);
#10224 = LINE('',#10225,#10226);
#10225 = CARTESIAN_POINT('',(9.424777960769,0.));
#10226 = VECTOR('',#10227,1.);
#10227 = DIRECTION('',(-1.,0.));
#10228 = ( GEOMETRIC_REPRESENTATION_CONTEXT(2) 
PARAMETRIC_REPRESENTATION_CONTEXT() REPRESENTATION_CONTEXT('2D SPACE',''
  ) );
#10229 = ORIENTED_EDGE('',*,*,#10181,.T.);
#10230 = ADVANCED_FACE('',(#10231),#10218,.T.);
#10231 = FACE_BOUND('',#10232,.T.);
#10232 = EDGE_LOOP('',(#10233,#10262,#10282,#10283));
#10233 = ORIENTED_EDGE('',*,*,#10234,.F.);
#10234 = EDGE_CURVE('',#10235,#10235,#10237,.T.);
#10235 = VERTEX_POINT('',#10236);
#10236 = CARTESIAN_POINT('',(12.599349049888,0.,-45.35750793752));
#10237 = SURFACE_CURVE('',#10238,(#10243,#10250),.PCURVE_S1.);
#10238 = CIRCLE('',#10239,12.599349);
#10239 = AXIS2_PLACEMENT_3D('',#10240,#10241,#10242);
#10240 = CARTESIAN_POINT('',(-4.853742235582E-16,0.,-45.35750793752));
#10241 = DIRECTION('',(-3.903127820948E-18,0.,1.));
#10242 = DIRECTION('',(1.,0.,3.903127820948E-18));
#10243 = PCURVE('',#10218,#10244);
#10244 = DEFINITIONAL_REPRESENTATION('',(#10245),#10249);
#10245 = LINE('',#10246,#10247);
#10246 = CARTESIAN_POINT('',(9.424777960769,-2.993515429768));
#10247 = VECTOR('',#10248,1.);
#10248 = DIRECTION('',(-1.,0.));
#10249 = ( GEOMETRIC_REPRESENTATION_CONTEXT(2) 
PARAMETRIC_REPRESENTATION_CONTEXT() REPRESENTATION_CONTEXT('2D SPACE',''
  ) );
#10250 = PCURVE('',#10251,#10256);
#10251 = CONICAL_SURFACE('',#10252,12.599349,1.0297280693);
#10252 = AXIS2_PLACEMENT_3D('',#10253,#10254,#10255);
#10253 = CARTESIAN_POINT('',(-4.853742235582E-16,0.,-45.35750793752));
#10254 = DIRECTION('',(-3.903127820948E-18,0.,1.));
#10255 = DIRECTION('',(1.,0.,3.903127820948E-18));
#10256 = DEFINITIONAL_REPRESENTATION('',(#10257),#10261);
#10257 = LINE('',#10258,#10259);
#10258 = CARTESIAN_POINT('',(0.,0.));
#10259 = VECTOR('',#10260,1.);
#10260 = DIRECTION('',(1.,0.));
#10261 = ( GEOMETRIC_REPRESENTATION_CONTEXT(2) 
PARAMETRIC_REPRESENTATION_CONTEXT() REPRESENTATION_CONTEXT('2D SPACE',''
  ) );
#10262 = ORIENTED_EDGE('',*,*,#10263,.T.);
#10263 = EDGE_CURVE('',#10235,#10182,#10264,.T.);
#10264 = SEAM_CURVE('',#10265,(#10268,#10275),.PCURVE_S1.);
#10265 = B_SPLINE_CURVE_WITH_KNOTS('',1,(#10266,#10267),.UNSPECIFIED.,
  .F.,.F.,(2,2),(-6.174800865264,0.),.PIECEWISE_BEZIER_KNOTS.);
#10266 = CARTESIAN_POINT('',(12.599349011702,1.542975243852E-15,
    -45.35750791641));
#10267 = CARTESIAN_POINT('',(18.,2.204364238465E-15,-48.35102334618));
#10268 = PCURVE('',#10218,#10269);
#10269 = DEFINITIONAL_REPRESENTATION('',(#10270),#10274);
#10270 = LINE('',#10271,#10272);
#10271 = CARTESIAN_POINT('',(9.424777960769,0.));
#10272 = VECTOR('',#10273,1.);
#10273 = DIRECTION('',(0.,1.));
#10274 = ( GEOMETRIC_REPRESENTATION_CONTEXT(2) 
PARAMETRIC_REPRESENTATION_CONTEXT() REPRESENTATION_CONTEXT('2D SPACE',''
  ) );
#10275 = PCURVE('',#10218,#10276);
#10276 = DEFINITIONAL_REPRESENTATION('',(#10277),#10281);
#10277 = LINE('',#10278,#10279);
#10278 = CARTESIAN_POINT('',(3.14159265359,0.));
#10279 = VECTOR('',#10280,1.);
#10280 = DIRECTION('',(0.,1.));
#10281 = ( GEOMETRIC_REPRESENTATION_CONTEXT(2) 
PARAMETRIC_REPRESENTATION_CONTEXT() REPRESENTATION_CONTEXT('2D SPACE',''
  ) );
#10282 = ORIENTED_EDGE('',*,*,#10203,.T.);
#10283 = ORIENTED_EDGE('',*,*,#10263,.F.);
#10284 = ADVANCED_FACE('',(#10285),#10251,.T.);
#10285 = FACE_BOUND('',#10286,.T.);
#10286 = EDGE_LOOP('',(#10287,#10316,#10336,#10337));
#10287 = ORIENTED_EDGE('',*,*,#10288,.F.);
#10288 = EDGE_CURVE('',#10289,#10289,#10291,.T.);
#10289 = VERTEX_POINT('',#10290);
#10290 = CARTESIAN_POINT('',(18.,0.,-42.11235046386));
#10291 = SURFACE_CURVE('',#10292,(#10297,#10304),.PCURVE_S1.);
#10292 = CIRCLE('',#10293,18.);
#10293 = AXIS2_PLACEMENT_3D('',#10294,#10295,#10296);
#10294 = CARTESIAN_POINT('',(-4.98040487977E-16,0.,-42.11235046386));
#10295 = DIRECTION('',(-3.903127820948E-18,0.,1.));
#10296 = DIRECTION('',(1.,0.,3.903127820948E-18));
#10297 = PCURVE('',#10251,#10298);
#10298 = DEFINITIONAL_REPRESENTATION('',(#10299),#10303);
#10299 = LINE('',#10300,#10301);
#10300 = CARTESIAN_POINT('',(0.,3.245157495692));
#10301 = VECTOR('',#10302,1.);
#10302 = DIRECTION('',(1.,0.));
#10303 = ( GEOMETRIC_REPRESENTATION_CONTEXT(2) 
PARAMETRIC_REPRESENTATION_CONTEXT() REPRESENTATION_CONTEXT('2D SPACE',''
  ) );
#10304 = PCURVE('',#10305,#10310);
#10305 = CYLINDRICAL_SURFACE('',#10306,18.);
#10306 = AXIS2_PLACEMENT_3D('',#10307,#10308,#10309);
#10307 = CARTESIAN_POINT('',(-3.802011951659E-16,0.,-72.30334041267));
#10308 = DIRECTION('',(3.903127820948E-18,0.,-1.));
#10309 = DIRECTION('',(1.,0.,3.903127820948E-18));
#10310 = DEFINITIONAL_REPRESENTATION('',(#10311),#10315);
#10311 = LINE('',#10312,#10313);
#10312 = CARTESIAN_POINT('',(6.28318530718,-30.1909899488));
#10313 = VECTOR('',#10314,1.);
#10314 = DIRECTION('',(-1.,0.));
#10315 = ( GEOMETRIC_REPRESENTATION_CONTEXT(2) 
PARAMETRIC_REPRESENTATION_CONTEXT() REPRESENTATION_CONTEXT('2D SPACE',''
  ) );
#10316 = ORIENTED_EDGE('',*,*,#10317,.F.);
#10317 = EDGE_CURVE('',#10235,#10289,#10318,.T.);
#10318 = SEAM_CURVE('',#10319,(#10322,#10329),.PCURVE_S1.);
#10319 = B_SPLINE_CURVE_WITH_KNOTS('',1,(#10320,#10321),.UNSPECIFIED.,
  .F.,.F.,(2,2),(0.,6.300641098544),.PIECEWISE_BEZIER_KNOTS.);
#10320 = CARTESIAN_POINT('',(12.599349,-3.085950484838E-15,
    -45.35750793752));
#10321 = CARTESIAN_POINT('',(17.999999986763,-4.408728473688E-15,
    -42.11235044183));
#10322 = PCURVE('',#10251,#10323);
#10323 = DEFINITIONAL_REPRESENTATION('',(#10324),#10328);
#10324 = LINE('',#10325,#10326);
#10325 = CARTESIAN_POINT('',(0.,0.));
#10326 = VECTOR('',#10327,1.);
#10327 = DIRECTION('',(0.,1.));
#10328 = ( GEOMETRIC_REPRESENTATION_CONTEXT(2) 
PARAMETRIC_REPRESENTATION_CONTEXT() REPRESENTATION_CONTEXT('2D SPACE',''
  ) );
#10329 = PCURVE('',#10251,#10330);
#10330 = DEFINITIONAL_REPRESENTATION('',(#10331),#10335);
#10331 = LINE('',#10332,#10333);
#10332 = CARTESIAN_POINT('',(6.28318530718,0.));
#10333 = VECTOR('',#10334,1.);
#10334 = DIRECTION('',(0.,1.));
#10335 = ( GEOMETRIC_REPRESENTATION_CONTEXT(2) 
PARAMETRIC_REPRESENTATION_CONTEXT() REPRESENTATION_CONTEXT('2D SPACE',''
  ) );
#10336 = ORIENTED_EDGE('',*,*,#10234,.T.);
#10337 = ORIENTED_EDGE('',*,*,#10317,.T.);
#10338 = ADVANCED_FACE('',(#10339),#10305,.T.);
#10339 = FACE_BOUND('',#10340,.T.);
#10340 = EDGE_LOOP('',(#10341,#10342,#10364,#10391));
#10341 = ORIENTED_EDGE('',*,*,#10288,.T.);
#10342 = ORIENTED_EDGE('',*,*,#10343,.F.);
#10343 = EDGE_CURVE('',#10344,#10289,#10346,.T.);
#10344 = VERTEX_POINT('',#10345);
#10345 = CARTESIAN_POINT('',(18.,0.,-40.11235046386));
#10346 = SEAM_CURVE('',#10347,(#10350,#10357),.PCURVE_S1.);
#10347 = B_SPLINE_CURVE_WITH_KNOTS('',1,(#10348,#10349),.UNSPECIFIED.,
  .F.,.F.,(2,2),(-32.1909899488,-30.1909899488),
  .PIECEWISE_BEZIER_KNOTS.);
#10348 = CARTESIAN_POINT('',(18.,4.40872847693E-15,-40.11235046386));
#10349 = CARTESIAN_POINT('',(18.,4.40872847693E-15,-42.11235046386));
#10350 = PCURVE('',#10305,#10351);
#10351 = DEFINITIONAL_REPRESENTATION('',(#10352),#10356);
#10352 = LINE('',#10353,#10354);
#10353 = CARTESIAN_POINT('',(0.,0.));
#10354 = VECTOR('',#10355,1.);
#10355 = DIRECTION('',(0.,1.));
#10356 = ( GEOMETRIC_REPRESENTATION_CONTEXT(2) 
PARAMETRIC_REPRESENTATION_CONTEXT() REPRESENTATION_CONTEXT('2D SPACE',''
  ) );
#10357 = PCURVE('',#10305,#10358);
#10358 = DEFINITIONAL_REPRESENTATION('',(#10359),#10363);
#10359 = LINE('',#10360,#10361);
#10360 = CARTESIAN_POINT('',(6.28318530718,0.));
#10361 = VECTOR('',#10362,1.);
#10362 = DIRECTION('',(0.,1.));
#10363 = ( GEOMETRIC_REPRESENTATION_CONTEXT(2) 
PARAMETRIC_REPRESENTATION_CONTEXT() REPRESENTATION_CONTEXT('2D SPACE',''
  ) );
#10364 = ORIENTED_EDGE('',*,*,#10365,.F.);
#10365 = EDGE_CURVE('',#10344,#10344,#10366,.T.);
#10366 = SURFACE_CURVE('',#10367,(#10372,#10379),.PCURVE_S1.);
#10367 = CIRCLE('',#10368,18.);
#10368 = AXIS2_PLACEMENT_3D('',#10369,#10370,#10371);
#10369 = CARTESIAN_POINT('',(-5.058467436189E-16,0.,-40.11235046386));
#10370 = DIRECTION('',(-3.903127820948E-18,0.,1.));
#10371 = DIRECTION('',(1.,0.,3.903127820948E-18));
#10372 = PCURVE('',#10305,#10373);
#10373 = DEFINITIONAL_REPRESENTATION('',(#10374),#10378);
#10374 = LINE('',#10375,#10376);
#10375 = CARTESIAN_POINT('',(6.28318530718,-32.1909899488));
#10376 = VECTOR('',#10377,1.);
#10377 = DIRECTION('',(-1.,0.));
#10378 = ( GEOMETRIC_REPRESENTATION_CONTEXT(2) 
PARAMETRIC_REPRESENTATION_CONTEXT() REPRESENTATION_CONTEXT('2D SPACE',''
  ) );
#10379 = PCURVE('',#10380,#10385);
#10380 = CONICAL_SURFACE('',#10381,18.,1.0646670331);
#10381 = AXIS2_PLACEMENT_3D('',#10382,#10383,#10384);
#10382 = CARTESIAN_POINT('',(-5.058467436189E-16,0.,-40.11235046386));
#10383 = DIRECTION('',(3.903127820948E-18,0.,-1.));
#10384 = DIRECTION('',(-1.,0.,-3.903127820948E-18));
#10385 = DEFINITIONAL_REPRESENTATION('',(#10386),#10390);
#10386 = LINE('',#10387,#10388);
#10387 = CARTESIAN_POINT('',(9.424777960769,0.));
#10388 = VECTOR('',#10389,1.);
#10389 = DIRECTION('',(-1.,0.));
#10390 = ( GEOMETRIC_REPRESENTATION_CONTEXT(2) 
PARAMETRIC_REPRESENTATION_CONTEXT() REPRESENTATION_CONTEXT('2D SPACE',''
  ) );
#10391 = ORIENTED_EDGE('',*,*,#10343,.T.);
#10392 = ADVANCED_FACE('',(#10393),#10380,.T.);
#10393 = FACE_BOUND('',#10394,.T.);
#10394 = EDGE_LOOP('',(#10395,#10424,#10444,#10445));
#10395 = ORIENTED_EDGE('',*,*,#10396,.F.);
#10396 = EDGE_CURVE('',#10397,#10397,#10399,.T.);
#10397 = VERTEX_POINT('',#10398);
#10398 = CARTESIAN_POINT('',(12.599349049888,0.,-37.11883505521));
#10399 = SURFACE_CURVE('',#10400,(#10405,#10412),.PCURVE_S1.);
#10400 = CIRCLE('',#10401,12.599349);
#10401 = AXIS2_PLACEMENT_3D('',#10402,#10403,#10404);
#10402 = CARTESIAN_POINT('',(-5.175308168929E-16,0.,-37.11883505521));
#10403 = DIRECTION('',(-3.903127820948E-18,0.,1.));
#10404 = DIRECTION('',(1.,0.,3.903127820948E-18));
#10405 = PCURVE('',#10380,#10406);
#10406 = DEFINITIONAL_REPRESENTATION('',(#10407),#10411);
#10407 = LINE('',#10408,#10409);
#10408 = CARTESIAN_POINT('',(9.424777960769,-2.993515429768));
#10409 = VECTOR('',#10410,1.);
#10410 = DIRECTION('',(-1.,0.));
#10411 = ( GEOMETRIC_REPRESENTATION_CONTEXT(2) 
PARAMETRIC_REPRESENTATION_CONTEXT() REPRESENTATION_CONTEXT('2D SPACE',''
  ) );
#10412 = PCURVE('',#10413,#10418);
#10413 = CONICAL_SURFACE('',#10414,12.599349,1.0297280693);
#10414 = AXIS2_PLACEMENT_3D('',#10415,#10416,#10417);
#10415 = CARTESIAN_POINT('',(-5.175308168929E-16,0.,-37.11883505521));
#10416 = DIRECTION('',(-3.903127820948E-18,0.,1.));
#10417 = DIRECTION('',(1.,0.,3.903127820948E-18));
#10418 = DEFINITIONAL_REPRESENTATION('',(#10419),#10423);
#10419 = LINE('',#10420,#10421);
#10420 = CARTESIAN_POINT('',(0.,0.));
#10421 = VECTOR('',#10422,1.);
#10422 = DIRECTION('',(1.,0.));
#10423 = ( GEOMETRIC_REPRESENTATION_CONTEXT(2) 
PARAMETRIC_REPRESENTATION_CONTEXT() REPRESENTATION_CONTEXT('2D SPACE',''
  ) );
#10424 = ORIENTED_EDGE('',*,*,#10425,.T.);
#10425 = EDGE_CURVE('',#10397,#10344,#10426,.T.);
#10426 = SEAM_CURVE('',#10427,(#10430,#10437),.PCURVE_S1.);
#10427 = B_SPLINE_CURVE_WITH_KNOTS('',1,(#10428,#10429),.UNSPECIFIED.,
  .F.,.F.,(2,2),(-6.174800865264,0.),.PIECEWISE_BEZIER_KNOTS.);
#10428 = CARTESIAN_POINT('',(12.599349011702,1.542975243852E-15,
    -37.11883503409));
#10429 = CARTESIAN_POINT('',(18.,2.204364238465E-15,-40.11235046386));
#10430 = PCURVE('',#10380,#10431);
#10431 = DEFINITIONAL_REPRESENTATION('',(#10432),#10436);
#10432 = LINE('',#10433,#10434);
#10433 = CARTESIAN_POINT('',(9.424777960769,0.));
#10434 = VECTOR('',#10435,1.);
#10435 = DIRECTION('',(0.,1.));
#10436 = ( GEOMETRIC_REPRESENTATION_CONTEXT(2) 
PARAMETRIC_REPRESENTATION_CONTEXT() REPRESENTATION_CONTEXT('2D SPACE',''
  ) );
#10437 = PCURVE('',#10380,#10438);
#10438 = DEFINITIONAL_REPRESENTATION('',(#10439),#10443);
#10439 = LINE('',#10440,#10441);
#10440 = CARTESIAN_POINT('',(3.14159265359,0.));
#10441 = VECTOR('',#10442,1.);
#10442 = DIRECTION('',(0.,1.));
#10443 = ( GEOMETRIC_REPRESENTATION_CONTEXT(2) 
PARAMETRIC_REPRESENTATION_CONTEXT() REPRESENTATION_CONTEXT('2D SPACE',''
  ) );
#10444 = ORIENTED_EDGE('',*,*,#10365,.T.);
#10445 = ORIENTED_EDGE('',*,*,#10425,.F.);
#10446 = ADVANCED_FACE('',(#10447),#10413,.T.);
#10447 = FACE_BOUND('',#10448,.T.);
#10448 = EDGE_LOOP('',(#10449,#10478,#10498,#10499));
#10449 = ORIENTED_EDGE('',*,*,#10450,.F.);
#10450 = EDGE_CURVE('',#10451,#10451,#10453,.T.);
#10451 = VERTEX_POINT('',#10452);
#10452 = CARTESIAN_POINT('',(18.,0.,-33.87367758154));
#10453 = SURFACE_CURVE('',#10454,(#10459,#10466),.PCURVE_S1.);
#10454 = CIRCLE('',#10455,18.);
#10455 = AXIS2_PLACEMENT_3D('',#10456,#10457,#10458);
#10456 = CARTESIAN_POINT('',(-5.301970813117E-16,0.,-33.87367758154));
#10457 = DIRECTION('',(-3.903127820948E-18,0.,1.));
#10458 = DIRECTION('',(1.,0.,3.903127820948E-18));
#10459 = PCURVE('',#10413,#10460);
#10460 = DEFINITIONAL_REPRESENTATION('',(#10461),#10465);
#10461 = LINE('',#10462,#10463);
#10462 = CARTESIAN_POINT('',(0.,3.245157495692));
#10463 = VECTOR('',#10464,1.);
#10464 = DIRECTION('',(1.,0.));
#10465 = ( GEOMETRIC_REPRESENTATION_CONTEXT(2) 
PARAMETRIC_REPRESENTATION_CONTEXT() REPRESENTATION_CONTEXT('2D SPACE',''
  ) );
#10466 = PCURVE('',#10467,#10472);
#10467 = CYLINDRICAL_SURFACE('',#10468,18.);
#10468 = AXIS2_PLACEMENT_3D('',#10469,#10470,#10471);
#10469 = CARTESIAN_POINT('',(-3.802011951659E-16,0.,-72.30334041267));
#10470 = DIRECTION('',(3.903127820948E-18,0.,-1.));
#10471 = DIRECTION('',(1.,0.,3.903127820948E-18));
#10472 = DEFINITIONAL_REPRESENTATION('',(#10473),#10477);
#10473 = LINE('',#10474,#10475);
#10474 = CARTESIAN_POINT('',(6.28318530718,-38.42966283112));
#10475 = VECTOR('',#10476,1.);
#10476 = DIRECTION('',(-1.,0.));
#10477 = ( GEOMETRIC_REPRESENTATION_CONTEXT(2) 
PARAMETRIC_REPRESENTATION_CONTEXT() REPRESENTATION_CONTEXT('2D SPACE',''
  ) );
#10478 = ORIENTED_EDGE('',*,*,#10479,.F.);
#10479 = EDGE_CURVE('',#10397,#10451,#10480,.T.);
#10480 = SEAM_CURVE('',#10481,(#10484,#10491),.PCURVE_S1.);
#10481 = B_SPLINE_CURVE_WITH_KNOTS('',1,(#10482,#10483),.UNSPECIFIED.,
  .F.,.F.,(2,2),(0.,6.300641098544),.PIECEWISE_BEZIER_KNOTS.);
#10482 = CARTESIAN_POINT('',(12.599349,-3.085950484838E-15,
    -37.11883505521));
#10483 = CARTESIAN_POINT('',(17.999999986763,-4.408728473688E-15,
    -33.87367755951));
#10484 = PCURVE('',#10413,#10485);
#10485 = DEFINITIONAL_REPRESENTATION('',(#10486),#10490);
#10486 = LINE('',#10487,#10488);
#10487 = CARTESIAN_POINT('',(0.,0.));
#10488 = VECTOR('',#10489,1.);
#10489 = DIRECTION('',(0.,1.));
#10490 = ( GEOMETRIC_REPRESENTATION_CONTEXT(2) 
PARAMETRIC_REPRESENTATION_CONTEXT() REPRESENTATION_CONTEXT('2D SPACE',''
  ) );
#10491 = PCURVE('',#10413,#10492);
#10492 = DEFINITIONAL_REPRESENTATION('',(#10493),#10497);
#10493 = LINE('',#10494,#10495);
#10494 = CARTESIAN_POINT('',(6.28318530718,0.));
#10495 = VECTOR('',#10496,1.);
#10496 = DIRECTION('',(0.,1.));
#10497 = ( GEOMETRIC_REPRESENTATION_CONTEXT(2) 
PARAMETRIC_REPRESENTATION_CONTEXT() REPRESENTATION_CONTEXT('2D SPACE',''
  ) );
#10498 = ORIENTED_EDGE('',*,*,#10396,.T.);
#10499 = ORIENTED_EDGE('',*,*,#10479,.T.);
#10500 = ADVANCED_FACE('',(#10501),#10467,.T.);
#10501 = FACE_BOUND('',#10502,.T.);
#10502 = EDGE_LOOP('',(#10503,#10532,#10552,#10553));
#10503 = ORIENTED_EDGE('',*,*,#10504,.F.);
#10504 = EDGE_CURVE('',#10505,#10505,#10507,.T.);
#10505 = VERTEX_POINT('',#10506);
#10506 = CARTESIAN_POINT('',(18.,0.,-31.82203043069));
#10507 = SURFACE_CURVE('',#10508,(#10513,#10520),.PCURVE_S1.);
#10508 = CIRCLE('',#10509,18.);
#10509 = AXIS2_PLACEMENT_3D('',#10510,#10511,#10512);
#10510 = CARTESIAN_POINT('',(-5.38204922385E-16,0.,-31.82203043069));
#10511 = DIRECTION('',(-3.903127820948E-18,0.,1.));
#10512 = DIRECTION('',(1.,0.,3.903127820948E-18));
#10513 = PCURVE('',#10467,#10514);
#10514 = DEFINITIONAL_REPRESENTATION('',(#10515),#10519);
#10515 = LINE('',#10516,#10517);
#10516 = CARTESIAN_POINT('',(6.28318530718,-40.48130998197));
#10517 = VECTOR('',#10518,1.);
#10518 = DIRECTION('',(-1.,0.));
#10519 = ( GEOMETRIC_REPRESENTATION_CONTEXT(2) 
PARAMETRIC_REPRESENTATION_CONTEXT() REPRESENTATION_CONTEXT('2D SPACE',''
  ) );
#10520 = PCURVE('',#10521,#10526);
#10521 = CONICAL_SURFACE('',#10522,12.8038476,1.0546842583);
#10522 = AXIS2_PLACEMENT_3D('',#10523,#10524,#10525);
#10523 = CARTESIAN_POINT('',(-5.497127204164E-16,0.,-28.87367758154));
#10524 = DIRECTION('',(3.903127820948E-18,0.,-1.));
#10525 = DIRECTION('',(-1.,0.,-3.903127820948E-18));
#10526 = DEFINITIONAL_REPRESENTATION('',(#10527),#10531);
#10527 = LINE('',#10528,#10529);
#10528 = CARTESIAN_POINT('',(9.424777960769,2.948352839331));
#10529 = VECTOR('',#10530,1.);
#10530 = DIRECTION('',(-1.,0.));
#10531 = ( GEOMETRIC_REPRESENTATION_CONTEXT(2) 
PARAMETRIC_REPRESENTATION_CONTEXT() REPRESENTATION_CONTEXT('2D SPACE',''
  ) );
#10532 = ORIENTED_EDGE('',*,*,#10533,.T.);
#10533 = EDGE_CURVE('',#10505,#10451,#10534,.T.);
#10534 = SEAM_CURVE('',#10535,(#10538,#10545),.PCURVE_S1.);
#10535 = B_SPLINE_CURVE_WITH_KNOTS('',1,(#10536,#10537),.UNSPECIFIED.,
  .F.,.F.,(2,2),(-40.48130998197,-38.42966283112),
  .PIECEWISE_BEZIER_KNOTS.);
#10536 = CARTESIAN_POINT('',(18.,0.,-31.82203043069));
#10537 = CARTESIAN_POINT('',(18.,0.,-33.87367758154));
#10538 = PCURVE('',#10467,#10539);
#10539 = DEFINITIONAL_REPRESENTATION('',(#10540),#10544);
#10540 = LINE('',#10541,#10542);
#10541 = CARTESIAN_POINT('',(6.28318530718,0.));
#10542 = VECTOR('',#10543,1.);
#10543 = DIRECTION('',(0.,1.));
#10544 = ( GEOMETRIC_REPRESENTATION_CONTEXT(2) 
PARAMETRIC_REPRESENTATION_CONTEXT() REPRESENTATION_CONTEXT('2D SPACE',''
  ) );
#10545 = PCURVE('',#10467,#10546);
#10546 = DEFINITIONAL_REPRESENTATION('',(#10547),#10551);
#10547 = LINE('',#10548,#10549);
#10548 = CARTESIAN_POINT('',(4.138911435803E-13,0.));
#10549 = VECTOR('',#10550,1.);
#10550 = DIRECTION('',(0.,1.));
#10551 = ( GEOMETRIC_REPRESENTATION_CONTEXT(2) 
PARAMETRIC_REPRESENTATION_CONTEXT() REPRESENTATION_CONTEXT('2D SPACE',''
  ) );
#10552 = ORIENTED_EDGE('',*,*,#10450,.T.);
#10553 = ORIENTED_EDGE('',*,*,#10533,.F.);
#10554 = ADVANCED_FACE('',(#10555),#10521,.T.);
#10555 = FACE_BOUND('',#10556,.T.);
#10556 = EDGE_LOOP('',(#10557,#10558,#10580,#10607));
#10557 = ORIENTED_EDGE('',*,*,#10504,.T.);
#10558 = ORIENTED_EDGE('',*,*,#10559,.F.);
#10559 = EDGE_CURVE('',#10560,#10505,#10562,.T.);
#10560 = VERTEX_POINT('',#10561);
#10561 = CARTESIAN_POINT('',(12.803847577293,0.,-28.87367758154));
#10562 = SEAM_CURVE('',#10563,(#10566,#10573),.PCURVE_S1.);
#10563 = B_SPLINE_CURVE_WITH_KNOTS('',1,(#10564,#10565),.UNSPECIFIED.,
  .F.,.F.,(2,2),(0.,5.974343837369),.PIECEWISE_BEZIER_KNOTS.);
#10564 = CARTESIAN_POINT('',(12.8038476,4.704057294033E-15,
    -28.87367758154));
#10565 = CARTESIAN_POINT('',(18.000000005571,6.613092717442E-15,
    -31.82203042087));
#10566 = PCURVE('',#10521,#10567);
#10567 = DEFINITIONAL_REPRESENTATION('',(#10568),#10572);
#10568 = LINE('',#10569,#10570);
#10569 = CARTESIAN_POINT('',(3.14159265359,0.));
#10570 = VECTOR('',#10571,1.);
#10571 = DIRECTION('',(0.,1.));
#10572 = ( GEOMETRIC_REPRESENTATION_CONTEXT(2) 
PARAMETRIC_REPRESENTATION_CONTEXT() REPRESENTATION_CONTEXT('2D SPACE',''
  ) );
#10573 = PCURVE('',#10521,#10574);
#10574 = DEFINITIONAL_REPRESENTATION('',(#10575),#10579);
#10575 = LINE('',#10576,#10577);
#10576 = CARTESIAN_POINT('',(9.424777960769,0.));
#10577 = VECTOR('',#10578,1.);
#10578 = DIRECTION('',(0.,1.));
#10579 = ( GEOMETRIC_REPRESENTATION_CONTEXT(2) 
PARAMETRIC_REPRESENTATION_CONTEXT() REPRESENTATION_CONTEXT('2D SPACE',''
  ) );
#10580 = ORIENTED_EDGE('',*,*,#10581,.F.);
#10581 = EDGE_CURVE('',#10560,#10560,#10582,.T.);
#10582 = SURFACE_CURVE('',#10583,(#10588,#10595),.PCURVE_S1.);
#10583 = CIRCLE('',#10584,12.8038476);
#10584 = AXIS2_PLACEMENT_3D('',#10585,#10586,#10587);
#10585 = CARTESIAN_POINT('',(-5.497127204164E-16,0.,-28.87367758154));
#10586 = DIRECTION('',(-3.903127820948E-18,0.,1.));
#10587 = DIRECTION('',(1.,0.,3.903127820948E-18));
#10588 = PCURVE('',#10521,#10589);
#10589 = DEFINITIONAL_REPRESENTATION('',(#10590),#10594);
#10590 = LINE('',#10591,#10592);
#10591 = CARTESIAN_POINT('',(9.424777960769,0.));
#10592 = VECTOR('',#10593,1.);
#10593 = DIRECTION('',(-1.,0.));
#10594 = ( GEOMETRIC_REPRESENTATION_CONTEXT(2) 
PARAMETRIC_REPRESENTATION_CONTEXT() REPRESENTATION_CONTEXT('2D SPACE',''
  ) );
#10595 = PCURVE('',#10596,#10601);
#10596 = CONICAL_SURFACE('',#10597,18.,1.0471975512);
#10597 = AXIS2_PLACEMENT_3D('',#10598,#10599,#10600);
#10598 = CARTESIAN_POINT('',(-5.614221038793E-16,0.,-25.87367758154));
#10599 = DIRECTION('',(-3.903127820948E-18,0.,1.));
#10600 = DIRECTION('',(1.,0.,3.903127820948E-18));
#10601 = DEFINITIONAL_REPRESENTATION('',(#10602),#10606);
#10602 = LINE('',#10603,#10604);
#10603 = CARTESIAN_POINT('',(0.,-2.99999999015));
#10604 = VECTOR('',#10605,1.);
#10605 = DIRECTION('',(1.,0.));
#10606 = ( GEOMETRIC_REPRESENTATION_CONTEXT(2) 
PARAMETRIC_REPRESENTATION_CONTEXT() REPRESENTATION_CONTEXT('2D SPACE',''
  ) );
#10607 = ORIENTED_EDGE('',*,*,#10559,.T.);
#10608 = ADVANCED_FACE('',(#10609),#10596,.T.);
#10609 = FACE_BOUND('',#10610,.T.);
#10610 = EDGE_LOOP('',(#10611,#10612,#10634,#10661));
#10611 = ORIENTED_EDGE('',*,*,#10581,.T.);
#10612 = ORIENTED_EDGE('',*,*,#10613,.T.);
#10613 = EDGE_CURVE('',#10560,#10614,#10616,.T.);
#10614 = VERTEX_POINT('',#10615);
#10615 = CARTESIAN_POINT('',(18.,0.,-25.87367758154));
#10616 = SEAM_CURVE('',#10617,(#10620,#10627),.PCURVE_S1.);
#10617 = B_SPLINE_CURVE_WITH_KNOTS('',1,(#10618,#10619),.UNSPECIFIED.,
  .F.,.F.,(2,2),(-5.999999980335,0.),.PIECEWISE_BEZIER_KNOTS.);
#10618 = CARTESIAN_POINT('',(12.803847594313,0.,-28.87367757169));
#10619 = CARTESIAN_POINT('',(18.,0.,-25.87367758154));
#10620 = PCURVE('',#10596,#10621);
#10621 = DEFINITIONAL_REPRESENTATION('',(#10622),#10626);
#10622 = LINE('',#10623,#10624);
#10623 = CARTESIAN_POINT('',(6.28318530718,0.));
#10624 = VECTOR('',#10625,1.);
#10625 = DIRECTION('',(0.,1.));
#10626 = ( GEOMETRIC_REPRESENTATION_CONTEXT(2) 
PARAMETRIC_REPRESENTATION_CONTEXT() REPRESENTATION_CONTEXT('2D SPACE',''
  ) );
#10627 = PCURVE('',#10596,#10628);
#10628 = DEFINITIONAL_REPRESENTATION('',(#10629),#10633);
#10629 = LINE('',#10630,#10631);
#10630 = CARTESIAN_POINT('',(4.138911435803E-13,0.));
#10631 = VECTOR('',#10632,1.);
#10632 = DIRECTION('',(0.,1.));
#10633 = ( GEOMETRIC_REPRESENTATION_CONTEXT(2) 
PARAMETRIC_REPRESENTATION_CONTEXT() REPRESENTATION_CONTEXT('2D SPACE',''
  ) );
#10634 = ORIENTED_EDGE('',*,*,#10635,.F.);
#10635 = EDGE_CURVE('',#10614,#10614,#10636,.T.);
#10636 = SURFACE_CURVE('',#10637,(#10642,#10649),.PCURVE_S1.);
#10637 = CIRCLE('',#10638,18.);
#10638 = AXIS2_PLACEMENT_3D('',#10639,#10640,#10641);
#10639 = CARTESIAN_POINT('',(-5.614221038793E-16,0.,-25.87367758154));
#10640 = DIRECTION('',(-3.903127820948E-18,0.,1.));
#10641 = DIRECTION('',(1.,0.,3.903127820948E-18));
#10642 = PCURVE('',#10596,#10643);
#10643 = DEFINITIONAL_REPRESENTATION('',(#10644),#10648);
#10644 = LINE('',#10645,#10646);
#10645 = CARTESIAN_POINT('',(0.,0.));
#10646 = VECTOR('',#10647,1.);
#10647 = DIRECTION('',(1.,0.));
#10648 = ( GEOMETRIC_REPRESENTATION_CONTEXT(2) 
PARAMETRIC_REPRESENTATION_CONTEXT() REPRESENTATION_CONTEXT('2D SPACE',''
  ) );
#10649 = PCURVE('',#10650,#10655);
#10650 = CYLINDRICAL_SURFACE('',#10651,18.);
#10651 = AXIS2_PLACEMENT_3D('',#10652,#10653,#10654);
#10652 = CARTESIAN_POINT('',(-3.802011951659E-16,0.,-72.30334041267));
#10653 = DIRECTION('',(3.903127820948E-18,0.,-1.));
#10654 = DIRECTION('',(1.,0.,3.903127820948E-18));
#10655 = DEFINITIONAL_REPRESENTATION('',(#10656),#10660);
#10656 = LINE('',#10657,#10658);
#10657 = CARTESIAN_POINT('',(6.28318530718,-46.42966283112));
#10658 = VECTOR('',#10659,1.);
#10659 = DIRECTION('',(-1.,0.));
#10660 = ( GEOMETRIC_REPRESENTATION_CONTEXT(2) 
PARAMETRIC_REPRESENTATION_CONTEXT() REPRESENTATION_CONTEXT('2D SPACE',''
  ) );
#10661 = ORIENTED_EDGE('',*,*,#10613,.F.);
#10662 = ADVANCED_FACE('',(#10663),#10650,.T.);
#10663 = FACE_BOUND('',#10664,.T.);
#10664 = EDGE_LOOP('',(#10665,#10666,#10688,#10715));
#10665 = ORIENTED_EDGE('',*,*,#10635,.T.);
#10666 = ORIENTED_EDGE('',*,*,#10667,.F.);
#10667 = EDGE_CURVE('',#10668,#10614,#10670,.T.);
#10668 = VERTEX_POINT('',#10669);
#10669 = CARTESIAN_POINT('',(18.,0.,-23.87367758154));
#10670 = SEAM_CURVE('',#10671,(#10674,#10681),.PCURVE_S1.);
#10671 = B_SPLINE_CURVE_WITH_KNOTS('',1,(#10672,#10673),.UNSPECIFIED.,
  .F.,.F.,(2,2),(-48.42966283112,-46.42966283112),
  .PIECEWISE_BEZIER_KNOTS.);
#10672 = CARTESIAN_POINT('',(18.,4.40872847693E-15,-23.87367758154));
#10673 = CARTESIAN_POINT('',(18.,4.40872847693E-15,-25.87367758154));
#10674 = PCURVE('',#10650,#10675);
#10675 = DEFINITIONAL_REPRESENTATION('',(#10676),#10680);
#10676 = LINE('',#10677,#10678);
#10677 = CARTESIAN_POINT('',(0.,0.));
#10678 = VECTOR('',#10679,1.);
#10679 = DIRECTION('',(0.,1.));
#10680 = ( GEOMETRIC_REPRESENTATION_CONTEXT(2) 
PARAMETRIC_REPRESENTATION_CONTEXT() REPRESENTATION_CONTEXT('2D SPACE',''
  ) );
#10681 = PCURVE('',#10650,#10682);
#10682 = DEFINITIONAL_REPRESENTATION('',(#10683),#10687);
#10683 = LINE('',#10684,#10685);
#10684 = CARTESIAN_POINT('',(6.28318530718,0.));
#10685 = VECTOR('',#10686,1.);
#10686 = DIRECTION('',(0.,1.));
#10687 = ( GEOMETRIC_REPRESENTATION_CONTEXT(2) 
PARAMETRIC_REPRESENTATION_CONTEXT() REPRESENTATION_CONTEXT('2D SPACE',''
  ) );
#10688 = ORIENTED_EDGE('',*,*,#10689,.F.);
#10689 = EDGE_CURVE('',#10668,#10668,#10690,.T.);
#10690 = SURFACE_CURVE('',#10691,(#10696,#10703),.PCURVE_S1.);
#10691 = CIRCLE('',#10692,18.);
#10692 = AXIS2_PLACEMENT_3D('',#10693,#10694,#10695);
#10693 = CARTESIAN_POINT('',(-5.692283595212E-16,0.,-23.87367758154));
#10694 = DIRECTION('',(-3.903127820948E-18,0.,1.));
#10695 = DIRECTION('',(1.,0.,3.903127820948E-18));
#10696 = PCURVE('',#10650,#10697);
#10697 = DEFINITIONAL_REPRESENTATION('',(#10698),#10702);
#10698 = LINE('',#10699,#10700);
#10699 = CARTESIAN_POINT('',(6.28318530718,-48.42966283112));
#10700 = VECTOR('',#10701,1.);
#10701 = DIRECTION('',(-1.,0.));
#10702 = ( GEOMETRIC_REPRESENTATION_CONTEXT(2) 
PARAMETRIC_REPRESENTATION_CONTEXT() REPRESENTATION_CONTEXT('2D SPACE',''
  ) );
#10703 = PCURVE('',#10704,#10709);
#10704 = CONICAL_SURFACE('',#10705,12.7522347,1.0646670331);
#10705 = AXIS2_PLACEMENT_3D('',#10706,#10707,#10708);
#10706 = CARTESIAN_POINT('',(-5.805816714204E-16,0.,-20.96490481773));
#10707 = DIRECTION('',(3.903127820948E-18,0.,-1.));
#10708 = DIRECTION('',(-1.,0.,-3.903127820948E-18));
#10709 = DEFINITIONAL_REPRESENTATION('',(#10710),#10714);
#10710 = LINE('',#10711,#10712);
#10711 = CARTESIAN_POINT('',(9.424777960769,2.908772749044));
#10712 = VECTOR('',#10713,1.);
#10713 = DIRECTION('',(-1.,0.));
#10714 = ( GEOMETRIC_REPRESENTATION_CONTEXT(2) 
PARAMETRIC_REPRESENTATION_CONTEXT() REPRESENTATION_CONTEXT('2D SPACE',''
  ) );
#10715 = ORIENTED_EDGE('',*,*,#10667,.T.);
#10716 = ADVANCED_FACE('',(#10717),#10704,.T.);
#10717 = FACE_BOUND('',#10718,.T.);
#10718 = EDGE_LOOP('',(#10719,#10720,#10742,#10769));
#10719 = ORIENTED_EDGE('',*,*,#10689,.T.);
#10720 = ORIENTED_EDGE('',*,*,#10721,.F.);
#10721 = EDGE_CURVE('',#10722,#10668,#10724,.T.);
#10722 = VERTEX_POINT('',#10723);
#10723 = CARTESIAN_POINT('',(12.752234665261,0.,-20.96490481773));
#10724 = SEAM_CURVE('',#10725,(#10728,#10735),.PCURVE_S1.);
#10725 = B_SPLINE_CURVE_WITH_KNOTS('',1,(#10726,#10727),.UNSPECIFIED.,
  .F.,.F.,(2,2),(0.,5.999999969616),.PIECEWISE_BEZIER_KNOTS.);
#10726 = CARTESIAN_POINT('',(12.7522347,4.685095022199E-15,
    -20.96490481773));
#10727 = CARTESIAN_POINT('',(18.000000008187,6.613092718404E-15,
    -23.87367756677));
#10728 = PCURVE('',#10704,#10729);
#10729 = DEFINITIONAL_REPRESENTATION('',(#10730),#10734);
#10730 = LINE('',#10731,#10732);
#10731 = CARTESIAN_POINT('',(3.14159265359,0.));
#10732 = VECTOR('',#10733,1.);
#10733 = DIRECTION('',(0.,1.));
#10734 = ( GEOMETRIC_REPRESENTATION_CONTEXT(2) 
PARAMETRIC_REPRESENTATION_CONTEXT() REPRESENTATION_CONTEXT('2D SPACE',''
  ) );
#10735 = PCURVE('',#10704,#10736);
#10736 = DEFINITIONAL_REPRESENTATION('',(#10737),#10741);
#10737 = LINE('',#10738,#10739);
#10738 = CARTESIAN_POINT('',(9.424777960769,0.));
#10739 = VECTOR('',#10740,1.);
#10740 = DIRECTION('',(0.,1.));
#10741 = ( GEOMETRIC_REPRESENTATION_CONTEXT(2) 
PARAMETRIC_REPRESENTATION_CONTEXT() REPRESENTATION_CONTEXT('2D SPACE',''
  ) );
#10742 = ORIENTED_EDGE('',*,*,#10743,.F.);
#10743 = EDGE_CURVE('',#10722,#10722,#10744,.T.);
#10744 = SURFACE_CURVE('',#10745,(#10750,#10757),.PCURVE_S1.);
#10745 = CIRCLE('',#10746,12.7522347);
#10746 = AXIS2_PLACEMENT_3D('',#10747,#10748,#10749);
#10747 = CARTESIAN_POINT('',(-5.805816714204E-16,0.,-20.96490481773));
#10748 = DIRECTION('',(-3.903127820948E-18,0.,1.));
#10749 = DIRECTION('',(1.,0.,3.903127820948E-18));
#10750 = PCURVE('',#10704,#10751);
#10751 = DEFINITIONAL_REPRESENTATION('',(#10752),#10756);
#10752 = LINE('',#10753,#10754);
#10753 = CARTESIAN_POINT('',(9.424777960769,0.));
#10754 = VECTOR('',#10755,1.);
#10755 = DIRECTION('',(-1.,0.));
#10756 = ( GEOMETRIC_REPRESENTATION_CONTEXT(2) 
PARAMETRIC_REPRESENTATION_CONTEXT() REPRESENTATION_CONTEXT('2D SPACE',''
  ) );
#10757 = PCURVE('',#10758,#10763);
#10758 = CONICAL_SURFACE('',#10759,17.8951884,1.0297280693);
#10759 = AXIS2_PLACEMENT_3D('',#10760,#10761,#10762);
#10760 = CARTESIAN_POINT('',(-5.926435530353E-16,0.,-17.87459310665));
#10761 = DIRECTION('',(-3.903127820948E-18,0.,1.));
#10762 = DIRECTION('',(1.,0.,3.903127820948E-18));
#10763 = DEFINITIONAL_REPRESENTATION('',(#10764),#10768);
#10764 = LINE('',#10765,#10766);
#10765 = CARTESIAN_POINT('',(0.,-3.090311678116));
#10766 = VECTOR('',#10767,1.);
#10767 = DIRECTION('',(1.,0.));
#10768 = ( GEOMETRIC_REPRESENTATION_CONTEXT(2) 
PARAMETRIC_REPRESENTATION_CONTEXT() REPRESENTATION_CONTEXT('2D SPACE',''
  ) );
#10769 = ORIENTED_EDGE('',*,*,#10721,.T.);
#10770 = ADVANCED_FACE('',(#10771),#10758,.T.);
#10771 = FACE_BOUND('',#10772,.T.);
#10772 = EDGE_LOOP('',(#10773,#10774,#10796,#10823));
#10773 = ORIENTED_EDGE('',*,*,#10743,.T.);
#10774 = ORIENTED_EDGE('',*,*,#10775,.T.);
#10775 = EDGE_CURVE('',#10722,#10776,#10778,.T.);
#10776 = VERTEX_POINT('',#10777);
#10777 = CARTESIAN_POINT('',(17.89518843993,0.,-17.87459310665));
#10778 = SEAM_CURVE('',#10779,(#10782,#10789),.PCURVE_S1.);
#10779 = B_SPLINE_CURVE_WITH_KNOTS('',1,(#10780,#10781),.UNSPECIFIED.,
  .F.,.F.,(2,2),(-5.999999935997,0.),.PIECEWISE_BEZIER_KNOTS.);
#10780 = CARTESIAN_POINT('',(12.752234680195,0.,-20.96490478477));
#10781 = CARTESIAN_POINT('',(17.8951884,0.,-17.87459310665));
#10782 = PCURVE('',#10758,#10783);
#10783 = DEFINITIONAL_REPRESENTATION('',(#10784),#10788);
#10784 = LINE('',#10785,#10786);
#10785 = CARTESIAN_POINT('',(6.28318530718,0.));
#10786 = VECTOR('',#10787,1.);
#10787 = DIRECTION('',(0.,1.));
#10788 = ( GEOMETRIC_REPRESENTATION_CONTEXT(2) 
PARAMETRIC_REPRESENTATION_CONTEXT() REPRESENTATION_CONTEXT('2D SPACE',''
  ) );
#10789 = PCURVE('',#10758,#10790);
#10790 = DEFINITIONAL_REPRESENTATION('',(#10791),#10795);
#10791 = LINE('',#10792,#10793);
#10792 = CARTESIAN_POINT('',(4.138911435803E-13,0.));
#10793 = VECTOR('',#10794,1.);
#10794 = DIRECTION('',(0.,1.));
#10795 = ( GEOMETRIC_REPRESENTATION_CONTEXT(2) 
PARAMETRIC_REPRESENTATION_CONTEXT() REPRESENTATION_CONTEXT('2D SPACE',''
  ) );
#10796 = ORIENTED_EDGE('',*,*,#10797,.F.);
#10797 = EDGE_CURVE('',#10776,#10776,#10798,.T.);
#10798 = SURFACE_CURVE('',#10799,(#10804,#10811),.PCURVE_S1.);
#10799 = CIRCLE('',#10800,17.8951884);
#10800 = AXIS2_PLACEMENT_3D('',#10801,#10802,#10803);
#10801 = CARTESIAN_POINT('',(-5.926435530353E-16,0.,-17.87459310665));
#10802 = DIRECTION('',(-3.903127820948E-18,0.,1.));
#10803 = DIRECTION('',(1.,0.,3.903127820948E-18));
#10804 = PCURVE('',#10758,#10805);
#10805 = DEFINITIONAL_REPRESENTATION('',(#10806),#10810);
#10806 = LINE('',#10807,#10808);
#10807 = CARTESIAN_POINT('',(0.,0.));
#10808 = VECTOR('',#10809,1.);
#10809 = DIRECTION('',(1.,0.));
#10810 = ( GEOMETRIC_REPRESENTATION_CONTEXT(2) 
PARAMETRIC_REPRESENTATION_CONTEXT() REPRESENTATION_CONTEXT('2D SPACE',''
  ) );
#10811 = PCURVE('',#10812,#10817);
#10812 = CYLINDRICAL_SURFACE('',#10813,17.8951884);
#10813 = AXIS2_PLACEMENT_3D('',#10814,#10815,#10816);
#10814 = CARTESIAN_POINT('',(-3.802011951659E-16,0.,-72.30334041267));
#10815 = DIRECTION('',(3.903127820948E-18,0.,-1.));
#10816 = DIRECTION('',(1.,0.,3.903127820948E-18));
#10817 = DEFINITIONAL_REPRESENTATION('',(#10818),#10822);
#10818 = LINE('',#10819,#10820);
#10819 = CARTESIAN_POINT('',(6.28318530718,-54.42874730601));
#10820 = VECTOR('',#10821,1.);
#10821 = DIRECTION('',(-1.,0.));
#10822 = ( GEOMETRIC_REPRESENTATION_CONTEXT(2) 
PARAMETRIC_REPRESENTATION_CONTEXT() REPRESENTATION_CONTEXT('2D SPACE',''
  ) );
#10823 = ORIENTED_EDGE('',*,*,#10775,.F.);
#10824 = ADVANCED_FACE('',(#10825),#10812,.T.);
#10825 = FACE_BOUND('',#10826,.T.);
#10826 = EDGE_LOOP('',(#10827,#10828,#10850,#10877));
#10827 = ORIENTED_EDGE('',*,*,#10797,.T.);
#10828 = ORIENTED_EDGE('',*,*,#10829,.F.);
#10829 = EDGE_CURVE('',#10830,#10776,#10832,.T.);
#10830 = VERTEX_POINT('',#10831);
#10831 = CARTESIAN_POINT('',(17.89518843993,0.,-15.94423591076));
#10832 = SEAM_CURVE('',#10833,(#10836,#10843),.PCURVE_S1.);
#10833 = B_SPLINE_CURVE_WITH_KNOTS('',1,(#10834,#10835),.UNSPECIFIED.,
  .F.,.F.,(2,2),(-56.35910450191,-54.42874730601),
  .PIECEWISE_BEZIER_KNOTS.);
#10834 = CARTESIAN_POINT('',(17.8951884,4.38305703884E-15,
    -15.94423591076));
#10835 = CARTESIAN_POINT('',(17.8951884,4.38305703884E-15,
    -17.87459310665));
#10836 = PCURVE('',#10812,#10837);
#10837 = DEFINITIONAL_REPRESENTATION('',(#10838),#10842);
#10838 = LINE('',#10839,#10840);
#10839 = CARTESIAN_POINT('',(0.,0.));
#10840 = VECTOR('',#10841,1.);
#10841 = DIRECTION('',(0.,1.));
#10842 = ( GEOMETRIC_REPRESENTATION_CONTEXT(2) 
PARAMETRIC_REPRESENTATION_CONTEXT() REPRESENTATION_CONTEXT('2D SPACE',''
  ) );
#10843 = PCURVE('',#10812,#10844);
#10844 = DEFINITIONAL_REPRESENTATION('',(#10845),#10849);
#10845 = LINE('',#10846,#10847);
#10846 = CARTESIAN_POINT('',(6.28318530718,0.));
#10847 = VECTOR('',#10848,1.);
#10848 = DIRECTION('',(0.,1.));
#10849 = ( GEOMETRIC_REPRESENTATION_CONTEXT(2) 
PARAMETRIC_REPRESENTATION_CONTEXT() REPRESENTATION_CONTEXT('2D SPACE',''
  ) );
#10850 = ORIENTED_EDGE('',*,*,#10851,.F.);
#10851 = EDGE_CURVE('',#10830,#10830,#10852,.T.);
#10852 = SURFACE_CURVE('',#10853,(#10858,#10865),.PCURVE_S1.);
#10853 = CIRCLE('',#10854,17.8951884);
#10854 = AXIS2_PLACEMENT_3D('',#10855,#10856,#10857);
#10855 = CARTESIAN_POINT('',(-6.00177983911E-16,0.,-15.94423591076));
#10856 = DIRECTION('',(-3.903127820948E-18,0.,1.));
#10857 = DIRECTION('',(1.,0.,3.903127820948E-18));
#10858 = PCURVE('',#10812,#10859);
#10859 = DEFINITIONAL_REPRESENTATION('',(#10860),#10864);
#10860 = LINE('',#10861,#10862);
#10861 = CARTESIAN_POINT('',(6.28318530718,-56.35910450191));
#10862 = VECTOR('',#10863,1.);
#10863 = DIRECTION('',(-1.,0.));
#10864 = ( GEOMETRIC_REPRESENTATION_CONTEXT(2) 
PARAMETRIC_REPRESENTATION_CONTEXT() REPRESENTATION_CONTEXT('2D SPACE',''
  ) );
#10865 = PCURVE('',#10866,#10871);
#10866 = CONICAL_SURFACE('',#10867,12.699036,1.0471975512);
#10867 = AXIS2_PLACEMENT_3D('',#10868,#10869,#10870);
#10868 = CARTESIAN_POINT('',(-6.118873673738E-16,0.,-12.94423591076));
#10869 = DIRECTION('',(3.903127820948E-18,0.,-1.));
#10870 = DIRECTION('',(-1.,0.,-3.903127820948E-18));
#10871 = DEFINITIONAL_REPRESENTATION('',(#10872),#10876);
#10872 = LINE('',#10873,#10874);
#10873 = CARTESIAN_POINT('',(9.424777960769,2.99999999015));
#10874 = VECTOR('',#10875,1.);
#10875 = DIRECTION('',(-1.,0.));
#10876 = ( GEOMETRIC_REPRESENTATION_CONTEXT(2) 
PARAMETRIC_REPRESENTATION_CONTEXT() REPRESENTATION_CONTEXT('2D SPACE',''
  ) );
#10877 = ORIENTED_EDGE('',*,*,#10829,.T.);
#10878 = ADVANCED_FACE('',(#10879),#10866,.T.);
#10879 = FACE_BOUND('',#10880,.T.);
#10880 = EDGE_LOOP('',(#10881,#10882,#10904,#10931));
#10881 = ORIENTED_EDGE('',*,*,#10851,.T.);
#10882 = ORIENTED_EDGE('',*,*,#10883,.F.);
#10883 = EDGE_CURVE('',#10884,#10830,#10886,.T.);
#10884 = VERTEX_POINT('',#10885);
#10885 = CARTESIAN_POINT('',(12.699036017223,0.,-12.94423591076));
#10886 = SEAM_CURVE('',#10887,(#10890,#10897),.PCURVE_S1.);
#10887 = B_SPLINE_CURVE_WITH_KNOTS('',1,(#10888,#10889),.UNSPECIFIED.,
  .F.,.F.,(2,2),(0.,5.999999980336),.PIECEWISE_BEZIER_KNOTS.);
#10888 = CARTESIAN_POINT('',(12.699036,4.665550136897E-15,
    -12.94423591076));
#10889 = CARTESIAN_POINT('',(17.895188405687,6.574585560349E-15,
    -15.94423590091));
#10890 = PCURVE('',#10866,#10891);
#10891 = DEFINITIONAL_REPRESENTATION('',(#10892),#10896);
#10892 = LINE('',#10893,#10894);
#10893 = CARTESIAN_POINT('',(3.14159265359,0.));
#10894 = VECTOR('',#10895,1.);
#10895 = DIRECTION('',(0.,1.));
#10896 = ( GEOMETRIC_REPRESENTATION_CONTEXT(2) 
PARAMETRIC_REPRESENTATION_CONTEXT() REPRESENTATION_CONTEXT('2D SPACE',''
  ) );
#10897 = PCURVE('',#10866,#10898);
#10898 = DEFINITIONAL_REPRESENTATION('',(#10899),#10903);
#10899 = LINE('',#10900,#10901);
#10900 = CARTESIAN_POINT('',(9.424777960769,0.));
#10901 = VECTOR('',#10902,1.);
#10902 = DIRECTION('',(0.,1.));
#10903 = ( GEOMETRIC_REPRESENTATION_CONTEXT(2) 
PARAMETRIC_REPRESENTATION_CONTEXT() REPRESENTATION_CONTEXT('2D SPACE',''
  ) );
#10904 = ORIENTED_EDGE('',*,*,#10905,.F.);
#10905 = EDGE_CURVE('',#10884,#10884,#10906,.T.);
#10906 = SURFACE_CURVE('',#10907,(#10912,#10919),.PCURVE_S1.);
#10907 = CIRCLE('',#10908,12.699036);
#10908 = AXIS2_PLACEMENT_3D('',#10909,#10910,#10911);
#10909 = CARTESIAN_POINT('',(-6.118873673738E-16,0.,-12.94423591076));
#10910 = DIRECTION('',(-3.903127820948E-18,0.,1.));
#10911 = DIRECTION('',(1.,0.,3.903127820948E-18));
#10912 = PCURVE('',#10866,#10913);
#10913 = DEFINITIONAL_REPRESENTATION('',(#10914),#10918);
#10914 = LINE('',#10915,#10916);
#10915 = CARTESIAN_POINT('',(9.424777960769,0.));
#10916 = VECTOR('',#10917,1.);
#10917 = DIRECTION('',(-1.,0.));
#10918 = ( GEOMETRIC_REPRESENTATION_CONTEXT(2) 
PARAMETRIC_REPRESENTATION_CONTEXT() REPRESENTATION_CONTEXT('2D SPACE',''
  ) );
#10919 = PCURVE('',#10920,#10925);
#10920 = CONICAL_SURFACE('',#10921,17.8569677,1.0439216894);
#10921 = AXIS2_PLACEMENT_3D('',#10922,#10923,#10924);
#10922 = CARTESIAN_POINT('',(-6.235987215896E-16,0.,-9.943730994444));
#10923 = DIRECTION('',(-3.903127820948E-18,0.,1.));
#10924 = DIRECTION('',(1.,0.,3.903127820948E-18));
#10925 = DEFINITIONAL_REPRESENTATION('',(#10926),#10930);
#10926 = LINE('',#10927,#10928);
#10927 = CARTESIAN_POINT('',(0.,-3.000504920296));
#10928 = VECTOR('',#10929,1.);
#10929 = DIRECTION('',(1.,0.));
#10930 = ( GEOMETRIC_REPRESENTATION_CONTEXT(2) 
PARAMETRIC_REPRESENTATION_CONTEXT() REPRESENTATION_CONTEXT('2D SPACE',''
  ) );
#10931 = ORIENTED_EDGE('',*,*,#10883,.T.);
#10932 = ADVANCED_FACE('',(#10933),#10920,.T.);
#10933 = FACE_BOUND('',#10934,.T.);
#10934 = EDGE_LOOP('',(#10935,#10936,#10958,#10985));
#10935 = ORIENTED_EDGE('',*,*,#10905,.T.);
#10936 = ORIENTED_EDGE('',*,*,#10937,.T.);
#10937 = EDGE_CURVE('',#10884,#10938,#10940,.T.);
#10938 = VERTEX_POINT('',#10939);
#10939 = CARTESIAN_POINT('',(17.856967708334,0.,-9.943730994444));
#10940 = SEAM_CURVE('',#10941,(#10944,#10951),.PCURVE_S1.);
#10941 = B_SPLINE_CURVE_WITH_KNOTS('',1,(#10942,#10943),.UNSPECIFIED.,
  .F.,.F.,(2,2),(-5.967184359037,0.),.PIECEWISE_BEZIER_KNOTS.);
#10942 = CARTESIAN_POINT('',(12.699036002313,0.,-12.94423591474));
#10943 = CARTESIAN_POINT('',(17.8569677,0.,-9.943730994444));
#10944 = PCURVE('',#10920,#10945);
#10945 = DEFINITIONAL_REPRESENTATION('',(#10946),#10950);
#10946 = LINE('',#10947,#10948);
#10947 = CARTESIAN_POINT('',(6.28318530718,0.));
#10948 = VECTOR('',#10949,1.);
#10949 = DIRECTION('',(0.,1.));
#10950 = ( GEOMETRIC_REPRESENTATION_CONTEXT(2) 
PARAMETRIC_REPRESENTATION_CONTEXT() REPRESENTATION_CONTEXT('2D SPACE',''
  ) );
#10951 = PCURVE('',#10920,#10952);
#10952 = DEFINITIONAL_REPRESENTATION('',(#10953),#10957);
#10953 = LINE('',#10954,#10955);
#10954 = CARTESIAN_POINT('',(4.138911435803E-13,0.));
#10955 = VECTOR('',#10956,1.);
#10956 = DIRECTION('',(0.,1.));
#10957 = ( GEOMETRIC_REPRESENTATION_CONTEXT(2) 
PARAMETRIC_REPRESENTATION_CONTEXT() REPRESENTATION_CONTEXT('2D SPACE',''
  ) );
#10958 = ORIENTED_EDGE('',*,*,#10959,.F.);
#10959 = EDGE_CURVE('',#10938,#10938,#10960,.T.);
#10960 = SURFACE_CURVE('',#10961,(#10966,#10973),.PCURVE_S1.);
#10961 = CIRCLE('',#10962,17.8569677);
#10962 = AXIS2_PLACEMENT_3D('',#10963,#10964,#10965);
#10963 = CARTESIAN_POINT('',(-6.235987215896E-16,0.,-9.943730994444));
#10964 = DIRECTION('',(-3.903127820948E-18,0.,1.));
#10965 = DIRECTION('',(1.,0.,3.903127820948E-18));
#10966 = PCURVE('',#10920,#10967);
#10967 = DEFINITIONAL_REPRESENTATION('',(#10968),#10972);
#10968 = LINE('',#10969,#10970);
#10969 = CARTESIAN_POINT('',(0.,0.));
#10970 = VECTOR('',#10971,1.);
#10971 = DIRECTION('',(1.,0.));
#10972 = ( GEOMETRIC_REPRESENTATION_CONTEXT(2) 
PARAMETRIC_REPRESENTATION_CONTEXT() REPRESENTATION_CONTEXT('2D SPACE',''
  ) );
#10973 = PCURVE('',#10974,#10979);
#10974 = CYLINDRICAL_SURFACE('',#10975,17.8569677);
#10975 = AXIS2_PLACEMENT_3D('',#10976,#10977,#10978);
#10976 = CARTESIAN_POINT('',(-3.802011951659E-16,0.,-72.30334041267));
#10977 = DIRECTION('',(3.903127820948E-18,0.,-1.));
#10978 = DIRECTION('',(1.,0.,3.903127820948E-18));
#10979 = DEFINITIONAL_REPRESENTATION('',(#10980),#10984);
#10980 = LINE('',#10981,#10982);
#10981 = CARTESIAN_POINT('',(6.28318530718,-62.35960941823));
#10982 = VECTOR('',#10983,1.);
#10983 = DIRECTION('',(-1.,0.));
#10984 = ( GEOMETRIC_REPRESENTATION_CONTEXT(2) 
PARAMETRIC_REPRESENTATION_CONTEXT() REPRESENTATION_CONTEXT('2D SPACE',''
  ) );
#10985 = ORIENTED_EDGE('',*,*,#10937,.F.);
#10986 = ADVANCED_FACE('',(#10987),#10974,.T.);
#10987 = FACE_BOUND('',#10988,.T.);
#10988 = EDGE_LOOP('',(#10989,#10990,#11012,#11039));
#10989 = ORIENTED_EDGE('',*,*,#10959,.T.);
#10990 = ORIENTED_EDGE('',*,*,#10991,.F.);
#10991 = EDGE_CURVE('',#10992,#10938,#10994,.T.);
#10992 = VERTEX_POINT('',#10993);
#10993 = CARTESIAN_POINT('',(17.856967708334,0.,-7.943730994444));
#10994 = SEAM_CURVE('',#10995,(#10998,#11005),.PCURVE_S1.);
#10995 = B_SPLINE_CURVE_WITH_KNOTS('',1,(#10996,#10997),.UNSPECIFIED.,
  .F.,.F.,(2,2),(-64.35960941823,-62.35960941823),
  .PIECEWISE_BEZIER_KNOTS.);
#10996 = CARTESIAN_POINT('',(17.8569677,4.373695667257E-15,
    -7.943730994444));
#10997 = CARTESIAN_POINT('',(17.8569677,4.373695667257E-15,
    -9.943730994444));
#10998 = PCURVE('',#10974,#10999);
#10999 = DEFINITIONAL_REPRESENTATION('',(#11000),#11004);
#11000 = LINE('',#11001,#11002);
#11001 = CARTESIAN_POINT('',(0.,0.));
#11002 = VECTOR('',#11003,1.);
#11003 = DIRECTION('',(0.,1.));
#11004 = ( GEOMETRIC_REPRESENTATION_CONTEXT(2) 
PARAMETRIC_REPRESENTATION_CONTEXT() REPRESENTATION_CONTEXT('2D SPACE',''
  ) );
#11005 = PCURVE('',#10974,#11006);
#11006 = DEFINITIONAL_REPRESENTATION('',(#11007),#11011);
#11007 = LINE('',#11008,#11009);
#11008 = CARTESIAN_POINT('',(6.28318530718,0.));
#11009 = VECTOR('',#11010,1.);
#11010 = DIRECTION('',(0.,1.));
#11011 = ( GEOMETRIC_REPRESENTATION_CONTEXT(2) 
PARAMETRIC_REPRESENTATION_CONTEXT() REPRESENTATION_CONTEXT('2D SPACE',''
  ) );
#11012 = ORIENTED_EDGE('',*,*,#11013,.F.);
#11013 = EDGE_CURVE('',#10992,#10992,#11014,.T.);
#11014 = SURFACE_CURVE('',#11015,(#11020,#11027),.PCURVE_S1.);
#11015 = CIRCLE('',#11016,17.8569677);
#11016 = AXIS2_PLACEMENT_3D('',#11017,#11018,#11019);
#11017 = CARTESIAN_POINT('',(-6.314049772315E-16,0.,-7.943730994444));
#11018 = DIRECTION('',(-3.903127820948E-18,0.,1.));
#11019 = DIRECTION('',(1.,0.,3.903127820948E-18));
#11020 = PCURVE('',#10974,#11021);
#11021 = DEFINITIONAL_REPRESENTATION('',(#11022),#11026);
#11022 = LINE('',#11023,#11024);
#11023 = CARTESIAN_POINT('',(6.28318530718,-64.35960941823));
#11024 = VECTOR('',#11025,1.);
#11025 = DIRECTION('',(-1.,0.));
#11026 = ( GEOMETRIC_REPRESENTATION_CONTEXT(2) 
PARAMETRIC_REPRESENTATION_CONTEXT() REPRESENTATION_CONTEXT('2D SPACE',''
  ) );
#11027 = PCURVE('',#11028,#11033);
#11028 = CONICAL_SURFACE('',#11029,12.6608153,1.0471975512);
#11029 = AXIS2_PLACEMENT_3D('',#11030,#11031,#11032);
#11030 = CARTESIAN_POINT('',(-6.431143606944E-16,0.,-4.943730994444));
#11031 = DIRECTION('',(3.903127820948E-18,0.,-1.));
#11032 = DIRECTION('',(-1.,0.,-3.903127820948E-18));
#11033 = DEFINITIONAL_REPRESENTATION('',(#11034),#11038);
#11034 = LINE('',#11035,#11036);
#11035 = CARTESIAN_POINT('',(9.424777960769,2.99999999015));
#11036 = VECTOR('',#11037,1.);
#11037 = DIRECTION('',(-1.,0.));
#11038 = ( GEOMETRIC_REPRESENTATION_CONTEXT(2) 
PARAMETRIC_REPRESENTATION_CONTEXT() REPRESENTATION_CONTEXT('2D SPACE',''
  ) );
#11039 = ORIENTED_EDGE('',*,*,#10991,.T.);
#11040 = ADVANCED_FACE('',(#11041),#11028,.T.);
#11041 = FACE_BOUND('',#11042,.T.);
#11042 = EDGE_LOOP('',(#11043,#11044,#11066,#11093));
#11043 = ORIENTED_EDGE('',*,*,#11013,.T.);
#11044 = ORIENTED_EDGE('',*,*,#11045,.F.);
#11045 = EDGE_CURVE('',#11046,#10992,#11048,.T.);
#11046 = VERTEX_POINT('',#11047);
#11047 = CARTESIAN_POINT('',(12.660815285627,0.,-4.943730994444));
#11048 = SEAM_CURVE('',#11049,(#11052,#11059),.PCURVE_S1.);
#11049 = B_SPLINE_CURVE_WITH_KNOTS('',1,(#11050,#11051),.UNSPECIFIED.,
  .F.,.F.,(2,2),(0.,5.999999980335),.PIECEWISE_BEZIER_KNOTS.);
#11050 = CARTESIAN_POINT('',(12.6608153,4.651508079522E-15,
    -4.943730994444));
#11051 = CARTESIAN_POINT('',(17.856967705687,6.560543502974E-15,
    -7.943730984594));
#11052 = PCURVE('',#11028,#11053);
#11053 = DEFINITIONAL_REPRESENTATION('',(#11054),#11058);
#11054 = LINE('',#11055,#11056);
#11055 = CARTESIAN_POINT('',(3.14159265359,0.));
#11056 = VECTOR('',#11057,1.);
#11057 = DIRECTION('',(0.,1.));
#11058 = ( GEOMETRIC_REPRESENTATION_CONTEXT(2) 
PARAMETRIC_REPRESENTATION_CONTEXT() REPRESENTATION_CONTEXT('2D SPACE',''
  ) );
#11059 = PCURVE('',#11028,#11060);
#11060 = DEFINITIONAL_REPRESENTATION('',(#11061),#11065);
#11061 = LINE('',#11062,#11063);
#11062 = CARTESIAN_POINT('',(9.424777960769,0.));
#11063 = VECTOR('',#11064,1.);
#11064 = DIRECTION('',(0.,1.));
#11065 = ( GEOMETRIC_REPRESENTATION_CONTEXT(2) 
PARAMETRIC_REPRESENTATION_CONTEXT() REPRESENTATION_CONTEXT('2D SPACE',''
  ) );
#11066 = ORIENTED_EDGE('',*,*,#11067,.F.);
#11067 = EDGE_CURVE('',#11046,#11046,#11068,.T.);
#11068 = SURFACE_CURVE('',#11069,(#11074,#11081),.PCURVE_S1.);
#11069 = CIRCLE('',#11070,12.6608153);
#11070 = AXIS2_PLACEMENT_3D('',#11071,#11072,#11073);
#11071 = CARTESIAN_POINT('',(-6.431143606944E-16,0.,-4.943730994444));
#11072 = DIRECTION('',(-3.903127820948E-18,0.,1.));
#11073 = DIRECTION('',(1.,0.,3.903127820948E-18));
#11074 = PCURVE('',#11028,#11075);
#11075 = DEFINITIONAL_REPRESENTATION('',(#11076),#11080);
#11076 = LINE('',#11077,#11078);
#11077 = CARTESIAN_POINT('',(9.424777960769,0.));
#11078 = VECTOR('',#11079,1.);
#11079 = DIRECTION('',(-1.,0.));
#11080 = ( GEOMETRIC_REPRESENTATION_CONTEXT(2) 
PARAMETRIC_REPRESENTATION_CONTEXT() REPRESENTATION_CONTEXT('2D SPACE',''
  ) );
#11081 = PCURVE('',#11082,#11087);
#11082 = CONICAL_SURFACE('',#11083,17.9574939,1.0471975512);
#11083 = AXIS2_PLACEMENT_3D('',#11084,#11085,#11086);
#11084 = CARTESIAN_POINT('',(-6.550502771735E-16,0.,-1.885692153119));
#11085 = DIRECTION('',(-3.903127820948E-18,0.,1.));
#11086 = DIRECTION('',(1.,0.,3.903127820948E-18));
#11087 = DEFINITIONAL_REPRESENTATION('',(#11088),#11092);
#11088 = LINE('',#11089,#11090);
#11089 = CARTESIAN_POINT('',(0.,-3.058038821954));
#11090 = VECTOR('',#11091,1.);
#11091 = DIRECTION('',(1.,0.));
#11092 = ( GEOMETRIC_REPRESENTATION_CONTEXT(2) 
PARAMETRIC_REPRESENTATION_CONTEXT() REPRESENTATION_CONTEXT('2D SPACE',''
  ) );
#11093 = ORIENTED_EDGE('',*,*,#11045,.T.);
#11094 = ADVANCED_FACE('',(#11095),#11082,.T.);
#11095 = FACE_BOUND('',#11096,.T.);
#11096 = EDGE_LOOP('',(#11097,#11098,#11120,#11147));
#11097 = ORIENTED_EDGE('',*,*,#11067,.T.);
#11098 = ORIENTED_EDGE('',*,*,#11099,.T.);
#11099 = EDGE_CURVE('',#11046,#11100,#11102,.T.);
#11100 = VERTEX_POINT('',#11101);
#11101 = CARTESIAN_POINT('',(17.957493930321,0.,-1.885692153119));
#11102 = SEAM_CURVE('',#11103,(#11106,#11113),.PCURVE_S1.);
#11103 = B_SPLINE_CURVE_WITH_KNOTS('',1,(#11104,#11105),.UNSPECIFIED.,
  .F.,.F.,(2,2),(-6.116077643944,0.),.PIECEWISE_BEZIER_KNOTS.);
#11104 = CARTESIAN_POINT('',(12.660815288816,0.,-4.943730975073));
#11105 = CARTESIAN_POINT('',(17.9574939,0.,-1.885692153119));
#11106 = PCURVE('',#11082,#11107);
#11107 = DEFINITIONAL_REPRESENTATION('',(#11108),#11112);
#11108 = LINE('',#11109,#11110);
#11109 = CARTESIAN_POINT('',(6.28318530718,0.));
#11110 = VECTOR('',#11111,1.);
#11111 = DIRECTION('',(0.,1.));
#11112 = ( GEOMETRIC_REPRESENTATION_CONTEXT(2) 
PARAMETRIC_REPRESENTATION_CONTEXT() REPRESENTATION_CONTEXT('2D SPACE',''
  ) );
#11113 = PCURVE('',#11082,#11114);
#11114 = DEFINITIONAL_REPRESENTATION('',(#11115),#11119);
#11115 = LINE('',#11116,#11117);
#11116 = CARTESIAN_POINT('',(4.138911435803E-13,0.));
#11117 = VECTOR('',#11118,1.);
#11118 = DIRECTION('',(0.,1.));
#11119 = ( GEOMETRIC_REPRESENTATION_CONTEXT(2) 
PARAMETRIC_REPRESENTATION_CONTEXT() REPRESENTATION_CONTEXT('2D SPACE',''
  ) );
#11120 = ORIENTED_EDGE('',*,*,#11121,.F.);
#11121 = EDGE_CURVE('',#11100,#11100,#11122,.T.);
#11122 = SURFACE_CURVE('',#11123,(#11128,#11135),.PCURVE_S1.);
#11123 = CIRCLE('',#11124,17.9574939);
#11124 = AXIS2_PLACEMENT_3D('',#11125,#11126,#11127);
#11125 = CARTESIAN_POINT('',(-6.550502771735E-16,0.,-1.885692153119));
#11126 = DIRECTION('',(-3.903127820948E-18,0.,1.));
#11127 = DIRECTION('',(1.,0.,3.903127820948E-18));
#11128 = PCURVE('',#11082,#11129);
#11129 = DEFINITIONAL_REPRESENTATION('',(#11130),#11134);
#11130 = LINE('',#11131,#11132);
#11131 = CARTESIAN_POINT('',(0.,0.));
#11132 = VECTOR('',#11133,1.);
#11133 = DIRECTION('',(1.,0.));
#11134 = ( GEOMETRIC_REPRESENTATION_CONTEXT(2) 
PARAMETRIC_REPRESENTATION_CONTEXT() REPRESENTATION_CONTEXT('2D SPACE',''
  ) );
#11135 = PCURVE('',#11136,#11141);
#11136 = CYLINDRICAL_SURFACE('',#11137,17.9574939);
#11137 = AXIS2_PLACEMENT_3D('',#11138,#11139,#11140);
#11138 = CARTESIAN_POINT('',(-3.802011951659E-16,0.,-72.30334041267));
#11139 = DIRECTION('',(3.903127820948E-18,0.,-1.));
#11140 = DIRECTION('',(1.,0.,3.903127820948E-18));
#11141 = DEFINITIONAL_REPRESENTATION('',(#11142),#11146);
#11142 = LINE('',#11143,#11144);
#11143 = CARTESIAN_POINT('',(6.28318530718,-70.41764825955));
#11144 = VECTOR('',#11145,1.);
#11145 = DIRECTION('',(-1.,0.));
#11146 = ( GEOMETRIC_REPRESENTATION_CONTEXT(2) 
PARAMETRIC_REPRESENTATION_CONTEXT() REPRESENTATION_CONTEXT('2D SPACE',''
  ) );
#11147 = ORIENTED_EDGE('',*,*,#11099,.F.);
#11148 = ADVANCED_FACE('',(#11149),#11136,.T.);
#11149 = FACE_BOUND('',#11150,.T.);
#11150 = EDGE_LOOP('',(#11151,#11152,#11174,#11201));
#11151 = ORIENTED_EDGE('',*,*,#11121,.T.);
#11152 = ORIENTED_EDGE('',*,*,#11153,.F.);
#11153 = EDGE_CURVE('',#11154,#11100,#11156,.T.);
#11154 = VERTEX_POINT('',#11155);
#11155 = CARTESIAN_POINT('',(17.957493930321,0.,0.114307846881));
#11156 = SEAM_CURVE('',#11157,(#11160,#11167),.PCURVE_S1.);
#11157 = B_SPLINE_CURVE_WITH_KNOTS('',1,(#11158,#11159),.UNSPECIFIED.,
  .F.,.F.,(2,2),(-72.41764825955,-70.41764825955),
  .PIECEWISE_BEZIER_KNOTS.);
#11158 = CARTESIAN_POINT('',(17.9574939,4.398317485069E-15,
    0.114307846881));
#11159 = CARTESIAN_POINT('',(17.9574939,4.398317485069E-15,
    -1.885692153119));
#11160 = PCURVE('',#11136,#11161);
#11161 = DEFINITIONAL_REPRESENTATION('',(#11162),#11166);
#11162 = LINE('',#11163,#11164);
#11163 = CARTESIAN_POINT('',(0.,0.));
#11164 = VECTOR('',#11165,1.);
#11165 = DIRECTION('',(0.,1.));
#11166 = ( GEOMETRIC_REPRESENTATION_CONTEXT(2) 
PARAMETRIC_REPRESENTATION_CONTEXT() REPRESENTATION_CONTEXT('2D SPACE',''
  ) );
#11167 = PCURVE('',#11136,#11168);
#11168 = DEFINITIONAL_REPRESENTATION('',(#11169),#11173);
#11169 = LINE('',#11170,#11171);
#11170 = CARTESIAN_POINT('',(6.28318530718,0.));
#11171 = VECTOR('',#11172,1.);
#11172 = DIRECTION('',(0.,1.));
#11173 = ( GEOMETRIC_REPRESENTATION_CONTEXT(2) 
PARAMETRIC_REPRESENTATION_CONTEXT() REPRESENTATION_CONTEXT('2D SPACE',''
  ) );
#11174 = ORIENTED_EDGE('',*,*,#11175,.F.);
#11175 = EDGE_CURVE('',#11154,#11154,#11176,.T.);
#11176 = SURFACE_CURVE('',#11177,(#11182,#11189),.PCURVE_S1.);
#11177 = CIRCLE('',#11178,17.9574939);
#11178 = AXIS2_PLACEMENT_3D('',#11179,#11180,#11181);
#11179 = CARTESIAN_POINT('',(-6.628565328154E-16,0.,0.114307846881));
#11180 = DIRECTION('',(-3.903127820948E-18,0.,1.));
#11181 = DIRECTION('',(1.,0.,3.903127820948E-18));
#11182 = PCURVE('',#11136,#11183);
#11183 = DEFINITIONAL_REPRESENTATION('',(#11184),#11188);
#11184 = LINE('',#11185,#11186);
#11185 = CARTESIAN_POINT('',(6.28318530718,-72.41764825955));
#11186 = VECTOR('',#11187,1.);
#11187 = DIRECTION('',(-1.,0.));
#11188 = ( GEOMETRIC_REPRESENTATION_CONTEXT(2) 
PARAMETRIC_REPRESENTATION_CONTEXT() REPRESENTATION_CONTEXT('2D SPACE',''
  ) );
#11189 = PCURVE('',#11190,#11195);
#11190 = CONICAL_SURFACE('',#11191,12.7613415,1.0471975512);
#11191 = AXIS2_PLACEMENT_3D('',#11192,#11193,#11194);
#11192 = CARTESIAN_POINT('',(-6.745659162782E-16,0.,3.114307846881));
#11193 = DIRECTION('',(3.903127820948E-18,0.,-1.));
#11194 = DIRECTION('',(-1.,0.,-3.903127820948E-18));
#11195 = DEFINITIONAL_REPRESENTATION('',(#11196),#11200);
#11196 = LINE('',#11197,#11198);
#11197 = CARTESIAN_POINT('',(9.424777960769,2.99999999015));
#11198 = VECTOR('',#11199,1.);
#11199 = DIRECTION('',(-1.,0.));
#11200 = ( GEOMETRIC_REPRESENTATION_CONTEXT(2) 
PARAMETRIC_REPRESENTATION_CONTEXT() REPRESENTATION_CONTEXT('2D SPACE',''
  ) );
#11201 = ORIENTED_EDGE('',*,*,#11153,.T.);
#11202 = ADVANCED_FACE('',(#11203),#11190,.T.);
#11203 = FACE_BOUND('',#11204,.T.);
#11204 = EDGE_LOOP('',(#11205,#11206,#11228,#11255));
#11205 = ORIENTED_EDGE('',*,*,#11175,.T.);
#11206 = ORIENTED_EDGE('',*,*,#11207,.F.);
#11207 = EDGE_CURVE('',#11208,#11154,#11210,.T.);
#11208 = VERTEX_POINT('',#11209);
#11209 = CARTESIAN_POINT('',(12.761341507615,0.,3.114307846881));
#11210 = SEAM_CURVE('',#11211,(#11214,#11221),.PCURVE_S1.);
#11211 = B_SPLINE_CURVE_WITH_KNOTS('',1,(#11212,#11213),.UNSPECIFIED.,
  .F.,.F.,(2,2),(0.,5.999999980335),.PIECEWISE_BEZIER_KNOTS.);
#11212 = CARTESIAN_POINT('',(12.7613415,4.68844080624E-15,3.114307846881
    ));
#11213 = CARTESIAN_POINT('',(17.957493905687,6.597476229692E-15,
    0.114307856731));
#11214 = PCURVE('',#11190,#11215);
#11215 = DEFINITIONAL_REPRESENTATION('',(#11216),#11220);
#11216 = LINE('',#11217,#11218);
#11217 = CARTESIAN_POINT('',(3.14159265359,0.));
#11218 = VECTOR('',#11219,1.);
#11219 = DIRECTION('',(0.,1.));
#11220 = ( GEOMETRIC_REPRESENTATION_CONTEXT(2) 
PARAMETRIC_REPRESENTATION_CONTEXT() REPRESENTATION_CONTEXT('2D SPACE',''
  ) );
#11221 = PCURVE('',#11190,#11222);
#11222 = DEFINITIONAL_REPRESENTATION('',(#11223),#11227);
#11223 = LINE('',#11224,#11225);
#11224 = CARTESIAN_POINT('',(9.424777960769,0.));
#11225 = VECTOR('',#11226,1.);
#11226 = DIRECTION('',(0.,1.));
#11227 = ( GEOMETRIC_REPRESENTATION_CONTEXT(2) 
PARAMETRIC_REPRESENTATION_CONTEXT() REPRESENTATION_CONTEXT('2D SPACE',''
  ) );
#11228 = ORIENTED_EDGE('',*,*,#11229,.F.);
#11229 = EDGE_CURVE('',#11208,#11208,#11230,.T.);
#11230 = SURFACE_CURVE('',#11231,(#11236,#11243),.PCURVE_S1.);
#11231 = CIRCLE('',#11232,12.7613415);
#11232 = AXIS2_PLACEMENT_3D('',#11233,#11234,#11235);
#11233 = CARTESIAN_POINT('',(-6.745659162782E-16,0.,3.114307846881));
#11234 = DIRECTION('',(-3.903127820948E-18,0.,1.));
#11235 = DIRECTION('',(1.,0.,3.903127820948E-18));
#11236 = PCURVE('',#11190,#11237);
#11237 = DEFINITIONAL_REPRESENTATION('',(#11238),#11242);
#11238 = LINE('',#11239,#11240);
#11239 = CARTESIAN_POINT('',(9.424777960769,0.));
#11240 = VECTOR('',#11241,1.);
#11241 = DIRECTION('',(-1.,0.));
#11242 = ( GEOMETRIC_REPRESENTATION_CONTEXT(2) 
PARAMETRIC_REPRESENTATION_CONTEXT() REPRESENTATION_CONTEXT('2D SPACE',''
  ) );
#11243 = PCURVE('',#11244,#11249);
#11244 = CONICAL_SURFACE('',#11245,17.8832562,1.0471975512);
#11245 = AXIS2_PLACEMENT_3D('',#11246,#11247,#11248);
#11246 = CARTESIAN_POINT('',(-6.861080070115E-16,0.,6.071446650115));
#11247 = DIRECTION('',(-3.903127820948E-18,0.,1.));
#11248 = DIRECTION('',(1.,0.,3.903127820948E-18));
#11249 = DEFINITIONAL_REPRESENTATION('',(#11250),#11254);
#11250 = LINE('',#11251,#11252);
#11251 = CARTESIAN_POINT('',(0.,-2.9571388239));
#11252 = VECTOR('',#11253,1.);
#11253 = DIRECTION('',(1.,0.));
#11254 = ( GEOMETRIC_REPRESENTATION_CONTEXT(2) 
PARAMETRIC_REPRESENTATION_CONTEXT() REPRESENTATION_CONTEXT('2D SPACE',''
  ) );
#11255 = ORIENTED_EDGE('',*,*,#11207,.T.);
#11256 = ADVANCED_FACE('',(#11257),#11244,.T.);
#11257 = FACE_BOUND('',#11258,.T.);
#11258 = EDGE_LOOP('',(#11259,#11260,#11282,#11309));
#11259 = ORIENTED_EDGE('',*,*,#11229,.T.);
#11260 = ORIENTED_EDGE('',*,*,#11261,.T.);
#11261 = EDGE_CURVE('',#11208,#11262,#11264,.T.);
#11262 = VERTEX_POINT('',#11263);
#11263 = CARTESIAN_POINT('',(17.88325615985,0.,6.071446650115));
#11264 = SEAM_CURVE('',#11265,(#11268,#11275),.PCURVE_S1.);
#11265 = B_SPLINE_CURVE_WITH_KNOTS('',1,(#11266,#11267),.UNSPECIFIED.,
  .F.,.F.,(2,2),(-5.914277647834,0.),.PIECEWISE_BEZIER_KNOTS.);
#11266 = CARTESIAN_POINT('',(12.761341511931,0.,3.114307826216));
#11267 = CARTESIAN_POINT('',(17.8832562,0.,6.071446650115));
#11268 = PCURVE('',#11244,#11269);
#11269 = DEFINITIONAL_REPRESENTATION('',(#11270),#11274);
#11270 = LINE('',#11271,#11272);
#11271 = CARTESIAN_POINT('',(6.28318530718,0.));
#11272 = VECTOR('',#11273,1.);
#11273 = DIRECTION('',(0.,1.));
#11274 = ( GEOMETRIC_REPRESENTATION_CONTEXT(2) 
PARAMETRIC_REPRESENTATION_CONTEXT() REPRESENTATION_CONTEXT('2D SPACE',''
  ) );
#11275 = PCURVE('',#11244,#11276);
#11276 = DEFINITIONAL_REPRESENTATION('',(#11277),#11281);
#11277 = LINE('',#11278,#11279);
#11278 = CARTESIAN_POINT('',(4.138911435803E-13,0.));
#11279 = VECTOR('',#11280,1.);
#11280 = DIRECTION('',(0.,1.));
#11281 = ( GEOMETRIC_REPRESENTATION_CONTEXT(2) 
PARAMETRIC_REPRESENTATION_CONTEXT() REPRESENTATION_CONTEXT('2D SPACE',''
  ) );
#11282 = ORIENTED_EDGE('',*,*,#11283,.F.);
#11283 = EDGE_CURVE('',#11262,#11262,#11284,.T.);
#11284 = SURFACE_CURVE('',#11285,(#11290,#11297),.PCURVE_S1.);
#11285 = CIRCLE('',#11286,17.8832562);
#11286 = AXIS2_PLACEMENT_3D('',#11287,#11288,#11289);
#11287 = CARTESIAN_POINT('',(-6.861080070115E-16,0.,6.071446650115));
#11288 = DIRECTION('',(-3.903127820948E-18,0.,1.));
#11289 = DIRECTION('',(1.,0.,3.903127820948E-18));
#11290 = PCURVE('',#11244,#11291);
#11291 = DEFINITIONAL_REPRESENTATION('',(#11292),#11296);
#11292 = LINE('',#11293,#11294);
#11293 = CARTESIAN_POINT('',(0.,0.));
#11294 = VECTOR('',#11295,1.);
#11295 = DIRECTION('',(1.,0.));
#11296 = ( GEOMETRIC_REPRESENTATION_CONTEXT(2) 
PARAMETRIC_REPRESENTATION_CONTEXT() REPRESENTATION_CONTEXT('2D SPACE',''
  ) );
#11297 = PCURVE('',#11298,#11303);
#11298 = CYLINDRICAL_SURFACE('',#11299,17.8832562);
#11299 = AXIS2_PLACEMENT_3D('',#11300,#11301,#11302);
#11300 = CARTESIAN_POINT('',(-3.802011951659E-16,0.,-72.30334041267));
#11301 = DIRECTION('',(3.903127820948E-18,0.,-1.));
#11302 = DIRECTION('',(1.,0.,3.903127820948E-18));
#11303 = DEFINITIONAL_REPRESENTATION('',(#11304),#11308);
#11304 = LINE('',#11305,#11306);
#11305 = CARTESIAN_POINT('',(6.28318530718,-78.37478706279));
#11306 = VECTOR('',#11307,1.);
#11307 = DIRECTION('',(-1.,0.));
#11308 = ( GEOMETRIC_REPRESENTATION_CONTEXT(2) 
PARAMETRIC_REPRESENTATION_CONTEXT() REPRESENTATION_CONTEXT('2D SPACE',''
  ) );
#11309 = ORIENTED_EDGE('',*,*,#11261,.F.);
#11310 = ADVANCED_FACE('',(#11311),#11298,.T.);
#11311 = FACE_BOUND('',#11312,.T.);
#11312 = EDGE_LOOP('',(#11313,#11314,#11336,#11363));
#11313 = ORIENTED_EDGE('',*,*,#11283,.T.);
#11314 = ORIENTED_EDGE('',*,*,#11315,.F.);
#11315 = EDGE_CURVE('',#11316,#11262,#11318,.T.);
#11316 = VERTEX_POINT('',#11317);
#11317 = CARTESIAN_POINT('',(17.88325615985,0.,8.071446650115));
#11318 = SEAM_CURVE('',#11319,(#11322,#11329),.PCURVE_S1.);
#11319 = B_SPLINE_CURVE_WITH_KNOTS('',1,(#11320,#11321),.UNSPECIFIED.,
  .F.,.F.,(2,2),(-80.37478706279,-78.37478706279),
  .PIECEWISE_BEZIER_KNOTS.);
#11320 = CARTESIAN_POINT('',(17.8832562,4.380134492732E-15,
    8.071446650115));
#11321 = CARTESIAN_POINT('',(17.8832562,4.380134492732E-15,
    6.071446650115));
#11322 = PCURVE('',#11298,#11323);
#11323 = DEFINITIONAL_REPRESENTATION('',(#11324),#11328);
#11324 = LINE('',#11325,#11326);
#11325 = CARTESIAN_POINT('',(0.,0.));
#11326 = VECTOR('',#11327,1.);
#11327 = DIRECTION('',(0.,1.));
#11328 = ( GEOMETRIC_REPRESENTATION_CONTEXT(2) 
PARAMETRIC_REPRESENTATION_CONTEXT() REPRESENTATION_CONTEXT('2D SPACE',''
  ) );
#11329 = PCURVE('',#11298,#11330);
#11330 = DEFINITIONAL_REPRESENTATION('',(#11331),#11335);
#11331 = LINE('',#11332,#11333);
#11332 = CARTESIAN_POINT('',(6.28318530718,0.));
#11333 = VECTOR('',#11334,1.);
#11334 = DIRECTION('',(0.,1.));
#11335 = ( GEOMETRIC_REPRESENTATION_CONTEXT(2) 
PARAMETRIC_REPRESENTATION_CONTEXT() REPRESENTATION_CONTEXT('2D SPACE',''
  ) );
#11336 = ORIENTED_EDGE('',*,*,#11337,.F.);
#11337 = EDGE_CURVE('',#11316,#11316,#11338,.T.);
#11338 = SURFACE_CURVE('',#11339,(#11344,#11351),.PCURVE_S1.);
#11339 = CIRCLE('',#11340,17.8832562);
#11340 = AXIS2_PLACEMENT_3D('',#11341,#11342,#11343);
#11341 = CARTESIAN_POINT('',(-6.939142626534E-16,0.,8.071446650115));
#11342 = DIRECTION('',(-3.903127820948E-18,0.,1.));
#11343 = DIRECTION('',(1.,0.,3.903127820948E-18));
#11344 = PCURVE('',#11298,#11345);
#11345 = DEFINITIONAL_REPRESENTATION('',(#11346),#11350);
#11346 = LINE('',#11347,#11348);
#11347 = CARTESIAN_POINT('',(6.28318530718,-80.37478706279));
#11348 = VECTOR('',#11349,1.);
#11349 = DIRECTION('',(-1.,0.));
#11350 = ( GEOMETRIC_REPRESENTATION_CONTEXT(2) 
PARAMETRIC_REPRESENTATION_CONTEXT() REPRESENTATION_CONTEXT('2D SPACE',''
  ) );
#11351 = PCURVE('',#11352,#11357);
#11352 = CONICAL_SURFACE('',#11353,12.8038476,1.0471975512);
#11353 = AXIS2_PLACEMENT_3D('',#11354,#11355,#11356);
#11354 = CARTESIAN_POINT('',(-7.053605671532E-16,0.,11.004044562578));
#11355 = DIRECTION('',(3.903127820948E-18,0.,-1.));
#11356 = DIRECTION('',(-1.,0.,-3.903127820948E-18));
#11357 = DEFINITIONAL_REPRESENTATION('',(#11358),#11362);
#11358 = LINE('',#11359,#11360);
#11359 = CARTESIAN_POINT('',(9.424777960769,2.932597919999));
#11360 = VECTOR('',#11361,1.);
#11361 = DIRECTION('',(-1.,0.));
#11362 = ( GEOMETRIC_REPRESENTATION_CONTEXT(2) 
PARAMETRIC_REPRESENTATION_CONTEXT() REPRESENTATION_CONTEXT('2D SPACE',''
  ) );
#11363 = ORIENTED_EDGE('',*,*,#11315,.T.);
#11364 = ADVANCED_FACE('',(#11365),#11352,.T.);
#11365 = FACE_BOUND('',#11366,.T.);
#11366 = EDGE_LOOP('',(#11367,#11368,#11390,#11417));
#11367 = ORIENTED_EDGE('',*,*,#11337,.T.);
#11368 = ORIENTED_EDGE('',*,*,#11369,.F.);
#11369 = EDGE_CURVE('',#11370,#11316,#11372,.T.);
#11370 = VERTEX_POINT('',#11371);
#11371 = CARTESIAN_POINT('',(12.803847577293,0.,11.004044562578));
#11372 = SEAM_CURVE('',#11373,(#11376,#11383),.PCURVE_S1.);
#11373 = B_SPLINE_CURVE_WITH_KNOTS('',1,(#11374,#11375),.UNSPECIFIED.,
  .F.,.F.,(2,2),(0.,5.865195840033),.PIECEWISE_BEZIER_KNOTS.);
#11374 = CARTESIAN_POINT('',(12.8038476,4.704057294033E-15,
    11.004044562578));
#11375 = CARTESIAN_POINT('',(17.883256195649,6.5702017375E-15,
    8.071446642579));
#11376 = PCURVE('',#11352,#11377);
#11377 = DEFINITIONAL_REPRESENTATION('',(#11378),#11382);
#11378 = LINE('',#11379,#11380);
#11379 = CARTESIAN_POINT('',(3.14159265359,0.));
#11380 = VECTOR('',#11381,1.);
#11381 = DIRECTION('',(0.,1.));
#11382 = ( GEOMETRIC_REPRESENTATION_CONTEXT(2) 
PARAMETRIC_REPRESENTATION_CONTEXT() REPRESENTATION_CONTEXT('2D SPACE',''
  ) );
#11383 = PCURVE('',#11352,#11384);
#11384 = DEFINITIONAL_REPRESENTATION('',(#11385),#11389);
#11385 = LINE('',#11386,#11387);
#11386 = CARTESIAN_POINT('',(9.424777960769,0.));
#11387 = VECTOR('',#11388,1.);
#11388 = DIRECTION('',(0.,1.));
#11389 = ( GEOMETRIC_REPRESENTATION_CONTEXT(2) 
PARAMETRIC_REPRESENTATION_CONTEXT() REPRESENTATION_CONTEXT('2D SPACE',''
  ) );
#11390 = ORIENTED_EDGE('',*,*,#11391,.F.);
#11391 = EDGE_CURVE('',#11370,#11370,#11392,.T.);
#11392 = SURFACE_CURVE('',#11393,(#11398,#11405),.PCURVE_S1.);
#11393 = CIRCLE('',#11394,12.8038476);
#11394 = AXIS2_PLACEMENT_3D('',#11395,#11396,#11397);
#11395 = CARTESIAN_POINT('',(-7.053605671532E-16,0.,11.004044562578));
#11396 = DIRECTION('',(-3.903127820948E-18,0.,1.));
#11397 = DIRECTION('',(1.,0.,3.903127820948E-18));
#11398 = PCURVE('',#11352,#11399);
#11399 = DEFINITIONAL_REPRESENTATION('',(#11400),#11404);
#11400 = LINE('',#11401,#11402);
#11401 = CARTESIAN_POINT('',(9.424777960769,0.));
#11402 = VECTOR('',#11403,1.);
#11403 = DIRECTION('',(-1.,0.));
#11404 = ( GEOMETRIC_REPRESENTATION_CONTEXT(2) 
PARAMETRIC_REPRESENTATION_CONTEXT() REPRESENTATION_CONTEXT('2D SPACE',''
  ) );
#11405 = PCURVE('',#11406,#11411);
#11406 = CONICAL_SURFACE('',#11407,18.,1.0471975512);
#11407 = AXIS2_PLACEMENT_3D('',#11408,#11409,#11410);
#11408 = CARTESIAN_POINT('',(-7.170699506161E-16,0.,14.004044562578));
#11409 = DIRECTION('',(-3.903127820948E-18,0.,1.));
#11410 = DIRECTION('',(1.,0.,3.903127820948E-18));
#11411 = DEFINITIONAL_REPRESENTATION('',(#11412),#11416);
#11412 = LINE('',#11413,#11414);
#11413 = CARTESIAN_POINT('',(0.,-2.99999999015));
#11414 = VECTOR('',#11415,1.);
#11415 = DIRECTION('',(1.,0.));
#11416 = ( GEOMETRIC_REPRESENTATION_CONTEXT(2) 
PARAMETRIC_REPRESENTATION_CONTEXT() REPRESENTATION_CONTEXT('2D SPACE',''
  ) );
#11417 = ORIENTED_EDGE('',*,*,#11369,.T.);
#11418 = ADVANCED_FACE('',(#11419),#11406,.T.);
#11419 = FACE_BOUND('',#11420,.T.);
#11420 = EDGE_LOOP('',(#11421,#11422,#11444,#11471));
#11421 = ORIENTED_EDGE('',*,*,#11391,.T.);
#11422 = ORIENTED_EDGE('',*,*,#11423,.T.);
#11423 = EDGE_CURVE('',#11370,#11424,#11426,.T.);
#11424 = VERTEX_POINT('',#11425);
#11425 = CARTESIAN_POINT('',(18.,0.,14.004044562578));
#11426 = SEAM_CURVE('',#11427,(#11430,#11437),.PCURVE_S1.);
#11427 = B_SPLINE_CURVE_WITH_KNOTS('',1,(#11428,#11429),.UNSPECIFIED.,
  .F.,.F.,(2,2),(-5.999999980335,0.),.PIECEWISE_BEZIER_KNOTS.);
#11428 = CARTESIAN_POINT('',(12.803847594313,0.,11.004044572428));
#11429 = CARTESIAN_POINT('',(18.,0.,14.004044562578));
#11430 = PCURVE('',#11406,#11431);
#11431 = DEFINITIONAL_REPRESENTATION('',(#11432),#11436);
#11432 = LINE('',#11433,#11434);
#11433 = CARTESIAN_POINT('',(6.28318530718,0.));
#11434 = VECTOR('',#11435,1.);
#11435 = DIRECTION('',(0.,1.));
#11436 = ( GEOMETRIC_REPRESENTATION_CONTEXT(2) 
PARAMETRIC_REPRESENTATION_CONTEXT() REPRESENTATION_CONTEXT('2D SPACE',''
  ) );
#11437 = PCURVE('',#11406,#11438);
#11438 = DEFINITIONAL_REPRESENTATION('',(#11439),#11443);
#11439 = LINE('',#11440,#11441);
#11440 = CARTESIAN_POINT('',(4.138911435803E-13,0.));
#11441 = VECTOR('',#11442,1.);
#11442 = DIRECTION('',(0.,1.));
#11443 = ( GEOMETRIC_REPRESENTATION_CONTEXT(2) 
PARAMETRIC_REPRESENTATION_CONTEXT() REPRESENTATION_CONTEXT('2D SPACE',''
  ) );
#11444 = ORIENTED_EDGE('',*,*,#11445,.F.);
#11445 = EDGE_CURVE('',#11424,#11424,#11446,.T.);
#11446 = SURFACE_CURVE('',#11447,(#11452,#11459),.PCURVE_S1.);
#11447 = CIRCLE('',#11448,18.);
#11448 = AXIS2_PLACEMENT_3D('',#11449,#11450,#11451);
#11449 = CARTESIAN_POINT('',(-7.170699506161E-16,0.,14.004044562578));
#11450 = DIRECTION('',(-3.903127820948E-18,0.,1.));
#11451 = DIRECTION('',(1.,0.,3.903127820948E-18));
#11452 = PCURVE('',#11406,#11453);
#11453 = DEFINITIONAL_REPRESENTATION('',(#11454),#11458);
#11454 = LINE('',#11455,#11456);
#11455 = CARTESIAN_POINT('',(0.,0.));
#11456 = VECTOR('',#11457,1.);
#11457 = DIRECTION('',(1.,0.));
#11458 = ( GEOMETRIC_REPRESENTATION_CONTEXT(2) 
PARAMETRIC_REPRESENTATION_CONTEXT() REPRESENTATION_CONTEXT('2D SPACE',''
  ) );
#11459 = PCURVE('',#11460,#11465);
#11460 = CYLINDRICAL_SURFACE('',#11461,18.);
#11461 = AXIS2_PLACEMENT_3D('',#11462,#11463,#11464);
#11462 = CARTESIAN_POINT('',(-3.802011951659E-16,0.,-72.30334041267));
#11463 = DIRECTION('',(3.903127820948E-18,0.,-1.));
#11464 = DIRECTION('',(1.,0.,3.903127820948E-18));
#11465 = DEFINITIONAL_REPRESENTATION('',(#11466),#11470);
#11466 = LINE('',#11467,#11468);
#11467 = CARTESIAN_POINT('',(6.28318530718,-86.30738497525));
#11468 = VECTOR('',#11469,1.);
#11469 = DIRECTION('',(-1.,0.));
#11470 = ( GEOMETRIC_REPRESENTATION_CONTEXT(2) 
PARAMETRIC_REPRESENTATION_CONTEXT() REPRESENTATION_CONTEXT('2D SPACE',''
  ) );
#11471 = ORIENTED_EDGE('',*,*,#11423,.F.);
#11472 = ADVANCED_FACE('',(#11473),#11460,.T.);
#11473 = FACE_BOUND('',#11474,.T.);
#11474 = EDGE_LOOP('',(#11475,#11476,#11498,#11525));
#11475 = ORIENTED_EDGE('',*,*,#11445,.T.);
#11476 = ORIENTED_EDGE('',*,*,#11477,.F.);
#11477 = EDGE_CURVE('',#11478,#11424,#11480,.T.);
#11478 = VERTEX_POINT('',#11479);
#11479 = CARTESIAN_POINT('',(18.,0.,16.004044562578));
#11480 = SEAM_CURVE('',#11481,(#11484,#11491),.PCURVE_S1.);
#11481 = B_SPLINE_CURVE_WITH_KNOTS('',1,(#11482,#11483),.UNSPECIFIED.,
  .F.,.F.,(2,2),(-88.30738497525,-86.30738497525),
  .PIECEWISE_BEZIER_KNOTS.);
#11482 = CARTESIAN_POINT('',(18.,4.40872847693E-15,16.004044562578));
#11483 = CARTESIAN_POINT('',(18.,4.40872847693E-15,14.004044562578));
#11484 = PCURVE('',#11460,#11485);
#11485 = DEFINITIONAL_REPRESENTATION('',(#11486),#11490);
#11486 = LINE('',#11487,#11488);
#11487 = CARTESIAN_POINT('',(0.,0.));
#11488 = VECTOR('',#11489,1.);
#11489 = DIRECTION('',(0.,1.));
#11490 = ( GEOMETRIC_REPRESENTATION_CONTEXT(2) 
PARAMETRIC_REPRESENTATION_CONTEXT() REPRESENTATION_CONTEXT('2D SPACE',''
  ) );
#11491 = PCURVE('',#11460,#11492);
#11492 = DEFINITIONAL_REPRESENTATION('',(#11493),#11497);
#11493 = LINE('',#11494,#11495);
#11494 = CARTESIAN_POINT('',(6.28318530718,0.));
#11495 = VECTOR('',#11496,1.);
#11496 = DIRECTION('',(0.,1.));
#11497 = ( GEOMETRIC_REPRESENTATION_CONTEXT(2) 
PARAMETRIC_REPRESENTATION_CONTEXT() REPRESENTATION_CONTEXT('2D SPACE',''
  ) );
#11498 = ORIENTED_EDGE('',*,*,#11499,.F.);
#11499 = EDGE_CURVE('',#11478,#11478,#11500,.T.);
#11500 = SURFACE_CURVE('',#11501,(#11506,#11513),.PCURVE_S1.);
#11501 = CIRCLE('',#11502,18.);
#11502 = AXIS2_PLACEMENT_3D('',#11503,#11504,#11505);
#11503 = CARTESIAN_POINT('',(-7.248762062579E-16,0.,16.004044562578));
#11504 = DIRECTION('',(-3.903127820948E-18,0.,1.));
#11505 = DIRECTION('',(1.,0.,3.903127820948E-18));
#11506 = PCURVE('',#11460,#11507);
#11507 = DEFINITIONAL_REPRESENTATION('',(#11508),#11512);
#11508 = LINE('',#11509,#11510);
#11509 = CARTESIAN_POINT('',(6.28318530718,-88.30738497525));
#11510 = VECTOR('',#11511,1.);
#11511 = DIRECTION('',(-1.,0.));
#11512 = ( GEOMETRIC_REPRESENTATION_CONTEXT(2) 
PARAMETRIC_REPRESENTATION_CONTEXT() REPRESENTATION_CONTEXT('2D SPACE',''
  ) );
#11513 = PCURVE('',#11514,#11519);
#11514 = CONICAL_SURFACE('',#11515,12.8038476,1.0471975512);
#11515 = AXIS2_PLACEMENT_3D('',#11516,#11517,#11518);
#11516 = CARTESIAN_POINT('',(-7.365855897208E-16,0.,19.004044562578));
#11517 = DIRECTION('',(3.903127820948E-18,0.,-1.));
#11518 = DIRECTION('',(-1.,0.,-3.903127820948E-18));
#11519 = DEFINITIONAL_REPRESENTATION('',(#11520),#11524);
#11520 = LINE('',#11521,#11522);
#11521 = CARTESIAN_POINT('',(9.424777960769,2.99999999015));
#11522 = VECTOR('',#11523,1.);
#11523 = DIRECTION('',(-1.,0.));
#11524 = ( GEOMETRIC_REPRESENTATION_CONTEXT(2) 
PARAMETRIC_REPRESENTATION_CONTEXT() REPRESENTATION_CONTEXT('2D SPACE',''
  ) );
#11525 = ORIENTED_EDGE('',*,*,#11477,.T.);
#11526 = ADVANCED_FACE('',(#11527),#11514,.T.);
#11527 = FACE_BOUND('',#11528,.T.);
#11528 = EDGE_LOOP('',(#11529,#11530,#11552,#11579));
#11529 = ORIENTED_EDGE('',*,*,#11499,.T.);
#11530 = ORIENTED_EDGE('',*,*,#11531,.F.);
#11531 = EDGE_CURVE('',#11532,#11478,#11534,.T.);
#11532 = VERTEX_POINT('',#11533);
#11533 = CARTESIAN_POINT('',(12.803847577293,0.,19.004044562578));
#11534 = SEAM_CURVE('',#11535,(#11538,#11545),.PCURVE_S1.);
#11535 = B_SPLINE_CURVE_WITH_KNOTS('',1,(#11536,#11537),.UNSPECIFIED.,
  .F.,.F.,(2,2),(0.,5.999999980335),.PIECEWISE_BEZIER_KNOTS.);
#11536 = CARTESIAN_POINT('',(12.8038476,4.704057294033E-15,
    19.004044562578));
#11537 = CARTESIAN_POINT('',(18.000000005687,6.613092717485E-15,
    16.004044572428));
#11538 = PCURVE('',#11514,#11539);
#11539 = DEFINITIONAL_REPRESENTATION('',(#11540),#11544);
#11540 = LINE('',#11541,#11542);
#11541 = CARTESIAN_POINT('',(3.14159265359,0.));
#11542 = VECTOR('',#11543,1.);
#11543 = DIRECTION('',(0.,1.));
#11544 = ( GEOMETRIC_REPRESENTATION_CONTEXT(2) 
PARAMETRIC_REPRESENTATION_CONTEXT() REPRESENTATION_CONTEXT('2D SPACE',''
  ) );
#11545 = PCURVE('',#11514,#11546);
#11546 = DEFINITIONAL_REPRESENTATION('',(#11547),#11551);
#11547 = LINE('',#11548,#11549);
#11548 = CARTESIAN_POINT('',(9.424777960769,0.));
#11549 = VECTOR('',#11550,1.);
#11550 = DIRECTION('',(0.,1.));
#11551 = ( GEOMETRIC_REPRESENTATION_CONTEXT(2) 
PARAMETRIC_REPRESENTATION_CONTEXT() REPRESENTATION_CONTEXT('2D SPACE',''
  ) );
#11552 = ORIENTED_EDGE('',*,*,#11553,.F.);
#11553 = EDGE_CURVE('',#11532,#11532,#11554,.T.);
#11554 = SURFACE_CURVE('',#11555,(#11560,#11567),.PCURVE_S1.);
#11555 = CIRCLE('',#11556,12.8038476);
#11556 = AXIS2_PLACEMENT_3D('',#11557,#11558,#11559);
#11557 = CARTESIAN_POINT('',(-7.365855897208E-16,0.,19.004044562578));
#11558 = DIRECTION('',(-3.903127820948E-18,0.,1.));
#11559 = DIRECTION('',(1.,0.,3.903127820948E-18));
#11560 = PCURVE('',#11514,#11561);
#11561 = DEFINITIONAL_REPRESENTATION('',(#11562),#11566);
#11562 = LINE('',#11563,#11564);
#11563 = CARTESIAN_POINT('',(9.424777960769,0.));
#11564 = VECTOR('',#11565,1.);
#11565 = DIRECTION('',(-1.,0.));
#11566 = ( GEOMETRIC_REPRESENTATION_CONTEXT(2) 
PARAMETRIC_REPRESENTATION_CONTEXT() REPRESENTATION_CONTEXT('2D SPACE',''
  ) );
#11567 = PCURVE('',#11568,#11573);
#11568 = CONICAL_SURFACE('',#11569,12.8038476,1.085492765);
#11569 = AXIS2_PLACEMENT_3D('',#11570,#11571,#11572);
#11570 = CARTESIAN_POINT('',(-7.365855897208E-16,0.,19.004044562578));
#11571 = DIRECTION('',(-3.903127820948E-18,0.,1.));
#11572 = DIRECTION('',(1.,0.,3.903127820948E-18));
#11573 = DEFINITIONAL_REPRESENTATION('',(#11574),#11578);
#11574 = LINE('',#11575,#11576);
#11575 = CARTESIAN_POINT('',(0.,0.));
#11576 = VECTOR('',#11577,1.);
#11577 = DIRECTION('',(1.,0.));
#11578 = ( GEOMETRIC_REPRESENTATION_CONTEXT(2) 
PARAMETRIC_REPRESENTATION_CONTEXT() REPRESENTATION_CONTEXT('2D SPACE',''
  ) );
#11579 = ORIENTED_EDGE('',*,*,#11531,.T.);
#11580 = ADVANCED_FACE('',(#11581),#11568,.T.);
#11581 = FACE_BOUND('',#11582,.T.);
#11582 = EDGE_LOOP('',(#11583,#11612,#11632,#11633));
#11583 = ORIENTED_EDGE('',*,*,#11584,.F.);
#11584 = EDGE_CURVE('',#11585,#11585,#11587,.T.);
#11585 = VERTEX_POINT('',#11586);
#11586 = CARTESIAN_POINT('',(18.,0.,21.744342520833));
#11587 = SURFACE_CURVE('',#11588,(#11593,#11600),.PCURVE_S1.);
#11588 = CIRCLE('',#11589,18.);
#11589 = AXIS2_PLACEMENT_3D('',#11590,#11591,#11592);
#11590 = CARTESIAN_POINT('',(-7.472813229193E-16,0.,21.744342520833));
#11591 = DIRECTION('',(-3.903127820948E-18,0.,1.));
#11592 = DIRECTION('',(1.,0.,3.903127820948E-18));
#11593 = PCURVE('',#11568,#11594);
#11594 = DEFINITIONAL_REPRESENTATION('',(#11595),#11599);
#11595 = LINE('',#11596,#11597);
#11596 = CARTESIAN_POINT('',(0.,2.740297948924));
#11597 = VECTOR('',#11598,1.);
#11598 = DIRECTION('',(1.,0.));
#11599 = ( GEOMETRIC_REPRESENTATION_CONTEXT(2) 
PARAMETRIC_REPRESENTATION_CONTEXT() REPRESENTATION_CONTEXT('2D SPACE',''
  ) );
#11600 = PCURVE('',#11601,#11606);
#11601 = CYLINDRICAL_SURFACE('',#11602,18.);
#11602 = AXIS2_PLACEMENT_3D('',#11603,#11604,#11605);
#11603 = CARTESIAN_POINT('',(-3.802011951659E-16,0.,-72.30334041267));
#11604 = DIRECTION('',(3.903127820948E-18,0.,-1.));
#11605 = DIRECTION('',(1.,0.,3.903127820948E-18));
#11606 = DEFINITIONAL_REPRESENTATION('',(#11607),#11611);
#11607 = LINE('',#11608,#11609);
#11608 = CARTESIAN_POINT('',(6.28318530718,-94.0476829335));
#11609 = VECTOR('',#11610,1.);
#11610 = DIRECTION('',(-1.,0.));
#11611 = ( GEOMETRIC_REPRESENTATION_CONTEXT(2) 
PARAMETRIC_REPRESENTATION_CONTEXT() REPRESENTATION_CONTEXT('2D SPACE',''
  ) );
#11612 = ORIENTED_EDGE('',*,*,#11613,.F.);
#11613 = EDGE_CURVE('',#11532,#11585,#11614,.T.);
#11614 = SEAM_CURVE('',#11615,(#11618,#11625),.PCURVE_S1.);
#11615 = B_SPLINE_CURVE_WITH_KNOTS('',1,(#11616,#11617),.UNSPECIFIED.,
  .F.,.F.,(2,2),(0.,5.874455946217),.PIECEWISE_BEZIER_KNOTS.);
#11616 = CARTESIAN_POINT('',(12.8038476,-3.136038196022E-15,
    19.004044562578));
#11617 = CARTESIAN_POINT('',(18.000000004921,-4.408728478136E-15,
    21.744342511503));
#11618 = PCURVE('',#11568,#11619);
#11619 = DEFINITIONAL_REPRESENTATION('',(#11620),#11624);
#11620 = LINE('',#11621,#11622);
#11621 = CARTESIAN_POINT('',(0.,0.));
#11622 = VECTOR('',#11623,1.);
#11623 = DIRECTION('',(0.,1.));
#11624 = ( GEOMETRIC_REPRESENTATION_CONTEXT(2) 
PARAMETRIC_REPRESENTATION_CONTEXT() REPRESENTATION_CONTEXT('2D SPACE',''
  ) );
#11625 = PCURVE('',#11568,#11626);
#11626 = DEFINITIONAL_REPRESENTATION('',(#11627),#11631);
#11627 = LINE('',#11628,#11629);
#11628 = CARTESIAN_POINT('',(6.28318530718,0.));
#11629 = VECTOR('',#11630,1.);
#11630 = DIRECTION('',(0.,1.));
#11631 = ( GEOMETRIC_REPRESENTATION_CONTEXT(2) 
PARAMETRIC_REPRESENTATION_CONTEXT() REPRESENTATION_CONTEXT('2D SPACE',''
  ) );
#11632 = ORIENTED_EDGE('',*,*,#11553,.T.);
#11633 = ORIENTED_EDGE('',*,*,#11613,.T.);
#11634 = ADVANCED_FACE('',(#11635),#11601,.T.);
#11635 = FACE_BOUND('',#11636,.T.);
#11636 = EDGE_LOOP('',(#11637,#11666,#11686,#11687));
#11637 = ORIENTED_EDGE('',*,*,#11638,.F.);
#11638 = EDGE_CURVE('',#11639,#11639,#11641,.T.);
#11639 = VERTEX_POINT('',#11640);
#11640 = CARTESIAN_POINT('',(18.,0.,23.744342520833));
#11641 = SURFACE_CURVE('',#11642,(#11647,#11654),.PCURVE_S1.);
#11642 = CIRCLE('',#11643,18.);
#11643 = AXIS2_PLACEMENT_3D('',#11644,#11645,#11646);
#11644 = CARTESIAN_POINT('',(-7.550875785612E-16,0.,23.744342520833));
#11645 = DIRECTION('',(-3.903127820948E-18,0.,1.));
#11646 = DIRECTION('',(1.,0.,3.903127820948E-18));
#11647 = PCURVE('',#11601,#11648);
#11648 = DEFINITIONAL_REPRESENTATION('',(#11649),#11653);
#11649 = LINE('',#11650,#11651);
#11650 = CARTESIAN_POINT('',(6.28318530718,-96.0476829335));
#11651 = VECTOR('',#11652,1.);
#11652 = DIRECTION('',(-1.,0.));
#11653 = ( GEOMETRIC_REPRESENTATION_CONTEXT(2) 
PARAMETRIC_REPRESENTATION_CONTEXT() REPRESENTATION_CONTEXT('2D SPACE',''
  ) );
#11654 = PCURVE('',#11655,#11660);
#11655 = CONICAL_SURFACE('',#11656,18.,0.9147429527);
#11656 = AXIS2_PLACEMENT_3D('',#11657,#11658,#11659);
#11657 = CARTESIAN_POINT('',(-7.550875785612E-16,0.,23.744342520833));
#11658 = DIRECTION('',(3.903127820948E-18,0.,-1.));
#11659 = DIRECTION('',(-1.,0.,-3.903127820948E-18));
#11660 = DEFINITIONAL_REPRESENTATION('',(#11661),#11665);
#11661 = LINE('',#11662,#11663);
#11662 = CARTESIAN_POINT('',(9.424777960769,0.));
#11663 = VECTOR('',#11664,1.);
#11664 = DIRECTION('',(-1.,0.));
#11665 = ( GEOMETRIC_REPRESENTATION_CONTEXT(2) 
PARAMETRIC_REPRESENTATION_CONTEXT() REPRESENTATION_CONTEXT('2D SPACE',''
  ) );
#11666 = ORIENTED_EDGE('',*,*,#11667,.T.);
#11667 = EDGE_CURVE('',#11639,#11585,#11668,.T.);
#11668 = SEAM_CURVE('',#11669,(#11672,#11679),.PCURVE_S1.);
#11669 = B_SPLINE_CURVE_WITH_KNOTS('',1,(#11670,#11671),.UNSPECIFIED.,
  .F.,.F.,(2,2),(-96.0476829335,-94.0476829335),
  .PIECEWISE_BEZIER_KNOTS.);
#11670 = CARTESIAN_POINT('',(18.,0.,23.744342520833));
#11671 = CARTESIAN_POINT('',(18.,0.,21.744342520833));
#11672 = PCURVE('',#11601,#11673);
#11673 = DEFINITIONAL_REPRESENTATION('',(#11674),#11678);
#11674 = LINE('',#11675,#11676);
#11675 = CARTESIAN_POINT('',(6.28318530718,0.));
#11676 = VECTOR('',#11677,1.);
#11677 = DIRECTION('',(0.,1.));
#11678 = ( GEOMETRIC_REPRESENTATION_CONTEXT(2) 
PARAMETRIC_REPRESENTATION_CONTEXT() REPRESENTATION_CONTEXT('2D SPACE',''
  ) );
#11679 = PCURVE('',#11601,#11680);
#11680 = DEFINITIONAL_REPRESENTATION('',(#11681),#11685);
#11681 = LINE('',#11682,#11683);
#11682 = CARTESIAN_POINT('',(4.138911435803E-13,0.));
#11683 = VECTOR('',#11684,1.);
#11684 = DIRECTION('',(0.,1.));
#11685 = ( GEOMETRIC_REPRESENTATION_CONTEXT(2) 
PARAMETRIC_REPRESENTATION_CONTEXT() REPRESENTATION_CONTEXT('2D SPACE',''
  ) );
#11686 = ORIENTED_EDGE('',*,*,#11584,.T.);
#11687 = ORIENTED_EDGE('',*,*,#11667,.F.);
#11688 = ADVANCED_FACE('',(#11689),#11655,.T.);
#11689 = FACE_BOUND('',#11690,.T.);
#11690 = EDGE_LOOP('',(#11691,#11724,#11744,#11745));
#11691 = ORIENTED_EDGE('',*,*,#11692,.F.);
#11692 = EDGE_CURVE('',#11693,#11693,#11695,.T.);
#11693 = VERTEX_POINT('',#11694);
#11694 = CARTESIAN_POINT('',(12.803847577293,0.,27.744342520833));
#11695 = SURFACE_CURVE('',#11696,(#11701,#11708),.PCURVE_S1.);
#11696 = CIRCLE('',#11697,12.8038476);
#11697 = AXIS2_PLACEMENT_3D('',#11698,#11699,#11700);
#11698 = CARTESIAN_POINT('',(-7.70700089845E-16,0.,27.744342520833));
#11699 = DIRECTION('',(-3.903127820948E-18,0.,1.));
#11700 = DIRECTION('',(1.,0.,3.903127820948E-18));
#11701 = PCURVE('',#11655,#11702);
#11702 = DEFINITIONAL_REPRESENTATION('',(#11703),#11707);
#11703 = LINE('',#11704,#11705);
#11704 = CARTESIAN_POINT('',(9.424777960769,-3.999999989204));
#11705 = VECTOR('',#11706,1.);
#11706 = DIRECTION('',(-1.,0.));
#11707 = ( GEOMETRIC_REPRESENTATION_CONTEXT(2) 
PARAMETRIC_REPRESENTATION_CONTEXT() REPRESENTATION_CONTEXT('2D SPACE',''
  ) );
#11708 = PCURVE('',#11709,#11714);
#11709 = PLANE('',#11710);
#11710 = AXIS2_PLACEMENT_3D('',#11711,#11712,#11713);
#11711 = CARTESIAN_POINT('',(-6.401923788647,0.,27.744342520833));
#11712 = DIRECTION('',(3.903127820948E-18,0.,-1.));
#11713 = DIRECTION('',(-1.,0.,-3.903127820948E-18));
#11714 = DEFINITIONAL_REPRESENTATION('',(#11715),#11723);
#11715 = ( BOUNDED_CURVE() B_SPLINE_CURVE(2,(#11716,#11717,#11718,#11719
    ,#11720,#11721,#11722),.UNSPECIFIED.,.T.,.F.) 
B_SPLINE_CURVE_WITH_KNOTS((1,2,2,2,2,1),(-2.094395102393,0.,
    2.094395102393,4.188790204786,6.28318530718,8.377580409573),
.UNSPECIFIED.) CURVE() GEOMETRIC_REPRESENTATION_ITEM() 
RATIONAL_B_SPLINE_CURVE((1.,0.5,1.,0.5,1.,0.5,1.)) REPRESENTATION_ITEM(
  '') );
#11716 = CARTESIAN_POINT('',(-19.20577138864,0.));
#11717 = CARTESIAN_POINT('',(-19.20577138864,22.176914575569));
#11718 = CARTESIAN_POINT('',(1.135299765309E-08,11.088457287784));
#11719 = CARTESIAN_POINT('',(19.205771411353,3.136038196022E-15));
#11720 = CARTESIAN_POINT('',(1.13530056467E-08,-11.08845728778));
#11721 = CARTESIAN_POINT('',(-19.20577138864,-22.17691457556));
#11722 = CARTESIAN_POINT('',(-19.20577138864,0.));
#11723 = ( GEOMETRIC_REPRESENTATION_CONTEXT(2) 
PARAMETRIC_REPRESENTATION_CONTEXT() REPRESENTATION_CONTEXT('2D SPACE',''
  ) );
#11724 = ORIENTED_EDGE('',*,*,#11725,.T.);
#11725 = EDGE_CURVE('',#11693,#11639,#11726,.T.);
#11726 = SEAM_CURVE('',#11727,(#11730,#11737),.PCURVE_S1.);
#11727 = B_SPLINE_CURVE_WITH_KNOTS('',1,(#11728,#11729),.UNSPECIFIED.,
  .F.,.F.,(2,2),(-6.557438506309,0.),.PIECEWISE_BEZIER_KNOTS.);
#11728 = CARTESIAN_POINT('',(12.803847591689,1.568019096993E-15,
    27.744342510037));
#11729 = CARTESIAN_POINT('',(18.,2.204364238465E-15,23.744342520833));
#11730 = PCURVE('',#11655,#11731);
#11731 = DEFINITIONAL_REPRESENTATION('',(#11732),#11736);
#11732 = LINE('',#11733,#11734);
#11733 = CARTESIAN_POINT('',(9.424777960769,0.));
#11734 = VECTOR('',#11735,1.);
#11735 = DIRECTION('',(0.,1.));
#11736 = ( GEOMETRIC_REPRESENTATION_CONTEXT(2) 
PARAMETRIC_REPRESENTATION_CONTEXT() REPRESENTATION_CONTEXT('2D SPACE',''
  ) );
#11737 = PCURVE('',#11655,#11738);
#11738 = DEFINITIONAL_REPRESENTATION('',(#11739),#11743);
#11739 = LINE('',#11740,#11741);
#11740 = CARTESIAN_POINT('',(3.14159265359,0.));
#11741 = VECTOR('',#11742,1.);
#11742 = DIRECTION('',(0.,1.));
#11743 = ( GEOMETRIC_REPRESENTATION_CONTEXT(2) 
PARAMETRIC_REPRESENTATION_CONTEXT() REPRESENTATION_CONTEXT('2D SPACE',''
  ) );
#11744 = ORIENTED_EDGE('',*,*,#11638,.T.);
#11745 = ORIENTED_EDGE('',*,*,#11725,.F.);
#11746 = ADVANCED_FACE('',(#11747,#11778),#11709,.F.);
#11747 = FACE_BOUND('',#11748,.T.);
#11748 = EDGE_LOOP('',(#11749));
#11749 = ORIENTED_EDGE('',*,*,#11750,.T.);
#11750 = EDGE_CURVE('',#11751,#11751,#11753,.T.);
#11751 = VERTEX_POINT('',#11752);
#11752 = CARTESIAN_POINT('',(10.2511419,0.,27.744342520833));
#11753 = SURFACE_CURVE('',#11754,(#11759,#11766),.PCURVE_S1.);
#11754 = CIRCLE('',#11755,10.2511419);
#11755 = AXIS2_PLACEMENT_3D('',#11756,#11757,#11758);
#11756 = CARTESIAN_POINT('',(-8.881784197001E-16,0.,27.744342520833));
#11757 = DIRECTION('',(0.,0.,-1.));
#11758 = DIRECTION('',(1.,1.224646799147E-16,0.));
#11759 = PCURVE('',#11709,#11760);
#11760 = DEFINITIONAL_REPRESENTATION('',(#11761),#11765);
#11761 = CIRCLE('',#11762,10.2511419);
#11762 = AXIS2_PLACEMENT_2D('',#11763,#11764);
#11763 = CARTESIAN_POINT('',(-6.401923788647,0.));
#11764 = DIRECTION('',(-1.,1.224646799147E-16));
#11765 = ( GEOMETRIC_REPRESENTATION_CONTEXT(2) 
PARAMETRIC_REPRESENTATION_CONTEXT() REPRESENTATION_CONTEXT('2D SPACE',''
  ) );
#11766 = PCURVE('',#11767,#11772);
#11767 = CYLINDRICAL_SURFACE('',#11768,10.2511419);
#11768 = AXIS2_PLACEMENT_3D('',#11769,#11770,#11771);
#11769 = CARTESIAN_POINT('',(-2.710505431214E-17,0.,64.087595630213));
#11770 = DIRECTION('',(-0.,-0.,-1.));
#11771 = DIRECTION('',(1.,0.,0.));
#11772 = DEFINITIONAL_REPRESENTATION('',(#11773),#11777);
#11773 = LINE('',#11774,#11775);
#11774 = CARTESIAN_POINT('',(0.,36.34325310938));
#11775 = VECTOR('',#11776,1.);
#11776 = DIRECTION('',(1.,0.));
#11777 = ( GEOMETRIC_REPRESENTATION_CONTEXT(2) 
PARAMETRIC_REPRESENTATION_CONTEXT() REPRESENTATION_CONTEXT('2D SPACE',''
  ) );
#11778 = FACE_BOUND('',#11779,.T.);
#11779 = EDGE_LOOP('',(#11780));
#11780 = ORIENTED_EDGE('',*,*,#11692,.T.);
#11781 = ADVANCED_FACE('',(#11782),#11767,.T.);
#11782 = FACE_BOUND('',#11783,.T.);
#11783 = EDGE_LOOP('',(#11784,#11817,#11837,#11838));
#11784 = ORIENTED_EDGE('',*,*,#11785,.F.);
#11785 = EDGE_CURVE('',#11786,#11786,#11788,.T.);
#11786 = VERTEX_POINT('',#11787);
#11787 = CARTESIAN_POINT('',(10.251141898334,0.,39.796300175883));
#11788 = SURFACE_CURVE('',#11789,(#11794,#11801),.PCURVE_S1.);
#11789 = CIRCLE('',#11790,10.2511419);
#11790 = AXIS2_PLACEMENT_3D('',#11791,#11792,#11793);
#11791 = CARTESIAN_POINT('',(-2.710505431214E-17,0.,39.796300175883));
#11792 = DIRECTION('',(0.,0.,1.));
#11793 = DIRECTION('',(1.,0.,0.));
#11794 = PCURVE('',#11767,#11795);
#11795 = DEFINITIONAL_REPRESENTATION('',(#11796),#11800);
#11796 = LINE('',#11797,#11798);
#11797 = CARTESIAN_POINT('',(6.28318530718,24.29129545433));
#11798 = VECTOR('',#11799,1.);
#11799 = DIRECTION('',(-1.,0.));
#11800 = ( GEOMETRIC_REPRESENTATION_CONTEXT(2) 
PARAMETRIC_REPRESENTATION_CONTEXT() REPRESENTATION_CONTEXT('2D SPACE',''
  ) );
#11801 = PCURVE('',#11802,#11807);
#11802 = PLANE('',#11803);
#11803 = AXIS2_PLACEMENT_3D('',#11804,#11805,#11806);
#11804 = CARTESIAN_POINT('',(-11.28454161807,0.,39.796300175883));
#11805 = DIRECTION('',(0.,0.,-1.));
#11806 = DIRECTION('',(-1.,0.,0.));
#11807 = DEFINITIONAL_REPRESENTATION('',(#11808),#11816);
#11808 = ( BOUNDED_CURVE() B_SPLINE_CURVE(2,(#11809,#11810,#11811,#11812
    ,#11813,#11814,#11815),.UNSPECIFIED.,.T.,.F.) 
B_SPLINE_CURVE_WITH_KNOTS((1,2,2,2,2,1),(-2.094395102393,0.,
    2.094395102393,4.188790204786,6.28318530718,8.377580409573),
.UNSPECIFIED.) CURVE() GEOMETRIC_REPRESENTATION_ITEM() 
RATIONAL_B_SPLINE_CURVE((1.,0.5,1.,0.5,1.,0.5,1.)) REPRESENTATION_ITEM(
  '') );
#11809 = CARTESIAN_POINT('',(-21.53568351807,0.));
#11810 = CARTESIAN_POINT('',(-21.53568351807,17.755498606398));
#11811 = CARTESIAN_POINT('',(-6.15897066807,8.877749303199));
#11812 = CARTESIAN_POINT('',(9.21774218193,2.510805623088E-15));
#11813 = CARTESIAN_POINT('',(-6.15897066807,-8.877749303199));
#11814 = CARTESIAN_POINT('',(-21.53568351807,-17.75549860639));
#11815 = CARTESIAN_POINT('',(-21.53568351807,0.));
#11816 = ( GEOMETRIC_REPRESENTATION_CONTEXT(2) 
PARAMETRIC_REPRESENTATION_CONTEXT() REPRESENTATION_CONTEXT('2D SPACE',''
  ) );
#11817 = ORIENTED_EDGE('',*,*,#11818,.T.);
#11818 = EDGE_CURVE('',#11786,#11751,#11819,.T.);
#11819 = SEAM_CURVE('',#11820,(#11823,#11830),.PCURVE_S1.);
#11820 = B_SPLINE_CURVE_WITH_KNOTS('',1,(#11821,#11822),.UNSPECIFIED.,
  .F.,.F.,(2,2),(24.29129545433,36.34325310938),
  .PIECEWISE_BEZIER_KNOTS.);
#11821 = CARTESIAN_POINT('',(10.2511419,0.,39.796300175883));
#11822 = CARTESIAN_POINT('',(10.2511419,0.,27.744342520833));
#11823 = PCURVE('',#11767,#11824);
#11824 = DEFINITIONAL_REPRESENTATION('',(#11825),#11829);
#11825 = LINE('',#11826,#11827);
#11826 = CARTESIAN_POINT('',(6.28318530718,0.));
#11827 = VECTOR('',#11828,1.);
#11828 = DIRECTION('',(0.,1.));
#11829 = ( GEOMETRIC_REPRESENTATION_CONTEXT(2) 
PARAMETRIC_REPRESENTATION_CONTEXT() REPRESENTATION_CONTEXT('2D SPACE',''
  ) );
#11830 = PCURVE('',#11767,#11831);
#11831 = DEFINITIONAL_REPRESENTATION('',(#11832),#11836);
#11832 = LINE('',#11833,#11834);
#11833 = CARTESIAN_POINT('',(4.138911435803E-13,0.));
#11834 = VECTOR('',#11835,1.);
#11835 = DIRECTION('',(0.,1.));
#11836 = ( GEOMETRIC_REPRESENTATION_CONTEXT(2) 
PARAMETRIC_REPRESENTATION_CONTEXT() REPRESENTATION_CONTEXT('2D SPACE',''
  ) );
#11837 = ORIENTED_EDGE('',*,*,#11750,.F.);
#11838 = ORIENTED_EDGE('',*,*,#11818,.F.);
#11839 = ADVANCED_FACE('',(#11840,#11843),#11802,.T.);
#11840 = FACE_BOUND('',#11841,.T.);
#11841 = EDGE_LOOP('',(#11842));
#11842 = ORIENTED_EDGE('',*,*,#11785,.T.);
#11843 = FACE_BOUND('',#11844,.T.);
#11844 = EDGE_LOOP('',(#11845));
#11845 = ORIENTED_EDGE('',*,*,#11846,.F.);
#11846 = EDGE_CURVE('',#11847,#11847,#11849,.T.);
#11847 = VERTEX_POINT('',#11848);
#11848 = CARTESIAN_POINT('',(12.5,0.,39.796300175883));
#11849 = SURFACE_CURVE('',#11850,(#11855,#11866),.PCURVE_S1.);
#11850 = CIRCLE('',#11851,12.5);
#11851 = AXIS2_PLACEMENT_3D('',#11852,#11853,#11854);
#11852 = CARTESIAN_POINT('',(-2.710505431214E-17,0.,39.796300175883));
#11853 = DIRECTION('',(0.,0.,1.));
#11854 = DIRECTION('',(1.,0.,0.));
#11855 = PCURVE('',#11802,#11856);
#11856 = DEFINITIONAL_REPRESENTATION('',(#11857),#11865);
#11857 = ( BOUNDED_CURVE() B_SPLINE_CURVE(2,(#11858,#11859,#11860,#11861
    ,#11862,#11863,#11864),.UNSPECIFIED.,.T.,.F.) 
B_SPLINE_CURVE_WITH_KNOTS((1,2,2,2,2,1),(-2.094395102393,0.,
    2.094395102393,4.188790204786,6.28318530718,8.377580409573),
.UNSPECIFIED.) CURVE() GEOMETRIC_REPRESENTATION_ITEM() 
RATIONAL_B_SPLINE_CURVE((1.,0.5,1.,0.5,1.,0.5,1.)) REPRESENTATION_ITEM(
  '') );
#11858 = CARTESIAN_POINT('',(-23.78454161807,0.));
#11859 = CARTESIAN_POINT('',(-23.78454161807,21.650635094611));
#11860 = CARTESIAN_POINT('',(-5.03454161807,10.825317547305));
#11861 = CARTESIAN_POINT('',(13.71545838193,3.061616997868E-15));
#11862 = CARTESIAN_POINT('',(-5.03454161807,-10.8253175473));
#11863 = CARTESIAN_POINT('',(-23.78454161807,-21.65063509461));
#11864 = CARTESIAN_POINT('',(-23.78454161807,0.));
#11865 = ( GEOMETRIC_REPRESENTATION_CONTEXT(2) 
PARAMETRIC_REPRESENTATION_CONTEXT() REPRESENTATION_CONTEXT('2D SPACE',''
  ) );
#11866 = PCURVE('',#11867,#11872);
#11867 = CYLINDRICAL_SURFACE('',#11868,12.5);
#11868 = AXIS2_PLACEMENT_3D('',#11869,#11870,#11871);
#11869 = CARTESIAN_POINT('',(-2.710505431214E-17,0.,64.087595630213));
#11870 = DIRECTION('',(-0.,-0.,-1.));
#11871 = DIRECTION('',(1.,0.,0.));
#11872 = DEFINITIONAL_REPRESENTATION('',(#11873),#11877);
#11873 = LINE('',#11874,#11875);
#11874 = CARTESIAN_POINT('',(6.28318530718,24.29129545433));
#11875 = VECTOR('',#11876,1.);
#11876 = DIRECTION('',(-1.,0.));
#11877 = ( GEOMETRIC_REPRESENTATION_CONTEXT(2) 
PARAMETRIC_REPRESENTATION_CONTEXT() REPRESENTATION_CONTEXT('2D SPACE',''
  ) );
#11878 = ADVANCED_FACE('',(#11879),#11867,.T.);
#11879 = FACE_BOUND('',#11880,.T.);
#11880 = EDGE_LOOP('',(#11881,#11882,#11904,#11935));
#11881 = ORIENTED_EDGE('',*,*,#11846,.T.);
#11882 = ORIENTED_EDGE('',*,*,#11883,.F.);
#11883 = EDGE_CURVE('',#11884,#11847,#11886,.T.);
#11884 = VERTEX_POINT('',#11885);
#11885 = CARTESIAN_POINT('',(12.5,0.,43.796300175883));
#11886 = SEAM_CURVE('',#11887,(#11890,#11897),.PCURVE_S1.);
#11887 = B_SPLINE_CURVE_WITH_KNOTS('',1,(#11888,#11889),.UNSPECIFIED.,
  .F.,.F.,(2,2),(20.29129545433,24.29129545433),
  .PIECEWISE_BEZIER_KNOTS.);
#11888 = CARTESIAN_POINT('',(12.5,3.061616997868E-15,43.796300175883));
#11889 = CARTESIAN_POINT('',(12.5,3.061616997868E-15,39.796300175883));
#11890 = PCURVE('',#11867,#11891);
#11891 = DEFINITIONAL_REPRESENTATION('',(#11892),#11896);
#11892 = LINE('',#11893,#11894);
#11893 = CARTESIAN_POINT('',(0.,0.));
#11894 = VECTOR('',#11895,1.);
#11895 = DIRECTION('',(0.,1.));
#11896 = ( GEOMETRIC_REPRESENTATION_CONTEXT(2) 
PARAMETRIC_REPRESENTATION_CONTEXT() REPRESENTATION_CONTEXT('2D SPACE',''
  ) );
#11897 = PCURVE('',#11867,#11898);
#11898 = DEFINITIONAL_REPRESENTATION('',(#11899),#11903);
#11899 = LINE('',#11900,#11901);
#11900 = CARTESIAN_POINT('',(6.28318530718,0.));
#11901 = VECTOR('',#11902,1.);
#11902 = DIRECTION('',(0.,1.));
#11903 = ( GEOMETRIC_REPRESENTATION_CONTEXT(2) 
PARAMETRIC_REPRESENTATION_CONTEXT() REPRESENTATION_CONTEXT('2D SPACE',''
  ) );
#11904 = ORIENTED_EDGE('',*,*,#11905,.F.);
#11905 = EDGE_CURVE('',#11884,#11884,#11906,.T.);
#11906 = SURFACE_CURVE('',#11907,(#11912,#11919),.PCURVE_S1.);
#11907 = CIRCLE('',#11908,12.5);
#11908 = AXIS2_PLACEMENT_3D('',#11909,#11910,#11911);
#11909 = CARTESIAN_POINT('',(-2.710505431214E-17,0.,43.796300175883));
#11910 = DIRECTION('',(0.,0.,1.));
#11911 = DIRECTION('',(1.,0.,0.));
#11912 = PCURVE('',#11867,#11913);
#11913 = DEFINITIONAL_REPRESENTATION('',(#11914),#11918);
#11914 = LINE('',#11915,#11916);
#11915 = CARTESIAN_POINT('',(6.28318530718,20.29129545433));
#11916 = VECTOR('',#11917,1.);
#11917 = DIRECTION('',(-1.,0.));
#11918 = ( GEOMETRIC_REPRESENTATION_CONTEXT(2) 
PARAMETRIC_REPRESENTATION_CONTEXT() REPRESENTATION_CONTEXT('2D SPACE',''
  ) );
#11919 = PCURVE('',#11920,#11925);
#11920 = PLANE('',#11921);
#11921 = AXIS2_PLACEMENT_3D('',#11922,#11923,#11924);
#11922 = CARTESIAN_POINT('',(-16.67547551356,0.,43.796300175883));
#11923 = DIRECTION('',(0.,0.,-1.));
#11924 = DIRECTION('',(-1.,0.,0.));
#11925 = DEFINITIONAL_REPRESENTATION('',(#11926),#11934);
#11926 = ( BOUNDED_CURVE() B_SPLINE_CURVE(2,(#11927,#11928,#11929,#11930
    ,#11931,#11932,#11933),.UNSPECIFIED.,.T.,.F.) 
B_SPLINE_CURVE_WITH_KNOTS((1,2,2,2,2,1),(-2.094395102393,0.,
    2.094395102393,4.188790204786,6.28318530718,8.377580409573),
.UNSPECIFIED.) CURVE() GEOMETRIC_REPRESENTATION_ITEM() 
RATIONAL_B_SPLINE_CURVE((1.,0.5,1.,0.5,1.,0.5,1.)) REPRESENTATION_ITEM(
  '') );
#11927 = CARTESIAN_POINT('',(-29.17547551356,0.));
#11928 = CARTESIAN_POINT('',(-29.17547551356,21.650635094611));
#11929 = CARTESIAN_POINT('',(-10.42547551356,10.825317547305));
#11930 = CARTESIAN_POINT('',(8.32452448644,3.061616997868E-15));
#11931 = CARTESIAN_POINT('',(-10.42547551356,-10.8253175473));
#11932 = CARTESIAN_POINT('',(-29.17547551356,-21.65063509461));
#11933 = CARTESIAN_POINT('',(-29.17547551356,0.));
#11934 = ( GEOMETRIC_REPRESENTATION_CONTEXT(2) 
PARAMETRIC_REPRESENTATION_CONTEXT() REPRESENTATION_CONTEXT('2D SPACE',''
  ) );
#11935 = ORIENTED_EDGE('',*,*,#11883,.T.);
#11936 = ADVANCED_FACE('',(#11937,#11940),#11920,.T.);
#11937 = FACE_BOUND('',#11938,.T.);
#11938 = EDGE_LOOP('',(#11939));
#11939 = ORIENTED_EDGE('',*,*,#11905,.T.);
#11940 = FACE_BOUND('',#11941,.T.);
#11941 = EDGE_LOOP('',(#11942));
#11942 = ORIENTED_EDGE('',*,*,#11943,.F.);
#11943 = EDGE_CURVE('',#11944,#11944,#11946,.T.);
#11944 = VERTEX_POINT('',#11945);
#11945 = CARTESIAN_POINT('',(18.5,0.,43.796300175883));
#11946 = SURFACE_CURVE('',#11947,(#11952,#11963),.PCURVE_S1.);
#11947 = CIRCLE('',#11948,18.5);
#11948 = AXIS2_PLACEMENT_3D('',#11949,#11950,#11951);
#11949 = CARTESIAN_POINT('',(-2.710505431214E-17,0.,43.796300175883));
#11950 = DIRECTION('',(0.,0.,1.));
#11951 = DIRECTION('',(1.,0.,0.));
#11952 = PCURVE('',#11920,#11953);
#11953 = DEFINITIONAL_REPRESENTATION('',(#11954),#11962);
#11954 = ( BOUNDED_CURVE() B_SPLINE_CURVE(2,(#11955,#11956,#11957,#11958
    ,#11959,#11960,#11961),.UNSPECIFIED.,.T.,.F.) 
B_SPLINE_CURVE_WITH_KNOTS((1,2,2,2,2,1),(-2.094395102393,0.,
    2.094395102393,4.188790204786,6.28318530718,8.377580409573),
.UNSPECIFIED.) CURVE() GEOMETRIC_REPRESENTATION_ITEM() 
RATIONAL_B_SPLINE_CURVE((1.,0.5,1.,0.5,1.,0.5,1.)) REPRESENTATION_ITEM(
  '') );
#11955 = CARTESIAN_POINT('',(-35.17547551356,0.));
#11956 = CARTESIAN_POINT('',(-35.17547551356,32.042939940024));
#11957 = CARTESIAN_POINT('',(-7.42547551356,16.021469970012));
#11958 = CARTESIAN_POINT('',(20.32452448644,4.531193156845E-15));
#11959 = CARTESIAN_POINT('',(-7.42547551356,-16.02146997001));
#11960 = CARTESIAN_POINT('',(-35.17547551356,-32.04293994002));
#11961 = CARTESIAN_POINT('',(-35.17547551356,0.));
#11962 = ( GEOMETRIC_REPRESENTATION_CONTEXT(2) 
PARAMETRIC_REPRESENTATION_CONTEXT() REPRESENTATION_CONTEXT('2D SPACE',''
  ) );
#11963 = PCURVE('',#11964,#11969);
#11964 = CYLINDRICAL_SURFACE('',#11965,18.5);
#11965 = AXIS2_PLACEMENT_3D('',#11966,#11967,#11968);
#11966 = CARTESIAN_POINT('',(-2.710505431214E-17,0.,64.087595630213));
#11967 = DIRECTION('',(-0.,-0.,-1.));
#11968 = DIRECTION('',(1.,0.,0.));
#11969 = DEFINITIONAL_REPRESENTATION('',(#11970),#11974);
#11970 = LINE('',#11971,#11972);
#11971 = CARTESIAN_POINT('',(6.28318530718,20.29129545433));
#11972 = VECTOR('',#11973,1.);
#11973 = DIRECTION('',(-1.,0.));
#11974 = ( GEOMETRIC_REPRESENTATION_CONTEXT(2) 
PARAMETRIC_REPRESENTATION_CONTEXT() REPRESENTATION_CONTEXT('2D SPACE',''
  ) );
#11975 = ADVANCED_FACE('',(#11976),#11964,.T.);
#11976 = FACE_BOUND('',#11977,.T.);
#11977 = EDGE_LOOP('',(#11978,#11979,#12001,#12028));
#11978 = ORIENTED_EDGE('',*,*,#11943,.T.);
#11979 = ORIENTED_EDGE('',*,*,#11980,.F.);
#11980 = EDGE_CURVE('',#11981,#11944,#11983,.T.);
#11981 = VERTEX_POINT('',#11982);
#11982 = CARTESIAN_POINT('',(18.5,0.,46.796300175883));
#11983 = SEAM_CURVE('',#11984,(#11987,#11994),.PCURVE_S1.);
#11984 = B_SPLINE_CURVE_WITH_KNOTS('',1,(#11985,#11986),.UNSPECIFIED.,
  .F.,.F.,(2,2),(17.29129545433,20.29129545433),
  .PIECEWISE_BEZIER_KNOTS.);
#11985 = CARTESIAN_POINT('',(18.5,4.531193156845E-15,46.796300175883));
#11986 = CARTESIAN_POINT('',(18.5,4.531193156845E-15,43.796300175883));
#11987 = PCURVE('',#11964,#11988);
#11988 = DEFINITIONAL_REPRESENTATION('',(#11989),#11993);
#11989 = LINE('',#11990,#11991);
#11990 = CARTESIAN_POINT('',(0.,0.));
#11991 = VECTOR('',#11992,1.);
#11992 = DIRECTION('',(0.,1.));
#11993 = ( GEOMETRIC_REPRESENTATION_CONTEXT(2) 
PARAMETRIC_REPRESENTATION_CONTEXT() REPRESENTATION_CONTEXT('2D SPACE',''
  ) );
#11994 = PCURVE('',#11964,#11995);
#11995 = DEFINITIONAL_REPRESENTATION('',(#11996),#12000);
#11996 = LINE('',#11997,#11998);
#11997 = CARTESIAN_POINT('',(6.28318530718,0.));
#11998 = VECTOR('',#11999,1.);
#11999 = DIRECTION('',(0.,1.));
#12000 = ( GEOMETRIC_REPRESENTATION_CONTEXT(2) 
PARAMETRIC_REPRESENTATION_CONTEXT() REPRESENTATION_CONTEXT('2D SPACE',''
  ) );
#12001 = ORIENTED_EDGE('',*,*,#12002,.F.);
#12002 = EDGE_CURVE('',#11981,#11981,#12003,.T.);
#12003 = SURFACE_CURVE('',#12004,(#12009,#12016),.PCURVE_S1.);
#12004 = CIRCLE('',#12005,18.5);
#12005 = AXIS2_PLACEMENT_3D('',#12006,#12007,#12008);
#12006 = CARTESIAN_POINT('',(-2.710505431214E-17,0.,46.796300175883));
#12007 = DIRECTION('',(0.,0.,1.));
#12008 = DIRECTION('',(1.,0.,0.));
#12009 = PCURVE('',#11964,#12010);
#12010 = DEFINITIONAL_REPRESENTATION('',(#12011),#12015);
#12011 = LINE('',#12012,#12013);
#12012 = CARTESIAN_POINT('',(6.28318530718,17.29129545433));
#12013 = VECTOR('',#12014,1.);
#12014 = DIRECTION('',(-1.,0.));
#12015 = ( GEOMETRIC_REPRESENTATION_CONTEXT(2) 
PARAMETRIC_REPRESENTATION_CONTEXT() REPRESENTATION_CONTEXT('2D SPACE',''
  ) );
#12016 = PCURVE('',#12017,#12022);
#12017 = PLANE('',#12018);
#12018 = AXIS2_PLACEMENT_3D('',#12019,#12020,#12021);
#12019 = CARTESIAN_POINT('',(-3.666697596057,0.,46.796300175883));
#12020 = DIRECTION('',(0.,0.,1.));
#12021 = DIRECTION('',(1.,0.,0.));
#12022 = DEFINITIONAL_REPRESENTATION('',(#12023),#12027);
#12023 = CIRCLE('',#12024,18.5);
#12024 = AXIS2_PLACEMENT_2D('',#12025,#12026);
#12025 = CARTESIAN_POINT('',(3.666697596057,0.));
#12026 = DIRECTION('',(1.,0.));
#12027 = ( GEOMETRIC_REPRESENTATION_CONTEXT(2) 
PARAMETRIC_REPRESENTATION_CONTEXT() REPRESENTATION_CONTEXT('2D SPACE',''
  ) );
#12028 = ORIENTED_EDGE('',*,*,#11980,.T.);
#12029 = ADVANCED_FACE('',(#12030,#12033),#12017,.T.);
#12030 = FACE_BOUND('',#12031,.T.);
#12031 = EDGE_LOOP('',(#12032));
#12032 = ORIENTED_EDGE('',*,*,#12002,.T.);
#12033 = FACE_BOUND('',#12034,.T.);
#12034 = EDGE_LOOP('',(#12035));
#12035 = ORIENTED_EDGE('',*,*,#12036,.F.);
#12036 = EDGE_CURVE('',#12037,#12037,#12039,.T.);
#12037 = VERTEX_POINT('',#12038);
#12038 = CARTESIAN_POINT('',(16.,0.,46.796300175883));
#12039 = SURFACE_CURVE('',#12040,(#12045,#12052),.PCURVE_S1.);
#12040 = CIRCLE('',#12041,16.);
#12041 = AXIS2_PLACEMENT_3D('',#12042,#12043,#12044);
#12042 = CARTESIAN_POINT('',(-2.710505431214E-17,0.,46.796300175883));
#12043 = DIRECTION('',(0.,0.,1.));
#12044 = DIRECTION('',(1.,0.,0.));
#12045 = PCURVE('',#12017,#12046);
#12046 = DEFINITIONAL_REPRESENTATION('',(#12047),#12051);
#12047 = CIRCLE('',#12048,16.);
#12048 = AXIS2_PLACEMENT_2D('',#12049,#12050);
#12049 = CARTESIAN_POINT('',(3.666697596057,0.));
#12050 = DIRECTION('',(1.,0.));
#12051 = ( GEOMETRIC_REPRESENTATION_CONTEXT(2) 
PARAMETRIC_REPRESENTATION_CONTEXT() REPRESENTATION_CONTEXT('2D SPACE',''
  ) );
#12052 = PCURVE('',#12053,#12058);
#12053 = CYLINDRICAL_SURFACE('',#12054,16.);
#12054 = AXIS2_PLACEMENT_3D('',#12055,#12056,#12057);
#12055 = CARTESIAN_POINT('',(-2.710505431214E-17,0.,64.087595630213));
#12056 = DIRECTION('',(-0.,-0.,-1.));
#12057 = DIRECTION('',(1.,0.,0.));
#12058 = DEFINITIONAL_REPRESENTATION('',(#12059),#12063);
#12059 = LINE('',#12060,#12061);
#12060 = CARTESIAN_POINT('',(6.28318530718,17.29129545433));
#12061 = VECTOR('',#12062,1.);
#12062 = DIRECTION('',(-1.,0.));
#12063 = ( GEOMETRIC_REPRESENTATION_CONTEXT(2) 
PARAMETRIC_REPRESENTATION_CONTEXT() REPRESENTATION_CONTEXT('2D SPACE',''
  ) );
#12064 = ADVANCED_FACE('',(#12065),#12053,.T.);
#12065 = FACE_BOUND('',#12066,.T.);
#12066 = EDGE_LOOP('',(#12067,#12068,#12090,#12117));
#12067 = ORIENTED_EDGE('',*,*,#12036,.T.);
#12068 = ORIENTED_EDGE('',*,*,#12069,.F.);
#12069 = EDGE_CURVE('',#12070,#12037,#12072,.T.);
#12070 = VERTEX_POINT('',#12071);
#12071 = CARTESIAN_POINT('',(16.,0.,57.796300175883));
#12072 = SEAM_CURVE('',#12073,(#12076,#12083),.PCURVE_S1.);
#12073 = B_SPLINE_CURVE_WITH_KNOTS('',1,(#12074,#12075),.UNSPECIFIED.,
  .F.,.F.,(2,2),(6.29129545433,17.29129545433),
  .PIECEWISE_BEZIER_KNOTS.);
#12074 = CARTESIAN_POINT('',(16.,3.918869757272E-15,57.796300175883));
#12075 = CARTESIAN_POINT('',(16.,3.918869757272E-15,46.796300175883));
#12076 = PCURVE('',#12053,#12077);
#12077 = DEFINITIONAL_REPRESENTATION('',(#12078),#12082);
#12078 = LINE('',#12079,#12080);
#12079 = CARTESIAN_POINT('',(0.,0.));
#12080 = VECTOR('',#12081,1.);
#12081 = DIRECTION('',(0.,1.));
#12082 = ( GEOMETRIC_REPRESENTATION_CONTEXT(2) 
PARAMETRIC_REPRESENTATION_CONTEXT() REPRESENTATION_CONTEXT('2D SPACE',''
  ) );
#12083 = PCURVE('',#12053,#12084);
#12084 = DEFINITIONAL_REPRESENTATION('',(#12085),#12089);
#12085 = LINE('',#12086,#12087);
#12086 = CARTESIAN_POINT('',(6.28318530718,0.));
#12087 = VECTOR('',#12088,1.);
#12088 = DIRECTION('',(0.,1.));
#12089 = ( GEOMETRIC_REPRESENTATION_CONTEXT(2) 
PARAMETRIC_REPRESENTATION_CONTEXT() REPRESENTATION_CONTEXT('2D SPACE',''
  ) );
#12090 = ORIENTED_EDGE('',*,*,#12091,.F.);
#12091 = EDGE_CURVE('',#12070,#12070,#12092,.T.);
#12092 = SURFACE_CURVE('',#12093,(#12098,#12105),.PCURVE_S1.);
#12093 = CIRCLE('',#12094,16.);
#12094 = AXIS2_PLACEMENT_3D('',#12095,#12096,#12097);
#12095 = CARTESIAN_POINT('',(-2.710505431214E-17,0.,57.796300175883));
#12096 = DIRECTION('',(0.,0.,1.));
#12097 = DIRECTION('',(1.,0.,0.));
#12098 = PCURVE('',#12053,#12099);
#12099 = DEFINITIONAL_REPRESENTATION('',(#12100),#12104);
#12100 = LINE('',#12101,#12102);
#12101 = CARTESIAN_POINT('',(6.28318530718,6.29129545433));
#12102 = VECTOR('',#12103,1.);
#12103 = DIRECTION('',(-1.,0.));
#12104 = ( GEOMETRIC_REPRESENTATION_CONTEXT(2) 
PARAMETRIC_REPRESENTATION_CONTEXT() REPRESENTATION_CONTEXT('2D SPACE',''
  ) );
#12105 = PCURVE('',#12106,#12111);
#12106 = PLANE('',#12107);
#12107 = AXIS2_PLACEMENT_3D('',#12108,#12109,#12110);
#12108 = CARTESIAN_POINT('',(0.186908114844,0.,57.796300175883));
#12109 = DIRECTION('',(0.,0.,1.));
#12110 = DIRECTION('',(1.,0.,0.));
#12111 = DEFINITIONAL_REPRESENTATION('',(#12112),#12116);
#12112 = CIRCLE('',#12113,16.);
#12113 = AXIS2_PLACEMENT_2D('',#12114,#12115);
#12114 = CARTESIAN_POINT('',(-0.186908114844,0.));
#12115 = DIRECTION('',(1.,0.));
#12116 = ( GEOMETRIC_REPRESENTATION_CONTEXT(2) 
PARAMETRIC_REPRESENTATION_CONTEXT() REPRESENTATION_CONTEXT('2D SPACE',''
  ) );
#12117 = ORIENTED_EDGE('',*,*,#12069,.T.);
#12118 = ADVANCED_FACE('',(#12119,#12122),#12106,.T.);
#12119 = FACE_BOUND('',#12120,.T.);
#12120 = EDGE_LOOP('',(#12121));
#12121 = ORIENTED_EDGE('',*,*,#12091,.T.);
#12122 = FACE_BOUND('',#12123,.T.);
#12123 = EDGE_LOOP('',(#12124));
#12124 = ORIENTED_EDGE('',*,*,#12125,.F.);
#12125 = EDGE_CURVE('',#12126,#12126,#12128,.T.);
#12126 = VERTEX_POINT('',#12127);
#12127 = CARTESIAN_POINT('',(8.5,0.,57.796300175883));
#12128 = SURFACE_CURVE('',#12129,(#12134,#12141),.PCURVE_S1.);
#12129 = CIRCLE('',#12130,8.5);
#12130 = AXIS2_PLACEMENT_3D('',#12131,#12132,#12133);
#12131 = CARTESIAN_POINT('',(-2.710505431214E-17,0.,57.796300175883));
#12132 = DIRECTION('',(0.,0.,1.));
#12133 = DIRECTION('',(1.,0.,0.));
#12134 = PCURVE('',#12106,#12135);
#12135 = DEFINITIONAL_REPRESENTATION('',(#12136),#12140);
#12136 = CIRCLE('',#12137,8.5);
#12137 = AXIS2_PLACEMENT_2D('',#12138,#12139);
#12138 = CARTESIAN_POINT('',(-0.186908114844,0.));
#12139 = DIRECTION('',(1.,0.));
#12140 = ( GEOMETRIC_REPRESENTATION_CONTEXT(2) 
PARAMETRIC_REPRESENTATION_CONTEXT() REPRESENTATION_CONTEXT('2D SPACE',''
  ) );
#12141 = PCURVE('',#12142,#12147);
#12142 = CYLINDRICAL_SURFACE('',#12143,8.5);
#12143 = AXIS2_PLACEMENT_3D('',#12144,#12145,#12146);
#12144 = CARTESIAN_POINT('',(-2.710505431214E-17,0.,64.087595630213));
#12145 = DIRECTION('',(-0.,-0.,-1.));
#12146 = DIRECTION('',(1.,0.,0.));
#12147 = DEFINITIONAL_REPRESENTATION('',(#12148),#12152);
#12148 = LINE('',#12149,#12150);
#12149 = CARTESIAN_POINT('',(6.28318530718,6.29129545433));
#12150 = VECTOR('',#12151,1.);
#12151 = DIRECTION('',(-1.,0.));
#12152 = ( GEOMETRIC_REPRESENTATION_CONTEXT(2) 
PARAMETRIC_REPRESENTATION_CONTEXT() REPRESENTATION_CONTEXT('2D SPACE',''
  ) );
#12153 = ADVANCED_FACE('',(#12154),#12142,.T.);
#12154 = FACE_BOUND('',#12155,.T.);
#12155 = EDGE_LOOP('',(#12156,#12157,#12179,#12206));
#12156 = ORIENTED_EDGE('',*,*,#12125,.T.);
#12157 = ORIENTED_EDGE('',*,*,#12158,.F.);
#12158 = EDGE_CURVE('',#12159,#12126,#12161,.T.);
#12159 = VERTEX_POINT('',#12160);
#12160 = CARTESIAN_POINT('',(8.5,0.,63.796300175883));
#12161 = SEAM_CURVE('',#12162,(#12165,#12172),.PCURVE_S1.);
#12162 = B_SPLINE_CURVE_WITH_KNOTS('',1,(#12163,#12164),.UNSPECIFIED.,
  .F.,.F.,(2,2),(0.29129545433,6.29129545433),.PIECEWISE_BEZIER_KNOTS.);
#12163 = CARTESIAN_POINT('',(8.5,2.081899558551E-15,63.796300175883));
#12164 = CARTESIAN_POINT('',(8.5,2.081899558551E-15,57.796300175883));
#12165 = PCURVE('',#12142,#12166);
#12166 = DEFINITIONAL_REPRESENTATION('',(#12167),#12171);
#12167 = LINE('',#12168,#12169);
#12168 = CARTESIAN_POINT('',(0.,0.));
#12169 = VECTOR('',#12170,1.);
#12170 = DIRECTION('',(0.,1.));
#12171 = ( GEOMETRIC_REPRESENTATION_CONTEXT(2) 
PARAMETRIC_REPRESENTATION_CONTEXT() REPRESENTATION_CONTEXT('2D SPACE',''
  ) );
#12172 = PCURVE('',#12142,#12173);
#12173 = DEFINITIONAL_REPRESENTATION('',(#12174),#12178);
#12174 = LINE('',#12175,#12176);
#12175 = CARTESIAN_POINT('',(6.28318530718,0.));
#12176 = VECTOR('',#12177,1.);
#12177 = DIRECTION('',(0.,1.));
#12178 = ( GEOMETRIC_REPRESENTATION_CONTEXT(2) 
PARAMETRIC_REPRESENTATION_CONTEXT() REPRESENTATION_CONTEXT('2D SPACE',''
  ) );
#12179 = ORIENTED_EDGE('',*,*,#12180,.F.);
#12180 = EDGE_CURVE('',#12159,#12159,#12181,.T.);
#12181 = SURFACE_CURVE('',#12182,(#12187,#12194),.PCURVE_S1.);
#12182 = CIRCLE('',#12183,8.5);
#12183 = AXIS2_PLACEMENT_3D('',#12184,#12185,#12186);
#12184 = CARTESIAN_POINT('',(-2.710505431214E-17,0.,63.796300175883));
#12185 = DIRECTION('',(0.,0.,1.));
#12186 = DIRECTION('',(1.,0.,0.));
#12187 = PCURVE('',#12142,#12188);
#12188 = DEFINITIONAL_REPRESENTATION('',(#12189),#12193);
#12189 = LINE('',#12190,#12191);
#12190 = CARTESIAN_POINT('',(6.28318530718,0.29129545433));
#12191 = VECTOR('',#12192,1.);
#12192 = DIRECTION('',(-1.,0.));
#12193 = ( GEOMETRIC_REPRESENTATION_CONTEXT(2) 
PARAMETRIC_REPRESENTATION_CONTEXT() REPRESENTATION_CONTEXT('2D SPACE',''
  ) );
#12194 = PCURVE('',#12195,#12200);
#12195 = PLANE('',#12196);
#12196 = AXIS2_PLACEMENT_3D('',#12197,#12198,#12199);
#12197 = CARTESIAN_POINT('',(-9.73922372688,0.,63.796300175883));
#12198 = DIRECTION('',(0.,0.,1.));
#12199 = DIRECTION('',(1.,0.,0.));
#12200 = DEFINITIONAL_REPRESENTATION('',(#12201),#12205);
#12201 = CIRCLE('',#12202,8.5);
#12202 = AXIS2_PLACEMENT_2D('',#12203,#12204);
#12203 = CARTESIAN_POINT('',(9.73922372688,0.));
#12204 = DIRECTION('',(1.,0.));
#12205 = ( GEOMETRIC_REPRESENTATION_CONTEXT(2) 
PARAMETRIC_REPRESENTATION_CONTEXT() REPRESENTATION_CONTEXT('2D SPACE',''
  ) );
#12206 = ORIENTED_EDGE('',*,*,#12158,.T.);
#12207 = ADVANCED_FACE('',(#12208,#12211),#12195,.T.);
#12208 = FACE_BOUND('',#12209,.T.);
#12209 = EDGE_LOOP('',(#12210));
#12210 = ORIENTED_EDGE('',*,*,#12180,.T.);
#12211 = FACE_BOUND('',#12212,.T.);
#12212 = EDGE_LOOP('',(#12213));
#12213 = ORIENTED_EDGE('',*,*,#12214,.F.);
#12214 = EDGE_CURVE('',#12215,#12215,#12217,.T.);
#12215 = VERTEX_POINT('',#12216);
#12216 = CARTESIAN_POINT('',(7.5,0.,63.796300175883));
#12217 = SURFACE_CURVE('',#12218,(#12223,#12230),.PCURVE_S1.);
#12218 = CIRCLE('',#12219,7.5);
#12219 = AXIS2_PLACEMENT_3D('',#12220,#12221,#12222);
#12220 = CARTESIAN_POINT('',(-2.710505431214E-17,0.,63.796300175883));
#12221 = DIRECTION('',(0.,0.,1.));
#12222 = DIRECTION('',(1.,0.,0.));
#12223 = PCURVE('',#12195,#12224);
#12224 = DEFINITIONAL_REPRESENTATION('',(#12225),#12229);
#12225 = CIRCLE('',#12226,7.5);
#12226 = AXIS2_PLACEMENT_2D('',#12227,#12228);
#12227 = CARTESIAN_POINT('',(9.73922372688,0.));
#12228 = DIRECTION('',(1.,0.));
#12229 = ( GEOMETRIC_REPRESENTATION_CONTEXT(2) 
PARAMETRIC_REPRESENTATION_CONTEXT() REPRESENTATION_CONTEXT('2D SPACE',''
  ) );
#12230 = PCURVE('',#12231,#12236);
#12231 = CYLINDRICAL_SURFACE('',#12232,7.5);
#12232 = AXIS2_PLACEMENT_3D('',#12233,#12234,#12235);
#12233 = CARTESIAN_POINT('',(-2.710505431214E-17,0.,64.087595630213));
#12234 = DIRECTION('',(-0.,-0.,-1.));
#12235 = DIRECTION('',(1.,0.,0.));
#12236 = DEFINITIONAL_REPRESENTATION('',(#12237),#12241);
#12237 = LINE('',#12238,#12239);
#12238 = CARTESIAN_POINT('',(6.28318530718,0.29129545433));
#12239 = VECTOR('',#12240,1.);
#12240 = DIRECTION('',(-1.,0.));
#12241 = ( GEOMETRIC_REPRESENTATION_CONTEXT(2) 
PARAMETRIC_REPRESENTATION_CONTEXT() REPRESENTATION_CONTEXT('2D SPACE',''
  ) );
#12242 = ADVANCED_FACE('',(#12243),#12231,.T.);
#12243 = FACE_BOUND('',#12244,.T.);
#12244 = EDGE_LOOP('',(#12245,#12246,#12268,#12299));
#12245 = ORIENTED_EDGE('',*,*,#12214,.T.);
#12246 = ORIENTED_EDGE('',*,*,#12247,.F.);
#12247 = EDGE_CURVE('',#12248,#12215,#12250,.T.);
#12248 = VERTEX_POINT('',#12249);
#12249 = CARTESIAN_POINT('',(7.5,0.,65.796300175883));
#12250 = SEAM_CURVE('',#12251,(#12254,#12261),.PCURVE_S1.);
#12251 = B_SPLINE_CURVE_WITH_KNOTS('',1,(#12252,#12253),.UNSPECIFIED.,
  .F.,.F.,(2,2),(-1.70870454567,0.29129545433),
  .PIECEWISE_BEZIER_KNOTS.);
#12252 = CARTESIAN_POINT('',(7.5,1.836970198721E-15,65.796300175883));
#12253 = CARTESIAN_POINT('',(7.5,1.836970198721E-15,63.796300175883));
#12254 = PCURVE('',#12231,#12255);
#12255 = DEFINITIONAL_REPRESENTATION('',(#12256),#12260);
#12256 = LINE('',#12257,#12258);
#12257 = CARTESIAN_POINT('',(0.,0.));
#12258 = VECTOR('',#12259,1.);
#12259 = DIRECTION('',(0.,1.));
#12260 = ( GEOMETRIC_REPRESENTATION_CONTEXT(2) 
PARAMETRIC_REPRESENTATION_CONTEXT() REPRESENTATION_CONTEXT('2D SPACE',''
  ) );
#12261 = PCURVE('',#12231,#12262);
#12262 = DEFINITIONAL_REPRESENTATION('',(#12263),#12267);
#12263 = LINE('',#12264,#12265);
#12264 = CARTESIAN_POINT('',(6.28318530718,0.));
#12265 = VECTOR('',#12266,1.);
#12266 = DIRECTION('',(0.,1.));
#12267 = ( GEOMETRIC_REPRESENTATION_CONTEXT(2) 
PARAMETRIC_REPRESENTATION_CONTEXT() REPRESENTATION_CONTEXT('2D SPACE',''
  ) );
#12268 = ORIENTED_EDGE('',*,*,#12269,.F.);
#12269 = EDGE_CURVE('',#12248,#12248,#12270,.T.);
#12270 = SURFACE_CURVE('',#12271,(#12276,#12283),.PCURVE_S1.);
#12271 = CIRCLE('',#12272,7.5);
#12272 = AXIS2_PLACEMENT_3D('',#12273,#12274,#12275);
#12273 = CARTESIAN_POINT('',(-2.710505431214E-17,0.,65.796300175883));
#12274 = DIRECTION('',(0.,0.,1.));
#12275 = DIRECTION('',(1.,0.,0.));
#12276 = PCURVE('',#12231,#12277);
#12277 = DEFINITIONAL_REPRESENTATION('',(#12278),#12282);
#12278 = LINE('',#12279,#12280);
#12279 = CARTESIAN_POINT('',(6.28318530718,-1.70870454567));
#12280 = VECTOR('',#12281,1.);
#12281 = DIRECTION('',(-1.,0.));
#12282 = ( GEOMETRIC_REPRESENTATION_CONTEXT(2) 
PARAMETRIC_REPRESENTATION_CONTEXT() REPRESENTATION_CONTEXT('2D SPACE',''
  ) );
#12283 = PCURVE('',#12284,#12289);
#12284 = PLANE('',#12285);
#12285 = AXIS2_PLACEMENT_3D('',#12286,#12287,#12288);
#12286 = CARTESIAN_POINT('',(10.351537036794,0.,65.796300175883));
#12287 = DIRECTION('',(0.,0.,-1.));
#12288 = DIRECTION('',(-1.,0.,0.));
#12289 = DEFINITIONAL_REPRESENTATION('',(#12290),#12298);
#12290 = ( BOUNDED_CURVE() B_SPLINE_CURVE(2,(#12291,#12292,#12293,#12294
    ,#12295,#12296,#12297),.UNSPECIFIED.,.T.,.F.) 
B_SPLINE_CURVE_WITH_KNOTS((1,2,2,2,2,1),(-2.094395102393,0.,
    2.094395102393,4.188790204786,6.28318530718,8.377580409573),
.UNSPECIFIED.) CURVE() GEOMETRIC_REPRESENTATION_ITEM() 
RATIONAL_B_SPLINE_CURVE((1.,0.5,1.,0.5,1.,0.5,1.)) REPRESENTATION_ITEM(
  '') );
#12291 = CARTESIAN_POINT('',(2.851537036794,0.));
#12292 = CARTESIAN_POINT('',(2.851537036794,12.990381056767));
#12293 = CARTESIAN_POINT('',(14.101537036794,6.495190528383));
#12294 = CARTESIAN_POINT('',(25.351537036794,1.836970198721E-15));
#12295 = CARTESIAN_POINT('',(14.101537036794,-6.495190528383));
#12296 = CARTESIAN_POINT('',(2.851537036794,-12.99038105676));
#12297 = CARTESIAN_POINT('',(2.851537036794,0.));
#12298 = ( GEOMETRIC_REPRESENTATION_CONTEXT(2) 
PARAMETRIC_REPRESENTATION_CONTEXT() REPRESENTATION_CONTEXT('2D SPACE',''
  ) );
#12299 = ORIENTED_EDGE('',*,*,#12247,.T.);
#12300 = ADVANCED_FACE('',(#12301,#12304),#12284,.T.);
#12301 = FACE_BOUND('',#12302,.T.);
#12302 = EDGE_LOOP('',(#12303));
#12303 = ORIENTED_EDGE('',*,*,#12269,.T.);
#12304 = FACE_BOUND('',#12305,.T.);
#12305 = EDGE_LOOP('',(#12306));
#12306 = ORIENTED_EDGE('',*,*,#12307,.F.);
#12307 = EDGE_CURVE('',#12308,#12308,#12310,.T.);
#12308 = VERTEX_POINT('',#12309);
#12309 = CARTESIAN_POINT('',(8.5,0.,65.796300175883));
#12310 = SURFACE_CURVE('',#12311,(#12316,#12327),.PCURVE_S1.);
#12311 = CIRCLE('',#12312,8.5);
#12312 = AXIS2_PLACEMENT_3D('',#12313,#12314,#12315);
#12313 = CARTESIAN_POINT('',(-2.710505431214E-17,0.,65.796300175883));
#12314 = DIRECTION('',(0.,0.,1.));
#12315 = DIRECTION('',(1.,0.,0.));
#12316 = PCURVE('',#12284,#12317);
#12317 = DEFINITIONAL_REPRESENTATION('',(#12318),#12326);
#12318 = ( BOUNDED_CURVE() B_SPLINE_CURVE(2,(#12319,#12320,#12321,#12322
    ,#12323,#12324,#12325),.UNSPECIFIED.,.T.,.F.) 
B_SPLINE_CURVE_WITH_KNOTS((1,2,2,2,2,1),(-2.094395102393,0.,
    2.094395102393,4.188790204786,6.28318530718,8.377580409573),
.UNSPECIFIED.) CURVE() GEOMETRIC_REPRESENTATION_ITEM() 
RATIONAL_B_SPLINE_CURVE((1.,0.5,1.,0.5,1.,0.5,1.)) REPRESENTATION_ITEM(
  '') );
#12319 = CARTESIAN_POINT('',(1.851537036794,0.));
#12320 = CARTESIAN_POINT('',(1.851537036794,14.722431864335));
#12321 = CARTESIAN_POINT('',(14.601537036794,7.361215932168));
#12322 = CARTESIAN_POINT('',(27.351537036794,2.08189955855E-15));
#12323 = CARTESIAN_POINT('',(14.601537036794,-7.361215932168));
#12324 = CARTESIAN_POINT('',(1.851537036794,-14.72243186433));
#12325 = CARTESIAN_POINT('',(1.851537036794,0.));
#12326 = ( GEOMETRIC_REPRESENTATION_CONTEXT(2) 
PARAMETRIC_REPRESENTATION_CONTEXT() REPRESENTATION_CONTEXT('2D SPACE',''
  ) );
#12327 = PCURVE('',#12328,#12333);
#12328 = CYLINDRICAL_SURFACE('',#12329,8.5);
#12329 = AXIS2_PLACEMENT_3D('',#12330,#12331,#12332);
#12330 = CARTESIAN_POINT('',(-2.710505431214E-17,0.,64.087595630213));
#12331 = DIRECTION('',(-0.,-0.,-1.));
#12332 = DIRECTION('',(1.,0.,0.));
#12333 = DEFINITIONAL_REPRESENTATION('',(#12334),#12338);
#12334 = LINE('',#12335,#12336);
#12335 = CARTESIAN_POINT('',(6.28318530718,-1.70870454567));
#12336 = VECTOR('',#12337,1.);
#12337 = DIRECTION('',(-1.,0.));
#12338 = ( GEOMETRIC_REPRESENTATION_CONTEXT(2) 
PARAMETRIC_REPRESENTATION_CONTEXT() REPRESENTATION_CONTEXT('2D SPACE',''
  ) );
#12339 = ADVANCED_FACE('',(#12340),#12328,.T.);
#12340 = FACE_BOUND('',#12341,.T.);
#12341 = EDGE_LOOP('',(#12342,#12343,#12365,#12396));
#12342 = ORIENTED_EDGE('',*,*,#12307,.T.);
#12343 = ORIENTED_EDGE('',*,*,#12344,.F.);
#12344 = EDGE_CURVE('',#12345,#12308,#12347,.T.);
#12345 = VERTEX_POINT('',#12346);
#12346 = CARTESIAN_POINT('',(8.5,0.,73.796300175883));
#12347 = SEAM_CURVE('',#12348,(#12351,#12358),.PCURVE_S1.);
#12348 = B_SPLINE_CURVE_WITH_KNOTS('',1,(#12349,#12350),.UNSPECIFIED.,
  .F.,.F.,(2,2),(-9.70870454567,-1.70870454567),
  .PIECEWISE_BEZIER_KNOTS.);
#12349 = CARTESIAN_POINT('',(8.5,2.081899558551E-15,73.796300175883));
#12350 = CARTESIAN_POINT('',(8.5,2.081899558551E-15,65.796300175883));
#12351 = PCURVE('',#12328,#12352);
#12352 = DEFINITIONAL_REPRESENTATION('',(#12353),#12357);
#12353 = LINE('',#12354,#12355);
#12354 = CARTESIAN_POINT('',(0.,0.));
#12355 = VECTOR('',#12356,1.);
#12356 = DIRECTION('',(0.,1.));
#12357 = ( GEOMETRIC_REPRESENTATION_CONTEXT(2) 
PARAMETRIC_REPRESENTATION_CONTEXT() REPRESENTATION_CONTEXT('2D SPACE',''
  ) );
#12358 = PCURVE('',#12328,#12359);
#12359 = DEFINITIONAL_REPRESENTATION('',(#12360),#12364);
#12360 = LINE('',#12361,#12362);
#12361 = CARTESIAN_POINT('',(6.28318530718,0.));
#12362 = VECTOR('',#12363,1.);
#12363 = DIRECTION('',(0.,1.));
#12364 = ( GEOMETRIC_REPRESENTATION_CONTEXT(2) 
PARAMETRIC_REPRESENTATION_CONTEXT() REPRESENTATION_CONTEXT('2D SPACE',''
  ) );
#12365 = ORIENTED_EDGE('',*,*,#12366,.F.);
#12366 = EDGE_CURVE('',#12345,#12345,#12367,.T.);
#12367 = SURFACE_CURVE('',#12368,(#12373,#12380),.PCURVE_S1.);
#12368 = CIRCLE('',#12369,8.5);
#12369 = AXIS2_PLACEMENT_3D('',#12370,#12371,#12372);
#12370 = CARTESIAN_POINT('',(-2.710505431214E-17,0.,73.796300175883));
#12371 = DIRECTION('',(0.,0.,1.));
#12372 = DIRECTION('',(1.,0.,0.));
#12373 = PCURVE('',#12328,#12374);
#12374 = DEFINITIONAL_REPRESENTATION('',(#12375),#12379);
#12375 = LINE('',#12376,#12377);
#12376 = CARTESIAN_POINT('',(6.28318530718,-9.70870454567));
#12377 = VECTOR('',#12378,1.);
#12378 = DIRECTION('',(-1.,0.));
#12379 = ( GEOMETRIC_REPRESENTATION_CONTEXT(2) 
PARAMETRIC_REPRESENTATION_CONTEXT() REPRESENTATION_CONTEXT('2D SPACE',''
  ) );
#12380 = PCURVE('',#12381,#12386);
#12381 = PLANE('',#12382);
#12382 = AXIS2_PLACEMENT_3D('',#12383,#12384,#12385);
#12383 = CARTESIAN_POINT('',(-11.6679860002,0.,73.796300175883));
#12384 = DIRECTION('',(0.,0.,-1.));
#12385 = DIRECTION('',(-1.,0.,0.));
#12386 = DEFINITIONAL_REPRESENTATION('',(#12387),#12395);
#12387 = ( BOUNDED_CURVE() B_SPLINE_CURVE(2,(#12388,#12389,#12390,#12391
    ,#12392,#12393,#12394),.UNSPECIFIED.,.T.,.F.) 
B_SPLINE_CURVE_WITH_KNOTS((1,2,2,2,2,1),(-2.094395102393,0.,
    2.094395102393,4.188790204786,6.28318530718,8.377580409573),
.UNSPECIFIED.) CURVE() GEOMETRIC_REPRESENTATION_ITEM() 
RATIONAL_B_SPLINE_CURVE((1.,0.5,1.,0.5,1.,0.5,1.)) REPRESENTATION_ITEM(
  '') );
#12388 = CARTESIAN_POINT('',(-20.1679860002,0.));
#12389 = CARTESIAN_POINT('',(-20.1679860002,14.722431864335));
#12390 = CARTESIAN_POINT('',(-7.4179860002,7.361215932168));
#12391 = CARTESIAN_POINT('',(5.3320139998,2.08189955855E-15));
#12392 = CARTESIAN_POINT('',(-7.4179860002,-7.361215932168));
#12393 = CARTESIAN_POINT('',(-20.1679860002,-14.72243186433));
#12394 = CARTESIAN_POINT('',(-20.1679860002,0.));
#12395 = ( GEOMETRIC_REPRESENTATION_CONTEXT(2) 
PARAMETRIC_REPRESENTATION_CONTEXT() REPRESENTATION_CONTEXT('2D SPACE',''
  ) );
#12396 = ORIENTED_EDGE('',*,*,#12344,.T.);
#12397 = ADVANCED_FACE('',(#12398,#12401),#12381,.T.);
#12398 = FACE_BOUND('',#12399,.T.);
#12399 = EDGE_LOOP('',(#12400));
#12400 = ORIENTED_EDGE('',*,*,#12366,.T.);
#12401 = FACE_BOUND('',#12402,.T.);
#12402 = EDGE_LOOP('',(#12403));
#12403 = ORIENTED_EDGE('',*,*,#12404,.F.);
#12404 = EDGE_CURVE('',#12405,#12405,#12407,.T.);
#12405 = VERTEX_POINT('',#12406);
#12406 = CARTESIAN_POINT('',(13.,0.,73.796300175883));
#12407 = SURFACE_CURVE('',#12408,(#12413,#12424),.PCURVE_S1.);
#12408 = CIRCLE('',#12409,13.);
#12409 = AXIS2_PLACEMENT_3D('',#12410,#12411,#12412);
#12410 = CARTESIAN_POINT('',(-2.710505431214E-17,0.,73.796300175883));
#12411 = DIRECTION('',(0.,0.,1.));
#12412 = DIRECTION('',(1.,0.,0.));
#12413 = PCURVE('',#12381,#12414);
#12414 = DEFINITIONAL_REPRESENTATION('',(#12415),#12423);
#12415 = ( BOUNDED_CURVE() B_SPLINE_CURVE(2,(#12416,#12417,#12418,#12419
    ,#12420,#12421,#12422),.UNSPECIFIED.,.T.,.F.) 
B_SPLINE_CURVE_WITH_KNOTS((1,2,2,2,2,1),(-2.094395102393,0.,
    2.094395102393,4.188790204786,6.28318530718,8.377580409573),
.UNSPECIFIED.) CURVE() GEOMETRIC_REPRESENTATION_ITEM() 
RATIONAL_B_SPLINE_CURVE((1.,0.5,1.,0.5,1.,0.5,1.)) REPRESENTATION_ITEM(
  '') );
#12416 = CARTESIAN_POINT('',(-24.6679860002,0.));
#12417 = CARTESIAN_POINT('',(-24.6679860002,22.516660498395));
#12418 = CARTESIAN_POINT('',(-5.1679860002,11.258330249198));
#12419 = CARTESIAN_POINT('',(14.3320139998,3.184081677783E-15));
#12420 = CARTESIAN_POINT('',(-5.1679860002,-11.25833024919));
#12421 = CARTESIAN_POINT('',(-24.6679860002,-22.51666049839));
#12422 = CARTESIAN_POINT('',(-24.6679860002,0.));
#12423 = ( GEOMETRIC_REPRESENTATION_CONTEXT(2) 
PARAMETRIC_REPRESENTATION_CONTEXT() REPRESENTATION_CONTEXT('2D SPACE',''
  ) );
#12424 = PCURVE('',#12425,#12430);
#12425 = CYLINDRICAL_SURFACE('',#12426,13.);
#12426 = AXIS2_PLACEMENT_3D('',#12427,#12428,#12429);
#12427 = CARTESIAN_POINT('',(-2.710505431214E-17,0.,64.087595630213));
#12428 = DIRECTION('',(-0.,-0.,-1.));
#12429 = DIRECTION('',(1.,0.,0.));
#12430 = DEFINITIONAL_REPRESENTATION('',(#12431),#12435);
#12431 = LINE('',#12432,#12433);
#12432 = CARTESIAN_POINT('',(6.28318530718,-9.70870454567));
#12433 = VECTOR('',#12434,1.);
#12434 = DIRECTION('',(-1.,0.));
#12435 = ( GEOMETRIC_REPRESENTATION_CONTEXT(2) 
PARAMETRIC_REPRESENTATION_CONTEXT() REPRESENTATION_CONTEXT('2D SPACE',''
  ) );
#12436 = ADVANCED_FACE('',(#12437),#12425,.T.);
#12437 = FACE_BOUND('',#12438,.T.);
#12438 = EDGE_LOOP('',(#12439,#12440,#12462,#12493));
#12439 = ORIENTED_EDGE('',*,*,#12404,.T.);
#12440 = ORIENTED_EDGE('',*,*,#12441,.F.);
#12441 = EDGE_CURVE('',#12442,#12405,#12444,.T.);
#12442 = VERTEX_POINT('',#12443);
#12443 = CARTESIAN_POINT('',(13.,0.,78.796300175883));
#12444 = SEAM_CURVE('',#12445,(#12448,#12455),.PCURVE_S1.);
#12445 = B_SPLINE_CURVE_WITH_KNOTS('',1,(#12446,#12447),.UNSPECIFIED.,
  .F.,.F.,(2,2),(-14.70870454567,-9.70870454567),
  .PIECEWISE_BEZIER_KNOTS.);
#12446 = CARTESIAN_POINT('',(13.,3.184081677783E-15,78.796300175883));
#12447 = CARTESIAN_POINT('',(13.,3.184081677783E-15,73.796300175883));
#12448 = PCURVE('',#12425,#12449);
#12449 = DEFINITIONAL_REPRESENTATION('',(#12450),#12454);
#12450 = LINE('',#12451,#12452);
#12451 = CARTESIAN_POINT('',(0.,0.));
#12452 = VECTOR('',#12453,1.);
#12453 = DIRECTION('',(0.,1.));
#12454 = ( GEOMETRIC_REPRESENTATION_CONTEXT(2) 
PARAMETRIC_REPRESENTATION_CONTEXT() REPRESENTATION_CONTEXT('2D SPACE',''
  ) );
#12455 = PCURVE('',#12425,#12456);
#12456 = DEFINITIONAL_REPRESENTATION('',(#12457),#12461);
#12457 = LINE('',#12458,#12459);
#12458 = CARTESIAN_POINT('',(6.28318530718,0.));
#12459 = VECTOR('',#12460,1.);
#12460 = DIRECTION('',(0.,1.));
#12461 = ( GEOMETRIC_REPRESENTATION_CONTEXT(2) 
PARAMETRIC_REPRESENTATION_CONTEXT() REPRESENTATION_CONTEXT('2D SPACE',''
  ) );
#12462 = ORIENTED_EDGE('',*,*,#12463,.F.);
#12463 = EDGE_CURVE('',#12442,#12442,#12464,.T.);
#12464 = SURFACE_CURVE('',#12465,(#12470,#12477),.PCURVE_S1.);
#12465 = CIRCLE('',#12466,13.);
#12466 = AXIS2_PLACEMENT_3D('',#12467,#12468,#12469);
#12467 = CARTESIAN_POINT('',(-2.710505431214E-17,0.,78.796300175883));
#12468 = DIRECTION('',(0.,0.,1.));
#12469 = DIRECTION('',(1.,0.,0.));
#12470 = PCURVE('',#12425,#12471);
#12471 = DEFINITIONAL_REPRESENTATION('',(#12472),#12476);
#12472 = LINE('',#12473,#12474);
#12473 = CARTESIAN_POINT('',(6.28318530718,-14.70870454567));
#12474 = VECTOR('',#12475,1.);
#12475 = DIRECTION('',(-1.,0.));
#12476 = ( GEOMETRIC_REPRESENTATION_CONTEXT(2) 
PARAMETRIC_REPRESENTATION_CONTEXT() REPRESENTATION_CONTEXT('2D SPACE',''
  ) );
#12477 = PCURVE('',#12478,#12483);
#12478 = PLANE('',#12479);
#12479 = AXIS2_PLACEMENT_3D('',#12480,#12481,#12482);
#12480 = CARTESIAN_POINT('',(-7.89592554749,0.,78.796300175883));
#12481 = DIRECTION('',(0.,0.,-1.));
#12482 = DIRECTION('',(-1.,0.,0.));
#12483 = DEFINITIONAL_REPRESENTATION('',(#12484),#12492);
#12484 = ( BOUNDED_CURVE() B_SPLINE_CURVE(2,(#12485,#12486,#12487,#12488
    ,#12489,#12490,#12491),.UNSPECIFIED.,.T.,.F.) 
B_SPLINE_CURVE_WITH_KNOTS((1,2,2,2,2,1),(-2.094395102393,0.,
    2.094395102393,4.188790204786,6.28318530718,8.377580409573),
.UNSPECIFIED.) CURVE() GEOMETRIC_REPRESENTATION_ITEM() 
RATIONAL_B_SPLINE_CURVE((1.,0.5,1.,0.5,1.,0.5,1.)) REPRESENTATION_ITEM(
  '') );
#12485 = CARTESIAN_POINT('',(-20.89592554749,0.));
#12486 = CARTESIAN_POINT('',(-20.89592554749,22.516660498395));
#12487 = CARTESIAN_POINT('',(-1.39592554749,11.258330249198));
#12488 = CARTESIAN_POINT('',(18.10407445251,3.184081677783E-15));
#12489 = CARTESIAN_POINT('',(-1.39592554749,-11.25833024919));
#12490 = CARTESIAN_POINT('',(-20.89592554749,-22.51666049839));
#12491 = CARTESIAN_POINT('',(-20.89592554749,0.));
#12492 = ( GEOMETRIC_REPRESENTATION_CONTEXT(2) 
PARAMETRIC_REPRESENTATION_CONTEXT() REPRESENTATION_CONTEXT('2D SPACE',''
  ) );
#12493 = ORIENTED_EDGE('',*,*,#12441,.T.);
#12494 = ADVANCED_FACE('',(#12495,#12498),#12478,.T.);
#12495 = FACE_BOUND('',#12496,.T.);
#12496 = EDGE_LOOP('',(#12497));
#12497 = ORIENTED_EDGE('',*,*,#12463,.T.);
#12498 = FACE_BOUND('',#12499,.T.);
#12499 = EDGE_LOOP('',(#12500));
#12500 = ORIENTED_EDGE('',*,*,#12501,.F.);
#12501 = EDGE_CURVE('',#12502,#12502,#12504,.T.);
#12502 = VERTEX_POINT('',#12503);
#12503 = CARTESIAN_POINT('',(18.,0.,78.796300175883));
#12504 = SURFACE_CURVE('',#12505,(#12510,#12521),.PCURVE_S1.);
#12505 = CIRCLE('',#12506,18.);
#12506 = AXIS2_PLACEMENT_3D('',#12507,#12508,#12509);
#12507 = CARTESIAN_POINT('',(-2.710505431214E-17,0.,78.796300175883));
#12508 = DIRECTION('',(0.,0.,1.));
#12509 = DIRECTION('',(1.,0.,0.));
#12510 = PCURVE('',#12478,#12511);
#12511 = DEFINITIONAL_REPRESENTATION('',(#12512),#12520);
#12512 = ( BOUNDED_CURVE() B_SPLINE_CURVE(2,(#12513,#12514,#12515,#12516
    ,#12517,#12518,#12519),.UNSPECIFIED.,.T.,.F.) 
B_SPLINE_CURVE_WITH_KNOTS((1,2,2,2,2,1),(-2.094395102393,0.,
    2.094395102393,4.188790204786,6.28318530718,8.377580409573),
.UNSPECIFIED.) CURVE() GEOMETRIC_REPRESENTATION_ITEM() 
RATIONAL_B_SPLINE_CURVE((1.,0.5,1.,0.5,1.,0.5,1.)) REPRESENTATION_ITEM(
  '') );
#12513 = CARTESIAN_POINT('',(-25.89592554749,0.));
#12514 = CARTESIAN_POINT('',(-25.89592554749,31.17691453624));
#12515 = CARTESIAN_POINT('',(1.10407445251,15.58845726812));
#12516 = CARTESIAN_POINT('',(28.10407445251,4.40872847693E-15));
#12517 = CARTESIAN_POINT('',(1.10407445251,-15.58845726812));
#12518 = CARTESIAN_POINT('',(-25.89592554749,-31.17691453624));
#12519 = CARTESIAN_POINT('',(-25.89592554749,0.));
#12520 = ( GEOMETRIC_REPRESENTATION_CONTEXT(2) 
PARAMETRIC_REPRESENTATION_CONTEXT() REPRESENTATION_CONTEXT('2D SPACE',''
  ) );
#12521 = PCURVE('',#12522,#12527);
#12522 = CYLINDRICAL_SURFACE('',#12523,18.);
#12523 = AXIS2_PLACEMENT_3D('',#12524,#12525,#12526);
#12524 = CARTESIAN_POINT('',(-2.710505431214E-17,0.,64.087595630213));
#12525 = DIRECTION('',(-0.,-0.,-1.));
#12526 = DIRECTION('',(1.,0.,0.));
#12527 = DEFINITIONAL_REPRESENTATION('',(#12528),#12532);
#12528 = LINE('',#12529,#12530);
#12529 = CARTESIAN_POINT('',(6.28318530718,-14.70870454567));
#12530 = VECTOR('',#12531,1.);
#12531 = DIRECTION('',(-1.,0.));
#12532 = ( GEOMETRIC_REPRESENTATION_CONTEXT(2) 
PARAMETRIC_REPRESENTATION_CONTEXT() REPRESENTATION_CONTEXT('2D SPACE',''
  ) );
#12533 = ADVANCED_FACE('',(#12534),#12522,.T.);
#12534 = FACE_BOUND('',#12535,.T.);
#12535 = EDGE_LOOP('',(#12536,#12537,#12559,#12590));
#12536 = ORIENTED_EDGE('',*,*,#12501,.T.);
#12537 = ORIENTED_EDGE('',*,*,#12538,.F.);
#12538 = EDGE_CURVE('',#12539,#12502,#12541,.T.);
#12539 = VERTEX_POINT('',#12540);
#12540 = CARTESIAN_POINT('',(18.,0.,92.796300175883));
#12541 = SEAM_CURVE('',#12542,(#12545,#12552),.PCURVE_S1.);
#12542 = B_SPLINE_CURVE_WITH_KNOTS('',1,(#12543,#12544),.UNSPECIFIED.,
  .F.,.F.,(2,2),(-28.70870454567,-14.70870454567),
  .PIECEWISE_BEZIER_KNOTS.);
#12543 = CARTESIAN_POINT('',(18.,4.40872847693E-15,92.796300175883));
#12544 = CARTESIAN_POINT('',(18.,4.40872847693E-15,78.796300175883));
#12545 = PCURVE('',#12522,#12546);
#12546 = DEFINITIONAL_REPRESENTATION('',(#12547),#12551);
#12547 = LINE('',#12548,#12549);
#12548 = CARTESIAN_POINT('',(0.,0.));
#12549 = VECTOR('',#12550,1.);
#12550 = DIRECTION('',(0.,1.));
#12551 = ( GEOMETRIC_REPRESENTATION_CONTEXT(2) 
PARAMETRIC_REPRESENTATION_CONTEXT() REPRESENTATION_CONTEXT('2D SPACE',''
  ) );
#12552 = PCURVE('',#12522,#12553);
#12553 = DEFINITIONAL_REPRESENTATION('',(#12554),#12558);
#12554 = LINE('',#12555,#12556);
#12555 = CARTESIAN_POINT('',(6.28318530718,0.));
#12556 = VECTOR('',#12557,1.);
#12557 = DIRECTION('',(0.,1.));
#12558 = ( GEOMETRIC_REPRESENTATION_CONTEXT(2) 
PARAMETRIC_REPRESENTATION_CONTEXT() REPRESENTATION_CONTEXT('2D SPACE',''
  ) );
#12559 = ORIENTED_EDGE('',*,*,#12560,.F.);
#12560 = EDGE_CURVE('',#12539,#12539,#12561,.T.);
#12561 = SURFACE_CURVE('',#12562,(#12567,#12574),.PCURVE_S1.);
#12562 = CIRCLE('',#12563,18.);
#12563 = AXIS2_PLACEMENT_3D('',#12564,#12565,#12566);
#12564 = CARTESIAN_POINT('',(-2.710505431214E-17,0.,92.796300175883));
#12565 = DIRECTION('',(0.,0.,1.));
#12566 = DIRECTION('',(1.,0.,0.));
#12567 = PCURVE('',#12522,#12568);
#12568 = DEFINITIONAL_REPRESENTATION('',(#12569),#12573);
#12569 = LINE('',#12570,#12571);
#12570 = CARTESIAN_POINT('',(6.28318530718,-28.70870454567));
#12571 = VECTOR('',#12572,1.);
#12572 = DIRECTION('',(-1.,0.));
#12573 = ( GEOMETRIC_REPRESENTATION_CONTEXT(2) 
PARAMETRIC_REPRESENTATION_CONTEXT() REPRESENTATION_CONTEXT('2D SPACE',''
  ) );
#12574 = PCURVE('',#12575,#12580);
#12575 = PLANE('',#12576);
#12576 = AXIS2_PLACEMENT_3D('',#12577,#12578,#12579);
#12577 = CARTESIAN_POINT('',(-18.94598313429,0.,92.796300175883));
#12578 = DIRECTION('',(0.,0.,-1.));
#12579 = DIRECTION('',(-1.,0.,0.));
#12580 = DEFINITIONAL_REPRESENTATION('',(#12581),#12589);
#12581 = ( BOUNDED_CURVE() B_SPLINE_CURVE(2,(#12582,#12583,#12584,#12585
    ,#12586,#12587,#12588),.UNSPECIFIED.,.T.,.F.) 
B_SPLINE_CURVE_WITH_KNOTS((1,2,2,2,2,1),(-2.094395102393,0.,
    2.094395102393,4.188790204786,6.28318530718,8.377580409573),
.UNSPECIFIED.) CURVE() GEOMETRIC_REPRESENTATION_ITEM() 
RATIONAL_B_SPLINE_CURVE((1.,0.5,1.,0.5,1.,0.5,1.)) REPRESENTATION_ITEM(
  '') );
#12582 = CARTESIAN_POINT('',(-36.94598313429,0.));
#12583 = CARTESIAN_POINT('',(-36.94598313429,31.17691453624));
#12584 = CARTESIAN_POINT('',(-9.94598313429,15.58845726812));
#12585 = CARTESIAN_POINT('',(17.05401686571,4.40872847693E-15));
#12586 = CARTESIAN_POINT('',(-9.94598313429,-15.58845726812));
#12587 = CARTESIAN_POINT('',(-36.94598313429,-31.17691453624));
#12588 = CARTESIAN_POINT('',(-36.94598313429,0.));
#12589 = ( GEOMETRIC_REPRESENTATION_CONTEXT(2) 
PARAMETRIC_REPRESENTATION_CONTEXT() REPRESENTATION_CONTEXT('2D SPACE',''
  ) );
#12590 = ORIENTED_EDGE('',*,*,#12538,.T.);
#12591 = ADVANCED_FACE('',(#12592,#12595),#12575,.T.);
#12592 = FACE_BOUND('',#12593,.T.);
#12593 = EDGE_LOOP('',(#12594));
#12594 = ORIENTED_EDGE('',*,*,#12560,.T.);
#12595 = FACE_BOUND('',#12596,.T.);
#12596 = EDGE_LOOP('',(#12597));
#12597 = ORIENTED_EDGE('',*,*,#12598,.F.);
#12598 = EDGE_CURVE('',#12599,#12599,#12601,.T.);
#12599 = VERTEX_POINT('',#12600);
#12600 = CARTESIAN_POINT('',(20.5,0.,92.796300175883));
#12601 = SURFACE_CURVE('',#12602,(#12607,#12618),.PCURVE_S1.);
#12602 = CIRCLE('',#12603,20.5);
#12603 = AXIS2_PLACEMENT_3D('',#12604,#12605,#12606);
#12604 = CARTESIAN_POINT('',(-2.710505431214E-17,0.,92.796300175883));
#12605 = DIRECTION('',(0.,0.,1.));
#12606 = DIRECTION('',(1.,0.,0.));
#12607 = PCURVE('',#12575,#12608);
#12608 = DEFINITIONAL_REPRESENTATION('',(#12609),#12617);
#12609 = ( BOUNDED_CURVE() B_SPLINE_CURVE(2,(#12610,#12611,#12612,#12613
    ,#12614,#12615,#12616),.UNSPECIFIED.,.T.,.F.) 
B_SPLINE_CURVE_WITH_KNOTS((1,2,2,2,2,1),(-2.094395102393,0.,
    2.094395102393,4.188790204786,6.28318530718,8.377580409573),
.UNSPECIFIED.) CURVE() GEOMETRIC_REPRESENTATION_ITEM() 
RATIONAL_B_SPLINE_CURVE((1.,0.5,1.,0.5,1.,0.5,1.)) REPRESENTATION_ITEM(
  '') );
#12610 = CARTESIAN_POINT('',(-39.44598313429,0.));
#12611 = CARTESIAN_POINT('',(-39.44598313429,35.507041555162));
#12612 = CARTESIAN_POINT('',(-8.69598313429,17.753520777581));
#12613 = CARTESIAN_POINT('',(22.05401686571,5.021051876504E-15));
#12614 = CARTESIAN_POINT('',(-8.69598313429,-17.75352077758));
#12615 = CARTESIAN_POINT('',(-39.44598313429,-35.50704155516));
#12616 = CARTESIAN_POINT('',(-39.44598313429,0.));
#12617 = ( GEOMETRIC_REPRESENTATION_CONTEXT(2) 
PARAMETRIC_REPRESENTATION_CONTEXT() REPRESENTATION_CONTEXT('2D SPACE',''
  ) );
#12618 = PCURVE('',#12619,#12624);
#12619 = CYLINDRICAL_SURFACE('',#12620,20.5);
#12620 = AXIS2_PLACEMENT_3D('',#12621,#12622,#12623);
#12621 = CARTESIAN_POINT('',(-2.710505431214E-17,0.,64.087595630213));
#12622 = DIRECTION('',(-0.,-0.,-1.));
#12623 = DIRECTION('',(1.,0.,0.));
#12624 = DEFINITIONAL_REPRESENTATION('',(#12625),#12629);
#12625 = LINE('',#12626,#12627);
#12626 = CARTESIAN_POINT('',(6.28318530718,-28.70870454567));
#12627 = VECTOR('',#12628,1.);
#12628 = DIRECTION('',(-1.,0.));
#12629 = ( GEOMETRIC_REPRESENTATION_CONTEXT(2) 
PARAMETRIC_REPRESENTATION_CONTEXT() REPRESENTATION_CONTEXT('2D SPACE',''
  ) );
#12630 = ADVANCED_FACE('',(#12631),#12619,.T.);
#12631 = FACE_BOUND('',#12632,.T.);
#12632 = EDGE_LOOP('',(#12633,#12634,#12656,#12687));
#12633 = ORIENTED_EDGE('',*,*,#12598,.T.);
#12634 = ORIENTED_EDGE('',*,*,#12635,.F.);
#12635 = EDGE_CURVE('',#12636,#12599,#12638,.T.);
#12636 = VERTEX_POINT('',#12637);
#12637 = CARTESIAN_POINT('',(20.5,0.,96.348330691135));
#12638 = SEAM_CURVE('',#12639,(#12642,#12649),.PCURVE_S1.);
#12639 = B_SPLINE_CURVE_WITH_KNOTS('',1,(#12640,#12641),.UNSPECIFIED.,
  .F.,.F.,(2,2),(-32.26073506092,-28.70870454567),
  .PIECEWISE_BEZIER_KNOTS.);
#12640 = CARTESIAN_POINT('',(20.5,5.021051876504E-15,96.348330691135));
#12641 = CARTESIAN_POINT('',(20.5,5.021051876504E-15,92.796300175883));
#12642 = PCURVE('',#12619,#12643);
#12643 = DEFINITIONAL_REPRESENTATION('',(#12644),#12648);
#12644 = LINE('',#12645,#12646);
#12645 = CARTESIAN_POINT('',(0.,0.));
#12646 = VECTOR('',#12647,1.);
#12647 = DIRECTION('',(0.,1.));
#12648 = ( GEOMETRIC_REPRESENTATION_CONTEXT(2) 
PARAMETRIC_REPRESENTATION_CONTEXT() REPRESENTATION_CONTEXT('2D SPACE',''
  ) );
#12649 = PCURVE('',#12619,#12650);
#12650 = DEFINITIONAL_REPRESENTATION('',(#12651),#12655);
#12651 = LINE('',#12652,#12653);
#12652 = CARTESIAN_POINT('',(6.28318530718,0.));
#12653 = VECTOR('',#12654,1.);
#12654 = DIRECTION('',(0.,1.));
#12655 = ( GEOMETRIC_REPRESENTATION_CONTEXT(2) 
PARAMETRIC_REPRESENTATION_CONTEXT() REPRESENTATION_CONTEXT('2D SPACE',''
  ) );
#12656 = ORIENTED_EDGE('',*,*,#12657,.F.);
#12657 = EDGE_CURVE('',#12636,#12636,#12658,.T.);
#12658 = SURFACE_CURVE('',#12659,(#12664,#12671),.PCURVE_S1.);
#12659 = CIRCLE('',#12660,20.5);
#12660 = AXIS2_PLACEMENT_3D('',#12661,#12662,#12663);
#12661 = CARTESIAN_POINT('',(-2.710505431214E-17,0.,96.348330691135));
#12662 = DIRECTION('',(0.,0.,1.));
#12663 = DIRECTION('',(1.,0.,0.));
#12664 = PCURVE('',#12619,#12665);
#12665 = DEFINITIONAL_REPRESENTATION('',(#12666),#12670);
#12666 = LINE('',#12667,#12668);
#12667 = CARTESIAN_POINT('',(6.28318530718,-32.26073506092));
#12668 = VECTOR('',#12669,1.);
#12669 = DIRECTION('',(-1.,0.));
#12670 = ( GEOMETRIC_REPRESENTATION_CONTEXT(2) 
PARAMETRIC_REPRESENTATION_CONTEXT() REPRESENTATION_CONTEXT('2D SPACE',''
  ) );
#12671 = PCURVE('',#12672,#12677);
#12672 = PLANE('',#12673);
#12673 = AXIS2_PLACEMENT_3D('',#12674,#12675,#12676);
#12674 = CARTESIAN_POINT('',(-25.05698536617,0.,96.348330691135));
#12675 = DIRECTION('',(0.,0.,-1.));
#12676 = DIRECTION('',(-1.,0.,0.));
#12677 = DEFINITIONAL_REPRESENTATION('',(#12678),#12686);
#12678 = ( BOUNDED_CURVE() B_SPLINE_CURVE(2,(#12679,#12680,#12681,#12682
    ,#12683,#12684,#12685),.UNSPECIFIED.,.T.,.F.) 
B_SPLINE_CURVE_WITH_KNOTS((1,2,2,2,2,1),(-2.094395102393,0.,
    2.094395102393,4.188790204786,6.28318530718,8.377580409573),
.UNSPECIFIED.) CURVE() GEOMETRIC_REPRESENTATION_ITEM() 
RATIONAL_B_SPLINE_CURVE((1.,0.5,1.,0.5,1.,0.5,1.)) REPRESENTATION_ITEM(
  '') );
#12679 = CARTESIAN_POINT('',(-45.55698536617,0.));
#12680 = CARTESIAN_POINT('',(-45.55698536617,35.507041555162));
#12681 = CARTESIAN_POINT('',(-14.80698536617,17.753520777581));
#12682 = CARTESIAN_POINT('',(15.94301463383,5.021051876504E-15));
#12683 = CARTESIAN_POINT('',(-14.80698536617,-17.75352077758));
#12684 = CARTESIAN_POINT('',(-45.55698536617,-35.50704155516));
#12685 = CARTESIAN_POINT('',(-45.55698536617,0.));
#12686 = ( GEOMETRIC_REPRESENTATION_CONTEXT(2) 
PARAMETRIC_REPRESENTATION_CONTEXT() REPRESENTATION_CONTEXT('2D SPACE',''
  ) );
#12687 = ORIENTED_EDGE('',*,*,#12635,.T.);
#12688 = ADVANCED_FACE('',(#12689,#12692),#12672,.T.);
#12689 = FACE_BOUND('',#12690,.T.);
#12690 = EDGE_LOOP('',(#12691));
#12691 = ORIENTED_EDGE('',*,*,#12657,.T.);
#12692 = FACE_BOUND('',#12693,.T.);
#12693 = EDGE_LOOP('',(#12694));
#12694 = ORIENTED_EDGE('',*,*,#12695,.F.);
#12695 = EDGE_CURVE('',#12696,#12696,#12698,.T.);
#12696 = VERTEX_POINT('',#12697);
#12697 = CARTESIAN_POINT('',(26.5,0.,96.348330691135));
#12698 = SURFACE_CURVE('',#12699,(#12704,#12715),.PCURVE_S1.);
#12699 = CIRCLE('',#12700,26.5);
#12700 = AXIS2_PLACEMENT_3D('',#12701,#12702,#12703);
#12701 = CARTESIAN_POINT('',(-2.710505431214E-17,0.,96.348330691135));
#12702 = DIRECTION('',(0.,0.,1.));
#12703 = DIRECTION('',(1.,0.,0.));
#12704 = PCURVE('',#12672,#12705);
#12705 = DEFINITIONAL_REPRESENTATION('',(#12706),#12714);
#12706 = ( BOUNDED_CURVE() B_SPLINE_CURVE(2,(#12707,#12708,#12709,#12710
    ,#12711,#12712,#12713),.UNSPECIFIED.,.T.,.F.) 
B_SPLINE_CURVE_WITH_KNOTS((1,2,2,2,2,1),(-2.094395102393,0.,
    2.094395102393,4.188790204786,6.28318530718,8.377580409573),
.UNSPECIFIED.) CURVE() GEOMETRIC_REPRESENTATION_ITEM() 
RATIONAL_B_SPLINE_CURVE((1.,0.5,1.,0.5,1.,0.5,1.)) REPRESENTATION_ITEM(
  '') );
#12707 = CARTESIAN_POINT('',(-51.55698536617,0.));
#12708 = CARTESIAN_POINT('',(-51.55698536617,45.899346400575));
#12709 = CARTESIAN_POINT('',(-11.80698536617,22.949673200288));
#12710 = CARTESIAN_POINT('',(27.94301463383,6.490628035481E-15));
#12711 = CARTESIAN_POINT('',(-11.80698536617,-22.94967320028));
#12712 = CARTESIAN_POINT('',(-51.55698536617,-45.89934640057));
#12713 = CARTESIAN_POINT('',(-51.55698536617,0.));
#12714 = ( GEOMETRIC_REPRESENTATION_CONTEXT(2) 
PARAMETRIC_REPRESENTATION_CONTEXT() REPRESENTATION_CONTEXT('2D SPACE',''
  ) );
#12715 = PCURVE('',#12716,#12721);
#12716 = CYLINDRICAL_SURFACE('',#12717,26.5);
#12717 = AXIS2_PLACEMENT_3D('',#12718,#12719,#12720);
#12718 = CARTESIAN_POINT('',(-2.710505431214E-17,0.,64.087595630213));
#12719 = DIRECTION('',(-0.,-0.,-1.));
#12720 = DIRECTION('',(1.,0.,0.));
#12721 = DEFINITIONAL_REPRESENTATION('',(#12722),#12726);
#12722 = LINE('',#12723,#12724);
#12723 = CARTESIAN_POINT('',(6.28318530718,-32.26073506092));
#12724 = VECTOR('',#12725,1.);
#12725 = DIRECTION('',(-1.,0.));
#12726 = ( GEOMETRIC_REPRESENTATION_CONTEXT(2) 
PARAMETRIC_REPRESENTATION_CONTEXT() REPRESENTATION_CONTEXT('2D SPACE',''
  ) );
#12727 = ADVANCED_FACE('',(#12728),#12716,.T.);
#12728 = FACE_BOUND('',#12729,.T.);
#12729 = EDGE_LOOP('',(#12730,#12731,#12753,#12784));
#12730 = ORIENTED_EDGE('',*,*,#12695,.T.);
#12731 = ORIENTED_EDGE('',*,*,#12732,.F.);
#12732 = EDGE_CURVE('',#12733,#12696,#12735,.T.);
#12733 = VERTEX_POINT('',#12734);
#12734 = CARTESIAN_POINT('',(26.5,0.,99.012361247292));
#12735 = SEAM_CURVE('',#12736,(#12739,#12746),.PCURVE_S1.);
#12736 = B_SPLINE_CURVE_WITH_KNOTS('',1,(#12737,#12738),.UNSPECIFIED.,
  .F.,.F.,(2,2),(-34.92476561707,-32.26073506092),
  .PIECEWISE_BEZIER_KNOTS.);
#12737 = CARTESIAN_POINT('',(26.5,6.490628035481E-15,99.012361247292));
#12738 = CARTESIAN_POINT('',(26.5,6.490628035481E-15,96.348330691135));
#12739 = PCURVE('',#12716,#12740);
#12740 = DEFINITIONAL_REPRESENTATION('',(#12741),#12745);
#12741 = LINE('',#12742,#12743);
#12742 = CARTESIAN_POINT('',(0.,0.));
#12743 = VECTOR('',#12744,1.);
#12744 = DIRECTION('',(0.,1.));
#12745 = ( GEOMETRIC_REPRESENTATION_CONTEXT(2) 
PARAMETRIC_REPRESENTATION_CONTEXT() REPRESENTATION_CONTEXT('2D SPACE',''
  ) );
#12746 = PCURVE('',#12716,#12747);
#12747 = DEFINITIONAL_REPRESENTATION('',(#12748),#12752);
#12748 = LINE('',#12749,#12750);
#12749 = CARTESIAN_POINT('',(6.28318530718,0.));
#12750 = VECTOR('',#12751,1.);
#12751 = DIRECTION('',(0.,1.));
#12752 = ( GEOMETRIC_REPRESENTATION_CONTEXT(2) 
PARAMETRIC_REPRESENTATION_CONTEXT() REPRESENTATION_CONTEXT('2D SPACE',''
  ) );
#12753 = ORIENTED_EDGE('',*,*,#12754,.F.);
#12754 = EDGE_CURVE('',#12733,#12733,#12755,.T.);
#12755 = SURFACE_CURVE('',#12756,(#12761,#12768),.PCURVE_S1.);
#12756 = CIRCLE('',#12757,26.5);
#12757 = AXIS2_PLACEMENT_3D('',#12758,#12759,#12760);
#12758 = CARTESIAN_POINT('',(-2.710505431214E-17,0.,99.012361247292));
#12759 = DIRECTION('',(0.,0.,1.));
#12760 = DIRECTION('',(1.,0.,0.));
#12761 = PCURVE('',#12716,#12762);
#12762 = DEFINITIONAL_REPRESENTATION('',(#12763),#12767);
#12763 = LINE('',#12764,#12765);
#12764 = CARTESIAN_POINT('',(6.28318530718,-34.92476561707));
#12765 = VECTOR('',#12766,1.);
#12766 = DIRECTION('',(-1.,0.));
#12767 = ( GEOMETRIC_REPRESENTATION_CONTEXT(2) 
PARAMETRIC_REPRESENTATION_CONTEXT() REPRESENTATION_CONTEXT('2D SPACE',''
  ) );
#12768 = PCURVE('',#12769,#12774);
#12769 = PLANE('',#12770);
#12770 = AXIS2_PLACEMENT_3D('',#12771,#12772,#12773);
#12771 = CARTESIAN_POINT('',(-20.05503854528,0.,99.012361247292));
#12772 = DIRECTION('',(0.,0.,-1.));
#12773 = DIRECTION('',(-1.,0.,0.));
#12774 = DEFINITIONAL_REPRESENTATION('',(#12775),#12783);
#12775 = ( BOUNDED_CURVE() B_SPLINE_CURVE(2,(#12776,#12777,#12778,#12779
    ,#12780,#12781,#12782),.UNSPECIFIED.,.T.,.F.) 
B_SPLINE_CURVE_WITH_KNOTS((1,2,2,2,2,1),(-2.094395102393,0.,
    2.094395102393,4.188790204786,6.28318530718,8.377580409573),
.UNSPECIFIED.) CURVE() GEOMETRIC_REPRESENTATION_ITEM() 
RATIONAL_B_SPLINE_CURVE((1.,0.5,1.,0.5,1.,0.5,1.)) REPRESENTATION_ITEM(
  '') );
#12776 = CARTESIAN_POINT('',(-46.55503854528,0.));
#12777 = CARTESIAN_POINT('',(-46.55503854528,45.899346400575));
#12778 = CARTESIAN_POINT('',(-6.80503854528,22.949673200288));
#12779 = CARTESIAN_POINT('',(32.94496145472,6.490628035481E-15));
#12780 = CARTESIAN_POINT('',(-6.80503854528,-22.94967320028));
#12781 = CARTESIAN_POINT('',(-46.55503854528,-45.89934640057));
#12782 = CARTESIAN_POINT('',(-46.55503854528,0.));
#12783 = ( GEOMETRIC_REPRESENTATION_CONTEXT(2) 
PARAMETRIC_REPRESENTATION_CONTEXT() REPRESENTATION_CONTEXT('2D SPACE',''
  ) );
#12784 = ORIENTED_EDGE('',*,*,#12732,.T.);
#12785 = ADVANCED_FACE('',(#12786,#12821),#12769,.F.);
#12786 = FACE_BOUND('',#12787,.T.);
#12787 = EDGE_LOOP('',(#12788));
#12788 = ORIENTED_EDGE('',*,*,#12789,.F.);
#12789 = EDGE_CURVE('',#12790,#12790,#12792,.T.);
#12790 = VERTEX_POINT('',#12791);
#12791 = CARTESIAN_POINT('',(19.992657005787,0.,99.012361247292));
#12792 = SURFACE_CURVE('',#12793,(#12798,#12809),.PCURVE_S1.);
#12793 = CIRCLE('',#12794,19.992657);
#12794 = AXIS2_PLACEMENT_3D('',#12795,#12796,#12797);
#12795 = CARTESIAN_POINT('',(-2.710505431214E-17,0.,99.012361247292));
#12796 = DIRECTION('',(0.,0.,1.));
#12797 = DIRECTION('',(1.,0.,0.));
#12798 = PCURVE('',#12769,#12799);
#12799 = DEFINITIONAL_REPRESENTATION('',(#12800),#12808);
#12800 = ( BOUNDED_CURVE() B_SPLINE_CURVE(2,(#12801,#12802,#12803,#12804
    ,#12805,#12806,#12807),.UNSPECIFIED.,.T.,.F.) 
B_SPLINE_CURVE_WITH_KNOTS((1,2,2,2,2,1),(-2.094395102393,0.,
    2.094395102393,4.188790204786,6.28318530718,8.377580409573),
.UNSPECIFIED.) CURVE() GEOMETRIC_REPRESENTATION_ITEM() 
RATIONAL_B_SPLINE_CURVE((1.,0.5,1.,0.5,1.,0.5,1.)) REPRESENTATION_ITEM(
  '') );
#12801 = CARTESIAN_POINT('',(-40.04769554528,0.));
#12802 = CARTESIAN_POINT('',(-40.04769554528,34.628297702298));
#12803 = CARTESIAN_POINT('',(-10.05871004528,17.314148851149));
#12804 = CARTESIAN_POINT('',(19.93027545472,4.8967886803E-15));
#12805 = CARTESIAN_POINT('',(-10.05871004528,-17.31414885114));
#12806 = CARTESIAN_POINT('',(-40.04769554528,-34.62829770229));
#12807 = CARTESIAN_POINT('',(-40.04769554528,0.));
#12808 = ( GEOMETRIC_REPRESENTATION_CONTEXT(2) 
PARAMETRIC_REPRESENTATION_CONTEXT() REPRESENTATION_CONTEXT('2D SPACE',''
  ) );
#12809 = PCURVE('',#12810,#12815);
#12810 = CONICAL_SURFACE('',#12811,19.992657,0.3753445905);
#12811 = AXIS2_PLACEMENT_3D('',#12812,#12813,#12814);
#12812 = CARTESIAN_POINT('',(-2.710505431214E-17,0.,99.012361247292));
#12813 = DIRECTION('',(0.,0.,1.));
#12814 = DIRECTION('',(1.,0.,0.));
#12815 = DEFINITIONAL_REPRESENTATION('',(#12816),#12820);
#12816 = LINE('',#12817,#12818);
#12817 = CARTESIAN_POINT('',(0.,0.));
#12818 = VECTOR('',#12819,1.);
#12819 = DIRECTION('',(1.,0.));
#12820 = ( GEOMETRIC_REPRESENTATION_CONTEXT(2) 
PARAMETRIC_REPRESENTATION_CONTEXT() REPRESENTATION_CONTEXT('2D SPACE',''
  ) );
#12821 = FACE_BOUND('',#12822,.T.);
#12822 = EDGE_LOOP('',(#12823));
#12823 = ORIENTED_EDGE('',*,*,#12754,.T.);
#12824 = ADVANCED_FACE('',(#12825),#12810,.F.);
#12825 = FACE_BOUND('',#12826,.F.);
#12826 = EDGE_LOOP('',(#12827,#12856,#12876,#12877));
#12827 = ORIENTED_EDGE('',*,*,#12828,.T.);
#12828 = EDGE_CURVE('',#12829,#12829,#12831,.T.);
#12829 = VERTEX_POINT('',#12830);
#12830 = CARTESIAN_POINT('',(19.521702080965,0.,97.817118842354));
#12831 = SURFACE_CURVE('',#12832,(#12837,#12844),.PCURVE_S1.);
#12832 = CIRCLE('',#12833,19.5217021);
#12833 = AXIS2_PLACEMENT_3D('',#12834,#12835,#12836);
#12834 = CARTESIAN_POINT('',(-2.710505431214E-17,0.,97.817118842354));
#12835 = DIRECTION('',(0.,0.,1.));
#12836 = DIRECTION('',(1.,0.,0.));
#12837 = PCURVE('',#12810,#12838);
#12838 = DEFINITIONAL_REPRESENTATION('',(#12839),#12843);
#12839 = LINE('',#12840,#12841);
#12840 = CARTESIAN_POINT('',(0.,-1.19524239649));
#12841 = VECTOR('',#12842,1.);
#12842 = DIRECTION('',(1.,0.));
#12843 = ( GEOMETRIC_REPRESENTATION_CONTEXT(2) 
PARAMETRIC_REPRESENTATION_CONTEXT() REPRESENTATION_CONTEXT('2D SPACE',''
  ) );
#12844 = PCURVE('',#12845,#12850);
#12845 = CONICAL_SURFACE('',#12846,19.5217021,1.4511478438);
#12846 = AXIS2_PLACEMENT_3D('',#12847,#12848,#12849);
#12847 = CARTESIAN_POINT('',(-2.710505431214E-17,0.,97.817118842354));
#12848 = DIRECTION('',(0.,0.,1.));
#12849 = DIRECTION('',(1.,0.,0.));
#12850 = DEFINITIONAL_REPRESENTATION('',(#12851),#12855);
#12851 = LINE('',#12852,#12853);
#12852 = CARTESIAN_POINT('',(0.,0.));
#12853 = VECTOR('',#12854,1.);
#12854 = DIRECTION('',(1.,0.));
#12855 = ( GEOMETRIC_REPRESENTATION_CONTEXT(2) 
PARAMETRIC_REPRESENTATION_CONTEXT() REPRESENTATION_CONTEXT('2D SPACE',''
  ) );
#12856 = ORIENTED_EDGE('',*,*,#12857,.T.);
#12857 = EDGE_CURVE('',#12829,#12790,#12858,.T.);
#12858 = SEAM_CURVE('',#12859,(#12862,#12869),.PCURVE_S1.);
#12859 = B_SPLINE_CURVE_WITH_KNOTS('',1,(#12860,#12861),.UNSPECIFIED.,
  .F.,.F.,(2,2),(-1.284680086401,0.),.PIECEWISE_BEZIER_KNOTS.);
#12860 = CARTESIAN_POINT('',(19.521702078559,0.,97.817118850802));
#12861 = CARTESIAN_POINT('',(19.992657,0.,99.012361247292));
#12862 = PCURVE('',#12810,#12863);
#12863 = DEFINITIONAL_REPRESENTATION('',(#12864),#12868);
#12864 = LINE('',#12865,#12866);
#12865 = CARTESIAN_POINT('',(6.28318530718,0.));
#12866 = VECTOR('',#12867,1.);
#12867 = DIRECTION('',(0.,1.));
#12868 = ( GEOMETRIC_REPRESENTATION_CONTEXT(2) 
PARAMETRIC_REPRESENTATION_CONTEXT() REPRESENTATION_CONTEXT('2D SPACE',''
  ) );
#12869 = PCURVE('',#12810,#12870);
#12870 = DEFINITIONAL_REPRESENTATION('',(#12871),#12875);
#12871 = LINE('',#12872,#12873);
#12872 = CARTESIAN_POINT('',(4.138911435803E-13,0.));
#12873 = VECTOR('',#12874,1.);
#12874 = DIRECTION('',(0.,1.));
#12875 = ( GEOMETRIC_REPRESENTATION_CONTEXT(2) 
PARAMETRIC_REPRESENTATION_CONTEXT() REPRESENTATION_CONTEXT('2D SPACE',''
  ) );
#12876 = ORIENTED_EDGE('',*,*,#12789,.F.);
#12877 = ORIENTED_EDGE('',*,*,#12857,.F.);
#12878 = ADVANCED_FACE('',(#12879),#12845,.F.);
#12879 = FACE_BOUND('',#12880,.F.);
#12880 = EDGE_LOOP('',(#12881,#12910,#12930,#12931));
#12881 = ORIENTED_EDGE('',*,*,#12882,.T.);
#12882 = EDGE_CURVE('',#12883,#12883,#12885,.T.);
#12883 = VERTEX_POINT('',#12884);
#12884 = CARTESIAN_POINT('',(9.059085510671,0.,96.559274573078));
#12885 = SURFACE_CURVE('',#12886,(#12891,#12898),.PCURVE_S1.);
#12886 = CIRCLE('',#12887,9.0590855);
#12887 = AXIS2_PLACEMENT_3D('',#12888,#12889,#12890);
#12888 = CARTESIAN_POINT('',(-2.710505431214E-17,0.,96.559274573078));
#12889 = DIRECTION('',(0.,0.,1.));
#12890 = DIRECTION('',(1.,0.,0.));
#12891 = PCURVE('',#12845,#12892);
#12892 = DEFINITIONAL_REPRESENTATION('',(#12893),#12897);
#12893 = LINE('',#12894,#12895);
#12894 = CARTESIAN_POINT('',(0.,-1.257844272674));
#12895 = VECTOR('',#12896,1.);
#12896 = DIRECTION('',(1.,0.));
#12897 = ( GEOMETRIC_REPRESENTATION_CONTEXT(2) 
PARAMETRIC_REPRESENTATION_CONTEXT() REPRESENTATION_CONTEXT('2D SPACE',''
  ) );
#12898 = PCURVE('',#12899,#12904);
#12899 = CYLINDRICAL_SURFACE('',#12900,9.0590855);
#12900 = AXIS2_PLACEMENT_3D('',#12901,#12902,#12903);
#12901 = CARTESIAN_POINT('',(-2.710505431214E-17,0.,64.087595630213));
#12902 = DIRECTION('',(-0.,-0.,-1.));
#12903 = DIRECTION('',(1.,0.,0.));
#12904 = DEFINITIONAL_REPRESENTATION('',(#12905),#12909);
#12905 = LINE('',#12906,#12907);
#12906 = CARTESIAN_POINT('',(6.28318530718,-32.47167894286));
#12907 = VECTOR('',#12908,1.);
#12908 = DIRECTION('',(-1.,0.));
#12909 = ( GEOMETRIC_REPRESENTATION_CONTEXT(2) 
PARAMETRIC_REPRESENTATION_CONTEXT() REPRESENTATION_CONTEXT('2D SPACE',''
  ) );
#12910 = ORIENTED_EDGE('',*,*,#12911,.T.);
#12911 = EDGE_CURVE('',#12883,#12829,#12912,.T.);
#12912 = SEAM_CURVE('',#12913,(#12916,#12923),.PCURVE_S1.);
#12913 = B_SPLINE_CURVE_WITH_KNOTS('',1,(#12914,#12915),.UNSPECIFIED.,
  .F.,.F.,(2,2),(-10.53795607906,0.),.PIECEWISE_BEZIER_KNOTS.);
#12914 = CARTESIAN_POINT('',(9.059085500409,0.,96.55927456968));
#12915 = CARTESIAN_POINT('',(19.5217021,0.,97.817118842354));
#12916 = PCURVE('',#12845,#12917);
#12917 = DEFINITIONAL_REPRESENTATION('',(#12918),#12922);
#12918 = LINE('',#12919,#12920);
#12919 = CARTESIAN_POINT('',(6.28318530718,0.));
#12920 = VECTOR('',#12921,1.);
#12921 = DIRECTION('',(0.,1.));
#12922 = ( GEOMETRIC_REPRESENTATION_CONTEXT(2) 
PARAMETRIC_REPRESENTATION_CONTEXT() REPRESENTATION_CONTEXT('2D SPACE',''
  ) );
#12923 = PCURVE('',#12845,#12924);
#12924 = DEFINITIONAL_REPRESENTATION('',(#12925),#12929);
#12925 = LINE('',#12926,#12927);
#12926 = CARTESIAN_POINT('',(4.138911435803E-13,0.));
#12927 = VECTOR('',#12928,1.);
#12928 = DIRECTION('',(0.,1.));
#12929 = ( GEOMETRIC_REPRESENTATION_CONTEXT(2) 
PARAMETRIC_REPRESENTATION_CONTEXT() REPRESENTATION_CONTEXT('2D SPACE',''
  ) );
#12930 = ORIENTED_EDGE('',*,*,#12828,.F.);
#12931 = ORIENTED_EDGE('',*,*,#12911,.F.);
#12932 = ADVANCED_FACE('',(#12933),#12899,.T.);
#12933 = FACE_BOUND('',#12934,.T.);
#12934 = EDGE_LOOP('',(#12935,#12936,#12958,#12989));
#12935 = ORIENTED_EDGE('',*,*,#12882,.T.);
#12936 = ORIENTED_EDGE('',*,*,#12937,.F.);
#12937 = EDGE_CURVE('',#12938,#12883,#12940,.T.);
#12938 = VERTEX_POINT('',#12939);
#12939 = CARTESIAN_POINT('',(9.059085510671,0.,109.01236124729));
#12940 = SEAM_CURVE('',#12941,(#12944,#12951),.PCURVE_S1.);
#12941 = B_SPLINE_CURVE_WITH_KNOTS('',1,(#12942,#12943),.UNSPECIFIED.,
  .F.,.F.,(2,2),(-44.92476561707,-32.47167894286),
  .PIECEWISE_BEZIER_KNOTS.);
#12942 = CARTESIAN_POINT('',(9.0590855,2.218836012155E-15,
    109.01236124729));
#12943 = CARTESIAN_POINT('',(9.0590855,2.218836012155E-15,
    96.559274573078));
#12944 = PCURVE('',#12899,#12945);
#12945 = DEFINITIONAL_REPRESENTATION('',(#12946),#12950);
#12946 = LINE('',#12947,#12948);
#12947 = CARTESIAN_POINT('',(0.,0.));
#12948 = VECTOR('',#12949,1.);
#12949 = DIRECTION('',(0.,1.));
#12950 = ( GEOMETRIC_REPRESENTATION_CONTEXT(2) 
PARAMETRIC_REPRESENTATION_CONTEXT() REPRESENTATION_CONTEXT('2D SPACE',''
  ) );
#12951 = PCURVE('',#12899,#12952);
#12952 = DEFINITIONAL_REPRESENTATION('',(#12953),#12957);
#12953 = LINE('',#12954,#12955);
#12954 = CARTESIAN_POINT('',(6.28318530718,0.));
#12955 = VECTOR('',#12956,1.);
#12956 = DIRECTION('',(0.,1.));
#12957 = ( GEOMETRIC_REPRESENTATION_CONTEXT(2) 
PARAMETRIC_REPRESENTATION_CONTEXT() REPRESENTATION_CONTEXT('2D SPACE',''
  ) );
#12958 = ORIENTED_EDGE('',*,*,#12959,.F.);
#12959 = EDGE_CURVE('',#12938,#12938,#12960,.T.);
#12960 = SURFACE_CURVE('',#12961,(#12966,#12973),.PCURVE_S1.);
#12961 = CIRCLE('',#12962,9.0590855);
#12962 = AXIS2_PLACEMENT_3D('',#12963,#12964,#12965);
#12963 = CARTESIAN_POINT('',(-2.710505431214E-17,0.,109.01236124729));
#12964 = DIRECTION('',(0.,0.,1.));
#12965 = DIRECTION('',(1.,0.,0.));
#12966 = PCURVE('',#12899,#12967);
#12967 = DEFINITIONAL_REPRESENTATION('',(#12968),#12972);
#12968 = LINE('',#12969,#12970);
#12969 = CARTESIAN_POINT('',(6.28318530718,-44.92476561707));
#12970 = VECTOR('',#12971,1.);
#12971 = DIRECTION('',(-1.,0.));
#12972 = ( GEOMETRIC_REPRESENTATION_CONTEXT(2) 
PARAMETRIC_REPRESENTATION_CONTEXT() REPRESENTATION_CONTEXT('2D SPACE',''
  ) );
#12973 = PCURVE('',#12974,#12979);
#12974 = PLANE('',#12975);
#12975 = AXIS2_PLACEMENT_3D('',#12976,#12977,#12978);
#12976 = CARTESIAN_POINT('',(-7.897638909519,0.,109.01236124729));
#12977 = DIRECTION('',(0.,0.,-1.));
#12978 = DIRECTION('',(-1.,0.,0.));
#12979 = DEFINITIONAL_REPRESENTATION('',(#12980),#12988);
#12980 = ( BOUNDED_CURVE() B_SPLINE_CURVE(2,(#12981,#12982,#12983,#12984
    ,#12985,#12986,#12987),.UNSPECIFIED.,.T.,.F.) 
B_SPLINE_CURVE_WITH_KNOTS((1,2,2,2,2,1),(-2.094395102393,0.,
    2.094395102393,4.188790204786,6.28318530718,8.377580409573),
.UNSPECIFIED.) CURVE() GEOMETRIC_REPRESENTATION_ITEM() 
RATIONAL_B_SPLINE_CURVE((1.,0.5,1.,0.5,1.,0.5,1.)) REPRESENTATION_ITEM(
  '') );
#12981 = CARTESIAN_POINT('',(-16.95672440951,0.));
#12982 = CARTESIAN_POINT('',(-16.95672440951,15.690796356111));
#12983 = CARTESIAN_POINT('',(-3.368096159519,7.845398178055));
#12984 = CARTESIAN_POINT('',(10.220532090481,2.218836012155E-15));
#12985 = CARTESIAN_POINT('',(-3.368096159519,-7.845398178055));
#12986 = CARTESIAN_POINT('',(-16.95672440951,-15.69079635611));
#12987 = CARTESIAN_POINT('',(-16.95672440951,0.));
#12988 = ( GEOMETRIC_REPRESENTATION_CONTEXT(2) 
PARAMETRIC_REPRESENTATION_CONTEXT() REPRESENTATION_CONTEXT('2D SPACE',''
  ) );
#12989 = ORIENTED_EDGE('',*,*,#12937,.T.);
#12990 = ADVANCED_FACE('',(#12991,#13026),#12974,.F.);
#12991 = FACE_BOUND('',#12992,.T.);
#12992 = EDGE_LOOP('',(#12993));
#12993 = ORIENTED_EDGE('',*,*,#12994,.F.);
#12994 = EDGE_CURVE('',#12995,#12995,#12997,.T.);
#12995 = VERTEX_POINT('',#12996);
#12996 = CARTESIAN_POINT('',(6.645334884524,0.,109.01236124729));
#12997 = SURFACE_CURVE('',#12998,(#13003,#13014),.PCURVE_S1.);
#12998 = CIRCLE('',#12999,6.6453349);
#12999 = AXIS2_PLACEMENT_3D('',#13000,#13001,#13002);
#13000 = CARTESIAN_POINT('',(-2.710505431214E-17,0.,109.01236124729));
#13001 = DIRECTION('',(0.,0.,1.));
#13002 = DIRECTION('',(1.,0.,0.));
#13003 = PCURVE('',#12974,#13004);
#13004 = DEFINITIONAL_REPRESENTATION('',(#13005),#13013);
#13005 = ( BOUNDED_CURVE() B_SPLINE_CURVE(2,(#13006,#13007,#13008,#13009
    ,#13010,#13011,#13012),.UNSPECIFIED.,.T.,.F.) 
B_SPLINE_CURVE_WITH_KNOTS((1,2,2,2,2,1),(-2.094395102393,0.,
    2.094395102393,4.188790204786,6.28318530718,8.377580409573),
.UNSPECIFIED.) CURVE() GEOMETRIC_REPRESENTATION_ITEM() 
RATIONAL_B_SPLINE_CURVE((1.,0.5,1.,0.5,1.,0.5,1.)) REPRESENTATION_ITEM(
  '') );
#13006 = CARTESIAN_POINT('',(-14.54297380951,0.));
#13007 = CARTESIAN_POINT('',(-14.54297380951,11.510057680111));
#13008 = CARTESIAN_POINT('',(-4.574971459519,5.755028840055));
#13009 = CARTESIAN_POINT('',(5.393030890481,1.627637622909E-15));
#13010 = CARTESIAN_POINT('',(-4.574971459519,-5.755028840055));
#13011 = CARTESIAN_POINT('',(-14.54297380951,-11.51005768011));
#13012 = CARTESIAN_POINT('',(-14.54297380951,0.));
#13013 = ( GEOMETRIC_REPRESENTATION_CONTEXT(2) 
PARAMETRIC_REPRESENTATION_CONTEXT() REPRESENTATION_CONTEXT('2D SPACE',''
  ) );
#13014 = PCURVE('',#13015,#13020);
#13015 = CYLINDRICAL_SURFACE('',#13016,6.6453349);
#13016 = AXIS2_PLACEMENT_3D('',#13017,#13018,#13019);
#13017 = CARTESIAN_POINT('',(-2.710505431214E-17,0.,64.087595630213));
#13018 = DIRECTION('',(-0.,-0.,-1.));
#13019 = DIRECTION('',(1.,0.,0.));
#13020 = DEFINITIONAL_REPRESENTATION('',(#13021),#13025);
#13021 = LINE('',#13022,#13023);
#13022 = CARTESIAN_POINT('',(6.28318530718,-44.92476561707));
#13023 = VECTOR('',#13024,1.);
#13024 = DIRECTION('',(-1.,0.));
#13025 = ( GEOMETRIC_REPRESENTATION_CONTEXT(2) 
PARAMETRIC_REPRESENTATION_CONTEXT() REPRESENTATION_CONTEXT('2D SPACE',''
  ) );
#13026 = FACE_BOUND('',#13027,.T.);
#13027 = EDGE_LOOP('',(#13028));
#13028 = ORIENTED_EDGE('',*,*,#12959,.T.);
#13029 = ADVANCED_FACE('',(#13030),#13015,.F.);
#13030 = FACE_BOUND('',#13031,.F.);
#13031 = EDGE_LOOP('',(#13032,#13065,#13085,#13086));
#13032 = ORIENTED_EDGE('',*,*,#13033,.T.);
#13033 = EDGE_CURVE('',#13034,#13034,#13036,.T.);
#13034 = VERTEX_POINT('',#13035);
#13035 = CARTESIAN_POINT('',(6.645334884524,0.,105.66789247488));
#13036 = SURFACE_CURVE('',#13037,(#13042,#13049),.PCURVE_S1.);
#13037 = CIRCLE('',#13038,6.6453349);
#13038 = AXIS2_PLACEMENT_3D('',#13039,#13040,#13041);
#13039 = CARTESIAN_POINT('',(-2.710505431214E-17,0.,105.66789247488));
#13040 = DIRECTION('',(0.,0.,1.));
#13041 = DIRECTION('',(1.,0.,0.));
#13042 = PCURVE('',#13015,#13043);
#13043 = DEFINITIONAL_REPRESENTATION('',(#13044),#13048);
#13044 = LINE('',#13045,#13046);
#13045 = CARTESIAN_POINT('',(6.28318530718,-41.58029684466));
#13046 = VECTOR('',#13047,1.);
#13047 = DIRECTION('',(-1.,0.));
#13048 = ( GEOMETRIC_REPRESENTATION_CONTEXT(2) 
PARAMETRIC_REPRESENTATION_CONTEXT() REPRESENTATION_CONTEXT('2D SPACE',''
  ) );
#13049 = PCURVE('',#13050,#13055);
#13050 = PLANE('',#13051);
#13051 = AXIS2_PLACEMENT_3D('',#13052,#13053,#13054);
#13052 = CARTESIAN_POINT('',(-5.6930067949,0.,105.66789247488));
#13053 = DIRECTION('',(0.,0.,-1.));
#13054 = DIRECTION('',(-1.,0.,0.));
#13055 = DEFINITIONAL_REPRESENTATION('',(#13056),#13064);
#13056 = ( BOUNDED_CURVE() B_SPLINE_CURVE(2,(#13057,#13058,#13059,#13060
    ,#13061,#13062,#13063),.UNSPECIFIED.,.T.,.F.) 
B_SPLINE_CURVE_WITH_KNOTS((1,2,2,2,2,1),(-2.094395102393,0.,
    2.094395102393,4.188790204786,6.28318530718,8.377580409573),
.UNSPECIFIED.) CURVE() GEOMETRIC_REPRESENTATION_ITEM() 
RATIONAL_B_SPLINE_CURVE((1.,0.5,1.,0.5,1.,0.5,1.)) REPRESENTATION_ITEM(
  '') );
#13057 = CARTESIAN_POINT('',(-12.3383416949,0.));
#13058 = CARTESIAN_POINT('',(-12.3383416949,11.510057680111));
#13059 = CARTESIAN_POINT('',(-2.3703393449,5.755028840055));
#13060 = CARTESIAN_POINT('',(7.5976630051,1.627637622909E-15));
#13061 = CARTESIAN_POINT('',(-2.3703393449,-5.755028840055));
#13062 = CARTESIAN_POINT('',(-12.3383416949,-11.51005768011));
#13063 = CARTESIAN_POINT('',(-12.3383416949,0.));
#13064 = ( GEOMETRIC_REPRESENTATION_CONTEXT(2) 
PARAMETRIC_REPRESENTATION_CONTEXT() REPRESENTATION_CONTEXT('2D SPACE',''
  ) );
#13065 = ORIENTED_EDGE('',*,*,#13066,.F.);
#13066 = EDGE_CURVE('',#12995,#13034,#13067,.T.);
#13067 = SEAM_CURVE('',#13068,(#13071,#13078),.PCURVE_S1.);
#13068 = B_SPLINE_CURVE_WITH_KNOTS('',1,(#13069,#13070),.UNSPECIFIED.,
  .F.,.F.,(2,2),(-44.92476561707,-41.58029684466),
  .PIECEWISE_BEZIER_KNOTS.);
#13069 = CARTESIAN_POINT('',(6.6453349,1.627637622909E-15,
    109.01236124729));
#13070 = CARTESIAN_POINT('',(6.6453349,1.627637622909E-15,
    105.66789247488));
#13071 = PCURVE('',#13015,#13072);
#13072 = DEFINITIONAL_REPRESENTATION('',(#13073),#13077);
#13073 = LINE('',#13074,#13075);
#13074 = CARTESIAN_POINT('',(0.,0.));
#13075 = VECTOR('',#13076,1.);
#13076 = DIRECTION('',(0.,1.));
#13077 = ( GEOMETRIC_REPRESENTATION_CONTEXT(2) 
PARAMETRIC_REPRESENTATION_CONTEXT() REPRESENTATION_CONTEXT('2D SPACE',''
  ) );
#13078 = PCURVE('',#13015,#13079);
#13079 = DEFINITIONAL_REPRESENTATION('',(#13080),#13084);
#13080 = LINE('',#13081,#13082);
#13081 = CARTESIAN_POINT('',(6.28318530718,0.));
#13082 = VECTOR('',#13083,1.);
#13083 = DIRECTION('',(0.,1.));
#13084 = ( GEOMETRIC_REPRESENTATION_CONTEXT(2) 
PARAMETRIC_REPRESENTATION_CONTEXT() REPRESENTATION_CONTEXT('2D SPACE',''
  ) );
#13085 = ORIENTED_EDGE('',*,*,#12994,.F.);
#13086 = ORIENTED_EDGE('',*,*,#13066,.T.);
#13087 = ADVANCED_FACE('',(#13088,#13091),#13050,.F.);
#13088 = FACE_BOUND('',#13089,.F.);
#13089 = EDGE_LOOP('',(#13090));
#13090 = ORIENTED_EDGE('',*,*,#13033,.F.);
#13091 = FACE_BOUND('',#13092,.F.);
#13092 = EDGE_LOOP('',(#13093));
#13093 = ORIENTED_EDGE('',*,*,#13094,.T.);
#13094 = EDGE_CURVE('',#13095,#13095,#13097,.T.);
#13095 = VERTEX_POINT('',#13096);
#13096 = CARTESIAN_POINT('',(6.625,-1.665345757984E-14,105.66789247488)
  );
#13097 = SURFACE_CURVE('',#13098,(#13103,#13114),.PCURVE_S1.);
#13098 = CIRCLE('',#13099,6.625);
#13099 = AXIS2_PLACEMENT_3D('',#13100,#13101,#13102);
#13100 = CARTESIAN_POINT('',(-7.105427357601E-15,-1.503080057097E-14,
    105.66789247488));
#13101 = DIRECTION('',(0.,0.,1.));
#13102 = DIRECTION('',(1.,0.,0.));
#13103 = PCURVE('',#13050,#13104);
#13104 = DEFINITIONAL_REPRESENTATION('',(#13105),#13113);
#13105 = ( BOUNDED_CURVE() B_SPLINE_CURVE(2,(#13106,#13107,#13108,#13109
    ,#13110,#13111,#13112),.UNSPECIFIED.,.T.,.F.) 
B_SPLINE_CURVE_WITH_KNOTS((1,2,2,2,2,1),(-2.094395102393,0.,
    2.094395102393,4.188790204786,6.28318530718,8.377580409573),
.UNSPECIFIED.) CURVE() GEOMETRIC_REPRESENTATION_ITEM() 
RATIONAL_B_SPLINE_CURVE((1.,0.5,1.,0.5,1.,0.5,1.)) REPRESENTATION_ITEM(
  '') );
#13106 = CARTESIAN_POINT('',(-12.3180067949,-1.503080057097E-14));
#13107 = CARTESIAN_POINT('',(-12.3180067949,11.474836600144));
#13108 = CARTESIAN_POINT('',(-2.3805067949,5.737418300072));
#13109 = CARTESIAN_POINT('',(7.5569932051,-1.34081435621E-14));
#13110 = CARTESIAN_POINT('',(-2.3805067949,-5.737418300072));
#13111 = CARTESIAN_POINT('',(-12.3180067949,-11.47483660014));
#13112 = CARTESIAN_POINT('',(-12.3180067949,-1.503080057097E-14));
#13113 = ( GEOMETRIC_REPRESENTATION_CONTEXT(2) 
PARAMETRIC_REPRESENTATION_CONTEXT() REPRESENTATION_CONTEXT('2D SPACE',''
  ) );
#13114 = PCURVE('',#13115,#13120);
#13115 = CYLINDRICAL_SURFACE('',#13116,6.625);
#13116 = AXIS2_PLACEMENT_3D('',#13117,#13118,#13119);
#13117 = CARTESIAN_POINT('',(-7.105427357601E-15,-1.503080057097E-14,
    -57.33212758177));
#13118 = DIRECTION('',(0.,0.,1.));
#13119 = DIRECTION('',(1.,0.,0.));
#13120 = DEFINITIONAL_REPRESENTATION('',(#13121),#13125);
#13121 = LINE('',#13122,#13123);
#13122 = CARTESIAN_POINT('',(0.,163.00002005665));
#13123 = VECTOR('',#13124,1.);
#13124 = DIRECTION('',(1.,0.));
#13125 = ( GEOMETRIC_REPRESENTATION_CONTEXT(2) 
PARAMETRIC_REPRESENTATION_CONTEXT() REPRESENTATION_CONTEXT('2D SPACE',''
  ) );
#13126 = ADVANCED_FACE('',(#13127),#13115,.F.);
#13127 = FACE_BOUND('',#13128,.F.);
#13128 = EDGE_LOOP('',(#13129,#13130,#13153,#13180));
#13129 = ORIENTED_EDGE('',*,*,#13094,.F.);
#13130 = ORIENTED_EDGE('',*,*,#13131,.F.);
#13131 = EDGE_CURVE('',#13132,#13095,#13134,.T.);
#13132 = VERTEX_POINT('',#13133);
#13133 = CARTESIAN_POINT('',(6.625,-1.665345757984E-14,-57.33212758177)
  );
#13134 = SEAM_CURVE('',#13135,(#13139,#13146),.PCURVE_S1.);
#13135 = LINE('',#13136,#13137);
#13136 = CARTESIAN_POINT('',(6.625,-1.665345757984E-14,-57.33212758177)
  );
#13137 = VECTOR('',#13138,1.);
#13138 = DIRECTION('',(0.,0.,1.));
#13139 = PCURVE('',#13115,#13140);
#13140 = DEFINITIONAL_REPRESENTATION('',(#13141),#13145);
#13141 = LINE('',#13142,#13143);
#13142 = CARTESIAN_POINT('',(0.,-0.));
#13143 = VECTOR('',#13144,1.);
#13144 = DIRECTION('',(0.,1.));
#13145 = ( GEOMETRIC_REPRESENTATION_CONTEXT(2) 
PARAMETRIC_REPRESENTATION_CONTEXT() REPRESENTATION_CONTEXT('2D SPACE',''
  ) );
#13146 = PCURVE('',#13115,#13147);
#13147 = DEFINITIONAL_REPRESENTATION('',(#13148),#13152);
#13148 = LINE('',#13149,#13150);
#13149 = CARTESIAN_POINT('',(6.28318530718,-0.));
#13150 = VECTOR('',#13151,1.);
#13151 = DIRECTION('',(0.,1.));
#13152 = ( GEOMETRIC_REPRESENTATION_CONTEXT(2) 
PARAMETRIC_REPRESENTATION_CONTEXT() REPRESENTATION_CONTEXT('2D SPACE',''
  ) );
#13153 = ORIENTED_EDGE('',*,*,#13154,.T.);
#13154 = EDGE_CURVE('',#13132,#13132,#13155,.T.);
#13155 = SURFACE_CURVE('',#13156,(#13161,#13168),.PCURVE_S1.);
#13156 = CIRCLE('',#13157,6.625);
#13157 = AXIS2_PLACEMENT_3D('',#13158,#13159,#13160);
#13158 = CARTESIAN_POINT('',(-7.105427357601E-15,-1.503080057097E-14,
    -57.33212758177));
#13159 = DIRECTION('',(0.,0.,1.));
#13160 = DIRECTION('',(1.,0.,0.));
#13161 = PCURVE('',#13115,#13162);
#13162 = DEFINITIONAL_REPRESENTATION('',(#13163),#13167);
#13163 = LINE('',#13164,#13165);
#13164 = CARTESIAN_POINT('',(0.,0.));
#13165 = VECTOR('',#13166,1.);
#13166 = DIRECTION('',(1.,0.));
#13167 = ( GEOMETRIC_REPRESENTATION_CONTEXT(2) 
PARAMETRIC_REPRESENTATION_CONTEXT() REPRESENTATION_CONTEXT('2D SPACE',''
  ) );
#13168 = PCURVE('',#13169,#13174);
#13169 = PLANE('',#13170);
#13170 = AXIS2_PLACEMENT_3D('',#13171,#13172,#13173);
#13171 = CARTESIAN_POINT('',(-7.105427357601E-15,-1.503080057097E-14,
    -57.33212758177));
#13172 = DIRECTION('',(0.,0.,1.));
#13173 = DIRECTION('',(1.,0.,0.));
#13174 = DEFINITIONAL_REPRESENTATION('',(#13175),#13179);
#13175 = CIRCLE('',#13176,6.625);
#13176 = AXIS2_PLACEMENT_2D('',#13177,#13178);
#13177 = CARTESIAN_POINT('',(0.,0.));
#13178 = DIRECTION('',(1.,0.));
#13179 = ( GEOMETRIC_REPRESENTATION_CONTEXT(2) 
PARAMETRIC_REPRESENTATION_CONTEXT() REPRESENTATION_CONTEXT('2D SPACE',''
  ) );
#13180 = ORIENTED_EDGE('',*,*,#13131,.T.);
#13181 = ADVANCED_FACE('',(#13182),#13169,.T.);
#13182 = FACE_BOUND('',#13183,.F.);
#13183 = EDGE_LOOP('',(#13184));
#13184 = ORIENTED_EDGE('',*,*,#13154,.F.);
#13185 = ADVANCED_FACE('',(#13186),#73,.F.);
#13186 = FACE_BOUND('',#13187,.F.);
#13187 = EDGE_LOOP('',(#13188,#13189,#13261,#13281,#13282,#13283));
#13188 = ORIENTED_EDGE('',*,*,#56,.T.);
#13189 = ORIENTED_EDGE('',*,*,#13190,.T.);
#13190 = EDGE_CURVE('',#57,#22,#13191,.T.);
#13191 = SURFACE_CURVE('',#13192,(#13203,#13232),.PCURVE_S1.);
#13192 = B_SPLINE_CURVE_WITH_KNOTS('',3,(#13193,#13194,#13195,#13196,
    #13197,#13198,#13199,#13200,#13201,#13202),.UNSPECIFIED.,.F.,.F.,(4,
    2,2,2,4),(0.,4.34621050044E-04,8.692421000879E-04,1.303863150132E-03
    ,1.738484200176E-03),.UNSPECIFIED.);
#13193 = CARTESIAN_POINT('',(15.511764693593,6.068970175504,
    -156.1251170516));
#13194 = CARTESIAN_POINT('',(15.477551404442,6.180610081244,
    -156.2133172265));
#13195 = CARTESIAN_POINT('',(15.444875553629,6.280680438556,
    -156.314711415));
#13196 = CARTESIAN_POINT('',(15.393481885903,6.433447583735,
    -156.5591693852));
#13197 = CARTESIAN_POINT('',(15.376499580428,6.481492825368,
    -156.7014818985));
#13198 = CARTESIAN_POINT('',(15.376287640313,6.482098989128,
    -156.9924358395));
#13199 = CARTESIAN_POINT('',(15.393487344535,6.43341211132,
    -157.1372867268));
#13200 = CARTESIAN_POINT('',(15.444325647119,6.282334071605,
    -157.3799014254));
#13201 = CARTESIAN_POINT('',(15.47748296126,6.180833415236,
    -157.483337795));
#13202 = CARTESIAN_POINT('',(15.511764693593,6.068970175504,
    -157.571714413));
#13203 = PCURVE('',#73,#13204);
#13204 = DEFINITIONAL_REPRESENTATION('',(#13205),#13231);
#13205 = B_SPLINE_CURVE_WITH_KNOTS('',3,(#13206,#13207,#13208,#13209,
    #13210,#13211,#13212,#13213,#13214,#13215,#13216,#13217,#13218,
    #13219,#13220,#13221,#13222,#13223,#13224,#13225,#13226,#13227,
    #13228,#13229,#13230),.UNSPECIFIED.,.F.,.F.,(4,1,1,1,1,1,1,1,1,1,1,1
    ,1,1,1,1,1,1,1,1,1,1,4),(0.,7.902200909891E-05,1.580440181978E-04,
    2.370660272967E-04,3.160880363956E-04,3.951100454945E-04,
    4.741320545935E-04,5.531540636924E-04,6.321760727913E-04,
    7.111980818902E-04,7.902200909891E-04,8.69242100088E-04,
    9.482641091869E-04,1.027286118286E-03,1.106308127385E-03,
    1.185330136484E-03,1.264352145583E-03,1.343374154681E-03,
    1.42239616378E-03,1.501418172879E-03,1.580440181978E-03,
    1.659462191077E-03,1.738484200176E-03),.QUASI_UNIFORM_KNOTS.);
#13206 = CARTESIAN_POINT('',(1.940832696665,-3.931029824496));
#13207 = CARTESIAN_POINT('',(1.932231609868,-3.910731659816));
#13208 = CARTESIAN_POINT('',(1.914644145377,-3.870900356151));
#13209 = CARTESIAN_POINT('',(1.886985550389,-3.81388459111));
#13210 = CARTESIAN_POINT('',(1.857932996078,-3.760039617333));
#13211 = CARTESIAN_POINT('',(1.827352545639,-3.709792829602));
#13212 = CARTESIAN_POINT('',(1.795122076763,-3.663616959366));
#13213 = CARTESIAN_POINT('',(1.761042178461,-3.621815597433));
#13214 = CARTESIAN_POINT('',(1.725306550713,-3.58604837321));
#13215 = CARTESIAN_POINT('',(1.688225780952,-3.55693521455));
#13216 = CARTESIAN_POINT('',(1.650062750962,-3.535194473565));
#13217 = CARTESIAN_POINT('',(1.611104974995,-3.521531388481));
#13218 = CARTESIAN_POINT('',(1.571545577602,-3.516605228805));
#13219 = CARTESIAN_POINT('',(1.531861265651,-3.521272252811));
#13220 = CARTESIAN_POINT('',(1.492634493896,-3.534891103958));
#13221 = CARTESIAN_POINT('',(1.454165630182,-3.556621412272));
#13222 = CARTESIAN_POINT('',(1.416858122343,-3.585675862812));
#13223 = CARTESIAN_POINT('',(1.381064387109,-3.621253933943));
#13224 = CARTESIAN_POINT('',(1.34728074417,-3.662554875767));
#13225 = CARTESIAN_POINT('',(1.315030088177,-3.708689062268));
#13226 = CARTESIAN_POINT('',(1.284275809371,-3.759138189199));
#13227 = CARTESIAN_POINT('',(1.254966237748,-3.813327849379));
#13228 = CARTESIAN_POINT('',(1.227062714512,-3.870698673526));
#13229 = CARTESIAN_POINT('',(1.209378139969,-3.910691053636));
#13230 = CARTESIAN_POINT('',(1.200759956925,-3.931029824496));
#13231 = ( GEOMETRIC_REPRESENTATION_CONTEXT(2) 
PARAMETRIC_REPRESENTATION_CONTEXT() REPRESENTATION_CONTEXT('2D SPACE',''
  ) );
#13232 = PCURVE('',#44,#13233);
#13233 = DEFINITIONAL_REPRESENTATION('',(#13234),#13260);
#13234 = B_SPLINE_CURVE_WITH_KNOTS('',3,(#13235,#13236,#13237,#13238,
    #13239,#13240,#13241,#13242,#13243,#13244,#13245,#13246,#13247,
    #13248,#13249,#13250,#13251,#13252,#13253,#13254,#13255,#13256,
    #13257,#13258,#13259),.UNSPECIFIED.,.F.,.F.,(4,1,1,1,1,1,1,1,1,1,1,1
    ,1,1,1,1,1,1,1,1,1,1,4),(0.,7.90220090989E-05,1.580440181978E-04,
    2.370660272967E-04,3.160880363956E-04,3.951100454945E-04,
    4.741320545934E-04,5.531540636923E-04,6.321760727912E-04,
    7.111980818901E-04,7.90220090989E-04,8.692421000879E-04,
    9.482641091868E-04,1.027286118286E-03,1.106308127385E-03,
    1.185330136483E-03,1.264352145582E-03,1.343374154681E-03,
    1.42239616378E-03,1.501418172879E-03,1.580440181978E-03,
    1.659462191077E-03,1.738484200176E-03),.UNSPECIFIED.);
#13235 = CARTESIAN_POINT('',(3.438966478246,-10.49028705167));
#13236 = CARTESIAN_POINT('',(3.440871227406,-10.50632344711));
#13237 = CARTESIAN_POINT('',(3.444612447872,-10.5392684924));
#13238 = CARTESIAN_POINT('',(3.449976985146,-10.59157906752));
#13239 = CARTESIAN_POINT('',(3.45505145742,-10.64705611964));
#13240 = CARTESIAN_POINT('',(3.459794184108,-10.70598282798));
#13241 = CARTESIAN_POINT('',(3.464159108472,-10.76860630823));
#13242 = CARTESIAN_POINT('',(3.468116331114,-10.83530822086));
#13243 = CARTESIAN_POINT('',(3.471506114977,-10.90574563866));
#13244 = CARTESIAN_POINT('',(3.474268190097,-10.97923424466));
#13245 = CARTESIAN_POINT('',(3.476332845935,-11.0551922622));
#13246 = CARTESIAN_POINT('',(3.477631614724,-11.1329701889));
#13247 = CARTESIAN_POINT('',(3.478100362502,-11.21208688488));
#13248 = CARTESIAN_POINT('',(3.477656256365,-11.29145548608));
#13249 = CARTESIAN_POINT('',(3.476361721333,-11.36977181414));
#13250 = CARTESIAN_POINT('',(3.474298057499,-11.44634139057));
#13251 = CARTESIAN_POINT('',(3.471541501812,-11.52028745948));
#13252 = CARTESIAN_POINT('',(3.468169552354,-11.59085267465));
#13253 = CARTESIAN_POINT('',(3.464259594877,-11.65698432867));
#13254 = CARTESIAN_POINT('',(3.459898552591,-11.71965158289));
#13255 = CARTESIAN_POINT('',(3.45513664208,-11.7789183299));
#13256 = CARTESIAN_POINT('',(3.450029549052,-11.83489599742));
#13257 = CARTESIAN_POINT('',(3.444631449126,-11.88768327179));
#13258 = CARTESIAN_POINT('',(3.440875037252,-11.92081593708));
#13259 = CARTESIAN_POINT('',(3.438966478246,-11.93688441308));
#13260 = ( GEOMETRIC_REPRESENTATION_CONTEXT(2) 
PARAMETRIC_REPRESENTATION_CONTEXT() REPRESENTATION_CONTEXT('2D SPACE',''
  ) );
#13261 = ORIENTED_EDGE('',*,*,#13262,.F.);
#13262 = EDGE_CURVE('',#3231,#22,#13263,.T.);
#13263 = SEAM_CURVE('',#13264,(#13267,#13274),.PCURVE_S1.);
#13264 = B_SPLINE_CURVE_WITH_KNOTS('',1,(#13265,#13266),.UNSPECIFIED.,
  .F.,.F.,(2,2),(-16.06897017586,-3.931029824138),
  .PIECEWISE_BEZIER_KNOTS.);
#13265 = CARTESIAN_POINT('',(15.511764693593,-6.068970175862,
    -157.571714413));
#13266 = CARTESIAN_POINT('',(15.511764693593,6.068970175862,
    -157.571714413));
#13267 = PCURVE('',#73,#13268);
#13268 = DEFINITIONAL_REPRESENTATION('',(#13269),#13273);
#13269 = LINE('',#13270,#13271);
#13270 = CARTESIAN_POINT('',(1.200759956922,0.));
#13271 = VECTOR('',#13272,1.);
#13272 = DIRECTION('',(0.,1.));
#13273 = ( GEOMETRIC_REPRESENTATION_CONTEXT(2) 
PARAMETRIC_REPRESENTATION_CONTEXT() REPRESENTATION_CONTEXT('2D SPACE',''
  ) );
#13274 = PCURVE('',#73,#13275);
#13275 = DEFINITIONAL_REPRESENTATION('',(#13276),#13280);
#13276 = LINE('',#13277,#13278);
#13277 = CARTESIAN_POINT('',(7.483945264102,0.));
#13278 = VECTOR('',#13279,1.);
#13279 = DIRECTION('',(0.,1.));
#13280 = ( GEOMETRIC_REPRESENTATION_CONTEXT(2) 
PARAMETRIC_REPRESENTATION_CONTEXT() REPRESENTATION_CONTEXT('2D SPACE',''
  ) );
#13281 = ORIENTED_EDGE('',*,*,#3253,.T.);
#13282 = ORIENTED_EDGE('',*,*,#3378,.T.);
#13283 = ORIENTED_EDGE('',*,*,#13262,.T.);
#13284 = ADVANCED_FACE('',(#13285),#44,.T.);
#13285 = FACE_BOUND('',#13286,.T.);
#13286 = EDGE_LOOP('',(#13287,#13288,#13289,#13290,#13291,#13292));
#13287 = ORIENTED_EDGE('',*,*,#107,.T.);
#13288 = ORIENTED_EDGE('',*,*,#13190,.T.);
#13289 = ORIENTED_EDGE('',*,*,#21,.T.);
#13290 = ORIENTED_EDGE('',*,*,#973,.T.);
#13291 = ORIENTED_EDGE('',*,*,#1149,.F.);
#13292 = ORIENTED_EDGE('',*,*,#3825,.F.);
#13293 = ( GEOMETRIC_REPRESENTATION_CONTEXT(3) 
GLOBAL_UNCERTAINTY_ASSIGNED_CONTEXT((#13297)) 
GLOBAL_UNIT_ASSIGNED_CONTEXT((#13294,#13295,#13296)) 
REPRESENTATION_CONTEXT('Context #1',
  '3D Context with UNIT and UNCERTAINTY') );
#13294 = ( LENGTH_UNIT() NAMED_UNIT(*) SI_UNIT(.MILLI.,.METRE.) );
#13295 = ( NAMED_UNIT(*) PLANE_ANGLE_UNIT() SI_UNIT($,.RADIAN.) );
#13296 = ( NAMED_UNIT(*) SI_UNIT($,.STERADIAN.) SOLID_ANGLE_UNIT() );
#13297 = UNCERTAINTY_MEASURE_WITH_UNIT(LENGTH_MEASURE(1.E-04),#13294,
  'distance_accuracy_value','confusion accuracy');
#13298 = PRODUCT_RELATED_PRODUCT_CATEGORY('part',$,(#7));
ENDSEC;
END-ISO-10303-21;
